invoice_no,stock_code,description,quantity,invoice_date,unit_price,customer_id,country,non_product_category
536370,POST,POSTAGE,3,2010-12-01 08:45:00,18.0,12583,France,shipping
536403,POST,POSTAGE,1,2010-12-01 11:27:00,15.0,12791,Netherlands,shipping
536527,POST,POSTAGE,1,2010-12-01 13:04:00,18.0,12662,Germany,shipping
536540,C2,CARRIAGE,1,2010-12-01 14:05:00,50.0,14911,EIRE,shipping
536544,DOT,DOTCOM POSTAGE,1,2010-12-01 14:32:00,569.77,,United Kingdom,shipping
536569,M,MANUAL,1,2010-12-01 15:35:00,1.25,16274,United Kingdom,adjustment
536569,M,MANUAL,1,2010-12-01 15:35:00,18.95,16274,United Kingdom,adjustment
536592,DOT,DOTCOM POSTAGE,1,2010-12-01 17:06:00,607.49,,United Kingdom,shipping
536779,BANK CHARGES,BANK CHARGES,1,2010-12-02 15:08:00,15.0,15823,United Kingdom,fee
536840,POST,POSTAGE,1,2010-12-02 18:27:00,18.0,12738,Germany,shipping
536852,POST,POSTAGE,1,2010-12-03 09:51:00,18.0,12686,France,shipping
536858,POST,POSTAGE,2,2010-12-03 10:36:00,40.0,13520,Switzerland,shipping
536861,POST,POSTAGE,3,2010-12-03 10:44:00,18.0,12427,Germany,shipping
536862,DOT,DOTCOM POSTAGE,1,2010-12-03 11:13:00,254.43,,United Kingdom,shipping
536864,DOT,DOTCOM POSTAGE,1,2010-12-03 11:27:00,121.06,,United Kingdom,shipping
536865,M,MANUAL,1,2010-12-03 11:28:00,2.55,,United Kingdom,adjustment
536865,DOT,DOTCOM POSTAGE,1,2010-12-03 11:28:00,498.47,,United Kingdom,shipping
536876,DOT,DOTCOM POSTAGE,1,2010-12-03 11:36:00,887.52,,United Kingdom,shipping
536967,POST,POSTAGE,1,2010-12-03 12:57:00,18.0,12600,Germany,shipping
536974,POST,POSTAGE,2,2010-12-03 13:59:00,18.0,12682,France,shipping
536981,M,MANUAL,2,2010-12-03 14:26:00,0.85,14723,United Kingdom,adjustment
536983,POST,POSTAGE,1,2010-12-03 14:30:00,18.0,12712,Germany,shipping
536990,POST,POSTAGE,1,2010-12-03 15:14:00,28.0,12793,Portugal,shipping
537022,POST,POSTAGE,2,2010-12-03 15:45:00,28.0,12725,Italy,shipping
537026,POST,POSTAGE,2,2010-12-03 16:35:00,18.0,12395,Belgium,shipping
537065,POST,POSTAGE,9,2010-12-05 11:57:00,18.0,12567,France,shipping
537077,M,MANUAL,12,2010-12-05 11:59:00,0.42,17062,United Kingdom,adjustment
537137,M,MANUAL,36,2010-12-05 12:43:00,0.85,16327,United Kingdom,adjustment
537140,M,MANUAL,1,2010-12-05 12:53:00,0.42,12748,United Kingdom,adjustment
537140,M,MANUAL,1,2010-12-05 12:53:00,0.85,12748,United Kingdom,adjustment
537197,POST,POSTAGE,3,2010-12-05 14:02:00,18.0,12647,Germany,shipping
537198,POST,POSTAGE,1,2010-12-05 14:03:00,18.0,12647,Germany,shipping
537199,M,MANUAL,1,2010-12-05 14:06:00,0.65,15894,United Kingdom,adjustment
537201,POST,POSTAGE,6,2010-12-05 14:19:00,18.0,12472,Germany,shipping
537208,M,MANUAL,4,2010-12-05 15:12:00,0.85,15889,United Kingdom,adjustment
537212,POST,POSTAGE,4,2010-12-05 15:21:00,18.0,12720,Germany,shipping
537225,M,MANUAL,1,2010-12-05 16:41:00,1.0,12748,United Kingdom,adjustment
537237,DOT,DOTCOM POSTAGE,1,2010-12-06 09:58:00,863.74,,United Kingdom,shipping
537240,DOT,DOTCOM POSTAGE,1,2010-12-06 10:08:00,940.87,,United Kingdom,shipping
537246,POST,POSTAGE,1,2010-12-06 10:27:00,28.0,12808,Portugal,shipping
537250,POST,POSTAGE,1,2010-12-06 10:43:00,18.0,12708,Germany,shipping
537368,C2,CARRIAGE,1,2010-12-06 12:40:00,50.0,14911,EIRE,shipping
537377,M,MANUAL,12,2010-12-06 13:01:00,0.19,15882,United Kingdom,adjustment
537378,C2,CARRIAGE,1,2010-12-06 13:06:00,50.0,14911,EIRE,shipping
537392,M,MANUAL,5,2010-12-06 13:58:00,1.25,17068,United Kingdom,adjustment
537396,M,MANUAL,1,2010-12-06 14:08:00,35.0,17223,United Kingdom,adjustment
537434,DOT,DOTCOM POSTAGE,1,2010-12-06 16:57:00,950.99,,United Kingdom,shipping
537435,M,MANUAL,2,2010-12-06 16:58:00,5.95,17920,United Kingdom,adjustment
537463,POST,POSTAGE,4,2010-12-07 10:08:00,18.0,12681,France,shipping
537468,POST,POSTAGE,3,2010-12-07 10:36:00,18.0,12567,France,shipping
537534,M,MANUAL,1,2010-12-07 11:48:00,924.59,,United Kingdom,adjustment
537594,POST,POSTAGE,5,2010-12-07 12:28:00,18.0,12647,Germany,shipping
537632,AMAZONFEE,AMAZON FEE,1,2010-12-07 15:08:00,13541.33,,United Kingdom,fee
537638,DOT,DOTCOM POSTAGE,1,2010-12-07 15:28:00,836.14,,United Kingdom,shipping
537641,DOT,DOTCOM POSTAGE,1,2010-12-07 15:32:00,229.74,,United Kingdom,shipping
537642,DOT,DOTCOM POSTAGE,1,2010-12-07 15:33:00,448.0,,United Kingdom,shipping
537643,DOT,DOTCOM POSTAGE,1,2010-12-07 15:34:00,593.15,,United Kingdom,shipping
537645,DOT,DOTCOM POSTAGE,1,2010-12-07 15:34:00,607.96,,United Kingdom,shipping
537666,DOT,DOTCOM POSTAGE,1,2010-12-07 18:36:00,701.95,,United Kingdom,shipping
537673,POST,POSTAGE,7,2010-12-08 09:49:00,18.0,12709,Germany,shipping
537693,POST,POSTAGE,1,2010-12-08 10:45:00,18.0,12441,France,shipping
537800,M,MANUAL,12,2010-12-08 13:08:00,0.19,12748,United Kingdom,adjustment
537804,M,MANUAL,12,2010-12-08 13:17:00,2.95,12748,United Kingdom,adjustment
537804,M,MANUAL,12,2010-12-08 13:17:00,0.19,12748,United Kingdom,adjustment
537818,POST,POSTAGE,6,2010-12-08 13:53:00,28.0,12766,Portugal,shipping
537823,DOT,DOTCOM POSTAGE,1,2010-12-08 14:25:00,729.42,,United Kingdom,shipping
537892,POST,POSTAGE,1,2010-12-09 10:13:00,18.0,12481,Germany,shipping
537894,POST,POSTAGE,2,2010-12-09 10:16:00,18.0,12621,Germany,shipping
537897,POST,POSTAGE,1,2010-12-09 10:37:00,18.0,12683,France,shipping
537915,POST,POSTAGE,1,2010-12-09 10:55:00,28.0,12797,Portugal,shipping
537963,C2,CARRIAGE,1,2010-12-09 11:30:00,50.0,13369,United Kingdom,shipping
537967,POST,POSTAGE,1,2010-12-09 11:31:00,18.0,12494,France,shipping
537995,POST,POSTAGE,2,2010-12-09 11:39:00,18.0,12712,Germany,shipping
538002,C2,CARRIAGE,1,2010-12-09 11:48:00,50.0,14932,Channel Islands,shipping
538003,POST,POSTAGE,8,2010-12-09 12:05:00,18.0,12429,Denmark,shipping
538008,POST,POSTAGE,5,2010-12-09 12:17:00,18.0,12683,France,shipping
538071,DOT,DOTCOM POSTAGE,1,2010-12-09 14:09:00,885.94,,United Kingdom,shipping
538093,POST,POSTAGE,5,2010-12-09 14:49:00,18.0,12682,France,shipping
538147,M,MANUAL,1,2010-12-09 16:11:00,15.0,13090,United Kingdom,adjustment
538148,DOT,DOTCOM POSTAGE,1,2010-12-09 16:26:00,547.32,,United Kingdom,shipping
538149,DOT,DOTCOM POSTAGE,1,2010-12-09 16:27:00,620.68,,United Kingdom,shipping
538153,DOT,DOTCOM POSTAGE,1,2010-12-09 16:31:00,822.94,,United Kingdom,shipping
538154,DOT,DOTCOM POSTAGE,1,2010-12-09 16:35:00,85.79,,United Kingdom,shipping
538175,POST,POSTAGE,21,2010-12-10 09:48:00,18.0,12471,Germany,shipping
538177,DOT,DOTCOM POSTAGE,1,2010-12-10 09:51:00,847.42,,United Kingdom,shipping
538196,POST,POSTAGE,8,2010-12-10 10:56:00,18.0,12731,France,shipping
538311,POST,POSTAGE,2,2010-12-10 13:48:00,28.0,12785,Portugal,shipping
538349,DOT,DOTCOM POSTAGE,1,2010-12-10 14:59:00,907.47,,United Kingdom,shipping
538524,DOT,DOTCOM POSTAGE,1,2010-12-13 09:35:00,641.86,,United Kingdom,shipping
538525,POST,POSTAGE,5,2010-12-13 09:39:00,28.0,12540,Spain,shipping
538566,DOT,DOTCOM POSTAGE,1,2010-12-13 11:21:00,584.59,,United Kingdom,shipping
538597,M,MANUAL,1,2010-12-13 12:26:00,1.25,15555,United Kingdom,adjustment
538685,POST,POSTAGE,1,2010-12-14 09:39:00,15.0,15694,United Kingdom,shipping
538707,M,MANUAL,2,2010-12-14 10:38:00,0.21,17894,United Kingdom,adjustment
538807,M,MANUAL,4,2010-12-14 12:06:00,0.21,17194,United Kingdom,adjustment
538807,M,MANUAL,1,2010-12-14 12:06:00,20.0,17194,United Kingdom,adjustment
538807,M,MANUAL,1,2010-12-14 12:06:00,5.0,17194,United Kingdom,adjustment
538880,DOT,DOTCOM POSTAGE,1,2010-12-14 15:52:00,113.45,,United Kingdom,shipping
538881,DOT,DOTCOM POSTAGE,1,2010-12-14 15:54:00,198.17,,United Kingdom,shipping
538883,DOT,DOTCOM POSTAGE,1,2010-12-14 15:56:00,340.72,,United Kingdom,shipping
538884,DOT,DOTCOM POSTAGE,1,2010-12-14 15:56:00,146.85,,United Kingdom,shipping
539014,M,MANUAL,48,2010-12-15 13:37:00,0.32,17692,United Kingdom,adjustment
539056,M,MANUAL,1,2010-12-15 16:38:00,1.45,16725,United Kingdom,adjustment
539317,M,MANUAL,2,2010-12-16 19:04:00,3.0,17392,United Kingdom,adjustment
539318,POST,POSTAGE,6,2010-12-16 19:09:00,40.0,12348,Finland,shipping
539327,POST,POSTAGE,1,2010-12-17 09:24:00,18.0,12600,Germany,shipping
539330,POST,POSTAGE,3,2010-12-17 09:38:00,40.0,12370,Austria,shipping
539337,C2,CARRIAGE,1,2010-12-17 10:46:00,50.0,,EIRE,shipping
539353,POST,POSTAGE,3,2010-12-17 11:30:00,28.0,12782,Portugal,shipping
539391,POST,POSTAGE,2,2010-12-17 11:51:00,15.0,12417,Belgium,shipping
539395,POST,POSTAGE,11,2010-12-17 11:52:00,18.0,12471,Germany,shipping
539403,POST,POSTAGE,2,2010-12-17 12:21:00,18.0,12647,Germany,shipping
539405,POST,POSTAGE,6,2010-12-17 12:38:00,18.0,12621,Germany,shipping
539407,POST,POSTAGE,1,2010-12-17 12:56:00,18.0,12726,France,shipping
539408,POST,POSTAGE,3,2010-12-17 12:56:00,18.0,12720,Germany,shipping
539421,C2,CARRIAGE,1,2010-12-17 14:21:00,50.0,14016,EIRE,shipping
539434,DOT,DOTCOM POSTAGE,1,2010-12-17 14:41:00,510.79,,United Kingdom,shipping
539435,POST,POSTAGE,1,2010-12-17 14:46:00,18.0,12691,France,shipping
539436,DOT,DOTCOM POSTAGE,1,2010-12-17 14:49:00,565.37,,United Kingdom,shipping
539437,DOT,DOTCOM POSTAGE,1,2010-12-17 14:54:00,803.55,,United Kingdom,shipping
539446,POST,POSTAGE,9,2010-12-17 15:58:00,18.0,12705,Germany,shipping
539447,POST,POSTAGE,3,2010-12-17 16:00:00,18.0,12395,Belgium,shipping
539451,DOT,DOTCOM POSTAGE,1,2010-12-17 16:59:00,662.14,,United Kingdom,shipping
539453,DOT,DOTCOM POSTAGE,1,2010-12-17 17:08:00,603.62,,United Kingdom,shipping
539457,M,MANUAL,2,2010-12-17 17:24:00,1.0,,United Kingdom,adjustment
539466,POST,POSTAGE,4,2010-12-19 12:46:00,18.0,12668,Germany,shipping
539473,C2,CARRIAGE,1,2010-12-19 14:24:00,50.0,14911,EIRE,shipping
539491,POST,POSTAGE,1,2010-12-20 10:09:00,15.0,14646,Netherlands,shipping
539492,GIFT_0001_40,DOTCOMGIFTSHOP GIFT VOUCHER £40.00,1,2010-12-20 10:14:00,34.04,,United Kingdom,non_merchandise
539492,DOT,DOTCOM POSTAGE,1,2010-12-20 10:14:00,396.81,,United Kingdom,shipping
539551,POST,POSTAGE,1,2010-12-20 11:38:00,18.0,12721,France,shipping
539595,DOT,DOTCOM POSTAGE,1,2010-12-20 13:43:00,350.78,,United Kingdom,shipping
539607,POST,POSTAGE,5,2010-12-20 14:10:00,18.0,12681,France,shipping
539631,DOT,DOTCOM POSTAGE,1,2010-12-20 15:03:00,250.83,,United Kingdom,shipping
539636,POST,POSTAGE,6,2010-12-20 15:15:00,18.0,12481,Germany,shipping
539651,M,MANUAL,1,2010-12-20 16:19:00,22.0,,United Kingdom,adjustment
539676,POST,POSTAGE,3,2010-12-21 10:54:00,15.0,12423,Belgium,shipping
539688,C2,CARRIAGE,1,2010-12-21 11:00:00,150.0,12678,France,shipping
539708,DOT,DOTCOM POSTAGE,1,2010-12-21 12:18:00,182.37,,United Kingdom,shipping
539718,DOT,DOTCOM POSTAGE,1,2010-12-21 13:06:00,112.37,,United Kingdom,shipping
539727,POST,POSTAGE,1,2010-12-21 14:26:00,18.0,12678,France,shipping
539735,DOT,DOTCOM POSTAGE,1,2010-12-21 15:17:00,164.55,,United Kingdom,shipping
539736,M,MANUAL,1,2010-12-21 15:18:00,2.55,,United Kingdom,adjustment
539736,DOT,DOTCOM POSTAGE,1,2010-12-21 15:18:00,337.23,,United Kingdom,shipping
539737,DOT,DOTCOM POSTAGE,1,2010-12-21 15:19:00,514.0,,United Kingdom,shipping
539738,DOT,DOTCOM POSTAGE,1,2010-12-21 15:19:00,549.79,,United Kingdom,shipping
539739,DOT,DOTCOM POSTAGE,1,2010-12-21 15:19:00,324.43,,United Kingdom,shipping
539740,DOT,DOTCOM POSTAGE,1,2010-12-21 15:20:00,311.66,,United Kingdom,shipping
539741,DOT,DOTCOM POSTAGE,1,2010-12-21 15:20:00,128.6,,United Kingdom,shipping
539742,DOT,DOTCOM POSTAGE,1,2010-12-21 15:20:00,114.34,,United Kingdom,shipping
539743,DOT,DOTCOM POSTAGE,1,2010-12-21 15:20:00,103.57,,United Kingdom,shipping
539744,DOT,DOTCOM POSTAGE,1,2010-12-21 15:21:00,189.57,,United Kingdom,shipping
539745,DOT,DOTCOM POSTAGE,1,2010-12-21 15:21:00,152.68,,United Kingdom,shipping
539746,DOT,DOTCOM POSTAGE,1,2010-12-21 15:22:00,50.6,,United Kingdom,shipping
539747,DOT,DOTCOM POSTAGE,1,2010-12-21 15:23:00,50.64,,United Kingdom,shipping
539748,DOT,DOTCOM POSTAGE,1,2010-12-21 15:23:00,29.53,,United Kingdom,shipping
539752,POST,POSTAGE,3,2010-12-21 15:43:00,35.0,12515,Italy,shipping
539840,POST,POSTAGE,3,2010-12-22 14:28:00,15.0,12383,Belgium,shipping
539856,M,MANUAL,1,2010-12-22 14:41:00,1298.4,,United Kingdom,adjustment
539946,POST,POSTAGE,1,2010-12-23 11:46:00,18.0,13817,Germany,shipping
539957,POST,POSTAGE,6,2010-12-23 12:58:00,18.0,12585,Germany,shipping
539958,GIFT_0001_50,DOTCOMGIFTSHOP GIFT VOUCHER £50.00,1,2010-12-23 13:26:00,42.55,,United Kingdom,non_merchandise
539958,DOT,DOTCOM POSTAGE,1,2010-12-23 13:26:00,627.47,,United Kingdom,shipping
539984,C2,CARRIAGE,1,2010-12-23 14:58:00,50.0,14911,EIRE,shipping
539988,M,MANUAL,18,2010-12-23 16:06:00,0.2,18116,United Kingdom,adjustment
540021,M,MANUAL,1,2011-01-04 12:51:00,1.25,17841,United Kingdom,adjustment
540026,DOT,DOTCOM POSTAGE,1,2011-01-04 13:25:00,469.7,,United Kingdom,shipping
540040,POST,POSTAGE,5,2011-01-04 14:20:00,40.0,12483,Sweden,shipping
540073,M,MANUAL,6,2011-01-04 14:47:00,1.65,16814,United Kingdom,adjustment
540116,DOT,DOTCOM POSTAGE,1,2011-01-05 09:54:00,2.51,,United Kingdom,shipping
540154,DOT,DOTCOM POSTAGE,1,2011-01-05 11:30:00,192.86,,United Kingdom,shipping
540178,POST,POSTAGE,3,2011-01-05 12:42:00,18.0,12681,France,shipping
540238,GIFT_0001_30,DOTCOMGIFTSHOP GIFT VOUCHER £30.00,1,2011-01-05 14:44:00,25.53,,United Kingdom,non_merchandise
540238,DOT,DOTCOM POSTAGE,1,2011-01-05 14:44:00,109.19,,United Kingdom,shipping
540238,GIFT_0001_20,DOTCOMGIFTSHOP GIFT VOUCHER £20.00,1,2011-01-05 14:44:00,17.02,,United Kingdom,non_merchandise
540239,POST,POSTAGE,4,2011-01-05 14:48:00,18.0,12682,France,shipping
540242,M,MANUAL,1,2011-01-05 15:30:00,18.95,15046,United Kingdom,adjustment
540255,DOT,DOTCOM POSTAGE,1,2011-01-05 16:50:00,219.24,,United Kingdom,shipping
540278,M,MANUAL,1,2011-01-06 12:31:00,1.65,15719,United Kingdom,adjustment
540351,POST,POSTAGE,2,2011-01-06 14:26:00,18.0,12735,France,shipping
540352,DOT,DOTCOM POSTAGE,1,2011-01-06 14:27:00,306.35,,United Kingdom,shipping
540365,POST,POSTAGE,3,2011-01-06 16:12:00,18.0,12413,France,shipping
540410,POST,POSTAGE,3,2011-01-07 10:04:00,18.0,12530,Germany,shipping
540414,POST,POSTAGE,3,2011-01-07 10:32:00,18.0,12481,Germany,shipping
540418,DOT,DOTCOM POSTAGE,1,2011-01-07 11:04:00,369.95,,United Kingdom,shipping
540455,POST,POSTAGE,3,2011-01-07 12:07:00,18.0,12583,France,shipping
540458,POST,POSTAGE,8,2011-01-07 12:28:00,18.0,12501,Germany,shipping
540463,POST,POSTAGE,2,2011-01-07 13:13:00,18.0,12489,France,shipping
540468,DOT,DOTCOM POSTAGE,1,2011-01-07 13:55:00,278.97,,United Kingdom,shipping
540469,POST,POSTAGE,4,2011-01-07 14:04:00,28.0,12484,Spain,shipping
540480,POST,POSTAGE,4,2011-01-07 15:27:00,18.0,12480,Germany,shipping
540519,POST,POSTAGE,2,2011-01-09 12:12:00,28.0,12793,Portugal,shipping
540546,POST,POSTAGE,3,2011-01-09 15:56:00,28.0,12766,Portugal,shipping
540547,C2,CARRIAGE,1,2011-01-09 16:07:00,50.0,14911,EIRE,shipping
540551,DOT,DOTCOM POSTAGE,1,2011-01-10 09:43:00,557.0,,United Kingdom,shipping
540553,POST,POSTAGE,1,2011-01-10 09:48:00,18.0,12500,Germany,shipping
540562,POST,POSTAGE,3,2011-01-10 10:35:00,18.0,12524,Germany,shipping
540566,M,MANUAL,1,2011-01-10 10:58:00,6.7,17811,United Kingdom,adjustment
540642,POST,POSTAGE,7,2011-01-10 13:22:00,18.0,12681,France,shipping
540646,DOT,DOTCOM POSTAGE,1,2011-01-10 14:32:00,262.73,,United Kingdom,shipping
540681,DOT,DOTCOM POSTAGE,1,2011-01-10 16:25:00,223.35,,United Kingdom,shipping
540688,POST,POSTAGE,5,2011-01-11 07:57:00,18.0,12736,France,shipping
540769,POST,POSTAGE,1,2011-01-11 10:38:00,18.0,12601,Germany,shipping
540789,POST,POSTAGE,2,2011-01-11 11:48:00,18.0,12643,France,shipping
540801,POST,POSTAGE,6,2011-01-11 12:25:00,28.0,12540,Spain,shipping
540821,DOT,DOTCOM POSTAGE,1,2011-01-11 13:16:00,394.83,,United Kingdom,shipping
540824,POST,POSTAGE,2,2011-01-11 13:31:00,18.0,12728,France,shipping
540835,POST,POSTAGE,1,2011-01-11 15:00:00,18.0,12724,France,shipping
540839,M,MANUAL,1,2011-01-11 15:42:00,12.75,16791,United Kingdom,adjustment
540848,DOT,DOTCOM POSTAGE,1,2011-01-12 09:26:00,491.93,,United Kingdom,shipping
540900,POST,POSTAGE,2,2011-01-12 11:46:00,18.0,12712,Germany,shipping
540971,POST,POSTAGE,4,2011-01-12 14:10:00,15.0,12383,Belgium,shipping
540972,POST,POSTAGE,3,2011-01-12 14:13:00,18.0,12437,France,shipping
540976,POST,POSTAGE,7,2011-01-12 15:00:00,18.0,12652,France,shipping
540977,DOT,DOTCOM POSTAGE,1,2011-01-12 15:01:00,478.1,,United Kingdom,shipping
540995,GIFT_0001_20,DOTCOMGIFTSHOP GIFT VOUCHER £20.00,1,2011-01-13 09:30:00,16.67,,United Kingdom,non_merchandise
540995,DOT,DOTCOM POSTAGE,1,2011-01-13 09:30:00,404.49,,United Kingdom,shipping
541093,POST,POSTAGE,5,2011-01-13 13:21:00,18.0,12471,Germany,shipping
541104,DOT,DOTCOM POSTAGE,1,2011-01-13 14:29:00,323.98,,United Kingdom,shipping
541115,POST,POSTAGE,7,2011-01-13 15:34:00,28.0,12578,Italy,shipping
541120,POST,POSTAGE,5,2011-01-14 09:13:00,18.0,12490,France,shipping
541122,POST,POSTAGE,2,2011-01-14 09:23:00,18.0,12708,Germany,shipping
541125,POST,POSTAGE,1,2011-01-14 10:06:00,18.0,12474,Germany,shipping
541127,DOT,DOTCOM POSTAGE,1,2011-01-14 10:11:00,50.96,,United Kingdom,shipping
541128,DOT,DOTCOM POSTAGE,1,2011-01-14 10:12:00,60.79,,United Kingdom,shipping
541129,DOT,DOTCOM POSTAGE,1,2011-01-14 10:14:00,81.42,,United Kingdom,shipping
541130,DOT,DOTCOM POSTAGE,1,2011-01-14 10:15:00,138.0,,United Kingdom,shipping
541131,DOT,DOTCOM POSTAGE,1,2011-01-14 10:16:00,156.21,,United Kingdom,shipping
541132,DOT,DOTCOM POSTAGE,1,2011-01-14 10:17:00,127.54,,United Kingdom,shipping
541133,M,MANUAL,1,2011-01-14 10:17:00,2.5,,United Kingdom,adjustment
541133,DOT,DOTCOM POSTAGE,1,2011-01-14 10:17:00,120.88,,United Kingdom,shipping
541138,POST,POSTAGE,6,2011-01-14 10:42:00,18.0,12553,France,shipping
541219,DOT,DOTCOM POSTAGE,1,2011-01-14 14:06:00,391.32,,United Kingdom,shipping
541224,POST,POSTAGE,1,2011-01-14 14:45:00,18.0,12474,Germany,shipping
541265,M,MANUAL,2,2011-01-16 16:23:00,1.25,17609,United Kingdom,adjustment
541269,POST,POSTAGE,8,2011-01-17 11:01:00,18.0,12626,Germany,shipping
541405,POST,POSTAGE,5,2011-01-17 15:17:00,18.0,12683,France,shipping
541421,DOT,DOTCOM POSTAGE,1,2011-01-17 17:44:00,449.52,,United Kingdom,shipping
541422,DOT,DOTCOM POSTAGE,1,2011-01-17 17:48:00,295.2,,United Kingdom,shipping
541423,DOT,DOTCOM POSTAGE,1,2011-01-17 17:54:00,235.48,,United Kingdom,shipping
541424,DOT,DOTCOM POSTAGE,1,2011-01-17 17:57:00,301.84,,United Kingdom,shipping
541430,POST,POSTAGE,18,2011-01-18 09:50:00,18.0,12356,Portugal,shipping
541434,C2,CARRIAGE,1,2011-01-18 10:22:00,50.0,14911,EIRE,shipping
541480,POST,POSTAGE,1,2011-01-18 12:05:00,18.0,12527,Germany,shipping
541485,M,MANUAL,12,2011-01-18 13:05:00,0.2,18118,United Kingdom,adjustment
541491,POST,POSTAGE,3,2011-01-18 14:04:00,28.0,12510,Spain,shipping
541495,DOT,DOTCOM POSTAGE,1,2011-01-18 14:59:00,116.71,,United Kingdom,shipping
541496,DOT,DOTCOM POSTAGE,1,2011-01-18 15:00:00,101.0,,United Kingdom,shipping
541497,DOT,DOTCOM POSTAGE,1,2011-01-18 15:19:00,243.21,,United Kingdom,shipping
541505,BANK CHARGES,BANK CHARGES,1,2011-01-18 15:58:00,15.0,15939,United Kingdom,fee
541506,DOT,DOTCOM POSTAGE,1,2011-01-18 16:05:00,118.33,,United Kingdom,shipping
541507,DOT,DOTCOM POSTAGE,1,2011-01-18 16:05:00,72.33,,United Kingdom,shipping
541508,DOT,DOTCOM POSTAGE,1,2011-01-18 16:06:00,152.92,,United Kingdom,shipping
541516,DOT,DOTCOM POSTAGE,1,2011-01-18 17:34:00,285.3,,United Kingdom,shipping
541517,POST,POSTAGE,1,2011-01-19 08:34:00,18.0,12665,Germany,shipping
541564,M,MANUAL,10,2011-01-19 11:38:00,0.38,16904,United Kingdom,adjustment
541567,POST,POSTAGE,3,2011-01-19 11:51:00,18.0,12681,France,shipping
541569,POST,POSTAGE,3,2011-01-19 12:14:00,40.0,13520,Switzerland,shipping
541584,DOT,DOTCOM POSTAGE,1,2011-01-19 14:12:00,118.25,,United Kingdom,shipping
541592,DOT,DOTCOM POSTAGE,1,2011-01-19 15:08:00,470.12,,United Kingdom,shipping
541607,POST,POSTAGE,1,2011-01-20 09:53:00,29.43,,United Kingdom,shipping
541631,POST,POSTAGE,6,2011-01-20 10:48:00,18.0,12637,France,shipping
541658,M,MANUAL,1,2011-01-20 12:16:00,2.55,15529,United Kingdom,adjustment
541675,POST,POSTAGE,2,2011-01-20 13:49:00,15.0,12402,Belgium,shipping
541695,DOT,DOTCOM POSTAGE,1,2011-01-20 18:01:00,334.16,,United Kingdom,shipping
541696,DOT,DOTCOM POSTAGE,1,2011-01-20 18:08:00,307.85,,United Kingdom,shipping
541703,POST,POSTAGE,2,2011-01-21 09:52:00,28.0,12594,Italy,shipping
541756,POST,POSTAGE,2,2011-01-21 11:42:00,40.0,12664,Finland,shipping
541808,M,MANUAL,1,2011-01-21 14:51:00,10.0,16210,United Kingdom,adjustment
541810,DOT,DOTCOM POSTAGE,1,2011-01-21 15:00:00,157.08,,United Kingdom,shipping
541811,DOT,DOTCOM POSTAGE,1,2011-01-21 15:01:00,171.04,,United Kingdom,shipping
541827,DOT,DOTCOM POSTAGE,1,2011-01-21 17:05:00,403.81,,United Kingdom,shipping
541830,DOT,DOTCOM POSTAGE,1,2011-01-21 17:09:00,214.42,,United Kingdom,shipping
541857,POST,POSTAGE,6,2011-01-23 15:17:00,18.0,12727,France,shipping
541869,DOT,DOTCOM POSTAGE,1,2011-01-24 09:35:00,144.45,,United Kingdom,shipping
541870,DOT,DOTCOM POSTAGE,1,2011-01-24 09:39:00,105.71,,United Kingdom,shipping
541871,DOT,DOTCOM POSTAGE,1,2011-01-24 09:41:00,127.09,,United Kingdom,shipping
541877,POST,POSTAGE,2,2011-01-24 10:12:00,18.0,12559,Germany,shipping
541878,DOT,DOTCOM POSTAGE,1,2011-01-24 10:28:00,161.08,,United Kingdom,shipping
541879,DOT,DOTCOM POSTAGE,1,2011-01-24 10:31:00,80.46,,United Kingdom,shipping
541962,POST,POSTAGE,2,2011-01-24 12:58:00,18.0,12693,Germany,shipping
541965,POST,POSTAGE,7,2011-01-24 13:27:00,18.0,12625,Germany,shipping
541969,DOT,DOTCOM POSTAGE,1,2011-01-24 13:46:00,163.67,,United Kingdom,shipping
541971,DOT,DOTCOM POSTAGE,1,2011-01-24 13:48:00,124.16,,United Kingdom,shipping
541979,C2,CARRIAGE,1,2011-01-24 14:54:00,50.0,14911,EIRE,shipping
541980,POST,POSTAGE,1,2011-01-24 15:09:00,28.0,12421,Spain,shipping
541983,M,MANUAL,1,2011-01-24 15:47:00,15.0,15797,United Kingdom,adjustment
541991,POST,POSTAGE,2,2011-01-25 09:11:00,15.0,12417,Belgium,shipping
541993,DOT,DOTCOM POSTAGE,1,2011-01-25 09:37:00,150.25,,United Kingdom,shipping
541998,POST,POSTAGE,1,2011-01-25 10:42:00,40.0,12348,Finland,shipping
541999,DOT,DOTCOM POSTAGE,1,2011-01-25 10:45:00,216.11,,United Kingdom,shipping
542080,POST,POSTAGE,5,2011-01-25 12:16:00,18.0,13815,Germany,shipping
542115,DOT,DOTCOM POSTAGE,1,2011-01-25 14:01:00,247.54,,United Kingdom,shipping
542128,POST,POSTAGE,2,2011-01-25 15:13:00,18.0,12609,Germany,shipping
542132,POST,POSTAGE,2,2011-01-25 15:59:00,18.0,12691,France,shipping
542147,POST,POSTAGE,4,2011-01-26 10:02:00,28.0,12782,Portugal,shipping
542215,POST,POSTAGE,3,2011-01-26 12:27:00,18.0,12472,Germany,shipping
542229,POST,POSTAGE,1,2011-01-26 13:38:00,18.0,12474,Germany,shipping
542238,POST,POSTAGE,3,2011-01-26 14:35:00,28.0,12591,Italy,shipping
542252,DOT,DOTCOM POSTAGE,1,2011-01-26 16:01:00,200.38,,United Kingdom,shipping
542255,DOT,DOTCOM POSTAGE,1,2011-01-26 16:43:00,246.37,,United Kingdom,shipping
542278,C2,CARRIAGE,1,2011-01-27 10:43:00,50.0,14911,EIRE,shipping
542344,DOT,DOTCOM POSTAGE,1,2011-01-27 11:30:00,200.33,,United Kingdom,shipping
542369,POST,POSTAGE,1,2011-01-27 13:08:00,18.0,12645,Germany,shipping
542371,POST,POSTAGE,2,2011-01-27 13:29:00,18.0,12468,Germany,shipping
542375,POST,POSTAGE,2,2011-01-27 13:42:00,18.0,12626,Germany,shipping
542398,M,MANUAL,1,2011-01-27 15:36:00,4.0,13174,United Kingdom,adjustment
542425,POST,POSTAGE,2,2011-01-28 09:20:00,18.0,12574,France,shipping
542433,POST,POSTAGE,2,2011-01-28 10:45:00,18.0,12726,France,shipping
542535,POST,POSTAGE,3,2011-01-28 13:37:00,18.0,12735,France,shipping
542541,DOT,DOTCOM POSTAGE,1,2011-01-28 14:25:00,223.89,,United Kingdom,shipping
542586,POST,POSTAGE,2,2011-01-28 15:45:00,40.0,12377,Switzerland,shipping
542621,POST,POSTAGE,3,2011-01-31 09:05:00,18.0,12528,Germany,shipping
542622,DOT,DOTCOM POSTAGE,1,2011-01-31 09:09:00,230.61,,United Kingdom,shipping
542624,DOT,DOTCOM POSTAGE,1,2011-01-31 09:48:00,188.88,,United Kingdom,shipping
542625,DOT,DOTCOM POSTAGE,1,2011-01-31 09:50:00,192.21,,United Kingdom,shipping
542626,POST,POSTAGE,2,2011-01-31 09:51:00,18.0,12720,Germany,shipping
542648,POST,POSTAGE,5,2011-01-31 11:46:00,18.0,12476,Germany,shipping
542664,DOT,DOTCOM POSTAGE,1,2011-01-31 12:14:00,157.76,,United Kingdom,shipping
542713,POST,POSTAGE,7,2011-01-31 13:27:00,18.0,12668,Germany,shipping
542717,M,MANUAL,1,2011-01-31 14:07:00,2.95,17580,United Kingdom,adjustment
542720,POST,POSTAGE,1,2011-01-31 14:35:00,15.0,12778,Netherlands,shipping
542735,POST,POSTAGE,3,2011-01-31 15:36:00,18.0,12681,France,shipping
542782,POST,POSTAGE,2,2011-02-01 10:00:00,18.0,12712,Germany,shipping
542794,DOT,DOTCOM POSTAGE,1,2011-02-01 10:56:00,86.77,,United Kingdom,shipping
542887,POST,POSTAGE,1,2011-02-01 13:10:00,40.0,12373,Austria,shipping
542894,POST,POSTAGE,2,2011-02-01 13:45:00,15.0,12775,Netherlands,shipping
542904,POST,POSTAGE,3,2011-02-01 14:58:00,18.0,12682,France,shipping
542905,POST,POSTAGE,1,2011-02-01 15:11:00,28.0,12540,Spain,shipping
542906,DOT,DOTCOM POSTAGE,1,2011-02-01 15:12:00,189.59,,United Kingdom,shipping
542911,POST,POSTAGE,1,2011-02-01 15:41:00,40.0,12676,Sweden,shipping
542922,POST,POSTAGE,2,2011-02-02 09:06:00,18.0,12682,France,shipping
542997,DOT,DOTCOM POSTAGE,1,2011-02-02 12:16:00,108.75,,United Kingdom,shipping
542998,DOT,DOTCOM POSTAGE,1,2011-02-02 12:16:00,172.42,,United Kingdom,shipping
542999,DOT,DOTCOM POSTAGE,1,2011-02-02 12:16:00,142.29,,United Kingdom,shipping
543000,DOT,DOTCOM POSTAGE,1,2011-02-02 12:17:00,259.75,,United Kingdom,shipping
543013,DOT,DOTCOM POSTAGE,1,2011-02-02 13:35:00,174.12,,United Kingdom,shipping
543017,M,MANUAL,1,2011-02-02 14:17:00,15.0,13199,United Kingdom,adjustment
543027,POST,POSTAGE,1,2011-02-02 14:51:00,40.0,12414,Austria,shipping
543030,POST,POSTAGE,1,2011-02-02 15:22:00,18.0,12437,France,shipping
543037,POST,POSTAGE,1,2011-02-02 16:01:00,40.0,12350,Norway,shipping
543048,POST,POSTAGE,3,2011-02-03 09:58:00,18.0,12600,Germany,shipping
543055,POST,POSTAGE,4,2011-02-03 10:41:00,28.0,12502,Spain,shipping
543056,POST,POSTAGE,6,2011-02-03 10:47:00,18.0,12471,Germany,shipping
543097,DOT,DOTCOM POSTAGE,1,2011-02-03 11:41:00,168.53,,United Kingdom,shipping
543117,POST,POSTAGE,3,2011-02-03 13:30:00,15.0,12464,Belgium,shipping
543121,POST,POSTAGE,2,2011-02-03 13:58:00,18.0,12662,Germany,shipping
543134,M,MANUAL,1,2011-02-03 15:28:00,15.0,15885,United Kingdom,adjustment
543171,DOT,DOTCOM POSTAGE,1,2011-02-04 09:11:00,230.08,,United Kingdom,shipping
543172,DOT,DOTCOM POSTAGE,1,2011-02-04 09:11:00,164.46,,United Kingdom,shipping
543178,C2,CARRIAGE,1,2011-02-04 10:31:00,50.0,14911,EIRE,shipping
543180,POST,POSTAGE,4,2011-02-04 10:38:00,40.0,12410,Switzerland,shipping
543182,DOT,DOTCOM POSTAGE,1,2011-02-04 10:40:00,208.12,,United Kingdom,shipping
543188,POST,POSTAGE,6,2011-02-04 11:45:00,18.0,12567,France,shipping
543200,DOT,DOTCOM POSTAGE,1,2011-02-04 13:03:00,166.92,,United Kingdom,shipping
543201,DOT,DOTCOM POSTAGE,1,2011-02-04 13:03:00,212.04,,United Kingdom,shipping
543345,DOT,DOTCOM POSTAGE,1,2011-02-07 12:29:00,183.09,,United Kingdom,shipping
543358,DOT,DOTCOM POSTAGE,1,2011-02-07 14:04:00,218.26,,United Kingdom,shipping
543387,POST,POSTAGE,10,2011-02-08 09:41:00,15.0,14646,Netherlands,shipping
543399,DOT,DOTCOM POSTAGE,1,2011-02-08 11:07:00,171.42,,United Kingdom,shipping
543450,DOT,DOTCOM POSTAGE,1,2011-02-08 12:12:00,110.13,,United Kingdom,shipping
543451,DOT,DOTCOM POSTAGE,1,2011-02-08 12:13:00,179.29,,United Kingdom,shipping
543459,POST,POSTAGE,2,2011-02-08 13:28:00,18.0,12599,France,shipping
543461,DOT,DOTCOM POSTAGE,1,2011-02-08 13:35:00,153.71,,United Kingdom,shipping
543467,DOT,DOTCOM POSTAGE,1,2011-02-08 14:35:00,234.92,,United Kingdom,shipping
543484,POST,POSTAGE,3,2011-02-09 10:11:00,18.0,12721,France,shipping
543492,POST,POSTAGE,1,2011-02-09 10:41:00,18.0,12720,Germany,shipping
543530,DOT,DOTCOM POSTAGE,1,2011-02-09 12:46:00,213.15,,United Kingdom,shipping
543532,DOT,DOTCOM POSTAGE,1,2011-02-09 12:59:00,225.17,,United Kingdom,shipping
543533,DOT,DOTCOM POSTAGE,1,2011-02-09 13:00:00,254.08,,United Kingdom,shipping
543537,POST,POSTAGE,1,2011-02-09 13:50:00,15.0,12401,Belgium,shipping
543541,POST,POSTAGE,6,2011-02-09 14:44:00,28.0,12462,Spain,shipping
543543,M,MANUAL,1,2011-02-09 15:33:00,2.95,17843,United Kingdom,adjustment
543543,M,MANUAL,24,2011-02-09 15:33:00,0.2,17843,United Kingdom,adjustment
543546,DOT,DOTCOM POSTAGE,1,2011-02-09 16:52:00,206.15,,United Kingdom,shipping
543550,POST,POSTAGE,1,2011-02-10 09:43:00,18.0,12601,Germany,shipping
543625,POST,POSTAGE,2,2011-02-10 15:38:00,18.0,12583,France,shipping
543629,DOT,DOTCOM POSTAGE,1,2011-02-10 15:55:00,208.92,,United Kingdom,shipping
543660,DOT,DOTCOM POSTAGE,1,2011-02-11 10:40:00,248.48,,United Kingdom,shipping
543732,DOT,DOTCOM POSTAGE,1,2011-02-11 12:02:00,198.21,,United Kingdom,shipping
543733,POST,POSTAGE,1,2011-02-11 12:16:00,15.0,12395,Belgium,shipping
543822,POST,POSTAGE,3,2011-02-14 09:24:00,28.0,12507,Spain,shipping
543826,DOT,DOTCOM POSTAGE,1,2011-02-14 09:41:00,168.19,,United Kingdom,shipping
543833,POST,POSTAGE,1,2011-02-14 10:24:00,18.0,12476,Germany,shipping
543899,C2,CARRIAGE,1,2011-02-14 12:11:00,15.0,,EIRE,shipping
543900,POST,POSTAGE,3,2011-02-14 12:11:00,18.0,12621,Germany,shipping
543909,DOT,DOTCOM POSTAGE,1,2011-02-14 12:32:00,127.24,,United Kingdom,shipping
543985,DOT,DOTCOM POSTAGE,1,2011-02-15 09:44:00,138.5,,United Kingdom,shipping
544069,POST,POSTAGE,2,2011-02-15 14:17:00,18.0,12616,France,shipping
544087,M,MANUAL,1,2011-02-15 17:02:00,3.75,17530,United Kingdom,adjustment
544087,M,MANUAL,2,2011-02-15 17:02:00,0.42,17530,United Kingdom,adjustment
544089,GIFT_0001_20,DOTCOMGIFTSHOP GIFT VOUCHER £20.00,1,2011-02-15 17:51:00,16.67,,United Kingdom,non_merchandise
544089,DOT,DOTCOM POSTAGE,1,2011-02-15 17:51:00,111.86,,United Kingdom,shipping
544115,POST,POSTAGE,5,2011-02-16 11:45:00,18.0,12727,France,shipping
544157,POST,POSTAGE,2,2011-02-16 12:46:00,18.0,12372,Denmark,shipping
544186,DOT,DOTCOM POSTAGE,1,2011-02-16 15:56:00,149.49,,United Kingdom,shipping
544193,POST,POSTAGE,5,2011-02-17 08:23:00,15.0,12431,Belgium,shipping
544200,POST,POSTAGE,2,2011-02-17 10:08:00,18.0,12494,France,shipping
544201,DOT,DOTCOM POSTAGE,1,2011-02-17 10:11:00,213.08,,United Kingdom,shipping
544202,DOT,DOTCOM POSTAGE,1,2011-02-17 10:29:00,143.04,,United Kingdom,shipping
544203,POST,POSTAGE,3,2011-02-17 10:30:00,15.0,12362,Belgium,shipping
544204,DOT,DOTCOM POSTAGE,1,2011-02-17 10:30:00,132.25,,United Kingdom,shipping
544205,DOT,DOTCOM POSTAGE,1,2011-02-17 10:31:00,207.79,,United Kingdom,shipping
544206,DOT,DOTCOM POSTAGE,1,2011-02-17 10:33:00,159.46,,United Kingdom,shipping
544207,DOT,DOTCOM POSTAGE,1,2011-02-17 10:34:00,185.83,,United Kingdom,shipping
544208,DOT,DOTCOM POSTAGE,1,2011-02-17 10:34:00,135.75,,United Kingdom,shipping
544210,C2,CARRIAGE,1,2011-02-17 11:01:00,50.0,14911,EIRE,shipping
544281,POST,POSTAGE,1,2011-02-17 12:23:00,18.0,12500,Germany,shipping
544302,POST,POSTAGE,1,2011-02-17 13:16:00,18.0,12654,Germany,shipping
544323,GIFT_0001_30,DOTCOMGIFTSHOP GIFT VOUCHER £30.00,1,2011-02-17 15:51:00,25.0,,United Kingdom,non_merchandise
544323,DOT,DOTCOM POSTAGE,1,2011-02-17 15:51:00,179.94,,United Kingdom,shipping
544331,POST,POSTAGE,1,2011-02-17 17:05:00,15.0,12455,Cyprus,shipping
544355,POST,POSTAGE,5,2011-02-18 10:53:00,18.0,12714,France,shipping
544390,C2,CARRIAGE,1,2011-02-18 11:36:00,50.0,14911,EIRE,shipping
544399,POST,POSTAGE,1,2011-02-18 12:28:00,28.0,12594,Italy,shipping
544407,M,MANUAL,1,2011-02-18 13:26:00,15.0,14606,United Kingdom,adjustment
544434,GIFT_0001_30,DOTCOMGIFTSHOP GIFT VOUCHER £30.00,1,2011-02-18 16:12:00,25.0,,United Kingdom,non_merchandise
544434,DOT,DOTCOM POSTAGE,1,2011-02-18 16:12:00,149.02,,United Kingdom,shipping
544464,M,MANUAL,4,2011-02-20 14:38:00,0.85,17323,United Kingdom,adjustment
544474,POST,POSTAGE,1,2011-02-21 09:52:00,15.0,12423,Belgium,shipping
544483,POST,POSTAGE,5,2011-02-21 10:53:00,18.0,12524,Germany,shipping
544495,POST,POSTAGE,6,2011-02-21 11:42:00,28.0,12766,Portugal,shipping
544573,POST,POSTAGE,5,2011-02-21 13:40:00,18.0,12621,Germany,shipping
544578,M,MANUAL,1,2011-02-21 14:04:00,320.69,12365,Cyprus,adjustment
544585,POST,POSTAGE,1,2011-02-21 14:58:00,18.0,12523,France,shipping
544598,DOT,DOTCOM POSTAGE,1,2011-02-21 18:10:00,144.15,,United Kingdom,shipping
544599,DOT,DOTCOM POSTAGE,1,2011-02-21 18:15:00,198.77,,United Kingdom,shipping
544673,M,MANUAL,25,2011-02-22 15:46:00,0.42,13421,United Kingdom,adjustment
544681,DOT,DOTCOM POSTAGE,1,2011-02-22 16:28:00,140.19,,United Kingdom,shipping
544684,DOT,DOTCOM POSTAGE,1,2011-02-22 16:32:00,172.99,,United Kingdom,shipping
544766,DOT,DOTCOM POSTAGE,1,2011-02-23 11:09:00,136.38,,United Kingdom,shipping
544767,DOT,DOTCOM POSTAGE,1,2011-02-23 11:10:00,100.17,,United Kingdom,shipping
544768,DOT,DOTCOM POSTAGE,1,2011-02-23 11:10:00,134.04,,United Kingdom,shipping
544770,DOT,DOTCOM POSTAGE,1,2011-02-23 11:11:00,124.79,,United Kingdom,shipping
544771,DOT,DOTCOM POSTAGE,1,2011-02-23 11:12:00,137.33,,United Kingdom,shipping
544772,DOT,DOTCOM POSTAGE,1,2011-02-23 11:12:00,161.04,,United Kingdom,shipping
544811,POST,POSTAGE,3,2011-02-23 15:53:00,18.0,12471,Germany,shipping
544812,DOT,DOTCOM POSTAGE,1,2011-02-23 15:58:00,170.54,,United Kingdom,shipping
544817,POST,POSTAGE,2,2011-02-23 16:44:00,18.0,12437,France,shipping
544819,M,MANUAL,6,2011-02-23 17:15:00,5.0,12748,United Kingdom,adjustment
544886,POST,POSTAGE,1,2011-02-24 11:42:00,40.0,12582,Finland,shipping
544928,DOT,DOTCOM POSTAGE,1,2011-02-24 18:07:00,189.91,,United Kingdom,shipping
544933,POST,POSTAGE,6,2011-02-25 08:44:00,18.0,12633,Germany,shipping
544934,C2,CARRIAGE,1,2011-02-25 09:01:00,50.0,13345,United Kingdom,shipping
544996,POST,POSTAGE,2,2011-02-25 11:53:00,18.0,12474,Germany,shipping
545017,POST,POSTAGE,1,2011-02-25 13:51:00,15.0,12361,Belgium,shipping
545024,DOT,DOTCOM POSTAGE,1,2011-02-25 14:38:00,79.67,,United Kingdom,shipping
545025,DOT,DOTCOM POSTAGE,1,2011-02-25 14:40:00,137.96,,United Kingdom,shipping
545034,POST,POSTAGE,1,2011-02-25 16:42:00,40.0,13493,Switzerland,shipping
545051,POST,POSTAGE,1,2011-02-27 11:58:00,18.0,12599,France,shipping
545078,DOT,DOTCOM POSTAGE,1,2011-02-28 10:15:00,147.49,,United Kingdom,shipping
545084,POST,POSTAGE,2,2011-02-28 10:55:00,40.0,12458,Switzerland,shipping
545086,POST,POSTAGE,1,2011-02-28 11:43:00,18.0,12678,France,shipping
545105,POST,POSTAGE,6,2011-02-28 11:58:00,18.0,12598,France,shipping
545140,POST,POSTAGE,2,2011-02-28 12:08:00,15.0,12464,Belgium,shipping
545160,M,MANUAL,1,2011-02-28 13:31:00,48.0,,United Kingdom,adjustment
545176,M,MANUAL,1,2011-02-28 14:19:00,764.12,,United Kingdom,adjustment
545180,POST,POSTAGE,1,2011-02-28 14:42:00,18.0,12728,France,shipping
545181,POST,POSTAGE,1,2011-02-28 14:45:00,18.0,12509,France,shipping
545182,M,MANUAL,17,2011-02-28 14:48:00,0.2,14046,United Kingdom,adjustment
545191,POST,POSTAGE,1,2011-02-28 15:39:00,28.0,12811,Portugal,shipping
545215,DOT,DOTCOM POSTAGE,1,2011-02-28 16:47:00,265.19,,United Kingdom,shipping
545216,DOT,DOTCOM POSTAGE,1,2011-02-28 16:50:00,157.08,,United Kingdom,shipping
545217,DOT,DOTCOM POSTAGE,1,2011-02-28 16:59:00,172.62,,United Kingdom,shipping
545235,POST,POSTAGE,2,2011-03-01 10:31:00,18.0,12683,France,shipping
545301,POST,POSTAGE,4,2011-03-01 12:26:00,18.0,12679,France,shipping
545314,POST,POSTAGE,4,2011-03-01 14:11:00,15.0,12866,Belgium,shipping
545315,DOT,DOTCOM POSTAGE,1,2011-03-01 14:14:00,75.58,,United Kingdom,shipping
545316,DOT,DOTCOM POSTAGE,1,2011-03-01 14:14:00,36.08,,United Kingdom,shipping
545317,DOT,DOTCOM POSTAGE,1,2011-03-01 14:14:00,148.67,,United Kingdom,shipping
545323,POST,POSTAGE,1,2011-03-01 14:57:00,40.0,12352,Norway,shipping
545332,M,MANUAL,1,2011-03-01 15:52:00,376.5,12352,Norway,adjustment
545332,M,MANUAL,1,2011-03-01 15:52:00,280.05,12352,Norway,adjustment
545332,M,MANUAL,1,2011-03-01 15:52:00,183.75,12352,Norway,adjustment
545333,DOT,DOTCOM POSTAGE,1,2011-03-01 16:22:00,155.31,,United Kingdom,shipping
545336,M,MANUAL,2,2011-03-01 16:53:00,275.6,12428,Finland,adjustment
545464,DOT,DOTCOM POSTAGE,1,2011-03-03 09:10:00,201.64,,United Kingdom,shipping
545515,POST,POSTAGE,3,2011-03-03 12:06:00,18.0,12727,France,shipping
545517,POST,POSTAGE,1,2011-03-03 12:20:00,18.0,12727,France,shipping
545533,POST,POSTAGE,2,2011-03-03 14:04:00,18.0,12524,Germany,shipping
545536,POST,POSTAGE,3,2011-03-03 14:12:00,15.0,12417,Belgium,shipping
545557,POST,POSTAGE,1,2011-03-03 15:30:00,18.0,12500,Germany,shipping
545568,DOT,DOTCOM POSTAGE,1,2011-03-03 16:22:00,226.19,,United Kingdom,shipping
545570,POST,POSTAGE,1,2011-03-03 16:28:00,40.0,12817,Austria,shipping
545583,POST,POSTAGE,2,2011-03-04 09:08:00,18.0,12553,France,shipping
545585,POST,POSTAGE,1,2011-03-04 09:32:00,28.0,12541,Spain,shipping
545595,M,MANUAL,1,2011-03-04 10:39:00,0.85,14570,United Kingdom,adjustment
545634,C2,CARRIAGE,1,2011-03-04 12:12:00,50.0,14911,EIRE,shipping
545647,POST,POSTAGE,1,2011-03-04 12:46:00,28.0,12547,Spain,shipping
545664,POST,POSTAGE,3,2011-03-04 15:15:00,28.0,12584,Italy,shipping
545667,DOT,DOTCOM POSTAGE,1,2011-03-04 16:07:00,176.48,,United Kingdom,shipping
545706,POST,POSTAGE,1,2011-03-07 09:10:00,18.0,12712,Germany,shipping
545709,POST,POSTAGE,1,2011-03-07 09:49:00,18.0,12708,Germany,shipping
545714,DOT,DOTCOM POSTAGE,1,2011-03-07 10:12:00,130.58,,United Kingdom,shipping
545715,DOT,DOTCOM POSTAGE,1,2011-03-07 10:13:00,180.92,,United Kingdom,shipping
545716,DOT,DOTCOM POSTAGE,1,2011-03-07 10:15:00,192.29,,United Kingdom,shipping
545717,DOT,DOTCOM POSTAGE,1,2011-03-07 10:15:00,147.13,,United Kingdom,shipping
545854,C2,CARRIAGE,1,2011-03-07 13:51:00,50.0,14817,United Kingdom,shipping
545889,M,MANUAL,1,2011-03-07 16:14:00,45.0,15291,United Kingdom,adjustment
545895,GIFT_0001_10,DOTCOMGIFTSHOP GIFT VOUCHER £10.00,1,2011-03-07 17:14:00,8.33,,United Kingdom,non_merchandise
545895,DOT,DOTCOM POSTAGE,1,2011-03-07 17:14:00,249.02,,United Kingdom,shipping
545897,DOT,DOTCOM POSTAGE,1,2011-03-07 17:22:00,218.64,,United Kingdom,shipping
545901,M,MANUAL,2,2011-03-07 17:52:00,1.25,15834,United Kingdom,adjustment
545916,POST,POSTAGE,2,2011-03-08 11:46:00,18.0,12528,Germany,shipping
545933,C2,CARRIAGE,1,2011-03-08 12:04:00,50.0,13908,United Kingdom,shipping
545988,POST,POSTAGE,1,2011-03-08 12:52:00,18.0,12662,Germany,shipping
545994,POST,POSTAGE,2,2011-03-08 13:50:00,18.0,12623,Germany,shipping
545995,M,MANUAL,6,2011-03-08 13:54:00,2.1,15023,United Kingdom,adjustment
546007,DOT,DOTCOM POSTAGE,1,2011-03-08 15:34:00,146.1,,United Kingdom,shipping
546008,DOT,DOTCOM POSTAGE,1,2011-03-08 15:43:00,187.89,,United Kingdom,shipping
546027,POST,POSTAGE,2,2011-03-09 08:09:00,15.0,12759,Netherlands,shipping
546035,M,MANUAL,1,2011-03-09 09:50:00,7.95,12924,United Kingdom,adjustment
546117,M,MANUAL,12,2011-03-09 13:56:00,1.0,16771,United Kingdom,adjustment
546134,POST,POSTAGE,2,2011-03-09 15:35:00,40.0,13493,Switzerland,shipping
546136,DOT,DOTCOM POSTAGE,1,2011-03-09 16:32:00,199.33,,United Kingdom,shipping
546172,C2,CARRIAGE,1,2011-03-10 10:32:00,50.0,14156,EIRE,shipping
546303,POST,POSTAGE,1,2011-03-10 15:30:00,8.62,,United Kingdom,shipping
546306,DOT,DOTCOM POSTAGE,1,2011-03-10 16:16:00,147.03,,United Kingdom,shipping
546328,M,MANUAL,1,2011-03-11 10:19:00,1687.17,14911,EIRE,adjustment
546329,M,MANUAL,1,2011-03-11 10:22:00,1687.17,14911,EIRE,adjustment
546365,POST,POSTAGE,5,2011-03-11 11:35:00,18.0,12520,Germany,shipping
546373,POST,POSTAGE,2,2011-03-11 12:00:00,18.0,12583,France,shipping
546374,M,MANUAL,1,2011-03-11 12:05:00,10.0,17194,United Kingdom,adjustment
546406,DOT,DOTCOM POSTAGE,1,2011-03-11 16:21:00,201.37,,United Kingdom,shipping
546418,M,MANUAL,24,2011-03-13 10:57:00,0.42,17315,United Kingdom,adjustment
546426,M,MANUAL,1,2011-03-13 13:46:00,2.0,13708,United Kingdom,adjustment
546428,POST,POSTAGE,2,2011-03-13 14:55:00,18.0,12681,France,shipping
546433,POST,POSTAGE,1,2011-03-14 08:37:00,15.0,12778,Netherlands,shipping
546434,POST,POSTAGE,4,2011-03-14 08:41:00,18.0,12383,Belgium,shipping
546479,POST,POSTAGE,3,2011-03-14 11:38:00,18.0,12682,France,shipping
546509,C2,CARRIAGE,1,2011-03-14 12:15:00,50.0,14911,EIRE,shipping
546541,C2,CARRIAGE,1,2011-03-14 15:11:00,50.0,14911,EIRE,shipping
546543,M,MANUAL,1,2011-03-14 15:40:00,0.85,17841,United Kingdom,adjustment
546558,M,MANUAL,1,2011-03-15 09:50:00,2583.76,,Hong Kong,adjustment
546649,DOT,DOTCOM POSTAGE,1,2011-03-15 14:17:00,133.13,,United Kingdom,shipping
546650,DOT,DOTCOM POSTAGE,1,2011-03-15 14:17:00,111.79,,United Kingdom,shipping
546651,DOT,DOTCOM POSTAGE,1,2011-03-15 14:17:00,112.67,,United Kingdom,shipping
546652,DOT,DOTCOM POSTAGE,1,2011-03-15 14:18:00,167.58,,United Kingdom,shipping
546653,DOT,DOTCOM POSTAGE,1,2011-03-15 14:18:00,155.46,,United Kingdom,shipping
546654,DOT,DOTCOM POSTAGE,1,2011-03-15 14:18:00,125.96,,United Kingdom,shipping
546655,DOT,DOTCOM POSTAGE,1,2011-03-15 14:19:00,122.58,,United Kingdom,shipping
546656,DOT,DOTCOM POSTAGE,1,2011-03-15 14:19:00,172.54,,United Kingdom,shipping
546678,POST,POSTAGE,3,2011-03-15 16:39:00,18.0,12681,France,shipping
546737,C2,CARRIAGE,1,2011-03-16 11:52:00,50.0,13358,United Kingdom,shipping
546742,M,MANUAL,12,2011-03-16 12:26:00,0.42,12849,United Kingdom,adjustment
546742,M,MANUAL,6,2011-03-16 12:26:00,2.1,12849,United Kingdom,adjustment
546755,POST,POSTAGE,5,2011-03-16 13:29:00,28.0,12502,Spain,shipping
546759,POST,POSTAGE,2,2011-03-16 13:58:00,18.0,12712,Germany,shipping
546760,POST,POSTAGE,3,2011-03-16 14:00:00,28.0,12597,Spain,shipping
546765,POST,POSTAGE,1,2011-03-16 14:37:00,18.0,12437,France,shipping
546843,POST,POSTAGE,2,2011-03-17 12:40:00,18.0,12472,Germany,shipping
546851,POST,POSTAGE,7,2011-03-17 13:23:00,18.0,12480,Germany,shipping
546861,C2,CARRIAGE,1,2011-03-17 15:03:00,50.0,14911,EIRE,shipping
546866,M,MANUAL,2,2011-03-17 15:47:00,2.5,14462,United Kingdom,adjustment
546884,DOT,DOTCOM POSTAGE,1,2011-03-17 18:08:00,303.0,,United Kingdom,shipping
546888,DOT,DOTCOM POSTAGE,1,2011-03-17 18:15:00,237.89,,United Kingdom,shipping
546891,DOT,DOTCOM POSTAGE,1,2011-03-17 18:18:00,227.3,,United Kingdom,shipping
546892,DOT,DOTCOM POSTAGE,1,2011-03-17 18:20:00,192.44,,United Kingdom,shipping
546896,DOT,DOTCOM POSTAGE,1,2011-03-17 18:24:00,255.04,,United Kingdom,shipping
546919,POST,POSTAGE,1,2011-03-18 09:55:00,18.0,12500,Germany,shipping
546920,POST,POSTAGE,8,2011-03-18 09:55:00,18.0,12471,Germany,shipping
546925,POST,POSTAGE,3,2011-03-18 10:09:00,18.0,12647,Germany,shipping
546933,M,MANUAL,1,2011-03-18 11:02:00,498.79,,United Kingdom,adjustment
546950,M,MANUAL,4,2011-03-18 11:24:00,0.5,16511,United Kingdom,adjustment
546973,DOT,DOTCOM POSTAGE,1,2011-03-18 12:07:00,122.5,,United Kingdom,shipping
546974,DOT,DOTCOM POSTAGE,1,2011-03-18 12:08:00,131.46,,United Kingdom,shipping
546976,DOT,DOTCOM POSTAGE,1,2011-03-18 12:08:00,184.96,,United Kingdom,shipping
546977,DOT,DOTCOM POSTAGE,1,2011-03-18 12:08:00,218.08,,United Kingdom,shipping
547005,POST,POSTAGE,4,2011-03-18 14:20:00,18.0,12474,Germany,shipping
547042,DOT,DOTCOM POSTAGE,1,2011-03-20 11:00:00,279.84,,United Kingdom,shipping
547048,C2,CARRIAGE,1,2011-03-20 11:52:00,50.0,14911,EIRE,shipping
547061,POST,POSTAGE,1,2011-03-20 13:21:00,15.0,12407,Belgium,shipping
547071,POST,POSTAGE,2,2011-03-20 13:59:00,18.0,12693,Germany,shipping
547085,POST,POSTAGE,1,2011-03-20 15:41:00,18.0,12600,Germany,shipping
547086,POST,POSTAGE,3,2011-03-20 15:46:00,40.0,12428,Finland,shipping
547087,POST,POSTAGE,1,2011-03-20 15:58:00,18.0,12726,France,shipping
547109,POST,POSTAGE,2,2011-03-21 11:46:00,15.0,12423,Belgium,shipping
547248,DOT,DOTCOM POSTAGE,1,2011-03-22 09:23:00,197.33,,United Kingdom,shipping
547249,DOT,DOTCOM POSTAGE,1,2011-03-22 09:27:00,192.43,,United Kingdom,shipping
547250,DOT,DOTCOM POSTAGE,1,2011-03-22 09:30:00,253.24,,United Kingdom,shipping
547327,POST,POSTAGE,3,2011-03-22 11:28:00,18.0,12681,France,shipping
547365,POST,POSTAGE,1,2011-03-22 12:36:00,15.0,12775,Netherlands,shipping
547379,POST,POSTAGE,6,2011-03-22 15:13:00,18.0,12720,Germany,shipping
547383,POST,POSTAGE,3,2011-03-22 15:42:00,18.0,12613,Germany,shipping
547384,POST,POSTAGE,1,2011-03-22 15:46:00,18.0,12613,Germany,shipping
547385,DOT,DOTCOM POSTAGE,1,2011-03-22 15:48:00,110.6,,United Kingdom,shipping
547386,DOT,DOTCOM POSTAGE,1,2011-03-22 15:52:00,131.22,,United Kingdom,shipping
547390,POST,POSTAGE,1,2011-03-22 16:08:00,40.0,12352,Norway,shipping
547397,DOT,DOTCOM POSTAGE,1,2011-03-22 16:55:00,146.29,,United Kingdom,shipping
547398,DOT,DOTCOM POSTAGE,1,2011-03-22 16:55:00,141.42,,United Kingdom,shipping
547399,DOT,DOTCOM POSTAGE,1,2011-03-22 16:55:00,155.25,,United Kingdom,shipping
547400,DOT,DOTCOM POSTAGE,1,2011-03-22 16:56:00,116.67,,United Kingdom,shipping
547412,POST,POSTAGE,1,2011-03-23 09:42:00,15.0,12399,Belgium,shipping
547444,POST,POSTAGE,1,2011-03-23 10:55:00,1.0,12811,Portugal,shipping
547492,POST,POSTAGE,1,2011-03-23 12:06:00,18.0,12604,France,shipping
547493,POST,POSTAGE,9,2011-03-23 12:06:00,40.0,12818,Austria,shipping
547504,POST,POSTAGE,8,2011-03-23 13:33:00,18.0,12683,France,shipping
547517,POST,POSTAGE,3,2011-03-23 14:33:00,15.0,12395,Belgium,shipping
547520,POST,POSTAGE,3,2011-03-23 14:55:00,18.0,12564,France,shipping
547547,DOT,DOTCOM POSTAGE,1,2011-03-23 15:30:00,115.42,,United Kingdom,shipping
547551,DOT,DOTCOM POSTAGE,1,2011-03-23 15:55:00,128.25,,United Kingdom,shipping
547552,DOT,DOTCOM POSTAGE,1,2011-03-23 15:55:00,169.29,,United Kingdom,shipping
547566,POST,POSTAGE,1,2011-03-24 09:42:00,27.0,12811,Portugal,shipping
547571,C2,CARRIAGE,1,2011-03-24 09:52:00,50.0,16265,United Kingdom,shipping
547645,POST,POSTAGE,1,2011-03-24 11:40:00,40.0,12676,Sweden,shipping
547684,POST,POSTAGE,5,2011-03-24 14:46:00,15.0,12408,Belgium,shipping
547702,C2,CARRIAGE,1,2011-03-24 16:45:00,50.0,14911,EIRE,shipping
547703,POST,POSTAGE,8,2011-03-24 17:10:00,28.0,12540,Spain,shipping
547715,POST,POSTAGE,2,2011-03-25 08:50:00,18.0,12520,Germany,shipping
547722,POST,POSTAGE,3,2011-03-25 10:19:00,18.0,12553,France,shipping
547788,DOT,DOTCOM POSTAGE,1,2011-03-25 12:00:00,175.28,,United Kingdom,shipping
547790,POST,POSTAGE,3,2011-03-25 12:04:00,28.0,12545,Spain,shipping
547796,POST,POSTAGE,9,2011-03-25 12:34:00,15.0,14646,Netherlands,shipping
547810,M,MANUAL,1,2011-03-25 14:00:00,0.85,,United Kingdom,adjustment
547815,POST,POSTAGE,1,2011-03-25 14:19:00,40.0,13520,Switzerland,shipping
547821,POST,POSTAGE,4,2011-03-25 14:50:00,18.0,12621,Germany,shipping
547822,POST,POSTAGE,16,2011-03-25 14:53:00,18.0,12668,Germany,shipping
547825,POST,POSTAGE,1,2011-03-25 15:01:00,15.0,12778,Netherlands,shipping
547830,DOT,DOTCOM POSTAGE,1,2011-03-25 15:50:00,220.71,,United Kingdom,shipping
547863,POST,POSTAGE,2,2011-03-27 13:07:00,18.0,12728,France,shipping
547873,M,MANUAL,1,2011-03-27 15:33:00,14.95,13240,United Kingdom,adjustment
547882,C2,CARRIAGE,1,2011-03-28 07:53:00,50.0,14911,EIRE,shipping
547888,C2,CARRIAGE,1,2011-03-28 09:59:00,50.0,13368,United Kingdom,shipping
547892,POST,POSTAGE,6,2011-03-28 10:15:00,18.0,12669,France,shipping
547897,POST,POSTAGE,2,2011-03-28 11:36:00,28.0,12792,Portugal,shipping
547901,AMAZONFEE,AMAZON FEE,1,2011-03-28 11:57:00,219.76,,United Kingdom,fee
547906,M,MANUAL,2,2011-03-28 12:13:00,0.5,14410,United Kingdom,adjustment
547914,POST,POSTAGE,1,2011-03-28 12:35:00,18.0,12594,Italy,shipping
547925,POST,POSTAGE,4,2011-03-28 13:57:00,18.0,12481,Germany,shipping
547931,POST,POSTAGE,1,2011-03-28 14:01:00,28.0,12594,Italy,shipping
547934,POST,POSTAGE,1,2011-03-28 14:07:00,18.0,12474,Germany,shipping
547941,POST,POSTAGE,1,2011-03-28 14:46:00,150.0,16692,United Kingdom,shipping
547964,DOT,DOTCOM POSTAGE,1,2011-03-28 15:45:00,184.6,,United Kingdom,shipping
547967,DOT,DOTCOM POSTAGE,1,2011-03-28 15:49:00,229.79,,United Kingdom,shipping
547993,C2,CARRIAGE,1,2011-03-29 09:59:00,50.0,,EIRE,shipping
548163,DOT,DOTCOM POSTAGE,1,2011-03-29 13:43:00,231.79,,United Kingdom,shipping
548164,DOT,DOTCOM POSTAGE,1,2011-03-29 13:44:00,173.42,,United Kingdom,shipping
548165,DOT,DOTCOM POSTAGE,1,2011-03-29 13:44:00,142.83,,United Kingdom,shipping
548166,DOT,DOTCOM POSTAGE,1,2011-03-29 13:45:00,180.17,,United Kingdom,shipping
548167,DOT,DOTCOM POSTAGE,1,2011-03-29 13:45:00,181.88,,United Kingdom,shipping
548168,DOT,DOTCOM POSTAGE,1,2011-03-29 13:46:00,144.75,,United Kingdom,shipping
548191,DOT,DOTCOM POSTAGE,1,2011-03-29 15:20:00,23.53,,United Kingdom,shipping
548194,DOT,DOTCOM POSTAGE,1,2011-03-29 15:30:00,226.92,,United Kingdom,shipping
548203,M,MANUAL,1,2011-03-29 16:41:00,238.12,,United Kingdom,adjustment
548212,POST,POSTAGE,4,2011-03-30 09:12:00,40.0,12456,Switzerland,shipping
548219,POST,POSTAGE,1,2011-03-30 09:46:00,3.95,,United Kingdom,shipping
548320,POST,POSTAGE,2,2011-03-30 12:54:00,18.0,12709,Germany,shipping
548327,M,MANUAL,1,2011-03-30 13:05:00,1.65,16788,United Kingdom,adjustment
548363,POST,POSTAGE,10,2011-03-30 15:48:00,40.0,12428,Finland,shipping
548373,DOT,DOTCOM POSTAGE,1,2011-03-30 16:34:00,299.76,,United Kingdom,shipping
548412,POST,POSTAGE,1,2011-03-31 10:38:00,18.0,12601,Germany,shipping
548449,C2,CARRIAGE,1,2011-03-31 11:08:00,50.0,14911,EIRE,shipping
548461,M,MANUAL,2,2011-03-31 12:08:00,0.5,14527,United Kingdom,adjustment
548470,POST,POSTAGE,2,2011-03-31 12:36:00,28.0,12782,Portugal,shipping
548504,DOT,DOTCOM POSTAGE,1,2011-03-31 14:33:00,274.75,,United Kingdom,shipping
548505,DOT,DOTCOM POSTAGE,1,2011-03-31 14:34:00,236.88,,United Kingdom,shipping
548514,DOT,DOTCOM POSTAGE,1,2011-03-31 16:03:00,282.88,,United Kingdom,shipping
548515,M,MANUAL,3,2011-03-31 16:19:00,0.65,,United Kingdom,adjustment
548516,DOT,DOTCOM POSTAGE,1,2011-03-31 16:28:00,197.3,,United Kingdom,shipping
548522,DOT,DOTCOM POSTAGE,1,2011-03-31 16:43:00,290.59,,United Kingdom,shipping
548568,M,MANUAL,1,2011-04-01 10:43:00,12.75,14543,United Kingdom,adjustment
548568,M,MANUAL,2,2011-04-01 10:43:00,10.95,14543,United Kingdom,adjustment
548621,M,MANUAL,3,2011-04-01 11:54:00,0.65,16960,United Kingdom,adjustment
548631,M,MANUAL,1,2011-04-01 12:24:00,1.0,13184,United Kingdom,adjustment
548654,POST,POSTAGE,7,2011-04-01 13:47:00,18.0,12569,Germany,shipping
548661,POST,POSTAGE,1,2011-04-01 14:28:00,350.0,12415,Australia,shipping
548663,DOT,DOTCOM POSTAGE,1,2011-04-01 14:44:00,244.46,,United Kingdom,shipping
548725,POST,POSTAGE,1,2011-04-04 09:08:00,134.0,12678,France,shipping
548737,POST,POSTAGE,4,2011-04-04 11:18:00,18.0,12682,France,shipping
548745,POST,POSTAGE,3,2011-04-04 12:10:00,18.0,12471,Germany,shipping
548813,M,MANUAL,1,2011-04-04 13:03:00,162.6,12744,Singapore,adjustment
548813,M,MANUAL,1,2011-04-04 13:03:00,2382.92,12744,Singapore,adjustment
548813,M,MANUAL,1,2011-04-04 13:03:00,239.3,12744,Singapore,adjustment
548813,M,MANUAL,1,2011-04-04 13:03:00,1252.95,12744,Singapore,adjustment
548820,M,MANUAL,1,2011-04-04 13:04:00,2053.07,12744,Singapore,adjustment
548858,C2,CARRIAGE,1,2011-04-04 13:29:00,50.0,14911,EIRE,shipping
548860,M,MANUAL,1,2011-04-04 13:38:00,2.0,13263,United Kingdom,adjustment
548893,GIFT_0001_40,DOTCOMGIFTSHOP GIFT VOUCHER £40.00,1,2011-04-04 15:54:00,33.33,,United Kingdom,non_merchandise
548893,DOT,DOTCOM POSTAGE,1,2011-04-04 15:54:00,336.52,,United Kingdom,shipping
548894,DOT,DOTCOM POSTAGE,1,2011-04-04 16:01:00,278.92,,United Kingdom,shipping
548913,M,MANUAL,1,2011-04-05 09:45:00,1136.3,12669,France,adjustment
548955,POST,POSTAGE,1,2011-04-05 10:47:00,40.0,12348,Finland,shipping
549023,DOT,DOTCOM POSTAGE,1,2011-04-05 16:27:00,185.28,,United Kingdom,shipping
549155,DOT,DOTCOM POSTAGE,1,2011-04-06 17:08:00,187.21,,United Kingdom,shipping
549193,POST,POSTAGE,2,2011-04-07 10:24:00,18.0,12580,Germany,shipping
549242,C2,CARRIAGE,1,2011-04-07 11:41:00,50.0,14911,EIRE,shipping
549245,M,MANUAL,2,2011-04-07 11:59:00,0.85,15005,United Kingdom,adjustment
549249,POST,POSTAGE,2,2011-04-07 12:04:00,15.0,12423,Belgium,shipping
549274,POST,POSTAGE,3,2011-04-07 13:07:00,18.0,12721,France,shipping
549295,DOT,DOTCOM POSTAGE,1,2011-04-07 19:49:00,252.57,,United Kingdom,shipping
549325,POST,POSTAGE,2,2011-04-08 10:32:00,50.0,12717,Greece,shipping
549434,POST,POSTAGE,4,2011-04-08 12:30:00,18.0,12647,Germany,shipping
549468,M,MANUAL,1,2011-04-08 14:27:00,1867.86,17940,United Kingdom,adjustment
549524,DOT,DOTCOM POSTAGE,1,2011-04-08 15:42:00,183.2,,United Kingdom,shipping
549525,DOT,DOTCOM POSTAGE,1,2011-04-08 15:44:00,134.66,,United Kingdom,shipping
549559,POST,POSTAGE,3,2011-04-10 13:25:00,15.0,12447,Belgium,shipping
549588,POST,POSTAGE,3,2011-04-11 10:04:00,40.0,12428,Finland,shipping
549680,POST,POSTAGE,2,2011-04-11 13:02:00,18.0,12701,Germany,shipping
549682,POST,POSTAGE,2,2011-04-11 13:22:00,28.0,12596,Spain,shipping
549684,S,SAMPLES,1,2011-04-11 13:24:00,30.0,,United Kingdom,non_merchandise
549689,POST,POSTAGE,1,2011-04-11 13:40:00,4.95,15971,United Kingdom,shipping
549717,BANK CHARGES,BANK CHARGES,1,2011-04-11 14:56:00,15.0,14606,United Kingdom,fee
549721,C2,CARRIAGE,1,2011-04-11 15:35:00,50.0,14911,EIRE,shipping
549730,M,MANUAL,1,2011-04-11 16:35:00,1.5,15867,United Kingdom,adjustment
549739,M,MANUAL,1,2011-04-12 09:35:00,308.82,15935,United Kingdom,adjustment
549825,POST,POSTAGE,2,2011-04-12 12:47:00,18.0,12463,Belgium,shipping
549914,C2,CARRIAGE,1,2011-04-13 09:32:00,50.0,14931,Channel Islands,shipping
549981,M,MANUAL,6,2011-04-13 15:49:00,0.39,16348,United Kingdom,adjustment
549989,M,MANUAL,1,2011-04-13 16:58:00,2.55,13221,United Kingdom,adjustment
550002,POST,POSTAGE,1,2011-04-14 09:30:00,18.0,12709,Germany,shipping
550004,POST,POSTAGE,4,2011-04-14 09:56:00,18.0,12569,Germany,shipping
550145,POST,POSTAGE,3,2011-04-14 14:15:00,18.0,12637,France,shipping
550162,POST,POSTAGE,2,2011-04-14 16:23:00,18.0,12569,Germany,shipping
550178,POST,POSTAGE,2,2011-04-14 17:25:00,18.0,12662,Germany,shipping
550187,POST,POSTAGE,2,2011-04-14 18:40:00,18.0,13811,Germany,shipping
550188,POST,POSTAGE,3,2011-04-14 18:57:00,40.0,12457,Switzerland,shipping
550192,POST,POSTAGE,3,2011-04-15 08:45:00,40.0,12582,Finland,shipping
550193,PADS,PADS TO MATCH ALL CUSHIONS,1,2011-04-15 09:27:00,0.001,13952,United Kingdom,non_merchandise
550203,DOT,DOTCOM POSTAGE,1,2011-04-15 10:37:00,77.96,,United Kingdom,shipping
550204,DOT,DOTCOM POSTAGE,1,2011-04-15 10:37:00,74.75,,United Kingdom,shipping
550205,DOT,DOTCOM POSTAGE,1,2011-04-15 10:37:00,137.08,,United Kingdom,shipping
550206,DOT,DOTCOM POSTAGE,1,2011-04-15 10:38:00,155.33,,United Kingdom,shipping
550207,DOT,DOTCOM POSTAGE,1,2011-04-15 10:38:00,145.46,,United Kingdom,shipping
550208,DOT,DOTCOM POSTAGE,1,2011-04-15 10:39:00,210.42,,United Kingdom,shipping
550209,DOT,DOTCOM POSTAGE,1,2011-04-15 10:39:00,164.33,,United Kingdom,shipping
550210,DOT,DOTCOM POSTAGE,1,2011-04-15 10:40:00,202.42,,United Kingdom,shipping
550211,DOT,DOTCOM POSTAGE,1,2011-04-15 10:41:00,110.92,,United Kingdom,shipping
550212,DOT,DOTCOM POSTAGE,1,2011-04-15 10:41:00,106.04,,United Kingdom,shipping
550213,DOT,DOTCOM POSTAGE,1,2011-04-15 10:42:00,105.21,,United Kingdom,shipping
550214,DOT,DOTCOM POSTAGE,1,2011-04-15 10:43:00,175.13,,United Kingdom,shipping
550215,DOT,DOTCOM POSTAGE,1,2011-04-15 10:43:00,213.08,,United Kingdom,shipping
550277,POST,POSTAGE,3,2011-04-15 12:48:00,40.0,12639,Sweden,shipping
550281,POST,POSTAGE,1,2011-04-15 13:48:00,40.0,12457,Switzerland,shipping
550284,POST,POSTAGE,1,2011-04-15 14:10:00,15.0,12383,Belgium,shipping
550302,C2,CARRIAGE,1,2011-04-17 10:17:00,50.0,14156,EIRE,shipping
550313,POST,POSTAGE,2,2011-04-17 11:21:00,18.0,12681,France,shipping
550354,M,MANUAL,1,2011-04-18 10:28:00,222.75,13811,Germany,adjustment
550440,POST,POSTAGE,2,2011-04-18 12:25:00,15.0,12407,Belgium,shipping
550458,DOT,DOTCOM POSTAGE,1,2011-04-18 13:13:00,156.45,,United Kingdom,shipping
550469,M,MANUAL,18,2011-04-18 13:46:00,0.1,16399,United Kingdom,adjustment
550470,DOT,DOTCOM POSTAGE,1,2011-04-18 13:49:00,2.29,,United Kingdom,shipping
550471,DOT,DOTCOM POSTAGE,1,2011-04-18 13:52:00,28.66,,United Kingdom,shipping
550474,GIFT_0001_20,DOTCOMGIFTSHOP GIFT VOUCHER £20.00,2,2011-04-18 13:58:00,16.67,,United Kingdom,non_merchandise
550474,DOT,DOTCOM POSTAGE,1,2011-04-18 13:58:00,46.86,,United Kingdom,shipping
550488,M,MANUAL,4,2011-04-18 14:27:00,0.83,16729,United Kingdom,adjustment
550496,DOT,DOTCOM POSTAGE,1,2011-04-18 15:05:00,84.21,,United Kingdom,shipping
550499,DOT,DOTCOM POSTAGE,1,2011-04-18 15:16:00,148.67,,United Kingdom,shipping
550500,DOT,DOTCOM POSTAGE,1,2011-04-18 15:26:00,222.02,,United Kingdom,shipping
550513,M,MANUAL,1,2011-04-18 16:37:00,7.95,16928,United Kingdom,adjustment
550527,POST,POSTAGE,11,2011-04-19 10:48:00,18.0,12476,Germany,shipping
550541,DOT,DOTCOM POSTAGE,1,2011-04-19 11:33:00,187.1,,United Kingdom,shipping
550542,GIFT_0001_10,DOTCOMGIFTSHOP GIFT VOUCHER £10.00,1,2011-04-19 11:37:00,8.33,,United Kingdom,non_merchandise
550542,GIFT_0001_20,DOTCOMGIFTSHOP GIFT VOUCHER £20.00,1,2011-04-19 11:37:00,16.67,,United Kingdom,non_merchandise
550542,DOT,DOTCOM POSTAGE,1,2011-04-19 11:37:00,176.52,,United Kingdom,shipping
550617,C2,CARRIAGE,1,2011-04-19 13:03:00,50.0,13376,United Kingdom,shipping
550618,C2,CARRIAGE,1,2011-04-19 13:09:00,50.0,14156,EIRE,shipping
550620,POST,POSTAGE,6,2011-04-19 13:39:00,18.0,12585,Germany,shipping
550625,POST,POSTAGE,2,2011-04-19 14:02:00,18.0,12619,Germany,shipping
550633,M,MANUAL,1,2011-04-19 14:57:00,3.0,17449,United Kingdom,adjustment
550636,DOT,DOTCOM POSTAGE,1,2011-04-19 15:37:00,149.67,,United Kingdom,shipping
550638,DOT,DOTCOM POSTAGE,1,2011-04-19 15:44:00,192.67,,United Kingdom,shipping
550661,POST,POSTAGE,4,2011-04-20 09:20:00,18.0,12656,France,shipping
550665,POST,POSTAGE,2,2011-04-20 09:31:00,18.0,12530,Germany,shipping
550827,POST,POSTAGE,3,2011-04-21 10:16:00,18.0,12670,France,shipping
550899,POST,POSTAGE,4,2011-04-21 12:07:00,40.0,13505,Switzerland,shipping
550924,POST,POSTAGE,1,2011-04-21 14:33:00,40.0,12664,Finland,shipping
550946,POST,POSTAGE,1,2011-04-21 15:52:00,18.0,12708,Germany,shipping
550953,DOT,DOTCOM POSTAGE,1,2011-04-21 16:17:00,283.0,,United Kingdom,shipping
550957,M,MANUAL,1,2011-04-21 16:37:00,1.95,18283,United Kingdom,adjustment
550960,POST,POSTAGE,1,2011-04-21 16:39:00,18.0,12622,Germany,shipping
550986,DOT,DOTCOM POSTAGE,1,2011-04-21 18:06:00,221.16,,United Kingdom,shipping
550987,DOT,DOTCOM POSTAGE,1,2011-04-21 18:10:00,163.83,,United Kingdom,shipping
550998,POST,POSTAGE,1,2011-04-26 09:12:00,40.0,12414,Austria,shipping
551004,DOT,DOTCOM POSTAGE,1,2011-04-26 09:48:00,176.71,,United Kingdom,shipping
551005,DOT,DOTCOM POSTAGE,1,2011-04-26 09:48:00,172.63,,United Kingdom,shipping
551006,DOT,DOTCOM POSTAGE,1,2011-04-26 09:48:00,138.08,,United Kingdom,shipping
551007,DOT,DOTCOM POSTAGE,1,2011-04-26 09:49:00,125.88,,United Kingdom,shipping
551008,DOT,DOTCOM POSTAGE,1,2011-04-26 09:50:00,122.5,,United Kingdom,shipping
551009,DOT,DOTCOM POSTAGE,1,2011-04-26 09:50:00,264.0,,United Kingdom,shipping
551010,DOT,DOTCOM POSTAGE,1,2011-04-26 09:52:00,119.13,,United Kingdom,shipping
551013,POST,POSTAGE,2,2011-04-26 10:54:00,18.0,15108,European Community,shipping
551016,M,MANUAL,2,2011-04-26 11:09:00,1.65,17975,United Kingdom,adjustment
551054,POST,POSTAGE,2,2011-04-26 11:44:00,28.0,12429,Austria,shipping
551173,DOT,DOTCOM POSTAGE,1,2011-04-26 16:54:00,133.64,,United Kingdom,shipping
551174,DOT,DOTCOM POSTAGE,1,2011-04-26 17:02:00,111.73,,United Kingdom,shipping
551187,C2,CARRIAGE,1,2011-04-27 10:02:00,50.0,14911,EIRE,shipping
551258,POST,POSTAGE,8,2011-04-27 12:02:00,18.0,12621,Germany,shipping
551268,M,MANUAL,48,2011-04-27 12:08:00,0.19,16965,United Kingdom,adjustment
551270,M,MANUAL,1,2011-04-27 12:35:00,2.55,15891,United Kingdom,adjustment
551277,M,MANUAL,1,2011-04-27 13:06:00,1.25,13637,United Kingdom,adjustment
551278,POST,POSTAGE,1,2011-04-27 13:13:00,40.0,12483,Sweden,shipping
551339,DOT,DOTCOM POSTAGE,1,2011-04-27 17:18:00,102.5,,United Kingdom,shipping
551340,DOT,DOTCOM POSTAGE,1,2011-04-27 17:23:00,181.34,,United Kingdom,shipping
551345,POST,POSTAGE,6,2011-04-28 09:03:00,15.0,14646,Netherlands,shipping
551346,POST,POSTAGE,3,2011-04-28 09:12:00,15.0,12362,Belgium,shipping
551389,POST,POSTAGE,1,2011-04-28 11:45:00,18.0,12437,France,shipping
551398,POST,POSTAGE,3,2011-04-28 13:09:00,28.0,12417,Spain,shipping
551419,M,MANUAL,1,2011-04-28 13:51:00,400.0,12748,United Kingdom,adjustment
551467,POST,POSTAGE,1,2011-04-28 16:20:00,18.0,12600,Germany,shipping
551468,DOT,DOTCOM POSTAGE,1,2011-04-28 16:21:00,143.18,,United Kingdom,shipping
551529,POST,POSTAGE,8,2011-05-01 13:18:00,18.0,12524,Germany,shipping
551544,POST,POSTAGE,4,2011-05-03 09:33:00,18.0,12683,France,shipping
551552,POST,POSTAGE,2,2011-05-03 10:09:00,18.0,12598,France,shipping
551649,POST,POSTAGE,2,2011-05-03 12:02:00,20.0,12643,France,shipping
551652,POST,POSTAGE,2,2011-05-03 12:03:00,1.0,12643,France,shipping
551697,POST,POSTAGE,1,2011-05-03 13:46:00,8142.75,16029,United Kingdom,shipping
551714,M,MANUAL,1,2011-05-03 15:15:00,25.95,16806,United Kingdom,adjustment
551718,DOT,DOTCOM POSTAGE,1,2011-05-03 16:06:00,160.37,,United Kingdom,shipping
551719,DOT,DOTCOM POSTAGE,1,2011-05-03 16:09:00,178.12,,United Kingdom,shipping
551818,POST,POSTAGE,4,2011-05-04 11:57:00,18.0,12569,Germany,shipping
551820,POST,POSTAGE,2,2011-05-04 12:11:00,18.0,12645,Germany,shipping
551868,POST,POSTAGE,8,2011-05-04 16:29:00,28.0,12540,Spain,shipping
551886,POST,POSTAGE,1,2011-05-05 09:23:00,18.0,12569,Germany,shipping
551887,POST,POSTAGE,2,2011-05-05 09:29:00,18.0,12593,France,shipping
551945,BANK CHARGES,BANK CHARGES,1,2011-05-05 11:09:00,15.0,16714,United Kingdom,fee
551950,C2,CARRIAGE,1,2011-05-05 11:38:00,50.0,14911,EIRE,shipping
551982,M,MANUAL,3,2011-05-05 13:56:00,2.1,15023,United Kingdom,adjustment
551985,POST,POSTAGE,1,2011-05-05 14:38:00,15.0,12395,Belgium,shipping
551995,DOT,DOTCOM POSTAGE,1,2011-05-05 15:42:00,55.64,,United Kingdom,shipping
551997,DOT,DOTCOM POSTAGE,1,2011-05-05 15:47:00,43.57,,United Kingdom,shipping
552000,DOT,DOTCOM POSTAGE,1,2011-05-05 15:56:00,49.62,,United Kingdom,shipping
552008,POST,POSTAGE,4,2011-05-05 17:13:00,18.0,12476,Germany,shipping
552040,POST,POSTAGE,4,2011-05-06 08:19:00,28.0,12502,Spain,shipping
552188,POST,POSTAGE,2,2011-05-06 14:01:00,15.0,12394,Belgium,shipping
552202,POST,POSTAGE,1,2011-05-06 14:51:00,40.0,12414,Austria,shipping
552229,DOT,DOTCOM POSTAGE,1,2011-05-06 15:40:00,21.74,,United Kingdom,shipping
552232,GIFT_0001_50,DOTCOMGIFTSHOP GIFT VOUCHER £50.00,1,2011-05-06 15:54:00,41.67,,United Kingdom,non_merchandise
552232,DOT,DOTCOM POSTAGE,1,2011-05-06 15:54:00,36.71,,United Kingdom,shipping
552234,DOT,DOTCOM POSTAGE,1,2011-05-06 16:01:00,174.24,,United Kingdom,shipping
552259,M,MANUAL,1,2011-05-08 11:13:00,1.0,15796,United Kingdom,adjustment
552315,POST,POSTAGE,6,2011-05-08 16:10:00,18.0,12700,France,shipping
552325,POST,POSTAGE,2,2011-05-09 09:47:00,18.0,12490,France,shipping
552337,POST,POSTAGE,3,2011-05-09 11:34:00,18.0,12621,Germany,shipping
552464,POST,POSTAGE,1,2011-05-09 15:12:00,18.0,12726,France,shipping
552493,DOT,DOTCOM POSTAGE,1,2011-05-09 16:21:00,226.61,,United Kingdom,shipping
552508,DOT,DOTCOM POSTAGE,1,2011-05-09 16:27:00,198.6,,United Kingdom,shipping
552514,DOT,DOTCOM POSTAGE,1,2011-05-09 16:30:00,205.45,,United Kingdom,shipping
552520,DOT,DOTCOM POSTAGE,1,2011-05-09 16:34:00,189.84,,United Kingdom,shipping
552543,POST,POSTAGE,2,2011-05-10 10:22:00,15.0,12399,Belgium,shipping
552549,M,MANUAL,1,2011-05-10 10:39:00,334.71,15674,United Kingdom,adjustment
552631,POST,POSTAGE,2,2011-05-10 12:55:00,18.0,12684,France,shipping
552649,POST,POSTAGE,1,2011-05-10 13:44:00,18.0,12592,Germany,shipping
552656,POST,POSTAGE,3,2011-05-10 14:46:00,18.0,12712,Germany,shipping
552660,DOT,DOTCOM POSTAGE,1,2011-05-10 15:03:00,184.92,,United Kingdom,shipping
552662,DOT,DOTCOM POSTAGE,1,2011-05-10 15:04:00,161.88,,United Kingdom,shipping
552663,DOT,DOTCOM POSTAGE,1,2011-05-10 15:04:00,133.17,,United Kingdom,shipping
552665,DOT,DOTCOM POSTAGE,1,2011-05-10 15:05:00,101.92,,United Kingdom,shipping
552666,DOT,DOTCOM POSTAGE,1,2011-05-10 15:05:00,109.25,,United Kingdom,shipping
552667,DOT,DOTCOM POSTAGE,1,2011-05-10 15:05:00,118.38,,United Kingdom,shipping
552668,DOT,DOTCOM POSTAGE,1,2011-05-10 15:05:00,168.63,,United Kingdom,shipping
552670,DOT,DOTCOM POSTAGE,1,2011-05-10 15:06:00,181.83,,United Kingdom,shipping
552671,DOT,DOTCOM POSTAGE,1,2011-05-10 15:06:00,146.29,,United Kingdom,shipping
552672,DOT,DOTCOM POSTAGE,1,2011-05-10 15:06:00,135.67,,United Kingdom,shipping
552673,DOT,DOTCOM POSTAGE,1,2011-05-10 15:07:00,95.38,,United Kingdom,shipping
552674,DOT,DOTCOM POSTAGE,1,2011-05-10 15:07:00,132.29,,United Kingdom,shipping
552675,DOT,DOTCOM POSTAGE,1,2011-05-10 15:07:00,166.88,,United Kingdom,shipping
552676,DOT,DOTCOM POSTAGE,1,2011-05-10 15:07:00,202.29,,United Kingdom,shipping
552677,DOT,DOTCOM POSTAGE,1,2011-05-10 15:07:00,202.96,,United Kingdom,shipping
552678,DOT,DOTCOM POSTAGE,1,2011-05-10 15:08:00,201.5,,United Kingdom,shipping
552681,DOT,DOTCOM POSTAGE,1,2011-05-10 15:08:00,166.08,,United Kingdom,shipping
552683,DOT,DOTCOM POSTAGE,1,2011-05-10 15:09:00,131.42,,United Kingdom,shipping
552684,DOT,DOTCOM POSTAGE,1,2011-05-10 15:09:00,161.96,,United Kingdom,shipping
552687,DOT,DOTCOM POSTAGE,1,2011-05-10 15:09:00,246.5,,United Kingdom,shipping
552702,DOT,DOTCOM POSTAGE,1,2011-05-10 16:00:00,120.92,,United Kingdom,shipping
552731,POST,POSTAGE,2,2011-05-11 10:43:00,18.0,12372,Denmark,shipping
552844,POST,POSTAGE,2,2011-05-11 14:37:00,18.0,12649,Germany,shipping
552845,POST,POSTAGE,6,2011-05-11 14:37:00,15.0,14646,Netherlands,shipping
552846,POST,POSTAGE,1,2011-05-11 14:38:00,18.0,14646,Netherlands,shipping
552857,DOT,DOTCOM POSTAGE,1,2011-05-11 15:34:00,175.69,,United Kingdom,shipping
552871,POST,POSTAGE,2,2011-05-12 08:52:00,18.0,12693,Germany,shipping
552874,POST,POSTAGE,7,2011-05-12 09:40:00,18.0,12621,Germany,shipping
552878,POST,POSTAGE,8,2011-05-12 09:54:00,18.0,12625,Germany,shipping
552884,POST,POSTAGE,1,2011-05-12 10:15:00,15.0,12395,Belgium,shipping
552946,POST,POSTAGE,1,2011-05-12 11:50:00,18.0,12683,France,shipping
552980,POST,POSTAGE,1,2011-05-12 14:52:00,523.0,12590,Germany,shipping
553002,M,MANUAL,2,2011-05-12 15:26:00,1.95,13263,United Kingdom,adjustment
553013,DOT,DOTCOM POSTAGE,1,2011-05-12 18:19:00,189.68,,United Kingdom,shipping
553018,M,MANUAL,1,2011-05-12 19:02:00,557.72,12757,Portugal,adjustment
553035,M,MANUAL,1,2011-05-12 20:13:00,1.45,17337,United Kingdom,adjustment
553037,POST,POSTAGE,4,2011-05-13 08:10:00,18.0,12471,Germany,shipping
553044,POST,POSTAGE,2,2011-05-13 09:24:00,18.0,12682,France,shipping
553161,POST,POSTAGE,1,2011-05-13 15:48:00,18.0,12681,France,shipping
553162,DOT,DOTCOM POSTAGE,1,2011-05-13 15:53:00,152.19,,United Kingdom,shipping
553189,M,MANUAL,2,2011-05-15 13:14:00,1.65,15033,United Kingdom,adjustment
553195,POST,POSTAGE,1,2011-05-15 13:45:00,18.0,12599,France,shipping
553203,C2,CARRIAGE,1,2011-05-15 16:10:00,50.0,14911,EIRE,shipping
553208,POST,POSTAGE,2,2011-05-16 09:10:00,18.0,12674,France,shipping
553316,POST,POSTAGE,1,2011-05-16 12:04:00,18.0,12682,France,shipping
553357,M,MANUAL,2,2011-05-16 14:17:00,15.0,12684,France,adjustment
553387,GIFT_0001_10,DOTCOMGIFTSHOP GIFT VOUCHER £10.00,1,2011-05-16 16:33:00,8.33,,United Kingdom,non_merchandise
553387,DOT,DOTCOM POSTAGE,1,2011-05-16 16:33:00,182.67,,United Kingdom,shipping
553389,GIFT_0001_10,DOTCOMGIFTSHOP GIFT VOUCHER £10.00,1,2011-05-16 16:37:00,8.33,,United Kingdom,non_merchandise
553389,DOT,DOTCOM POSTAGE,1,2011-05-16 16:37:00,113.99,,United Kingdom,shipping
553393,DOT,DOTCOM POSTAGE,1,2011-05-16 16:46:00,66.38,,United Kingdom,shipping
553411,POST,POSTAGE,3,2011-05-17 09:28:00,18.0,12714,France,shipping
553415,POST,POSTAGE,2,2011-05-17 10:02:00,18.0,12463,Belgium,shipping
553521,M,MANUAL,1,2011-05-17 14:35:00,452.45,,United Kingdom,adjustment
553539,M,MANUAL,1,2011-05-17 15:27:00,465.87,,United Kingdom,adjustment
553541,DOT,DOTCOM POSTAGE,1,2011-05-17 15:33:00,248.13,,United Kingdom,shipping
553542,DOT,DOTCOM POSTAGE,1,2011-05-17 15:34:00,204.63,,United Kingdom,shipping
553543,DOT,DOTCOM POSTAGE,1,2011-05-17 15:35:00,154.5,,United Kingdom,shipping
553544,DOT,DOTCOM POSTAGE,1,2011-05-17 15:36:00,124.08,,United Kingdom,shipping
553545,DOT,DOTCOM POSTAGE,1,2011-05-17 15:37:00,105.96,,United Kingdom,shipping
553547,POST,POSTAGE,4,2011-05-17 15:48:00,18.0,12474,Germany,shipping
553549,DOT,DOTCOM POSTAGE,1,2011-05-17 16:09:00,179.67,,United Kingdom,shipping
553559,M,MANUAL,1,2011-05-17 17:12:00,293.0,14931,Channel Islands,adjustment
553566,POST,POSTAGE,3,2011-05-18 09:09:00,18.0,12690,France,shipping
553577,POST,POSTAGE,2,2011-05-18 10:34:00,18.0,12437,France,shipping
553666,POST,POSTAGE,2,2011-05-18 12:18:00,18.0,12679,France,shipping
553674,POST,POSTAGE,1,2011-05-18 12:50:00,40.0,12483,Sweden,shipping
553679,C2,CARRIAGE,1,2011-05-18 13:09:00,50.0,14565,United Kingdom,shipping
553682,POST,POSTAGE,4,2011-05-18 13:20:00,15.0,14646,Netherlands,shipping
553718,DOT,DOTCOM POSTAGE,1,2011-05-18 16:14:00,176.8,,United Kingdom,shipping
553731,POST,POSTAGE,4,2011-05-19 08:26:00,18.0,12481,Germany,shipping
553741,POST,POSTAGE,3,2011-05-19 09:37:00,18.0,12520,Germany,shipping
553766,DOT,DOTCOM POSTAGE,1,2011-05-19 10:44:00,205.5,,United Kingdom,shipping
553767,DOT,DOTCOM POSTAGE,1,2011-05-19 10:46:00,162.75,,United Kingdom,shipping
553768,DOT,DOTCOM POSTAGE,1,2011-05-19 10:47:00,236.46,,United Kingdom,shipping
553842,POST,POSTAGE,2,2011-05-19 12:24:00,18.0,12524,Germany,shipping
553843,POST,POSTAGE,2,2011-05-19 12:29:00,18.0,12553,France,shipping
553884,POST,POSTAGE,1,2011-05-19 15:36:00,18.0,12600,Germany,shipping
553885,POST,POSTAGE,1,2011-05-19 15:41:00,18.0,12601,Germany,shipping
553890,DOT,DOTCOM POSTAGE,1,2011-05-19 16:32:00,167.03,,United Kingdom,shipping
553897,C2,CARRIAGE,1,2011-05-19 17:23:00,50.0,14911,EIRE,shipping
553921,C2,CARRIAGE,1,2011-05-20 09:08:00,50.0,13376,United Kingdom,shipping
553931,C2,CARRIAGE,1,2011-05-20 10:27:00,50.0,14911,EIRE,shipping
553997,POST,POSTAGE,9,2011-05-20 11:34:00,18.0,12656,France,shipping
554038,POST,POSTAGE,2,2011-05-20 14:23:00,15.0,12775,Netherlands,shipping
554054,DOT,DOTCOM POSTAGE,1,2011-05-20 15:29:00,124.27,,United Kingdom,shipping
554097,POST,POSTAGE,5,2011-05-22 13:01:00,18.0,12567,France,shipping
554104,POST,POSTAGE,4,2011-05-22 14:03:00,18.0,12705,Germany,shipping
554106,POST,POSTAGE,4,2011-05-22 14:05:00,18.0,12710,Germany,shipping
554109,POST,POSTAGE,2,2011-05-22 14:33:00,18.0,12682,France,shipping
554132,POST,POSTAGE,4,2011-05-23 09:43:00,40.0,12360,Austria,shipping
554134,POST,POSTAGE,2,2011-05-23 09:48:00,18.0,12583,France,shipping
554137,POST,POSTAGE,2,2011-05-23 10:13:00,18.0,12708,Germany,shipping
554147,POST,POSTAGE,2,2011-05-23 10:48:00,15.0,12423,Belgium,shipping
554155,M,MANUAL,1,2011-05-23 11:26:00,1241.98,12757,Portugal,adjustment
554159,POST,POSTAGE,2,2011-05-23 11:48:00,15.0,12464,Belgium,shipping
554280,C2,CARRIAGE,1,2011-05-23 13:35:00,50.0,14817,United Kingdom,shipping
554285,DOT,DOTCOM POSTAGE,1,2011-05-23 14:15:00,156.92,,United Kingdom,shipping
554293,DOT,DOTCOM POSTAGE,1,2011-05-23 14:19:00,159.63,,United Kingdom,shipping
554301,M,MANUAL,1,2011-05-23 14:46:00,1241.98,12757,Portugal,adjustment
554305,M,MANUAL,1,2011-05-23 14:58:00,557.72,12757,Portugal,adjustment
554310,DOT,DOTCOM POSTAGE,1,2011-05-23 15:25:00,249.91,,United Kingdom,shipping
554324,POST,POSTAGE,1,2011-05-23 15:38:00,18.0,12712,Germany,shipping
554325,POST,POSTAGE,3,2011-05-23 15:38:00,18.0,12621,Germany,shipping
554356,POST,POSTAGE,2,2011-05-24 09:25:00,18.0,12670,France,shipping
554363,POST,POSTAGE,2,2011-05-24 10:19:00,18.0,12647,Germany,shipping
554511,DOT,DOTCOM POSTAGE,1,2011-05-24 15:52:00,162.67,,United Kingdom,shipping
554512,DOT,DOTCOM POSTAGE,1,2011-05-24 15:54:00,194.12,,United Kingdom,shipping
554514,DOT,DOTCOM POSTAGE,1,2011-05-24 15:58:00,214.29,,United Kingdom,shipping
554555,POST,POSTAGE,2,2011-05-25 10:08:00,18.0,12437,France,shipping
554648,POST,POSTAGE,3,2011-05-25 12:44:00,18.0,12562,France,shipping
554650,POST,POSTAGE,3,2011-05-25 12:54:00,18.0,12681,France,shipping
554654,POST,POSTAGE,3,2011-05-25 13:34:00,40.0,12815,Poland,shipping
554694,DOT,DOTCOM POSTAGE,1,2011-05-25 17:06:00,202.77,,United Kingdom,shipping
554699,POST,POSTAGE,3,2011-05-26 09:17:00,18.0,12613,Germany,shipping
554711,POST,POSTAGE,1,2011-05-26 10:41:00,18.0,12654,Germany,shipping
554714,DOT,DOTCOM POSTAGE,1,2011-05-26 10:44:00,155.25,,United Kingdom,shipping
554770,C2,CARRIAGE,1,2011-05-26 11:40:00,50.0,14911,EIRE,shipping
554792,POST,POSTAGE,1,2011-05-26 12:38:00,28.0,12547,Spain,shipping
554794,POST,POSTAGE,2,2011-05-26 12:41:00,18.0,12720,Germany,shipping
554826,C2,CARRIAGE,2,2011-05-26 14:53:00,18.0,12493,France,shipping
554835,23444,NEXT DAY CARRIAGE,1,2011-05-26 16:11:00,15.0,15241,United Kingdom,shipping
554840,POST,POSTAGE,2,2011-05-26 17:16:00,18.0,12684,France,shipping
554861,POST,POSTAGE,5,2011-05-27 10:29:00,18.0,12633,Germany,shipping
554924,POST,POSTAGE,1,2011-05-27 12:54:00,4.0,12748,United Kingdom,shipping
554933,M,MANUAL,2,2011-05-27 13:26:00,0.3,13232,United Kingdom,adjustment
554938,POST,POSTAGE,4,2011-05-27 13:34:00,15.0,12876,Belgium,shipping
554940,POST,POSTAGE,2,2011-05-27 13:49:00,18.0,12494,France,shipping
554957,DOT,DOTCOM POSTAGE,1,2011-05-27 15:17:00,75.75,,United Kingdom,shipping
554958,DOT,DOTCOM POSTAGE,1,2011-05-27 15:17:00,167.88,,United Kingdom,shipping
554959,DOT,DOTCOM POSTAGE,1,2011-05-27 15:18:00,58.5,,United Kingdom,shipping
554960,DOT,DOTCOM POSTAGE,1,2011-05-27 15:18:00,148.75,,United Kingdom,shipping
554961,DOT,DOTCOM POSTAGE,1,2011-05-27 15:19:00,164.29,,United Kingdom,shipping
554985,POST,POSTAGE,4,2011-05-29 12:26:00,18.0,12426,Germany,shipping
555003,POST,POSTAGE,1,2011-05-31 09:36:00,15.0,12787,Netherlands,shipping
555095,POST,POSTAGE,7,2011-05-31 13:32:00,28.0,12540,Spain,shipping
555096,POST,POSTAGE,3,2011-05-31 13:32:00,18.0,12682,France,shipping
555106,POST,POSTAGE,2,2011-05-31 14:14:00,15.0,12790,Netherlands,shipping
555110,M,MANUAL,2,2011-05-31 14:34:00,1.65,17841,United Kingdom,adjustment
555147,POST,POSTAGE,4,2011-05-31 15:41:00,40.0,13505,Switzerland,shipping
555149,GIFT_0001_30,DOTCOMGIFTSHOP GIFT VOUCHER £30.00,1,2011-05-31 15:49:00,25.0,,United Kingdom,non_merchandise
555149,DOT,DOTCOM POSTAGE,1,2011-05-31 15:49:00,154.01,,United Kingdom,shipping
555150,DOT,DOTCOM POSTAGE,1,2011-05-31 15:53:00,183.55,,United Kingdom,shipping
555161,POST,POSTAGE,1,2011-06-01 09:26:00,15.0,12423,Belgium,shipping
555162,POST,POSTAGE,4,2011-06-01 10:15:00,18.0,12473,Germany,shipping
555251,23444,NEXT DAY CARRIAGE,1,2011-06-01 15:12:00,15.0,13062,United Kingdom,shipping
555264,M,MANUAL,1,2011-06-01 16:03:00,3.95,17757,United Kingdom,adjustment
555275,DOT,DOTCOM POSTAGE,1,2011-06-01 17:18:00,205.29,,United Kingdom,shipping
555276,DOT,DOTCOM POSTAGE,1,2011-06-01 17:28:00,185.88,,United Kingdom,shipping
555277,DOT,DOTCOM POSTAGE,1,2011-06-01 17:30:00,124.87,,United Kingdom,shipping
555278,DOT,DOTCOM POSTAGE,1,2011-06-01 17:33:00,97.96,,United Kingdom,shipping
555312,23444,NEXT DAY CARRIAGE,1,2011-06-02 10:39:00,15.0,16484,United Kingdom,shipping
555320,DOT,DOTCOM POSTAGE,1,2011-06-02 11:00:00,98.54,,United Kingdom,shipping
555321,DOT,DOTCOM POSTAGE,1,2011-06-02 11:01:00,56.79,,United Kingdom,shipping
555322,DOT,DOTCOM POSTAGE,1,2011-06-02 11:01:00,88.71,,United Kingdom,shipping
555323,DOT,DOTCOM POSTAGE,1,2011-06-02 11:02:00,46.0,,United Kingdom,shipping
555324,DOT,DOTCOM POSTAGE,1,2011-06-02 11:02:00,124.08,,United Kingdom,shipping
555325,DOT,DOTCOM POSTAGE,1,2011-06-02 11:02:00,47.67,,United Kingdom,shipping
555326,DOT,DOTCOM POSTAGE,1,2011-06-02 11:03:00,79.67,,United Kingdom,shipping
555327,DOT,DOTCOM POSTAGE,1,2011-06-02 11:03:00,158.63,,United Kingdom,shipping
555367,23444,NEXT DAY CARRIAGE,1,2011-06-02 14:28:00,15.0,17900,United Kingdom,shipping
555397,DOT,DOTCOM POSTAGE,1,2011-06-02 17:26:00,216.8,,United Kingdom,shipping
555403,POST,POSTAGE,1,2011-06-02 18:06:00,40.0,12676,Sweden,shipping
555407,POST,POSTAGE,1,2011-06-03 07:48:00,15.0,12775,Netherlands,shipping
555417,POST,POSTAGE,1,2011-06-03 10:17:00,18.0,12601,Germany,shipping
555470,POST,POSTAGE,1,2011-06-03 11:33:00,28.0,12455,Spain,shipping
555510,DOT,DOTCOM POSTAGE,1,2011-06-03 17:09:00,181.45,,United Kingdom,shipping
555523,POST,POSTAGE,2,2011-06-05 11:36:00,18.0,12468,Germany,shipping
555531,POST,POSTAGE,11,2011-06-05 11:53:00,18.0,12678,France,shipping
555547,POST,POSTAGE,4,2011-06-05 13:13:00,18.0,12681,France,shipping
555553,POST,POSTAGE,2,2011-06-05 13:45:00,18.0,12662,Germany,shipping
555569,POST,POSTAGE,5,2011-06-05 15:29:00,18.0,12727,France,shipping
555572,POST,POSTAGE,6,2011-06-05 15:37:00,15.0,12449,Belgium,shipping
555574,POST,POSTAGE,3,2011-06-05 15:46:00,15.0,12417,Belgium,shipping
555589,POST,POSTAGE,2,2011-06-06 09:36:00,15.0,12802,Netherlands,shipping
555648,M,MANUAL,12,2011-06-06 13:46:00,0.39,14623,United Kingdom,adjustment
555719,POST,POSTAGE,5,2011-06-06 15:31:00,18.0,12609,Germany,shipping
555721,POST,POSTAGE,3,2011-06-06 16:01:00,15.0,15108,European Community,shipping
555722,DOT,DOTCOM POSTAGE,1,2011-06-06 16:06:00,208.89,,United Kingdom,shipping
555726,POST,POSTAGE,2,2011-06-06 16:23:00,28.0,12540,Spain,shipping
555739,POST,POSTAGE,3,2011-06-07 09:49:00,15.0,12380,Belgium,shipping
555851,M,MANUAL,1,2011-06-07 13:37:00,3.75,13050,United Kingdom,adjustment
555858,C2,CARRIAGE,1,2011-06-07 14:12:00,50.0,14911,EIRE,shipping
555869,POST,POSTAGE,1,2011-06-07 14:54:00,5.15,,United Kingdom,shipping
555923,DOT,DOTCOM POSTAGE,1,2011-06-07 17:09:00,222.18,,United Kingdom,shipping
555924,DOT,DOTCOM POSTAGE,1,2011-06-07 17:12:00,174.78,,United Kingdom,shipping
555925,DOT,DOTCOM POSTAGE,1,2011-06-07 17:13:00,173.59,,United Kingdom,shipping
555928,POST,POSTAGE,2,2011-06-08 08:02:00,15.0,12383,Belgium,shipping
555931,POST,POSTAGE,4,2011-06-08 08:31:00,40.0,17828,Malta,shipping
555937,POST,POSTAGE,3,2011-06-08 09:39:00,18.0,12683,France,shipping
555941,POST,POSTAGE,1,2011-06-08 10:10:00,18.0,12726,France,shipping
555943,POST,POSTAGE,3,2011-06-08 10:15:00,40.0,13520,Switzerland,shipping
555948,23444,NEXT DAY CARRIAGE,1,2011-06-08 10:49:00,30.0,13752,United Kingdom,shipping
556070,M,MANUAL,1,2011-06-08 14:51:00,129.38,17873,United Kingdom,adjustment
556081,DOT,DOTCOM POSTAGE,1,2011-06-08 15:22:00,169.29,,United Kingdom,shipping
556082,DOT,DOTCOM POSTAGE,1,2011-06-08 15:22:00,212.96,,United Kingdom,shipping
556083,DOT,DOTCOM POSTAGE,1,2011-06-08 15:23:00,89.79,,United Kingdom,shipping
556085,DOT,DOTCOM POSTAGE,1,2011-06-08 15:23:00,151.33,,United Kingdom,shipping
556086,DOT,DOTCOM POSTAGE,1,2011-06-08 15:24:00,53.33,,United Kingdom,shipping
556087,DOT,DOTCOM POSTAGE,1,2011-06-08 15:24:00,110.13,,United Kingdom,shipping
556088,DOT,DOTCOM POSTAGE,1,2011-06-08 15:24:00,36.13,,United Kingdom,shipping
556089,DOT,DOTCOM POSTAGE,1,2011-06-08 15:25:00,93.75,,United Kingdom,shipping
556090,DOT,DOTCOM POSTAGE,1,2011-06-08 15:25:00,61.79,,United Kingdom,shipping
556091,DOT,DOTCOM POSTAGE,1,2011-06-08 15:25:00,84.63,,United Kingdom,shipping
556092,DOT,DOTCOM POSTAGE,1,2011-06-08 15:25:00,97.79,,United Kingdom,shipping
556093,DOT,DOTCOM POSTAGE,1,2011-06-08 15:26:00,224.42,,United Kingdom,shipping
556094,DOT,DOTCOM POSTAGE,1,2011-06-08 15:26:00,98.75,,United Kingdom,shipping
556095,DOT,DOTCOM POSTAGE,1,2011-06-08 15:27:00,192.54,,United Kingdom,shipping
556108,DOT,DOTCOM POSTAGE,1,2011-06-08 17:59:00,275.98,,United Kingdom,shipping
556114,POST,POSTAGE,1,2011-06-09 09:36:00,18.0,12569,Germany,shipping
556118,POST,POSTAGE,2,2011-06-09 09:54:00,18.0,13811,Germany,shipping
556126,C2,CARRIAGE,1,2011-06-09 10:23:00,50.0,14911,EIRE,shipping
556194,POST,POSTAGE,2,2011-06-09 12:20:00,18.0,12483,Sweden,shipping
556203,POST,POSTAGE,1,2011-06-09 13:09:00,15.0,12399,Belgium,shipping
556206,C2,CARRIAGE,1,2011-06-09 13:46:00,50.0,14911,EIRE,shipping
556222,M,MANUAL,12,2011-06-09 14:23:00,0.38,17522,United Kingdom,adjustment
556235,POST,POSTAGE,1,2011-06-09 15:29:00,15.0,12778,Netherlands,shipping
556237,DOT,DOTCOM POSTAGE,1,2011-06-09 15:34:00,275.34,,United Kingdom,shipping
556241,POST,POSTAGE,8,2011-06-09 16:04:00,28.0,12597,Spain,shipping
556243,DOT,DOTCOM POSTAGE,1,2011-06-09 16:07:00,237.33,,United Kingdom,shipping
556258,POST,POSTAGE,3,2011-06-09 17:48:00,18.0,12694,France,shipping
556259,POST,POSTAGE,4,2011-06-09 17:53:00,18.0,12721,France,shipping
556305,POST,POSTAGE,4,2011-06-10 10:38:00,18.0,12643,France,shipping
556427,DOT,DOTCOM POSTAGE,1,2011-06-10 13:23:00,91.33,,United Kingdom,shipping
556428,DOT,DOTCOM POSTAGE,1,2011-06-10 13:23:00,130.71,,United Kingdom,shipping
556429,DOT,DOTCOM POSTAGE,1,2011-06-10 13:23:00,61.63,,United Kingdom,shipping
556431,DOT,DOTCOM POSTAGE,1,2011-06-10 13:24:00,9.08,,United Kingdom,shipping
556443,POST,POSTAGE,4,2011-06-10 15:28:00,18.0,12712,Germany,shipping
556459,DOT,DOTCOM POSTAGE,1,2011-06-10 17:25:00,171.46,,United Kingdom,shipping
556463,POST,POSTAGE,2,2011-06-12 10:47:00,18.0,12583,France,shipping
556469,POST,POSTAGE,3,2011-06-12 11:37:00,18.0,12516,Germany,shipping
556507,POST,POSTAGE,8,2011-06-13 09:55:00,18.0,12567,France,shipping
556509,POST,POSTAGE,2,2011-06-13 10:33:00,18.0,12708,Germany,shipping
556513,DOT,DOTCOM POSTAGE,1,2011-06-13 10:45:00,101.17,,United Kingdom,shipping
556514,POST,POSTAGE,1,2011-06-13 10:45:00,3.3,,United Kingdom,shipping
556515,DOT,DOTCOM POSTAGE,1,2011-06-13 10:45:00,61.71,,United Kingdom,shipping
556516,DOT,DOTCOM POSTAGE,1,2011-06-13 10:46:00,87.04,,United Kingdom,shipping
556517,POST,POSTAGE,5,2011-06-13 10:52:00,18.0,12481,Germany,shipping
556519,POST,POSTAGE,1,2011-06-13 10:54:00,2.02,16794,United Kingdom,shipping
556526,POST,POSTAGE,1,2011-06-13 11:33:00,18.0,12732,France,shipping
556527,M,MANUAL,4,2011-06-13 11:33:00,1.65,16205,United Kingdom,adjustment
556529,POST,POSTAGE,4,2011-06-13 11:41:00,18.0,12714,France,shipping
556573,M,MANUAL,1,2011-06-13 13:32:00,4.25,14667,United Kingdom,adjustment
556574,23444,NEXT DAY CARRIAGE,1,2011-06-13 13:41:00,15.0,16209,United Kingdom,shipping
556578,POST,POSTAGE,7,2011-06-13 14:13:00,18.0,12472,Germany,shipping
556636,DOT,DOTCOM POSTAGE,1,2011-06-13 15:30:00,188.54,,United Kingdom,shipping
556671,M,MANUAL,1,2011-06-13 16:33:00,2.5,17841,United Kingdom,adjustment
556767,23444,NEXT DAY CARRIAGE,1,2011-06-14 12:17:00,15.0,18073,United Kingdom,shipping
556784,M,MANUAL,1,2011-06-14 13:15:00,0.39,14461,United Kingdom,adjustment
556794,23444,NEXT DAY CARRIAGE,1,2011-06-14 14:06:00,15.0,13720,United Kingdom,shipping
556812,DOT,DOTCOM POSTAGE,1,2011-06-14 17:25:00,239.67,,United Kingdom,shipping
556813,DOT,DOTCOM POSTAGE,1,2011-06-14 17:28:00,191.78,,United Kingdom,shipping
556816,POST,POSTAGE,3,2011-06-15 09:01:00,18.0,12437,France,shipping
556819,POST,POSTAGE,4,2011-06-15 10:21:00,18.0,12682,France,shipping
556821,DOT,DOTCOM POSTAGE,1,2011-06-15 10:22:00,50.96,,United Kingdom,shipping
556823,DOT,DOTCOM POSTAGE,1,2011-06-15 10:24:00,20.5,,United Kingdom,shipping
556824,DOT,DOTCOM POSTAGE,1,2011-06-15 10:24:00,65.79,,United Kingdom,shipping
556825,DOT,DOTCOM POSTAGE,1,2011-06-15 10:24:00,117.42,,United Kingdom,shipping
556826,DOT,DOTCOM POSTAGE,1,2011-06-15 10:25:00,277.0,,United Kingdom,shipping
556829,POST,POSTAGE,3,2011-06-15 10:51:00,28.0,12809,Portugal,shipping
556883,C2,CARRIAGE,1,2011-06-15 12:24:00,50.0,13343,United Kingdom,shipping
556886,POST,POSTAGE,2,2011-06-15 12:34:00,18.0,12624,France,shipping
556932,DOT,DOTCOM POSTAGE,1,2011-06-15 15:41:00,141.03,,United Kingdom,shipping
556969,C2,CARRIAGE,1,2011-06-16 10:11:00,25.0,16257,United Kingdom,shipping
557007,POST,POSTAGE,7,2011-06-16 11:30:00,28.0,12484,Spain,shipping
557027,POST,POSTAGE,2,2011-06-16 13:24:00,40.0,12816,Poland,shipping
557055,POST,POSTAGE,2,2011-06-16 14:45:00,18.0,12621,Germany,shipping
557069,POST,POSTAGE,3,2011-06-16 15:22:00,18.0,12562,France,shipping
557112,DOT,DOTCOM POSTAGE,1,2011-06-16 16:31:00,273.01,,United Kingdom,shipping
557136,C2,CARRIAGE,1,2011-06-17 09:23:00,50.0,14911,EIRE,shipping
557147,POST,POSTAGE,4,2011-06-17 10:51:00,15.0,12408,Belgium,shipping
557232,POST,POSTAGE,2,2011-06-17 14:28:00,18.0,12463,Belgium,shipping
557295,POST,POSTAGE,1,2011-06-19 13:37:00,18.0,12724,France,shipping
557297,POST,POSTAGE,2,2011-06-19 13:54:00,28.0,12421,Spain,shipping
557314,POST,POSTAGE,1,2011-06-19 15:59:00,28.0,12541,Spain,shipping
557318,C2,CARRIAGE,1,2011-06-19 16:11:00,50.0,14911,EIRE,shipping
557324,DOT,DOTCOM POSTAGE,1,2011-06-20 09:41:00,212.33,,United Kingdom,shipping
557377,M,MANUAL,1,2011-06-20 11:00:00,1917.0,,EIRE,adjustment
557377,M,MANUAL,1,2011-06-20 11:00:00,1216.12,,EIRE,adjustment
557427,POST,POSTAGE,9,2011-06-20 12:14:00,18.0,12429,Denmark,shipping
557466,POST,POSTAGE,11,2011-06-20 13:08:00,18.0,13815,Germany,shipping
557480,DOT,DOTCOM POSTAGE,1,2011-06-20 14:10:00,86.38,,United Kingdom,shipping
557481,DOT,DOTCOM POSTAGE,1,2011-06-20 14:11:00,130.63,,United Kingdom,shipping
557482,DOT,DOTCOM POSTAGE,1,2011-06-20 14:11:00,57.58,,United Kingdom,shipping
557483,POST,POSTAGE,1,2011-06-20 14:17:00,18.0,12643,France,shipping
557489,POST,POSTAGE,3,2011-06-20 14:58:00,18.0,12490,France,shipping
557493,DOT,DOTCOM POSTAGE,1,2011-06-20 15:18:00,132.33,,United Kingdom,shipping
557494,DOT,DOTCOM POSTAGE,1,2011-06-20 15:19:00,182.38,,United Kingdom,shipping
557495,DOT,DOTCOM POSTAGE,1,2011-06-20 15:19:00,26.33,,United Kingdom,shipping
557496,DOT,DOTCOM POSTAGE,1,2011-06-20 15:19:00,101.17,,United Kingdom,shipping
557497,DOT,DOTCOM POSTAGE,1,2011-06-20 15:20:00,46.13,,United Kingdom,shipping
557500,GIFT_0001_20,DOTCOMGIFTSHOP GIFT VOUCHER £20.00,1,2011-06-20 15:27:00,16.67,,United Kingdom,non_merchandise
557500,DOT,DOTCOM POSTAGE,1,2011-06-20 15:27:00,167.02,,United Kingdom,shipping
557502,DOT,DOTCOM POSTAGE,1,2011-06-20 15:32:00,173.3,,United Kingdom,shipping
557525,POST,POSTAGE,3,2011-06-21 09:26:00,15.0,12759,Netherlands,shipping
557569,POST,POSTAGE,2,2011-06-21 10:46:00,18.0,12474,Germany,shipping
557605,C2,CARRIAGE,1,2011-06-21 12:06:00,25.0,14911,EIRE,shipping
557627,POST,POSTAGE,1,2011-06-21 14:30:00,18.0,12583,France,shipping
557641,DOT,DOTCOM POSTAGE,1,2011-06-21 16:35:00,75.71,,United Kingdom,shipping
557642,DOT,DOTCOM POSTAGE,1,2011-06-21 16:35:00,88.75,,United Kingdom,shipping
557643,DOT,DOTCOM POSTAGE,1,2011-06-21 16:36:00,129.08,,United Kingdom,shipping
557644,DOT,DOTCOM POSTAGE,1,2011-06-21 17:06:00,138.46,,United Kingdom,shipping
557645,DOT,DOTCOM POSTAGE,1,2011-06-21 17:08:00,87.75,,United Kingdom,shipping
557669,POST,POSTAGE,2,2011-06-22 09:43:00,18.0,12674,France,shipping
557675,POST,POSTAGE,1,2011-06-22 10:27:00,15.0,,Hong Kong,shipping
557681,23444,NEXT DAY CARRIAGE,1,2011-06-22 10:31:00,15.0,14463,United Kingdom,shipping
557734,POST,POSTAGE,2,2011-06-22 11:20:00,18.0,12684,France,shipping
557742,C2,CARRIAGE,1,2011-06-22 11:46:00,50.0,14911,EIRE,shipping
557754,POST,POSTAGE,1,2011-06-22 13:12:00,700.0,12432,Norway,shipping
557759,C2,CARRIAGE,1,2011-06-22 13:52:00,50.0,14156,EIRE,shipping
557768,POST,POSTAGE,1,2011-06-22 14:26:00,3.01,,United Kingdom,shipping
557789,POST,POSTAGE,3,2011-06-22 16:32:00,15.0,12379,Belgium,shipping
557803,POST,POSTAGE,1,2011-06-23 10:20:00,40.0,12704,Finland,shipping
557850,POST,POSTAGE,2,2011-06-23 10:56:00,18.0,12720,Germany,shipping
557872,C2,CARRIAGE,1,2011-06-23 12:42:00,50.0,14911,EIRE,shipping
557884,M,MANUAL,1,2011-06-23 13:35:00,1.25,17759,United Kingdom,adjustment
557885,POST,POSTAGE,2,2011-06-23 13:37:00,15.0,12465,Belgium,shipping
557889,POST,POSTAGE,2,2011-06-23 13:51:00,18.0,12412,Denmark,shipping
557937,DOT,DOTCOM POSTAGE,1,2011-06-23 15:30:00,157.81,,United Kingdom,shipping
557938,DOT,DOTCOM POSTAGE,1,2011-06-23 15:35:00,159.78,,United Kingdom,shipping
557939,POST,POSTAGE,2,2011-06-23 15:44:00,40.0,12697,Sweden,shipping
557972,POST,POSTAGE,2,2011-06-24 10:16:00,18.0,12500,Germany,shipping
558041,POST,POSTAGE,3,2011-06-24 13:20:00,40.0,12422,Switzerland,shipping
558045,POST,POSTAGE,3,2011-06-24 13:35:00,18.0,12615,France,shipping
558046,C2,CARRIAGE,1,2011-06-24 13:47:00,50.0,,EIRE,shipping
558047,M,MANUAL,1,2011-06-24 13:51:00,542.2,,EIRE,adjustment
558066,GIFT_0001_50,DOTCOMGIFTSHOP GIFT VOUCHER £50.00,1,2011-06-24 15:45:00,41.67,,United Kingdom,non_merchandise
558066,DOT,DOTCOM POSTAGE,1,2011-06-24 15:45:00,150.77,,United Kingdom,shipping
558068,GIFT_0001_20,DOTCOMGIFTSHOP GIFT VOUCHER £20.00,1,2011-06-24 15:51:00,16.67,,United Kingdom,non_merchandise
558068,DOT,DOTCOM POSTAGE,1,2011-06-24 15:51:00,150.71,,United Kingdom,shipping
558089,POST,POSTAGE,3,2011-06-26 12:36:00,40.0,13505,Switzerland,shipping
558108,POST,POSTAGE,1,2011-06-26 15:35:00,28.0,12548,Spain,shipping
558116,DOT,DOTCOM POSTAGE,1,2011-06-27 09:11:00,200.58,,United Kingdom,shipping
558117,DOT,DOTCOM POSTAGE,1,2011-06-27 09:11:00,62.46,,United Kingdom,shipping
558118,DOT,DOTCOM POSTAGE,1,2011-06-27 09:11:00,131.58,,United Kingdom,shipping
558119,DOT,DOTCOM POSTAGE,1,2011-06-27 09:12:00,189.79,,United Kingdom,shipping
558120,DOT,DOTCOM POSTAGE,1,2011-06-27 09:12:00,55.08,,United Kingdom,shipping
558124,POST,POSTAGE,1,2011-06-27 10:17:00,18.0,12493,France,shipping
558233,23444,NEXT DAY CARRIAGE,1,2011-06-27 14:36:00,15.0,18073,United Kingdom,shipping
558240,DOT,DOTCOM POSTAGE,1,2011-06-27 15:27:00,147.53,,United Kingdom,shipping
558316,DOT,DOTCOM POSTAGE,1,2011-06-28 11:45:00,107.58,,United Kingdom,shipping
558319,DOT,DOTCOM POSTAGE,1,2011-06-28 11:53:00,58.33,,United Kingdom,shipping
558321,DOT,DOTCOM POSTAGE,1,2011-06-28 11:53:00,81.33,,United Kingdom,shipping
558334,POST,POSTAGE,1,2011-06-28 13:11:00,18.0,12599,France,shipping
558340,M,MANUAL,1,2011-06-28 14:01:00,481.45,,United Kingdom,adjustment
558381,M,MANUAL,1,2011-06-28 17:01:00,600.0,15299,United Kingdom,adjustment
558461,M,MANUAL,2,2011-06-29 15:03:00,1.95,13263,United Kingdom,adjustment
558475,DOT,DOTCOM POSTAGE,1,2011-06-29 15:58:00,858.46,,United Kingdom,shipping
558479,M,MANUAL,2,2011-06-29 16:44:00,2.95,17837,United Kingdom,adjustment
558608,POST,POSTAGE,1,2011-06-30 15:30:00,18.0,12524,Germany,shipping
558614,GIFT_0001_10,DOTCOMGIFTSHOP GIFT VOUCHER £10.00,1,2011-06-30 15:56:00,8.33,,United Kingdom,non_merchandise
558614,GIFT_0001_50,DOTCOMGIFTSHOP GIFT VOUCHER £50.00,1,2011-06-30 15:56:00,41.67,,United Kingdom,non_merchandise
558614,DOT,DOTCOM POSTAGE,1,2011-06-30 15:56:00,264.65,,United Kingdom,shipping
558623,POST,POSTAGE,1,2011-06-30 16:52:00,15.0,12395,Belgium,shipping
558626,POST,POSTAGE,1,2011-06-30 17:34:00,18.0,12569,Germany,shipping
558628,POST,POSTAGE,5,2011-06-30 17:59:00,18.0,12626,Germany,shipping
558640,C2,CARRIAGE,1,2011-07-01 08:58:00,50.0,14911,EIRE,shipping
558644,C2,CARRIAGE,1,2011-07-01 10:16:00,50.0,14156,EIRE,shipping
558679,M,MANUAL,1,2011-07-01 10:58:00,1.0,17800,United Kingdom,adjustment
558680,DOT,DOTCOM POSTAGE,1,2011-07-01 11:19:00,64.88,,United Kingdom,shipping
558681,DOT,DOTCOM POSTAGE,1,2011-07-01 11:20:00,65.67,,United Kingdom,shipping
558682,DOT,DOTCOM POSTAGE,1,2011-07-01 11:20:00,126.54,,United Kingdom,shipping
558683,DOT,DOTCOM POSTAGE,1,2011-07-01 11:23:00,112.5,,United Kingdom,shipping
558687,POST,POSTAGE,1,2011-07-01 11:43:00,18.0,12598,France,shipping
558699,POST,POSTAGE,1,2011-07-01 12:17:00,18.0,12494,France,shipping
558715,M,MANUAL,1,2011-07-01 13:18:00,116.69,,United Kingdom,adjustment
558717,POST,POSTAGE,1,2011-07-01 13:22:00,18.0,12710,Germany,shipping
558774,DOT,DOTCOM POSTAGE,1,2011-07-04 10:17:00,206.66,,United Kingdom,shipping
558777,DOT,DOTCOM POSTAGE,1,2011-07-04 10:23:00,304.24,,United Kingdom,shipping
558808,DOT,DOTCOM POSTAGE,1,2011-07-04 11:10:00,42.75,,United Kingdom,shipping
558809,DOT,DOTCOM POSTAGE,1,2011-07-04 11:10:00,146.5,,United Kingdom,shipping
558810,DOT,DOTCOM POSTAGE,1,2011-07-04 11:11:00,196.79,,United Kingdom,shipping
558811,DOT,DOTCOM POSTAGE,1,2011-07-04 11:11:00,57.63,,United Kingdom,shipping
558813,POST,POSTAGE,3,2011-07-04 11:42:00,18.0,12682,France,shipping
558835,DOT,DOTCOM POSTAGE,1,2011-07-04 11:58:00,54.25,,United Kingdom,shipping
558837,DOT,DOTCOM POSTAGE,1,2011-07-04 11:58:00,117.63,,United Kingdom,shipping
558841,M,MANUAL,1,2011-07-04 11:59:00,30.0,12471,Germany,adjustment
558875,M,MANUAL,2,2011-07-04 13:35:00,8.95,13301,United Kingdom,adjustment
558887,23444,NEXT DAY CARRIAGE,1,2011-07-04 15:26:00,15.0,18265,United Kingdom,shipping
558895,M,MANUAL,1,2011-07-04 15:54:00,389.68,12619,Germany,adjustment
558904,DOT,DOTCOM POSTAGE,1,2011-07-04 16:18:00,306.35,,United Kingdom,shipping
558908,C2,CARRIAGE,1,2011-07-05 09:06:00,50.0,13338,United Kingdom,shipping
558908,23444,NEXT DAY CARRIAGE,1,2011-07-05 09:06:00,15.0,13338,United Kingdom,shipping
559004,POST,POSTAGE,4,2011-07-05 12:23:00,40.0,12428,Finland,shipping
559010,C2,CARRIAGE,1,2011-07-05 12:50:00,50.0,14911,EIRE,shipping
559035,23444,NEXT DAY CARRIAGE,1,2011-07-05 15:12:00,15.0,13695,United Kingdom,shipping
559039,DOT,DOTCOM POSTAGE,1,2011-07-05 15:32:00,116.71,,United Kingdom,shipping
559040,DOT,DOTCOM POSTAGE,1,2011-07-05 15:33:00,39.5,,United Kingdom,shipping
559041,DOT,DOTCOM POSTAGE,1,2011-07-05 15:33:00,24.67,,United Kingdom,shipping
559042,DOT,DOTCOM POSTAGE,1,2011-07-05 15:34:00,75.67,,United Kingdom,shipping
559043,DOT,DOTCOM POSTAGE,1,2011-07-05 15:35:00,158.71,,United Kingdom,shipping
559051,DOT,DOTCOM POSTAGE,1,2011-07-05 16:47:00,201.84,,United Kingdom,shipping
559052,DOT,DOTCOM POSTAGE,1,2011-07-05 16:53:00,576.18,,United Kingdom,shipping
559055,DOT,DOTCOM POSTAGE,1,2011-07-05 17:09:00,531.65,,United Kingdom,shipping
559058,POST,POSTAGE,6,2011-07-06 09:49:00,15.0,12407,Belgium,shipping
559106,M,MANUAL,2,2011-07-06 11:10:00,7.95,15889,United Kingdom,adjustment
559107,M,MANUAL,1,2011-07-06 11:22:00,2.95,15334,United Kingdom,adjustment
559131,23574,PACKING CHARGE,1,2011-07-06 13:04:00,7.5,18144,United Kingdom,fee
559134,POST,POSTAGE,5,2011-07-06 13:14:00,18.0,12700,France,shipping
559135,POST,POSTAGE,1,2011-07-06 13:18:00,28.0,12455,Spain,shipping
559162,DOT,DOTCOM POSTAGE,1,2011-07-06 16:29:00,231.61,,United Kingdom,shipping
559163,DOT,DOTCOM POSTAGE,1,2011-07-06 16:33:00,240.41,,United Kingdom,shipping
559173,POST,POSTAGE,2,2011-07-07 10:03:00,28.0,12540,Spain,shipping
559206,23444,NEXT DAY CARRIAGE,1,2011-07-07 11:12:00,15.0,18073,United Kingdom,shipping
559295,POST,POSTAGE,2,2011-07-07 12:32:00,15.0,12362,Belgium,shipping
559298,POST,POSTAGE,6,2011-07-07 12:38:00,18.0,12471,Germany,shipping
559315,23444,NEXT DAY CARRIAGE,1,2011-07-07 13:52:00,15.0,13456,United Kingdom,shipping
559316,POST,POSTAGE,1,2011-07-07 13:54:00,18.0,12647,Germany,shipping
559337,DOT,DOTCOM POSTAGE,1,2011-07-07 16:27:00,298.31,,United Kingdom,shipping
559338,DOT,DOTCOM POSTAGE,1,2011-07-07 16:30:00,296.61,,United Kingdom,shipping
559362,POST,POSTAGE,3,2011-07-08 08:43:00,18.0,12635,Germany,shipping
559418,POST,POSTAGE,3,2011-07-08 11:36:00,18.0,12681,France,shipping
559421,POST,POSTAGE,1,2011-07-08 11:55:00,18.0,12648,Germany,shipping
559422,POST,POSTAGE,2,2011-07-08 12:00:00,18.0,12553,France,shipping
559441,POST,POSTAGE,2,2011-07-08 12:22:00,18.0,12583,France,shipping
559488,DOT,DOTCOM POSTAGE,1,2011-07-08 13:52:00,191.67,,United Kingdom,shipping
559489,DOT,DOTCOM POSTAGE,1,2011-07-08 13:52:00,69.0,,United Kingdom,shipping
559490,DOT,DOTCOM POSTAGE,1,2011-07-08 13:53:00,3.29,,United Kingdom,shipping
559491,DOT,DOTCOM POSTAGE,1,2011-07-08 13:53:00,164.54,,United Kingdom,shipping
559492,DOT,DOTCOM POSTAGE,1,2011-07-08 13:53:00,56.04,,United Kingdom,shipping
559493,DOT,DOTCOM POSTAGE,1,2011-07-08 13:53:00,166.96,,United Kingdom,shipping
559494,DOT,DOTCOM POSTAGE,1,2011-07-08 13:54:00,69.92,,United Kingdom,shipping
559496,DOT,DOTCOM POSTAGE,1,2011-07-08 13:54:00,19.75,,United Kingdom,shipping
559497,DOT,DOTCOM POSTAGE,1,2011-07-08 13:54:00,142.29,,United Kingdom,shipping
559504,M,MANUAL,2,2011-07-08 15:16:00,0.79,15920,United Kingdom,adjustment
559506,DOT,DOTCOM POSTAGE,1,2011-07-08 15:17:00,319.82,,United Kingdom,shipping
559511,M,MANUAL,3,2011-07-08 15:31:00,0.79,15920,United Kingdom,adjustment
559514,DOT,DOTCOM POSTAGE,1,2011-07-08 15:57:00,57.67,,United Kingdom,shipping
559515,DOT,DOTCOM POSTAGE,1,2011-07-08 15:58:00,36.17,,United Kingdom,shipping
559517,DOT,DOTCOM POSTAGE,1,2011-07-08 16:11:00,16.42,,United Kingdom,shipping
559518,DOT,DOTCOM POSTAGE,1,2011-07-08 16:11:00,92.88,,United Kingdom,shipping
559535,M,MANUAL,1,2011-07-10 12:16:00,3.75,17841,United Kingdom,adjustment
559535,M,MANUAL,1,2011-07-10 12:16:00,0.85,17841,United Kingdom,adjustment
559536,M,MANUAL,2,2011-07-10 12:17:00,0.85,16283,United Kingdom,adjustment
559607,POST,POSTAGE,5,2011-07-11 11:39:00,18.0,12681,France,shipping
559672,M,MANUAL,4,2011-07-11 14:04:00,0.39,14796,United Kingdom,adjustment
559674,M,MANUAL,3,2011-07-11 14:16:00,0.42,15856,United Kingdom,adjustment
559680,POST,POSTAGE,2,2011-07-11 14:47:00,50.0,12717,Greece,shipping
559685,POST,POSTAGE,1,2011-07-11 15:22:00,18.0,12599,France,shipping
559693,DOT,DOTCOM POSTAGE,1,2011-07-11 16:21:00,275.11,,United Kingdom,shipping
559699,POST,POSTAGE,1,2011-07-12 08:52:00,18.0,12682,France,shipping
559704,POST,POSTAGE,4,2011-07-12 09:54:00,18.0,12669,France,shipping
559707,POST,POSTAGE,2,2011-07-12 10:04:00,40.0,12358,Austria,shipping
559710,POST,POSTAGE,1,2011-07-12 10:25:00,18.0,12474,Germany,shipping
559799,DOT,DOTCOM POSTAGE,1,2011-07-12 13:46:00,23.0,,United Kingdom,shipping
559800,DOT,DOTCOM POSTAGE,1,2011-07-12 13:46:00,34.5,,United Kingdom,shipping
559801,DOT,DOTCOM POSTAGE,1,2011-07-12 13:46:00,90.42,,United Kingdom,shipping
559802,DOT,DOTCOM POSTAGE,1,2011-07-12 13:48:00,175.88,,United Kingdom,shipping
559816,DOT,DOTCOM POSTAGE,1,2011-07-12 16:11:00,375.64,,United Kingdom,shipping
559817,DOT,DOTCOM POSTAGE,1,2011-07-12 16:20:00,169.55,,United Kingdom,shipping
559819,POST,POSTAGE,1,2011-07-12 16:58:00,18.0,12682,France,shipping
559835,POST,POSTAGE,1,2011-07-13 10:08:00,15.0,13509,United Kingdom,shipping
559862,POST,POSTAGE,4,2011-07-13 10:30:00,28.0,12782,Portugal,shipping
559889,POST,POSTAGE,1,2011-07-13 11:48:00,145.0,12678,France,shipping
559890,POST,POSTAGE,1,2011-07-13 11:58:00,15.0,12464,Belgium,shipping
559899,POST,POSTAGE,3,2011-07-13 12:24:00,18.0,12528,Germany,shipping
559914,DOT,DOTCOM POSTAGE,1,2011-07-13 15:13:00,198.75,,United Kingdom,shipping
559923,DOT,DOTCOM POSTAGE,1,2011-07-13 16:07:00,240.67,,United Kingdom,shipping
559928,POST,POSTAGE,8,2011-07-14 08:52:00,40.0,12405,Finland,shipping
559945,M,MANUAL,1,2011-07-14 10:24:00,18.0,17396,United Kingdom,adjustment
559987,POST,POSTAGE,5,2011-07-14 12:12:00,18.0,12619,Germany,shipping
559988,M,MANUAL,1,2011-07-14 12:17:00,0.42,15402,United Kingdom,adjustment
560041,C2,CARRIAGE,1,2011-07-14 14:46:00,50.0,14156,EIRE,shipping
560090,DOT,DOTCOM POSTAGE,1,2011-07-14 16:46:00,255.83,,United Kingdom,shipping
560119,POST,POSTAGE,2,2011-07-15 10:21:00,40.0,12815,Poland,shipping
560162,M,MANUAL,1,2011-07-15 11:21:00,10.0,,United Kingdom,adjustment
560187,POST,POSTAGE,1,2011-07-15 12:05:00,550.94,17444,Canada,shipping
560202,POST,POSTAGE,4,2011-07-15 13:10:00,18.0,12712,Germany,shipping
560209,M,MANUAL,1,2011-07-15 14:05:00,0.39,15004,United Kingdom,adjustment
560211,POST,POSTAGE,3,2011-07-15 14:34:00,18.0,12621,Germany,shipping
560225,DOT,DOTCOM POSTAGE,1,2011-07-15 16:27:00,377.33,,United Kingdom,shipping
560228,M,MANUAL,10,2011-07-15 17:29:00,0.85,17750,United Kingdom,adjustment
560230,POST,POSTAGE,2,2011-07-17 10:53:00,18.0,12600,Germany,shipping
560272,POST,POSTAGE,1,2011-07-17 14:56:00,18.0,12691,France,shipping
560290,DOT,DOTCOM POSTAGE,1,2011-07-18 10:17:00,82.21,,United Kingdom,shipping
560291,DOT,DOTCOM POSTAGE,1,2011-07-18 10:17:00,120.17,,United Kingdom,shipping
560292,DOT,DOTCOM POSTAGE,1,2011-07-18 10:19:00,88.83,,United Kingdom,shipping
560293,DOT,DOTCOM POSTAGE,1,2011-07-18 10:20:00,153.92,,United Kingdom,shipping
560294,DOT,DOTCOM POSTAGE,1,2011-07-18 10:20:00,49.46,,United Kingdom,shipping
560296,DOT,DOTCOM POSTAGE,1,2011-07-18 10:21:00,135.13,,United Kingdom,shipping
560298,DOT,DOTCOM POSTAGE,1,2011-07-18 10:26:00,177.96,,United Kingdom,shipping
560363,POST,POSTAGE,1,2011-07-18 12:05:00,18.0,12589,France,shipping
560366,23444,NEXT DAY CARRIAGE,1,2011-07-18 12:19:00,15.0,16859,United Kingdom,shipping
560373,M,MANUAL,1,2011-07-18 12:30:00,4287.63,,United Kingdom,adjustment
560411,M,MANUAL,1,2011-07-18 14:29:00,550.64,,United Kingdom,adjustment
560413,M,MANUAL,1,2011-07-18 14:33:00,550.64,13564,United Kingdom,adjustment
560419,M,MANUAL,1,2011-07-18 15:03:00,717.23,,United Kingdom,adjustment
560421,M,MANUAL,1,2011-07-18 15:13:00,1592.49,,United Kingdom,adjustment
560431,M,MANUAL,1,2011-07-18 15:23:00,611.86,,United Kingdom,adjustment
560433,DOT,DOTCOM POSTAGE,1,2011-07-18 15:49:00,188.15,,United Kingdom,shipping
560434,DOT,DOTCOM POSTAGE,1,2011-07-18 15:56:00,323.05,,United Kingdom,shipping
560438,M,MANUAL,1,2011-07-18 16:06:00,294.92,,United Kingdom,adjustment
560439,M,MANUAL,1,2011-07-18 16:08:00,705.45,,United Kingdom,adjustment
560452,POST,POSTAGE,1,2011-07-19 09:51:00,18.0,12682,France,shipping
560534,C2,CARRIAGE,1,2011-07-19 12:10:00,50.0,14911,EIRE,shipping
560545,POST,POSTAGE,1,2011-07-19 12:38:00,18.0,12569,Germany,shipping
560549,POST,POSTAGE,2,2011-07-19 12:43:00,40.0,12664,Finland,shipping
560566,POST,POSTAGE,2,2011-07-19 13:45:00,18.0,12662,Germany,shipping
560569,POST,POSTAGE,3,2011-07-19 14:04:00,18.0,12480,Germany,shipping
560573,M,MANUAL,1,2011-07-19 14:47:00,112.35,,United Kingdom,adjustment
560575,M,MANUAL,1,2011-07-19 14:58:00,106.4,,United Kingdom,adjustment
560579,M,MANUAL,12,2011-07-19 15:13:00,0.42,15867,United Kingdom,adjustment
560607,POST,POSTAGE,3,2011-07-20 10:15:00,28.0,12510,Spain,shipping
560635,POST,POSTAGE,3,2011-07-20 10:51:00,18.0,12521,Germany,shipping
560651,M,MANUAL,1,2011-07-20 11:38:00,451.42,15802,United Kingdom,adjustment
560658,M,MANUAL,1,2011-07-20 11:42:00,451.42,,United Kingdom,adjustment
560690,23444,NEXT DAY CARRIAGE,1,2011-07-20 12:00:00,15.0,16807,United Kingdom,shipping
560710,POST,POSTAGE,1,2011-07-20 12:51:00,15.0,14646,Netherlands,shipping
560728,POST,POSTAGE,2,2011-07-20 14:38:00,18.0,12520,Germany,shipping
560755,DOT,DOTCOM POSTAGE,1,2011-07-20 16:00:00,0.35,,United Kingdom,shipping
560772,DOT,DOTCOM POSTAGE,1,2011-07-20 16:12:00,268.05,,United Kingdom,shipping
560773,DOT,DOTCOM POSTAGE,1,2011-07-20 16:17:00,252.11,,United Kingdom,shipping
560777,DOT,DOTCOM POSTAGE,1,2011-07-21 09:30:00,79.0,,United Kingdom,shipping
560778,DOT,DOTCOM POSTAGE,1,2011-07-21 09:30:00,79.83,,United Kingdom,shipping
560779,DOT,DOTCOM POSTAGE,1,2011-07-21 09:30:00,178.71,,United Kingdom,shipping
560780,DOT,DOTCOM POSTAGE,1,2011-07-21 09:31:00,233.04,,United Kingdom,shipping
560783,POST,POSTAGE,4,2011-07-21 10:24:00,15.0,15108,European Community,shipping
560876,POST,POSTAGE,6,2011-07-21 15:14:00,18.0,12626,Germany,shipping
560900,M,MANUAL,1,2011-07-21 17:33:00,2.95,,United Kingdom,adjustment
560901,POST,POSTAGE,7,2011-07-21 17:39:00,18.0,12476,Germany,shipping
560916,C2,CARRIAGE,1,2011-07-21 18:19:00,50.0,14911,EIRE,shipping
560922,C2,CARRIAGE,1,2011-07-21 19:34:00,50.0,14911,EIRE,shipping
560926,DOT,DOTCOM POSTAGE,1,2011-07-22 09:20:00,356.7,,United Kingdom,shipping
560991,POST,POSTAGE,3,2011-07-22 13:29:00,40.0,12438,Norway,shipping
560997,POST,POSTAGE,4,2011-07-22 13:59:00,18.0,12627,Germany,shipping
561029,POST,POSTAGE,2,2011-07-24 11:25:00,18.0,12490,France,shipping
561037,POST,POSTAGE,3,2011-07-24 11:55:00,18.0,12472,Germany,shipping
561057,POST,POSTAGE,1,2011-07-24 13:18:00,2.9,17935,United Kingdom,shipping
561090,DOT,DOTCOM POSTAGE,1,2011-07-25 09:55:00,53.54,,United Kingdom,shipping
561091,DOT,DOTCOM POSTAGE,1,2011-07-25 09:55:00,75.79,,United Kingdom,shipping
561093,POST,POSTAGE,6,2011-07-25 10:01:00,28.0,12540,Spain,shipping
561094,POST,POSTAGE,2,2011-07-25 10:04:00,18.0,12474,Germany,shipping
561102,POST,POSTAGE,1,2011-07-25 11:17:00,18.0,12412,Denmark,shipping
561115,23444,NEXT DAY CARRIAGE,1,2011-07-25 12:12:00,15.0,17675,United Kingdom,shipping
561116,POST,POSTAGE,5,2011-07-25 12:22:00,40.0,13520,Switzerland,shipping
561200,23444,NEXT DAY CARRIAGE,1,2011-07-25 15:01:00,15.0,13695,United Kingdom,shipping
561209,DOT,DOTCOM POSTAGE,1,2011-07-25 16:57:00,299.72,,United Kingdom,shipping
561214,DOT,DOTCOM POSTAGE,1,2011-07-25 17:00:00,135.08,,United Kingdom,shipping
561216,POST,POSTAGE,8,2011-07-25 17:04:00,15.0,14606,United Kingdom,shipping
561217,DOT,DOTCOM POSTAGE,1,2011-07-25 17:09:00,234.63,,United Kingdom,shipping
561218,DOT,DOTCOM POSTAGE,1,2011-07-25 17:11:00,162.95,,United Kingdom,shipping
561226,PADS,PADS TO MATCH ALL CUSHIONS,1,2011-07-26 10:13:00,0.001,15618,United Kingdom,non_merchandise
561245,DOT,DOTCOM POSTAGE,1,2011-07-26 11:27:00,6.58,,United Kingdom,shipping
561257,C2,CARRIAGE,1,2011-07-26 12:00:00,50.0,14911,EIRE,shipping
561359,23444,NEXT DAY CARRIAGE,1,2011-07-26 15:29:00,15.0,17160,United Kingdom,shipping
561368,POST,POSTAGE,1,2011-07-26 16:00:00,36.5,14866,United Kingdom,shipping
561369,DOT,DOTCOM POSTAGE,1,2011-07-26 16:22:00,151.61,,United Kingdom,shipping
561371,DOT,DOTCOM POSTAGE,1,2011-07-26 16:25:00,122.99,,United Kingdom,shipping
561372,POST,POSTAGE,1,2011-07-26 16:27:00,13.31,,United Kingdom,shipping
561468,POST,POSTAGE,5,2011-07-27 13:00:00,18.0,12709,Germany,shipping
561470,POST,POSTAGE,1,2011-07-27 13:14:00,18.0,12523,France,shipping
561502,23444,NEXT DAY CARRIAGE,1,2011-07-27 14:14:00,15.0,14305,United Kingdom,shipping
561507,POST,POSTAGE,7,2011-07-27 14:21:00,15.0,12397,Belgium,shipping
561513,GIFT_0001_40,DOTCOMGIFTSHOP GIFT VOUCHER £40.00,1,2011-07-27 15:12:00,33.33,,United Kingdom,non_merchandise
561513,DOT,DOTCOM POSTAGE,1,2011-07-27 15:12:00,114.62,,United Kingdom,shipping
561515,DOT,DOTCOM POSTAGE,1,2011-07-27 15:16:00,133.3,,United Kingdom,shipping
561583,POST,POSTAGE,3,2011-07-28 10:33:00,18.0,13813,Germany,shipping
561631,C2,CARRIAGE,1,2011-07-28 14:27:00,50.0,14911,EIRE,shipping
561651,DOT,DOTCOM POSTAGE,1,2011-07-28 15:36:00,180.5,,United Kingdom,shipping
561662,POST,POSTAGE,2,2011-07-28 16:28:00,15.0,12407,Belgium,shipping
561667,C2,CARRIAGE,1,2011-07-28 17:00:00,50.0,,EIRE,shipping
561669,POST,POSTAGE,6,2011-07-28 17:09:00,28.0,12507,Spain,shipping
561795,POST,POSTAGE,3,2011-07-29 13:28:00,18.0,12716,France,shipping
561820,DOT,DOTCOM POSTAGE,1,2011-07-29 16:00:00,185.66,,United Kingdom,shipping
561885,M,MANUAL,2,2011-07-31 13:13:00,4.95,15532,United Kingdom,adjustment
561890,POST,POSTAGE,2,2011-07-31 14:17:00,40.0,12697,Sweden,shipping
561894,M,MANUAL,1,2011-07-31 15:00:00,0.08,14456,United Kingdom,adjustment
561894,M,MANUAL,36,2011-07-31 15:00:00,0.08,14456,United Kingdom,adjustment
561898,POST,POSTAGE,7,2011-07-31 15:25:00,40.0,12456,Switzerland,shipping
561902,M,MANUAL,1,2011-07-31 15:50:00,30.0,17404,Sweden,adjustment
561911,POST,POSTAGE,6,2011-08-01 10:26:00,18.0,12534,Germany,shipping
561916,M,MANUAL,1,2011-08-01 11:44:00,250.0,15581,United Kingdom,adjustment
562024,DOT,DOTCOM POSTAGE,1,2011-08-01 16:07:00,142.94,,United Kingdom,shipping
562034,POST,POSTAGE,6,2011-08-02 09:14:00,15.0,12449,Belgium,shipping
562035,POST,POSTAGE,2,2011-08-02 09:29:00,18.0,12627,Germany,shipping
562037,POST,POSTAGE,3,2011-08-02 09:34:00,15.0,13023,United Kingdom,shipping
562038,POST,POSTAGE,1,2011-08-02 09:35:00,18.0,12633,Germany,shipping
562047,POST,POSTAGE,1,2011-08-02 10:38:00,4.95,17788,United Kingdom,shipping
562113,22016,DOTCOMGIFTSHOP GIFT VOUCHER £100.00,1,2011-08-02 16:11:00,83.33,,United Kingdom,non_merchandise
562113,DOT,DOTCOM POSTAGE,1,2011-08-02 16:11:00,150.59,,United Kingdom,shipping
562114,DOT,DOTCOM POSTAGE,1,2011-08-02 16:14:00,119.51,,United Kingdom,shipping
562148,23444,NEXT DAY CARRIAGE,1,2011-08-03 10:49:00,15.0,13695,United Kingdom,shipping
562207,POST,POSTAGE,9,2011-08-03 12:56:00,15.0,12643,France,shipping
562264,DOT,DOTCOM POSTAGE,1,2011-08-03 16:14:00,133.06,,United Kingdom,shipping
562273,POST,POSTAGE,6,2011-08-04 09:55:00,28.0,12502,Spain,shipping
562274,POST,POSTAGE,2,2011-08-04 10:00:00,40.0,12704,Finland,shipping
562275,POST,POSTAGE,2,2011-08-04 10:04:00,18.0,12689,France,shipping
562287,POST,POSTAGE,1,2011-08-04 11:07:00,28.0,12455,Spain,shipping
562347,M,MANUAL,1,2011-08-04 12:22:00,0.42,13263,United Kingdom,adjustment
562370,POST,POSTAGE,4,2011-08-04 14:20:00,18.0,12626,Germany,shipping
562417,DOT,DOTCOM POSTAGE,1,2011-08-04 16:32:00,141.5,,United Kingdom,shipping
562420,GIFT_0001_20,DOTCOMGIFTSHOP GIFT VOUCHER £20.00,1,2011-08-04 16:38:00,16.67,,United Kingdom,non_merchandise
562420,DOT,DOTCOM POSTAGE,1,2011-08-04 16:38:00,170.98,,United Kingdom,shipping
562435,POST,POSTAGE,2,2011-08-04 17:51:00,18.0,12693,Germany,shipping
562445,POST,POSTAGE,3,2011-08-04 18:51:00,18.0,12417,Belgium,shipping
562450,POST,POSTAGE,3,2011-08-05 08:40:00,18.0,12562,France,shipping
562460,M,MANUAL,6,2011-08-05 11:19:00,0.85,17841,United Kingdom,adjustment
562520,POST,POSTAGE,1,2011-08-05 12:38:00,18.0,12599,France,shipping
562527,POST,POSTAGE,2,2011-08-05 13:49:00,18.0,12647,Germany,shipping
562528,POST,POSTAGE,4,2011-08-05 13:52:00,28.0,12610,Italy,shipping
562537,POST,POSTAGE,5,2011-08-05 15:02:00,18.0,12517,Germany,shipping
562553,DOT,DOTCOM POSTAGE,1,2011-08-05 16:34:00,214.11,,United Kingdom,shipping
562600,POST,POSTAGE,1,2011-08-08 10:01:00,40.0,12676,Sweden,shipping
562605,POST,POSTAGE,2,2011-08-08 10:59:00,18.0,12530,Germany,shipping
562650,POST,POSTAGE,2,2011-08-08 13:12:00,40.0,17404,Sweden,shipping
562715,DOT,DOTCOM POSTAGE,1,2011-08-08 15:34:00,204.85,,United Kingdom,shipping
562717,DOT,DOTCOM POSTAGE,1,2011-08-08 15:42:00,203.63,,United Kingdom,shipping
562729,POST,POSTAGE,1,2011-08-09 10:05:00,18.0,12569,Germany,shipping
562787,M,MANUAL,1,2011-08-09 13:44:00,208.34,15581,United Kingdom,adjustment
562805,POST,POSTAGE,1,2011-08-09 14:51:00,3.59,,United Kingdom,shipping
562843,DOT,DOTCOM POSTAGE,1,2011-08-09 17:37:00,103.4,,United Kingdom,shipping
562844,POST,POSTAGE,7,2011-08-10 08:41:00,40.0,12444,Norway,shipping
562853,POST,POSTAGE,1,2011-08-10 10:15:00,18.0,13919,Denmark,shipping
562882,POST,POSTAGE,2,2011-08-10 11:23:00,40.0,12384,Switzerland,shipping
562933,GIFT_0001_30,DOTCOMGIFTSHOP GIFT VOUCHER £30.00,1,2011-08-10 16:51:00,25.0,,United Kingdom,non_merchandise
562933,DOT,DOTCOM POSTAGE,1,2011-08-10 16:51:00,150.17,,United Kingdom,shipping
562934,DOT,DOTCOM POSTAGE,1,2011-08-10 16:56:00,195.62,,United Kingdom,shipping
562946,M,MANUAL,1,2011-08-11 09:38:00,2500.0,15581,United Kingdom,adjustment
562955,DOT,DOTCOM POSTAGE,1,2011-08-11 10:14:00,4505.17,,United Kingdom,shipping
562960,C2,CARRIAGE,1,2011-08-11 10:22:00,50.0,14911,EIRE,shipping
563020,POST,POSTAGE,3,2011-08-11 12:58:00,40.0,12428,Finland,shipping
563025,POST,POSTAGE,1,2011-08-11 14:00:00,1.69,,United Kingdom,shipping
563037,POST,POSTAGE,3,2011-08-11 15:02:00,15.0,12362,Belgium,shipping
563060,23444,NEXT DAY CARRIAGE,1,2011-08-11 15:24:00,15.0,17653,United Kingdom,shipping
563093,DOT,DOTCOM POSTAGE,1,2011-08-11 17:28:00,176.41,,United Kingdom,shipping
563100,POST,POSTAGE,6,2011-08-12 09:57:00,40.0,12381,Norway,shipping
563137,M,MANUAL,1,2011-08-12 11:22:00,1.65,14534,United Kingdom,adjustment
563172,POST,POSTAGE,1,2011-08-12 13:15:00,15.0,12399,Belgium,shipping
A563185,B,ADJUST BAD DEBT,1,2011-08-12 14:50:00,11062.06,,United Kingdom,adjustment
563189,POST,POSTAGE,2,2011-08-12 15:22:00,18.0,12682,France,shipping
563193,DOT,DOTCOM POSTAGE,1,2011-08-12 16:30:00,199.89,,United Kingdom,shipping
563195,DOT,DOTCOM POSTAGE,1,2011-08-12 16:36:00,222.49,,United Kingdom,shipping
563288,POST,POSTAGE,4,2011-08-15 12:53:00,18.0,12656,France,shipping
563345,POST,POSTAGE,2,2011-08-15 13:22:00,18.0,12619,Germany,shipping
563355,C2,CARRIAGE,1,2011-08-15 14:39:00,50.0,14156,EIRE,shipping
563373,POST,POSTAGE,2,2011-08-16 10:02:00,18.0,12569,Germany,shipping
563383,POST,POSTAGE,1,2011-08-16 10:52:00,15.0,14407,United Kingdom,shipping
563443,POST,POSTAGE,1,2011-08-16 13:26:00,40.0,12641,Sweden,shipping
563480,POST,POSTAGE,1,2011-08-16 15:52:00,2.45,,United Kingdom,shipping
563518,POST,POSTAGE,2,2011-08-17 10:56:00,28.0,12421,Spain,shipping
563540,POST,POSTAGE,5,2011-08-17 12:04:00,18.0,12473,Germany,shipping
563547,C2,CARRIAGE,1,2011-08-17 12:29:00,50.0,,EIRE,shipping
563548,POST,POSTAGE,3,2011-08-17 12:30:00,18.0,12528,Germany,shipping
563549,DOT,DOTCOM POSTAGE,1,2011-08-17 12:34:00,1154.67,,United Kingdom,shipping
563561,23444,NEXT DAY CARRIAGE,1,2011-08-17 14:02:00,15.0,18073,United Kingdom,shipping
563565,M,MANUAL,12,2011-08-17 14:22:00,0.42,17338,United Kingdom,adjustment
563576,M,MANUAL,1,2011-08-17 15:06:00,8.49,12748,United Kingdom,adjustment
563662,POST,POSTAGE,2,2011-08-18 11:40:00,18.0,12729,France,shipping
563685,23574,PACKING CHARGE,1,2011-08-18 12:26:00,7.5,14911,EIRE,fee
563692,M,MANUAL,4,2011-08-18 13:01:00,2.1,17243,United Kingdom,adjustment
563712,POST,POSTAGE,2,2011-08-18 15:44:00,18.0,12680,France,shipping
563714,C2,CARRIAGE,1,2011-08-18 15:51:00,50.0,14565,United Kingdom,shipping
563749,POST,POSTAGE,2,2011-08-19 10:10:00,40.0,12360,Austria,shipping
563753,POST,POSTAGE,3,2011-08-19 10:51:00,18.0,12513,France,shipping
563776,POST,POSTAGE,2,2011-08-19 11:23:00,18.0,12600,Germany,shipping
563808,POST,POSTAGE,2,2011-08-19 11:46:00,18.0,12626,Germany,shipping
563820,M,MANUAL,1,2011-08-19 11:57:00,10.0,,United Kingdom,adjustment
563852,POST,POSTAGE,2,2011-08-19 15:18:00,15.0,12395,Belgium,shipping
563853,POST,POSTAGE,8,2011-08-19 15:22:00,18.0,12560,Germany,shipping
563854,POST,POSTAGE,3,2011-08-19 15:24:00,15.0,12364,Belgium,shipping
563897,POST,POSTAGE,1,2011-08-21 10:44:00,18.0,12523,France,shipping
563911,C2,CARRIAGE,1,2011-08-21 12:39:00,50.0,16265,United Kingdom,shipping
563913,C2,CARRIAGE,1,2011-08-21 13:11:00,50.0,14911,EIRE,shipping
563914,POST,POSTAGE,2,2011-08-21 13:18:00,18.0,12518,Germany,shipping
563926,POST,POSTAGE,2,2011-08-21 14:42:00,18.0,12553,France,shipping
563936,POST,POSTAGE,1,2011-08-22 09:03:00,40.0,17828,Malta,shipping
563950,POST,POSTAGE,7,2011-08-22 10:39:00,18.0,12471,Germany,shipping
564039,POST,POSTAGE,2,2011-08-22 12:40:00,18.0,12645,Germany,shipping
564050,23444,NEXT DAY CARRIAGE,1,2011-08-22 13:32:00,15.0,17160,United Kingdom,shipping
564082,POST,POSTAGE,4,2011-08-23 08:51:00,18.0,12627,Germany,shipping
564085,C2,CARRIAGE,1,2011-08-23 09:17:00,50.0,14911,EIRE,shipping
564086,POST,POSTAGE,1,2011-08-23 09:36:00,160.0,,Hong Kong,shipping
564140,POST,POSTAGE,2,2011-08-23 11:47:00,18.0,12621,Germany,shipping
564173,POST,POSTAGE,4,2011-08-23 14:23:00,18.0,12567,France,shipping
564196,POST,POSTAGE,1,2011-08-23 16:56:00,15.0,17315,United Kingdom,shipping
564197,23444,NEXT DAY CARRIAGE,1,2011-08-23 17:13:00,15.0,13425,United Kingdom,shipping
564201,POST,POSTAGE,2,2011-08-24 08:09:00,28.0,12540,Spain,shipping
564216,POST,POSTAGE,2,2011-08-24 09:23:00,18.0,12642,Germany,shipping
564221,DOT,DOTCOM POSTAGE,1,2011-08-24 09:36:00,1325.0,,United Kingdom,shipping
564226,POST,POSTAGE,2,2011-08-24 10:13:00,18.0,12523,France,shipping
564307,M,MANUAL,1,2011-08-24 12:32:00,2.1,17865,United Kingdom,adjustment
564318,23444,NEXT DAY CARRIAGE,1,2011-08-24 13:15:00,15.0,14035,United Kingdom,shipping
564328,POST,POSTAGE,2,2011-08-24 13:42:00,18.0,12662,Germany,shipping
564329,POST,POSTAGE,2,2011-08-24 13:55:00,18.0,12569,Germany,shipping
564337,POST,POSTAGE,1,2011-08-24 14:40:00,18.0,12649,Germany,shipping
564360,POST,POSTAGE,3,2011-08-24 16:13:00,18.0,12471,Germany,shipping
564367,POST,POSTAGE,1,2011-08-25 09:18:00,18.0,12712,Germany,shipping
564372,POST,POSTAGE,6,2011-08-25 09:55:00,18.0,12714,France,shipping
564378,POST,POSTAGE,3,2011-08-25 10:26:00,15.0,12417,Belgium,shipping
564471,POST,POSTAGE,1,2011-08-25 12:26:00,18.0,12583,France,shipping
564475,POST,POSTAGE,1,2011-08-25 12:50:00,18.0,12500,Germany,shipping
564476,POST,POSTAGE,1,2011-08-25 12:57:00,40.0,12610,Italy,shipping
564479,POST,POSTAGE,2,2011-08-25 13:12:00,18.0,12682,France,shipping
564481,POST,POSTAGE,3,2011-08-25 13:33:00,15.0,12464,Belgium,shipping
564516,DOT,DOTCOM POSTAGE,1,2011-08-25 14:45:00,309.75,,United Kingdom,shipping
564530,M,MANUAL,1,2011-08-25 14:57:00,312.5,,United Kingdom,adjustment
564531,POST,POSTAGE,2,2011-08-25 15:04:00,18.0,12624,France,shipping
564539,POST,POSTAGE,2,2011-08-25 15:22:00,40.0,12715,Sweden,shipping
564558,POST,POSTAGE,2,2011-08-26 08:59:00,40.0,12704,Finland,shipping
564638,POST,POSTAGE,1,2011-08-26 12:54:00,18.0,13812,Germany,shipping
564649,POST,POSTAGE,1,2011-08-26 14:13:00,15.0,15611,United Kingdom,shipping
564654,C2,CARRIAGE,1,2011-08-26 14:29:00,50.0,14911,EIRE,shipping
564665,POST,POSTAGE,1,2011-08-26 14:48:00,1.1,,United Kingdom,shipping
564666,POST,POSTAGE,1,2011-08-26 14:51:00,18.0,12492,Germany,shipping
564670,POST,POSTAGE,6,2011-08-26 15:44:00,18.0,12683,France,shipping
564749,POST,POSTAGE,2,2011-08-30 08:15:00,18.0,12708,Germany,shipping
564754,DOT,DOTCOM POSTAGE,1,2011-08-30 10:29:00,186.87,,United Kingdom,shipping
564755,DOT,DOTCOM POSTAGE,1,2011-08-30 10:31:00,170.92,,United Kingdom,shipping
564756,DOT,DOTCOM POSTAGE,1,2011-08-30 10:33:00,165.2,,United Kingdom,shipping
564757,DOT,DOTCOM POSTAGE,1,2011-08-30 10:36:00,198.09,,United Kingdom,shipping
564758,DOT,DOTCOM POSTAGE,1,2011-08-30 10:39:00,252.37,,United Kingdom,shipping
564760,GIFT_0001_10,DOTCOMGIFTSHOP GIFT VOUCHER £10.00,1,2011-08-30 10:47:00,8.33,,United Kingdom,non_merchandise
564760,GIFT_0001_30,DOTCOMGIFTSHOP GIFT VOUCHER £30.00,1,2011-08-30 10:47:00,25.0,,United Kingdom,non_merchandise
564760,DOT,DOTCOM POSTAGE,1,2011-08-30 10:47:00,191.06,,United Kingdom,shipping
564764,DOT,DOTCOM POSTAGE,1,2011-08-30 10:49:00,11.17,14096,United Kingdom,shipping
564817,DOT,DOTCOM POSTAGE,1,2011-08-30 12:02:00,177.63,,United Kingdom,shipping
564818,DOT,DOTCOM POSTAGE,1,2011-08-30 12:10:00,192.71,,United Kingdom,shipping
564819,POST,POSTAGE,1,2011-08-30 12:11:00,40.0,12814,Poland,shipping
564820,DOT,DOTCOM POSTAGE,1,2011-08-30 12:16:00,150.35,,United Kingdom,shipping
564825,DOT,DOTCOM POSTAGE,1,2011-08-30 12:26:00,124.83,,United Kingdom,shipping
564835,DOT,DOTCOM POSTAGE,1,2011-08-30 12:31:00,176.72,,United Kingdom,shipping
564837,DOT,DOTCOM POSTAGE,1,2011-08-30 12:40:00,177.63,,United Kingdom,shipping
564838,DOT,DOTCOM POSTAGE,1,2011-08-30 12:43:00,171.07,,United Kingdom,shipping
564839,23444,NEXT DAY CARRIAGE,1,2011-08-30 12:45:00,15.0,13524,United Kingdom,shipping
564840,DOT,DOTCOM POSTAGE,1,2011-08-30 12:49:00,191.96,,United Kingdom,shipping
564844,POST,POSTAGE,1,2011-08-30 14:11:00,3.82,,United Kingdom,shipping
564853,POST,POSTAGE,3,2011-08-31 08:55:00,15.0,12423,Belgium,shipping
564857,DOT,DOTCOM POSTAGE,1,2011-08-31 09:23:00,877.04,,United Kingdom,shipping
564858,POST,POSTAGE,5,2011-08-31 09:44:00,28.0,12484,Spain,shipping
564861,POST,POSTAGE,1,2011-08-31 10:21:00,15.0,17315,United Kingdom,shipping
564862,POST,POSTAGE,1,2011-08-31 10:24:00,145.0,12678,France,shipping
564863,23444,NEXT DAY CARRIAGE,1,2011-08-31 10:30:00,15.0,15491,United Kingdom,shipping
564906,POST,POSTAGE,2,2011-08-31 12:18:00,18.0,12682,France,shipping
564910,23444,NEXT DAY CARRIAGE,1,2011-08-31 12:31:00,15.0,13993,United Kingdom,shipping
564912,POST,POSTAGE,3,2011-08-31 12:33:00,18.0,12490,France,shipping
564972,POST,POSTAGE,6,2011-08-31 15:30:00,18.0,12621,Germany,shipping
564974,GIFT_0001_10,DOTCOMGIFTSHOP GIFT VOUCHER £10.00,2,2011-08-31 15:32:00,8.33,,United Kingdom,non_merchandise
564974,DOT,DOTCOM POSTAGE,1,2011-08-31 15:32:00,161.16,,United Kingdom,shipping
565123,M,MANUAL,96,2011-09-01 11:56:00,5.0,17949,United Kingdom,adjustment
565124,POST,POSTAGE,2,2011-09-01 12:09:00,40.0,12436,Norway,shipping
565197,C2,CARRIAGE,1,2011-09-01 16:16:00,50.0,13376,United Kingdom,shipping
565210,M,MANUAL,41,2011-09-01 17:09:00,0.19,17750,United Kingdom,adjustment
565231,GIFT_0001_30,DOTCOMGIFTSHOP GIFT VOUCHER £30.00,1,2011-09-02 09:26:00,25.0,,United Kingdom,non_merchandise
565231,DOT,DOTCOM POSTAGE,1,2011-09-02 09:26:00,119.77,,United Kingdom,shipping
565232,DOT,DOTCOM POSTAGE,1,2011-09-02 09:30:00,131.69,,United Kingdom,shipping
565233,DOT,DOTCOM POSTAGE,1,2011-09-02 09:34:00,235.02,,United Kingdom,shipping
565234,DOT,DOTCOM POSTAGE,1,2011-09-02 09:38:00,178.29,,United Kingdom,shipping
565239,POST,POSTAGE,3,2011-09-02 09:51:00,18.0,12670,France,shipping
565246,POST,POSTAGE,4,2011-09-02 10:27:00,15.0,12408,Belgium,shipping
565261,POST,POSTAGE,2,2011-09-02 10:53:00,18.0,12474,Germany,shipping
565286,DOT,DOTCOM POSTAGE,1,2011-09-02 11:39:00,249.71,,United Kingdom,shipping
565287,POST,POSTAGE,1,2011-09-02 11:42:00,18.0,12483,Sweden,shipping
565321,POST,POSTAGE,2,2011-09-02 13:14:00,18.0,12437,France,shipping
565333,POST,POSTAGE,1,2011-09-02 14:23:00,40.0,12375,Finland,shipping
565377,M,MANUAL,1,2011-09-02 15:12:00,852.8,18087,United Kingdom,adjustment
565383,DOT,DOTCOM POSTAGE,1,2011-09-02 15:45:00,16.46,14096,United Kingdom,shipping
565396,DOT,DOTCOM POSTAGE,1,2011-09-02 16:39:00,191.46,,United Kingdom,shipping
565416,POST,POSTAGE,2,2011-09-04 12:00:00,18.0,12710,Germany,shipping
565423,POST,POSTAGE,1,2011-09-04 12:23:00,18.0,12569,Germany,shipping
565442,POST,POSTAGE,3,2011-09-04 14:09:00,18.0,12627,Germany,shipping
565443,POST,POSTAGE,3,2011-09-04 14:22:00,18.0,12567,France,shipping
565457,C2,CARRIAGE,1,2011-09-05 09:07:00,50.0,14565,United Kingdom,shipping
565474,C2,CARRIAGE,1,2011-09-05 10:34:00,50.0,14156,EIRE,shipping
565519,POST,POSTAGE,7,2011-09-05 11:52:00,28.0,12502,Spain,shipping
565579,M,MANUAL,1,2011-09-05 12:35:00,4.0,18283,United Kingdom,adjustment
565583,POST,POSTAGE,1,2011-09-05 12:41:00,40.0,12816,Poland,shipping
565587,POST,POSTAGE,6,2011-09-05 13:38:00,18.0,12727,France,shipping
565612,POST,POSTAGE,2,2011-09-05 15:17:00,18.0,12616,France,shipping
565617,DOT,DOTCOM POSTAGE,1,2011-09-05 15:30:00,138.0,,United Kingdom,shipping
565735,BANK CHARGES,BANK CHARGES,1,2011-09-06 12:25:00,15.0,16904,United Kingdom,fee
565759,POST,POSTAGE,3,2011-09-06 13:46:00,18.0,12720,Germany,shipping
565765,POST,POSTAGE,2,2011-09-06 14:19:00,18.0,12526,Germany,shipping
565777,POST,POSTAGE,1,2011-09-06 14:53:00,18.0,12569,Germany,shipping
565785,POST,POSTAGE,5,2011-09-06 16:57:00,40.0,12461,Switzerland,shipping
565801,POST,POSTAGE,3,2011-09-07 10:28:00,18.0,12685,France,shipping
565840,DOT,DOTCOM POSTAGE,1,2011-09-07 12:02:00,203.73,,United Kingdom,shipping
565841,DOT,DOTCOM POSTAGE,1,2011-09-07 12:04:00,194.7,,United Kingdom,shipping
565847,DOT,DOTCOM POSTAGE,1,2011-09-07 12:44:00,1569.04,,United Kingdom,shipping
565851,C2,CARRIAGE,1,2011-09-07 13:06:00,50.0,14911,EIRE,shipping
565854,POST,POSTAGE,4,2011-09-07 13:22:00,18.0,12490,France,shipping
565870,POST,POSTAGE,1,2011-09-07 15:10:00,15.0,16828,United Kingdom,shipping
565916,C2,CARRIAGE,1,2011-09-07 16:00:00,50.0,14156,EIRE,shipping
565917,DOT,DOTCOM POSTAGE,1,2011-09-07 16:15:00,211.86,,United Kingdom,shipping
565919,DOT,DOTCOM POSTAGE,1,2011-09-07 16:48:00,211.8,,United Kingdom,shipping
565929,23444,NEXT DAY CARRIAGE,1,2011-09-08 10:11:00,15.0,15488,United Kingdom,shipping
565930,POST,POSTAGE,5,2011-09-08 10:32:00,18.0,12685,France,shipping
565931,POST,POSTAGE,2,2011-09-08 10:35:00,18.0,12683,France,shipping
565933,POST,POSTAGE,1,2011-09-08 10:43:00,15.0,15885,United Kingdom,shipping
566040,POST,POSTAGE,2,2011-09-08 13:38:00,28.0,12540,Spain,shipping
566054,POST,POSTAGE,1,2011-09-08 15:04:00,18.0,12592,Germany,shipping
566059,POST,POSTAGE,1,2011-09-08 15:22:00,18.0,12569,Germany,shipping
566060,DOT,DOTCOM POSTAGE,1,2011-09-08 15:27:00,213.71,,United Kingdom,shipping
566076,POST,POSTAGE,11,2011-09-09 09:13:00,15.0,12449,Belgium,shipping
566080,POST,POSTAGE,1,2011-09-09 10:05:00,15.0,15187,United Kingdom,shipping
566086,23444,NEXT DAY CARRIAGE,1,2011-09-09 10:16:00,15.0,14051,United Kingdom,shipping
566115,POST,POSTAGE,1,2011-09-09 10:51:00,18.0,12674,France,shipping
566173,POST,POSTAGE,1,2011-09-09 12:24:00,15.0,12787,Netherlands,shipping
566178,23574,PACKING CHARGE,1,2011-09-09 12:41:00,7.5,16353,United Kingdom,fee
566217,DOT,DOTCOM POSTAGE,1,2011-09-09 15:17:00,13.16,14096,United Kingdom,shipping
566221,DOT,DOTCOM POSTAGE,1,2011-09-09 16:13:00,197.74,,United Kingdom,shipping
566233,POST,POSTAGE,7,2011-09-11 11:04:00,18.0,12635,Germany,shipping
566256,POST,POSTAGE,1,2011-09-11 12:27:00,18.0,12680,France,shipping
566261,C2,CARRIAGE,1,2011-09-11 12:46:00,50.0,13372,United Kingdom,shipping
566267,POST,POSTAGE,3,2011-09-11 13:32:00,18.0,12647,Germany,shipping
566268,POST,POSTAGE,3,2011-09-11 13:38:00,18.0,13813,Germany,shipping
566446,DOT,DOTCOM POSTAGE,1,2011-09-12 15:40:00,228.33,,United Kingdom,shipping
566492,POST,POSTAGE,1,2011-09-13 10:34:00,18.0,12679,France,shipping
566562,M,MANUAL,12,2011-09-13 12:18:00,0.42,17365,United Kingdom,adjustment
566566,DOT,DOTCOM POSTAGE,1,2011-09-13 12:32:00,85.58,14096,United Kingdom,shipping
566577,DOT,DOTCOM POSTAGE,1,2011-09-13 13:29:00,484.17,,United Kingdom,shipping
566586,POST,POSTAGE,1,2011-09-13 14:23:00,18.0,12619,Germany,shipping
566598,POST,POSTAGE,1,2011-09-13 15:35:00,40.0,12664,Finland,shipping
566602,DOT,DOTCOM POSTAGE,1,2011-09-13 16:05:00,226.37,,United Kingdom,shipping
566603,DOT,DOTCOM POSTAGE,1,2011-09-13 16:12:00,122.65,,United Kingdom,shipping
566736,POST,POSTAGE,2,2011-09-14 14:19:00,18.0,12726,France,shipping
566739,POST,POSTAGE,3,2011-09-14 14:30:00,18.0,12566,Germany,shipping
566757,DOT,DOTCOM POSTAGE,1,2011-09-14 15:54:00,141.19,,United Kingdom,shipping
566773,POST,POSTAGE,2,2011-09-15 09:43:00,40.0,12444,Norway,shipping
566776,C2,CARRIAGE,1,2011-09-15 09:53:00,50.0,14911,EIRE,shipping
566787,DOT,DOTCOM POSTAGE,1,2011-09-15 10:31:00,800.63,,United Kingdom,shipping
566846,C2,CARRIAGE,1,2011-09-15 11:54:00,50.0,14911,EIRE,shipping
566865,POST,POSTAGE,1,2011-09-15 12:53:00,15.0,14735,United Kingdom,shipping
566916,POST,POSTAGE,4,2011-09-15 14:25:00,40.0,12457,Switzerland,shipping
566918,POST,POSTAGE,1,2011-09-15 14:50:00,18.0,12722,France,shipping
566927,M,MANUAL,1,2011-09-15 15:20:00,2033.1,17846,United Kingdom,adjustment
566949,DOT,DOTCOM POSTAGE,1,2011-09-15 16:32:00,178.84,,United Kingdom,shipping
566952,DOT,DOTCOM POSTAGE,1,2011-09-15 16:37:00,239.91,,United Kingdom,shipping
566984,POST,POSTAGE,3,2011-09-16 10:39:00,18.0,12471,Germany,shipping
566985,DOT,DOTCOM POSTAGE,1,2011-09-16 10:42:00,594.0,,United Kingdom,shipping
566987,POST,POSTAGE,4,2011-09-16 10:56:00,18.0,12476,Germany,shipping
567134,POST,POSTAGE,1,2011-09-16 14:20:00,18.0,12600,Germany,shipping
567183,M,MANUAL,1,2011-09-18 15:32:00,1.65,14769,United Kingdom,adjustment
567191,POST,POSTAGE,3,2011-09-19 09:15:00,18.0,12562,France,shipping
567196,POST,POSTAGE,2,2011-09-19 10:09:00,15.0,12379,Belgium,shipping
567252,23444,NEXT DAY CARRIAGE,1,2011-09-19 11:37:00,15.0,13695,United Kingdom,shipping
567293,POST,POSTAGE,5,2011-09-19 12:01:00,18.0,12640,France,shipping
567296,POST,POSTAGE,1,2011-09-19 12:19:00,18.0,12682,France,shipping
567298,POST,POSTAGE,5,2011-09-19 12:29:00,18.0,12497,Germany,shipping
567300,POST,POSTAGE,3,2011-09-19 12:36:00,18.0,12724,France,shipping
567305,POST,POSTAGE,2,2011-09-19 13:28:00,18.0,12621,Germany,shipping
567336,POST,POSTAGE,4,2011-09-19 14:56:00,18.0,12621,Germany,shipping
567340,POST,POSTAGE,4,2011-09-19 15:02:00,28.0,12540,Spain,shipping
567342,POST,POSTAGE,1,2011-09-19 15:04:00,10.0,16235,United Kingdom,shipping
567353,M,MANUAL,1,2011-09-19 16:14:00,2653.95,,Hong Kong,adjustment
567380,23574,PACKING CHARGE,1,2011-09-20 10:06:00,7.5,12620,France,fee
567424,M,MANUAL,2,2011-09-20 11:16:00,0.19,16369,United Kingdom,adjustment
567424,M,MANUAL,2,2011-09-20 11:16:00,0.85,16369,United Kingdom,adjustment
567460,M,MANUAL,3,2011-09-20 12:30:00,0.19,15888,United Kingdom,adjustment
567460,M,MANUAL,6,2011-09-20 12:30:00,0.85,15888,United Kingdom,adjustment
567462,M,MANUAL,60,2011-09-20 12:35:00,0.08,14446,United Kingdom,adjustment
567485,M,MANUAL,60,2011-09-20 13:52:00,0.08,15026,United Kingdom,adjustment
567505,POST,POSTAGE,2,2011-09-20 14:34:00,40.0,12352,Norway,shipping
567507,DOT,DOTCOM POSTAGE,1,2011-09-20 14:46:00,1092.21,,United Kingdom,shipping
567530,POST,POSTAGE,3,2011-09-21 09:33:00,15.0,12390,Belgium,shipping
567552,POST,POSTAGE,3,2011-09-21 10:40:00,18.0,12583,France,shipping
567578,POST,POSTAGE,2,2011-09-21 10:47:00,18.0,12701,Germany,shipping
567616,C2,CARRIAGE,1,2011-09-21 12:23:00,50.0,14911,EIRE,shipping
567618,POST,POSTAGE,1,2011-09-21 12:26:00,18.0,12721,France,shipping
567631,C2,CARRIAGE,1,2011-09-21 13:33:00,50.0,13350,United Kingdom,shipping
567653,POST,POSTAGE,5,2011-09-21 14:35:00,28.0,12550,Spain,shipping
567656,DOT,DOTCOM POSTAGE,1,2011-09-21 14:40:00,878.55,14096,United Kingdom,shipping
567665,DOT,DOTCOM POSTAGE,1,2011-09-21 15:22:00,148.55,,United Kingdom,shipping
567666,POST,POSTAGE,4,2011-09-21 15:23:00,18.0,12520,Germany,shipping
567667,DOT,DOTCOM POSTAGE,1,2011-09-21 15:24:00,213.79,,United Kingdom,shipping
567668,DOT,DOTCOM POSTAGE,1,2011-09-21 15:29:00,234.94,,United Kingdom,shipping
567670,DOT,DOTCOM POSTAGE,1,2011-09-21 15:32:00,220.5,,United Kingdom,shipping
567671,DOT,DOTCOM POSTAGE,1,2011-09-21 15:34:00,248.51,,United Kingdom,shipping
567673,DOT,DOTCOM POSTAGE,1,2011-09-21 15:43:00,224.26,,United Kingdom,shipping
567720,C2,CARRIAGE,1,2011-09-22 10:37:00,50.0,14911,EIRE,shipping
567756,POST,POSTAGE,3,2011-09-22 10:52:00,18.0,12678,France,shipping
567793,POST,POSTAGE,4,2011-09-22 11:40:00,18.0,12657,France,shipping
567795,POST,POSTAGE,6,2011-09-22 11:44:00,15.0,14646,Netherlands,shipping
567824,POST,POSTAGE,1,2011-09-22 13:00:00,37.5,12739,United Arab Emirates,shipping
567866,M,MANUAL,5,2011-09-22 14:13:00,0.8,16669,United Kingdom,adjustment
567869,M,MANUAL,5,2011-09-22 14:18:00,0.08,16669,United Kingdom,adjustment
567897,POST,POSTAGE,1,2011-09-22 16:07:00,15.0,12364,Belgium,shipping
567901,DOT,DOTCOM POSTAGE,1,2011-09-22 16:28:00,175.6,,United Kingdom,shipping
567904,POST,POSTAGE,2,2011-09-22 16:34:00,18.0,12609,Germany,shipping
567910,POST,POSTAGE,1,2011-09-22 16:58:00,18.0,12437,France,shipping
567912,M,MANUAL,29,2011-09-22 17:07:00,0.06,15555,United Kingdom,adjustment
567913,23574,PACKING CHARGE,1,2011-09-22 17:08:00,7.5,18144,United Kingdom,fee
567914,POST,POSTAGE,1,2011-09-22 17:14:00,18.0,12647,Germany,shipping
567915,POST,POSTAGE,3,2011-09-22 17:15:00,18.0,12579,France,shipping
567924,POST,POSTAGE,1,2011-09-22 17:25:00,18.0,12471,Germany,shipping
567928,POST,POSTAGE,3,2011-09-22 17:31:00,18.0,12380,Belgium,shipping
567938,POST,POSTAGE,2,2011-09-22 18:14:00,40.0,12704,Finland,shipping
567958,POST,POSTAGE,2,2011-09-23 09:00:00,18.0,12619,Germany,shipping
567959,POST,POSTAGE,4,2011-09-23 09:13:00,18.0,12516,Germany,shipping
567968,POST,POSTAGE,3,2011-09-23 09:44:00,28.0,12546,Spain,shipping
568001,POST,POSTAGE,1,2011-09-23 11:35:00,28.0,12540,Spain,shipping
568040,POST,POSTAGE,4,2011-09-23 12:09:00,18.0,12681,France,shipping
568050,M,MANUAL,1,2011-09-23 12:38:00,1.5,15901,United Kingdom,adjustment
568050,M,MANUAL,6,2011-09-23 12:38:00,0.08,15901,United Kingdom,adjustment
568056,POST,POSTAGE,5,2011-09-23 12:55:00,18.0,12705,Germany,shipping
568057,DOT,DOTCOM POSTAGE,1,2011-09-23 12:56:00,698.5,,United Kingdom,shipping
568064,23444,NEXT DAY CARRIAGE,1,2011-09-23 13:42:00,15.0,14880,United Kingdom,shipping
568103,POST,POSTAGE,3,2011-09-23 15:45:00,18.0,12518,Germany,shipping
568132,M,MANUAL,3,2011-09-23 16:22:00,1.25,15549,United Kingdom,adjustment
568134,DOT,DOTCOM POSTAGE,1,2011-09-23 17:02:00,218.75,,United Kingdom,shipping
568135,DOT,DOTCOM POSTAGE,1,2011-09-23 17:04:00,201.82,,United Kingdom,shipping
568172,POST,POSTAGE,1,2011-09-25 13:13:00,40.0,12348,Finland,shipping
568176,POST,POSTAGE,1,2011-09-25 13:25:00,18.0,12685,France,shipping
568179,POST,POSTAGE,3,2011-09-25 13:39:00,28.0,12545,Spain,shipping
568200,PADS,PADS TO MATCH ALL CUSHIONS,1,2011-09-25 14:58:00,0.001,16198,United Kingdom,non_merchandise
568208,POST,POSTAGE,2,2011-09-25 15:35:00,28.0,12783,Portugal,shipping
568221,C2,CARRIAGE,1,2011-09-26 10:05:00,50.0,14911,EIRE,shipping
568223,POST,POSTAGE,2,2011-09-26 10:16:00,15.0,12412,Denmark,shipping
568346,DOT,DOTCOM POSTAGE,1,2011-09-26 15:28:00,688.08,14096,United Kingdom,shipping
568350,POST,POSTAGE,2,2011-09-26 15:35:00,18.0,12612,Germany,shipping
568375,BANK CHARGES,BANK CHARGES,1,2011-09-26 17:01:00,15.0,13405,United Kingdom,fee
568375,BANK CHARGES,BANK CHARGES,1,2011-09-26 17:01:00,0.001,13405,United Kingdom,fee
568398,POST,POSTAGE,1,2011-09-27 10:26:00,5.0,14543,United Kingdom,shipping
568411,DOT,DOTCOM POSTAGE,1,2011-09-27 10:52:00,837.46,,United Kingdom,shipping
568472,POST,POSTAGE,2,2011-09-27 11:50:00,18.0,12517,Germany,shipping
568514,POST,POSTAGE,1,2011-09-27 12:44:00,1.36,,United Kingdom,shipping
568518,POST,POSTAGE,1,2011-09-27 12:53:00,18.0,12680,France,shipping
568554,POST,POSTAGE,1,2011-09-27 15:31:00,28.0,12455,Spain,shipping
568567,DOT,DOTCOM POSTAGE,1,2011-09-27 18:41:00,227.99,,United Kingdom,shipping
568645,POST,POSTAGE,3,2011-09-28 11:38:00,18.0,12656,France,shipping
568650,POST,POSTAGE,8,2011-09-28 11:56:00,40.0,13505,Switzerland,shipping
568651,POST,POSTAGE,4,2011-09-28 12:04:00,15.0,12362,Belgium,shipping
568674,POST,POSTAGE,2,2011-09-28 13:30:00,18.0,12708,Germany,shipping
568680,23444,NEXT DAY CARRIAGE,1,2011-09-28 14:10:00,15.0,18265,United Kingdom,shipping
568698,C2,CARRIAGE,1,2011-09-28 14:57:00,50.0,14911,EIRE,shipping
568699,POST,POSTAGE,1,2011-09-28 14:58:00,40.0,12352,Norway,shipping
568703,M,MANUAL,183,2011-09-28 15:21:00,0.08,12748,United Kingdom,adjustment
568706,C2,CARRIAGE,1,2011-09-28 15:32:00,50.0,14911,EIRE,shipping
568711,23444,NEXT DAY CARRIAGE,1,2011-09-28 15:48:00,15.0,14947,United Kingdom,shipping
568716,DOT,DOTCOM POSTAGE,1,2011-09-28 16:13:00,160.9,,United Kingdom,shipping
568719,DOT,DOTCOM POSTAGE,1,2011-09-28 16:19:00,236.91,,United Kingdom,shipping
568721,DOT,DOTCOM POSTAGE,1,2011-09-28 16:24:00,225.68,,United Kingdom,shipping
568798,POST,POSTAGE,3,2011-09-29 10:23:00,18.0,12615,France,shipping
568805,23574,PACKING CHARGE,1,2011-09-29 10:55:00,7.5,12826,United Kingdom,fee
568872,POST,POSTAGE,2,2011-09-29 12:12:00,15.0,12372,Denmark,shipping
568914,POST,POSTAGE,1,2011-09-29 13:53:00,1.36,,United Kingdom,shipping
568949,DOT,DOTCOM POSTAGE,1,2011-09-29 15:13:00,182.25,,United Kingdom,shipping
568950,POST,POSTAGE,2,2011-09-29 15:25:00,40.0,12458,Switzerland,shipping
568953,POST,POSTAGE,1,2011-09-29 15:31:00,18.0,12728,France,shipping
568988,POST,POSTAGE,2,2011-09-29 16:38:00,18.0,12718,France,shipping
568994,POST,POSTAGE,2,2011-09-29 16:52:00,18.0,12598,France,shipping
569001,POST,POSTAGE,1,2011-09-29 17:52:00,18.0,12703,Germany,shipping
569003,23574,PACKING CHARGE,1,2011-09-29 18:13:00,7.5,13364,United Kingdom,fee
569006,C2,CARRIAGE,1,2011-09-29 18:30:00,50.0,16268,United Kingdom,shipping
569017,POST,POSTAGE,2,2011-09-30 09:22:00,18.0,13813,Germany,shipping
569018,POST,POSTAGE,1,2011-09-30 09:25:00,40.0,12676,Sweden,shipping
569028,C2,CARRIAGE,1,2011-09-30 10:20:00,50.0,14911,EIRE,shipping
569033,POST,POSTAGE,1,2011-09-30 10:40:00,6.0,15611,United Kingdom,shipping
569089,M,MANUAL,3,2011-09-30 12:03:00,1.0,13764,United Kingdom,adjustment
569120,POST,POSTAGE,2,2011-09-30 12:58:00,18.0,12583,France,shipping
569122,POST,POSTAGE,3,2011-09-30 13:06:00,18.0,12694,France,shipping
569126,C2,CARRIAGE,1,2011-09-30 13:28:00,50.0,13347,United Kingdom,shipping
569130,C2,CARRIAGE,1,2011-09-30 13:46:00,50.0,14911,EIRE,shipping
569137,DOT,DOTCOM POSTAGE,1,2011-09-30 14:45:00,639.83,,United Kingdom,shipping
569202,DOT,DOTCOM POSTAGE,1,2011-09-30 17:22:00,244.51,,United Kingdom,shipping
569246,DOT,DOTCOM POSTAGE,1,2011-10-03 09:57:00,490.25,14096,United Kingdom,shipping
569329,23444,NEXT DAY CARRIAGE,1,2011-10-03 13:03:00,15.0,17652,United Kingdom,shipping
569332,POST,POSTAGE,2,2011-10-03 13:46:00,18.0,12637,France,shipping
569360,M,MANUAL,1,2011-10-03 14:59:00,9.95,14653,United Kingdom,adjustment
569364,M,MANUAL,12,2011-10-03 15:10:00,1.0,13167,United Kingdom,adjustment
569372,DOT,DOTCOM POSTAGE,1,2011-10-03 16:04:00,250.68,,United Kingdom,shipping
569374,DOT,DOTCOM POSTAGE,1,2011-10-03 16:14:00,197.83,,United Kingdom,shipping
569382,M,MANUAL,1,2011-10-03 16:44:00,3155.95,15502,United Kingdom,adjustment
569389,M,MANUAL,1,2011-10-03 16:51:00,152.78,15502,United Kingdom,adjustment
569389,M,MANUAL,1,2011-10-03 16:51:00,32.22,15502,United Kingdom,adjustment
569389,M,MANUAL,1,2011-10-03 16:51:00,120.0,15502,United Kingdom,adjustment
569402,POST,POSTAGE,1,2011-10-04 09:00:00,18.0,12413,France,shipping
569415,DOT,DOTCOM POSTAGE,1,2011-10-04 10:14:00,492.46,,United Kingdom,shipping
569487,C2,CARRIAGE,1,2011-10-04 12:55:00,50.0,13351,United Kingdom,shipping
569496,POST,POSTAGE,2,2011-10-04 13:45:00,15.0,12395,Belgium,shipping
569522,POST,POSTAGE,1,2011-10-04 14:41:00,40.0,12664,Finland,shipping
569530,M,MANUAL,12,2011-10-04 14:58:00,0.08,17957,United Kingdom,adjustment
569533,M,MANUAL,1,2011-10-04 15:21:00,7.95,16374,United Kingdom,adjustment
569544,DOT,DOTCOM POSTAGE,1,2011-10-04 16:33:00,213.33,,United Kingdom,shipping
569545,DOT,DOTCOM POSTAGE,1,2011-10-04 16:37:00,252.16,,United Kingdom,shipping
569562,POST,POSTAGE,3,2011-10-05 09:43:00,18.0,12720,Germany,shipping
569563,POST,POSTAGE,8,2011-10-05 09:46:00,18.0,12481,Germany,shipping
569568,POST,POSTAGE,5,2011-10-05 09:57:00,18.0,12700,France,shipping
569639,POST,POSTAGE,1,2011-10-05 12:24:00,240.0,12471,Germany,shipping
569660,23444,NEXT DAY CARRIAGE,1,2011-10-05 13:05:00,15.0,17382,United Kingdom,shipping
569665,POST,POSTAGE,1,2011-10-05 13:34:00,15.0,12789,Netherlands,shipping
569686,POST,POSTAGE,2,2011-10-05 14:50:00,18.0,12719,France,shipping
569700,DOT,DOTCOM POSTAGE,1,2011-10-05 15:56:00,195.37,,United Kingdom,shipping
569719,POST,POSTAGE,8,2011-10-06 09:10:00,15.0,14646,Netherlands,shipping
569721,POST,POSTAGE,1,2011-10-06 09:28:00,18.0,12628,Germany,shipping
569727,POST,POSTAGE,2,2011-10-06 09:37:00,18.0,12500,Germany,shipping
569735,POST,POSTAGE,2,2011-10-06 10:34:00,15.0,14646,Netherlands,shipping
569739,C2,CARRIAGE,1,2011-10-06 10:48:00,50.0,14911,EIRE,shipping
569816,POST,POSTAGE,4,2011-10-06 11:58:00,0.55,,United Kingdom,shipping
569844,POST,POSTAGE,7,2011-10-06 13:30:00,18.0,12626,Germany,shipping
569860,POST,POSTAGE,1,2011-10-06 14:37:00,18.0,13812,Germany,shipping
569861,POST,POSTAGE,3,2011-10-06 14:37:00,18.0,13816,Germany,shipping
569866,M,MANUAL,2,2011-10-06 14:50:00,1.25,12757,Portugal,adjustment
569867,POST,POSTAGE,2,2011-10-06 14:54:00,18.0,12569,Germany,shipping
569893,POST,POSTAGE,6,2011-10-06 15:51:00,18.0,12627,Germany,shipping
569898,DOT,DOTCOM POSTAGE,1,2011-10-06 16:08:00,297.66,,United Kingdom,shipping
569901,M,MANUAL,1,2011-10-06 16:20:00,1.25,12923,United Kingdom,adjustment
569904,POST,POSTAGE,3,2011-10-06 16:27:00,15.0,13023,United Kingdom,shipping
569907,POST,POSTAGE,1,2011-10-06 16:41:00,18.0,12569,Germany,shipping
569997,POST,POSTAGE,9,2011-10-07 08:08:00,18.0,12394,Denmark,shipping
569998,POST,POSTAGE,2,2011-10-07 08:12:00,28.0,12540,Spain,shipping
570007,POST,POSTAGE,3,2011-10-07 09:26:00,18.0,12519,Germany,shipping
570008,C2,CARRIAGE,1,2011-10-07 09:30:00,50.0,13359,United Kingdom,shipping
570020,POST,POSTAGE,1,2011-10-07 10:18:00,18.0,12684,France,shipping
570026,POST,POSTAGE,1,2011-10-07 10:37:00,40.0,12781,Czech Republic,shipping
570082,POST,POSTAGE,7,2011-10-07 11:19:00,18.0,12524,Germany,shipping
570095,POST,POSTAGE,2,2011-10-07 11:57:00,18.0,12528,Germany,shipping
570187,DOT,DOTCOM POSTAGE,1,2011-10-07 15:09:00,255.81,,United Kingdom,shipping
570189,POST,POSTAGE,1,2011-10-07 15:15:00,18.0,12492,Germany,shipping
570191,POST,POSTAGE,1,2011-10-07 15:23:00,15.0,12778,Netherlands,shipping
570202,POST,POSTAGE,1,2011-10-07 16:21:00,6.32,,United Kingdom,shipping
570258,DOT,DOTCOM POSTAGE,1,2011-10-10 09:56:00,930.04,,United Kingdom,shipping
570267,POST,POSTAGE,1,2011-10-10 10:13:00,18.0,12682,France,shipping
570333,M,MANUAL,6,2011-10-10 12:19:00,0.39,18126,United Kingdom,adjustment
570409,POST,POSTAGE,2,2011-10-10 13:03:00,18.0,12682,France,shipping
570413,23444,NEXT DAY CARRIAGE,1,2011-10-10 13:13:00,15.0,17652,United Kingdom,shipping
570417,POST,POSTAGE,1,2011-10-10 13:31:00,3.82,,United Kingdom,shipping
570426,C2,CARRIAGE,1,2011-10-10 13:55:00,50.0,13352,United Kingdom,shipping
570446,POST,POSTAGE,2,2011-10-10 14:49:00,15.0,12431,Belgium,shipping
570448,M,MANUAL,3,2011-10-10 14:55:00,1.0,13224,United Kingdom,adjustment
570452,POST,POSTAGE,2,2011-10-10 15:15:00,18.0,12427,Germany,shipping
570465,DOT,DOTCOM POSTAGE,1,2011-10-10 16:02:00,188.46,,United Kingdom,shipping
570475,M,MANUAL,12,2011-10-10 16:47:00,0.42,,United Kingdom,adjustment
570479,M,MANUAL,1,2011-10-10 16:58:00,1.25,17589,United Kingdom,adjustment
570488,DOT,DOTCOM POSTAGE,1,2011-10-10 17:12:00,635.01,14096,United Kingdom,shipping
570499,POST,POSTAGE,5,2011-10-11 09:19:00,28.0,12772,Portugal,shipping
570555,23444,NEXT DAY CARRIAGE,1,2011-10-11 11:03:00,15.0,17119,United Kingdom,shipping
570637,POST,POSTAGE,2,2011-10-11 12:34:00,18.0,12530,Germany,shipping
570640,POST,POSTAGE,2,2011-10-11 12:38:00,18.0,12474,Germany,shipping
570651,C2,CARRIAGE,1,2011-10-11 13:34:00,50.0,14911,EIRE,shipping
570666,POST,POSTAGE,1,2011-10-11 14:24:00,18.0,13919,Denmark,shipping
570667,POST,POSTAGE,2,2011-10-11 14:33:00,15.0,12362,Belgium,shipping
570681,POST,POSTAGE,1,2011-10-11 15:45:00,6.0,12381,Norway,shipping
570685,M,MANUAL,18,2011-10-11 16:25:00,1.0,13208,United Kingdom,adjustment
570688,DOT,DOTCOM POSTAGE,1,2011-10-11 16:29:00,199.04,,United Kingdom,shipping
570690,DOT,DOTCOM POSTAGE,1,2011-10-11 16:37:00,199.81,,United Kingdom,shipping
570694,C2,CARRIAGE,1,2011-10-12 08:10:00,50.0,14911,EIRE,shipping
570700,C2,CARRIAGE,1,2011-10-12 09:29:00,50.0,14156,EIRE,shipping
570705,M,MANUAL,18,2011-10-12 09:54:00,0.36,13208,United Kingdom,adjustment
570714,POST,POSTAGE,2,2011-10-12 10:20:00,40.0,13520,Switzerland,shipping
570718,POST,POSTAGE,2,2011-10-12 10:36:00,18.0,12518,Germany,shipping
570725,POST,POSTAGE,1,2011-10-12 11:30:00,4.5,12381,Norway,shipping
570754,POST,POSTAGE,1,2011-10-12 11:40:00,18.0,12633,Germany,shipping
570769,POST,POSTAGE,2,2011-10-12 11:43:00,18.0,12664,Finland,shipping
570784,POST,POSTAGE,1,2011-10-12 11:49:00,18.0,12569,Germany,shipping
570793,POST,POSTAGE,8,2011-10-12 12:08:00,40.0,12444,Norway,shipping
570798,POST,POSTAGE,2,2011-10-12 12:30:00,18.0,12679,France,shipping
570823,POST,POSTAGE,1,2011-10-12 12:54:00,18.0,12691,France,shipping
570841,POST,POSTAGE,2,2011-10-12 14:18:00,18.0,12553,France,shipping
570851,POST,POSTAGE,1,2011-10-12 14:46:00,18.0,12583,France,shipping
570871,DOT,DOTCOM POSTAGE,1,2011-10-12 16:36:00,218.93,,United Kingdom,shipping
570872,DOT,DOTCOM POSTAGE,1,2011-10-12 16:40:00,214.32,,United Kingdom,shipping
570875,POST,POSTAGE,4,2011-10-12 17:00:00,40.0,12667,Finland,shipping
570879,POST,POSTAGE,2,2011-10-13 08:42:00,18.0,12685,France,shipping
570881,POST,POSTAGE,2,2011-10-13 09:30:00,18.0,12498,Germany,shipping
571030,POST,POSTAGE,7,2011-10-13 12:26:00,15.0,12876,Belgium,shipping
571053,POST,POSTAGE,4,2011-10-13 13:53:00,40.0,12631,Finland,shipping
571061,DOT,DOTCOM POSTAGE,1,2011-10-13 14:33:00,852.25,,United Kingdom,shipping
571065,POST,POSTAGE,7,2011-10-13 14:59:00,18.0,12613,Germany,shipping
571082,DOT,DOTCOM POSTAGE,1,2011-10-13 15:25:00,213.13,,United Kingdom,shipping
571106,M,MANUAL,1,2011-10-13 16:14:00,1.0,14976,United Kingdom,adjustment
571111,POST,POSTAGE,1,2011-10-13 16:37:00,15.0,14976,United Kingdom,shipping
571129,C2,CARRIAGE,1,2011-10-14 10:03:00,50.0,14156,EIRE,shipping
571179,M,MANUAL,1,2011-10-14 10:42:00,40.0,15482,United Kingdom,adjustment
571187,POST,POSTAGE,3,2011-10-14 11:39:00,18.0,12380,Belgium,shipping
571188,POST,POSTAGE,4,2011-10-14 11:42:00,28.0,12783,Portugal,shipping
571190,M,MANUAL,4,2011-10-14 11:43:00,0.12,17771,United Kingdom,adjustment
571191,POST,POSTAGE,1,2011-10-14 11:44:00,15.0,17404,Sweden,shipping
571215,POST,POSTAGE,3,2011-10-14 12:57:00,18.0,13810,Germany,shipping
571223,M,MANUAL,1,2011-10-14 13:36:00,599.5,13810,Germany,adjustment
571240,POST,POSTAGE,2,2011-10-14 14:55:00,18.0,12562,France,shipping
571257,DOT,DOTCOM POSTAGE,1,2011-10-14 17:17:00,271.18,,United Kingdom,shipping
571289,M,MANUAL,1,2011-10-16 15:27:00,0.39,15113,United Kingdom,adjustment
571304,POST,POSTAGE,4,2011-10-17 09:37:00,18.0,12526,Germany,shipping
571305,DOT,DOTCOM POSTAGE,1,2011-10-17 09:55:00,657.29,,United Kingdom,shipping
571308,POST,POSTAGE,3,2011-10-17 10:10:00,18.0,12475,Germany,shipping
571312,POST,POSTAGE,4,2011-10-17 10:42:00,18.0,12474,Germany,shipping
571324,M,MANUAL,1,2011-10-17 11:08:00,283.02,12783,Portugal,adjustment
571326,M,MANUAL,1,2011-10-17 11:11:00,339.02,12783,Portugal,adjustment
571328,POST,POSTAGE,7,2011-10-17 11:27:00,18.0,12473,Germany,shipping
571425,C2,CARRIAGE,1,2011-10-17 12:41:00,50.0,14911,EIRE,shipping
571441,DOT,DOTCOM POSTAGE,1,2011-10-17 13:31:00,743.62,14096,United Kingdom,shipping
571445,POST,POSTAGE,2,2011-10-17 13:44:00,18.0,12463,Belgium,shipping
571465,M,MANUAL,1,2011-10-17 14:29:00,0.85,14830,United Kingdom,adjustment
571474,23444,NEXT DAY CARRIAGE,1,2011-10-17 14:41:00,15.0,16389,United Kingdom,shipping
571508,DOT,DOTCOM POSTAGE,1,2011-10-17 15:27:00,195.06,,United Kingdom,shipping
571556,POST,POSTAGE,2,2011-10-18 09:24:00,18.0,12662,Germany,shipping
571641,23574,PACKING CHARGE,1,2011-10-18 12:07:00,7.5,17135,United Kingdom,fee
571658,POST,POSTAGE,3,2011-10-18 12:48:00,18.0,12621,Germany,shipping
571665,POST,POSTAGE,3,2011-10-18 12:59:00,28.0,12540,Spain,shipping
571697,POST,POSTAGE,3,2011-10-18 14:49:00,15.0,12759,Netherlands,shipping
571705,POST,POSTAGE,3,2011-10-18 15:22:00,40.0,12360,Austria,shipping
571713,DOT,DOTCOM POSTAGE,1,2011-10-18 16:58:00,243.87,,United Kingdom,shipping
571714,DOT,DOTCOM POSTAGE,1,2011-10-18 17:00:00,127.89,,United Kingdom,shipping
571716,DOT,DOTCOM POSTAGE,1,2011-10-18 17:05:00,206.38,,United Kingdom,shipping
571724,POST,POSTAGE,3,2011-10-19 08:20:00,18.0,12572,Germany,shipping
571729,POST,POSTAGE,1,2011-10-19 09:43:00,18.0,12500,Germany,shipping
571751,M,MANUAL,1,2011-10-19 11:18:00,3949.32,12744,Singapore,adjustment
571751,M,MANUAL,1,2011-10-19 11:18:00,2118.74,12744,Singapore,adjustment
571797,DOT,DOTCOM POSTAGE,1,2011-10-19 11:41:00,868.21,,United Kingdom,shipping
571824,POST,POSTAGE,6,2011-10-19 11:49:00,18.0,12472,Germany,shipping
571851,POST,POSTAGE,4,2011-10-19 13:02:00,28.0,12596,Spain,shipping
571883,M,MANUAL,6,2011-10-19 13:58:00,0.39,14704,United Kingdom,adjustment
571900,BANK CHARGES,BANK CHARGES,1,2011-10-19 14:26:00,15.0,13263,United Kingdom,fee
571904,POST,POSTAGE,1,2011-10-19 14:41:00,18.0,12522,Germany,shipping
571909,M,MANUAL,1,2011-10-19 15:08:00,4.95,15006,United Kingdom,adjustment
571923,POST,POSTAGE,2,2011-10-19 16:24:00,18.0,12685,France,shipping
571931,DOT,DOTCOM POSTAGE,1,2011-10-19 16:59:00,230.59,,United Kingdom,shipping
572054,POST,POSTAGE,2,2011-10-20 12:31:00,18.0,12642,Germany,shipping
572056,POST,POSTAGE,1,2011-10-20 12:40:00,35.0,17402,United Kingdom,shipping
572060,POST,POSTAGE,1,2011-10-20 12:52:00,18.0,12569,Germany,shipping
572061,POST,POSTAGE,2,2011-10-20 12:53:00,18.0,12474,Germany,shipping
572069,C2,CARRIAGE,1,2011-10-20 13:24:00,50.0,14911,EIRE,shipping
572072,POST,POSTAGE,1,2011-10-20 13:40:00,1.36,,United Kingdom,shipping
572087,POST,POSTAGE,6,2011-10-20 14:30:00,18.0,12683,France,shipping
572103,M,MANUAL,1,2011-10-20 15:57:00,1.25,17571,United Kingdom,adjustment
572133,POST,POSTAGE,2,2011-10-21 10:11:00,18.0,12407,Belgium,shipping
572184,POST,POSTAGE,2,2011-10-21 10:51:00,18.0,12403,Denmark,shipping
572233,POST,POSTAGE,7,2011-10-21 14:41:00,15.0,14646,Netherlands,shipping
572241,POST,POSTAGE,1,2011-10-21 15:20:00,18.0,12712,Germany,shipping
572293,M,MANUAL,1,2011-10-23 13:02:00,50.0,12748,United Kingdom,adjustment
572316,M,MANUAL,1,2011-10-23 16:13:00,0.38,17836,United Kingdom,adjustment
572344,M,MANUAL,456,2011-10-24 10:43:00,1.5,14607,United Kingdom,adjustment
572344,M,MANUAL,48,2011-10-24 10:43:00,1.5,14607,United Kingdom,adjustment
572423,M,MANUAL,1,2011-10-24 12:02:00,464.9,16742,United Kingdom,adjustment
572442,POST,POSTAGE,2,2011-10-24 12:09:00,28.0,12546,Spain,shipping
572459,C2,CARRIAGE,1,2011-10-24 12:53:00,50.0,14911,EIRE,shipping
572540,DOT,DOTCOM POSTAGE,1,2011-10-24 16:17:00,743.96,,United Kingdom,shipping
572549,DOT,DOTCOM POSTAGE,1,2011-10-24 17:03:00,235.98,,United Kingdom,shipping
572550,DOT,DOTCOM POSTAGE,1,2011-10-24 17:06:00,215.13,,United Kingdom,shipping
572552,DOT,DOTCOM POSTAGE,1,2011-10-24 17:07:00,638.3,14096,United Kingdom,shipping
572553,DOT,DOTCOM POSTAGE,1,2011-10-24 17:09:00,276.48,,United Kingdom,shipping
572560,POST,POSTAGE,8,2011-10-25 08:45:00,18.0,12476,Germany,shipping
572567,POST,POSTAGE,5,2011-10-25 10:27:00,40.0,12398,Switzerland,shipping
572656,M,MANUAL,288,2011-10-25 12:22:00,1.5,14607,United Kingdom,adjustment
572665,POST,POSTAGE,1,2011-10-25 13:02:00,4.48,,United Kingdom,shipping
572682,M,MANUAL,72,2011-10-25 13:52:00,0.39,17928,United Kingdom,adjustment
572696,M,MANUAL,1,2011-10-25 14:23:00,250.0,17857,United Kingdom,adjustment
572758,DOT,DOTCOM POSTAGE,1,2011-10-25 18:39:00,246.54,,United Kingdom,shipping
572770,POST,POSTAGE,9,2011-10-26 10:16:00,40.0,12371,Switzerland,shipping
572832,M,MANUAL,1,2011-10-26 11:40:00,1.0,16454,United Kingdom,adjustment
572849,S,SAMPLES,1,2011-10-26 12:20:00,33.05,,United Kingdom,non_merchandise
572886,POST,POSTAGE,3,2011-10-26 13:46:00,28.0,12448,Spain,shipping
572887,POST,POSTAGE,4,2011-10-26 13:47:00,15.0,12362,Belgium,shipping
572894,POST,POSTAGE,1,2011-10-26 14:39:00,18.0,12569,Germany,shipping
572895,POST,POSTAGE,1,2011-10-26 14:39:00,18.0,12569,Germany,shipping
572896,POST,POSTAGE,4,2011-10-26 14:41:00,40.0,12456,Switzerland,shipping
572897,DOT,DOTCOM POSTAGE,1,2011-10-26 14:42:00,1016.58,,United Kingdom,shipping
572934,POST,POSTAGE,4,2011-10-27 10:18:00,40.0,12610,Italy,shipping
572964,POST,POSTAGE,3,2011-10-27 10:41:00,40.0,12630,Finland,shipping
572969,C2,CARRIAGE,1,2011-10-27 10:46:00,50.0,13363,United Kingdom,shipping
572986,POST,POSTAGE,3,2011-10-27 10:51:00,18.0,12681,France,shipping
572992,POST,POSTAGE,2,2011-10-27 10:57:00,18.0,12681,France,shipping
573036,POST,POSTAGE,2,2011-10-27 13:44:00,18.0,12437,France,shipping
573077,M,MANUAL,1,2011-10-27 14:13:00,4161.06,12536,France,adjustment
573080,M,MANUAL,1,2011-10-27 14:20:00,4161.06,12536,France,adjustment
573106,POST,POSTAGE,1,2011-10-27 15:05:00,18.0,12626,Germany,shipping
573108,POST,POSTAGE,1,2011-10-27 15:09:00,40.0,12430,Norway,shipping
573136,POST,POSTAGE,2,2011-10-27 17:00:00,18.0,12709,Germany,shipping
573137,DOT,DOTCOM POSTAGE,1,2011-10-27 17:15:00,188.89,,United Kingdom,shipping
573153,POST,POSTAGE,3,2011-10-28 07:39:00,145.0,12678,France,shipping
573173,POST,POSTAGE,4,2011-10-28 10:10:00,15.0,12362,Belgium,shipping
573266,23444,NEXT DAY CARRIAGE,1,2011-10-28 12:40:00,15.0,15290,United Kingdom,shipping
573284,POST,POSTAGE,1,2011-10-28 14:27:00,18.0,13812,Germany,shipping
573289,POST,POSTAGE,4,2011-10-28 14:44:00,18.0,12705,Germany,shipping
573307,POST,POSTAGE,1,2011-10-28 16:24:00,11.27,,United Kingdom,shipping
573310,DOT,DOTCOM POSTAGE,1,2011-10-28 16:44:00,6.63,,United Kingdom,shipping
573311,M,MANUAL,8,2011-10-28 16:45:00,0.39,14071,United Kingdom,adjustment
573313,DOT,DOTCOM POSTAGE,1,2011-10-28 16:46:00,3.29,,United Kingdom,shipping
573328,M,MANUAL,3,2011-10-30 11:09:00,0.39,16601,United Kingdom,adjustment
573333,POST,POSTAGE,2,2011-10-30 11:34:00,40.0,12483,Sweden,shipping
573340,M,MANUAL,3,2011-10-30 11:55:00,0.79,14159,United Kingdom,adjustment
573345,M,MANUAL,25,2011-10-30 12:14:00,0.2,17609,United Kingdom,adjustment
573351,23444,NEXT DAY CARRIAGE,1,2011-10-30 12:34:00,15.0,13524,United Kingdom,shipping
573362,POST,POSTAGE,10,2011-10-30 13:06:00,28.0,12597,Spain,shipping
573391,C2,CARRIAGE,1,2011-10-30 14:57:00,50.0,14911,EIRE,shipping
573401,POST,POSTAGE,2,2011-10-30 15:43:00,15.0,12364,Belgium,shipping
573402,POST,POSTAGE,1,2011-10-30 15:44:00,18.0,12494,France,shipping
573417,POST,POSTAGE,1,2011-10-31 08:56:00,18.0,12581,Germany,shipping
573430,POST,POSTAGE,3,2011-10-31 10:38:00,18.0,13813,Germany,shipping
573545,23444,NEXT DAY CARRIAGE,1,2011-10-31 13:12:00,15.0,16969,United Kingdom,shipping
573553,DOT,DOTCOM POSTAGE,1,2011-10-31 13:48:00,757.63,,United Kingdom,shipping
573576,DOT,DOTCOM POSTAGE,1,2011-10-31 14:09:00,901.58,14096,United Kingdom,shipping
573580,DOT,DOTCOM POSTAGE,1,2011-10-31 14:21:00,254.42,,United Kingdom,shipping
573581,C2,CARRIAGE,1,2011-10-31 14:22:00,50.0,14911,EIRE,shipping
573585,DOT,DOTCOM POSTAGE,1,2011-10-31 14:41:00,2019.05,,United Kingdom,shipping
573585,GIFT_0001_20,DOTCOMGIFTSHOP GIFT VOUCHER £20.00,1,2011-10-31 14:41:00,16.67,,United Kingdom,non_merchandise
573586,BANK CHARGES,BANK CHARGES,1,2011-10-31 14:48:00,15.0,14704,United Kingdom,fee
573588,POST,POSTAGE,1,2011-10-31 15:01:00,40.0,12588,Finland,shipping
573589,POST,POSTAGE,1,2011-10-31 15:11:00,0.55,,United Kingdom,shipping
573601,DOT,DOTCOM POSTAGE,1,2011-10-31 15:24:00,511.25,,United Kingdom,shipping
573629,POST,POSTAGE,1,2011-10-31 15:30:00,18.0,12522,Germany,shipping
573633,DOT,DOTCOM POSTAGE,1,2011-10-31 15:48:00,98.79,,United Kingdom,shipping
573656,POST,POSTAGE,3,2011-10-31 16:02:00,15.0,12417,Belgium,shipping
573669,POST,POSTAGE,1,2011-10-31 16:49:00,2.46,,United Kingdom,shipping
573768,POST,POSTAGE,3,2011-11-01 10:02:00,40.0,12552,Italy,shipping
573867,POST,POSTAGE,2,2011-11-01 12:12:00,18.0,12674,France,shipping
573868,POST,POSTAGE,2,2011-11-01 12:18:00,18.0,12491,France,shipping
573891,POST,POSTAGE,5,2011-11-01 13:56:00,18.0,12682,France,shipping
573895,23574,PACKING CHARGE,1,2011-11-01 14:01:00,7.5,15423,United Kingdom,fee
573931,23574,PACKING CHARGE,1,2011-11-02 10:16:00,7.5,16884,United Kingdom,fee
573994,23574,PACKING CHARGE,1,2011-11-02 11:23:00,7.5,17135,United Kingdom,fee
574017,23444,NEXT DAY CARRIAGE,1,2011-11-02 12:04:00,15.0,16014,United Kingdom,shipping
574068,POST,POSTAGE,3,2011-11-02 14:51:00,18.0,12490,France,shipping
574071,POST,POSTAGE,1,2011-11-02 14:57:00,18.0,12654,Germany,shipping
574074,DOT,DOTCOM POSTAGE,1,2011-11-02 15:33:00,371.65,,United Kingdom,shipping
574076,DOT,DOTCOM POSTAGE,1,2011-11-02 15:38:00,378.02,,United Kingdom,shipping
574097,POST,POSTAGE,5,2011-11-03 09:56:00,18.0,12471,Germany,shipping
574104,POST,POSTAGE,3,2011-11-03 10:45:00,18.0,12615,France,shipping
574252,POST,POSTAGE,2,2011-11-03 13:24:00,18.0,12437,France,shipping
574255,POST,POSTAGE,1,2011-11-03 13:44:00,18.0,12569,Germany,shipping
574270,DOT,DOTCOM POSTAGE,1,2011-11-03 14:28:00,3.29,,United Kingdom,shipping
574275,POST,POSTAGE,2,2011-11-03 14:37:00,40.0,12352,Norway,shipping
574277,M,MANUAL,832,2011-11-03 14:42:00,0.25,17857,United Kingdom,adjustment
574282,23444,NEXT DAY CARRIAGE,1,2011-11-03 14:52:00,15.0,15612,United Kingdom,shipping
574298,DOT,DOTCOM POSTAGE,1,2011-11-03 15:56:00,286.88,,United Kingdom,shipping
574301,POST,POSTAGE,2,2011-11-03 16:15:00,28.0,12544,Spain,shipping
574317,M,MANUAL,6,2011-11-03 18:49:00,0.39,17078,United Kingdom,adjustment
574329,POST,POSTAGE,4,2011-11-04 09:07:00,15.0,12362,Belgium,shipping
574332,POST,POSTAGE,3,2011-11-04 09:24:00,18.0,12664,Finland,shipping
574336,POST,POSTAGE,6,2011-11-04 09:52:00,15.0,12397,Belgium,shipping
574442,POST,POSTAGE,5,2011-11-04 11:40:00,40.0,12704,Finland,shipping
574474,M,MANUAL,4,2011-11-04 12:05:00,0.85,17979,United Kingdom,adjustment
574506,M,MANUAL,1,2011-11-04 13:24:00,3.95,12577,France,adjustment
574532,23444,NEXT DAY CARRIAGE,1,2011-11-04 14:19:00,15.0,15676,United Kingdom,shipping
574546,BANK CHARGES,BANK CHARGES,1,2011-11-04 14:59:00,15.0,13651,United Kingdom,fee
574561,DOT,DOTCOM POSTAGE,1,2011-11-04 15:52:00,368.62,,United Kingdom,shipping
574653,POST,POSTAGE,2,2011-11-06 11:30:00,18.0,12619,Germany,shipping
574679,POST,POSTAGE,3,2011-11-06 12:38:00,18.0,12645,Germany,shipping
574690,POST,POSTAGE,4,2011-11-06 13:11:00,40.0,12638,Sweden,shipping
574694,POST,POSTAGE,2,2011-11-06 13:36:00,40.0,12381,Norway,shipping
574713,POST,POSTAGE,1,2011-11-06 14:26:00,18.0,12628,Germany,shipping
574722,M,MANUAL,16,2011-11-06 14:45:00,0.19,14502,United Kingdom,adjustment
574741,M,MANUAL,6,2011-11-06 16:13:00,1.45,15993,United Kingdom,adjustment
574745,C2,CARRIAGE,1,2011-11-07 08:26:00,50.0,14911,EIRE,shipping
574838,POST,POSTAGE,5,2011-11-07 11:37:00,28.0,12484,Spain,shipping
574841,C2,CARRIAGE,1,2011-11-07 11:42:00,50.0,14156,EIRE,shipping
574844,POST,POSTAGE,1,2011-11-07 11:57:00,28.0,12783,Portugal,shipping
574856,DOT,DOTCOM POSTAGE,1,2011-11-07 12:06:00,1126.29,,United Kingdom,shipping
574862,POST,POSTAGE,5,2011-11-07 12:27:00,15.0,12408,Belgium,shipping
574869,POST,POSTAGE,1,2011-11-07 12:44:00,18.0,12708,Germany,shipping
574874,C2,CARRIAGE,1,2011-11-07 13:06:00,50.0,14911,EIRE,shipping
574885,POST,POSTAGE,1,2011-11-07 14:01:00,18.0,12472,Germany,shipping
574950,DOT,DOTCOM POSTAGE,1,2011-11-08 09:29:00,401.8,,United Kingdom,shipping
575034,M,MANUAL,1,2011-11-08 11:38:00,7.95,15573,United Kingdom,adjustment
575043,M,MANUAL,1,2011-11-08 12:06:00,4.95,13047,United Kingdom,adjustment
575049,POST,POSTAGE,3,2011-11-08 12:13:00,18.0,12721,France,shipping
575059,M,MANUAL,30,2011-11-08 12:25:00,0.39,14071,United Kingdom,adjustment
575067,POST,POSTAGE,2,2011-11-08 12:45:00,18.0,12583,France,shipping
575138,DOT,DOTCOM POSTAGE,1,2011-11-08 15:24:00,1483.21,,United Kingdom,shipping
575144,POST,POSTAGE,3,2011-11-08 15:38:00,28.0,12540,Spain,shipping
575151,POST,POSTAGE,1,2011-11-08 16:12:00,15.0,12395,Belgium,shipping
575154,POST,POSTAGE,2,2011-11-08 16:15:00,18.0,12395,Belgium,shipping
575176,DOT,DOTCOM POSTAGE,1,2011-11-08 18:29:00,428.78,,United Kingdom,shipping
575177,DOT,DOTCOM POSTAGE,1,2011-11-08 18:41:00,375.71,,United Kingdom,shipping
575193,POST,POSTAGE,5,2011-11-09 09:34:00,18.0,12681,France,shipping
575304,M,MANUAL,1,2011-11-09 12:38:00,1.25,17841,United Kingdom,adjustment
575326,POST,POSTAGE,2,2011-11-09 13:47:00,18.0,12532,France,shipping
575328,M,MANUAL,1200,2011-11-09 13:48:00,0.25,17857,United Kingdom,adjustment
575352,POST,POSTAGE,3,2011-11-09 14:56:00,18.0,12504,Germany,shipping
575477,DOT,DOTCOM POSTAGE,1,2011-11-09 16:14:00,533.59,,United Kingdom,shipping
575498,POST,POSTAGE,1,2011-11-10 09:52:00,18.0,12708,Germany,shipping
575514,POST,POSTAGE,3,2011-11-10 10:40:00,28.0,12541,Spain,shipping
575519,POST,POSTAGE,2,2011-11-10 10:53:00,18.0,12682,France,shipping
575581,POST,POSTAGE,1,2011-11-10 11:53:00,18.0,12659,France,shipping
575584,POST,POSTAGE,1,2011-11-10 11:55:00,18.0,12682,France,shipping
575607,DOT,DOTCOM POSTAGE,1,2011-11-10 12:37:00,908.16,14096,United Kingdom,shipping
575629,POST,POSTAGE,1,2011-11-10 13:34:00,18.0,12599,France,shipping
575632,M,MANUAL,1,2011-11-10 13:44:00,40.46,12473,Germany,adjustment
575632,M,MANUAL,1,2011-11-10 13:44:00,424.06,12473,Germany,adjustment
575632,M,MANUAL,1,2011-11-10 13:44:00,549.34,12473,Germany,adjustment
575636,M,MANUAL,1,2011-11-10 13:46:00,40.46,12473,Germany,adjustment
575671,POST,POSTAGE,3,2011-11-10 15:03:00,18.0,12670,France,shipping
575682,23574,PACKING CHARGE,1,2011-11-10 15:37:00,7.5,12826,United Kingdom,fee
575709,POST,POSTAGE,2,2011-11-10 17:27:00,15.0,14646,Netherlands,shipping
575713,POST,POSTAGE,2,2011-11-10 17:49:00,18.0,13817,Germany,shipping
575732,POST,POSTAGE,2,2011-11-11 08:19:00,18.0,12712,Germany,shipping
575733,POST,POSTAGE,1,2011-11-11 08:33:00,18.0,13810,Germany,shipping
575734,POST,POSTAGE,2,2011-11-11 08:39:00,40.0,12384,Switzerland,shipping
575735,C2,CARRIAGE,1,2011-11-11 08:46:00,50.0,14156,EIRE,shipping
575736,POST,POSTAGE,1,2011-11-11 08:47:00,40.0,12697,Sweden,shipping
575739,DOT,DOTCOM POSTAGE,1,2011-11-11 09:05:00,469.2,,United Kingdom,shipping
575747,POST,POSTAGE,3,2011-11-11 10:19:00,18.0,12589,France,shipping
575750,POST,POSTAGE,3,2011-11-11 10:29:00,18.0,12600,Germany,shipping
575787,POST,POSTAGE,3,2011-11-11 11:18:00,18.0,12518,Germany,shipping
575845,POST,POSTAGE,1,2011-11-11 12:07:00,18.0,12598,France,shipping
575848,M,MANUAL,1,2011-11-11 12:10:00,10.0,14178,United Kingdom,adjustment
575871,C2,CARRIAGE,1,2011-11-11 12:52:00,50.0,14911,EIRE,shipping
575875,DOT,DOTCOM POSTAGE,1,2011-11-11 13:06:00,571.9,,United Kingdom,shipping
575880,POST,POSTAGE,3,2011-11-11 13:35:00,18.0,12726,France,shipping
575881,POST,POSTAGE,1,2011-11-11 13:39:00,1.34,,United Kingdom,shipping
575884,POST,POSTAGE,3,2011-11-11 13:46:00,18.0,12685,France,shipping
575888,POST,POSTAGE,3,2011-11-11 14:04:00,18.0,12517,Germany,shipping
575896,POST,POSTAGE,8,2011-11-11 14:52:00,18.0,12480,Germany,shipping
575901,POST,POSTAGE,1,2011-11-11 15:19:00,1.69,,United Kingdom,shipping
575904,M,MANUAL,1,2011-11-11 15:28:00,7.95,18014,United Kingdom,adjustment
575916,POST,POSTAGE,1,2011-11-11 16:49:00,18.0,12691,France,shipping
575930,DOT,DOTCOM POSTAGE,1,2011-11-11 17:58:00,454.35,,United Kingdom,shipping
575947,DOT,DOTCOM POSTAGE,1,2011-11-13 11:50:00,1211.17,,United Kingdom,shipping
575952,M,MANUAL,1,2011-11-13 11:55:00,0.29,16015,United Kingdom,adjustment
576082,POST,POSTAGE,2,2011-11-14 08:22:00,40.0,12428,Finland,shipping
576087,POST,POSTAGE,4,2011-11-14 08:31:00,18.0,12689,France,shipping
576141,C2,CARRIAGE,1,2011-11-14 10:47:00,50.0,14911,EIRE,shipping
576148,23444,NEXT DAY CARRIAGE,1,2011-11-14 10:50:00,15.0,15671,United Kingdom,shipping
576213,M,MANUAL,1,2011-11-14 12:47:00,1.25,18117,United Kingdom,adjustment
576215,23444,NEXT DAY CARRIAGE,1,2011-11-14 12:55:00,15.0,17652,United Kingdom,shipping
576222,POST,POSTAGE,2,2011-11-14 13:02:00,18.0,12490,France,shipping
576234,M,MANUAL,1,2011-11-14 13:27:00,326.1,,Hong Kong,adjustment
576245,POST,POSTAGE,3,2011-11-14 13:40:00,18.0,12553,France,shipping
576269,POST,POSTAGE,2,2011-11-14 14:23:00,28.0,12762,Portugal,shipping
576322,POST,POSTAGE,2,2011-11-14 15:03:00,18.0,12642,Germany,shipping
576327,POST,POSTAGE,2,2011-11-14 15:19:00,18.0,12476,Germany,shipping
576329,DOT,DOTCOM POSTAGE,1,2011-11-14 15:22:00,518.98,,United Kingdom,shipping
576339,DOT,DOTCOM POSTAGE,1,2011-11-14 15:27:00,1500.36,14096,United Kingdom,shipping
576345,POST,POSTAGE,3,2011-11-14 15:37:00,40.0,12374,Austria,shipping
576349,M,MANUAL,1,2011-11-14 15:41:00,2.1,16519,United Kingdom,adjustment
576359,23444,NEXT DAY CARRIAGE,1,2011-11-14 16:59:00,15.0,14680,United Kingdom,shipping
576371,C2,CARRIAGE,1,2011-11-15 08:07:00,50.0,14911,EIRE,shipping
576373,POST,POSTAGE,4,2011-11-15 08:43:00,18.0,12640,France,shipping
576389,M,MANUAL,1,2011-11-15 10:05:00,850.5,12748,United Kingdom,adjustment
576390,POST,POSTAGE,1,2011-11-15 10:13:00,18.0,12569,Germany,shipping
576399,POST,POSTAGE,2,2011-11-15 10:50:00,18.0,12684,France,shipping
576519,POST,POSTAGE,1,2011-11-15 12:25:00,40.0,12676,Sweden,shipping
576553,M,MANUAL,6,2011-11-15 12:57:00,2.55,14666,United Kingdom,adjustment
576595,C2,CARRIAGE,1,2011-11-15 14:56:00,50.0,14911,EIRE,shipping
576603,C2,CARRIAGE,1,2011-11-15 15:22:00,50.0,14911,EIRE,shipping
576607,POST,POSTAGE,4,2011-11-15 15:42:00,18.0,12474,Germany,shipping
576617,DOT,DOTCOM POSTAGE,1,2011-11-15 16:57:00,596.9,,United Kingdom,shipping
576618,DOT,DOTCOM POSTAGE,1,2011-11-15 17:00:00,584.94,,United Kingdom,shipping
576629,POST,POSTAGE,3,2011-11-16 08:37:00,18.0,12621,Germany,shipping
576630,POST,POSTAGE,1,2011-11-16 08:38:00,18.0,13816,Germany,shipping
576644,DOT,DOTCOM POSTAGE,1,2011-11-16 10:01:00,1556.08,,United Kingdom,shipping
576657,POST,POSTAGE,3,2011-11-16 11:03:00,18.0,12720,Germany,shipping
576664,POST,POSTAGE,1,2011-11-16 11:41:00,15.0,14646,Netherlands,shipping
576669,POST,POSTAGE,1,2011-11-16 11:52:00,18.0,12640,France,shipping
576787,POST,POSTAGE,4,2011-11-16 13:54:00,18.0,13815,Germany,shipping
576789,POST,POSTAGE,1,2011-11-16 13:56:00,18.0,12569,Germany,shipping
576790,POST,POSTAGE,1,2011-11-16 13:59:00,18.0,12569,Germany,shipping
576829,C2,CARRIAGE,1,2011-11-16 14:40:00,50.0,,EIRE,shipping
576837,DOT,DOTCOM POSTAGE,1,2011-11-16 15:16:00,710.95,,United Kingdom,shipping
576840,DOT,DOTCOM POSTAGE,1,2011-11-16 15:23:00,690.21,,United Kingdom,shipping
576863,POST,POSTAGE,2,2011-11-16 16:06:00,18.0,12626,Germany,shipping
576869,POST,POSTAGE,1,2011-11-16 16:20:00,18.0,12500,Germany,shipping
576880,C2,CARRIAGE,1,2011-11-16 17:03:00,50.0,14911,EIRE,shipping
576890,POST,POSTAGE,2,2011-11-16 17:25:00,18.0,12662,Germany,shipping
576893,POST,POSTAGE,1,2011-11-17 08:29:00,18.0,12481,Germany,shipping
576894,POST,POSTAGE,2,2011-11-17 08:35:00,18.0,12681,France,shipping
576897,POST,POSTAGE,7,2011-11-17 08:41:00,65.0,17828,Malta,shipping
576904,C2,CARRIAGE,1,2011-11-17 09:25:00,50.0,14931,Channel Islands,shipping
576907,POST,POSTAGE,1,2011-11-17 09:34:00,40.0,12610,Italy,shipping
576909,POST,POSTAGE,8,2011-11-17 09:49:00,18.0,12471,Germany,shipping
576927,POST,POSTAGE,6,2011-11-17 11:02:00,18.0,12567,France,shipping
576941,POST,POSTAGE,5,2011-11-17 11:34:00,18.0,12562,France,shipping
577009,C2,CARRIAGE,1,2011-11-17 12:05:00,50.0,12749,United Kingdom,shipping
577025,23444,NEXT DAY CARRIAGE,1,2011-11-17 12:54:00,15.0,16161,United Kingdom,shipping
577027,POST,POSTAGE,5,2011-11-17 12:56:00,18.0,12647,Germany,shipping
577029,M,MANUAL,30,2011-11-17 12:59:00,1.0,15563,United Kingdom,adjustment
577046,POST,POSTAGE,7,2011-11-17 13:46:00,18.0,12449,Belgium,shipping
577058,M,MANUAL,2,2011-11-17 14:29:00,0.29,18122,United Kingdom,adjustment
577067,POST,POSTAGE,2,2011-11-17 14:49:00,40.0,12704,Finland,shipping
577068,M,MANUAL,30,2011-11-17 14:50:00,0.3,15563,United Kingdom,adjustment
577078,DOT,DOTCOM POSTAGE,1,2011-11-17 15:17:00,695.08,,United Kingdom,shipping
577087,POST,POSTAGE,2,2011-11-17 15:55:00,15.0,12464,Belgium,shipping
577121,POST,POSTAGE,4,2011-11-17 18:29:00,18.0,12681,France,shipping
577125,POST,POSTAGE,2,2011-11-17 18:43:00,28.0,12445,Spain,shipping
577135,POST,POSTAGE,2,2011-11-18 08:56:00,18.0,12427,Germany,shipping
577152,POST,POSTAGE,2,2011-11-18 09:53:00,18.0,14277,France,shipping
577168,POST,POSTAGE,7,2011-11-18 10:42:00,18.0,12603,Germany,shipping
577178,POST,POSTAGE,1,2011-11-18 11:10:00,40.0,12618,Italy,shipping
577180,POST,POSTAGE,8,2011-11-18 11:27:00,18.0,12380,Belgium,shipping
577295,POST,POSTAGE,3,2011-11-18 12:46:00,18.0,12682,France,shipping
577299,POST,POSTAGE,1,2011-11-18 12:52:00,18.0,12498,Germany,shipping
577310,23444,NEXT DAY CARRIAGE,1,2011-11-18 13:15:00,15.0,13516,United Kingdom,shipping
577314,POST,POSTAGE,6,2011-11-18 13:23:00,40.0,12444,Norway,shipping
577316,POST,POSTAGE,7,2011-11-18 13:30:00,28.0,12578,Italy,shipping
577326,POST,POSTAGE,2,2011-11-18 14:08:00,15.0,14646,Netherlands,shipping
577344,POST,POSTAGE,1,2011-11-18 15:14:00,18.0,12437,France,shipping
577358,DOT,DOTCOM POSTAGE,1,2011-11-18 15:59:00,579.21,,United Kingdom,shipping
577406,POST,POSTAGE,1,2011-11-20 10:36:00,18.0,12702,Germany,shipping
577474,POST,POSTAGE,3,2011-11-20 11:30:00,18.0,12778,Netherlands,shipping
577476,POST,POSTAGE,3,2011-11-20 11:31:00,28.0,12540,Spain,shipping
577523,POST,POSTAGE,1,2011-11-20 13:33:00,28.0,12597,Spain,shipping
577531,DOT,DOTCOM POSTAGE,1,2011-11-20 13:58:00,1236.75,,United Kingdom,shipping
577551,POST,POSTAGE,2,2011-11-20 15:21:00,15.0,12395,Belgium,shipping
577606,POST,POSTAGE,3,2011-11-21 09:11:00,28.0,12462,Spain,shipping
577609,POST,POSTAGE,1,2011-11-21 09:51:00,300.0,12349,Italy,shipping
577615,POST,POSTAGE,3,2011-11-21 10:22:00,18.0,12658,Germany,shipping
577618,POST,POSTAGE,4,2011-11-21 10:27:00,28.0,12795,Portugal,shipping
577687,POST,POSTAGE,3,2011-11-21 11:16:00,18.0,12583,France,shipping
577695,M,MANUAL,1,2011-11-21 11:55:00,0.42,15645,United Kingdom,adjustment
577727,23444,NEXT DAY CARRIAGE,1,2011-11-21 12:43:00,15.0,15671,United Kingdom,shipping
577768,DOT,DOTCOM POSTAGE,1,2011-11-21 15:18:00,523.77,,United Kingdom,shipping
577773,M,MANUAL,3,2011-11-21 15:57:00,2.55,16712,United Kingdom,adjustment
577856,POST,POSTAGE,4,2011-11-22 11:19:00,18.0,12490,France,shipping
577893,M,MANUAL,1,2011-11-22 11:47:00,1.25,17073,United Kingdom,adjustment
577906,M,MANUAL,76,2011-11-22 11:51:00,0.29,13268,United Kingdom,adjustment
577938,M,MANUAL,2,2011-11-22 12:07:00,1.25,15525,United Kingdom,adjustment
578006,C2,CARRIAGE,1,2011-11-22 12:40:00,50.0,13363,United Kingdom,shipping
578017,M,MANUAL,1,2011-11-22 13:07:00,1.5,13569,United Kingdom,adjustment
578032,23444,NEXT DAY CARRIAGE,1,2011-11-22 13:41:00,15.0,16633,United Kingdom,shipping
578033,POST,POSTAGE,4,2011-11-22 13:42:00,18.0,12656,France,shipping
578034,POST,POSTAGE,5,2011-11-22 13:47:00,15.0,14646,Netherlands,shipping
578036,M,MANUAL,2,2011-11-22 14:04:00,0.08,16474,United Kingdom,adjustment
578041,M,MANUAL,3,2011-11-22 14:23:00,1.25,17338,United Kingdom,adjustment
578043,POST,POSTAGE,2,2011-11-22 14:39:00,18.0,12474,Germany,shipping
578054,C2,CARRIAGE,1,2011-11-22 14:59:00,50.0,14911,EIRE,shipping
578060,M,MANUAL,1600,2011-11-22 15:22:00,0.25,17857,United Kingdom,adjustment
578065,DOT,DOTCOM POSTAGE,1,2011-11-22 15:41:00,455.75,,United Kingdom,shipping
578067,DOT,DOTCOM POSTAGE,1,2011-11-22 15:43:00,416.48,,United Kingdom,shipping
578074,M,MANUAL,1,2011-11-22 16:06:00,1.25,17590,United Kingdom,adjustment
578082,POST,POSTAGE,1,2011-11-22 16:33:00,15.0,12775,Netherlands,shipping
578084,POST,POSTAGE,2,2011-11-22 16:34:00,15.0,12465,Belgium,shipping
578089,POST,POSTAGE,4,2011-11-22 17:02:00,40.0,12483,Sweden,shipping
578093,C2,CARRIAGE,1,2011-11-22 17:21:00,50.0,14911,EIRE,shipping
578099,POST,POSTAGE,2,2011-11-23 08:05:00,1.0,12452,Switzerland,shipping
578105,C2,CARRIAGE,1,2011-11-23 08:47:00,50.0,14911,EIRE,shipping
578123,POST,POSTAGE,2,2011-11-23 10:28:00,40.0,12452,Switzerland,shipping
578126,POST,POSTAGE,1,2011-11-23 10:32:00,4.95,16900,United Kingdom,shipping
578149,DOT,DOTCOM POSTAGE,1,2011-11-23 11:11:00,2275.54,,United Kingdom,shipping
578253,23444,NEXT DAY CARRIAGE,1,2011-11-23 12:51:00,15.0,14744,United Kingdom,shipping
578270,DOT,DOTCOM POSTAGE,1,2011-11-23 13:39:00,1270.06,14096,United Kingdom,shipping
578295,POST,POSTAGE,2,2011-11-23 14:39:00,18.0,12569,Germany,shipping
578298,POST,POSTAGE,3,2011-11-23 14:52:00,18.0,12619,Germany,shipping
578300,POST,POSTAGE,1,2011-11-23 15:02:00,40.0,12664,Finland,shipping
578301,23444,NEXT DAY CARRIAGE,1,2011-11-23 15:14:00,15.0,17034,United Kingdom,shipping
578314,C2,CARRIAGE,1,2011-11-23 16:33:00,50.0,13350,United Kingdom,shipping
578318,23574,PACKING CHARGE,1,2011-11-23 16:48:00,7.5,17135,United Kingdom,fee
578331,C2,CARRIAGE,1,2011-11-24 08:44:00,50.0,14911,EIRE,shipping
578333,POST,POSTAGE,2,2011-11-24 08:50:00,18.0,12471,Germany,shipping
578339,POST,POSTAGE,1,2011-11-24 09:07:00,28.0,12421,Spain,shipping
578344,DOT,DOTCOM POSTAGE,1,2011-11-24 09:21:00,793.33,,United Kingdom,shipping
578347,DOT,DOTCOM POSTAGE,1,2011-11-24 09:26:00,644.28,,United Kingdom,shipping
578348,POST,POSTAGE,2,2011-11-24 09:34:00,18.0,12494,France,shipping
578362,23444,NEXT DAY CARRIAGE,1,2011-11-24 10:39:00,15.0,12913,United Kingdom,shipping
578425,POST,POSTAGE,4,2011-11-24 12:01:00,18.0,12705,Germany,shipping
578463,POST,POSTAGE,2,2011-11-24 12:30:00,28.0,12757,Portugal,shipping
578469,POST,POSTAGE,4,2011-11-24 12:36:00,18.0,12471,Germany,shipping
578472,POST,POSTAGE,9,2011-11-24 12:40:00,18.0,12476,Germany,shipping
578509,POST,POSTAGE,1,2011-11-24 13:17:00,18.0,12705,Germany,shipping
578547,POST,POSTAGE,3,2011-11-24 15:02:00,18.0,12720,Germany,shipping
578698,POST,POSTAGE,2,2011-11-25 10:20:00,18.0,12620,France,shipping
578708,23444,NEXT DAY CARRIAGE,1,2011-11-25 11:21:00,15.0,15737,United Kingdom,shipping
578736,POST,POSTAGE,8,2011-11-25 11:33:00,18.0,12681,France,shipping
578757,M,MANUAL,2,2011-11-25 11:41:00,0.85,12748,United Kingdom,adjustment
578789,23444,NEXT DAY CARRIAGE,1,2011-11-25 12:17:00,15.0,16161,United Kingdom,shipping
578792,C2,CARRIAGE,1,2011-11-25 12:20:00,50.0,14911,EIRE,shipping
578811,POST,POSTAGE,8,2011-11-25 13:28:00,40.0,12438,Norway,shipping
578816,23444,NEXT DAY CARRIAGE,1,2011-11-25 13:44:00,15.0,14111,United Kingdom,shipping
578827,DOT,DOTCOM POSTAGE,1,2011-11-25 14:25:00,634.39,,United Kingdom,shipping
578828,DOT,DOTCOM POSTAGE,1,2011-11-25 14:29:00,3.29,,United Kingdom,shipping
578833,DOT,DOTCOM POSTAGE,1,2011-11-25 15:23:00,2028.25,,United Kingdom,shipping
578835,POST,POSTAGE,1,2011-11-25 15:44:00,18.0,12682,France,shipping
578844,DOT,DOTCOM POSTAGE,1,2011-11-25 16:14:00,545.25,,United Kingdom,shipping
578941,M,MANUAL,6,2011-11-27 13:26:00,0.39,16024,United Kingdom,adjustment
578941,M,MANUAL,14,2011-11-27 13:26:00,0.21,16024,United Kingdom,adjustment
578996,M,MANUAL,1,2011-11-27 16:02:00,1.0,13991,United Kingdom,adjustment
579094,POST,POSTAGE,8,2011-11-28 10:56:00,18.0,12668,Germany,shipping
579137,BANK CHARGES,BANK CHARGES,1,2011-11-28 12:51:00,15.0,14704,United Kingdom,fee
579152,POST,POSTAGE,3,2011-11-28 13:26:00,18.0,12479,Germany,shipping
579153,POST,POSTAGE,1,2011-11-28 13:26:00,18.0,12660,France,shipping
579165,23444,NEXT DAY CARRIAGE,1,2011-11-28 14:01:00,15.0,13389,United Kingdom,shipping
579176,23444,NEXT DAY CARRIAGE,1,2011-11-28 14:44:00,15.0,13950,United Kingdom,shipping
579185,23444,NEXT DAY CARRIAGE,1,2011-11-28 15:28:00,15.0,13188,United Kingdom,shipping
579187,DOT,DOTCOM POSTAGE,1,2011-11-28 15:31:00,634.54,,United Kingdom,shipping
579190,POST,POSTAGE,4,2011-11-28 15:35:00,18.0,12657,France,shipping
579193,POST,POSTAGE,4,2011-11-28 15:47:00,18.0,12657,France,shipping
579196,DOT,DOTCOM POSTAGE,1,2011-11-28 15:54:00,1526.76,14096,United Kingdom,shipping
579256,C2,CARRIAGE,1,2011-11-29 08:07:00,50.0,13349,United Kingdom,shipping
579259,POST,POSTAGE,1,2011-11-29 08:40:00,40.0,12451,Switzerland,shipping
579260,23444,NEXT DAY CARRIAGE,1,2011-11-29 08:41:00,15.0,14618,United Kingdom,shipping
579276,POST,POSTAGE,1,2011-11-29 10:10:00,18.0,12654,Germany,shipping
579281,POST,POSTAGE,1,2011-11-29 10:36:00,40.0,12375,Finland,shipping
579297,DOT,DOTCOM POSTAGE,1,2011-11-29 11:23:00,1563.0,,United Kingdom,shipping
579345,POST,POSTAGE,4,2011-11-29 11:46:00,18.0,12727,France,shipping
579393,POST,POSTAGE,3,2011-11-29 12:07:00,18.0,12627,Germany,shipping
579404,23444,NEXT DAY CARRIAGE,1,2011-11-29 12:21:00,15.0,14126,United Kingdom,shipping
579407,23444,NEXT DAY CARRIAGE,1,2011-11-29 12:32:00,15.0,13657,United Kingdom,shipping
579416,POST,POSTAGE,5,2011-11-29 13:00:00,18.0,12471,Germany,shipping
579441,POST,POSTAGE,4,2011-11-29 13:33:00,15.0,12464,Belgium,shipping
579471,DOT,DOTCOM POSTAGE,1,2011-11-29 15:08:00,892.5,,United Kingdom,shipping
579492,POST,POSTAGE,3,2011-11-29 15:23:00,18.0,12670,France,shipping
579508,DOT,DOTCOM POSTAGE,1,2011-11-29 16:33:00,732.69,,United Kingdom,shipping
579512,DOT,DOTCOM POSTAGE,1,2011-11-29 16:47:00,620.22,,United Kingdom,shipping
579528,POST,POSTAGE,1,2011-11-30 08:44:00,15.0,12787,Netherlands,shipping
579529,POST,POSTAGE,3,2011-11-30 08:50:00,18.0,12488,France,shipping
579535,23444,NEXT DAY CARRIAGE,1,2011-11-30 09:50:00,15.0,15414,United Kingdom,shipping
579539,C2,CARRIAGE,1,2011-11-30 10:06:00,50.0,14911,EIRE,shipping
579550,POST,POSTAGE,3,2011-11-30 10:48:00,40.0,12630,Finland,shipping
579675,23444,NEXT DAY CARRIAGE,1,2011-11-30 13:08:00,15.0,15654,United Kingdom,shipping
579684,23444,NEXT DAY CARRIAGE,1,2011-11-30 13:45:00,15.0,14618,United Kingdom,shipping
579694,DOT,DOTCOM POSTAGE,1,2011-11-30 14:11:00,1119.63,,United Kingdom,shipping
579708,POST,POSTAGE,4,2011-11-30 14:16:00,18.0,12682,France,shipping
579711,M,MANUAL,1,2011-11-30 14:17:00,1.25,15060,United Kingdom,adjustment
579747,POST,POSTAGE,3,2011-11-30 14:40:00,18.0,12528,Germany,shipping
579751,DOT,DOTCOM POSTAGE,1,2011-11-30 14:46:00,307.17,,United Kingdom,shipping
579768,C2,CARRIAGE,1,2011-11-30 15:08:00,50.0,14911,EIRE,shipping
579777,DOT,DOTCOM POSTAGE,1,2011-11-30 15:13:00,888.42,,United Kingdom,shipping
579786,POST,POSTAGE,2,2011-11-30 15:31:00,18.0,12524,Germany,shipping
579787,DOT,DOTCOM POSTAGE,1,2011-11-30 15:33:00,988.0,,United Kingdom,shipping
579790,POST,POSTAGE,2,2011-11-30 15:38:00,28.0,12784,Portugal,shipping
579792,POST,POSTAGE,5,2011-11-30 15:43:00,18.0,12714,France,shipping
579870,POST,POSTAGE,2,2011-11-30 16:47:00,18.0,12437,France,shipping
579901,POST,POSTAGE,3,2011-12-01 08:35:00,18.0,12569,Germany,shipping
579910,C2,CARRIAGE,1,2011-12-01 08:52:00,50.0,14911,EIRE,shipping
579927,POST,POSTAGE,3,2011-12-01 09:20:00,18.0,12572,Germany,shipping
580024,23444,NEXT DAY CARRIAGE,1,2011-12-01 11:51:00,15.0,15172,United Kingdom,shipping
580027,M,MANUAL,1,2011-12-01 12:01:00,10.0,14178,United Kingdom,adjustment
580054,M,MANUAL,8,2011-12-01 13:08:00,0.08,18122,United Kingdom,adjustment
580097,23444,NEXT DAY CARRIAGE,1,2011-12-01 14:58:00,15.0,14216,United Kingdom,shipping
580115,DOT,DOTCOM POSTAGE,1,2011-12-01 16:22:00,1042.84,,United Kingdom,shipping
580120,POST,POSTAGE,1,2011-12-01 16:38:00,18.0,12553,France,shipping
580123,POST,POSTAGE,2,2011-12-01 17:07:00,40.0,12664,Finland,shipping
580124,C2,CARRIAGE,1,2011-12-01 17:12:00,50.0,,EIRE,shipping
580126,POST,POSTAGE,3,2011-12-01 17:20:00,18.0,12562,France,shipping
580127,C2,CARRIAGE,1,2011-12-01 17:51:00,50.0,14911,EIRE,shipping
580144,POST,POSTAGE,1,2011-12-02 09:53:00,18.0,12684,France,shipping
580148,DOT,DOTCOM POSTAGE,1,2011-12-02 10:08:00,274.25,,United Kingdom,shipping
580152,POST,POSTAGE,1,2011-12-02 10:22:00,15.0,12364,Belgium,shipping
580153,POST,POSTAGE,5,2011-12-02 10:23:00,28.0,12762,Portugal,shipping
580154,POST,POSTAGE,1,2011-12-02 10:24:00,18.0,12569,Germany,shipping
580160,POST,POSTAGE,7,2011-12-02 10:47:00,18.0,12700,France,shipping
580265,POST,POSTAGE,1,2011-12-02 12:47:00,40.0,12587,Finland,shipping
580281,POST,POSTAGE,1,2011-12-02 13:15:00,40.0,12704,Finland,shipping
580298,23444,NEXT DAY CARRIAGE,1,2011-12-02 13:54:00,15.0,17086,United Kingdom,shipping
580367,DOT,DOTCOM POSTAGE,1,2011-12-02 16:39:00,888.06,,United Kingdom,shipping
580395,23444,NEXT DAY CARRIAGE,1,2011-12-04 10:56:00,15.0,17629,United Kingdom,shipping
580509,POST,POSTAGE,2,2011-12-04 13:45:00,18.0,12719,France,shipping
580511,POST,POSTAGE,4,2011-12-04 13:54:00,18.0,12560,Germany,shipping
580512,POST,POSTAGE,2,2011-12-04 13:55:00,18.0,12673,Germany,shipping
580531,POST,POSTAGE,1,2011-12-04 15:47:00,18.0,12569,Germany,shipping
580534,POST,POSTAGE,1,2011-12-04 16:02:00,18.0,12724,France,shipping
580536,POST,POSTAGE,3,2011-12-04 16:07:00,18.0,12490,France,shipping
580545,POST,POSTAGE,1,2011-12-05 09:16:00,28.0,12782,Portugal,shipping
580548,POST,POSTAGE,1,2011-12-05 09:41:00,18.0,12569,Germany,shipping
580555,C2,CARRIAGE,1,2011-12-05 10:18:00,50.0,14911,EIRE,shipping
580599,23444,NEXT DAY CARRIAGE,1,2011-12-05 11:11:00,15.0,12925,United Kingdom,shipping
580610,DOT,DOTCOM POSTAGE,1,2011-12-05 11:48:00,2196.67,,United Kingdom,shipping
580611,M,MANUAL,1,2011-12-05 11:49:00,0.85,12748,United Kingdom,adjustment
580612,DOT,DOTCOM POSTAGE,1,2011-12-05 11:58:00,2114.0,,United Kingdom,shipping
580622,23444,NEXT DAY CARRIAGE,1,2011-12-05 12:09:00,15.0,17006,United Kingdom,shipping
580630,23444,NEXT DAY CARRIAGE,1,2011-12-05 12:11:00,15.0,12913,United Kingdom,shipping
580638,POST,POSTAGE,1,2011-12-05 12:44:00,40.0,12381,Norway,shipping
580645,M,MANUAL,1,2011-12-05 13:11:00,219.5,17857,United Kingdom,adjustment
580646,M,MANUAL,800,2011-12-05 13:13:00,0.25,17857,United Kingdom,adjustment
580648,POST,POSTAGE,1,2011-12-05 13:15:00,18.0,12628,Germany,shipping
580705,POST,POSTAGE,5,2011-12-05 16:28:00,1.0,12683,France,shipping
580706,POST,POSTAGE,5,2011-12-05 16:31:00,17.0,12683,France,shipping
580716,POST,POSTAGE,1,2011-12-05 16:48:00,18.0,12367,Denmark,shipping
580727,DOT,DOTCOM POSTAGE,1,2011-12-05 17:17:00,1599.26,14096,United Kingdom,shipping
580729,DOT,DOTCOM POSTAGE,1,2011-12-05 17:24:00,1172.1,,United Kingdom,shipping
580730,DOT,DOTCOM POSTAGE,1,2011-12-05 17:28:00,845.23,,United Kingdom,shipping
580734,POST,POSTAGE,4,2011-12-06 08:46:00,28.0,12766,Portugal,shipping
580736,POST,POSTAGE,2,2011-12-06 08:55:00,18.0,12716,France,shipping
580752,POST,POSTAGE,3,2011-12-06 09:56:00,45.0,12478,Greece,shipping
580753,POST,POSTAGE,3,2011-12-06 10:00:00,18.0,12682,France,shipping
580756,POST,POSTAGE,1,2011-12-06 10:19:00,18.0,12723,France,shipping
580884,M,MANUAL,1,2011-12-06 12:21:00,0.85,15907,United Kingdom,adjustment
580955,POST,POSTAGE,1,2011-12-06 14:22:00,28.0,12442,Spain,shipping
580956,M,MANUAL,4,2011-12-06 14:23:00,1.25,17841,United Kingdom,adjustment
580965,POST,POSTAGE,3,2011-12-06 14:52:00,15.0,12417,Belgium,shipping
580976,POST,POSTAGE,1,2011-12-06 15:29:00,5.29,,United Kingdom,shipping
580979,POST,POSTAGE,3,2011-12-06 15:40:00,18.0,12362,Belgium,shipping
580983,DOT,DOTCOM POSTAGE,1,2011-12-06 16:26:00,736.38,,United Kingdom,shipping
580986,POST,POSTAGE,4,2011-12-06 16:34:00,18.0,12650,France,shipping
581000,POST,POSTAGE,5,2011-12-07 08:03:00,18.0,12720,Germany,shipping
581001,POST,POSTAGE,3,2011-12-07 08:07:00,18.0,12583,France,shipping
581022,23574,PACKING CHARGE,1,2011-12-07 10:25:00,7.5,12826,United Kingdom,fee
581023,DOT,DOTCOM POSTAGE,1,2011-12-07 10:35:00,1861.46,,United Kingdom,shipping
581127,BANK CHARGES,BANK CHARGES,1,2011-12-07 12:45:00,15.0,16271,United Kingdom,fee
581132,23444,NEXT DAY CARRIAGE,1,2011-12-07 12:55:00,15.0,17590,United Kingdom,shipping
581171,POST,POSTAGE,2,2011-12-07 15:02:00,18.0,12615,France,shipping
581179,POST,POSTAGE,1,2011-12-07 15:43:00,240.0,12471,Germany,shipping
581182,POST,POSTAGE,4,2011-12-07 15:56:00,28.0,12783,Portugal,shipping
581183,POST,POSTAGE,4,2011-12-07 16:24:00,18.0,12569,Germany,shipping
581184,POST,POSTAGE,2,2011-12-07 16:24:00,18.0,12569,Germany,shipping
581217,GIFT_0001_10,DOTCOMGIFTSHOP GIFT VOUCHER £10.00,1,2011-12-08 09:20:00,8.33,,United Kingdom,non_merchandise
581217,DOT,DOTCOM POSTAGE,1,2011-12-08 09:20:00,863.8,,United Kingdom,shipping
581219,DOT,DOTCOM POSTAGE,1,2011-12-08 09:28:00,1008.96,,United Kingdom,shipping
581221,23444,NEXT DAY CARRIAGE,1,2011-12-08 09:40:00,15.0,17856,United Kingdom,shipping
581232,POST,POSTAGE,4,2011-12-08 10:26:00,40.0,12358,Austria,shipping
581238,DOT,DOTCOM POSTAGE,1,2011-12-08 10:53:00,1683.75,,United Kingdom,shipping
581266,POST,POSTAGE,5,2011-12-08 11:25:00,18.0,12621,Germany,shipping
581279,POST,POSTAGE,3,2011-12-08 11:35:00,18.0,12437,France,shipping
581336,23444,NEXT DAY CARRIAGE,1,2011-12-08 12:10:00,15.0,16161,United Kingdom,shipping
581405,M,MANUAL,3,2011-12-08 13:50:00,0.42,13521,United Kingdom,adjustment
581439,DOT,DOTCOM POSTAGE,1,2011-12-08 16:30:00,938.59,,United Kingdom,shipping
581492,DOT,DOTCOM POSTAGE,1,2011-12-09 10:03:00,933.17,,United Kingdom,shipping
581493,POST,POSTAGE,1,2011-12-09 10:10:00,15.0,12423,Belgium,shipping
581494,POST,POSTAGE,2,2011-12-09 10:13:00,18.0,12518,Germany,shipping
581498,DOT,DOTCOM POSTAGE,1,2011-12-09 10:26:00,1714.17,,United Kingdom,shipping
581570,POST,POSTAGE,1,2011-12-09 11:59:00,18.0,12662,Germany,shipping
581574,POST,POSTAGE,2,2011-12-09 12:09:00,18.0,12526,Germany,shipping
581578,POST,POSTAGE,3,2011-12-09 12:16:00,18.0,12713,Germany,shipping
