stock_code,description,description_count,total_units,total_revenue
23196,VINTAGE LEAF MAGNETIC NOTEPAD,4,1872,2842.24
23236,STORAGE TIN VINTAGE DOILY,4,2486,7039.74
23396,LE JARDIN BOTANIQUE CUSHION COVER,3,650,2735.5299999999997
23535,WALL ART BICYCLE SAFETY,3,1323,8434.29
23203,JUMBO BAG VINTAGE DOILY,3,20144,41413.86
23209,LUNCH BAG VINTAGE DOILY,3,13149,21384.17
23231,WRAP DOILEY DESIGN,3,7277,3008.34
23240,SET OF 4 KNICK KNACK TINS DOILY,3,4164,16946.22
23244,ROUND STORAGE TIN VINTAGE LEAF,3,935,1732.0299999999997
17107D,"FLOWER FAIRY,5 SUMMER B'DRAW LINERS",3,170,433.5
22776,SWEETHEART CAKESTAND 3 TIER,3,1215,12807.63
23366,SET 12 COLOURING PENCILS DOILY,3,2249,1667.95
23370,SET 36 COLOURING PENCILS DOILY,3,1550,2151.6
23413,VINTAGE COFFEE GRINDER BOX,3,161,849.9100000000001
23131,MISTLETOE HEART WREATH CREAM,3,942,3835.9800000000005
23126,FELTCRAFT GIRL AMELIE KIT,3,1098,5477.59
22937,BAKING MOULD CHOCOLATE CUPCAKES,3,966,2547.94
23539,WALL ART LOVES' SECRET,2,247,1227.95
23324,RUSTIC STRAWBERRY JAM POT LARGE,2,387,791.08
23271,CHRISTMAS TABLE SILVER CANDLE SPIKE,2,1731,1496.8899999999999
23280,FOLDING BUTTERFLY MIRROR HOT PINK,2,2023,1614.16
23281,FOLDING BUTTERFLY MIRROR RED,2,1280,1000.82
23282,FOLDING BUTTERFLY MIRROR IVORY,2,812,757.86
23283,DOORMAT VINTAGE LEAF,2,988,6953.88
23292,SPACEBOY CHILDRENS CUP,2,2164,2682.08
23298,SPOTTY BUNTING,2,8459,43113.530000000006
23299,FOOD COVER WITH BEADS SET 2,2,1004,3742.88
22837,HOT WATER BOTTLE BABUSHKA,2,1136,5500.280000000001
23306,SET OF 36 DOILIES PANTRY DESIGN,2,2807,4121.929999999999
84946,ANTIQUE SILVER T-LIGHT GLASS,2,18957,25569.420000000002
21818,GLITTER HEART DECORATION,2,2737,1320.41
21811,HANGING HEART WITH BELL,2,4802,2663.68
20914,SET/5 RED RETROSPOT LID GLASS BOWLS,2,6315,18234.850000000002
71143,SILVER BOOK MARK WITH BEADS,2,178,196.35999999999999
22813,PACK 3 BOXES BIRD PANNETONE,2,2372,4640.78
22812,PACK 3 BOXES CHRISTMAS PANNETONE,2,1713,3584.8999999999996
23325,RUSTIC STRAWBERRY JAM POT SMALL,2,462,740.9399999999999
22804,CANDLEHOLDER PINK HANGING HEART,2,2965,7677.25
22268,DECORATION SITTING BUNNY,2,2009,802.34
23342,MINT DINER WALL CLOCK,2,373,3176.41
22785,SQUARECUSHION COVER PINK UNION JACK,2,245,1087.57
22778,GLASS CLOCHE SMALL,2,774,3025.96
22777,GLASS CLOCHE LARGE,2,352,2951.53
35817P,PINK ACRYLIC JEWEL SNOWFLAKE,2,18,19.86
22285,HANGING HEN ON NEST DECORATION,2,870,1493.2499999999998
22286,DECORATION WOBBLY RABBIT METAL,2,1123,1022.4899999999999
23359,SET OF 12 T-LIGHTS VINTAGE DOILY,2,990,1866.4599999999998
71053,WHITE METAL LANTERN,2,1931,8370.57
22199,FRYING PAN RED RETROSPOT,2,459,1892.59
22287,DECORATION WOBBLY CHICKEN,2,794,716.8599999999999
22896,PEG BAG APPLES DESIGN,2,1566,3997.46
23691,WRAP KEEP CALM BIRTHDAY,2,1175,481.5
22932,BAKING MOULD TOFFEE CUP CHOCOLATE,2,788,1799.28
84997D,CHILDRENS CUTLERY POLKADOT PINK,2,5398,22295.99
23205,CHARLOTTE BAG VINTAGE ALPHABET,2,5757,5654.38
84997C,CHILDRENS CUTLERY POLKADOT BLUE,2,4067,16871.47
23212,HEART WREATH DECORATION WITH BELL,2,2236,2785.89
23214,JINGLE BELL HEART ANTIQUE GOLD,2,789,1695.04
22179,SET 10 NIGHT OWL LIGHTS,2,961,7192.45
20725,LUNCH BAG RED RETROSPOT,2,19010,35246.06
21899,GARAGE KEY FOB,2,2679,1757.97
23229,VINTAGE DONKEY TAIL GAME,2,1862,6713.46
84997B,CHILDRENS CUTLERY RETROSPOT RED,2,4550,18993.89
23232,WRAP VINTAGE LEAF DESIGN,2,8475,3415.5
23235,STORAGE TIN VINTAGE LEAF,2,735,1947.77
23256,CHILDRENS CUTLERY SPACEBOY,2,2096,8596.52
84997A,CHILDRENS CUTLERY POLKADOT GREEN,2,2679,10812.62
23237,SET OF 4 KNICK KNACK TINS LEAF,2,1046,4245.34
22466,FAIRY TALE COTTAGE NIGHT LIGHT,2,3069,5605.79
71477,COLOUR GLASS. STAR T-LIGHT HOLDER,2,6723,20568.45
71459,HANGING JAM JAR T-LIGHT HOLDER,2,13521,10787.49
21507,"ELEPHANT, BIRTHDAY CARD,",2,3296,1410.16
23249,VINTAGE RED ENAMEL TRIM PLATE,2,812,1376.6
23250,VINTAGE RED TRIM ENAMEL BOWL,2,1137,1478.53
23251,VINTAGE RED ENAMEL TRIM MUG,2,1676,2060.75
23252,VINTAGE RED ENAMEL TRIM JUG,2,575,2156.61
23253,16 PIECE CUTLERY SET PANTRY DESIGN,2,258,3848.8599999999997
23254,CHILDRENS CUTLERY DOLLY GIRL,2,1686,6832.56
22197,POPCORN HOLDER,2,56676,51171.77
23360,SET 8 CANDLES VINTAGE DOILY,2,1182,2286.4
85123A,WHITE HANGING HEART T-LIGHT HOLDER,2,35409,99941.43000000001
22595,GINGHAM HEART DECORATION,2,6788,5720.21
23523,WALL ART TREASURE AHOY,2,354,1151.3100000000002
85185B,PINK HORSE SOCK PUPPET,2,297,900.3900000000001
85184C,S/4 VALENTINE DECOUPAGE HEART BOX,2,1654,2997.42
23497,CLASSIC CHROME BICYCLE BELL,2,2546,3638.62
23502,PLAYING CARDS VINTAGE DOILY,2,714,896.41
21232,STRAWBERRY CERAMIC TRINKET BOX,2,11758,16143.800000000001
22632,HAND WARMER RED RETROSPOT,2,4462,8971.730000000001
84906,PINK B'FLY C/COVER W BOBBLES,2,35,123.02
22407,MONEY BOX FIRST ADE DESIGN,2,94,99.28
21243,PINK  POLKADOT PLATE,2,2277,3813.64
22416,SET OF 36 DOILIES SPACEBOY DESIGN,2,868,1210.82
35916B,BLUE FELT HANGING HEART WITH FLOWER,2,91,76.68
23521,WALL ART CAT AND BIRD,2,413,793.37
23522,WALL ART DOG AND BALL,2,354,727.4399999999999
23524,WALL ART HORSE & PONY,2,475,1535.13
23484,HEART TRELLIS TRIPLE T-LIGHT HOLDER,2,185,547.35
23525,WALL ART BUFFALO BILL,2,576,1841.3200000000002
23526,WALL ART DOG LICENCE,2,996,5933.4
85144,JARDIN ETCHED GLASS CHEESE DISH,2,220,582.7
23527,WALL ART ANIMALS AND NATURE,2,414,1406.06
23528,WALL ART SPACEBOY,2,479,1504.49
23529,WALL ART DOLLY GIRL,2,637,2011.9900000000002
23530,WALL ART ONLY ONE PERSON,2,1056,4436.27
22602,RETROSPOT WOODEN HEART DECORATION,2,2215,2023.87
23534,WALL ART STOP FOR TEA,2,1384,8591.05
23540,WALL ART THE MAGIC FOREST,2,150,947.0600000000001
23536,WALL ART VILLAGE SHOW,2,622,3418.33
22597,MUSICAL ZINC HEART DECORATION,2,2787,1218.59
23537,WALL ART I LOVE LONDON,2,111,581.13
23489,VINTAGE BELLS GARLAND,2,913,2709.23
22383,LUNCH BAG SUKI DESIGN,2,12406,22321.54
22584,PACK OF 6 PANNETONE GIFT BOXES,2,2330,5946.96
90014A,SILVER/MOP ORBIT NECKLACE,2,27,217.59
47310M,SMALL POP BOX FUNKY MONKEY,2,410,570.4499999999999
23380,PACK OF 12 VINTAGE DOILY TISSUES,2,2320,974.14
23388,WOODLAND MINI BACKPACK,2,821,3432.09
23389,SPACEBOY MINI BACKPACK,2,1115,4751.49
23390,DOLLY GIRL MINI BACKPACK,2,747,3025.59
23391,I LOVE LONDON MINI BACKPACK,2,389,1628.17
23197,SKETCHBOOK MAGNETIC SHOPPING LIST,2,1465,2284.65
23402,HOME SWEET HOME 3 PEG HANGER,2,296,1147.28
23545,WRAP RED VINTAGE DOILY,2,2480,1025.6
44235,ASSORTED COLOURED CIRCLE MOBILE,2,538,200.04
90014C,SILVER AND BLACK ORBIT NECKLACE,2,5,43.199999999999996
90014B,GOLD M PEARL  ORBIT NECKLACE,2,17,158.73999999999998
21109,LARGE CAKE TOWEL CHOCOLATE SPOTS,2,936,2763.2
23542,WALL ART 70'S ALPHABET,2,504,3783.66
23466,TUSCAN VILLA DOVECOTE BIRD FEEDER,2,55,498.03
21112,"SWISS ROLL TOWEL, PINK  SPOTS",2,1359,2885.13
23436,VINTAGE CHRISTMAS GIFT BAG LARGE,2,1967,2352.39
23437,50'S CHRISTMAS GIFT BAG LARGE,2,1939,2373.63
23438,RED SPOT GIFT BAG LARGE,2,1809,2209.92
84828,JUNGLE POPSICLES ICE LOLLY MOULDS,2,1075,1506.3600000000001
23541,WALL ART CLASSIC PUDDINGS,2,870,6807.41
23454,THREE MINI HANGING FRAMES,2,174,733.2
23455,SMALL PARLOUR PICTURE FRAME,2,207,569.4300000000001
23456,MEDIUM PARLOUR PICTURE FRAME,2,158,634.1
23457,LARGE PARLOUR PICTURE FRAME,2,112,549.88
23462,ROCOCO WALL MIRROR WHITE,2,69,1387.59
23465,TUSCAN VILLA BIRD FEEDER,2,29,247.63
21175,GIN + TONIC DIET METAL SIGN,2,10183,23268.77
23543,WALL ART KEEP CALM,2,1236,7010.76
22502,PICNIC BASKET WICKER SMALL,2,1809,12094.17
23044,PAPER LANTERN 9 POINT HOLLY STAR S,2,101,423.29
23032,DRAWER KNOB CRACKLE GLAZE IVORY,2,2315,3832.2299999999996
20622,VIPPASSPORT COVER,2,185,303.7
23066,SMALL DECO JEWELLERY STAND,2,259,2137.81
23065,LARGE DECO JEWELLERY STAND,2,272,3414.94
82600,NO SINGING METAL SIGN,2,5989,12782.78
23061,VINTAGE EMBOSSED HEART,2,1015,1332.68
84247E,PACK OF 12 CHRISTMAS FUN CARDS,2,128,348.69
23031,DRAWER KNOB CRACKLE GLAZE PINK,2,1278,2152.2999999999997
22965,3 TRADITIONAL BISCUIT CUTTERS  SET,2,1359,2885.4100000000003
23029,DRAWER KNOB CRACKLE GLAZE GREEN,2,1346,2294.0199999999995
23103,JINGLE BELL HEART DECORATION,2,4048,6806.5599999999995
23057,BEADED CHANDELIER T-LIGHT HOLDER,2,437,1233.47
22953,BIRTHDAY PARTY CORDON BARRIER TAPE,2,502,647.11
22952,60 CAKE CASES VINTAGE CHRISTMAS,2,15792,9398.07
16156L,WRAP CAROUSEL,2,475,199.5
22963,JAM JAR WITH GREEN LID,2,3272,2762.69
23068,ALUMINIUM STAMPED HEART,2,809,1966.93
22950,36 DOILIES VINTAGE CHRISTMAS,2,4885,6719.349999999999
23169,CLASSIC GLASS COOKIE JAR,2,1524,6530.04
22999,TRAVEL CARD WALLET VINTAGE LEAF,2,2894,1252.59
23145,ZINC T-LIGHT HOLDER STAR LARGE,2,2084,1979.4799999999998
23075,PARLOUR CERAMIC WALL HOOK,2,464,1927.1000000000001
23035,DRAWER KNOB CERAMIC IVORY,2,2185,3191.29
23148,MINIATURE ANTIQUE ROSE HOOK IVORY,2,2131,1809.6699999999998
23168,CLASSIC CAFE SUGAR DISPENSER,2,3279,4543.67
22972,CHILDREN'S SPACEBOY MUG,2,1783,3047.8399999999997
82486,WOOD S/3 CABINET ANT WHITE FINISH,2,2081,17888.47
22135,MINI LADLE LOVE HEART PINK,2,567,322.38
23071,MARIE ANTOINETTE TRINKET BOX GOLD,2,243,821.1
79030D,TUMBLER BAROQUE,2,581,350.22999999999996
23091,ZINC HERB GARDEN CONTAINER,2,578,3643.82
79030G,TUMBLER NEW ENGLAND,2,1403,733.49
79051A,SMOKEY GREY COLOUR D.O.F. GLASS,2,823,289.54999999999995
23056,FLOWERS CHANDELIER T-LIGHT HOLDER,2,483,1153.8
23028,DRAWER KNOB CRACKLE GLAZE BLUE,2,1369,2377.1299999999997
22949,36 DOILIES DOLLY GIRL,2,944,1400.1499999999999
22986,WRAP GINGHAM ROSE,2,4080,1701.6
23045,PAPER LANTERN 5 POINT STAR MOON,2,118,497.9800000000001
22939,APRON APPLE DELIGHT,2,457,2333.27
23194,GYMKHANA TREASURE BOOK BOX,2,1817,4036.87
23020,GLASS  SONGBIRD STORAGE JAR,2,176,2141.84
23086,ZINC  STAR T-LIGHT HOLDER,2,1209,1431.43
23128,FELTCRAFT BOY JEAN-PAUL KIT,2,441,2224.01
21928,JUMBO BAG SCANDINAVIAN BLUE PAISLEY,2,10258,20766.91
23130,MISTLETOE HEART WREATH GREEN,2,954,3955.78
23191,BUNDLE OF 3 RETRO NOTE BOOKS,2,2200,3627.24
22129,PARTY CONES CANDY DECORATION,2,1188,1226.4199999999998
23015,CORDIAL GLASS JUG,2,34,288.88
23043,PAPER LANTERN 9 POINT HOLLY STAR L,2,81,543.51
23109,PACK OF SIX LED TEA LIGHTS,2,2290,6595.9800000000005
23041,PAPER LANTERN 9 POINT SNOW STAR,2,248,1078.88
23047,PAPER LANTERN 5 POINT SEQUIN STAR,2,58,333.5
23188,VINTAGE  2 METER FOLDING RULER,2,3459,6427.969999999999
23127,FELTCRAFT GIRL NICOLE KIT,2,728,3719.4
23104,IVORY CAFE HANGING LAMP,2,118,1405.42
84228,HEN HOUSE W CHICK STANDING,2,297,124.08999999999999
81950V,FLOWER PURPLE CLOCK WITH SUCKER,2,20,8.6
23106,ZINC HEARTS PLANT POT HOLDER,2,279,780.9100000000001
82001S,VINYL RECORD FRAME SILVER,2,1700,6645.33
23081,GREEN METAL BOX ARMY SUPPLIES,2,481,4021.75
22134,MINI LADLE LOVE HEART RED,2,889,419.0
23107,WHITE HEARTS WIRE PLANT POT HOLDER,2,359,1009.51
22985,WRAP BILLBOARD FONTS DESIGN,2,3782,1500.44
35961,FOLKART ZINC HEART CHRISTMAS DEC,1,2986,2629.81
35954,SMALL FOLKART STAR CHRISTMAS DEC,1,1245,350.48
79190D,RETRO PLASTIC DAISY TRAY,1,265,126.97999999999999
79191B,RETRO PLASTIC POLKA TRAY,1,147,128.1
35921,EASTER BUNNY HANGING GARLAND,1,68,133.23
35922,EASTER BUNNY WREATH,1,28,138.6
35970,ZINC FOLKART SLEIGH BELLS,1,4998,9424.85
79164,BLACK WINE GLASS,1,1666,697.62
35953,FOLKART STAR CHRISTMAS DECORATIONS,1,3557,1603.6699999999998
79190A,RETRO PLASTIC 70'S TRAY,1,384,179.35999999999999
35923,CANDY HEART HANGING DECORATION,1,1318,690.52
35958,FOLKART ZINC STAR CHRISTMAS DEC,1,12,10.2
35933,PINK STOCKING CHRISTMAS DECORATION,1,226,92.21000000000001
35971,ROSE FOLKART HEART DECORATIONS,1,462,600.93
35968,FOLK ART METAL HEART T-LIGHT HOLDER,1,163,82.1
35967,FOLK ART METAL STAR T-LIGHT HOLDER,1,485,252.33
35966,FOLKART CHRISTMAS TREE T-LIGHT HOLD,1,27,10.260000000000002
35957,SMALLFOLKART BAUBLE CHRISTMAS DEC,1,592,343.57
79190B,RETRO PLASTIC POLKA TRAY,1,692,282.06
35965,FOLKART HEART NAPKIN RINGS,1,342,532.17
35964,FOLKART CLIP ON STARS,1,783,404.08
35924,HANGING FAIRY CAKE DECORATION,1,676,1240.94
72798C,SET/4 GARDEN ROSE DINNER CANDLE,1,7,11.549999999999999
35972,DAISY FOLKART HEART DECORATION,1,96,120.0
37467,PIG MUG IN TWO COLOUR DESIGNS,1,159,130.26999999999998
37471,MULTICOLOUR POLKADOT PLATE,1,29,30.43
37474,SET/4 2 TONE EGG SHAPE MIXING BOWLS,1,1,9.95
79160,HEART SHAPE WIRELESS DOORBELL,1,441,789.53
79157V,UBO-LIGHT TRIOBASE PURPLE,1,5,4.25
79157B,UBO-LIGHT TRIOBASE BLUE,1,4,3.4
79151B,"SILICON CUBE 25W, BLUE",1,11,4.62
37475,SET/4 COLOURFUL MIXING BOWLS,1,70,661.9799999999999
37476,CONDIMENT TRAY 4 BOWLS AND 4 SPOONS,1,37,399.02
37479B,CUBIC MUG FLOCK BLUE ON BROWN,1,131,78.09
37479P,CUBIC MUG FLOCK PINK ON BROWN,1,163,142.23
37482P,CUBIC MUG PINK POLKADOT,1,494,349.35
37487B,YELLOW/ORANGE FLOWER DESIGN PLATE,1,68,19.72
37488A,YELLOW PINK FLOWER DESIGN BIG BOWL,1,28,10.92
37489A,YELLOW/PINK FLOWER DESIGN BIG MUG,1,33,14.43
37489B,BLUE/YELLOW FLOWER DESIGN BIG MUG,1,31,16.77
37489C,GREEN/BLUE FLOWER DESIGN BIG MUG,1,23,13.65
37489D,PINK/GREEN FLOWER DESIGN BIG MUG,1,40,17.16
79149B,SILICON STAR BULB  BLUE,1,18,7.56
37491A,YELLOW/PINK CERAMIC CANDLE HOLDER,1,6,19.81
37491B,BLUE/YELLOW CERAMIC CANDLE HOLDER,1,4,6.6
37491C,GREEN/BLUE CERAMIC CANDLE HOLDER,1,8,13.2
37468,HARDMAN MUG 3 ASSORTED,1,64,32.03
37464,ROBOT MUG IN DISPLAY BOX,1,3,3.75
37327,ASSTD MULTICOLOUR CIRCLES MUG,1,1578,840.0799999999999
37462E,"PET MUG, GOLDFISH",1,36,13.1
37330,BIG POLKADOT MUG,1,6,2.34
37333,"RETRO ""TEA FOR ONE""",1,21,120.99
37340,MULTICOLOUR SPRING FLOWER MUG,1,2544,1695.86
79163,BLACK CHAMPAGNE GLASS,1,1529,626.55
37342,POLKADOT COFFEE CUP & SAUCER PINK,1,1546,1468.6100000000001
79161A,ST GEORGE SET OF 10 PARTY LIGHTS,1,2,5.9
37343,POLKADOT MUG PINK,1,72,123.29999999999998
37351,ORANGE FLOWER MUG,1,10,9.06
35920,FOUR RABBIT EASTER DECORATIONS,1,72,104.84
37379A,PINK CHERRY BLOSSOM CUP & SAUCER,1,6,7.5
37413,ICON MUG REVOLUTIONARY,1,703,284.49
37423,WHITE WITH BLACK CATS PLATE,1,78,33.18
37444A,YELLOW BREAKFAST CUP AND SAUCER,1,53,66.35000000000001
37444B,BLUE BREAKFAST CUP AND SAUCER,1,4,11.8
37444C,PINK BREAKFAST CUP AND SAUCER,1,21,42.27
37446,MINI CAKE STAND WITH HANGING CAKES,1,1354,1976.09
37447,CERAMIC CAKE DESIGN SPOTTED PLATE,1,820,1313.28
37448,CERAMIC CAKE DESIGN SPOTTED MUG,1,1427,2170.87
37449,CERAMIC CAKE STAND + HANGING CAKES,1,553,5017.79
37450,CERAMIC CAKE BOWL + HANGING CAKES,1,714,2117.54
37461,FUNKY MONKEY MUG,1,1,1.25
37370,RETRO COFFEE MUGS ASSORTED,1,2567,3839.01
35913B,WHITE/PINK CHICK EASTER DECORATION,1,36,35.48
35916C,PINK FELT HANGING HEART W FLOWER,1,106,107.72
35598D,PINK/WHITE CHRISTMAS TREE 60CM,1,684,493.01
35443,RASTA IN BATH W SPLIFF ASHTRAY,1,8,6.8
35471D,SET OF 3 BIRD LIGHT PINK FEATHER,1,1848,979.11
35591T,TURQUOISE CHRISTMAS TREE,1,5,6.25
35597A,DUSTY PINK CHRISTMAS TREE 30CM,1,1,1.25
35597B,BLACKCHRISTMAS TREE 30CM,1,1,1.25
35597D,PINK/WHITE CHRISTMAS TREE 30CM,1,46,17.48
35598A,DUSTY PINK CHRISTMAS TREE 60CM,1,9,26.550000000000004
35598B,BLACK CHRISTMAS TREE 60CM,1,558,460.64
35598C,WHITE CHRISTMAS TREE 60CM,1,2,5.9
81950B,FLOWER BLUE CLOCK WITH SUCKER,1,116,33.64
35916A,YELLOW FELT HANGING HEART W FLOWER,1,87,67.39
35599B,BLACK CHRISTMAS TREE 120CM,1,217,551.13
35599D,PINK AND WHITE CHRISTMAS TREE 120CM,1,201,553.07
35607A,PINK FLUFFY CHRISTMAS DECORATION,1,26,7.82
35607B,BLACK FEATHER CHRISTMAS DECORATION,1,96,18.240000000000002
35609A,PINK FEATHER CHRISTMAS DECORATION,1,1,2.51
35610A,PINK CHRISTMAS FLOCK DROPLET,1,10,15.02
35610B,BLACK CHRISTMAS FLOCK DROPLET,1,24,30.0
35610C,WHITE CHRISTMAS FLOCK DROPLET,1,25,32.51
35637A,IVORY STRING CURTAIN WITH POLE,1,170,440.62
35400,WOODEN BOX ADVENT CALENDAR,1,10,89.5
35271S,GOLD PRINT PAPER BAG,1,19,3.6100000000000003
81952B,ROUND BLUE CLOCK WITH SUCKER,1,200,38.0
35265,COLOURFUL FLOWER FRUIT BOWL,1,17,52.2
23654,SET 10 CARD SNOWMAN 16965,1,5,12.450000000000001
23660,HENRIETTA HEN MUG,1,294,514.8599999999999
23661,MILK MAIDS MUG,1,207,373.78999999999996
23664,FLOWER SHOP DESIGN MUG,1,1,1.65
23681,LUNCH BAG RED VINTAGE DOILY,1,1576,2525.04
23692,WRAP A PRETTY THANK YOU,1,50,21.0
23694,PAISLEY PARK CARD,1,376,165.07999999999998
23695,DOILY THANK YOU CARD,1,741,313.24
23697,A PRETTY THANK YOU CARD,1,456,194.58
23702,HIGH RESOLUTION IMAGE,1,4,27.0
35001G,HAND OPEN SHAPE GOLD,1,198,677.34
35001W,HAND OPEN SHAPE DECO.WHITE,1,92,270.02000000000004
35004B,SET OF 3 BLACK FLYING DUCKS,1,565,2879.01
35004C,SET OF 3 COLOURED  FLYING DUCKS,1,391,1871.7500000000002
35004G,SET OF 3 GOLD FLYING DUCKS,1,127,454.65
35004P,SET OF 3 PINK FLYING DUCKS,1,1,5.45
35095A,BLUE VICTORIAN FABRIC OVAL BOX,1,925,388.57
35095B,RED VICTORIAN FABRIC OVAL BOX,1,862,352.25
35241,ENAMEL BLUE RIM BISCUIT BIN,1,103,530.49
35637C,PINK STRING CURTAIN WITH POLE,1,30,100.86
35638A,PINK AND BLACK STRING CURTAIN,1,38,82.1
35638B,PINK/BLUE STRING CURTAIN,1,57,128.32999999999998
35909A,RABBIT EASTER DECORATION,1,8,23.6
35909B,PINK FLOWERS RABBIT EASTER,1,8,23.6
35910A,MULTICOLOUR EASTER RABBIT,1,20,39.0
35910B,PINK FLOWERS RABBIT EASTER,1,13,25.349999999999998
79336,LIGHT PINK FLOCK GLASS CANDLEHOLDER,1,36,13.680000000000003
79331,PINK FLOCK GLASS CANDLEHOLDER,1,26,17.5
35911A,MULTICOLOUR RABBIT EGG WARMER,1,319,292.07
79329,PINK FLOCK GLASS CANDLEHOLDER,1,12,12.18
79323B,BLACK CHERRY LIGHTS,1,8,54.0
35911B,PINK/FLOWER RABBIT EGG WARMER,1,119,100.76
35912B,WHITE/PINK CHICK DECORATION,1,252,301.26
37495,FAIRY CAKE BIRTHDAY CANDLE SET,1,400,1472.24
79321,CHILLI LIGHTS,1,10225,53761.61
79302M,"ART LIGHTS,FUNK MONKEY",1,370,1037.54
79192A,RETRO PLASTIC 70'S TRAY,1,3,3.75
79191D,RETRO PLASTIC DAISY TRAY,1,23,27.409999999999997
79191C,RETRO PLASTIC ELEPHANT TRAY,1,948,679.08
35914,PINK CHICK EGG WARMER + EGG CUP,1,195,218.81
35915B,BLUE KNITTED HEN,1,220,257.21999999999997
35915C,PEACH KNITTED HEN,1,315,316.46
79337,BLUE FLOCK GLASS CANDLEHOLDER,1,644,259.96
35833P,4 PINK FLOCK CHRISTMAS BALLS,1,49,88.47
35645,VINTAGE BEAD PINK JEWEL BOX,1,4,17.0
79403,FROSTED WHITE BASE,1,95,85.52
35646,VINTAGE BEAD PINK EVENING BAG,1,619,937.25
35647,VINTAGE BEAD PINK SHADE,1,13,16.25
35648,VINTAGE BEAD PINK PURSE,1,955,1046.74
35649,VINTAGE BEAD COSMETIC BAG,1,57,156.85
35650,VINTAGE BEAD PINK JEWEL STAND,1,1,4.95
35651,VINTAGE BEAD PINK SCARF,1,439,966.04
35653,VINTAGE BEAD NOTEBOOK,1,150,433.19
35809A,ENAMEL PINK TEA CONTAINER,1,429,525.39
35809B,ENAMEL BLUE RIM TEA CONTAINER,1,8,9.18
35810A,ENAMEL PINK COFFEE CONTAINER,1,633,640.0899999999999
35810B,ENAMEL BLUE RIM COFFEE CONTAINER,1,140,164.13
35815P,"ACRYLIC JEWEL SNOWFLAKE, PINK",1,162,63.28000000000001
35816P,"ACRYLIC JEWEL ANGEL,PINK",1,78,29.64
79406,FROSTED WHITE BASE,1,144,34.12
35818B,"ACRYLIC JEWEL ICICLE, BLUE",1,31,11.780000000000001
35818P,"ACRYLIC JEWEL ICICLE, PINK",1,263,105.83
35819B,"ACRYLIC HANGING JEWEL,BLUE",1,268,106.05
35819P,"ACRYLIC HANGING JEWEL,PINK",1,95,66.55
35833G,4 GOLD FLOCK CHRISTMAS BALLS,1,2,6.72
37491D,PURPLE/BLUE CERAMIC CANDLE HOLDER,1,4,9.879999999999999
44089C,LILAC GAUZE BUTTERFLY LAMPSHADE,1,24,10.08
37500,TEA TIME TEAPOT IN GIFT BOX,1,379,2355.73
72815,3 WICK CHRISTMAS BRIAR CANDLE,1,3,15.97
51014A,"FEATHER PEN,HOT PINK",1,3770,1938.86
51014C,"FEATHER PEN,COAL BLACK",1,2675,1401.03
51014L,"FEATHER PEN,LIGHT PINK",1,1975,1003.26
51020A,SUMMER FUN DESIGN SHOWER CAP,1,325,116.32999999999998
51020B,STRIPY DESIGN SHOWER CAP,1,197,70.57
62018,SOMBRERO,1,4415,5716.85
62043B,BLUE CHECK BAG W HANDLE 34X20CM,1,17,14.11
62074B,ELEPHANT CLIP W SUCTION CUP,1,16,6.72
62086A,PINK RETRO BIG FLOWER BAG,1,88,171.6
62094B,TURQ ICE CREAM BUM BAG,1,19,63.209999999999994
62096A,PINK/YELLOW FLOWERS HANDBAG,1,106,132.5
62096B,PURPLE/TURQ FLOWERS HANDBAG,1,2,2.5
62097B,BLUE STRIPES SHOULDER BAG,1,9,7.469999999999999
70006,LOVE HEART POCKET WARMER,1,2702,1863.98
70007,HI TEC ALPINE HAND WARMER,1,829,936.56
71038,WHITE HANGING BEADS CANDLE HOLDER,1,234,1217.7
72812,LARGE ZINC GLASS CANDLEHOLDER,1,34,116.06
71050,SMALL SINGLE FLAME CANDLE HOLDER,1,33,11.549999999999999
72811,SMALL ZINC/GLASS CANDLEHOLDER,1,53,78.92999999999999
71101E,STANDING FAIRY POLE SUPPORT,1,346,278.5
72807C,SET/3 VANILLA SCENTED CANDLE IN BOX,1,602,2712.3
51008,AFGHAN SLIPPER SOCK PAIR,1,519,1690.5500000000002
72816,SET/3 CHRISTMAS DECOUPAGE CANDLES,1,868,975.3199999999999
71270,PHOTO CLIP LINE,1,236,334.98
48194,DOORMAT HEARTS,1,3414,22098.52
47590B,PINK HAPPY BIRTHDAY BUNTING,1,2332,12163.25
47591B,SCOTTIES CHILDRENS APRON,1,210,348.91999999999996
47591D,PINK FAIRY CAKE CHILDRENS APRON,1,3341,6724.69
47593A,CAROUSEL PONIES BABY BIB,1,33,14.37
47593B,SCOTTIE DOGS BABY BIB,1,1993,951.1099999999999
47594A,CAROUSEL DESIGN WASHBAG,1,107,197.89
47594B,SCOTTIES DESIGN WASHBAG,1,168,310.65
47599A,PINK PARTY BAGS,1,2450,4636.900000000001
47599B,BLUE PARTY BAGS,1,1480,2822.32
48111,DOORMAT 3 SMILEY CATS,1,1170,7692.58
48116,DOORMAT MULTICOLOUR STRIPE,1,1489,9064.78
48129,DOORMAT TOPIARY,1,891,5918.19
48138,DOORMAT UNION FLAG,1,3740,25445.5
48173C,DOORMAT BLACK FLOCK,1,1814,10253.61
72818,CHRISTMAS DECOUPAGE CANDLE,1,1809,796.0600000000001
48184,DOORMAT ENGLISH ROSE,1,2029,14252.45
48185,DOORMAT FAIRY CAKE,1,2941,19318.010000000002
48187,DOORMAT NEW ENGLAND,1,3805,24092.49
72817,SET OF 2 CHRISTMAS DECOUPAGE CANDLE,1,1188,1202.27
48188,DOORMAT WELCOME PUPPIES,1,2061,12083.17
48189,DOORMAT FRIENDSHIP,1,27,451.10999999999996
71215,METAL BASE FOR CANDLES,1,11,4.62
72807B,SET/3 OCEAN SCENT CANDLE JEWEL BOX,1,399,1855.37
37501,TEA TIME TEA SET IN GIFT BOX,1,133,906.83
72128,COLUMBIAN CANDLE ROUND,1,193,152.04999999999998
72130,COLUMBIAN CANDLE ROUND,1,219,133.34
72131,COLUMBIAN CANDLE RECTANGLE,1,136,236.39999999999998
72132,COLUMBIAN CUBE CANDLE,1,28,54.599999999999994
72799F,IVORY PILLAR CANDLE GOLD FLOCK,1,144,421.13000000000005
72133,COLUMBIAN CANDLE RECTANGLE,1,45,63.51
72134,COLUMBIAN  CUBE CANDLE,1,105,58.62
72140E,BEST DAD CANDLE LETTERS,1,31,26.349999999999998
72225C,LAVENDER SCENT CAKE CANDLE,1,624,165.6
72232,FENG SHUI PILLAR CANDLE,1,3317,630.23
72799E,IVORY PILLAR CANDLE SILVER FLOCK,1,451,916.9900000000001
72349B,SET/6 PURPLE BUTTERFLY T-LIGHTS,1,888,2145.2000000000003
72351A,SET/6 TURQUOISE BUTTERFLY T-LIGHTS,1,1279,2561.02
72351B,SET/6 PINK  BUTTERFLY T-LIGHTS,1,2095,4005.75
72369A,PINK CLEAR GLASS CANDLE PLATE,1,30,39.92
72586,SET OF 6 HALLOWEEN GHOST T-LIGHTS,1,655,302.71
72598,SET/12 TAPER CANDLES,1,607,605.89
72799C,PINK PILLAR CANDLE SILVER FLOCK,1,81,129.47
72709,IVORY SCULPTED RND CANDLE,1,44,37.4
72741,GRAND CHOCOLATECANDLE,1,5958,8196.0
72760B,VINTAGE CREAM 3 BASKET CAKE STAND,1,409,4145.389999999999
72780,BLACK SILOUETTE CANDLE PLATE,1,137,116.44999999999999
72800B,4 PURPLE FLOCK DINNER CANDLES,1,142,285.7
72127,COLUMBIAN CANDLE ROUND,1,169,210.61
71279,PINK GLASS CANDLEHOLDER,1,175,558.37
72122,COFFEE SCENT PILLAR CANDLE,1,324,335.78999999999996
72807A,SET/3 ROSE CANDLE IN JEWELLED BOX,1,397,1894.8899999999999
72803B,OCEAN SCENT CANDLE JEWELLED DRAWER,1,1,8.47
72803A,ROSE SCENT CANDLE JEWELLED DRAWER,1,529,722.47
72802C,VANILLA SCENT CANDLE JEWELLED BOX,1,892,2120.48
72802B,OCEAN SCENT CANDLE IN JEWELLED BOX,1,630,1545.48
71403,"PINK/WHITE ""KEEP CLEAN"" BULLET BIN",1,76,283.96000000000004
71406C,BLACK ORANGE SQUEEZER,1,138,57.96
72802A,ROSE SCENT CANDLE IN JEWELLED BOX,1,329,1383.69
72801G,4 BURGUNDY WINE DINNER CANDLES,1,45,57.46
72801D,4 SKY BLUE DINNER CANDLES,1,150,297.91
71495A,CD WALL TIDY BLUE OFFICE,1,103,40.379999999999995
72801C,4 ROSE PINK DINNER CANDLES,1,184,276.59
71495B,CD WALL TIDY RED FLOWERS,1,163,61.05
71496A,A4 WALL TIDY BLUE OFFICE,1,127,80.96000000000001
72800E,4 IVORY DINNER CANDLES SILVER FLOCK,1,538,1205.64
72800D,4 BLUE DINNER CANDLES SILVER FLOCK,1,87,226.67
71496B,A4 WALL TIDY RED FLOWERS,1,13,7.37
71510,SQUARE METAL CANDLEHOLDER BASE,1,52,36.519999999999996
72024U,LILAC VOTIVE CANDLE,1,72,15.120000000000001
72800C,4 PINK DINNER CANDLE SILVER FLOCK,1,130,259.71999999999997
72051S,BAG OF SILVER STONES,1,130,89.52999999999999
47590A,BLUE HAPPY BIRTHDAY BUNTING,1,1987,10475.400000000001
72819,CUPID DESIGN SCENTED CANDLES,1,225,509.07
72821,CUPID SCENTED CANDLE IN GLASS,1,11,18.15
46000M,POLYESTER FILLER PAD 45X45CM,1,1020,1581.0
46000R,POLYESTER FILLER PAD 45X30CM,1,103,149.35
46000S,POLYESTER FILLER PAD 40X40CM,1,1512,2192.4
46000U,POLYESTER FILLER PAD 30CMX30CM,1,107,133.75
46115B,GREEN POP ART MAO CUSHION COVER,1,12,2.2800000000000002
79063D,"RETRO PILL BOX , REVOLUTIONARY",1,189,35.14
46118,FUNKY MONKEY CUSHION COVER,1,232,317.16999999999996
46126A,ELVIS WALLHANGING / CURTAIN,1,52,69.84
46138B,BLUE CHENILLE SHAGGY CUSHION COVER,1,33,34.65
46775D,SUNSET COLOUR CHUNKY KNITTED THROW,1,60,720.93
46776A,WOVEN BUBBLE GUM CUSHION COVER,1,160,672.6
79063C,"RETRO PILL BOX KEY CHAIN,THE KING",1,235,43.65
46776B,WOVEN BERRIES CUSHION COVER,1,162,683.8
46776C,WOVEN FROST CUSHION COVER,1,117,492.79
46776D,WOVEN SUNSET CUSHION COVER,1,89,378.29
46776E,WOVEN CANDY CUSHION COVER,1,68,292.56
79062D,"RETRO TIN ASHTRAY,REVOLUTIONARY",1,52,19.4
46776F,WOVEN ROSE GARDEN CUSHION COVER,1,217,912.03
47013A,WINE BOTTLE DRESSING LT.BLUE,1,14,3.0399999999999996
79026B,"S/4 ICON COASTER,ELVIS LIVES",1,25,10.61
47013C,WINE BOTTLE DRESSING DARK BLUE,1,40,11.53
47016,LIGHT DECORATION BATTERY OPERATED,1,2,4.2
46000P,POLYESTER FILLER PAD 65CMX65CM,1,18,76.5
45013,FOLDING SHOE TIDY,1,3,8.850000000000001
47589,CONGRATULATIONS BUNTING,1,13,70.85000000000001
44265,M/COLOUR POM-POM CURTAIN,1,2,8.5
37509,NEW ENGLAND MUG W GIFT BOX,1,2,5.1
40001,WHITE BAMBOO RIBS LAMPSHADE,1,820,674.38
40003,WHITE BAMBOO RIBS LAMPSHADE,1,155,179.23
40005B,BLUE ORGANDY ROUND LAMPSHADE W BEA,1,12,10.2
40016,CHINESE DRAGON PAPER LANTERNS,1,5556,2136.34
40046A,RED DAISY PAPER LAMPSHADE,1,50,62.5
44089A,PINK GAUZE BUTTERFLY LAMPSHADE,1,15,6.3
79144C,PAINTED LIGHTBULB RAINBOW DESIGN,1,152,98.11999999999999
79144B,PAINTED LIGHTBULB STAR+ MOON,1,180,103.22999999999999
79071B,ENGLISH ROSE METAL WASTE BIN,1,20,59.0
72783,BLACK SIL'T SQU CANDLE PLATE,1,16,33.6
44091A,BLUE CRUSOE CHECK LAMPSHADE,1,9,3.78
44092B,BLUE WHITE PLASTIC RINGS LAMPSHADE,1,14,11.899999999999999
44092C,PURPLE/COPPER HANGING LAMPSHADE,1,20,17.0
44228,CANNABIS LEAF BEAD CURTAIN,1,36,30.599999999999998
44234,ASSORTED CIRCULAR MOBILE,1,693,154.77
79067,CORONA MEXICAN TRAY,1,172,719.69
44236,PINK/PURPLE CIRCLE CURTAIN,1,52,56.52
79066K,RETRO MOD TRAY,1,799,716.26
44242A,LILAC FEATHERS CURTAIN,1,12,9.48
44242B,PINK FEATHERS CURTAIN,1,52,50.28
47021G,SET/6 BEAD COASTERS GAUZE BAG GOLD,1,582,309.29999999999995
79000,MOROCCAN TEA GLASS,1,4162,3357.34
47341A,FUSCHIA TABLE RUN FLOWER,1,27,38.75
47341B,BLUE TABLE RUN FLOWER,1,45,56.25
47503J,SET/3 FLORAL GARDEN TOOLS IN BAG,1,3,23.85
47504H,ENGLISH ROSE SPIRIT LEVEL,1,978,964.38
47504K,ENGLISH ROSE GARDEN SECATEURS,1,2006,2039.18
23652,SET 10 CARD CHRISTMAS STAMPS 16963,1,2,5.82
75049L,LARGE CIRCULAR MIRROR MOBILE,1,7100,6810.48
47556B,TEA TIME TEA TOWELS,1,2600,6045.0
47559B,TEA TIME OVEN GLOVE,1,2150,2890.05
75013B,"STRING OF 8 BUTTERFLIES,PINK",1,25,41.24999999999999
47563A,RETRO LONGBOARD IRONING BOARD COVER,1,285,551.51
47566,PARTY BUNTING,1,18090,98610.18000000001
47566B,TEA TIME PARTY BUNTING,1,2525,12724.07
47567B,TEA TIME KITCHEN APRON,1,597,3384.7500000000005
47570B,TEA TIME TABLE CLOTH,1,187,1769.25
47574A,ENGLISH ROSE SCENTED HANGING FLOWER,1,548,665.2
47574B,ENGLISH ROSE SCENTED HANGING HEART,1,4,17.0
75011,BLUE DAISY MOBILE,1,172,138.76
47578A,ENGLISH ROSE SMALL SCENTED FLOWER,1,213,197.43
47579,TEA TIME BREAKFAST BASKET,1,1,2.1
47580,TEA TIME DES TEA COSY,1,376,1086.12
47585A,PINK FAIRY CAKE CUSHION COVER,1,264,1129.44
47586A,PINK FAIRY CAKE CUSHION COVER,1,21,53.55
75131,METAL TUBE CHIME ON BAMBOO,1,490,529.21
47503H,ASS FLORAL PRINT SPIRIT LEVEL,1,100,110.86
47503A,ASS FLORAL PRINT MULTI SCREWDRIVER,1,2698,1229.04
77101A,UNION FLAG WINDSOCK,1,387,426.94
47343A,FUSCHIA FLOWER PURSE WITH BEADS,1,159,145.17
47344B,BLUE FLOWER DES PURSE,1,44,43.66
47348A,FUSCHIA VOILE POINTY SHOE DEC,1,97,50.31
47351B,BLUE  VOILE LAMPSHADE,1,38,112.10000000000001
47367B,PAIR PADDED HANGERS PINK CHECK,1,112,376.27000000000004
47369A,PINK GREEN EMBROIDERY COSMETIC BAG,1,33,93.19
78124,MAGAZINE RACK GEBRA ASSORTED,1,198,256.5
78034B,BLUE NETTING STORAGE HANGER,1,8,15.6
78033,FLAG OF ST GEORGE CHAIR,1,36,173.4
47369B,BLUE GREEN EMBROIDERY COSMETIC BAG,1,35,97.13
47481,50CM METAL STRING WITH  7 CLIPS,1,225,171.79
47420,ASSORTED COLOUR SUCTION CUP HOOK,1,196,37.24
47421,ASSORTED COLOUR LIZARD SUCTION HOOK,1,994,393.0
47422,ASSORTED MONKEY SUCTION CUP HOOK,1,616,245.76
77079,DOLPHIN WINDMILL,1,1,2.12
75178,ASSTD COL BUTTERFLY/CRYSTAL W/CHIME,1,459,218.87
75172,PAINTED SEA SHELL METAL WINDCHIME,1,93,85.31
47469,ASSORTED SHAPES PHOTO CLIP SILVER,1,469,238.60999999999999
47471,RAINBOW PEGS PHOTO CLIP STRING,1,290,189.88
47480,HANGING PHOTO CLIP ROPE LADDER,1,746,1274.1699999999998
47518F,ICON PLACEMAT POP ART ELVIS,1,832,134.37
10002,INFLATABLE POLITICAL GLOBE,1,860,759.89
23650,SET 10 CARDS FILIGREE BAUBLE 16961,1,4,9.96
23288,GREEN VINTAGE SPOT BEAKER,1,4609,4430.63
23269,SET OF 2 CERAMIC CHRISTMAS TREES,1,779,1152.98
23270,SET OF 2 CERAMIC PAINTED HEARTS,1,1174,1646.32
23272,TREE T-LIGHT HOLDER WILLIE WINKIE,1,364,562.2199999999999
23273,HEART T-LIGHT HOLDER WILLIE WINKIE,1,969,1649.0499999999997
23274,STAR T-LIGHT HOLDER WILLIE WINKIE,1,1180,2004.9999999999998
23275,SET OF 3 HANGING OWLS OLLIE BEAK,1,3644,4426.72
23284,DOORMAT KEEP CALM AND COME IN,1,5269,36580.84
23285,PINK VINTAGE SPOT BEAKER,1,4807,4572.41
23286,BLUE VINTAGE SPOT BEAKER,1,5040,4740.820000000001
23287,RED VINTAGE SPOT BEAKER,1,1871,1596.59
23289,DOLLY GIRL CHILDRENS BOWL,1,1614,2003.7
23267,SET OF 4 SANTA PLACE SETTINGS,1,1154,1471.95
23290,SPACEBOY CHILDRENS BOWL,1,2422,2880.3500000000004
23291,DOLLY GIRL CHILDRENS CUP,1,1625,2047.78
23293,SET OF 12 FAIRY CAKE BAKING CASES,1,8453,6974.599999999999
23294,SET OF 6 SNACK LOAF BAKING CASES,1,4382,3599.5099999999998
23295,SET OF 12 MINI LOAF BAKING CASES,1,6132,5071.79
23296,SET OF 6 TEA TIME BAKING CASES,1,4969,5973.05
23297,SET 40 HEART SHAPE PETIT FOUR CASES,1,4281,6755.929999999999
23300,GARDENERS KNEELING PAD CUP OF TEA,1,6665,11567.59
23301,GARDENERS KNEELING PAD KEEP CALM,1,8703,16174.949999999999
23302,KNEELING MAT HOUSEWORK  DESIGN,1,1505,2130.27
23268,SET OF 2 CERAMIC CHRISTMAS REINDEER,1,1435,2000.74
23266,SET OF 3 WOODEN STOCKING DECORATION,1,2041,2728.82
23218,LAUREL STAR ANTIQUE GOLD,1,379,483.03
23233,WRAP POPPIES  DESIGN,1,5150,2095.0
23220,REINDEER HEART DECORATION GOLD,1,993,869.15
23221,REINDEER HEART DECORATION SILVER,1,1488,1323.1999999999998
23222,CHRISTMAS TREE HANGING GOLD,1,787,708.5699999999999
23223,CHRISTMAS TREE HANGING SILVER,1,801,750.1899999999999
23224,CHERUB HEART DECORATION GOLD,1,726,639.06
23225,CHERUB HEART DECORATION SILVER,1,1283,1116.4099999999999
23226,FILIGREE HEART DAISY WHITE,1,1199,1536.67
23227,FILIGREE HEART BUTTERFLY WHITE,1,1642,2070.06
23228,FILIGREE HEART BIRD WHITE,1,1348,1810.24
23230,WRAP ALPHABET DESIGN,1,7926,3196.92
23234,BISCUIT TIN VINTAGE CHRISTMAS,1,1710,5045.1
23265,SET OF 3 WOODEN TREE DECORATIONS,1,1755,2387.29
23238,SET OF 4 KNICK KNACK TINS LONDON,1,1843,7746.71
23239,SET OF 4 KNICK KNACK TINS POPPIES,1,824,3279.1400000000003
23241,TREASURE TIN GYMKHANA DESIGN,1,2164,4667.47
23242,TREASURE TIN BUFFALO BILL,1,1469,3022.55
23243,SET OF TEA COFFEE SUGAR TINS PANTRY,1,4767,23345.27
23245,SET OF 3 REGENCY CAKE TINS,1,6319,31002.65
23247,BISCUIT TIN 50'S CHRISTMAS,1,2156,6585.83
23255,CHILDRENS CUTLERY CIRCUS PARADE,1,1005,4059.8700000000003
23263,SET OF 3 WOODEN HEART DECORATIONS,1,3839,5117.19
23264,SET OF 3 WOODEN SLEIGH DECORATIONS,1,1962,2689.56
23303,SET 4 PICNIC CUTLERY FONDANT,1,65,126.75
23304,SET 4 PICNIC CUTLERY CHERRY,1,71,138.45
23305,SET 4 PICNIC CUTLERY BLUEBERRY,1,82,159.9
23346,SPACEBOY BEAKER,1,2628,3112.34
23335,EGG FRYING PAN IVORY,1,365,765.82
23336,EGG FRYING PAN PINK,1,225,519.25
23337,EGG FRYING PAN MINT,1,180,388.75
23338,EGG FRYING PAN RED,1,425,902.9200000000001
23339,EGG FRYING PAN BLUE,1,173,400.84000000000003
23340,VINTAGE CHRISTMAS CAKE FRILL,1,2500,4034.08
23341,PINK DINER WALL CLOCK,1,307,2741.35
23343,JUMBO BAG VINTAGE CHRISTMAS,1,5818,13489.91
23344,JUMBO BAG 50'S CHRISTMAS,1,10025,23289.27
23345,DOLLY GIRL BEAKER,1,2451,2886.25
23347,I LOVE LONDON BEAKER,1,832,1042.3
23307,SET OF 60 PANTRY DESIGN CAKE CASES,1,12024,6358.14
23348,CHILDRENS TOY COOKING UTENSIL SET,1,734,1608.8500000000001
23349,ROLL WRAP VINTAGE CHRISTMAS,1,3209,4327.6
23350,ROLL WRAP VINTAGE SPOT,1,2700,3430.08
23351,ROLL WRAP 50'S CHRISTMAS,1,3451,4785.77
23352,ROLL WRAP 50'S RED CHRISTMAS,1,1800,2459.2
23353,6 GIFT TAGS VINTAGE CHRISTMAS,1,3995,3500.0899999999997
23354,6 GIFT TAGS 50'S CHRISTMAS,1,3692,3389.56
23355,HOT WATER BOTTLE KEEP CALM,1,5780,28559.800000000003
23356,LOVE HOT WATER BOTTLE,1,2354,13304.570000000002
23357,HOT WATER BOTTLE SEX BOMB,1,450,1982.0500000000002
23334,IVORY WICKER HEART SMALL,1,2271,1491.75
23333,IVORY WICKER HEART MEDIUM,1,2077,2680.45
23332,IVORY WICKER HEART LARGE,1,2059,3542.7099999999996
23331,DECORATIVE WICKER HEART SMALL,1,1596,1062.28
23308,SET OF 60 VINTAGE LEAF CAKE CASES,1,6139,3272.61
23309,SET OF 60 I LOVE LONDON CAKE CASES,1,8227,4469.45
23310,BUBBLEGUM RING ASSORTED,1,12050,4997.28
23311,VINTAGE CHRISTMAS STOCKING,1,2384,6472.9
23312,VINTAGE CHRISTMAS GIFT SACK,1,1422,5960.0
23313,VINTAGE CHRISTMAS BUNTING,1,2977,15734.31
23314,VINTAGE CHRISTMAS TABLECLOTH,1,403,4962.96
23315,IVORY REFECTORY CLOCK,1,201,1996.44
23316,RED REFECTORY CLOCK,1,250,2501.64
23317,BLUE REFECTORY CLOCK,1,173,1777.46
23318,BOX OF 6 MINI VINTAGE CRACKERS,1,3669,8853.17
23319,BOX OF 6 MINI 50'S CRACKERS,1,3624,9019.85
23320,GIANT 50'S CHRISTMAS CRACKER,1,2649,7018.89
23321,SMALL WHITE HEART OF WICKER,1,4699,8410.49
23322,LARGE WHITE HEART OF WICKER,1,3029,8776.210000000001
23323,WHITE WICKER STAR,1,1469,3146.78
23326,HANGING MINI COLOURED BOTTLES,1,3442,2237.08
23327,HANGING CLEAR MINI BOTTLE,1,1734,1051.14
23328,SET 6 SCHOOL MILK BOTTLES IN CRATE,1,2837,13254.49
23329,DECORATIVE WICKER HEART LARGE,1,1767,3038.1899999999996
23330,DECORATIVE WICKER HEART MEDIUM,1,1794,2286.97
23219,LAUREL STAR ANTIQUE SILVER,1,430,568.6
23217,LAUREL HEART ANTIQUE SILVER,1,1309,1613.82
23649,SET 10 CARDS DECK THE HALLS 16960,1,2,4.98
23138,SINGLE WIRE HOOK IVORY HEART,1,867,1214.11
23123,COCKTAIL SWORDS 50 PIECES,1,935,759.5699999999999
23124,18PC WOODEN CUTLERY SET DISPOSABLE,1,567,751.38
23125,6PC WOOD PLATE SET DISPOSABLE,1,459,574.88
23129,HEART SHAPED HOLLY WREATH,1,950,3999.5000000000005
23132,SMALL IVORY HEART WALL ORGANISER,1,1020,5138.6
23133,LARGE IVORY HEART WALL ORGANISER,1,782,5525.4
23134,LARGE ZINC HEART WALL ORGANISER,1,1065,6431.110000000001
23135,SMALL ZINC HEART WALL ORGANISER,1,1541,5416.18
23136,IVORY WIRE SWEETHEART LETTER TRAY,1,135,511.89
23137,ZINC WIRE SWEETHEART LETTER TRAY,1,83,275.62
23139,SINGLE WIRE HOOK PINK HEART,1,402,511.29999999999995
23121,PACK OF 6 COCKTAIL PARASOL STRAWS,1,2501,1000.4399999999999
23140,TRIPLE WIRE HOOK IVORY HEART,1,170,716.3000000000001
23141,TRIPLE WIRE HOOK PINK HEART,1,79,272.91
23142,IVORY WIRE KITCHEN ORGANISER,1,120,1210.42
23143,ZINC WIRE KITCHEN ORGANISER,1,30,239.97
23144,ZINC T-LIGHT HOLDER STARS SMALL,1,5065,4177.91
23146,TRIPLE HOOK ANTIQUE IVORY ROSE,1,774,2566.3
23147,SINGLE ANTIQUE ROSE HOOK IVORY,1,1867,2750.75
23149,ANTIQUE IVORY WIRE BOWL SMALL,1,93,236.51000000000002
23150,IVORY SWEETHEART SOAP DISH,1,148,390.75000000000006
23151,ZINC SWEETHEART SOAP DISH,1,61,114.33000000000001
23122,PARTY CHARMS 50 PIECES,1,2251,1726.09
23120,PACK OF 6 SMALL FRUIT STRAWS,1,1613,652.15
23216,LAUREL HEART ANTIQUE GOLD,1,525,630.73
23101,SILVER STARS TABLE DECORATION,1,2031,1739.6299999999999
23087,ZINC  HEART T-LIGHT HOLDER,1,868,1090.66
23088,ZINC HEART FLOWER T-LIGHT HOLDER,1,795,1033.28
23089,GLASS BON BON JAR,1,2353,4214.13
23090,VINTAGE GLASS T-LIGHT HOLDER,1,2237,1870.0299999999997
23092,LARGE ANTIQUE WHITE PHOTO FRAME,1,520,3734.0800000000004
23093,SMALL PARISIENNE HEART PHOTO FRAME,1,939,2239.2400000000002
23094,LE GRAND TRAY CHIC SET,1,151,1912.42
23096,PETIT TRAY CHIC,1,1033,1736.6899999999998
23099,FRENCH CARRIAGE LANTERN,1,131,885.45
23100,SILVER BELLS TABLE DECORATION,1,2166,2739.38
23102,SILVER HEARTS TABLE DECORATION,1,1274,1075.03
23119,PACK OF 6 LARGE FRUIT STRAWS,1,2246,1379.38
23108,SET OF 10 LED DOLLY LIGHTS,1,2166,13038.23
23110,PARISIENNE KEY CABINET,1,666,3951.68
23111,PARISIENNE SEWING BOX,1,297,3668.54
23112,PARISIENNE CURIO CABINET,1,533,4409.58
23113,PANTRY CHOPPING BOARD,1,212,1085.24
23114,VINTAGE LEAF CHOPPING BOARD,1,149,737.95
23115,RED APPLES CHOPPING BOARD,1,152,770.32
23116,VEGETABLE GARDEN CHOPPING BOARD,1,76,382.44
23117,POPPY FIELDS CHOPPING BOARD,1,93,501.23
23118,PARISIENNE JEWELLERY DRAWER,1,803,6027.18
23152,IVORY SWEETHEART WIRE LETTER RACK,1,550,2065.65
23153,ZINC SWEETHEART WIRE LETTER RACK,1,259,1005.69
23154,SET OF 4 JAM JAR MAGNETS,1,2652,5740.96
23199,JUMBO BAG APPLES,1,14286,29336.73
23183,MOTHER'S KITCHEN SPOON REST,1,220,944.67
23184,BULL DOG BOTTLE OPENER,1,866,4724.900000000001
23185,FRENCH STYLE STORAGE JAR JAM,1,317,114.85
23186,FRENCH STYLE STORAGE JAR CAFE,1,1976,811.9599999999999
23187,FRENCH STYLE STORAGE JAR BONBONS,1,2332,687.56
23189,SET OF 12 FORK CANDLES,1,1249,3507.51
23190,BUNDLE OF 3 SCHOOL EXERCISE BOOKS,1,1701,2760.2499999999995
23192,BUNDLE OF 3 ALPHABET EXERCISE BOOKS,1,3515,6112.589999999999
23193,BUFFALO BILL TREASURE BOOK BOX,1,1912,4056.78
23198,PANTRY MAGNETIC  SHOPPING LIST,1,3337,5055.349999999999
23200,JUMBO BAG PEARS,1,6947,13974.16
23155,KNICKERBOCKERGLORY MAGNET ASSORTED,1,2089,1805.77
23201,JUMBO BAG ALPHABET,1,12924,27050.37
23202,JUMBO BAG VINTAGE LEAF,1,10701,21372.13
23204,CHARLOTTE BAG APPLES DESIGN,1,7871,7665.69
23206,LUNCH BAG APPLE DESIGN,1,12100,20775.03
23207,LUNCH BAG ALPHABET DESIGN,1,7797,13271.1
23208,LUNCH BAG VINTAGE LEAF DESIGN,1,6298,10425.41
23210,WHITE ROCKING HORSE HAND PAINTED,1,2661,3346.77
23211,RED ROCKING HORSE HAND PAINTED,1,2305,2900.57
23213,STAR WREATH DECORATION WITH BELL,1,1670,2123.42
23215,JINGLE BELL HEART ANTIQUE SILVER,1,3564,7038.400000000001
23182,TOILET SIGN OCCUPIED OR VACANT,1,3741,3688.2099999999996
23181,BULL DOG BOTTLE TOP WALL CLOCK,1,201,1733.57
23180,MUM'S KITCHEN CLOCK,1,121,616.14
23179,CLOCK MAGNET MUM'S KITCHEN,1,324,930.48
23156,SET OF 5 MINI GROCERY MAGNETS,1,1641,3373.37
23157,SET OF 6 NATIVITY MAGNETS,1,2317,4699.06
23158,SET OF 5 LUCKY CAT MAGNETS,1,2597,5438.95
23159,SET OF 5 PANCAKE DAY MAGNETS,1,2280,4686.4800000000005
23160,REGENCY TEA SPOON,1,1450,1794.48
23161,REGENCY CAKE FORK,1,1715,2145.3
23162,REGENCY TEA STRAINER,1,1412,5143.6900000000005
23163,REGENCY SUGAR TONGS,1,1784,4415.38
23164,REGENCY CAKE SLICE,1,578,2718.65
23165,LARGE CERAMIC TOP STORAGE JAR,1,3052,5048.36
23166,MEDIUM CERAMIC TOP STORAGE JAR,1,3553,4236.47
23167,SMALL CERAMIC TOP STORAGE JAR,1,5354,4134.0199999999995
23170,REGENCY TEA PLATE ROSES,1,6749,10938.249999999998
23171,REGENCY TEA PLATE GREEN,1,6199,9982.39
23172,REGENCY TEA PLATE PINK,1,3813,6274.8099999999995
23173,REGENCY TEAPOT ROSES,1,2741,24673.58
23174,REGENCY SUGAR BOWL GREEN,1,3006,12158.28
23175,REGENCY MILK JUG PINK,1,3112,9455.15
23176,ABC TREASURE BOOK BOX,1,2133,4621.08
23177,TREASURE ISLAND BOOK BOX,1,2516,5485.29
23178,JAM CLOCK MAGNET,1,326,934.0
23358,HOT STUFF HOT WATER BOTTLE,1,594,2008.38
23365,SET 12 COLOUR PENCILS LOVE LONDON,1,1857,1463.0800000000002
23367,SET 12 COLOUR PENCILS SPACEBOY,1,3262,2480.8
23558,LANDMARK FRAME LONDON BRIDGE,1,415,4703.87
23548,WRAP MAGIC FOREST,1,1075,451.5
23549,WRAP BIRD GARDEN,1,1305,548.1
23550,WRAP ALPHABET POSTER,1,1855,763.1
23551,PACK OF 12 PAISLEY PARK TISSUES,1,1840,839.8399999999999
23552,BICYCLE PUNCTURE REPAIR KIT,1,1863,3881.91
23553,LANDMARK FRAME CAMDEN TOWN,1,568,6444.65
23554,LANDMARK FRAME OXFORD STREET,1,422,4805.53
23555,LANDMARK FRAME NOTTING HILL,1,421,4780.57
23556,LANDMARK FRAME COVENT GARDEN,1,436,4937.01
23557,LANDMARK FRAME BAKER STREET,1,350,3930.27
23559,WOODLAND BUNNIES LOLLY MAKERS,1,649,1482.41
23546,WRAP PAISLEY PARK,1,3250,1365.0
23560,SET OF 6 RIBBONS COUNTRY STYLE,1,172,499.18
23561,SET OF 6 RIBBONS PARTY,1,170,476.0
23562,SET OF 6 RIBBONS PERFECTLY PRETTY,1,251,724.59
23564,EGG CUP MILKMAID INGRID,1,644,841.31
23565,EGG CUP MILKMAID HELGA,1,410,586.31
23566,EGG CUP MILKMAID HEIDI,1,881,1156.93
23567,EGG CUP HENRIETTA HEN PINK,1,211,291.58
23568,EGG CUP HENRIETTA HEN CREAM,1,630,787.52
23569,TRADTIONAL ALPHABET STAMP SET,1,954,4717.66
23570,TRADITIONAL PICK UP STICKS GAME,1,2772,4931.87
23547,WRAP FLOWER SHOP,1,1575,661.5
23544,WALL ART MID CENTURY MODERN,1,163,1007.53
23368,SET 12 COLOUR PENCILS DOLLY GIRL,1,2379,1679.5500000000002
23513,EMBROIDERED RIBBON REEL SUSIE,1,560,1101.78
23503,PLAYING CARDS KEEP CALM & CARRY ON,1,3643,4860.55
23504,PLAYING CARDS JUBILEE UNION JACK,1,1927,2848.89
23505,PLAYING CARDS I LOVE LONDON,1,1200,1651.29
23506,MINI PLAYING CARDS SPACEBOY,1,2723,1129.1200000000001
23507,MINI PLAYING CARDS BUFFALO BILL,1,2882,1155.67
23508,MINI PLAYING CARDS DOLLY GIRL,1,2627,1163.45
23509,MINI PLAYING CARDS FUN FAIR,1,1062,451.46000000000004
23510,MINI PLAYING CARDS GYMKHANA,1,2521,1118.8
23511,EMBROIDERED RIBBON REEL EMILY,1,571,1252.01
23512,EMBROIDERED RIBBON REEL ROSIE,1,500,975.24
23514,EMBROIDERED RIBBON REEL SALLY,1,472,964.9100000000001
81953B,ROUND BLUE CLOCK WITH SUCKER,1,11,2.09
23515,EMBROIDERED RIBBON REEL DAISY,1,579,1164.98
23516,EMBROIDERED RIBBON REEL SOPHIE,1,296,1058.6
23517,EMBROIDERED RIBBON REEL REBECCA,1,334,996.38
23518,EMBROIDERED RIBBON REEL RACHEL,1,355,963.07
23519,EMBROIDERED RIBBON REEL CLAIRE,1,224,792.31
23520,EMBROIDERED RIBBON REEL RUBY,1,167,600.55
23531,WALL ART BIG LOVE,1,976,5538.26
23532,WALL ART WORK REST AND PLAY,1,210,901.58
23533,WALL ART GARDEN HAVEN,1,215,998.64
23538,WALL ART VINTAGE HEART,1,331,1329.54
23571,TRADITIONAL NAUGHTS & CROSSES,1,2841,6406.91
23575,SNACK TRAY PAISLEY PARK,1,179,367.34999999999997
23576,SNACK TRAY RED VINTAGE DOILY,1,198,400.03999999999996
23633,SET 10 CARDS WORLD CHILDREN 17067,1,3,7.470000000000001
23621,SET 10 CARDS DAVID'S MADONNA 17074,1,6,14.940000000000001
23623,SET 10 CARD CHRISTMAS WELCOME 17112,1,8,23.28
23624,SET 10 CARD PERFECT NATIVITY 17089,1,4,9.96
23625,SET 6 CARDS SPARKLY REINDEER 17262,1,9,44.910000000000004
23626,SET 10 CARDS DINKY TREE 17076,1,43,107.07000000000001
23627,SET 10 CARDS XMAS GRAPHIC  17218,1,7,17.43
23628,SET 10 CARDS TRIANGLE ICONS  17220,1,1,2.91
23629,SET 10 CARDS DRESSING UP 17077,1,24,59.760000000000005
23630,SET 10 CARDS HANGING BAUBLES 17080,1,2,5.48
23632,SET 10 CARDS CHEERFUL ROBIN 17065,1,15,31.200000000000003
23634,SET 10 CARDS XMAS CHOIR 17068,1,5,14.55
23578,SNACK TRAY RED GINGHAM,1,60,125.72
23635,SET 10 CARDS CHRISTMAS HOLLY  17259,1,3,12.48
23636,SET 10 CARDS WISHING TREE 17116,1,9,26.19
23637,SET 10 CARDS OUT OF ORDER 17216,1,11,27.39
23638,SET 10 CARDS ROBIN WATERPUMP  17096,1,2,5.82
23639,SET 10 CARDS MAGICAL TREE 17086,1,4,13.32
23640,SET 10 CARDS SCOTTIE DOG 17211,1,9,22.410000000000004
23643,SET 10 CARDS CHRISTMAS BAUBLE 16954,1,1,3.33
23644,SET 10 CARDS CHRISTMAS TREE 16955,1,5,16.65
23645,SET 10 CHRISTMAS CARDS HOHOHO 16956,1,9,22.410000000000004
23646,SET 10 CARDS JINGLE BELLS 16957,1,8,19.92
23620,SET 10 CARDS PERFECT POST 17090,1,10,24.900000000000002
23619,SET 10 CARDS POINSETTIA 17093,1,4,9.96
23617,SET 10 CARDS SWIRLY XMAS TREE 17104,1,2,5.82
23616,SET 10 CARDS JINGLE BELLS 17217,1,8,19.92
23579,SNACK TRAY I LOVE LONDON,1,169,358.75
23580,SNACK TRAY HAPPY FOREST,1,116,234.92
23581,JUMBO BAG PAISLEY PARK,1,4900,11361.23
23582,VINTAGE DOILY JUMBO BAG RED,1,4682,9985.81
23583,LUNCH BAG PAISLEY PARK,1,3375,5480.83
23597,PAPER BUNTING PAISLEY PARK,1,243,661.37
23598,PAPER BUNTING VINTAGE PARTY,1,427,1215.53
23601,SET 10 CARDS SNOWY SNOWDROPS  17100,1,8,19.92
23602,SET 10 CARDS 3 WISE MEN 17107,1,1,2.91
23603,SET 10 CARD KRAFT REINDEER 17084,1,20,49.800000000000004
23604,SET 10 MINI SANTA & SNOWMAN  17087,1,4,6.64
23605,SET 10 CARDS 12 DAYS OF XMAS 17059,1,4,11.64
23607,SET 10 CARDS HATS & STOCKINGS 17081,1,8,13.28
23608,SET 10 CARDS RUDOLPHS NOSE 17097,1,4,11.64
23609,SET 10 CARDS SNOWY ROBIN 17099,1,1,2.91
23610,SET 10 CARDS CHRISTMAS ROBIN 17095,1,3,6.24
23611,SET 10 CARDS RED RIDING HOOD 17214,1,40,99.60000000000001
23612,SET 10 MINICARDS CUTE SNOWMAN 17071,1,5,8.299999999999999
23613,SET 10 XMAS CARDS & BADGES 17070,1,11,27.39
23614,SET 10 CARDS 12 DAYS WRAP  17058,1,26,86.58000000000001
23615,SET 10 CARDS PRINTED GRAPHIC 17219,1,4,9.96
23501,KEY RING BASEBALL BOOT UNION JACK,1,1821,2217.87
23500,KEY RING BASEBALL BOOT ASSORTED,1,1626,2038.33
23499,SET 12 VINTAGE DOILY CHALK,1,1312,586.23
23418,LAVENDER TOILETTE BOTTLE,1,557,1166.0
23407,SET OF 2 TRAYS HOME SWEET HOME,1,260,2659.68
23408,PHOTO FRAME LINEN AND LACE SMALL,1,298,619.84
23409,PHOTO FRAME LINEN AND LACE LARGE,1,209,779.1800000000001
23410,CURIO CABINET LINEN AND LACE,1,36,290.1
23411,TRELLIS COAT RACK,1,226,1113.66
23412,HEART MIRROR ANTIQUE WHITE,1,356,2339.8
23414,ZINC BOX SIGN HOME,1,137,1338.9499999999998
23415,HOME SWEET HOME HOOK,1,328,412.17999999999995
23416,CHAMBRE HOOK,1,132,184.67999999999998
23417,BATHROOM HOOK,1,146,157.5
23419,HOME SWEET HOME BOTTLE,1,472,1041.64
23431,NATURAL HANGING QUILTED HEARTS,1,1437,1161.27
23420,PANTRY HOOK TEA STRAINER,1,164,351.37
23421,PANTRY HOOK SPATULA,1,160,349.2
23422,PANTRY HOOK BALLOON WHISK,1,213,477.89
23423,PANTRY 3 HOOK ROLLING PIN HANGER,1,219,876.9
23424,GINGHAM RECIPE BOOK BOX,1,462,2509.62
23425,STORAGE TIN HOME SWEET HOME,1,275,621.44
23426,METAL SIGN DROP YOUR PANTS,1,1269,3427.09
23427,STOOL HOME SWEET HOME,1,235,2835.58
23428,IVORY RETRO KITCHEN WALL CLOCK,1,75,659.61
23429,RED RETRO KITCHEN WALL CLOCK,1,47,400.01
23406,HOME SWEET HOME KEY HOLDER,1,455,2416.4100000000003
23405,HOME SWEET HOME 2 DRAWER CABINET,1,252,1311.48
23404,HOME SWEET HOME BLACKBOARD,1,1005,4532.06
23403,LETTER HOLDER HOME SWEET HOME,1,625,2204.11
23369,SET 36 COLOUR PENCILS LOVE LONDON,1,1105,1581.06
23371,SET 36 COLOUR PENCILS SPACEBOY,1,1705,2304.78
23372,SET 36 COLOUR PENCILS DOLLY GIRL,1,1373,1730.29
23373,VINTAGE CHRISTMAS PAPER GIFT BAG,1,1608,1313.3899999999999
23374,RED SPOT PAPER GIFT BAG,1,2446,1954.6299999999999
23375,50'S CHRISTMAS PAPER GIFT BAG,1,1342,1100.6899999999998
23376,PACK OF 12 VINTAGE CHRISTMAS TISSUE,1,3015,1375.55
23377,PACK OF 12 DOLLY GIRL TISSUES,1,1351,592.4499999999999
23378,PACK OF 12 50'S CHRISTMAS TISSUES,1,3997,1840.08
23379,PACK OF 12 RED APPLE TISSUES,1,1220,465.36
23381,PACK OF 12 VINTAGE LEAF TISSUES,1,1496,562.88
23382,BOX OF 6 CHRISTMAS CAKE DECORATIONS,1,1863,7311.18
23392,SPACEBOY ROCKET LOLLY MAKERS,1,638,1425.1100000000001
23393,HOME SWEET HOME CUSHION COVER,1,785,3147.91
23394,POSTE FRANCE CUSHION COVER,1,435,1877.65
23395,BELLE JARDINIERE CUSHION COVER,1,747,3253.33
23397,FOOT STOOL HOME SWEET HOME,1,487,5077.75
23398,HANGING HEART BONHEUR,1,606,535.35
23399,HOME SWEET HOME HANGING HEART,1,1914,1745.55
23400,SHELF WITH 4 HOOKS HOME SWEET HOME,1,459,2396.84
23401,RUSTIC MIRROR WITH LACE HEART,1,459,2354.87
23430,BLUE RETRO KITCHEN WALL CLOCK,1,36,301.88
23432,PRETTY HANGING QUILTED HEARTS,1,1276,1088.36
23498,CLASSIC BICYCLE CLIPS,1,1640,2372.68
23482,PEARLISED IVORY HEART LARGE,1,418,661.02
23472,NINE DRAWER OFFICE TIDY,1,58,894.42
23473,WOODLAND SMALL RED FELT HEART,1,678,552.02
23474,WOODLAND SMALL BLUE FELT HEART,1,312,270.96
23475,WOODLAND SMALL PINK FELT HEART,1,286,242.17999999999998
23476,WOODLAND LARGE RED FELT HEART,1,205,264.72
23477,WOODLAND LARGE BLUE FELT HEART,1,92,123.47
23478,WOODLAND LARGE PINK FELT HEART,1,285,324.40000000000003
23479,WIRE EGG BASKET,1,113,872.38
23480,MINI LIGHTS WOODLAND MUSHROOMS,1,1798,6719.14
23481,PEARLISED IVORY HEART SMALL,1,228,281.17
23483,HANGING  BUTTERFLY T-LIGHT HOLDER,1,1328,1636.36
23433,HANGING QUILTED PATCHWORK APPLES,1,1222,1078.6999999999998
23485,BOTANICAL GARDENS WALL CLOCK,1,251,5585.72
23486,ANTIQUE HEART SHELF UNIT,1,265,3991.57
23487,SWEET HEART CAKE CARRIER,1,74,735.88
23490,T-LIGHT HOLDER HANGING LOVE BIRD,1,542,2032.77
23491,VINTAGE JINGLE BELLS HEART,1,228,1897.76
23492,VINTAGE JINGLE BELLS WREATH,1,76,635.38
23493,VINTAGE DOILY TRAVEL SEWING KIT,1,3964,8497.98
23494,VINTAGE DOILY DELUXE SEWING KIT,1,759,5056.51
23495,SET OF 3 PANTRY WOODEN SPOONS,1,225,306.66
23496,PANTRY KITCHEN THERMOMETER,1,112,154.52
23471,SIX DRAWER OFFICE TIDY,1,65,616.79
23470,CARD HOLDER LOVE BIRD LARGE,1,226,1423.0
23469,CARD HOLDER LOVE BIRD SMALL,1,332,1355.24
23468,TUSCAN VILLA BIRD TABLE,1,19,156.75
23434,3 RAFFIA RIBBONS 50'S CHRISTMAS,1,2085,1876.27
23435,3 RAFFIA RIBBONS VINTAGE CHRISTMAS,1,824,732.4200000000001
23439,HAND WARMER RED LOVE HEART,1,3986,8855.51
23440,PAINT YOUR OWN EGGS IN CRATE,1,164,299.36
23441,HAND PAINTED HANGING EASTER EGG,1,22,9.24
23442,12 HANGING EGGS HAND PAINTED,1,40,83.2
23445,ICE CREAM BUBBLES,1,2648,2144.64
23446,BLUE BUNNY EASTER EGG BASKET,1,157,230.24999999999997
23447,PINK BUNNY EASTER EGG BASKET,1,158,231.89999999999998
23448,CREAM BUNNY EASTER EGG BASKET,1,25,41.24999999999999
23449,SET OF 6 EASTER RAINBOW CHICKS,1,12,15.0
23451,SQUARE MINI PORTRAIT FRAME,1,277,556.17
23452,HEART MINI PORTRAIT FRAME,1,518,1021.76
23453,OVAL  MINI PORTRAIT FRAME,1,316,615.98
23458,DOLLY CABINET 3 DRAWERS,1,49,732.55
23459,DOLLY CABINET 2 DRAWERS,1,31,387.5
23460,SWEETHEART WALL TIDY,1,106,987.18
23461,SWEETHEART BIRD HOUSE,1,843,3024.61
23463,VINTAGE ZINC WATERING CAN,1,13,139.39999999999998
23464,VINTAGE ZINC WATERING CAN SMALL,1,18,99.2
23467,VINTAGE ZINC PLANTER,1,32,120.08000000000001
81952V,ROUND PURPLE CLOCK WITH SUCKER,1,365,69.35
82581,TOILET METAL SIGN,1,3870,2148.7400000000002
81953P,ROUND ARTICULATED PINK CLOCK W/SUCK,1,28,5.32
90036B,"FLOWER GLASS GARLAND NECKL.36""GREEN",1,4,31.8
90028,NEW BAROQUE LARGE NECKLACE BLK/WHIT,1,16,134.16
90029,NEW BAROQUE SMALL NECKLACE BLACK,1,5,42.14
90030A,SPOTTED WHITE NATURAL SEED NECKLACE,1,72,72.0
90030B,RED KUKUI COCONUT SEED NECKLACE,1,122,190.73000000000002
90030C,BROWN KUKUI COCONUT SEED NECKLACE,1,77,91.7
90031,BILI NUT AND WOOD NECKLACE,1,50,59.89
90032,IVORY SHELL HEART NECKLACE,1,21,103.13
90033,IVORY SHELL HEART EARRINGS,1,10,25.07
90034,WHITE SILVER NECKLACE SHELL GLASS,1,2,20.17
90035A,"PEARL & SHELL 42""NECKL. GREEN",1,5,53.62
90035C,"PEARL & SHELL 42""NECKL. IVORY",1,2,21.5
90036A,FLOWER GARLAND NECKLACE RED,1,6,47.7
90036C,"FLOWER GLASS GARLAND NECKL.36""BLUE",1,9,71.4
90027C,GLASS BEAD HOOP EARRINGS GREEN,1,5,14.5
90036D,"FLOWER GLASS GARLAND NECKL.36""BLACK",1,12,95.35000000000001
90036E,"FLOWER GLASS GARLD NECKL36""AMETHYST",1,14,110.95
90036F,"FLOWER GLASS GARLD NECKL36""TURQUOIS",1,8,64.08
90037A,TINY CRYSTAL BRACELET RED,1,1,2.48
90037B,TINY CRYSTAL BRACELET GREEN,1,10,25.279999999999998
90037C,TINY CRYSTAL BRACELET BLUE,1,5,12.52
90038A,GLASS AND PAINTED BEADS BRACELET TO,1,15,56.15
90038B,GLASS AND PAINTED BEADS BRACELET OL,1,13,48.77
90038C,GLASS AND BEADS BRACELET IVORY,1,9,33.69
90039A,FIRE POLISHED GLASS BRACELET RED,1,8,29.96
90039B,FIRE POLISHED GLASS BRACELET MONTAN,1,11,41.31
90039C,FIRE POLISHED GLASS BRACELET BLACK,1,6,22.48
90027D,GLASS BEAD HOOP EARRINGS AMETHYST,1,9,28.4
90027B,GLASS BEAD HOOP EARRINGS MONTANA,1,3,8.76
90013D,PURPLE VINTAGE EARRINGS,1,6,25.17
90024B,NEW BAROQUE B'FLY NECKLACE RED,1,6,50.28
90016B,GOLD/M.O.P PENDANT ORBIT NECKLACE,1,22,184.66
90016C,SILVER/BLACK PENDANT ORBIT NECKLACE,1,3,24.96
90018A,SILVER M.O.P ORBIT DROP EARRINGS,1,46,193.33
90018B,GOLD M.O.P ORBIT DROP EARRINGS,1,22,92.28
90018C,SILVER BLACK ORBIT DROP EARRINGS,1,12,50.400000000000006
90019A,SILVER M.O.P ORBIT BRACELET,1,38,197.09
90019B,GOLD M.O.P ORBIT BRACELET,1,18,96.52000000000001
90019C,SILVER BLACK ORBIT BRACELET,1,13,68.73
90020,FILIGREE DIAMANTE CHAIN,1,1,12.48
90021,LASER CUT MULTI STRAND NECKLACE,1,1,11.95
90022,EDWARDIAN DROP EARRINGS JET BLACK,1,20,75.2
90023,FILIGREE DIAMANTE EARRINGS,1,13,55.02
90024C,NEW BAROQUE B'FLY NECKLACE GREEN,1,4,33.81
90027A,GLASS BEAD HOOP EARRINGS BLACK,1,6,17.66
90024D,NEW BAROQUE B'FLY NECKLACE PINK,1,2,16.82
90024E,NEW BAROQUE B'FLY NECKLACE MONTANA,1,2,16.810000000000002
90024F,NEW BAROQUE B'FLY NECKLACE CRYSTAL,1,5,42.13
90025A,BAROQUE BUTTERFLY EARRINGS BLACK,1,2,7.5
90025B,BAROQUE BUTTERFLY EARRINGS RED,1,1,3.73
90025D,BAROQUE BUTTERFLY EARRINGS PINK,1,3,11.19
90025E,BAROQUE BUTTERFLY EARRINGS MONTANA,1,1,3.73
90025F,BAROQUE BUTTERFLY EARRINGS CRYSTAL,1,4,14.96
90026A,GLASS BEAD HOOP NECKLACE BLACK,1,2,17.0
90026B,GLASS BEAD HOOP NECKLACE MONTANA,1,3,25.32
90026C,GLASS BEAD HOOP NECKLACE GREEN,1,4,33.82
90026D,GLASS BEAD HOOP NECKLACE AMETHYST,1,3,25.5
90039D,FIRE POLISHED GLASS BRACELET GREEN,1,21,78.69
90040A,MURANO STYLE GLASS BRACELET RED,1,14,54.290000000000006
90040B,MURANO STYLE GLASS BRACELET BLACK,1,18,66.7
90074,BLACK DIAMOND CLUSTER NECKLACE,1,4,37.239999999999995
90064A,WHITE VINTAGE CRYSTAL EARRINGS,1,10,38.7
90064B,BLACK VINTAGE  CRYSTAL EARRINGS,1,11,41.25
90065A,WHITE VINTAGE CRYSTAL BRACELET,1,7,47.25
90065B,BLACK VINT ART DEC CRYSTAL BRACELET,1,2,13.5
90067A,PINK VINTAGE VICTORIAN EARRINGS,1,14,41.150000000000006
90067B,BROWN VINTAGE VICTORIAN EARRINGS,1,2,5.8
90068,"RUBY GLASS NECKLACE 42""",1,1,7.5
90069,RUBY GLASS CLUSTER NECKLACE,1,2,15.0
90070,RUBY GLASS CLUSTER BRACELET,1,17,104.79
90071,RUBY GLASS CLUSTER EARRINGS,1,44,54.62
90072,RUBY DROP CHANDELIER EARRINGS,1,21,83.42
90073,VINTAGE ENAMEL & CRYSTAL EARRINGS,1,27,134.70000000000002
90075,MONTANA DIAMOND CLUSTER NECKLACE,1,4,37.66
90040C,MURANO STYLE GLASS BRACELET GOLD,1,15,54.42
90076,MONTANA DIAMOND CLUSTER EARRINGS,1,9,24.119999999999997
90077,BLACK DIAMOND CLUSTER EARRINGS,1,3,8.82
90078,PINK/WHITE GLASS DEMI CHOKER,1,2,15.0
90079,VINTAGE ENAMEL & CRYSTAL NECKLACE,1,10,49.760000000000005
90081A,LILY BROOCH AMETHYST COLOUR,1,15,74.25
90081B,LILY BROOCH WHITE/SILVER COLOUR,1,1,4.95
90081C,LILY BROOCH OLIVE COLOUR,1,20,99.60000000000001
90082A,DIAMANTE BOW BROOCH GREEN COLOUR,1,30,193.2
90082B,DIAMANTE BOW BROOCH RED COLOUR,1,25,158.75
90082D,DIAMANTE BOW BROOCH BLACK COLOUR,1,9,58.03
90083,CRYSTAL CZECH CROSS PHONE CHARM,1,25,23.47
90084,PINK CRYSTAL GUITAR PHONE CHARM,1,1,0.85
90063B,BLACK VINT ART DEC CRYSTAL NECKLACE,1,9,76.32
90063A,WHITE VINT ART DECO CRYSTAL NECKLAC,1,12,102.0
90062,CARNIVAL BRACELET,1,44,558.03
90060F,FIRE POLISHED GLASS NECKL GREEN,1,6,35.160000000000004
90041,PEARL AND CHERRY QUARTZ BRACLET,1,5,18.27
90042A,FRESHWATER PEARL BRACELET GOLD,1,3,7.6499999999999995
90042C,FRESHWATER PEARL BRACELET IVORY,1,5,12.7
90043,COPPER AND BRASS BAG CHARM,1,4,24.810000000000002
90046,WHITE WITH METAL BAG CHARM,1,3,14.850000000000001
90048,GREEN WITH METAL BAG CHARM,1,3,14.850000000000001
90049,IVORY GOLD METAL BAG CHARM,1,5,34.77
90050,CRACKED GLAZE NECKLACE IVORY,1,8,55.72
90051,CRACKED GLAZE NECKLACE RED,1,10,70.16
90052,CRACKED GLAZE NECKLACE BROWN,1,2,14.14
90053,CRACKED GLAZE EARRINGS IVORY,1,4,9.99
90054,CRACKED GLAZE EARRINGS RED,1,9,22.58
90055,CRACKED GLAZE EARRINGS BROWN,1,5,12.53
90056,CHUNKY CRACKED GLAZE NECKLACE IVORY,1,4,43.510000000000005
90057,DIAMANTE RING ASSORTED IN BOX.,1,1008,1311.3600000000001
90058A,CRYSTAL STUD EARRINGS CLEAR DISPLAY,1,324,123.12
90058B,CRYSTAL STUD EARRINGS ASSORTED COL,1,612,232.56
90059A,DIAMANTE HAIR GRIP PACK/2 CRYSTAL,1,39,64.63
90059B,DIAMANTE HAIR GRIP PACK/2 BLACK DIA,1,10,16.619999999999997
90059C,DIAMANTE HAIR GRIP PACK/2 MONTANA,1,9,14.889999999999999
90059D,DIAMANTE HAIR GRIP PACK/2 PERIDOT,1,19,31.549999999999997
90059E,DIAMANTE HAIR GRIP PACK/2 RUBY,1,19,31.47
90059F,DIAMANTE HAIR GRIP PACK/2 LT ROSE,1,15,24.79
90060B,FIRE POLISHED GLASS NECKL GOLD,1,1,5.95
90060D,FIRE POLISHED GLASS NECKL BRONZE,1,3,17.85
90016A,SILVER/M.O.P PENDANT ORBIT NECKLACE,1,17,105.71000000000001
90013C,GREEN VINTAGE EARRINGS,1,39,158.08
85130A,BEADED PEARL HEART WHITE LARGE,1,77,127.04999999999998
85177,BASKET OF FLOWERS SEWING KIT,1,812,644.2099999999999
85169B,BLACK LOVE BIRD CANDLE,1,329,356.06
85169C,EAU DE NIL LOVE BIRD CANDLE,1,429,452.86
85169D,PINK LOVE BIRD CANDLE,1,351,356.08
85170A,SET/6 IVORY BIRD T-LIGHT CANDLES,1,1,2.1
85170B,SET/6 BLACK BIRD T-LIGHT CANDLES,1,215,316.75
85170C,SET/6 EAU DE NIL BIRD T-LIGHTS,1,335,608.53
85170D,SET/6 PINK BIRD T-LIGHT CANDLES,1,451,796.99
85172,HYACINTH BULB T-LIGHT CANDLES,1,1234,536.08
85173,SET/6 FROG PRINCE T-LIGHT CANDLES,1,479,795.02
85174,S/4 CACTI CANDLES,1,613,2927.08
85175,CACTI T-LIGHT CANDLES,1,5225,2238.58
85176,SEWING SUSAN 21 NEEDLE SET,1,918,880.4699999999999
85178,VICTORIAN SEWING KIT,1,2374,2642.58
85168B,BLACK BAROQUE CARRIAGE CLOCK,1,51,432.78999999999996
85179A,GREEN BITTY LIGHT CHAIN,1,194,383.25
85179C,PINK BITTY LIGHT CHAIN,1,106,201.31
85180A,RED HEARTS LIGHT CHAIN,1,497,1014.76
85180B,PINK HEARTS LIGHT CHAIN,1,271,587.2
85183A,CHARLIE & LOLA WASTEPAPER BIN BLUE,1,667,852.04
85183B,CHARLIE & LOLA WASTEPAPER BIN FLORA,1,996,1323.37
85185D,FROG SOCK PUPPET,1,15,44.25000000000001
85186A,EASTER BUNNY GARLAND OF FLOWERS,1,567,273.64
85186C,BUNNY EGG GARLAND,1,528,269.17
85187,S/12 MINI RABBIT EASTER,1,337,556.53
85188A,GREEN METAL SWINGING BUNNY,1,319,278.16999999999996
85188B,PINK METAL SWINGING BUNNY,1,78,68.69999999999999
85169A,IVORY LOVE BIRD CANDLE,1,812,813.02
85167B,BLACK GRAND BAROQUE PHOTO FRAME,1,50,109.94
90013B,BLACK VINTAGE EARRINGS,1,36,149.41000000000003
85136A,YELLOW SHARK HELICOPTER,1,71,572.41
85130C,BEADED CRYSTAL HEART BLUE  LARGE,1,482,437.22
85130D,BEADED CRYSTAL HEART PINK LARGE,1,565,569.29
85131A,BEADED PEARL HEART WHITE ON STICK,1,996,901.48
85131B,BEADED CRYSTAL HEART GREEN ON STICK,1,623,521.11
85131C,BEADED CRYSTAL HEART BLUE ON STICK,1,193,178.85
85131D,BEADED CRYSTAL HEART PINK ON STICK,1,850,725.26
85132A,CHARLIE + LOLA BISCUITS TINS,1,553,1653.97
85132B,CHARLIE AND LOLA TABLE TINS,1,538,1230.78
85132C,CHARLIE AND LOLA FIGURES TINS,1,1522,3585.24
85135A,YELLOW DRAGONFLY HELICOPTER,1,19,151.05
85135B,BLUE DRAGONFLY HELICOPTER,1,65,524.5500000000001
85135C,RED DRAGONFLY HELICOPTER,1,106,856.38
85136B,BLUE SHARK HELICOPTER,1,2,15.9
85163B,BLACK BAROQUE WALL CLOCK,1,84,783.68
85136C,RED SHARK HELICOPTER,1,52,421.18
85141,JARDIN ETCHED GLASS FRUITBOWL,1,116,604.14
85145,JARDIN ETCHED GLASS LARGE BELL JAR,1,37,163.75
85146,JARDIN ETCHED GLASS SMALL BELL JAR,1,45,171.11
85150,LADIES & GENTLEMEN METAL SIGN,1,4037,9383.43
85152,HAND OVER THE CHOCOLATE   SIGN,1,8198,15847.61
85159A,"BLACK TEA,COFFEE,SUGAR JARS",1,429,736.55
85159B,"WHITE TEA,COFFEE,SUGAR JARS",1,619,1119.85
85160A,WHITE BIRD GARDEN DESIGN MUG,1,7,23.63
85160B,BLACK BIRD GARDEN DESIGN MUG,1,106,62.239999999999995
85161,ACRYLIC GEOMETRIC LAMP,1,35,568.65
85163A,WHITE BAROQUE WALL CLOCK,1,66,559.0
85189,HANGING BUTTERFLY  EGG,1,9,7.6499999999999995
85194L,HANGING SPRING FLOWER EGG LARGE,1,935,812.6899999999999
85194S,HANGING SPRING FLOWER EGG SMALL,1,1172,473.38000000000005
90003D,CRYSTAL PAIR HEART HAIR SLIDES,1,26,97.26
85232B,SET OF 3 BABUSHKA STACKING TINS,1,271,1341.45
85232D,SET/3 DECOUPAGE STACKING TINS,1,190,977.6700000000001
90000A,RASPBERRY ANT COPPER FLOWER NECKLAC,1,13,77.91
90000B,MIDNIGHT BLUE COPPER FLOWER NECKLAC,1,11,67.83
90000D,COPPER/OLIVE GREEN FLOWER NECKLACE,1,21,129.85
90001A,ANTIQUE RASPBERRY FLOWER EARRINGS,1,5,20.950000000000003
90001B,ANTIQUE MID BLUE FLOWER EARRINGS,1,5,21.15
90001C,ANTIQUE OPAL WHITE FLOWER EARRINGS,1,5,21.130000000000003
90001D,ANTIQUE OLIVE GREEN FLOWER EARRINGS,1,7,29.73
90002D,FLOWER BURST SILVER RING CRYSTAL,1,13,48.71
90003B,ROSE COLOUR PAIR HEART HAIR SLIDES,1,11,41.31
90003C,MIDNIGHT BLUE PAIR HEART HAIR SLIDE,1,28,104.84
90003E,GREEN PAIR HEART HAIR SLIDES,1,19,71.11
85195,HANGING HEART BASKET,1,11,23.1
90005A,JADE GREEN ENAMEL HAIR COMB,1,14,28.02
90010A,MIDNIGHT BLUE GLASS/SILVER BRACELET,1,18,167.3
90010B,BLACK/WHITE GLASS/SILVER BRACELET,1,11,100.08999999999999
90010E,AMBER GLASS/SILVER BRACELET,1,25,227.89
90011A,MIDNIGHT BLUE CRYSTAL DROP EARRINGS,1,6,17.509999999999998
90011B,BLACK CRYSTAL DROP EARRINGS,1,12,35.27
90011C,GREEN CRYSTAL DROP EARRINGS,1,2,5.8
90011D,PURPLE CRYSTAL DROP EARRINGS,1,3,8.76
90011E,AMBER CRYSTAL DROP EARRINGS,1,3,8.76
90012A,MIDNIGHT BLUE DROP CRYSTAL NECKLACE,1,11,53.760000000000005
90012B,BLACK DROP CRYSTAL NECKLACE,1,13,45.35000000000001
90013A,MIDNIGHT BLUE VINTAGE EARRINGS,1,44,165.32
85232A,SET/3 POLKADOT STACKING TINS,1,75,374.7
85231G,ORANGE SCENTED SET/9 T-LIGHTS,1,600,511.04999999999995
85231B,CINAMMON SET OF 9 T-LIGHTS,1,871,782.5
85230G,ORANGE VOTIVE CANDLE,1,984,243.11999999999998
85197,SET OF 12 MINI BUNNIES IN A BUCKET,1,34,71.4
85198,ASSORTED FARMYARD ANIMALS IN BUCKET,1,90,74.58
85199L,LARGE HANGING IVORY & RED WOOD BIRD,1,965,655.6300000000001
85199S,SMALL HANGING IVORY/RED WOOD BIRD,1,2636,1292.23
85200,BUNNY EGG BOX,1,183,228.75
85202,HANGING WOOD AND FELT HEART,1,672,313.13
85203,HANGING WOOD AND FELT BUTTERFLY,1,895,408.99
85204,HANGING WOOD AND FELT FLOWER,1,2050,325.35999999999996
85205B,PINK FELT EASTER RABBIT GARLAND,1,122,323.15
85206A,CREAM FELT EASTER EGG BASKET,1,974,1568.9299999999998
85206B,PINK FELT EASTER EGG BASKET,1,14,23.099999999999998
85208,SET/12 FUNKY FELT FLOWER PEG IN BAG,1,223,416.91
85211,S/4 GROOVY CAT MAGNETS,1,149,175.16
85212,MINI PAINTED GARDEN DECORATION,1,2451,740.15
85213,MINI  ZINC GARDEN DECORATIONS,1,828,329.7
85214,TUB 24 PINK FLOWER PEGS,1,164,271.03999999999996
85215,ASSORTED CHEESE FRIDGE MAGNETS,1,223,180.71
85216,ASSORTED CAKES FRIDGE MAGNETS,1,55,35.75
85224,ASSORTED COLOUR SILK GLASSES CASE,1,3,6.300000000000001
85225,BLING KEY RING STAND,1,6,6.25
85227,SET OF 6 3D KIT CARDS FOR KIDS,1,1477,1359.3999999999999
85230A,OPIUM SCENTED VOTIVE CANDLE,1,840,203.27999999999997
85230B,CINNAMON SCENTED VOTIVE CANDLE,1,1288,333.2
85230E,STRAWBRY SCENTED VOTIVE CANDLE,1,1101,267.45
85230F,JASMINE VOTIVE CANDLE,1,338,90.33999999999999
90085,CRYSTAL STILETTO PHONE CHARM,1,34,36.76
90086,CRYSTAL FROG PHONE CHARM,1,102,77.78999999999999
90087,CRYSTAL SEA HORSE PHONE CHARM,1,107,61.459999999999994
90192,JADE DROP EARRINGS W FILIGREE,1,42,209.10000000000002
90185C,BLACK DIAMANTE EXPANDABLE RING,1,20,84.59
90185D,CRYSTAL DIAMANTE EXPANDABLE RING,1,35,148.63
90186A,AMETHYST HOOP EARRING FLORAL LEAF,1,11,32.16
90186B,CRYSTAL HOOP EARRING FLORAL LEAF,1,22,64.58
90187A,BLUE DROP EARRINGS W BEAD CLUSTER,1,1,3.32
90187B,GREEN DROP EARRINGS W BEAD CLUSTER,1,12,40.03
90188,DROP EARRINGS W FLOWER & LEAF,1,9,22.58
90189A,SILVER 2 STRAND NECKLACE-LEAF CHARM,1,2,15.0
90190A,SILVER/CRYSTAL DROP EARRINGS W LEAF,1,16,46.76
90190B,GOLD/AMBER DROP EARRINGS W LEAF,1,13,38.18
90190C,SILVER/AMETHYST DROP EARRINGS LEAF,1,20,58.43
90191,SILVER LARIAT 40CM,1,26,163.82
90194,SILVER LARIAT BLACK STONE EARRINGS,1,16,67.87
90185A,AMBER DIAMANTE EXPANDABLE RING,1,25,105.53
90195A,PURPLE GEMSTONE BRACELET,1,19,122.84
90195B,BLACK GEMSTONE BRACELET,1,4,29.98
90196A,PURPLE GEMSTONE NECKLACE 45CM,1,8,102.0
90196B,BLACK GEMSTONE NECKLACE 45CM,1,5,63.480000000000004
90197B,BLACK GLASS BRACELET W HEART CHARMS,1,35,174.73000000000002
90198A,VINTAGE ROSE BEAD BRACELET RASPBERR,1,75,315.73
90198B,VINTAGE ROSE BEAD BRACELET BLACK,1,36,152.4
90199A,5 STRAND GLASS NECKLACE BLACK,1,11,69.63
90199B,5 STRAND GLASS NECKLACE AMETHYST,1,9,56.59
90199C,5 STRAND GLASS NECKLACE CRYSTAL,1,18,113.94
90199D,5 STRAND GLASS NECKLACE AMBER,1,6,37.620000000000005
90200A,PURPLE SWEETHEART BRACELET,1,78,328.44
90185B,AMETHYST DIAMANTE EXPANDABLE RING,1,17,71.52000000000001
90184C,BLACK CHUNKY BEAD BRACELET W STRAP,1,22,199.67
90089,PINK CRYSTAL SKULL PHONE CHARM,1,20,13.94
90179B,PURPLE FINE BEAD NECKLACE W TASSEL,1,3,17.59
90176B,DIAMANTE NECKLACE BLACK,1,4,30.12
90176C,DIAMANTE NECKLACE,1,3,23.32
90176D,DIAMANTE NECKLACE PURPLE,1,7,52.5
90176E,DIAMANTE NECKLACE GREEN,1,4,29.98
90177A,CLASSIC DIAMANTE EARRINGS JET,1,8,23.2
90177B,DROP DIAMANTE EARRINGS BLACK DIAMON,1,14,41.010000000000005
90177C,DROP DIAMANTE EARRINGS CRYSTAL,1,20,58.53
90177D,DROP DIAMANTE EARRINGS PURPLE,1,19,55.83
90177E,DROP DIAMANTE EARRINGS GREEN,1,8,23.38
90178A,AMBER CHUNKY GLASS+BEAD NECKLACE,1,8,95.25
90178B,PURPLE CHUNKY GLASS+BEAD NECKLACE,1,1,11.95
90179A,AMBER FINE BEAD NECKLACE W TASSEL,1,6,35.31
90179C,BLACK FINE BEAD NECKLACE W TASSEL,1,6,35.44
90184B,AMETHYST CHUNKY BEAD BRACELET W STR,1,33,297.94
90180A,BLACK+WHITE NECKLACE W TASSEL,1,17,127.24
90180B,PURPLE AMETHYST NECKLACE W TASSEL,1,5,49.81
90181A,AMBER GLASS/SHELL/PEARL NECKLACE,1,7,64.04
90181B,AMETHYST GLASS/SHELL/PEARL NECKLACE,1,15,137.63
90181C,BLACK GLASS/SHELL/PEARL NECKLACE,1,1,9.15
90182A,AMBER 3 BEAD DROP EARRINGS,1,8,23.2
90182B,AMETHYST 3 BEAD DROP EARRINGS,1,5,14.5
90182C,BLACK 3 BEAD DROP EARRINGS,1,8,23.259999999999998
90183A,AMBER DROP EARRINGS W LONG BEADS,1,34,99.54
90183B,AMETHYST DROP EARRINGS W LONG BEADS,1,21,61.08
90183C,BLACK DROP EARRINGS W LONG BEADS,1,10,29.05
90184A,AMBER CHUNKY BEAD BRACELET W STRAP,1,13,117.73
90200B,BLACK SWEETHEART BRACELET,1,92,388.58
90200C,BLUE SWEETHEART BRACELET,1,50,211.43
90200D,PINK SWEETHEART BRACELET,1,175,725.32
90214R,"LETTER ""R"" BLING KEY RING",1,41,28.009999999999998
90214E,"LETTER ""E"" BLING KEY RING",1,72,53.199999999999996
90214F,"LETTER ""F"" BLING KEY RING",1,27,15.429999999999998
90214G,"LETTER ""G"" BLING KEY RING",1,60,40.199999999999996
90214H,"LETTER ""H"" BLING KEY RING",1,48,36.76
90214I,"LETTER ""I"" BLING KEY RING",1,38,29.619999999999997
90214J,"LETTER ""J"" BLING KEY RING",1,71,57.21
90214K,"LETTER ""K"" BLING KEY RING",1,78,60.699999999999996
90214L,"LETTER ""L"" BLING KEY RING",1,94,65.03999999999999
90214M,"LETTER ""M"" BLING KEY RING",1,60,49.82
90214N,"LETTER ""N"" BLING KEY RING",1,41,29.23
90214O,"LETTER ""O"" BLING KEY RING",1,16,6.819999999999999
90214P,"LETTER ""P"" BLING KEY RING",1,39,20.229999999999997
90214S,"LETTER ""S"" BLING KEY RING",1,94,71.0
90200E,GREEN SWEETHEART BRACELET,1,103,423.41
90214T,"LETTER ""T"" BLING KEY RING",1,24,13.459999999999999
90214U,"LETTER ""U"" BLING KEY RING",1,12,3.4799999999999995
90214V,"LETTER ""V"" BLING KEY RING",1,26,15.979999999999999
90214W,"LETTER ""W"" BLING KEY RING",1,16,6.819999999999999
90214Y,"LETTER ""Y"" BLING KEY RING",1,66,22.839999999999996
90214Z,"LETTER ""Z"" BLING KEY RING",1,22,11.84
DCGS0003,BOXED GLASS ASHTRAY,1,4,9.94
DCGS0004,HAYNES CAMPER SHOULDER BAG,1,1,16.63
DCGS0069,OOH LA LA DOGS COLLAR,1,1,15.79
DCGS0070,CAMOUFLAGE DOG COLLAR,1,1,12.72
DCGS0076,SUNJAR LED NIGHT NIGHT LIGHT,1,3,48.39
DCGSSBOY,BOYS PARTY BAG,1,47,150.54999999999998
90214D,"LETTER ""D"" BLING KEY RING",1,68,49.9
90214C,"LETTER ""C"" BLING KEY RING",1,91,72.77
90214B,"LETTER ""B"" BLING KEY RING",1,37,24.77
90214A,"LETTER ""A"" BLING KEY RING",1,130,111.66
90201A,PURPLE ENAMEL FLOWER RING,1,69,202.51000000000002
90201B,BLACK ENAMEL FLOWER RING,1,80,235.20000000000002
90201C,RED ENAMEL FLOWER RING,1,57,167.72000000000003
90201D,GREEN ENAMEL FLOWER RING,1,77,225.84
90202A,PURPLE ENAMEL FLOWER HAIR TIE,1,16,46.58
90202B,WHITE ENAMEL FLOWER HAIR TIE,1,11,31.95
90202C,GREEN ENAMEL FLOWER HAIR TIE,1,14,41.01
90202D,PINK ENAMEL FLOWER HAIR TIE,1,16,46.760000000000005
90204,PAIR OF ENAMEL BUTTERFLY HAIRCLIP,1,25,83.46
90205A,LARGE MINT DIAMANTE HAIRSLIDE,1,31,51.51
90205C,LARGE CRYSTAL DIAMANTE HAIRSLIDE,1,29,48.209999999999994
90206A,GOLD DIAMANTE STAR BROOCH,1,12,59.800000000000004
90206C,CRYSTAL DIAMANTE STAR BROOCH,1,45,224.73000000000002
90208,PAIR OF PINK FLOWER CLUSTER SLIDE,1,47,117.39999999999999
90209A,PURPLE ENAMEL+GLASS HAIR COMB,1,78,151.2
90209B,GREEN ENAMEL+GLASS HAIR COMB,1,184,355.64
90209C,PINK ENAMEL+GLASS HAIR COMB,1,260,474.2
90210A,GREY ACRYLIC FACETED BANGLE,1,34,57.55
90210B,CLEAR ACRYLIC FACETED BANGLE,1,41,61.56
90210C,RED   ACRYLIC FACETED BANGLE,1,99,130.51000000000002
90210D,PURPLE ACRYLIC FACETED BANGLE,1,107,132.05
90211A,DIAMOND LAS VEGAS NECKLACE 45CM,1,12,70.97
90211B,JET BLACK LAS VEGAS NECKLACE 45CM,1,7,41.36
90212B,JET BLACK LAS VEGAS BRACELET ROUND,1,10,37.62
90212C,PURPLE LAS VEGAS BRACELET ROUND,1,7,26.25
90176A,CLASSIC DIAMANTE NECKLACE JET,1,3,22.48
90175D,TIGRIS EYE CHUNKY CHARM BRACELET,1,23,210.04
90175C,BLUE GLASS CHUNKY CHARM BRACELET,1,9,80.55
90128B,BLUE LEAVES AND BEADS PHONE CHARM,1,2,3.76
90124A,PINK MURANO TWIST NECKLACE,1,8,79.66
90124B,BLUE MURANO TWIST NECKLACE,1,12,119.89
90124C,GREEN MURANO TWIST NECKLACE,1,11,109.53999999999999
90125A,PINK BERTIE GLASS BEAD BAG CHARM,1,115,106.24
90125B,AQUA BERTIE GLASS BEAD BAG CHARM,1,30,48.06
90125C,TURQUOISE BERTIE GLASS BEAD CHARM,1,77,69.85
90125D,PURPLE BERTIE GLASS BEAD BAG CHARM,1,95,110.03
90125E,AMBER BERTIE GLASS BEAD BAG CHARM,1,11,21.05
90126A,PINK BERTIE MOBILE PHONE CHARM,1,1,3.36
90126C,AMBER BERTIE MOBILE PHONE CHARM,1,2,6.58
90127A,PINK BEADS+HAND PHONE CHARM,1,2,4.92
90128A,PINK LEAVES AND BEADS PHONE CHARM,1,3,7.43
90128C,GREEN LEAVES AND BEADS PHONE CHARM,1,2,4.97
90133,TEAL/FUSCHIA COL BEAD NECKLACE,1,19,94.43
90128D,PURPLE LEAVES AND BEADS PHONE CHAR,1,2,4.97
90129A,PINK GLASS TASSLE BAG CHARM,1,45,82.97999999999999
90129B,TURQUOISE GLASS TASSLE BAG CHARM,1,57,121.38000000000001
90129C,GREEN GLASS TASSLE BAG CHARM,1,35,79.76
90129D,AMBER GLASS TASSLE BAG CHARM,1,14,33.440000000000005
90129E,PURPLE GLASS TASSLE BAG CHARM,1,42,77.03999999999999
90129F,RED GLASS TASSLE BAG CHARM,1,40,88.03
90130A,WHITE STONE/CRYSTAL EARRINGS,1,6,17.5
90130B,TURQ STONE/CRYSTAL EARRINGS,1,39,113.97
90130C,GREEN STONE/CRYSTAL EARRINGS,1,14,40.95
90130D,RED STONE/CRYSTAL EARRINGS,1,3,8.7
90131,PINK/AMETHYST/GOLD NECKLACE,1,5,34.870000000000005
90123D,WHITE HEART OF GLASS BRACELET,1,6,35.31
90123C,GREEN HEART OF GLASS BRACELET,1,14,83.29
90123B,TURQUOISE HEART OF GLASS BRACELET,1,9,53.42
90123A,PINK HEART OF GLASS BRACELET,1,15,89.12
90092,BLUE CRYSTAL BOOT PHONE CHARM,1,1,1.66
90093,CLEAR CRYSTAL STAR PHONE CHARM,1,52,28.569999999999997
90094,NECKLACE+BRACELET SET FRUIT SALAD,1,14,35.699999999999996
90096,NECKLACE+BRACELET SET BLUE BLOSSOM,1,45,112.21
90098,NECKLACE+BRACELET PINK BUTTERFLY,1,23,58.64999999999999
90099,NECKLACE+BRACELET SET BLUE HIBISCUS,1,27,76.38
90100,NECKLACE+BRACELET SET PINK DAISY,1,1,2.55
90101,WHITE FRANGIPANI NECKLACE,1,33,82.77
90102,WHITE FRANGIPANI HAIR CLIP,1,10,8.5
90103,PURPLE FRANGIPANI NECKLACE,1,29,72.66
90104,PURPLE FRANGIPANI HAIRCLIP,1,28,23.16
90108,BLUE BLOSSOM HAIR CLIP,1,70,81.96000000000001
90112,PINK DOLLY HAIR CLIPS,1,2,2.1
90114,SUMMER DAISIES BAG CHARM,1,167,417.96
90115,SUMMER BUTTERFLIES BAG CHARM,1,54,134.53
90116,FRUIT SALAD BAG CHARM,1,64,145.52
90118,PINK DAISY BAG CHARM,1,24,59.339999999999996
90119,METALIC LEAVES BAG CHARMS,1,83,205.06
90120A,PINK MURANO TWIST BRACELET,1,7,29.73
90120B,BLUE MURANO TWIST BRACELET,1,39,164.12
90120C,GREEN MURANO TWIST BRACELET,1,51,215.20000000000002
90120D,WHITE MURANO TWIST BRACELET,1,10,41.790000000000006
90122A,PINK CRYSTAL+GLASS BRACELET,1,21,104.53
90122B,JADE CRYSTAL+GLASS BRACELET,1,6,29.93
90122C,TURQUOISE CRYSTAL+GLASS BRACELET,1,24,119.23
90132,LIGHT TOPAZ TEAL/AQUA COL NECKLACE,1,3,15.16
90134,OLD ROSE COMBO BEAD NECKLACE,1,54,157.5
90175B,PINK GLASS CHUNKY CHARM BRACELET,1,10,91.68
90163A,PINK ROSEBUD & PEARL NECKLACE,1,12,90.32
90160A,PURPLE BOUDICCA LARGE BRACELET,1,38,264.94
90160B,RED BOUDICCA LARGE BRACELET,1,30,209.73000000000002
90160C,TURQ+RED BOUDICCA LARGE BRACELET,1,54,377.04
90160D,PINK BOUDICCA LARGE BRACELET,1,38,264.7
90161A,ANT COPPER RED BOUDICCA BRACELET,1,24,119.91000000000001
90161B,ANT COPPER TURQ BOUDICCA BRACELET,1,76,377.88
90161C,ANT COPPER LIME BOUDICCA BRACELET,1,83,412.74
90161D,ANT COPPER PINK BOUDICCA BRACELET,1,64,318.89000000000004
90162A,ANT SILVER TURQUOISE BOUDICCA RING,1,6,17.700000000000003
90162B,ANT SILVER LIME GREEN BOUDICCA RING,1,26,76.70000000000002
90162C,ANT SILVER FUSCHIA BOUDICCA RING,1,14,41.300000000000004
90162D,ANT SILVER PURPLE BOUDICCA RING,1,10,29.500000000000004
90163B,WHITE ROSEBUD & PEARL NECKLACE,1,7,52.72
90135,ORANGE/WHT/FUSCHIA STONES NECKLACE,1,8,39.660000000000004
90164A,PINK ROSEBUD PEARL BRACELET,1,27,130.67
90164B,WHITE  ROSEBUD PEARL BRACELET,1,38,140.98
90165A,PINK ROSEBUD PEARL EARRINGS,1,16,39.98
90165B,WHITE ROSEBUD  PEARL EARRINGS,1,19,47.43
90166,PINK & WHITE ROSEBUD RING,1,21,88.04
90167,BEADED LOVE HEART JEWELLERY SET,1,10,8.5
90168,2 DAISIES HAIR COMB,1,12,34.86
90169,DAISY HAIR COMB,1,13,32.54
90170,DAISY HAIR BAND,1,73,120.52999999999999
90173,PAIR BUTTERFLY HAIR CLIPS,1,32,120.34
90174,BUTTERFLY HAIR BAND,1,26,64.82
90175A,WHITE GLASS CHUNKY CHARM BRACELET,1,27,245.63
90159,COTE D'AZURE NECKLACE,1,6,29.790000000000003
90158,ST TROPEZ NECKLACE,1,45,224.12
90157,RIVIERA NECKLACE,1,10,49.59
90156,RESIN BRACELET W PASTEL BEADS,1,4,19.8
90135A,ORANGE/FUSCHIA STONES NECKLACE,1,1,4.98
90136,PALE PINK/AMETHYST STONE NECKLACE,1,3,29.849999999999998
90137,PINK COMBO MINI CRYSTALS NECKLACE,1,3,16.310000000000002
90138,WHITE/PINK MINI CRYSTALS NECKLACE,1,10,52.42
90140,PINK SWEETIE NECKLACE,1,2,15.120000000000001
90141A,GREEN PENDANT TRIPLE SHELL NECKLACE,1,12,63.11
90141B,IVORY PENDANT TRIPLE SHELL NECKLACE,1,9,44.86
90141C,TURQ PENDANT TRIPLE SHELL NECKLACE,1,10,52.31
90141D,ROSE PENDANT TRIPLE SHELL NECKLACE,1,4,20.36
90141E,ORANGE PENDANT TRIPLE SHELL NECKLAC,1,5,24.75
90142A,GREEN PENDANT SHELL NECKLACE,1,1,5.09
90142D,MOP PENDANT SHELL NECKLACE,1,10,49.64
90143,SILVER BRACELET W PASTEL FLOWER,1,31,237.18
90144,SILVER DROP EARRINGS WITH FLOWER,1,18,67.36
90145,SILVER HOOP EARRINGS WITH FLOWER,1,28,168.0
90146,FINE SILVER NECKLACE W PASTEL FLOWE,1,17,95.35000000000001
90147,CHUNKY SILVER NECKLACE PASTEL FLOWE,1,30,304.11
90148,LONG SILVER NECKLACE PASTEL FLOWER,1,7,88.98
90149,SILVER FLOWR PINK SHELL NECKLACE,1,53,342.76000000000005
90151,SILVER/NATURAL SHELL NECKLACE,1,8,68.0
90152A,SILVER/NAT SHELL NECKLACE W PENDANT,1,5,28.76
90152B,BLUE/GREEN SHELL NECKLACE W PENDANT,1,2,11.46
90152C,BLUE/NAT SHELL NECKLACE W PENDANT,1,1,5.95
90154,LAZER CUT NECKLACE W PASTEL BEADS,1,57,421.75
90155,RESIN NECKLACE W PASTEL BEADS,1,9,67.62
85130B,BEADED CRYSTAL HEART GREEN LARGE,1,834,760.4300000000001
85129D,BEADED CRYSTAL HEART PINK SMALL,1,207,342.74
82011A,"BATHROOM SCALES, TROPICAL BEACH",1,18,67.5
84625C,BLUE NEW BAROQUE CANDLESTICK CANDLE,1,449,536.41
84597B,RETRO BROWN BALL ASHTRAY,1,41,51.25
84597C,RETRO PINK BALL ASHTRAY,1,46,57.5
84598,BOYS ALPHABET IRON ON PATCHES,1,1687,485.56
84600,NEW BAROQUE JEWELLERY BOX,1,53,446.89
84609,TALL ROCOCO CANDLE HOLDER,1,93,770.59
84613A,PINK NEW BAROQUE FLOCK CANDLESTICK,1,6,27.900000000000002
84613C,BLUE NEW BAROQUE FLOCK CANDLESTICK,1,1,4.65
84614A,PINK BAROQUE FLOCK CANDLE HOLDER,1,2,11.9
84616,SILVER ROCCOCO CHANDELIER,1,12,444.42
84617,NEW BAROQUE BLACK BOXES,1,3,38.25
84620,BLUE GINGHAM ROSE CUSHION COVER,1,2,11.9
84625A,PINK NEW BAROQUECANDLESTICK CANDLE,1,478,605.48
84629,WHITE 3 FRAME BIRDS AND TREE,1,19,145.05
84596J,MIXED NUTS LIGHT GREEN BOWL,1,568,296.45
84631,FRUIT TREE AND BIRDS WALL PLAQUE,1,38,324.68
84632,DECORATIVE HANGING SHELVING UNIT,1,5,299.75
84637,KITCHEN FLOWER POTS WALL PLAQUE,1,116,619.59
84638,SMALL KITCHEN FLOWER POTS PLAQUE,1,50,331.5
84658,WHITE STITCHED CUSHION COVER,1,57,412.23
84659A,WHITE TRAVEL ALARM CLOCK,1,280,676.27
84660A,WHITE STITCHED WALL CLOCK,1,847,813.29
84660B,BLACK STITCHED WALL CLOCK,1,709,748.36
84660C,PINK STITCHED WALL CLOCK,1,679,828.24
84661A,WHITE SQUARE TABLE CLOCK,1,105,172.75
84661B,BLACK SQUARE TABLE CLOCK,1,116,305.2
84661C,PINK SQUARE TABLE CLOCK,1,71,104.84
84596L,BISCUITS SMALL BOWL LIGHT BLUE,1,1255,631.8399999999999
84596G,SMALL CHOCOLATES PINK BOWL,1,1858,956.4599999999999
84536A,ENGLISH ROSE NOTEBOOK A7 SIZE,1,3120,1407.52
84569A,PACK 3 IRON ON DOG PATCHES,1,294,355.84
84539,KNITTED RABBIT DOLL,1,26,42.9
84548,CROCHET BEAR RED/BLUE  KEYRING,1,22,36.3
84549,CROCHET WHITE RABBIT KEYRING,1,38,69.38
84550,CROCHET LILAC/RED BEAR KEYRING,1,1,1.65
84551,CROCHET DOG KEYRING,1,13,21.449999999999996
84558A,3D DOG PICTURE PLAYING CARDS,1,338,1016.72
84559A,3D SHEET OF DOG STICKERS,1,426,423.99
84559B,3D SHEET OF CAT STICKERS,1,260,255.61999999999998
84562A,PINK/WHITE RIBBED MELAMINE JUG,1,3,23.85
84563A,PINK & WHITE BREAKFAST TRAY,1,96,369.84000000000003
84563B,BLUE & WHITE BREAKFAST TRAY,1,94,346.3
84568,GIRLS ALPHABET IRON ON PATCHES,1,12442,2678.33
84569B,PACK 3 FIRE ENGINE/CAR PATCHES,1,85,118.4
84596F,SMALL MARSHMALLOWS PINK BOWL,1,3732,1976.26
84569C,PACK 4 FLOWER/BUTTERFLY PATCHES,1,1,1.25
84569D,PACK 6 HEART/ICE-CREAM PATCHES,1,467,560.62
84575A,PINK DOG CANNISTER,1,14,39.3
84576,BLUE CAT BISCUIT BARREL PINK HEART,1,66,148.32
84580,MOUSE TOY WITH PINK T-SHIRT,1,389,1482.43
84581,DOG TOY WITH PINK CROCHET SKIRT,1,187,709.71
84584,PINK GINGHAM CAT WITH SCARF,1,144,314.51
84592,CROCHET ROSE PURSE WITH SUEDE BACK,1,76,241.24000000000004
84593,CROCHET ROSE DES CLOTHES HANGER,1,5,14.750000000000002
84595E,LARGE TORTILLA DESIGN RED BOWL,1,78,154.67999999999998
84596B,SMALL DOLLY MIX DESIGN ORANGE BOWL,1,5014,2558.27
84596E,SMALL LICORICE DES PINK BOWL,1,574,436.78
84663A,GRASS HOPPER WOODEN WALL CLOCK,1,272,374.12
84665,SQUARE CHERRY BLOSSOM CABINET,1,89,529.5500000000001
84666,SQUARE CHERRY BLOSSOM CABINET,1,24,94.80000000000001
84763,ZINC FINISH 15CM PLANTER POTS,1,601,748.34
84741C,CITRUS GARLAND FELT FLOWERS,1,60,117.0
84743C,ORANGE FELT VASE + FLOWERS,1,1,1.25
84744,S/6 SEW ON CROCHET FLOWERS,1,110,140.02
84745A,PINK HANGING GINGHAM EASTER HEN,1,32,13.44
84745B,BLUE HANGING GINGHAM EASTER HEN,1,32,13.44
84746,PINK EASTER HENS+FLOWER,1,14,38.31
84748,FOLK FELT HANGING MULTICOL GARLAND,1,204,570.86
84750B,BLACK SMALL GLASS CAKE STAND,1,61,54.99
84751B,BLACK MEDIUM GLASS CAKE STAND,1,17,37.11
84754,S/15 SILVER GLASS BAUBLES IN BAG,1,414,572.88
84755,COLOUR GLASS T-LIGHT HOLDER HANGING,1,16368,10465.6
84760S,SMALL HANGING GLASS+ZINC LANTERN,1,43,62.349999999999994
84766,SILVER ROCOCO CANDLE STICK,1,132,305.4
84673A,PINK FLY SWAT,1,92,63.720000000000006
84773,RED ROSE AND LACE C/COVER,1,3,8.850000000000001
84789,ENCHANTED BIRD PLANT CAGE,1,186,640.72
84792,ENCHANTED BIRD COATHANGER 5 HOOK,1,833,3974.32
84795B,SUNSET CHECK HAMMOCK,1,192,1657.42
84795C,OCEAN STRIPE HAMMOCK,1,2,15.9
84796A,PINK HAWAIIAN PICNIC HAMPER FOR 2,1,78,709.2399999999999
84796B,BLUE SAVANNAH PICNIC HAMPER FOR 2,1,256,2393.5899999999997
84798A,PINK FOXGLOVE ARTIIFCIAL FLOWER,1,23,58.64999999999999
84798B,PURPLE FOXGLOVE ARTIIFCIAL FLOWER,1,11,28.049999999999997
84799,SPRIG LAVENDER ARTIFICIAL FLOWER,1,176,140.32
84800L,LARGE WHITE/PINK ROSE ART FLOWER,1,336,598.8000000000001
84800M,MEDIUM WHITE/PINK ROSE ART FLOWER,1,127,174.31
84732D,CUTE RABBIT CEATURE SCREEN,1,11,4.29
84732B,CUTE BIRD CEATURE SCREEN,1,22,8.58
84731,3 BIRDS CANVAS SCREEN,1,2,2.04
84725,FREESTYLE CANVAS ART PICTURE,1,41,39.65
84673B,BLUE FLY SWAT,1,179,156.63
84674,FLYING PIG WATERING CAN,1,189,455.15000000000003
84675,FROG KING WATERING CAN,1,9,26.55
84678,CLASSICAL ROSE SMALL VASE,1,142,247.04
84679,CLASSICAL ROSE TABLE LAMP,1,6,55.7
84683,CLASSICAL ROSE CANDLESTAND,1,194,162.20000000000002
84685,BEACH HUT KEY CABINET,1,33,173.58
84686,BEACH HUT MIRROR,1,49,66.39
84687,BEACH HUT SHELF W 3 DRAWERS,1,79,492.53000000000003
84688,BEACH HUT DESIGN BLACKBOARD,1,40,198.82
84689,S/2 BEACH HUT TREASURE CHESTS,1,3,9.95
84691,PACK 20 DOLLY PEGS,1,242,174.5
84692,BOX OF 24 COCKTAIL PARASOLS,1,7903,4327.38
84705C,PINK FLOCK PHOTO FRAME,1,12,15.0
84706D,CHERRY BLOSSOM TABLE CLOCK,1,8,29.599999999999998
84706F,RED PEONY TABLE CLOCK,1,16,47.2
84707A,SILVER JEWELLED MIRROR TRINKET TRAY,1,95,695.23
84707B,PINK JEWELLED MIRROR TRINKET TRAY,1,34,210.54999999999998
84708B,PINK JEWELLED PHOTO FRAME,1,62,326.35
84709B,PINK OVAL JEWELLED MIRROR,1,20,119.0
84711A,SILVER OVAL SHAPE TRINKET BOX,1,25,221.79999999999998
84711B,PINK OVAL SHAPE TRINKET BOX,1,20,186.64
84712B,PINK JEWELLED PHOTO FRAME,1,30,231.56
84715,SET OF 6 ICE CREAM SKITTLES,1,16,47.2
84723,CHERRY BLOSSOM CANVAS ART PICTURE,1,41,97.95
84536B,FAIRY CAKES NOTEBOOK A7 SIZE,1,2059,872.03
84535B,FAIRY CAKES NOTEBOOK A6 SIZE,1,1332,850.2
85129C,BEADED CRYSTAL HEART BLUE SMALL,1,80,107.31
84199,GLOW IN DARK DOLPHINS,1,138,28.98
84031A,CHARLIE+LOLA RED HOT WATER BOTTLE,1,431,1976.54
84031B,CHARLIE LOLA BLUE HOT WATER BOTTLE,1,304,1452.3500000000001
84032A,CHARLIE+LOLA PINK HOT WATER BOTTLE,1,979,3314.1800000000003
84032B,CHARLIE + LOLA RED HOT WATER BOTTLE,1,912,2350.79
84033,FLAG OF ST GEORGE,1,23,37.95
84050,PINK HEART SHAPE EGG FRYING PAN,1,3217,4733.73
84051,ASS COLOUR GLOWING TIARAS,1,281,215.21
84077,WORLD WAR 2 GLIDERS ASSTD DESIGNS,1,54711,13744.409999999998
84078A,SET/4 WHITE RETRO STORAGE CUBES,1,386,15324.75
84086B,YELLOW/BLUE RETRO RADIO,1,16,47.2
84086C,PINK/PURPLE RETRO RADIO,1,218,622.27
84192,ASSORTED COLOUR METAL CAT,1,111,138.75
84201B,HAPPY BIRTHDAY CARD STRIPEY TEDDY,1,13,2.47
84029G,KNITTED UNION FLAG HOT WATER BOTTLE,1,3311,16114.04
84201C,HAPPY BIRTHDAY CARD TEDDY/CAKE,1,5,0.95
84206A,3 BLACK CATS W HEARTS BLANK CARD,1,24,4.5600000000000005
84206B,CAT WITH SUNGLASSES BLANK CARD,1,5,0.95
84206C,CHAMPAGNE TRAY BLANK CARD,1,8,1.52
84212,"ASSORTED FLOWER COLOUR ""LEIS""",1,10315,4934.87
84218,BOX/12 CHICK & EGG IN BASKET,1,123,223.10999999999999
84226,HEN HOUSE W FAMILY IN BARN & NEST,1,51,36.21
84227,HEN HOUSE W CHICK IN NEST,1,1,0.42
84231,EASTER BUNNY WITH BASKET ON BACK,1,108,72.63
84247G,"DECOUPAGE,GREETING CARD,",1,357,158.63
84247K,"FOLK ART GREETING CARD,PACK/12",1,22,64.9
84247L,FAWN AND MUSHROOM GREETING CARD,1,128,62.06
84030E,ENGLISH ROSE HOT WATER BOTTLE,1,1605,7292.45
84029E,RED WOOLLY HOTTIE WHITE HEART.,1,4718,21961.73
84535A,ENGLISH ROSE NOTEBOOK A6 SIZE,1,399,186.56
23084,RABBIT NIGHT LIGHT,1,30709,66807.63
82011B,BATHROOM SCALES RUBBER DUCKS,1,43,146.85
82011C,BATHROOM SCALES FOOTPRINTS IN SAND,1,51,172.05
82095,HEART BUTTONS JEWELLERY BOX,1,68,356.11
82482,WOODEN PICTURE FRAME WHITE FINISH,1,8767,22514.81
82483,WOOD 2 DRAWER CABINET WHITE FINISH,1,2284,14504.02
82484,WOOD BLACK BOARD ANT WHITE FINISH,1,5996,35871.52
82494L,WOODEN FRAME ANTIQUE WHITE,1,6711,21071.89
82551,LAUNDRY 15C METAL SIGN,1,2918,4542.889999999999
82552,WASHROOM METAL SIGN,1,3012,4674.83
82567,"AIRLINE LOUNGE,METAL SIGN",1,711,1408.07
82578,KITCHEN METAL SIGN,1,2046,1211.25
82580,BATHROOM METAL SIGN,1,5592,3346.76
82582,AREA PATROLLED METAL SIGN,1,4364,8856.69
84016,FLAG OF ST GEORGE CAR FLAG,1,27,12.16
82583,HOT BATHS METAL SIGN,1,7234,16895.86
82599,FANNY'S REST STOPMETAL SIGN,1,508,1217.73
82605,OLD DOC RUSSEL METAL SIGN,1,14,29.400000000000002
82613A,"METAL SIGN,CUPCAKE SINGLE HOOK",1,72,94.84
82613B,"METAL SIGN,CUPCAKE SINGLE HOOK",1,587,510.18
82613C,"METAL SIGN,CUPCAKE SINGLE HOOK",1,542,455.78
82613D,METAL SIGN CUPCAKE SINGLE HOOK,1,696,534.24
82615,PINK MARSHMALLOW SCARF KNITTING KIT,1,36,91.8
82616B,FRAPPUCINO SCARF KNITTING KIT,1,343,502.74
82616C,MIDNIGHT GLAMOUR SCARF KNITTING KIT,1,324,501.44
84006,MAGIC TREE -PAPER FLOWERS,1,918,848.6999999999999
84012,MAGIC SHEEP WOOL GROWING FROM PAPER,1,1145,1181.99
84247N,PACK/12 BLUE FOLKART CARDS,1,22,64.9
84249A,"GREETING CARD,SQUARE, DOUGHNUTS",1,174,80.46
84251B,"GREETING CARD, STICKY GORDON",1,233,68.5
84509C,SET OF 4 POLKADOT PLACEMATS,1,173,821.16
84462,3 PINK HEN+CHICKS IN BASKET,1,12,15.0
84465,15 PINK FLUFFY CHICKS IN BOX,1,10,29.5
84466,TOP SECRET PEN SET,1,46,57.5
84497,BUTTONS AND STRIPES NOTEBOOK,1,13,48.75
84499,BLACK FLOWER CANDLE PLATE,1,7,5.949999999999999
84507B,STRIPES DESIGN MONKEY DOLL,1,39,118.72999999999999
84507C,BLUE CIRCLES DESIGN MONKEY DOLL,1,60,160.42999999999998
84508A,CAMOUFLAGE DESIGN TEDDY,1,1631,3448.05
84508B,STRIPES DESIGN TEDDY,1,56,142.79999999999998
84508C,BLUE CIRCLES DESIGN TEDDY,1,56,154.95
84509A,SET OF 4 ENGLISH ROSE PLACEMATS,1,992,4163.12
84509B,SET OF 4 FAIRY CAKE PLACEMATS,1,222,843.34
84509E,SET OF 4 CAROUSEL PLACEMATS,1,91,183.45
84251C,"GREETING CARD, TWO SISTERS.",1,127,53.88
84509G,SET OF 4 FAIRY CAKE PLACEMATS,1,519,965.41
84510A,SET OF 4 ENGLISH ROSE COASTERS,1,1249,1760.8
84510C,SET OF 4 POLKADOT COASTERS,1,172,310.03
84510E,SET OF 4 GREEN CAROUSEL COASTERS,1,35,50.75
84519A,TOMATO CHARLIE+LOLA COASTER SET,1,512,905.55
84519B,CARROT CHARLIE+LOLA COASTER SET,1,471,773.3
84520B,PACK 20 ENGLISH ROSE PAPER NAPKINS,1,554,508.36999999999995
84522,PINK PARTY SUNGLASSES,1,20,36.76
84527,FLAMES SUNGLASSES PINK LENSES,1,52,95.1
84531A,PINK KNITTED EGG COSY,1,147,76.69
84531B,BLUE KNITTED EGG COSY,1,155,85.61
84534B,FAIRY CAKE NOTEBOOK A5 SIZE,1,55,54.04
84461,12 PINK HEN+CHICKS IN BASKET,1,35,89.25
84459B,YELLOW METAL CHICKEN HEART,1,721,1079.67
84459A,PINK METAL CHICKEN HEART,1,680,1004.54
84457,SET/3 RABBITS FLOWER SKIPPPING ROPE,1,126,112.55999999999999
84251G,"GREETING CARD, OVERCROWDED POOL.",1,270,74.7
84270,ASSTD DESIGN BUBBLE GUM RING,1,17,3.5700000000000003
84279B,CHERRY BLOSSOM DECORATIVE FLASK,1,186,752.2
84279P,CHERRY BLOSSOM  DECORATIVE FLASK,1,367,1528.21
84306,S/3 PINK SQUARE PLANTERS ROSES,1,10,88.22
84313B,BLUE TV TRAY TABLE,1,127,518.61
84313C,ORANGE TV TRAY TABLE,1,504,1165.9099999999999
84341B,SMALL PINK MAGIC CHRISTMAS TREE,1,645,282.38
84347,ROTATING SILVER ANGELS T-LIGHT HLDR,1,9461,26425.579999999998
84352,SILVER CHRISTMAS TREE BAUBLE STAND,1,34,577.35
84356,POMPOM CURTAIN,1,424,2124.15
84358,FLOOR LAMP SHADE WOOD BASE,1,33,312.7
84360,TABLE LAMP WHITE SHADE WOOD BASE,1,78,434.12
84375,SET OF 20 KIDS COOKIE CUTTERS,1,4298,9355.85
84378,SET OF 3 HEART COOKIE CUTTERS,1,6308,8488.4
84380,SET OF 3 BUTTERFLY COOKIE CUTTERS,1,5748,8089.81
84387A,BIRD ON BRANCH CANVAS SCREEN,1,11,21.45
84388,WISE MAN STAR SHAPE EGG PAN,1,24,13.14
84402B,PURPLE DRESS JEWELLERY STAND,1,61,48.19
84406B,CREAM CUPID HEARTS COAT HANGER,1,1987,7536.97
84415A,PINK FLOCK SUEDE CUSHION COVER,1,12,15.0
84415B,BLUE FLOCK CUSHION COVER,1,8,20.0
84422,PINK/BLUE DISC/MIRROR STRING,1,566,244.17
84429A,MEDIUM PINK BUDDHA HEAD,1,54,182.50000000000003
84452,METAL RABBIT LADDER EASTER,1,74,62.9
84800S,SMALL WHITE/PINK ROSE ART FLOWER,1,107,120.07000000000001
84801A,PINK HYDRANGEA ART FLOWER,1,46,96.60000000000001
84801B,WHITE HYDRANGEA ART FLOWER,1,22,46.2
85032D,YULETIDE IMAGES GIFT WRAP SET,1,687,561.34
85025C,PINK HEART SHAPE PHOTO FRAME,1,321,520.91
85026B,EAU DE NILE JEWELLED T-LIGHT HOLDER,1,79,70.27
85027L,FRENCH CHATEAU LARGE PLATTER,1,70,160.5
85028L,FRENCH CHATEAU LARGE FRUIT BOWL,1,10,19.5
85028S,FRENCH CHATEAU SMALL FRUITBOWL,1,24,51.599999999999994
85030,FRENCH CHATEAU OVAL PLATTER,1,15,29.25
85031A,ROMANTIC IMAGES SCRAP BOOK SET,1,16,45.9
85031B,BLOSSOM IMAGES SCRAP BOOK SET,1,1,4.95
85031C,CURIOUS IMAGES SCRAP BOOK SET,1,3,14.850000000000001
85032A,ROMANTIC IMAGES GIFT WRAP SET,1,789,776.49
85032B,BLOSSOM IMAGES GIFT WRAP SET,1,786,739.99
85032C,CURIOUS IMAGES GIFT WRAP SET,1,671,710.74
85034A,3 GARDENIA MORRIS BOXED CANDLES,1,501,936.27
85024C,PINK SMALL JEWELLED PHOTOFRAME,1,12,19.799999999999997
85034B,3 WHITE CHOC MORRIS BOXED CANDLES,1,946,1637.07
85034C,3 ROSE MORRIS BOXED CANDLES,1,1113,1732.0
85035A,GARDENIA 3 WICK MORRIS BOXED CANDLE,1,274,782.24
85035B,CHOCOLATE 3 WICK MORRIS BOX CANDLE,1,620,1062.57
85035C,ROSE 3 WICK MORRIS BOX CANDLE,1,1138,1769.13
85036A,GARDENIA 1 WICK MORRIS BOXED CANDLE,1,212,726.68
85036B,CHOCOLATE 1 WICK MORRIS BOX CANDLE,1,356,564.4
85036C,ROSE 1 WICK MORRIS BOXED CANDLE,1,561,882.61
85038,6 CHOCOLATE LOVE HEART T-LIGHTS,1,1061,2171.26
85039A,SET/4 RED MINI ROSE CANDLE IN BOWL,1,744,1142.4299999999998
85039B,S/4 IVORY MINI ROSE CANDLE IN BOWL,1,806,1174.6299999999999
85039C,S/4 BLACK MINI ROSE CANDLE IN BOWL,1,305,265.77
85025B,EAU DE NILE HEART SHAPE PHOTO FRAME,1,329,555.1199999999999
85024B,EAU DE NILE JEWELLED PHOTOFRAME,1,193,289.65
84802A,WHITE ANEMONE ARTIFICIAL FLOWER,1,2,3.38
85006,SET 4 NURSERY DES ROUND BOXES,1,55,57.25
84984A,GREEN PEONY CUSHION COVER,1,19,88.35000000000001
84984B,RED PEONY CUSHION COVER,1,17,79.05000000000001
84984D,ORIENTAL RED CUSHION COVER,1,13,60.45
84985A,SET OF 72 GREEN PAPER DOILIES,1,36,52.199999999999996
84987,SET OF 36 TEATIME PAPER DOILIES,1,3039,4453.7699999999995
84988,SET OF 72 PINK HEART PAPER DOILIES,1,4299,6653.849999999999
84989A,75 GREEN FAIRY CAKE CASES,1,69,102.36
84990,60 GOLD AND SILVER FAIRY CAKE CASES,1,2,1.1
84991,60 TEATIME FAIRY CAKE CASES,1,18093,9117.17
84992,72 SWEETHEART FAIRY CAKE CASES,1,13189,6461.280000000001
84993A,75 GREEN PETIT FOUR CASES,1,375,186.25
84993B,75 BLACK PETIT FOUR CASES,1,58,24.36
85008,SET OF 3 CONEY ISLAND OVAL BOXES,1,13,66.12
85023B,EAU DE NILE JEWELLED PHOTOFRAME,1,33,84.14999999999999
85014A,BLACK/BLUE POLKADOT UMBRELLA,1,1181,6904.040000000001
85014B,RED RETROSPOT UMBRELLA,1,1934,11259.310000000001
85015,SET OF 12  VINTAGE POSTCARD SET,1,2180,1718.5400000000002
85016,SET OF 6 VINTAGE NOTELETS KIT,1,563,560.11
85017A,ENVELOPE 50 ROMANTIC IMAGES,1,16,13.58
85017B,ENVELOPE 50 BLOSSOM IMAGES,1,1065,590.09
85017C,ENVELOPE 50 CURIOUS IMAGES,1,49,26.17
85018D,YULETIDE IMAGES S/6 PAPER BOXES,1,12,30.599999999999998
85019A,ROMANTIC IMAGES NOTEBOOK SET,1,414,564.35
85019B,BLOSSOM  IMAGES NOTEBOOK SET,1,512,682.97
85019C,CURIOUS  IMAGES NOTEBOOK SET,1,182,270.72
85020,ROUND PINK HEART MIRROR,1,85,188.81
85040A,S/4 PINK FLOWER CANDLES IN BOWL,1,915,1704.35
85040B,SET/4 BLUE FLOWER CANDLES IN BOWL,1,137,229.46999999999997
85045,GREEN CHRISTMAS TREE STRING 20LIGHT,1,42,191.1
85111,SILVER GLITTER FLOWER VOTIVE HOLDER,1,1409,437.59
85093,CANDY SPOT EGG WARMER HARE,1,708,475.18
85094,CANDY SPOT EGG WARMER RABBIT,1,640,242.13
85095,THREE CANVAS LUGGAGE TAGS,1,150,243.49
85096,HILDA CANDY SPOT RABBIT,1,25,109.23
85099B,JUMBO BAG RED RETROSPOT,1,47490,92601.23
85099C,JUMBO  BAG BAROQUE BLACK WHITE,1,13627,27551.8
85099F,JUMBO BAG STRAWBERRY,1,17062,32336.77
85103,SILVER T-LIGHT SETTING,1,106,704.14
85104,SILVER GLASS T-LIGHT SET,1,201,525.75
85106,CUT GLASS HEXAGON T-LIGHT HOLDER,1,649,1142.31
85107,CUT GLASS T-LIGHT HOLDER OCTAGON,1,249,541.39
85109,PINK BOUDOIR T-LIGHT HOLDER,1,12,10.2
85114A,BLACK ENCHANTED FOREST PLACEMAT,1,698,1266.91
85047,WHITE BEADED GARLAND STRING 20LIGHT,1,3,19.049999999999997
85114B,IVORY ENCHANTED FOREST PLACEMAT,1,511,1018.05
85114C,RED ENCHANTED FOREST PLACEMAT,1,678,1454.8799999999999
85115B,S/4 BLACK DISCO PARTITION PANEL,1,3,24.869999999999997
85116,BLACK CANDELABRA T-LIGHT HOLDER,1,911,1043.88
85118,HEART T-LIGHT HOLDER,1,146,144.52
85119,WATERING CAN SINGLE HOOK PISTACHIO,1,1,3.36
85124B,BLUE JUICY FRUIT PHOTO FRAME,1,87,248.76
85124C,GREEN JUICY FRUIT PHOTO FRAME,1,94,261.89
85125,SMALL ROUND CUT GLASS CANDLESTICK,1,161,760.39
85126,LARGE ROUND CUTGLASS CANDLESTICK,1,2,27.14
85127,SMALL SQUARE CUT GLASS CANDLESTICK,1,182,1081.79
85129B,BEADED CRYSTAL HEART GREEN SMALL,1,119,168.59
85092,CANDY SPOT TEA COSY,1,27,40.05
85089,CANDY SPOT BUNNY,1,13,38.35
85088,CANDY SPOT HAND BAG,1,259,534.83
85087,CANDY SPOT CUSHION COVER,1,339,1129.99
85048,15CM CHRISTMAS GLASS BALL 20 LIGHTS,1,1355,10878.81
85049A,TRADITIONAL CHRISTMAS RIBBONS,1,3245,4655.2
85049B,LUSH GREENS RIBBONS,1,56,72.42
85049C,ROMANTIC PINKS RIBBONS,1,1216,1518.15
85049D,BRIGHT BLUES RIBBONS,1,549,699.91
85049E,SCANDINAVIAN REDS RIBBONS,1,2957,4129.32
85049F,BABY BOOM RIBBONS,1,378,477.34
85049G,CHOCOLATE BOX RIBBONS,1,1721,2275.61
85049H,URBAN BLACK RIBBONS,1,848,869.1
85053,FRENCH ENAMEL CANDLEHOLDER,1,1691,3645.2900000000004
85054,FRENCH ENAMEL POT W LID,1,586,1427.68
85055,FRENCH ENAMEL UTENSIL HOLDER,1,45,183.71
85059,FRENCH ENAMEL WATER BASIN,1,411,1273.11
85061W,WHITE JEWELLED HEART DECORATION,1,2146,1882.1499999999999
85062,PEARL CRYSTAL PUMPKIN T-LIGHT HLDR,1,1462,2429.4999999999995
85064,CREAM SWEETHEART LETTER RACK,1,215,976.25
85066,CREAM SWEETHEART MINI CHEST,1,1762,22313.7
85067,CREAM SWEETHEART WALL CABINET,1,7,126.64999999999999
85071A,BLUE CHARLIE+LOLA PERSONAL DOORSIGN,1,1039,577.33
85071B,RED CHARLIE+LOLA PERSONAL DOORSIGN,1,1288,678.72
85071C,"CHARLIE+LOLA""EXTREMELY BUSY"" SIGN",1,683,428.0
85071D,CHARLIE+LOLA MY ROOM DOOR SIGN,1,403,249.48999999999998
85078,SCANDINAVIAN 3 HEARTS NAPKIN RING,1,1932,696.8
85084,HOLLY TOP CHRISTMAS STOCKING,1,20,17.0
85086A,CANDY SPOT HEART DECORATION,1,146,122.08
84978,HANGING HEART JAR T-LIGHT HOLDER,1,12391,16333.12
84977,WIRE FLOWER T-LIGHT HOLDER,1,1,1.25
84976,RECTANGULAR SHAPED MIRROR,1,500,436.67
84865,NEW BAROQUE BLACK PHOTO ALBUM,1,27,146.21
84849A,HELLO SAILOR BLUE SOAP HOLDER,1,180,344.34000000000003
84849B,FAIRY SOAP SOAP HOLDER,1,266,478.83
84849D,HOT BATHS SOAP HOLDER,1,494,859.0
84854,GIRLY PINK TOOL SET,1,5,24.75
84856L,LARGE TAHITI BEACH BAG,1,2,17.82
84856S,SMALL TAHITI BEACH BAG,1,4,18.6
84857B,BLUE MONTE CARLO HANDBAG,1,24,46.8
84857C,PINK MONTE CARLO HANDBAG,1,98,232.32999999999998
84858C,PINK RIVIERA HANDBAG,1,186,261.68
84859A,SILVER DISCO HANDBAG,1,129,272.99
84859B,BLUE DISCO HANDBAG,1,31,64.81
84859C,PINK DISCO HANDBAG,1,84,180.51999999999998
84870B,BLUE GEISHA GIRL,1,44,146.07999999999998
84881,BLUE WIRE SPIRAL CANDLE HOLDER,1,12,82.57
84870C,GREEN GEISHA GIRL,1,46,146.05
84872A,TEATIME FUNKY FLOWER BACKPACK FOR 2,1,66,732.2299999999999
84873A,FUNKY FLOWER PICNIC BAG FOR 4,1,2,33.9
84874B,BLUE TRAVEL FIRST AID KIT,1,41,67.50999999999999
84875B,GREEN SQUARE COMPACT MIRROR,1,131,203.51
84875D,BLUE SQUARE COMPACT MIRROR,1,51,63.75
84876B,GREEN HEART COMPACT MIRROR,1,218,315.81
84876D,BLUE HEART COMPACT MIRROR,1,128,217.5
84877A,PINK ROUND COMPACT MIRROR,1,40,58.16
84877B,GREEN ROUND COMPACT MIRROR,1,144,210.56
84877D,BLUE ROUND COMPACT MIRROR,1,96,150.93
84879,ASSORTED COLOUR BIRD ORNAMENT,1,36333,58878.61
84847,FLORAL BATHROOM SET,1,20,75.0
84846A,SCENTED CANDLE IN DIGITALIS TIN,1,56,126.04000000000002
84843,WHITE SOAP RACK WITH 2 BOTTLES,1,171,963.85
84842,HELLO SAILOR BATHROOM SET,1,14,52.5
84802B,PURPLE ANEMONE ARTIFICIAL FLOWER,1,4,6.76
84803A,PINK ALLIUM  ARTIFICIAL FLOWER,1,3,5.07
84803B,WHITE ALLIUM  ARTIFICIAL FLOWER,1,17,28.73
84804A,CREAM DELPHINIUM ARTIFICIAL FLOWER,1,70,180.58
84804B,BLUE DELPHINIUM ARTIFICIAL FLOWER,1,99,188.37000000000003
84805A,CREAM CLIMBING HYDRANGA ART FLOWER,1,32,60.0
84805B,BLUE CLIMBING HYDRANGA ART FLOWER,1,38,52.5
84806A,PINK CANDYSTUFT ARTIFICIAL FLOWER,1,137,96.88999999999999
84806B,WHITE CANDYSTUFT ARTIFICIAL FLOWER,1,308,411.55999999999995
84809A,WHITE CHRYSANTHEMUMS ART FLOWER,1,55,115.50000000000001
84809B,PINK CHRYSANTHEMUMS ART FLOWER,1,18,37.800000000000004
84813,SET OF 4 DIAMOND NAPKIN RINGS,1,166,1393.79
84816,DANISH ROSE BEDSIDE CABINET,1,8,319.6
84817,DANISH ROSE DECORATIVE PLATE,1,921,647.64
84818,DANISH ROSE PHOTO FRAME,1,1370,1397.82
84819,DANISH ROSE ROUND SEWING BOX,1,808,939.04
84820,DANISH ROSE TRINKET TRAYS,1,255,459.25
84821,DANISH ROSE DELUXE COASTER,1,923,396.95
84823,DANISH ROSE FOLDING CHAIR,1,112,890.4000000000001
84824,DANISH ROSE UMBRELLA STAND,1,2,31.9
84826,ASSTD DESIGN 3D PAPER STICKERS,1,1162,389.38
84827,ASS DES PHONE SPONGE CRAFT STICKER,1,509,153.09
84832,ZINC WILLIE WINKIE  CANDLE STICK,1,2921,2702.5
84836,ZINC METAL HEART DECORATION,1,5925,7403.07
84840,SWEETHEART CARRY-ALL BASKET,1,6,76.44
84880,WHITE WIRE EGG HOLDER,1,312,2012.74
84882,GREEN WIRE STANDING CANDLE HOLDER,1,38,157.34
84975,HEART SHAPED MIRROR,1,5,8.45
84963A,PINK PAINTED KASHMIRI CHAIR,1,4,171.8
84931A,PINK SCOTTIE DOG W FLOWER PATTERN,1,133,317.44
84931B,BLUE SCOTTIE DOG W FLOWER PATTERN,1,177,424.08
84944,SET OF 6 KASHMIR FOLKART BAUBLES,1,662,1041.06
84945,MULTI COLOUR SILVER T-LIGHT HOLDER,1,10509,8713.83
84947,ANTIQUE SILVER TEA GLASS ENGRAVED,1,8652,10229.77
84949,SILVER HANGING T-LIGHT HOLDER,1,4723,7513.74
84950,ASSORTED COLOUR T-LIGHT HOLDER,1,3619,2297.03
84951A,SET OF 4 PISTACHIO LOVEBIRD COASTER,1,451,534.05
84951B,SET OF 4 BLACK LOVEBIRD COASTERS,1,451,554.78
84952A,CLEAR LOVE BIRD T-LIGHT HOLDER,1,92,264.46999999999997
84952B,BLACK LOVE BIRD T-LIGHT HOLDER,1,183,320.89
84952C,MIRROR LOVE BIRD T-LIGHT HOLDER,1,144,255.0
84963B,BLUE PAINTED KASHMIRI CHAIR,1,3,149.85000000000002
84884A,ANT WHITE WIRE HEART SPIRAL,1,339,1519.63
84968A,SET OF 16 VINTAGE ROSE CUTLERY,1,266,3188.13
84968B,SET OF 16 VINTAGE IVORY CUTLERY,1,2,25.5
84968C,SET OF 16 VINTAGE PISTACHIO CUTLERY,1,314,3547.74
84968D,SET OF 16 VINTAGE RED CUTLERY,1,159,1723.6
84968E,SET OF 16 VINTAGE BLACK CUTLERY,1,140,1722.74
84968F,SET OF 16 VINTAGE SKY BLUE CUTLERY,1,178,1931.1699999999998
84969,BOX OF 6 ASSORTED COLOUR TEASPOONS,1,558,2389.52
84970L,SINGLE HEART ZINC T-LIGHT HOLDER,1,6253,6819.099999999999
84970S,HANGING HEART ZINC T-LIGHT HOLDER,1,9117,8146.799999999999
84971L,LARGE HEART FLOWERS HOOK,1,2,4.92
84971S,SMALL HEART FLOWERS HOOK,1,1761,1540.4499999999998
84974,S/2 ZINC HEART DESIGN PLANTERS,1,39,388.04999999999995
84929,ASSTD FRUIT+FLOWERS FRIDGE MAGNETS,1,2406,634.26
84927F,PSYCHEDELIC TILE HOOK,1,299,182.95000000000002
84927E,FLOWERS TILE HOOK,1,59,80.16000000000001
84927D,LA PALMIERA TILE HOOK,1,47,51.86
84898F,YELLOW FLOWERS FELT HANDBAG KIT,1,46,98.63000000000001
84905,PINK BUTTERFLY CUSHION COVER,1,35,173.48
84907,PINK YELLOW PATCH CUSHION COVER,1,29,180.93
84910A,PINK PAISLEY CUSHION COVER,1,26,192.14
84912A,PINK ROSE WASHBAG,1,156,560.62
84912B,GREEN ROSE WASHBAG,1,323,1132.85
84913A,SOFT PINK ROSE TOWEL,1,273,952.83
84913B,MINT GREEN ROSE TOWEL,1,196,754.07
84915,HAND TOWEL PINK FLOWER AND DAISY,1,217,372.33
84916,HAND TOWEL PALE BLUE W FLOWERS,1,223,453.39
84917,WHITE HAND TOWEL WITH BUTTERFLY,1,184,466.3
84919,BLUE CUSHION COVER WITH FLOWER,1,58,381.78000000000003
84920,PINK FLOWER FABRIC PONY,1,115,446.23
84921,CREAM AND PINK FLOWERS PONY,1,11,41.25
84922,PINK BUTTERFLY WASHBAG,1,9,42.29
84923,PINK BUTTERFLY HANDBAG W BOBBLES,1,162,671.62
84924A,WAKE UP COCKEREL CALENDAR SIGN,1,81,348.59000000000003
84924F,PSYCHEDELIC METAL SIGN CALENDAR,1,10,7.9
84925D,LA PALMIERA WALL THERMOMETER,1,15,38.25
84925F,PSYCHEDELIC WALL THERMOMETER,1,79,109.92999999999999
84926A,WAKE UP COCKEREL TILE COASTER,1,604,210.51999999999998
84926D,LA PALMIERA TILE COASTER,1,709,276.53
84926E,FLOWERS TILE COASTER,1,968,327.79999999999995
84926F,PSYCHEDELIC TILE COASTER,1,430,195.22
84927A,WAKE UP COCKEREL TILE HOOK,1,50,70.45
23085,ANTIQUE SILVER BAUBLE LAMP,1,376,3583.23
23042,PAPER LANTERN 7 POINT SNOW STAR,1,93,645.01
23083,SET 6 PAPER TABLE LANTERN STARS,1,1884,7092.9800000000005
21497,FANCY FONTS BIRTHDAY WRAP,1,8550,3409.0
21499,BLUE POLKADOT WRAP,1,6702,2726.84
21500,PINK POLKADOT WRAP,1,6350,2593.0
21503,TOYBOX  WRAP,1,725,288.5
21504,SKULLS GREETING CARD,1,1891,778.89
21506,"FANCY FONT BIRTHDAY CARD,",1,4910,2080.85
21508,VINTAGE KID DOLLY CARD,1,2466,1036.9
21509,COWBOYS AND INDIANS BIRTHDAY CARD,1,3741,1572.28
21518,BANK ACCOUNT  GREETING  CARD,1,318,132.44
21519,GIN & TONIC DIET GREETING CARD,1,3263,1374.1
21520,BOOZE & WOMEN GREETING CARD,1,504,214.19
21523,DOORMAT FANCY FONT HOME SWEET HOME,1,3241,21561.94
21524,DOORMAT SPOTTY HOME SWEET HOME,1,1746,13523.16
21527,RED RETROSPOT TRADITIONAL TEAPOT,1,474,3701.1400000000003
21528,DAIRY MAID TRADITIONAL TEAPOT,1,213,1543.67
21530,DAIRY MAID TOASTRACK,1,740,740.34
21531,RED RETROSPOT SUGAR JAM BOWL,1,1514,3677.07
21533,RETROSPOT LARGE MILK JUG,1,1336,6585.870000000001
21534,DAIRY MAID LARGE MILK JUG,1,364,1849.48
21535,RED RETROSPOT SMALL MILK JUG,1,2487,5986.01
21537,RED RETROSPOT PUDDING BOWL,1,331,1383.71
21538,DAIRY MAID  PUDDING BOWL,1,5,18.75
21539,RED RETROSPOT BUTTER DISH,1,966,4729.05
21544,SKULLS  WATER TRANSFER TATTOOS,1,1972,1687.6799999999998
21547,CERAMIC BIRDHOUSE CRESTED TIT SMALL,1,79,253.53000000000003
21555,CERAMIC STRAWBERRY TRINKET TRAY,1,137,350.46999999999997
21498,RED RETROSPOT WRAP,1,10476,4290.92
21495,SKULLS AND CROSSBONES WRAP,1,5775,2345.5
21557,SET OF 6 FUNKY BEAKERS,1,551,1843.6100000000001
21494,ROTATING LEAVES T-LIGHT HOLDER,1,1928,3571.33
21457,2 PICTURE BOOK EGGS EASTER DUCKS,1,124,165.89
21458,2 PICTURE BOOK EGGS EASTER BUNNY,1,182,256.54
21459,YELLOW EASTER EGG HUNT START POST,1,76,150.38
21460,GREEN EASTER EGG HUNT START POST,1,28,56.779999999999994
21461,BLUE EASTER EGG HUNT START POST,1,9,21.91
21462,"NURSERY A,B,C PAINTED LETTERS",1,198,932.4
21463,MIRRORED DISCO BALL,1,609,3229.05
21464,DISCO BALL ROTATOR BATTERY OPERATED,1,241,1021.25
21465,PINK FLOWER CROCHET FOOD COVER,1,237,897.8
21466,RED FLOWER CROCHET FOOD COVER,1,304,1116.89
21467,CHERRY CROCHET FOOD COVER,1,264,1004.39
21468,BUTTERFLY CROCHET FOOD COVER,1,148,572.23
21469,POLKA DOT RAFFIA FOOD COVER,1,290,1085.32
21470,FLOWER VINE RAFFIA FOOD COVER,1,381,1470.32
21471,STRAWBERRY RAFFIA FOOD COVER,1,639,2220.59
21472,LADYBIRD + BEE RAFFIA FOOD COVER,1,123,476.41
21473,SWEETHEART CREAM STEEL TABLE RECT,1,27,618.66
21476,STEEL SWEETHEART ROUND TABLE CREAM,1,41,699.63
21479,WHITE SKULL HOT WATER BOTTLE,1,3915,20582.2
21481,FAWN BLUE HOT WATER BOTTLE,1,3247,11278.07
21484,CHICK GREY HOT WATER BOTTLE,1,1835,8389.22
21485,RETROSPOT HEART HOT WATER BOTTLE,1,3519,17639.23
21486,PINK HEART DOTS HOT WATER BOTTLE,1,36,147.88
21488,RED WHITE SCARF  HOT WATER BOTTLE,1,69,566.1700000000001
21491,SET OF THREE VINTAGE GIFT WRAPS,1,1,1.95
21556,CERAMIC STRAWBERRY MONEY BOX,1,977,2515.52
21558,SKULL LUNCH BOX WITH CUTLERY,1,2131,5550.219999999999
21455,PAINTED YELLOW WOODEN DAISY,1,612,516.79
21621,VINTAGE UNION JACK BUNTING,1,2759,24287.83
21623,VINTAGE UNION JACK MEMOBOARD,1,3268,22970.29
21624,VINTAGE UNION JACK DOORSTOP,1,214,1319.66
21625,VINTAGE UNION JACK APRON,1,407,2939.51
21626,VINTAGE UNION JACK PENNANT,1,777,1551.6499999999999
21627,ELEPHANT CARNIVAL POUFFE,1,63,1299.83
21628,TRIANGULAR POUFFE VINTAGE,1,61,1131.75
21629,SQUARE FLOOR CUSHION VINTAGE RED,1,71,672.05
21630,FLOOR CUSHION ELEPHANT CARNIVAL,1,68,709.1899999999999
21631,HIPPY CHIC DECORATIVE PARASOL,1,169,896.01
21632,VINTAGE PINK DECORATIVE PARASOL,1,88,489.74
21633,SUNFLOWER DECORATIVE PARASOL,1,125,895.46
21634,ASSORTED MINI MADRAS NOTEBOOK,1,976,481.95
21635,MADRAS NOTEBOOK LARGE,1,271,374.96000000000004
21636,MADRAS NOTEBOOK MEDIUM,1,913,705.16
21637,ASSORTED SANSKRIT MINI NOTEBOOK,1,109,136.25
21638,ASSORTED TUTTI FRUTTI NOTEBOOK,1,247,547.76
21640,ASSORTED TUTTI FRUTTI  FOB NOTEBOOK,1,650,633.8299999999999
21641,ASSORTED TUTTI FRUTTI KEYRING BALL,1,1153,451.59
21642,ASSORTED TUTTI FRUTTI PEN,1,2399,809.8499999999999
21643,ASSORTED TUTTI FRUTTI MIRROR,1,538,728.31
21644,ASSORTED TUTTI FRUTTI HEART BOX,1,214,267.5
21647,ASSORTED TUTTI FRUTTI LARGE PURSE,1,106,222.60000000000002
21648,ASSORTED TUTTI FRUTTI SMALL PURSE,1,729,982.79
21650,ASSORTED TUTTI FRUTTI BRACELET,1,2526,688.29
21651,HANGING GLASS ETCHED TEALIGHT,1,127,198.57
21622,VINTAGE UNION JACK CUSHION COVER,1,372,1943.04
21620,SET OF 4 ROSE BOTANICAL CANDLES,1,881,1429.49
21559,STRAWBERRY LUNCH BOX WITH CUTLERY,1,3932,9732.83
21619,4 VANILLA BOTANICAL CANDLES,1,974,1476.4
21561,DINOSAUR LUNCH BOX WITH CUTLERY,1,1281,3127.38
21562,HAWAIIAN GRASS SKIRT,1,324,380.36
21563,RED HEART SHAPE LOVE BUCKET,1,1395,2803.13
21564,PINK  HEART SHAPE LOVE BUCKET,1,1042,1831.6200000000001
21576,LETS GO SHOPPING COTTON TOTE BAG,1,252,585.34
21577,SAVE THE PLANET COTTON TOTE BAG,1,714,1651.3999999999999
21578,WOODLAND DESIGN  COTTON TOTE BAG,1,746,1657.76
21579,LOLITA  DESIGN  COTTON TOTE BAG,1,168,391.72
21580,RABBIT  DESIGN  COTTON TOTE BAG,1,181,444.07
21581,SKULLS  DESIGN  COTTON TOTE BAG,1,252,590.67
21584,RETROSPOT SMALL TUBE MATCHES,1,1059,1743.35
21586,KINGS CHOICE GIANT TUBE MATCHES,1,743,1721.85
21587,COSY HOUR GIANT TUBE MATCHES,1,195,475.65
21588,RETROSPOT GIANT TUBE MATCHES,1,1494,3442.5
21591,COSY HOUR CIGAR BOX MATCHES,1,1374,1996.1399999999999
21592,RETROSPOT CIGAR BOX MATCHES,1,2149,2149.07
21594,DR. JAM'S AROUZER STRESS BALL,1,2,8.34
21595,DAD'S CAB ELECTRONIC METER,1,2,16.94
21609,SET 12 LAVENDER  BOTANICAL T-LIGHTS,1,763,2086.69
21613,S/12 VANILLA  BOTANICAL T-LIGHTS,1,227,661.9300000000001
21614,SET OF 12 ROSE BOTANICAL T-LIGHTS,1,51,153.29000000000002
21615,4 LAVENDER BOTANICAL DINNER CANDLES,1,891,1347.92
21616,4 PEAR BOTANICAL DINNER CANDLES,1,822,1288.34
21617,4 LILY  BOTANICAL DINNER CANDLES,1,525,1009.26
21618,4 WILDFLOWER BOTANICAL CANDLES,1,404,768.37
21456,2 PICTURE BOOK EGGS EASTER CHICKS,1,171,222.22
21454,PAINTED PINK RABBIT,1,572,485.15999999999997
21655,HANGING RIDGE GLASS T-LIGHT HOLDER,1,24,40.56
21327,SKULLS WRITING SET,1,864,1484.1299999999999
21329,DINOSAURS  WRITING SET,1,941,1723.6899999999998
21331,MOROCCAN BEATEN METAL DISH LARGE,1,12,165.74
21332,MOROCCAN BEATEN METAL MIRROR,1,19,268.1
21333,CLASSIC WHITE FRAME,1,56,168.16000000000003
21336,GOLD WASHBAG,1,27,54.57
21340,CLASSIC METAL BIRDCAGE PLANT HOLDER,1,956,11105.369999999999
21344,MOROCCAN BEATEN METAL DISH,1,15,160.09
21348,PINK SPOTS CHOCOLATE NESTING BOXES,1,140,361.55999999999995
21349,IVY HEART WREATH,1,14,128.6
21351,CINAMMON & ORANGE WREATH,1,104,672.88
21352,EUCALYPTUS & PINECONE  WREATH,1,372,1470.7600000000002
21354,TOAST ITS - BEST MUM,1,799,1007.71
21355,TOAST ITS - I LOVE YOU,1,789,992.58
21356,TOAST ITS - FAIRY FLOWER,1,642,703.3
21357,TOAST ITS - DINOSAUR,1,19,23.75
21358,TOAST ITS - HAPPY BIRTHDAY,1,411,493.29
21359,RELAX LARGE WOOD LETTERS,1,128,828.33
21360,JOY LARGE WOOD LETTERS,1,39,236.17
21361,LOVE LARGE WOOD LETTERS,1,104,1480.46
21363,HOME SMALL WOOD LETTERS,1,233,1354.44
21364,PEACE SMALL WOOD LETTERS,1,29,216.21
21365,MIRRORED WALL ART STARS,1,363,447.09000000000003
21366,MIRRORED WALL ART PHOTO FRAMES,1,89,470.16999999999996
21367,MIRRORED WALL ART GENTS,1,171,199.48999999999998
21368,MIRRORED WALL ART LADIES,1,163,143.28
21328,BALLOONS  WRITING SET,1,1337,2410.43
21326,AGED GLASS SILVER T-LIGHT HOLDER,1,10535,6859.27
21370,MIRRORED WALL ART FOXY,1,16,100.66000000000001
21324,HANGING MEDINA LANTERN SMALL,1,81,259.67
21278,VINTAGE KITCHEN PRINT PUDDINGS,1,31,79.05
21279,VINTAGE KITCHEN PRINT FRUITS,1,85,266.15
21280,VINTAGE KITCHEN PRINT VEGETABLES,1,65,165.75
21281,VINTAGE KITCHEN PRINT SEAFOOD,1,43,129.63
21284,RETROSPOT CANDLE  SMALL,1,403,374.49
21285,RETROSPOT CANDLE  MEDIUM,1,365,413.88
21286,RETROSPOT CANDLE  LARGE,1,273,362.12
21287,SCENTED VELVET LOUNGE CANDLE,1,1790,760.15
21288,STRIPEY CHOCOLATE NESTING BOXES,1,331,1000.21
21289,LARGE STRIPES CHOCOLATE GIFT BAG,1,567,708.75
21291,SMALL POLKADOT CHOCOLATE GIFT BAG,1,943,819.64
21292,SMALL STRIPES CHOCOLATE GIFT BAG,1,867,594.51
21293,MIRRORED DOVE WALL DECORATION,1,116,276.72
21294,ETCHED GLASS COASTER,1,1618,825.49
21306,SET/4 DAISY MIRROR MAGNETS,1,493,190.64
21307,SET/4 BUTTERFLY MIRROR MAGNETS,1,79,39.199999999999996
21310,CAPIZ CHANDELIER,1,1,29.95
21311,SET/4 BIRD MIRROR MAGNETS,1,459,181.32999999999998
21313,GLASS HEART T-LIGHT HOLDER,1,3320,2893.1299999999997
21314,SMALL GLASS HEART TRINKET POT,1,4236,9780.480000000001
21316,SMALL CHUNKY GLASS ROMAN  BOWL,1,159,214.73000000000002
21317,GLASS SPHERE CANDLE STAND MEDIUM,1,111,684.08
21318,GLASS CHALICE BLUE SMALL,1,694,421.78
21319,GLASS CHALICE GREEN  SMALL,1,161,175.78
21320,GLASS CHALICE GREEN  LARGE,1,197,364.22
21369,MIRRORED WALL ART SPLODGES,1,101,161.49
21371,MIRRORED WALL ART POPPIES,1,287,319.71
21452,TOADSTOOL MONEY BOX,1,810,2528.46
21407,BROWN CHECK CAT DOORSTOP,1,289,1416.86
21410,COUNTRY COTTAGE  DOORSTOP GREEN,1,1,8.47
21411,GINGHAM HEART  DOORSTOP RED,1,779,2936.33
21413,PERIWINKLE T-LIGHT HOLDER,1,48,75.02
21414,SCALLOP SHELL SOAP DISH,1,1,2.1
21415,CLAM SHELL SMALL,1,219,446.02000000000004
21416,CLAM SHELL LARGE,1,5,18.75
21417,COCKLE SHELL DISH,1,340,629.8000000000001
21418,STARFISH SOAP DISH,1,74,189.75
21420,OYSTER TRINKET BOX,1,53,120.41
21421,PORCELAIN ROSE LARGE,1,299,348.43000000000006
21422,PORCELAIN ROSE SMALL,1,1607,1295.0
21424,WOODLAND STORAGE BOX LARGE,1,346,1401.02
21425,SKULLS STORAGE BOX LARGE,1,87,320.49
21426,WOODLAND STORAGE BOX SMALL,1,256,624.58
21427,SKULLS STORAGE BOX SMALL,1,95,254.34
21428,SET3 BOOK BOX GREEN GINGHAM FLOWER,1,1201,5138.13
21429,RED GINGHAM ROSE JEWELLERY BOX,1,1740,3391.1499999999996
21430,SET/3 RED GINGHAM ROSE STORAGE BOX,1,3006,11809.59
21439,BASKET OF TOADSTOOLS,1,1022,1334.67
21441,BLUE BIRDHOUSE DECORATION,1,421,292.03
21442,GREEN BIRDHOUSE DECORATION,1,437,307.94
21445,12 PINK ROSE PEG PLACE SETTINGS,1,210,262.5
21446,12 RED ROSE PEG PLACE SETTINGS,1,449,630.92
21447,12 IVORY ROSE PEG PLACE SETTINGS,1,968,1476.85
21448,12 DAISY PEGS IN WOOD BOX,1,344,592.6199999999999
21408,SPOTTY PINK DUCK DOORSTOP,1,285,1282.81
21403,BLUE EGG  SPOON,1,1857,322.18
21372,MIRRORED WALL ART TABLE LAMP,1,75,107.75
21402,RED  EGG  SPOON,1,1369,185.51999999999998
21373,MIRRORED WALL ART SNOWFLAKES,1,500,380.04
21374,MIRRORED WALL ART SKULLS,1,304,463.79
21375,LARGE CAMPHOR WOOD FIELD MUSHROOM,1,41,312.77
21376,LARGE  TALL CAMPHOR WOOD TOADSTOOL,1,33,192.81
21377,SMALL CAMPHOR WOOD FIELD  MUSHROOM,1,121,215.67999999999998
21378,SMALL TALL CAMPHOR WOOD TOADSTOOL,1,142,217.89
21379,CAMPHOR WOOD PORTOBELLO MUSHROOM,1,178,246.82999999999998
21380,WOODEN HAPPY BIRTHDAY GARLAND,1,2165,6307.51
21381,MINI WOODEN HAPPY BIRTHDAY GARLAND,1,1786,3088.99
21382,SET/4 SPRING FLOWER DECORATION,1,1143,1376.53
21383,PACK OF 12 STICKY BUNNIES,1,991,751.28
21385,IVORY HANGING DECORATION  HEART,1,3883,3442.45
21386,IVORY HANGING DECORATION  EGG,1,709,285.64
21389,IVORY HANGING DECORATION  BIRD,1,1113,964.2299999999999
21390,FILIGRIS HEART WITH BUTTERFLY,1,3900,4844.38
21391,FRENCH LAVENDER SCENT HEART,1,1066,1049.29
21392,RED POLKADOT PUDDING BOWL,1,34,46.39
21393,BLUE POLKADOT PUDDING BOWL,1,29,38.67
21394,RED POLKADOT BEAKER,1,3847,1596.75
21395,BLUE POLKADOT BEAKER,1,2832,1136.72
21397,BLUE POLKADOT EGG CUP,1,1075,550.43
21398,RED POLKADOT COFFEE  MUG,1,1532,729.6
21399,BLUE POLKADOT COFFEE MUG,1,1958,832.17
21400,RED PUDDING SPOON,1,881,128.63
21401,BLUE PUDDING SPOON,1,1052,151.19
21654,RIDGED GLASS FINGER BOWL,1,974,504.68
21656,RIDGED GLASS POSY VASE,1,219,444.58
21275,ZINC TOP  2 DOOR WOODEN SHELF,1,12,253.13
21874,GIN AND TONIC MUG,1,2962,4126.179999999999
21876,POTTERING MUG,1,3762,4786.8099999999995
21877,HOME SWEET HOME MUG,1,4415,5872.46
21878,PACK OF 6 SANDCASTLE FLAGS ASSORTED,1,2511,2162.0
21879,HEARTS GIFT TAPE,1,1176,385.47
21880,RED RETROSPOT TAPE,1,1891,850.98
21881,CUTE CATS TAPE,1,1102,383.11
21882,SKULLS TAPE,1,704,251.17000000000002
21883,STARS GIFT TAPE,1,1653,725.4200000000001
21884,CAKES AND BOWS GIFT  TAPE,1,1166,413.76
21888,BINGO SET,1,1685,6648.29
21889,WOODEN BOX OF DOMINOES,1,6366,8817.29
21890,S/6 WOODEN SKITTLES IN COTTON BAG,1,1147,3674.11
21891,TRADITIONAL WOODEN SKIPPING ROPE,1,8094,10455.05
21892,TRADITIONAL WOODEN CATCH CUP GAME,1,3180,4302.16
21894,POTTING SHED SEED ENVELOPES,1,592,902.08
21895,POTTING SHED SOW 'N' GROW SET,1,2,12.72
21896,POTTING SHED TWINE,1,980,2272.79
21897,POTTING SHED CANDLE CITRONELLA,1,405,1268.1899999999998
21898,POTTING SHED ROSE CANDLE,1,493,1541.11
21900,"KEY FOB , SHED",1,3228,2197.17
21901,"KEY FOB , BACK DOOR",1,1828,1277.89
21902,"KEY FOB , FRONT  DOOR",1,1954,1257.17
21903,MAN FLU METAL SIGN,1,1148,2464.9300000000003
21904,HOUSE WRECKING METAL SIGN,1,50,105.0
21905,MORE BUTTER METAL SIGN,1,760,821.61
21875,KINGS CHOICE MUG,1,2031,2399.38
21873,IF YOU CAN'T STAND THE HEAT MUG,1,1534,1742.98
21907,I'M ON HOLIDAY METAL SIGN,1,2359,5001.9800000000005
21872,GLAMOROUS  MUG,1,1292,1454.98
21826,EIGHT PIECE DINOSAUR SET,1,125,185.18
21827,EIGHT PIECE CREEPY CRAWLIE SET,1,6,7.5
21828,EIGHT PIECE SNAKE  SET,1,330,435.79
21829,DINOSAUR KEYRINGS ASSORTED,1,6657,1438.06
21830,ASSORTED CREEPY CRAWLIES,1,2573,1086.91
21832,CHOCOLATE CALCULATOR,1,954,1790.1
21833,CAMOUFLAGE LED TORCH,1,2702,4553.87
21836,GINGHAM OVEN GLOVE RED HEART,1,5,26.490000000000002
21839,MUMMY MOUSE RED GINGHAM RIBBON,1,1,5.45
21841,BABY MOUSE RED GINGHAM DRESS,1,73,310.25
21843,RED RETROSPOT CAKE STAND,1,1759,19597.35
21844,RED RETROSPOT MUG,1,1847,5167.6900000000005
21845,DAIRY MAID STRIPE MUG,1,1906,1720.3000000000002
21846,PINK DIAMANTE PEN IN GIFT BOX,1,412,1147.57
21847,GREEN  DIAMANTE PEN IN GIFT BOX,1,76,178.89
21849,SILVER DIAMANTE PEN IN GIFT BOX,1,173,548.93
21850,BLUE  DIAMANTE PEN IN GIFT BOX,1,93,335.13
21851,LILAC DIAMANTE PEN IN GIFT BOX,1,141,454.99
21864,UNION JACK FLAG PASSPORT COVER,1,828,2041.69
21865,PINK UNION JACK  PASSPORT COVER,1,271,618.9300000000001
21866,UNION JACK FLAG LUGGAGE TAG,1,747,1292.38
21867,PINK UNION JACK  LUGGAGE TAG,1,348,480.25
21868,POTTING SHED TEA MUG,1,2453,3229.75
21870,I CAN ONLY PLEASE ONE PERSON MUG,1,1383,1821.46
21871,SAVE THE PLANET MUG,1,4805,5992.68
21906,PHARMACIE FIRST AID TIN,1,578,4450.5599999999995
21908,CHOCOLATE THIS WAY METAL SIGN,1,3747,7701.820000000001
21823,PAINTED METAL HEART WITH HOLLY BELL,1,1372,854.3499999999999
21948,SET OF 6 CAKE CHOPSTICKS,1,640,978.23
21955,DOORMAT UNION JACK GUNS AND ROSES,1,1228,7580.82
21967,PACK OF 12 SKULL TISSUES,1,5271,1582.1499999999999
21972,SET OF 36 DINOSAUR PAPER DOILIES,1,335,499.08
21973,SET OF 36 MUSHROOM PAPER DOILIES,1,159,230.54999999999998
21974,SET OF 36 PAISLEY FLOWER DOILIES,1,2158,3457.1499999999996
21975,PACK OF 60 DINOSAUR CAKE CASES,1,12288,6089.31
21976,PACK OF 60 MUSHROOM CAKE CASES,1,5175,2856.7000000000003
21977,PACK OF 60 PINK PAISLEY CAKE CASES,1,24748,12186.720000000001
21980,PACK OF 12 RED RETROSPOT TISSUES,1,6613,2100.2999999999997
21981,PACK OF 12 WOODLAND TISSUES,1,5468,1651.3
21982,PACK OF 12 SUKI TISSUES,1,7173,2215.6099999999997
21983,PACK OF 12 BLUE PAISLEY TISSUES,1,2301,777.67
21984,PACK OF 12 PINK PAISLEY TISSUES,1,3458,1112.6
21985,PACK OF 12 HEARTS DESIGN TISSUES,1,8775,2729.5099999999998
21986,PACK OF 12 PINK POLKADOT TISSUES,1,4067,1197.73
21987,PACK OF 6 SKULL PAPER CUPS,1,2101,1338.8500000000001
21988,PACK OF 6 SKULL PAPER PLATES,1,2321,1862.75
21989,PACK OF 20 SKULL PAPER NAPKINS,1,2409,2233.1
21990,MODERN FLORAL STATIONERY SET,1,1672,2870.0
21991,BOHEMIAN COLLAGE STATIONERY SET,1,623,1065.82
21992,VINTAGE PAISLEY STATIONERY SET,1,1901,3510.72
21993,FLORAL FOLK STATIONERY SET,1,1925,3340.84
22021,BLUE FELT EASTER EGG BASKET,1,365,610.4499999999999
22023,EMPIRE BIRTHDAY CARD,1,1194,533.68
22024,RAINY LADIES BIRTHDAY CARD,1,2394,1018.6899999999999
21949,SET OF 6 STRAWBERRY CHOPSTICKS,1,801,1054.44
21947,SET OF 6 HEART CHOPSTICKS,1,811,1139.65
21910,WAY OUT METAL SIGN,1,36,59.39999999999999
21946,PARTY TIME DESIGN FLANNEL,1,86,75.35
21911,GARDEN METAL SIGN,1,102,183.40999999999997
21912,VINTAGE SNAKES & LADDERS,1,1786,7047.7
21913,VINTAGE SEASIDE JIGSAW PUZZLES,1,396,1558.33
21914,BLUE HARMONICA IN BOX,1,7864,10324.81
21915,RED  HARMONICA IN BOX,1,21855,26234.08
21916,SET 12 RETRO WHITE CHALK STICKS,1,4575,1963.41
21917,SET 12 KIDS  WHITE CHALK STICKS,1,4150,1701.51
21918,SET 12 KIDS COLOUR  CHALK STICKS,1,7198,2949.83
21922,UNION STRIPE WITH FRINGE  HAMMOCK,1,898,6944.360000000001
21925,UNION STRIPE CUSHION COVER,1,399,498.75
21926,RED/CREAM STRIPE CUSHION COVER,1,402,494.9
21927,BLUE/CREAM STRIPE CUSHION COVER,1,587,726.15
21929,JUMBO BAG PINK VINTAGE PAISLEY,1,10793,22809.32
21930,JUMBO STORAGE BAG SKULLS,1,6437,14004.12
21931,JUMBO STORAGE BAG SUKI,1,13340,30209.13
21932,SCANDINAVIAN PAISLEY PICNIC BAG,1,2690,4945.88
21933,PINK VINTAGE PAISLEY PICNIC BAG,1,2671,4955.78
21934,SKULL SHOULDER BAG,1,2411,4463.78
21935,SUKI  SHOULDER BAG,1,3392,6296.96
21936,RED RETROSPOT PICNIC BAG,1,3984,11662.24
21937,STRAWBERRY   PICNIC BAG,1,1697,4869.349999999999
21942,SKULLS DESIGN FLANNEL,1,275,302.81
21943,CAKES AND RABBITS DESIGN FLANNEL,1,119,134.48999999999998
21944,KITTENS DESIGN FLANNEL,1,337,310.19
21945,STRAWBERRIES  DESIGN FLANNEL,1,358,373.34
21824,PAINTED METAL STAR WITH HOLLY BELLS,1,1892,1067.62
21822,GLITTER CHRISTMAS TREE WITH BELLS,1,698,719.3
21657,MILK BOTTLE WITH GLASS STOPPER,1,30,223.46
21694,SMALL REGAL  SILVER CANDLEPOT,1,307,840.33
21696,SMALL SILVER TRELLIS CANDLEPOT,1,212,637.0000000000001
21698,MOCK LOBSTER FRIDGE MAGNET,1,296,164.17
21700,BIG DOUGHNUT FRIDGE MAGNETS,1,1690,2304.3399999999997
21703,BAG 125G SWIRLY MARBLES,1,9306,3493.61
21704,BAG 250G SWIRLY MARBLES,1,5144,4039.2799999999997
21705,BAG 500G SWIRLY MARBLES,1,1447,1442.37
21706,FOLDING UMBRELLA RED/WHITE POLKADOT,1,346,1616.81
21707,FOLDING UMBRELLA BLACKBLUE POLKADOT,1,160,763.6600000000001
21708,FOLDING UMBRELLA CREAM POLKADOT,1,189,858.1600000000001
21709,FOLDING UMBRELLA CHOCOLATE POLKADOT,1,133,607.23
21710,FOLDING UMBRELLA PINKWHITE POLKADOT,1,107,501.98
21711,FOLDING UMBRELLA WHITE/RED POLKADOT,1,104,513.02
21713,CITRONELLA CANDLE FLOWERPOT,1,786,1817.74
21714,CITRONELLA CANDLE GARDEN POT,1,1651,3010.65
21715,GIRLS VINTAGE TIN SEASIDE BUCKET,1,1330,3507.17
21716,BOYS VINTAGE TIN SEASIDE BUCKET,1,1425,3872.92
21717,EASTER TIN BUCKET,1,408,946.93
21718,RED METAL BEACH SPADE,1,1493,2113.39
21719,LOVELY BONBON STICKER SHEET,1,345,307.44
21720,CAKE SHOP  STICKER SHEET,1,57,48.449999999999996
21721,CANDY SHOP  STICKER SHEET,1,195,179.45999999999998
21722,SWEET PUDDING STICKER SHEET,1,98,95.52999999999999
21723,ALPHABET HEARTS STICKER SHEET,1,397,350.08
21724,PANDA AND BUNNIES STICKER SHEET,1,408,355.83
21725,SWEETIES  STICKERS,1,301,277.24
21695,SMALL SILVER FLOWER CANDLE POT,1,284,857.6800000000001
21693,SMALL HAMMERED SILVER CANDLEPOT,1,361,1107.91
21730,GLASS STAR FROSTED T-LIGHT HOLDER,1,517,2514.4300000000003
21692,SILVER LATTICE VANILLA CANDLE POT,1,17,63.75
21658,GLASS  BEURRE DISH,1,874,3693.98
21661,VINTAGE GLASS TEA CADDY,1,3,17.85
21662,VINTAGE GLASS COFFEE CADDY,1,86,557.3000000000001
21664,RIDGED GLASS STORAGE JAR CREAM LID,1,98,350.22
21666,RIDGED GLASS T-LIGHT HOLDER,1,412,283.51
21668,RED STRIPE CERAMIC DRAWER KNOB,1,5470,7448.76
21669,BLUE STRIPE CERAMIC DRAWER KNOB,1,5215,7040.1
21670,BLUE SPOT CERAMIC DRAWER KNOB,1,4309,6059.04
21671,RED SPOT CERAMIC DRAWER KNOB,1,4376,6019.89
21672,WHITE SPOT RED CERAMIC DRAWER KNOB,1,4954,6728.5
21673,WHITE SPOT BLUE CERAMIC DRAWER KNOB,1,4314,5968.7
21675,BUTTERFLIES STICKERS,1,616,558.06
21676,FLOWERS  STICKERS,1,257,245.35999999999999
21677,HEARTS  STICKERS,1,823,727.64
21678,PAISLEY PATTERN  STICKERS,1,125,111.86
21679,SKULLS  STICKERS,1,1140,1028.58
21680,WOODLAND  STICKERS,1,868,786.31
21681,GIANT MEDINA STAMPED METAL BOWL,1,2,19.9
21682,LARGE MEDINA STAMPED METAL BOWL,1,182,930.96
21683,MEDIUM MEDINA STAMPED METAL BOWL,1,310,948.7000000000002
21684,SMALL MEDINA STAMPED METAL BOWL,1,771,612.1
21686,MEDINA STAMPED METAL STOOL,1,34,1311.69
21688,SILVER PLATE CANDLE BOWL SMALL,1,348,1101.2800000000002
21689,SILVER VANILLA  FLOWER CANDLE POT,1,95,369.87
21690,SILVER  CANDLEPOT JARDIN,1,22,82.5
21726,MULTI HEARTS  STICKERS,1,237,204.69
21731,RED TOADSTOOL LED NIGHT LIGHT,1,13964,23858.73
21821,GLITTER STAR GARLAND WITH BELLS,1,239,992.05
21784,SHOE SHINE BOX,1,57,633.0699999999999
21786,POLKADOT RAIN HAT,1,1937,916.99
21787,RAIN PONCHO RETROSPOT,1,8347,6741.1
21788,KIDS RAIN MAC BLUE,1,1293,1029.24
21789,KIDS RAIN MAC PINK,1,924,802.8
21790,VINTAGE SNAP CARDS,1,14449,12448.81
21791,VINTAGE HEADS AND TAILS CARD GAME,1,7828,10459.4
21792,CLASSIC FRENCH STYLE BASKET GREEN,1,343,1493.77
21793,CLASSIC FRENCH STYLE BASKET BROWN,1,304,1296.6100000000001
21794,CLASSIC FRENCH STYLE BASKET NATURAL,1,522,2213.42
21801,CHRISTMAS TREE DECORATION WITH BELL,1,1215,515.14
21802,CHRISTMAS TREE HEART DECORATION,1,2122,919.14
21803,CHRISTMAS TREE STAR DECORATION,1,2353,1016.02
21804,WHITE CHRISTMAS GARLAND STARS TREES,1,225,830.03
21807,WHITE CHRISTMAS STAR DECORATION,1,438,189.0
21808,"CHRISTMAS GARLAND STARS,TREES",1,180,637.83
21809,CHRISTMAS HANGING TREE WITH BELL,1,1964,1117.92
21810,CHRISTMAS HANGING STAR WITH BELL,1,5781,2908.0899999999997
21812,GARLAND WITH HEARTS AND BELLS,1,379,1676.97
21813,GARLAND WITH STARS AND BELLS,1,543,2250.77
21814,HEART T-LIGHT HOLDER,1,74,111.77
21815,STAR  T-LIGHT HOLDER,1,158,270.22999999999996
21816,CHRISTMAS TREE T-LIGHT HOLDER,1,33,47.849999999999994
21817,GLITTER CHRISTMAS TREE,1,906,410.91
21819,GLITTER CHRISTMAS STAR,1,2470,1066.65
21820,GLITTER HEART GARLAND WITH BELLS,1,299,1255.97
21785,RAIN PONCHO,1,411,268.76
21781,MA CAMPAGNE CUTLERY BOX,1,164,2602.0
21733,RED HANGING HEART T-LIGHT HOLDER,1,7831,23091.09
21777,RECIPE BOX WITH METAL HEART,1,12,95.4
21735,TWO DOOR CURIO CABINET,1,188,2303.85
21736,GOLD SCROLL GLASS T-LIGHT HOLDER,1,80,137.22000000000003
21738,COSY SLIPPER SHOES SMALL  RED,1,46,144.58
21739,COSY SLIPPER SHOES SMALL GREEN,1,254,703.08
21741,COSY SLIPPER SHOES LARGE GREEN,1,147,480.1700000000001
21742,LARGE ROUND WICKER PLATTER,1,194,1167.58
21743,STAR PORTABLE TABLE LIGHT,1,299,887.6500000000001
21744,SNOWFLAKE PORTABLE TABLE LIGHT,1,529,1557.65
21745,GAOLERS KEYS DECORATIVE GARDEN,1,931,3460.73
21746,SMALL RED RETROSPOT WINDMILL,1,3063,3751.93
21747,SMALL SKULL WINDMILL,1,473,630.61
21749,LARGE RED RETROSPOT WINDMILL,1,1957,3864.4900000000002
21750,LARGE SKULL WINDMILL,1,90,207.51000000000002
21754,HOME BUILDING BLOCK WORD,1,2755,16899.670000000002
21755,LOVE BUILDING BLOCK WORD,1,2008,12418.01
21756,BATH BUILDING BLOCK WORD,1,809,5006.26
21757,LIGHTHOUSE PRINTED METAL SIGN,1,6,29.700000000000003
21758,VINTAGE SHELLS PRINT,1,50,427.46000000000004
21761,WOOD AND GLASS MEDICINE CABINET,1,10,299.5
21763,VINTAGE WOODEN BAR STOOL,1,6,169.75
21769,VINTAGE POST OFFICE CABINET,1,11,607.6500000000001
21770,OPEN CLOSED METAL SIGN,1,1632,7894.2300000000005
21773,DECORATIVE ROSE BATHROOM BOTTLE,1,1170,1154.17
21774,DECORATIVE CATS BATHROOM BOTTLE,1,1095,1152.4
21775,DECORATIVE FLORE BATHROOM BOTTLE,1,515,716.86
21277,FRENCH STYLE EMBOSSED HEART CABINET,1,24,527.53
21272,SALLE DE BAIN HOOK,1,548,777.5699999999999
22026,BANQUET BIRTHDAY  CARD,1,1632,707.04
20694,FLORAL PINK MONSTER,1,43,187.54
20696,FLORAL SOFT CAR TOY,1,54,230.81
20697,LITTLE GREEN MONSTER SOFT TOY,1,19,48.449999999999996
20698,LITTLE PINK MONSTER SOFT TOY,1,17,43.349999999999994
20699,MOUSEY LONG LEGS SOFT TOY,1,97,266.03
20700,GREEN CAT FLORAL CUSHION COVER,1,73,345.17
20701,PINK CAT FLORAL CUSHION COVER,1,25,100.97
20702,PINK PADDED MOBILE,1,134,573.54
20704,MR ROBOT SOFT TOY,1,216,697.7
20705,MRS ROBOT SOFT TOY,1,143,428.85
20707,CRAZY DAISY HEART DECORATION,1,464,468.39
20711,JUMBO BAG TOYS,1,4997,10995.12
20712,JUMBO BAG WOODLAND ANIMALS,1,9541,21681.89
20713,JUMBO BAG OWLS,1,11187,22585.26
20716,PARTY FOOD SHOPPER BAG,1,400,469.63
20717,STRAWBERRY SHOPPER BAG,1,2845,3549.48
20718,RED RETROSPOT SHOPPER BAG,1,4759,6591.79
20719,WOODLAND CHARLOTTE BAG,1,13210,16680.35
20723,STRAWBERRY CHARLOTTE BAG,1,9783,12539.65
20724,RED RETROSPOT CHARLOTTE BAG,1,17650,21692.04
20726,LUNCH BAG WOODLAND,1,9848,18183.13
20727,LUNCH BAG  BLACK SKULL.,1,12142,22259.51
20728,LUNCH BAG CARS BLUE,1,11743,21628.53
20731,POSY CANDY BAG,1,92,109.96
20733,GOLD MINI TAPE MEASURE,1,934,740.36
20734,SILVER MINI TAPE MEASURE,1,158,271.21999999999997
20695,FLORAL BLUE MONSTER,1,5,21.25
20686,DOLLY MIXTURE CHILDREN'S UMBRELLA,1,267,922.67
20748,KENSINGTON COFFEE SET,1,57,751.17
20685,DOORMAT RED RETROSPOT,1,4023,27598.37
20654,FIRST CLASS LUGGAGE TAG,1,152,193.59
20655,QUEEN OF SKIES LUGGAGE TAG,1,197,292.29
20657,TROPICAL LUGGAGE TAG,1,73,105.91
20658,RED RETROSPOT LUGGAGE TAG,1,433,652.11
20659,ECONOMY LUGGAGE TAG,1,158,246.84
20661,BLUE POLKADOT PURSE,1,44,141.15
20662,FIRST CLASS HOLIDAY PURSE,1,31,90.42
20663,QUEEN OF THE SKIES HOLIDAY PURSE,1,25,66.26
20664,TROPICAL HOLIDAY PURSE,1,32,81.66
20665,RED RETROSPOT PURSE,1,461,1546.2700000000002
20666,ECONOMY HOLIDAY PURSE,1,30,41.53
20667,CHERRY BLOSSOM PURSE,1,20,49.69
20668,DISCO BALL CHRISTMAS DECORATION,1,12883,1501.4
20669,RED HEART LUGGAGE TAG,1,304,447.34
20670,VIP HOLIDAY PURSE,1,14,44.04
20671,BLUE TEATIME PRINT BOWL,1,10,12.5
20674,GREEN POLKADOT BOWL,1,1563,2016.23
20675,BLUE POLKADOT BOWL,1,3116,3978.12
20676,RED RETROSPOT BOWL,1,5011,6359.81
20677,PINK POLKADOT BOWL,1,3669,4741.09
20678,LARGE BLACK DIAMANTE HAIRSLIDE,1,4,6.6
20679,EDWARDIAN PARASOL RED,1,1704,9985.720000000001
20681,PINK POLKADOT CHILDRENS UMBRELLA,1,139,503.71
20682,RED RETROSPOT CHILDRENS UMBRELLA,1,1234,4168.08
20684,STRAWBERRY DREAM CHILDS UMBRELLA,1,80,270.56
20735,BLACK MINI TAPE MEASURE,1,623,625.8
20749,ASSORTED COLOUR MINI CASES,1,1757,12510.82
20652,BLUE POLKADOT LUGGAGE TAG,1,265,346.86
20781,GOLD EAR MUFF HEADPHONES,1,35,212.26
20785,FUSCHIA RETRO BAR STOOL,1,14,523.3000000000001
20793,BLUE TILED TRAY,1,3,20.25
20794,BLUE  TILE HOOK,1,91,262.39
20795,LARGE BLUE PROVENCAL CERAMIC BALL,1,49,113.05000000000001
20796,SMALL BLUE PROVENCAL CERAMIC BALL,1,62,103.93999999999998
20798,CLEAR MILKSHAKE GLASS,1,36,75.60000000000001
20801,LARGE PINK GLASS SUNDAE DISH,1,997,1145.8
20802,SMALL GLASS SUNDAE DISH CLEAR,1,739,984.4699999999999
20803,SMALL PINK GLASS SUNDAE DISH,1,903,461.26
20816,GOLD FLOWER CUSHION COVER,1,8,15.6
20818,GOLD TEDDY BEAR,1,15,42.7
20819,SILVER TEDDY BEAR,1,64,244.72
20820,SILVER LOOKING MIRROR,1,5,24.75
20821,GOLDIE LOOKING MIRROR,1,11,54.45
20823,GOLD WINE GOBLET,1,164,129.56
20826,SILVER APERITIF GLASS,1,276,128.4
20827,GOLD APERITIF GLASS,1,88,34.32
20828,GLITTER BUTTERFLY CLIPS,1,1128,3074.7799999999997
20829,GLITTER HANGING BUTTERFLY STRING,1,1312,2718.75
20830,SILVER PHOTO FRAME,1,136,409.83
20831,GOLD PHOTO FRAME,1,216,466.53000000000003
20832,RED FLOCK LOVE HEART PHOTO FRAME,1,1067,572.67
20835,FRENCH LATTICE CUSHION COVER,1,67,65.8
20836,FRENCH PAISLEY CUSHION COVER,1,158,131.14
20837,FRENCH FLORAL CUSHION COVER,1,141,142.47
20782,CAMOUFLAGE EAR MUFF HEADPHONES,1,53,368.08
20780,BLACK EAR MUFF HEADPHONES,1,47,312.7
20750,RED RETROSPOT MINI CASES,1,1743,12603.18
20778,GARDEN PATH NOTEBOOK,1,15,24.75
20751,FUNKY WASHING UP GLOVES ASSORTED,1,971,2041.5200000000002
20752,BLUE POLKADOT WASHING UP GLOVES,1,406,918.35
20754,RETROSPOT RED WASHING UP GLOVES,1,1456,3086.76
20755,BLUE PAISLEY POCKET BOOK,1,306,271.16999999999996
20756,GREEN FERN POCKET BOOK,1,63,53.55
20757,RED DAISY POCKET BOOK,1,158,136.64
20758,ABSTRACT CIRCLES POCKET BOOK,1,159,135.15
20759,CHRYSANTHEMUM POCKET BOOK,1,64,54.4
20760,GARDEN PATH POCKET BOOK,1,69,58.65
20761,BLUE PAISLEY SKETCHBOOK,1,120,505.97
20762,GREEN FERN SKETCHBOOK,1,106,420.08
20763,DAISY SKETCHBOOK,1,73,205.04
20764,ABSTRACT CIRCLES SKETCHBOOK,1,142,603.3100000000001
20765,CHRYSANTHEMUM SKETCHBOOK,1,102,416.05
20766,GARDEN PATH SKETCHBOOK,1,122,493.57
20767,BLUE PAISLEY JOURNAL,1,250,656.06
20768,GREEN FERN JOURNAL,1,176,438.57
20769,DAISY JOURNAL,1,80,217.55999999999997
20770,ABSTRACT CIRCLE JOURNAL,1,184,447.25
20771,CHRYSANTHEMUM  JOURNAL,1,102,267.13
20772,GARDEN PATH JOURNAL,1,246,618.64
20773,BLUE PAISLEY NOTEBOOK,1,56,92.39999999999999
20774,GREEN FERN NOTEBOOK,1,86,141.23999999999998
20775,DAISY NOTEBOOK,1,134,233.54
20777,CHRYSANTHEMUM NOTEBOOK,1,169,282.48999999999995
20653,CHERRY BLOSSOM LUGGAGE TAG,1,73,95.17999999999999
20619,TROPICAL PASSPORT COVER,1,262,439.65
20839,FRENCH PAISLEY CUSHION COVER,1,575,840.4399999999999
16014,SMALL CHINESE STYLE SCISSOR,1,13328,4335.76
16016,LARGE CHINESE STYLE SCISSOR,1,1273,1053.45
16020C,CLEAR STATIONERY BOX SET,1,84,69.89999999999999
16033,MINI HIGHLIGHTER PENS,1,840,100.79999999999998
16043,POP ART PUSH DOWN RUBBER,1,98,11.759999999999998
16045,POPART WOODEN PENCILS ASST,1,8900,380.0
16046,TEATIME PEN CASE & PENS,1,65,55.25
16048,TEATIME ROUND PENCIL SHARPENER,1,1460,205.29999999999998
16049,TEATIME GEL PENS ASST,1,504,82.08
16052,TEATIME PUSH DOWN RUBBER,1,479,115.3
16054,POPART RECT PENCIL SHARPENER ASST,1,1166,140.52
16151A,FLOWERS HANDBAG BLUE AND ORANGE,1,49,61.25
16156S,WRAP PINK FAIRY CAKES,1,5800,2331.0
16161G,WRAP BAD HAIR DAY,1,700,70.0
16161M,WRAP  PINK FLOCK,1,25,10.5
16161P,WRAP ENGLISH ROSE,1,7176,2969.92
16161U,WRAP SUKI AND FRIENDS,1,4050,1677.0
16162L,THE KING GIFT BAG,1,20,13.0
16162M,THE KING GIFT BAG 25X24X12CM,1,28,11.76
16168M,FUNKY MONKEY GIFT BAG MEDIUM,1,371,173.12
16169E,WRAP 50'S  CHRISTMAS,1,4438,1839.96
16169K,WRAP FOLK ART,1,200,84.0
16169M,WRAP DAISY CARPET,1,660,277.2
16169N,WRAP BLUE RUSSIAN FOLKART,1,25,10.5
16169P,WRAP GREEN RUSSIAN FOLKART,1,50,21.0
16202A,PASTEL PINK PHOTO ALBUM,1,7,3.5
16015,MEDIUM CHINESE STYLE SCISSOR,1,662,289.98
16012,FOOD/DRINK SPONGE STICKERS,1,1220,256.2
16202E,BLACK PHOTO ALBUM,1,15,7.5
16011,ANIMAL STICKERS,1,1749,367.29
10120,DOGGY RUBBER,1,192,40.32
10123C,HEARTS WRAPPING TAPE,1,5,3.25
10124A,SPOTS ON RED BOOKCOVER TAPE,1,16,6.72
10124G,ARMY CAMO BOOKCOVER TAPE,1,17,7.14
10125,MINI FUNKY DESIGN TAPES,1,1295,993.99
10133,COLOURING PENCILS BROWN TUBE,1,2846,1535.4
10135,COLOURING PENCILS BROWN TUBE,1,2229,2204.89
11001,ASSTD DESIGN RACING CAR PEN,1,1615,2389.44
15030,FAN BLACK FRAME,1,143,41.47
15034,PAPER POCKET TRAVELING FAN,1,5247,735.86
15036,ASSORTED COLOURS SILK FAN,1,23802,18549.92
15039,SANDALWOOD FAN,1,2070,1961.6399999999999
15044A,PINK PAPER PARASOL,1,458,1439.0200000000002
15044B,BLUE PAPER PARASOL,1,321,946.83
15044C,PURPLE PAPER PARASOL,1,313,1022.9900000000001
15044D,RED PAPER PARASOL,1,644,1819.76
15056BL,EDWARDIAN PARASOL BLACK,1,2804,16280.070000000002
15056N,EDWARDIAN PARASOL NATURAL,1,4038,23505.920000000002
15056P,EDWARDIAN PARASOL PINK,1,803,4731.7
15058A,BLUE POLKADOT GARDEN PARASOL,1,198,1652.59
15058B,PINK POLKADOT GARDEN PARASOL,1,228,1885.27
15058C,ICE CREAM DESIGN GARDEN PARASOL,1,240,1429.82
15060B,FAIRY CAKE DESIGN UMBRELLA,1,453,1828.67
16008,SMALL FOLDING SCISSOR(POINTED EDGE),1,2892,360.71
16010,FOLDING CAMPING SCISSOR W/KNIF & S,1,30,3.5999999999999996
16202B,PASTEL BLUE PHOTO ALBUM,1,29,14.5
16206B,RED PURSE WITH PINK HEART,1,7,8.75
20618,QUEEN OF THE SKIES PASSPORT COVER,1,148,286.39
17028J,INCENSE BAZAAR PEACH,1,6,2.52
17084A,TRANQUILITY MASALA INCENSE,1,200,42.0
17084J,LOVE POTION MASALA INCENSE,1,225,47.25
17084N,FAIRY DREAMS INCENSE,1,1264,313.31
17084P,DRAGONS BLOOD INCENSE,1,423,104.44
17084R,ASSORTED INCENSE PACK,1,4032,760.3199999999999
17090A,LAVENDER INCENSE 40 CONES IN TIN,1,109,107.44999999999999
17090D,VANILLA INCENSE 40 CONES IN TIN,1,29,36.25
17091A,LAVENDER INCENSE IN TIN,1,171,98.91
17091J,VANILLA INCENSE IN TIN,1,2084,920.67
17096,ASSORTED LAQUERED INCENSE HOLDERS,1,2545,455.9800000000001
17109D,FLOWER FAIRY INCENSE BOUQUET,1,61,32.349999999999994
17129F,BLUE GLASS GEMS IN BAG,1,588,553.8299999999999
17136A,BLUE STONES ON WIRE FOR CANDLE,1,352,29.59
17164B,ASS COL SMALL SAND GECKO P'WEIGHT,1,27,11.34
17165D,ASS COL LARGE SAND FROG P'WEIGHT,1,27,28.35
17174,ASSTD RASTA KEY-CHAINS,1,9,3.7800000000000002
17191A,ROSE FLOWER CANDLE+INCENSE 16X16CM,1,4,15.0
18007,ESSENTIAL BALM 3.5G TIN IN ENVELOPE,1,5884,395.61
18094C,WHITE AND BLUE CERAMIC OIL BURNER,1,192,283.93
18097A,PINK TALL PORCELAIN T-LIGHT HOLDER,1,5,12.75
18097C,WHITE TALL PORCELAIN T-LIGHT HOLDER,1,407,1029.4099999999999
18098C,PORCELAIN BUTTERFLY OIL BURNER,1,265,921.87
20615,BLUE POLKADOT PASSPORT COVER,1,309,466.99
20616,CHERRY BLOSSOM PASSPORT COVER,1,194,243.53
20617,FIRST CLASS PASSPORT COVER,1,93,194.94
17038,PORCELAIN BUDAH INCENSE HOLDER,1,1525,158.06
17021,NAMASTE SWAGAT INCENSE,1,2391,632.34
16207A,PINK STRAWBERRY HANDBAG,1,60,163.1
17014A,ORIGAMI VANILLA INCENSE CONES,1,155,71.19
16207B,PINK HEART RED HANDBAG,1,29,76.14
16216,LETTER SHAPE PENCIL SHARPENER,1,3333,234.0
16218,CARTOON  PENCIL SHARPENERS,1,3821,283.31
16219,HOUSE SHAPE PENCIL SHARPENER,1,3000,404.84
16225,RATTLE SNAKE EGGS,1,813,689.35
16235,RECYCLED PENCIL WITH RABBIT ERASER,1,3068,695.4
16236,KITTY PENCIL ERASERS,1,1438,320.09
16237,SLEEPING CAT ERASERS,1,4931,1035.33
16238,PARTY TIME PENCIL ERASERS,1,1396,321.67
16244B,MAXWELL 2 TONE BLUE 60 PAGE PHOTO A,1,7,7.85
16248B,BLUE HOLE PUNCH,1,13,16.25
16254,TRANSPARENT ACRYLIC TAPE DISPENSER,1,40,42.58
16258A,SWIRLY CIRCULAR RUBBERS IN BAG,1,471,178.54999999999998
16259,PIECE OF CAMO STATIONERY SET,1,3272,317.92
17001,HEAVENS SCENT FRAGRANCE OILS ASSTD,1,72,20.88
17003,BROCADE RING PURSE,1,23020,6025.95
17007B,S/3 POT POURI CUSHIONS BLUE COLOURS,1,24,50.400000000000006
17011F,ORIGAMI SANDLEWOOD INCENSE+FLOWER,1,81,66.36000000000001
17012A,ORIGAMI VANILLA INCENSE/CANDLE SET,1,323,375.93
17012B,ORIGAMI JASMINE INCENSE/CANDLE SET,1,525,595.85
17012C,ORIGAMI LAVENDER INCENSE/CANDL SET,1,420,481.79999999999995
17012D,ORIGAMI ROSE INCENSE/CANDLE SET,1,461,547.24
17012E,ORIGAMI OPIUM INCENSE/CANDLE SET,1,44,62.64
17012F,ORIGAMI SANDLEWOOD INCENSE/CAND SET,1,448,530.6
17013D,ORIGAMI ROSE INCENSE IN TUBE,1,535,267.82
20838,FRENCH LATTICE CUSHION COVER,1,373,451.25
20840,FRENCH FLORAL CUSHION COVER,1,521,622.12
21270,ANTIQUE CREAM CUTLERY CUPBOARD,1,50,530.19
21143,ANTIQUE GLASS HEART DECORATION,1,327,707.23
21145,ANTIQUE GLASS PLACE SETTING,1,122,152.5
21147,JINGLE BELLS TREE DECORATION,1,203,415.77
21154,RED RETROSPOT OVEN GLOVE,1,3824,6096.01
21155,RED RETROSPOT PEG BAG,1,3128,9232.85
21156,RETROSPOT CHILDRENS APRON,1,3154,6059.9
21157,RED RETROSPOT WASHBAG,1,78,225.5
21158,MOODY GIRL DOOR HANGER,1,1445,772.51
21159,MOODY BOY  DOOR HANGER,1,1126,601.79
21160,KEEP OUT GIRLS DOOR HANGER,1,1,3.36
21161,KEEP OUT BOYS DOOR HANGER,1,143,229.92
21162,TOXIC AREA  DOOR HANGER,1,1462,792.98
21163,DO NOT TOUCH MY STUFF DOOR HANGER,1,1196,680.55
21164,HOME SWEET HOME METAL SIGN,1,1760,5138.280000000001
21165,BEWARE OF THE CAT METAL SIGN,1,4142,6915.42
21166,COOK WITH WINE METAL SIGN,1,10264,20768.36
21167,WHITE SAGE INCENSE,1,1432,337.14
21169,YOU'RE CONFUSING ME METAL SIGN,1,4401,7281.49
21171,BATHROOM METAL SIGN,1,438,613.14
21172,PARTY METAL SIGN,1,3473,5321.23
21174,POTTERING IN THE SHED METAL SIGN,1,4175,9405.76
21179,NO JUNK MAIL METAL SIGN,1,1940,1313.79
21181,PLEASE ONE PERSON METAL SIGN,1,12202,25086.280000000002
21186,WHITE DOVE HONEYCOMB PAPER GARLAND,1,2,6.72
21187,WHITE BELL HONEYCOMB PAPER GARLAND,1,369,648.4499999999999
21188,3D HEARTS  HONEYCOMB PAPER GARLAND,1,326,1021.9000000000001
21144,PINK POODLE HANGING DECORATION,1,5,16.8
21137,BLACK RECORD COVER FRAME,1,11639,40588.38
21190,PINK HEARTS PAPER GARLAND,1,118,172.70000000000002
21136,PAINTED METAL PEARS ASSORTED,1,4679,7779.62
21095,SET/6 POSIES PAPER PLATES,1,125,118.72999999999999
21096,SET/6 FRUIT SALAD  PAPER PLATES,1,1259,581.09
21098,CHRISTMAS TOILET ROLL,1,3719,5078.76
21100,CHARLIE AND LOLA CHARLOTTE BAG,1,65,162.20999999999998
21106,CREAM SLICE FLANNEL CHOCOLATE SPOT,1,237,702.51
21107,CREAM SLICE FLANNEL PINK SPOT,1,901,2492.71
21108,FAIRY CAKE FLANNEL ASSORTED COLOUR,1,7091,11464.86
21110,LARGE CAKE TOWEL PINK SPOTS,1,1105,3815.7
21111,"SWISS ROLL TOWEL, CHOCOLATE  SPOTS",1,900,1651.02
21114,LAVENDER SCENTED FABRIC HEART,1,1331,1765.58
21115,ROSE CARAVAN DOORSTOP,1,562,3162.24
21116,OWL DOORSTOP,1,695,4051.79
21117,BLOND DOLL DOORSTOP,1,109,141.75
21120,*BOOMBOX IPOD CLASSIC,1,1,16.98
21121,SET/10 RED POLKADOT PARTY CANDLES,1,6558,7938.85
21122,SET/10 PINK POLKADOT PARTY CANDLES,1,5277,6428.54
21123,SET/10 IVORY POLKADOT PARTY CANDLES,1,1119,1350.84
21124,SET/10 BLUE POLKADOT PARTY CANDLES,1,3963,4803.05
21125,SET 6 FOOTBALL CELEBRATION CANDLES,1,656,829.73
21126,SET OF 6 GIRLS CELEBRATION CANDLES,1,592,748.95
21128,GOLD FISHING GNOME,1,68,546.6
21129,SILVER FISHING GNOME,1,52,419.52000000000004
21131,GOLD STANDING GNOME,1,106,398.02
21132,SILVER STANDING GNOME,1,44,217.35999999999999
21135,VICTORIAN  METAL POSTCARD SPRING,1,2577,3084.04
21189,WHITE HONEYCOMB PAPER GARLAND,1,355,888.67
21191,LARGE WHITE HONEYCOMB PAPER BELL,1,562,1451.82
21090,SET/6 COLLAGE PAPER PLATES,1,2377,1260.1499999999999
21224,SET/4 SKULL BADGES,1,908,1072.5
21228,"POCKET MIRROR ""GLAMOROUS""",1,5,6.25
21231,SWEETHEART CERAMIC TRINKET BOX,1,5982,7527.280000000001
21238,RED RETROSPOT CUP,1,3949,3471.44
21239,PINK  POLKADOT CUP,1,2996,2690.34
21240,BLUE POLKADOT CUP,1,3550,3093.2599999999998
21242,RED RETROSPOT PLATE,1,3351,5662.53
21244,BLUE POLKADOT PLATE,1,2277,3780.87
21245,GREEN POLKADOT PLATE,1,1075,1787.1999999999998
21246,RED RETROSPOT BIG BOWL,1,286,1336.78
21248,DOOR HANGER  MUM + DADS ROOM,1,205,330.71999999999997
21249,WOODLAND  HEIGHT CHART STICKERS,1,724,2160.0
21250,SET OF SKULL WALL STICKERS,1,95,274.37
21251,DINOSAUR HEIGHT CHART STICKER SET,1,182,568.98
21253,SET OF PICTURE FRAME  STICKERS,1,134,590.4200000000001
21257,VICTORIAN SEWING BOX MEDIUM,1,686,6885.52
21258,VICTORIAN SEWING BOX LARGE,1,531,7662.049999999999
21259,VICTORIAN SEWING BOX SMALL,1,1176,7059.35
21260,FIRST AID TIN,1,1121,3592.23
21261,GREEN GOOSE FEATHER CHRISTMAS TREE,1,187,672.09
21262,WHITE GOOSE FEATHER CHRISTMAS TREE,1,332,1233.21
21263,GREEN GOOSE FEATHER TREE 60CM,1,165,345.27
21264,WHITE GOOSE FEATHER TREE 60CM,1,281,567.75
21265,PINK GOOSE FEATHER TREE 60CM,1,131,267.21
21268,VINTAGE BLUE TINSEL REEL,1,2,0.84
21269,ANTIQUE CREAM CUTLERY SHELF,1,29,254.98000000000002
21226,POCKET MIRROR WOODLAND,1,93,80.55
21222,SET/4 BADGES BEETLES,1,265,348.19
21192,WHITE BELL HONEYCOMB PAPER,1,1092,1923.2899999999997
21221,SET/4 BADGES CUTE CREATURES,1,261,340.22
21194,PINK  HONEYCOMB PAPER FAN,1,498,555.97
21195,PINK  HONEYCOMB PAPER BALL,1,693,1308.56
21196,ROUND WHITE CONFETTI IN TUBE,1,108,189.67999999999998
21197,MULTICOLOUR  CONFETTI IN TUBE,1,284,382.9599999999999
21198,WHITE HEART CONFETTI IN TUBE,1,956,947.06
21199,PINK  HEART CONFETTI IN TUBE,1,918,868.17
21200,MULTICOLOUR HONEYCOMB PAPER GARLAND,1,1119,1531.1399999999999
21201,TROPICAL  HONEYCOMB PAPER GARLAND,1,1240,2987.82
21202,DOLLY HONEYCOMB GARLAND,1,474,485.46
21204,DAISIES  HONEYCOMB GARLAND,1,499,868.4399999999999
21205,MULTICOLOUR 3D BALLS GARLAND,1,241,646.5899999999999
21206,STRAWBERRY HONEYCOMB  GARLAND,1,1290,1610.9199999999998
21207,SKULL AND CROSSBONES  GARLAND,1,1067,1684.85
21208,PASTEL COLOUR HONEYCOMB FAN,1,940,697.77
21209,MULTICOLOUR HONEYCOMB FAN,1,1224,886.24
21210,SET OF 72 RETROSPOT PAPER  DOILIES,1,5687,8212.14
21211,SET OF 72 SKULL PAPER  DOILIES,1,883,1270.07
21212,PACK OF 72 RETROSPOT CAKE CASES,1,36228,21154.05
21213,PACK OF 72 SKULL CAKE CASES,1,15121,8388.19
21215,IVORY PAPER CUP CAKE CASES,1,1087,744.35
21216,"SET 3 RETROSPOT TEA,COFFEE,SUGAR",1,2124,11363.01
21217,RED RETROSPOT ROUND CAKE TINS,1,1085,11492.59
21218,RED SPOTTY BISCUIT TIN,1,2409,10038.49
21219,SET/4 BADGES BALLOON GIRL,1,448,561.84
21220,SET/4 BADGES DOGS,1,338,445.01
21094,SET/6 RED SPOTTY PAPER PLATES,1,8758,6933.259999999999
21089,SET/6 GREEN SPRING PAPER CUPS,1,233,48.99
20845,ZINC HEART LATTICE 2 WALL PLANTER,1,19,120.64999999999999
20932,PINK POT PLANT CANDLE,1,204,628.7900000000001
20934,SET/3 POT PLANT CANDLES,1,63,397.21000000000004
20935,ROUND CACTUS CANDLE,1,6,17.700000000000003
20936,FORKED CACTUS CANDLE,1,100,319.66
20941,FROG CANDLE,1,64,83.78
20954,*USB OFFICE MIRROR BALL,1,2,16.94
20956,PORCELAIN T-LIGHT HOLDERS ASSORTED,1,822,1146.52
20960,WATERMELON BATH SPONGE,1,29,72.49
20961,STRAWBERRY BATH SPONGE,1,1182,1682.93
20963,APPLE BATH SPONGE,1,1336,1911.17
20964,POLYESTER FILLER PAD 60X40CM,1,2,5.1
20966,SANDWICH BATH SPONGE,1,719,1022.8
20967,GREY FLORAL FELTCRAFT SHOULDER BAG,1,265,1027.94
20969,RED FLORAL FELTCRAFT SHOULDER BAG,1,1816,6741.27
20970,PINK FLORAL FELTCRAFT SHOULDER BAG,1,1115,4228.38
20971,PINK BLUE FELT CRAFT TRINKET BOX,1,9673,12424.34
20972,PINK CREAM FELT CRAFT TRINKET BOX,1,7325,9113.06
20973,12 PENCIL SMALL TUBE WOODLAND,1,4497,3210.27
20974,12 PENCILS SMALL TUBE SKULL,1,6928,4496.2300000000005
20975,12 PENCILS SMALL TUBE RED RETROSPOT,1,6513,4305.27
20977,36 PENCILS TUBE WOODLAND,1,1675,2248.64
20978,36 PENCILS TUBE SKULLS,1,1779,2375.05
20979,36 PENCILS TUBE RED RETROSPOT,1,3637,4602.4800000000005
20980,36 PENCILS TUBE POSY,1,79,76.91
20981,12 PENCILS TALL TUBE WOODLAND,1,1961,1729.52
20982,12 PENCILS TALL TUBE SKULLS,1,2150,1879.82
20933,YELLOW POT PLANT CANDLE,1,23,71.05
20931,BLUE POT PLANT CANDLE,1,299,1060.9
20984,12 PENCILS TALL TUBE POSY,1,3761,1159.11
20910,VINTAGE PHOTO ALBUM PARIS DAYS,1,8,50.8
20846,ZINC HEART LATTICE T-LIGHT HOLDER,1,716,957.32
20847,ZINC HEART LATTICE CHARGER LARGE,1,52,217.57999999999998
20848,ZINC HEART LATTICE CHARGER SMALL,1,21,61.95
20851,ZINC HEART LATTICE TRAY OVAL,1,9,53.550000000000004
20854,BLUE PATCH PURSE PINK HEART,1,228,359.91999999999996
20856,DENIM PATCH PURSE PINK BUTTERFLY,1,206,340.78999999999996
20857,BLUE ROSE PATCH PURSE PINK BUTTERFL,1,17,28.049999999999997
20860,GOLD COSMETICS BAG WITH BUTTERFLY,1,1,2.1
20861,GOLD COSMETIC BAG PINK STAR,1,2,4.2
20866,BLUE ROSE FABRIC MIRROR,1,477,582.5
20867,PINK ROSE FABRIC MIRROR,1,331,393.46999999999997
20868,SILVER FABRIC MIRROR,1,458,219.35000000000002
20869,GOLD FABRIC MIRROR,1,180,86.76
20871,OPULENT VELVET SET/3 CANDLES,1,2,8.42
20878,SET/9 CHRISTMAS T-LIGHTS SCENTED,1,24,30.0
20886,BOX OF 9 PEBBLE CANDLES,1,479,974.53
20892,SET/3 TALL GLASS CANDLE HOLDER PINK,1,4,89.22
20893,HANGING BAUBLE T-LIGHT HOLDER SMALL,1,268,609.02
20894,HANGING BAUBLE T-LIGHT HOLDER LARGE,1,33,108.71000000000001
20897,VINTAGE NOTEBOOK PARIS DAYS,1,101,280.57
20898,VINTAGE NOTEBOOK TRAVELOGUE,1,32,88.03
20901,VINTAGE KEEPSAKE BOX PINK FLOWER,1,17,72.43
20902,VINTAGE KEEPSAKE BOX PARIS DAYS,1,112,686.86
20903,VINTAGE KEEPSAKE BOX TRAVELOGUE,1,82,441.89
20906,VINTAGE NOTEBOOK BEAUTY GIRL,1,3,8.850000000000001
20983,12 PENCILS TALL TUBE RED RETROSPOT,1,2737,2374.81
20985,HEART CALCULATOR,1,1167,1525.59
21088,SET/6 FRUIT SALAD PAPER CUPS,1,1678,428.28000000000003
21041,RED RETROSPOT OVEN GLOVE DOUBLE,1,914,3888.98
21043,APRON MODERN VINTAGE COTTON,1,492,1139.86
21051,RIBBONS PURSE,1,192,377.2
21054,NURSE'S BAG SOFT TOY,1,70,634.53
21055,TOOL BOX SOFT TOY,1,172,1710.9399999999998
21056,DOCTOR'S BAG SOFT TOY,1,182,1747.5
21058,PARTY INVITES WOODLAND,1,1142,955.4599999999999
21059,PARTY INVITES DINOSAURS,1,599,518.03
21060,PARTY INVITES BALLOON GIRL,1,405,359.28999999999996
21061,PARTY INVITES FOOTBALL,1,488,451.7
21062,PARTY INVITES SPACEMAN,1,538,457.38
21063,PARTY INVITES JAZZ HEARTS,1,528,458.31
21064,BOOM BOX SPEAKER BOYS,1,296,1281.2
21065,BOOM BOX SPEAKER GIRLS,1,562,1160.58
21066,VINTAGE RED MUG,1,702,693.47
21067,VINTAGE RED TEATIME MUG,1,294,479.77
21068,VINTAGE BILLBOARD LOVE/HATE MUG,1,1638,1890.33
21069,VINTAGE BILLBOARD TEA MUG,1,1248,1507.46
21070,VINTAGE BILLBOARD MUG,1,1106,1184.98
21071,VINTAGE BILLBOARD DRINK ME MUG,1,985,1373.92
21078,SET/20 STRAWBERRY PAPER NAPKINS,1,2769,2531.04
21080,SET/20 RED RETROSPOT PAPER NAPKINS,1,13190,11302.36
21082,SET/20 FRUIT SALAD PAPER NAPKINS,1,88,143.44
21084,SET/6 COLLAGE PAPER CUPS,1,2586,768.58
21086,SET/6 RED SPOTTY PAPER CUPS,1,7121,4851.5
21087,SET/6 POSIES PAPER CUPS,1,141,74.57000000000001
21042,RED RETROSPOT APRON,1,332,2187.6200000000003
21040,MODERN VINTAGE COTTON SHOPPING BAG,1,22,29.7
20986,BLUE CALCULATOR RULER,1,654,829.74
21039,RED RETROSPOT SHOPPING BAG,1,517,1338.3899999999999
20992,JAZZ HEARTS PURSE NOTEBOOK,1,4425,1944.6299999999999
20996,JAZZ HEARTS ADDRESS BOOK,1,3191,726.8900000000001
20997,ROSE DU SUD CUSHION COVER,1,59,257.61
20998,ROSE DU SUD OVEN GLOVE,1,185,505.20000000000005
21000,ROSE DU SUD COSMETICS BAG,1,96,360.84
21001,ROSE DU SUD WASHBAG,1,73,348.19
21002,ROSE DU SUD DRAWSTRING BAG,1,125,428.66
21003,ROSE DU SUD CUSHION COVER,1,78,460.58
21009,ETCHED GLASS STAR TREE DECORATION,1,1,1.25
21011,GLITTER SNOW PEAR TREE DECORATION,1,20,28.999999999999996
21012,ANTIQUE ALL GLASS CANDLESTICK,1,1169,2614.05
21014,SWISS CHALET TREE DECORATION,1,1385,598.8199999999999
21015,DARK BIRD HOUSE TREE DECORATION,1,1483,589.55
21018,BIRD BOX CHRISTMAS TREE DECORATION,1,24,22.06
21025,SPACE FROG,1,174,233.52
21026,SPACE OWL,1,255,315.75
21027,NINJA RABBIT PINK,1,167,187.79
21028,NINJA RABBIT BLACK,1,187,239.24
21030,SPACE CADET RED,1,131,159.7
21031,SPACE CADET BLACK,1,52,64.24
21032,SPACE CADET WHITE,1,97,117.78
21033,JUMBO BAG CHARLIE AND LOLA TOYS,1,1931,4849.65
21034,REX CASH+CARRY JUMBO SHOPPER,1,1867,1773.6499999999999
21035,SET/2 RED RETROSPOT TEA TOWELS,1,2399,7986.85
21038,SET/4 MODERN VINTAGE COTTON NAPKINS,1,75,80.85000000000001
22025,RING OF ROSES BIRTHDAY CARD,1,1823,756.01
22027,TEA PARTY BIRTHDAY CARD,1,4200,1811.79
23082,SET 6 PAPER TABLE LANTERN HEARTS,1,2328,8558.76
22707,WRAP MONSTER FUN,1,1257,527.94
22709,WRAP WEDDING DAY,1,1325,528.5
22710,WRAP I LOVE LONDON,1,4476,1763.92
22711,WRAP CIRCUS PARADE,1,2877,1192.34
22712,CARD DOLLY GIRL,1,4411,1812.12
22713,CARD I LOVE LONDON,1,3441,1437.36
22714,CARD BIRTHDAY COWBOY,1,3475,1410.69
22715,CARD WEDDING DAY,1,1543,645.64
22716,CARD CIRCUS PARADE,1,3201,1360.91
22717,CARD DOG AND BALL,1,1229,535.78
22718,CARD CAT AND TREE,1,1609,707.15
22719,GUMBALL MONOCHROME COAT RACK,1,620,895.72
22720,SET OF 3 CAKE TINS PANTRY DESIGN,1,7458,37985.14
22721,SET OF 3 CAKE TINS SKETCHBOOK,1,1020,4671.81
22722,SET OF 6 SPICE TINS PANTRY DESIGN,1,5949,24369.11
22723,SET OF 6 HERB TINS SKETCHBOOK,1,1163,4258.87
22725,ALARM CLOCK BAKELIKE CHOCOLATE,1,1967,8104.85
22726,ALARM CLOCK BAKELIKE GREEN,1,6407,27110.28
22727,ALARM CLOCK BAKELIKE RED,1,7786,30592.37
22728,ALARM CLOCK BAKELIKE PINK,1,5348,20642.15
22729,ALARM CLOCK BAKELIKE ORANGE,1,2311,9023.95
22730,ALARM CLOCK BAKELIKE IVORY,1,2871,11400.9
22731,3D CHRISTMAS STAMPS STICKERS,1,1172,1536.24
22732,3D VINTAGE CHRISTMAS STICKERS,1,1645,2162.75
22733,3D TRADITIONAL CHRISTMAS STICKERS,1,1583,2095.08
22734,SET OF 6 RIBBONS VINTAGE CHRISTMAS,1,3231,10523.34
22708,WRAP DOLLY GIRL,1,2775,1149.5
22706,WRAP COWBOYS,1,2032,837.44
22736,RIBBON REEL MAKING SNOWMEN,1,1212,2280.6
22705,WRAP GREEN PEARS,1,1858,780.36
22680,FRENCH BLUE METAL DOOR SIGN 5,1,812,1120.29
22681,FRENCH BLUE METAL DOOR SIGN 6,1,699,959.4
22682,FRENCH BLUE METAL DOOR SIGN 7,1,667,884.25
22683,FRENCH BLUE METAL DOOR SIGN 8,1,634,858.99
22684,FRENCH BLUE METAL DOOR SIGN 9,1,521,713.57
22685,FRENCH BLUE METAL DOOR SIGN 0,1,584,768.3
22686,FRENCH BLUE METAL DOOR SIGN NO,1,981,1293.38
22687,DOORMAT CHRISTMAS VILLAGE,1,590,3354.22
22688,DOORMAT PEACE ON EARTH BLUE,1,705,3519.6600000000003
22689,DOORMAT MERRY CHRISTMAS RED,1,671,5159.75
22690,DOORMAT HOME SWEET HOME BLUE,1,1614,9903.65
22691,DOORMAT WELCOME SUNRISE,1,368,2654.92
22692,DOORMAT WELCOME TO OUR HOME,1,1520,11523.16
22693,GROW A FLYTRAP OR SUNFLOWER IN TIN,1,16172,17837.45
22694,WICKER STAR,1,1802,4167.72
22695,WICKER WREATH SMALL,1,741,1001.49
22696,WICKER WREATH LARGE,1,729,1452.55
22697,GREEN REGENCY TEACUP AND SAUCER,1,7209,22571.15
22698,PINK REGENCY TEACUP AND SAUCER,1,5720,17264.16
22699,ROSES REGENCY TEACUP AND SAUCER,1,9674,28563.62
22700,BLACK AND WHITE DOG BOWL,1,1193,2593.33
22701,PINK DOG BOWL,1,539,893.39
22702,BLACK AND WHITE CAT BOWL,1,1363,2684.6499999999996
22703,PINK CAT BOWL,1,360,583.33
22704,WRAP RED APPLES,1,5203,2137.26
22735,RIBBON REEL SOCKS AND MITTENS,1,741,1379.21
22737,RIBBON REEL CHRISTMAS PRESENT,1,1348,2628.15
22678,FRENCH BLUE METAL DOOR SIGN 3,1,833,1139.06
22766,PHOTO FRAME CORNICE,1,3257,9725.59
22768,FAMILY PHOTO FRAME CORNICE,1,846,8049.639999999999
22769,CHALKBOARD KITCHEN ORGANISER,1,11,366.73
22770,MIRROR CORNICE,1,91,1470.83
22771,CLEAR DRAWER KNOB ACRYLIC EDWARDIAN,1,6527,8915.44
22772,PINK DRAWER KNOB ACRYLIC EDWARDIAN,1,3793,5116.7
22773,GREEN DRAWER KNOB ACRYLIC EDWARDIAN,1,2075,2739.4
22774,RED DRAWER KNOB ACRYLIC EDWARDIAN,1,2254,2871.75
22775,PURPLE DRAWERKNOB ACRYLIC EDWARDIAN,1,3105,4469.37
22779,WOODEN OWLS LIGHT GARLAND,1,1533,5772.85
22780,LIGHT GARLAND BUTTERFILES PINK,1,1338,5010.34
22781,GUMBALL MAGAZINE RACK,1,612,5122.16
22782,SET 3 WICKER STORAGE BASKETS,1,241,3399.95
22783,SET 3 WICKER OVAL BASKETS W LIDS,1,463,5961.25
22784,LANTERN CREAM GAZEBO,1,1263,6316.4400000000005
22786,CUSHION COVER PINK UNION JACK,1,123,764.63
22788,BROCANTE COAT RACK,1,217,1996.11
22789,T-LIGHT HOLDER SWEETHEART HANGING,1,844,1657.02
22791,T-LIGHT GLASS FLUTED ANTIQUE,1,7799,9706.24
22792,FLUTED ANTIQUE CANDLE HOLDER,1,2773,2612.73
22794,SWEETHEART WIRE MAGAZINE RACK,1,323,2761.05
22795,SWEETHEART RECIPE BOOK STAND,1,1195,8463.25
22796,PHOTO FRAME 3 CLASSIC HANGING,1,543,5416.799999999999
22797,CHEST OF DRAWERS GINGHAM HEART,1,153,2681.86
22798,ANTIQUE GLASS DRESSING TABLE POT,1,1790,5537.7
22799,SWEETHEART WIRE FRUIT BOWL,1,207,1623.08
22767,TRIPLE PHOTO FRAME CORNICE,1,764,7074.049999999999
22765,NEWSPAPER STAND,1,27,316.95000000000005
22738,RIBBON REEL SNOWY VILLAGE,1,2043,3639.17
22764,"RUSTIC WOODEN CABINET, GLASS DOORS",1,4,149.82
22739,RIBBON REEL CHRISTMAS SOCK BAUBLE,1,1808,3540.47
22740,POLKADOT PEN,1,6842,5793.62
22741,FUNKY DIVA PEN,1,8499,7323.0599999999995
22742,MAKE YOUR OWN PLAYTIME CARD KIT,1,639,1323.5700000000002
22743,MAKE YOUR OWN FLOWERPOWER CARD KIT,1,930,2408.54
22744,MAKE YOUR OWN MONSOON CARD KIT,1,861,2067.15
22745,POPPY'S PLAYHOUSE BEDROOM,1,2009,4636.59
22746,POPPY'S PLAYHOUSE LIVINGROOM,1,1435,3211.34
22747,POPPY'S PLAYHOUSE BATHROOM,1,954,2080.85
22748,POPPY'S PLAYHOUSE KITCHEN,1,2104,4853.530000000001
22749,FELTCRAFT PRINCESS CHARLOTTE DOLL,1,2362,9216.16
22750,FELTCRAFT PRINCESS LOLA DOLL,1,1997,7476.83
22751,FELTCRAFT PRINCESS OLIVIA DOLL,1,1561,5793.97
22752,SET 7 BABUSHKA NESTING BOXES,1,1667,13509.970000000001
22753,SMALL YELLOW BABUSHKA NOTEBOOK,1,1010,758.13
22754,SMALL RED BABUSHKA NOTEBOOK,1,1951,1350.4699999999998
22755,SMALL PURPLE BABUSHKA NOTEBOOK,1,1687,1187.96
22756,LARGE YELLOW BABUSHKA NOTEBOOK,1,599,656.52
22757,LARGE RED BABUSHKA NOTEBOOK,1,1096,1167.74
22758,LARGE PURPLE BABUSHKA NOTEBOOK,1,1195,1110.25
22759,SET OF 3 NOTEBOOKS IN PARCEL,1,5423,9007.64
22760,"TRAY, BREAKFAST IN BED",1,273,3466.3599999999997
22761,CHEST 7 DRAWER MA CAMPAGNE,1,36,895.38
22762,CUPBOARD 3 DRAWER MA CAMPAGNE,1,157,2594.33
22763,KEY CABINET MA CAMPAGNE,1,201,2126.5699999999997
22679,FRENCH BLUE METAL DOOR SIGN 4,1,730,1010.53
22677,FRENCH BLUE METAL DOOR SIGN 2,1,990,1375.32
22801,ANTIQUE GLASS PEDESTAL BOWL,1,1026,4200.14
22581,WOOD STOCKING CHRISTMAS SCANDISPOT,1,1569,1137.28
22583,PACK OF 6 HANDBAG GIFT BOXES,1,572,1567.85
22585,PACK OF 6 BIRDY GIFT TAGS,1,6196,7516.64
22586,FELTCRAFT HAIRBAND PINK AND BLUE,1,855,773.6999999999999
22587,FELTCRAFT HAIRBAND RED AND BLUE,1,918,830.52
22588,CARD HOLDER GINGHAM HEART,1,684,2141.32
22589,CARDHOLDER GINGHAM STAR,1,379,1212.82
22591,CARDHOLDER GINGHAM CHRISTMAS TREE,1,413,1509.41
22592,CARDHOLDER HOLLY WREATH METAL,1,658,3021.12
22593,CHRISTMAS GINGHAM STAR,1,2263,2085.64
22594,CHRISTMAS GINGHAM TREE,1,2006,1905.7699999999998
22596,CHRISTMAS STAR WISH LIST CHALKBOARD,1,3464,4095.42
22598,CHRISTMAS MUSICAL ZINC TREE,1,984,441.09999999999997
22599,CHRISTMAS MUSICAL ZINC STAR,1,1929,947.3599999999999
22600,CHRISTMAS RETROSPOT STAR WOOD,1,1698,1543.2299999999998
22601,CHRISTMAS RETROSPOT ANGEL WOOD,1,2479,2219.83
22603,CHRISTMAS RETROSPOT TREE WOOD,1,1387,1235.3799999999999
22604,SET OF 4 NAPKIN CHARMS CUTLERY,1,1251,3039.66
22605,WOODEN CROQUET GARDEN SET,1,781,11261.26
22606,WOODEN SKITTLES GARDEN SET,1,307,4542.76
22607,WOODEN ROUNDERS GARDEN SET,1,1327,12531.57
22608,PENS ASSORTED FUNKY JEWELED,1,5211,1114.6399999999999
22609,PENS ASSORTED SPACEBALL,1,5838,1361.26
22610,PENS ASSORTED FUNNY FACE,1,9572,2571.4
22611,VINTAGE UNION JACK SHOPPING BAG,1,225,1077.03
22613,PACK OF 20 SPACEBOY NAPKINS,1,1538,1222.61
22582,PACK OF 6 SWEETIE GIFT BOXES,1,1049,2618.75
22580,ADVENT CALENDAR GINGHAM SACK,1,1311,6848.1900000000005
22615,PACK OF 12 CIRCUS PARADE TISSUES,1,2061,655.4699999999999
22579,WOODEN TREE CHRISTMAS SCANDINAVIAN,1,5167,1988.0199999999998
22554,PLASTERS IN TIN WOODLAND ANIMALS,1,7779,13288.669999999998
22555,PLASTERS IN TIN STRONGMAN,1,5998,9822.029999999999
22556,PLASTERS IN TIN CIRCUS PARADE,1,6077,10002.46
22557,PLASTERS IN TIN VINTAGE PAISLEY,1,4712,7762.239999999999
22558,CLOTHES PEGS RETROSPOT PACK 24,1,8652,13288.189999999999
22559,SEASIDE FLYING DISC,1,505,626.53
22560,TRADITIONAL MODELLING CLAY,1,8144,9572.32
22561,WOODEN SCHOOL COLOURING SET,1,5859,9701.97
22562,MONSTERS STENCIL CRAFT,1,1413,1763.3700000000001
22563,HAPPY STENCIL CRAFT,1,2823,3348.1800000000003
22564,ALPHABET STENCIL CRAFT,1,2265,2599.35
22565,FELTCRAFT HAIRBANDS PINK AND WHITE,1,933,872.67
22566,FELTCRAFT HAIRBAND PINK AND PURPLE,1,873,789.78
22567,20 DOLLY PEGS RETROSPOT,1,2436,3236.6
22568,FELTCRAFT CUSHION OWL,1,3224,11906.98
22569,FELTCRAFT CUSHION BUTTERFLY,1,2567,9459.95
22570,FELTCRAFT CUSHION RABBIT,1,2841,10372.62
22571,ROCKING HORSE RED CHRISTMAS,1,2338,2116.36
22572,ROCKING HORSE GREEN CHRISTMAS,1,1380,1244.6699999999998
22573,STAR WOODEN CHRISTMAS DECORATION,1,2684,2423.0
22574,HEART WOODEN CHRISTMAS DECORATION,1,2333,2199.5899999999997
22575,METAL MERRY CHRISTMAS WREATH,1,636,1216.22
22576,SWALLOW WOODEN CHRISTMAS DECORATION,1,1538,1414.4599999999998
22577,WOODEN HEART CHRISTMAS SCANDINAVIAN,1,10608,4075.3599999999997
22578,WOODEN STAR CHRISTMAS SCANDINAVIAN,1,10460,3876.5399999999995
22614,PACK OF 12 SPACEBOY TISSUES,1,3020,1019.5399999999998
22616,PACK OF 12 LONDON TISSUES,1,26107,7971.3
22676,FRENCH BLUE METAL DOOR SIGN 1,1,1144,1564.64
22646,CERAMIC STRAWBERRY CAKE MONEY BANK,1,4159,5682.72
22649,STRAWBERRY FAIRY CAKE TEAPOT,1,785,4083.38
22650,CERAMIC PIRATE CHEST MONEY BANK,1,851,1320.6999999999998
22651,GENTLEMAN SHIRT REPAIR KIT,1,2166,1837.4699999999998
22652,TRAVEL SEWING KIT,1,5081,8595.57
22653,BUTTON BOX,1,1866,3359.0
22654,DELUXE SEWING KIT,1,1398,9815.65
22655,VINTAGE RED KITCHEN CABINET,1,52,6615.0
22656,VINTAGE BLUE KITCHEN CABINET,1,23,3310.0
22659,LUNCH BOX I LOVE LONDON,1,11435,20657.899999999998
22660,DOORMAT I LOVE LONDON,1,364,2678.96
22661,CHARLOTTE BAG DOLLY GIRL DESIGN,1,5184,4206.45
22662,LUNCH BAG DOLLY GIRL DESIGN,1,6706,11060.88
22663,JUMBO BAG DOLLY GIRL DESIGN,1,3409,7031.7
22664,TOY TIDY DOLLY GIRL DESIGN,1,703,1451.85
22665,RECIPE BOX BLUE SKETCHBOOK DESIGN,1,1509,5171.43
22666,RECIPE BOX PANTRY YELLOW DESIGN,1,8218,26079.100000000002
22667,RECIPE BOX RETROSPOT,1,2826,7889.5
22668,PINK BABY BUNTING,1,2119,6520.969999999999
22669,RED BABY BUNTING,1,1078,3431.5
22670,FRENCH WC SIGN BLUE METAL,1,1882,2516.75
22671,FRENCH LAUNDRY SIGN BLUE METAL,1,962,1608.6999999999998
22672,FRENCH BATHROOM SIGN BLUE METAL,1,1464,2491.4199999999996
22673,FRENCH GARDEN SIGN BLUE METAL,1,779,1001.08
22674,FRENCH TOILET SIGN BLUE METAL,1,1334,1677.72
22675,FRENCH KITCHEN SIGN BLUE METAL,1,1216,1525.16
22647,CERAMIC LOVE HEART MONEY BANK,1,720,448.78
22645,CERAMIC HEART FAIRY CAKE MONEY BANK,1,2342,4692.34
22617,BAKING SET SPACEBOY DESIGN,1,2197,10685.65
22644,CERAMIC CHERRY CAKE MONEY BANK,1,2214,2986.97
22618,COOKING SET RETROSPOT,1,69,671.53
22619,SET OF 6 SOLDIER SKITTLES,1,2476,9880.04
22620,4 TRADITIONAL SPINNING TOPS,1,4889,6782.21
22621,TRADITIONAL KNITTING NANCY,1,6100,9993.65
22622,BOX OF VINTAGE ALPHABET BLOCKS,1,1330,13791.91
22623,BOX OF VINTAGE JIGSAW BLOCKS,1,922,5156.06
22624,IVORY KITCHEN SCALES,1,1879,16344.710000000001
22625,RED KITCHEN SCALES,1,1613,14022.7
22626,BLACK KITCHEN SCALES,1,509,4333.86
22627,MINT KITCHEN SCALES,1,846,7470.89
22628,PICNIC BOXES SET OF 3 RETROSPOT,1,957,4581.31
22629,SPACEBOY LUNCH BOX,1,14249,25719.02
22630,DOLLY GIRL LUNCH BOX,1,11588,21292.989999999998
22631,CIRCUS PARADE LUNCH BOX,1,3665,7176.169999999999
22633,HAND WARMER UNION JACK,1,4839,9998.52
22634,CHILDS BREAKFAST SET SPACEBOY,1,751,7053.5
22635,CHILDS BREAKFAST SET DOLLY GIRL,1,674,6342.679999999999
22636,CHILDS BREAKFAST SET CIRCUS PARADE,1,591,4975.56
22637,PIGGY BANK RETROSPOT,1,2758,7106.08
22638,SET OF 4 NAPKIN CHARMS CROWNS,1,300,481.88
22639,SET OF 4 NAPKIN CHARMS HEARTS,1,805,1935.1599999999999
22640,SET OF 4 NAPKIN CHARMS 3 KEYS,1,237,446.84
22641,SET OF 4 NAPKIN CHARMS INSTRUMENT,1,139,303.72999999999996
22642,SET OF 4 NAPKIN CHARMS STARS,1,269,596.36
22643,SET OF 4 NAPKIN CHARMS LEAVES,1,238,441.83
22800,ANTIQUE TALL SWIRLGLASS TRINKET POT,1,870,3560.74
22802,FAUX FUR CHOCOLATE THROW,1,87,1474.74
22551,PLASTERS IN TIN SPACEBOY,1,8062,13582.31
22966,GINGERBREAD MAN COOKIE CUTTER,1,7435,9195.9
22968,ROSE COTTAGE KEEPSAKE BOX,1,789,7802.23
22969,HOMEMADE JAM SCENTED CANDLES,1,12472,18701.55
22970,LONDON BUS COFFEE MUG,1,4334,10140.6
22971,QUEENS GUARD COFFEE MUG,1,2431,5849.29
22973,CHILDREN'S CIRCUS PARADE MUG,1,1236,2104.66
22974,CHILDRENS DOLLY GIRL MUG,1,1586,2709.89
22975,SPACEBOY CHILDRENS EGG CUP,1,1204,1624.63
22976,CIRCUS PARADE CHILDRENS EGG CUP,1,1054,1374.01
22977,DOLLY GIRL CHILDRENS EGG CUP,1,950,1252.61
22978,PANTRY ROLLING PIN,1,2410,9371.119999999999
22979,PANTRY WASHING UP BRUSH,1,4006,6284.42
22980,PANTRY SCRUBBING BRUSH,1,2291,3800.8099999999995
22981,PANTRY APPLE CORER,1,470,702.68
22982,PANTRY PASTRY BRUSH,1,1130,1513.77
22983,CARD BILLBOARD FONT,1,5157,2207.96
22984,CARD GINGHAM ROSE,1,2693,1096.09
22987,WRAP SUMMER ROSE DESIGN,1,102,42.84
22988,SOLDIERS EGG CUP,1,9001,10768.31
22989,SET 2 PANTRY DESIGN TEA TOWELS,1,2787,8921.27
22990,COTTON APRON PANTRY DESIGN,1,517,2413.23
22991,GIRAFFE WOODEN RULER,1,3581,7094.589999999999
22992,REVOLVER WOODEN RULER,1,4927,9860.09
22993,SET OF 4 PANTRY JELLY MOULDS,1,12589,16403.48
22994,TRAVEL CARD WALLET RETROSPOT,1,2170,946.86
22995,TRAVEL CARD WALLET SUKI,1,2333,1038.48
22967,SET 3 SONG BIRD PAPER EGGS ASSORTED,1,1165,3253.71
22964,3 PIECE SPACEBOY COOKIE CUTTER SET,1,2617,5457.990000000001
22997,TRAVEL CARD WALLET UNION JACK,1,2497,1074.77
22962,JAM JAR WITH PINK LID,1,3896,3288.11
22929,SCHOOL DESK AND CHAIR,1,16,1004.75
22930,BAKING MOULD HEART MILK CHOCOLATE,1,1012,2645.2
22931,BAKING MOULD HEART WHITE CHOCOLATE,1,813,1963.3
22933,BAKING MOULD EASTER EGG MILK CHOC,1,784,2248.1200000000003
22934,BAKING MOULD EASTER EGG WHITE CHOC,1,589,1707.47
22935,BAKING MOULD ROSE MILK CHOCOLATE,1,618,1868.82
22936,BAKING MOULD ROSE WHITE CHOCOLATE,1,207,697.97
22938,CUPCAKE LACE PAPER SET 6,1,2331,4418.429999999999
22940,FELTCRAFT CHRISTMAS FAIRY,1,1899,7822.25
22941,CHRISTMAS LIGHTS 10 REINDEER,1,1656,13676.92
22942,CHRISTMAS LIGHTS 10 SANTAS,1,591,4316.04
22943,CHRISTMAS LIGHTS 10 VINTAGE BAUBLES,1,1346,6710.92
22944,CHRISTMAS METAL POSTCARD WITH BELLS,1,3363,1838.96
22945,CHRISTMAS METAL TAGS ASSORTED,1,2841,2900.14
22946,WOODEN ADVENT CALENDAR CREAM,1,453,7030.22
22947,WOODEN ADVENT CALENDAR RED,1,744,8680.34
22948,METAL DECORATION NAUGHTY CHILDREN,1,1593,1598.1899999999998
22951,60 CAKE CASES DOLLY GIRL DESIGN,1,7361,3924.2000000000003
22954,HEN PARTY CORDON BARRIER TAPE,1,197,241.38
22955,36 FOIL STAR CAKE CASES,1,1040,2053.3500000000004
22956,36 FOIL HEART CAKE CASES,1,1900,3704.3900000000003
22957,SET 3 PAPER VINTAGE CHICK PAPER EGG,1,1775,5014.650000000001
22959,WRAP CHRISTMAS VILLAGE,1,4601,1888.42
22960,JAM MAKING SET WITH JARS,1,8614,36755.88
22961,JAM MAKING SET PRINTED,1,16173,25352.829999999998
22996,TRAVEL CARD WALLET VINTAGE TICKET,1,4797,2093.25
22998,TRAVEL CARD WALLET KEEP CALM,1,12269,5222.08
22927,GREEN GIANT GARDEN THERMOMETER,1,426,2680.9100000000003
23038,T-LIGHT HOLDER SILVER SAUCER,1,44,42.919999999999995
23040,PAPER LANTERN 9 POINT SNOW STAR,1,253,1394.03
10080,GROOVY CACTUS INFLATABLE,1,303,119.08999999999999
23046,PAPER LANTERN 9 POINT DELUXE STAR,1,349,2111.4900000000002
23048,SET OF 10 LANTERNS FAIRY LIGHT STAR,1,545,2235.57
23049,RECYCLED ACAPULCO MAT RED,1,453,3872.09
23050,RECYCLED ACAPULCO MAT GREEN,1,496,4278.3
23051,RECYCLED ACAPULCO MAT BLUE,1,364,3215.24
23052,RECYCLED ACAPULCO MAT TURQUOISE,1,653,5941.09
23053,RECYCLED ACAPULCO MAT PINK,1,363,3246.07
23054,RECYCLED ACAPULCO MAT LAVENDER,1,294,2596.68
23055,IVORY CHANDELIER T-LIGHT HOLDER,1,321,800.46
23058,CHRISTMAS HANGING SNOWFLAKE,1,490,430.86
23060,HEART BEADED TRELLIS DECORATION,1,249,528.1700000000001
23064,CINDERELLA CHANDELIER,1,158,2283.51
23067,HANGING ENGRAVED METAL HEART,1,294,1236.66
23069,EDWARDIAN PHOTO FRAME,1,88,556.21
23070,EDWARDIAN HEART PHOTO FRAME,1,160,709.5400000000001
23072,MARIE ANTOINETTE TRINKET BOX SILVER,1,262,889.76
23073,GEORGIAN TRINKET BOX,1,142,1694.0
23074,EMBOSSED HEART TRINKET BOX,1,240,534.79
23076,ICE CREAM SUNDAE LIP GLOSS,1,8052,9905.76
23077,DOUGHNUT LIP GLOSS,1,10335,13620.77
23078,ICE CREAM PEN LIP GLOSS,1,6783,8493.34
23079,TOADSTOOL BEDSIDE LIGHT,1,238,2109.1
23080,RED METAL BOX TOP SECRET,1,1067,9059.87
23039,T-LIGHT HOLDER SILVER HEART HANDLE,1,193,388.01
23037,CANDLE HOLDER SILVER MADELINE,1,196,325.15999999999997
23000,TRAVEL CARD WALLET TRANSPORT,1,3145,1358.2
23036,T-LIGHT HOLDER SILVER PETIT FOUR,1,184,232.42000000000002
23002,TRAVEL CARD WALLET SKULLS,1,2047,884.13
23003,TRAVEL CARD WALLET VINTAGE ROSE,1,542,226.2
23004,TRAVEL CARD WALLET PANTRY,1,1978,893.08
23005,TRAVEL CARD WALLET I LOVE LONDON,1,4733,2126.55
23006,TRAVEL CARD WALLET FLOWER MEADOW,1,1686,732.51
23007,SPACEBOY BABY GIFT SET,1,495,7690.9
23008,DOLLY GIRL BABY GIFT SET,1,427,6617.91
23009,I LOVE LONDON BABY GIFT SET,1,263,4082.5199999999995
23010,CIRCUS PARADE BABY GIFT SET,1,313,4845.7
23012,GLASS APOTHECARY BOTTLE PERFUME,1,1067,4181.31
23013,GLASS APOTHECARY BOTTLE TONIC,1,920,3658.36
23014,GLASS APOTHECARY BOTTLE ELIXIR,1,848,3387.9800000000005
23016,GLASS TWIST BON BON JAR,1,74,575.25
23017,APOTHECARY MEASURING JAR,1,67,826.28
23018,LARGE APOTHECARY MEASURING JAR,1,51,612.1600000000001
23019,SMALL APOTHECARY MEASURING JAR,1,81,629.0500000000001
23021,GLASS BONNE JAM JAR,1,120,500.82000000000005
23022,SMALL BONNE JAM JAR  T-LIGHT HOLDER,1,392,745.76
23023,RIDGED BONNE JAM JAR T-LIGHT HOLDER,1,274,437.81999999999994
23024,LARGE BONNE JAM JAR  T-LIGHT HOLDER,1,255,667.8500000000001
23025,DRAWER KNOB VINTAGE GLASS BALL,1,344,748.32
23026,DRAWER KNOB VINTAGE GLASS STAR,1,544,1174.0
23027,DRAWER KNOB VINTAGE GLASS HEXAGON,1,295,627.95
23033,DRAWER KNOB CERAMIC RED,1,714,1058.8999999999999
23034,DRAWER KNOB CERAMIC BLACK,1,973,1439.97
22928,YELLOW GIANT GARDEN THERMOMETER,1,288,1993.75
22926,IVORY GIANT GARDEN THERMOMETER,1,586,3609.25
22803,IVORY EMBROIDERED QUILT,1,54,2038.0900000000001
22834,HAND WARMER BABUSHKA DESIGN,1,4773,6872.53
22838,3 TIER CAKE TIN RED AND CREAM,1,571,8238.61
22839,3 TIER CAKE TIN GREEN AND CREAM,1,439,6891.97
22840,ROUND CAKE TIN VINTAGE RED,1,900,6800.4400000000005
22841,ROUND CAKE TIN VINTAGE GREEN,1,520,4030.2200000000003
22842,BISCUIT TIN VINTAGE RED,1,577,3742.21
22843,BISCUIT TIN VINTAGE GREEN,1,445,2870.77
22844,VINTAGE CREAM DOG FOOD CONTAINER,1,982,9493.02
22845,VINTAGE CREAM CAT FOOD CONTAINER,1,799,5377.88
22846,BREAD BIN DINER STYLE RED,1,649,10413.42
22847,BREAD BIN DINER STYLE IVORY,1,886,14075.289999999999
22848,BREAD BIN DINER STYLE PINK,1,314,5063.9
22849,BREAD BIN DINER STYLE MINT,1,318,4950.98
22851,SET 20 NAPKINS FAIRY CAKES DESIGN,1,2729,2358.44
22852,DOG BOWL VINTAGE CREAM,1,386,1740.8799999999999
22853,CAT BOWL VINTAGE CREAM,1,466,1636.46
22854,CREAM SWEETHEART EGG HOLDER,1,767,3708.52
22855,FINE WICKER HEART,1,2630,3286.73
22856,ASSORTED EASTER DECORATIONS  BELLS,1,550,705.82
22857,ASSORTED EASTER GIFT TAGS,1,1145,965.8599999999999
22858,EASTER TIN KEEPSAKE,1,1123,1855.83
22859,EASTER TIN BUNNY BOUQUET,1,1179,1963.4699999999998
22860,EASTER TIN CHICKS PINK DAISY,1,589,1017.7699999999999
22861,EASTER TIN CHICKS IN GARDEN,1,305,522.93
22862,LOVE HEART NAPKIN BOX,1,171,826.95
22863,SOAP DISH BROCANTE,1,707,2035.3300000000002
22835,HOT WATER BOTTLE I AM SO POORLY,1,3097,16426.56
22833,HALL CABINET WITH 3 DRAWERS,1,76,2603.5299999999997
22866,HAND WARMER SCOTTY DOG DESIGN,1,6515,14188.920000000002
22832,BROCANTE SHELF WITH HOOKS,1,158,1738.82
22805,BLUE DRAWER KNOB ACRYLIC EDWARDIAN,1,1877,2559.78
22806,SET OF 6 T-LIGHTS WEDDING CAKE,1,260,677.0400000000001
22807,SET OF 6 T-LIGHTS TOADSTOOLS,1,818,2417.73
22808,SET OF 6 T-LIGHTS EASTER CHICKS,1,345,1038.8700000000001
22809,SET OF 6 T-LIGHTS SANTA,1,1228,3745.8
22810,SET OF 6 T-LIGHTS SNOWMEN,1,896,2899.6800000000003
22811,SET OF 6 T-LIGHTS CACTI,1,881,2419.29
22814,CARD PARTY GAMES,1,2129,888.47
22815,CARD PSYCHEDELIC APPLES,1,2628,1118.84
22816,CARD MOTORBIKE SANTA,1,3987,1691.76
22817,CARD SUKI BIRTHDAY,1,2639,1114.81
22818,CARD CHRISTMAS VILLAGE,1,3537,1510.08
22819,"BIRTHDAY CARD, RETRO SPOT",1,2608,1104.81
22820,GIFT BAG BIRTHDAY,1,940,575.4200000000001
22821,GIFT BAG PSYCHEDELIC APPLES,1,1159,714.87
22822,CREAM WALL PLANTER HEART SHAPED,1,433,2582.75
22823,CHEST NATURAL WOOD 20 DRAWERS,1,24,2745.0
22824,3 TIER SWEETHEART GARDEN SHELF,1,54,1902.3000000000002
22825,DECORATIVE PLANT POT WITH FRIEZE,1,71,568.47
22826,LOVE SEAT ANTIQUE WHITE METAL,1,55,5735.0
22827,RUSTIC  SEVENTEEN DRAWER SIDEBOARD,1,32,4920.0
22828,REGENCY MIRROR WITH SHUTTERS,1,10,1530.0
22829,SWEETHEART WIRE WALL TIDY,1,217,2207.5299999999997
22830,UTILTY CABINET WITH HOOKS,1,131,2610.29
22831,WHITE BROCANTE SOAP DISH,1,706,2070.9
22865,HAND WARMER OWL DESIGN,1,8332,17561.43
22867,HAND WARMER BIRD DESIGN,1,6397,13986.29
22925,BLUE GIANT GARDEN THERMOMETER,1,444,2727.7200000000003
22897,OVEN MITT APPLES DESIGN,1,1330,1984.1
22899,CHILDREN'S APRON DOLLY GIRL,1,2069,4326.43
22900,SET 2 TEA TOWELS I LOVE LONDON,1,4874,14831.18
22902,TOTE BAG I LOVE LONDON,1,1264,2582.88
22903,CALENDAR FAMILY FAVOURITES,1,193,550.6
22904,CALENDAR PAPER CUT DESIGN,1,1834,5467.26
22905,CALENDAR IN SEASON DESIGN,1,581,1502.2900000000002
22906,12 MESSAGE CARDS WITH ENVELOPES,1,1733,2947.87
22907,PACK OF 20 NAPKINS PANTRY DESIGN,1,6549,5649.599999999999
22908,PACK OF 20 NAPKINS RED APPLES,1,4380,3569.58
22909,SET OF 20 VINTAGE CHRISTMAS NAPKINS,1,8760,7882.54
22910,PAPER CHAIN KIT VINTAGE CHRISTMAS,1,10308,32096.14
22911,PAPER CHAIN KIT LONDON,1,463,1358.0900000000001
22912,YELLOW COAT RACK PARIS FASHION,1,287,1342.39
22913,RED COAT RACK PARIS FASHION,1,352,1673.15
22914,BLUE COAT RACK PARIS FASHION,1,467,2261.21
22915,ASSORTED BOTTLE TOP  MAGNETS,1,3134,1398.86
22916,HERB MARKER THYME,1,1893,1306.41
22917,HERB MARKER ROSEMARY,1,1925,1332.42
22918,HERB MARKER PARSLEY,1,1857,1267.5500000000002
22919,HERB MARKER MINT,1,1741,1214.0600000000002
22920,HERB MARKER BASIL,1,1896,1312.29
22921,HERB MARKER CHIVES,1,1704,1173.0700000000002
22922,FRIDGE MAGNETS US DINER ASSORTED,1,1449,1321.1999999999998
22923,FRIDGE MAGNETS LES ENFANTS ASSORTED,1,1234,1039.27
22924,FRIDGE MAGNETS LA VIE EN ROSE,1,1169,1063.1
22898,CHILDRENS APRON APPLES DESIGN,1,2414,5150.92
22895,SET OF 2 TEA TOWELS APPLE AND PEARS,1,2052,6316.6
22868,NUMBER TILE COTTAGE GARDEN 0,1,63,144.65
22894,TABLECLOTH RED APPLES DESIGN,1,305,3027.3799999999997
22869,NUMBER TILE COTTAGE GARDEN 1,1,96,246.14
22870,NUMBER TILE COTTAGE GARDEN 2,1,93,240.29
22871,NUMBER TILE COTTAGE GARDEN 3,1,67,163.35
22872,NUMBER TILE COTTAGE GARDEN 4,1,72,177.46
22873,NUMBER TILE COTTAGE GARDEN 5,1,60,145.5
22874,NUMBER TILE COTTAGE GARDEN 6,1,65,150.81
22875,NUMBER TILE COTTAGE GARDEN 7,1,63,149.09
22876,NUMBER TILE COTTAGE GARDEN 8,1,61,138.81
22877,NUMBER TILE COTTAGE GARDEN 9,1,63,138.10999999999999
22878,NUMBER TILE COTTAGE GARDEN NO,1,75,204.19
22879,NUMBER TILE VINTAGE FONT 0,1,70,102.46
22880,NUMBER TILE VINTAGE FONT 1,1,97,196.69
22881,NUMBER TILE VINTAGE FONT 2,1,102,197.56
22882,NUMBER TILE VINTAGE FONT 3,1,107,211.75
22883,NUMBER TILE VINTAGE FONT 4,1,99,189.53
22884,NUMBER TILE VINTAGE FONT 5,1,99,194.04999999999998
22885,NUMBER TILE VINTAGE FONT 6,1,95,170.82999999999998
22886,NUMBER TILE VINTAGE FONT 7,1,87,146.43
22887,NUMBER TILE VINTAGE FONT 8,1,78,126.78
22888,NUMBER TILE VINTAGE FONT 9,1,76,124.97999999999999
22889,NUMBER TILE VINTAGE FONT NO,1,169,263.8
22890,NOVELTY BISCUITS CAKE STAND 3 TIER,1,375,3840.37
22891,TEA FOR ONE POLKADOT,1,404,2040.18
22892,SET OF SALT AND PEPPER TOADSTOOLS,1,2448,2991.6
22893,MINI CAKE STAND T-LIGHT HOLDER,1,1866,928.5
22553,PLASTERS IN TIN SKULLS,1,4194,7052.919999999999
22550,HOLIDAY FUN LUDO,1,1162,4194.89
22028,PENNY FARTHING BIRTHDAY CARD,1,3042,1304.1399999999999
22188,BLACK HEART CARD HOLDER,1,4869,12479.27
22190,LOCAL CAFE MUG,1,676,1057.71
22191,IVORY DINER WALL CLOCK,1,1433,11809.65
22192,BLUE DINER WALL CLOCK,1,938,8063.49
22193,RED DINER WALL CLOCK,1,1382,11714.27
22194,BLACK DINER WALL CLOCK,1,64,608.6899999999999
22195,LARGE HEART MEASURING SPOONS,1,1976,3720.66
22196,SMALL HEART MEASURING SPOONS,1,2823,2733.7599999999998
22198,LARGE POPCORN HOLDER,1,1025,1870.9099999999999
22200,FRYING PAN PINK POLKADOT,1,394,1792.48
22201,FRYING PAN BLUE POLKADOT,1,192,712.55
22202,MILK PAN PINK POLKADOT,1,64,319.35
22203,MILK PAN RED RETROSPOT,1,403,1483.13
22204,MILK PAN BLUE POLKADOT,1,193,654.54
22206,"MUG , DOTCOMGIFTSHOP.COM",1,5,4.17
22207,FRYING PAN UNION FLAG,1,1261,5563.59
22208,WOOD STAMP SET THANK YOU,1,1497,1561.53
22209,WOOD STAMP SET HAPPY BIRTHDAY,1,933,954.2599999999999
22210,WOOD STAMP SET BEST WISHES,1,1017,958.04
22211,WOOD STAMP SET FLOWERS,1,960,1052.79
22212,FOUR HOOK  WHITE LOVEBIRDS,1,1602,3686.2400000000002
22214,CANDLE PLATE LACE WHITE,1,193,416.59999999999997
22215,CAKE STAND WHITE TWO TIER LACE,1,342,2462.89
22216,T-LIGHT HOLDER WHITE LACE,1,588,512.93
22217,T-LIGHT HOLDER HANGING LACE,1,839,831.26
22218,CAKE STAND LACE WHITE,1,1,4.25
22189,CREAM HEART CARD HOLDER,1,8279,23416.07
22187,GREEN CHRISTMAS TREE CARD HOLDER,1,1264,3237.18
22220,CAKE STAND LOVEBIRD 2 TIER WHITE,1,214,1697.5
22186,RED STAR CARD HOLDER,1,848,1997.48
22156,HEART DECORATION WITH PEARLS,1,2159,2081.81
22157,ANGEL DECORATION WITH LACE PADDED,1,212,180.2
22158,3 HEARTS HANGING DECORATION RUSTIC,1,3413,11797.380000000001
22161,HEART DECORATION RUSTIC HANGING,1,5059,1641.19
22162,HEART GARLAND RUSTIC PADDED,1,256,817.64
22163,HEART STRING MEMO HOLDER HANGING,1,851,1023.82
22164,STRING OF STARS CARD HOLDER,1,78,250.22000000000003
22165,"DIAMANTE HEART SHAPED WALL MIRROR,",1,414,3315.45
22166,WALL MIRROR RECTANGLE DIAMANTE PINK,1,206,1606.45
22167,OVAL WALL MIRROR DIAMANTE,1,234,2371.22
22168,ORGANISER WOOD ANTIQUE WHITE,1,139,1171.3
22169,FAMILY ALBUM WHITE PICTURE FRAME,1,1178,10191.06
22170,PICTURE FRAME WOOD TRIPLE PORTRAIT,1,1055,6899.45
22171,3 HOOK PHOTO SHELF ANTIQUE WHITE,1,1768,13401.01
22173,METAL 4 HOOK HANGER FRENCH CHATEAU,1,2347,7500.85
22174,PHOTO CUBE,1,3218,5978.78
22175,PINK OWL SOFT TOY,1,876,2591.28
22176,BLUE OWL SOFT TOY,1,512,1536.88
22178,VICTORIAN GLASS HANGING T-LIGHT,1,24125,32950.92
22180,RETROSPOT LAMP,1,325,3471.79
22181,SNOWSTORM PHOTO FRAME FRIDGE MAGNET,1,567,480.51
22182,CAKE STAND VICTORIAN FILIGREE SMALL,1,372,1420.58
22183,CAKE STAND VICTORIAN FILIGREE MED,1,321,1913.01
22184,CAKE STAND VICTORIAN FILIGREE LARGE,1,56,471.86
22185,SLATE TILE NATURAL HANGING,1,1472,2235.9399999999996
22219,LOVEBIRD HANGING DECORATION WHITE,1,4109,4013.33
22221,CAKE STAND LOVEBIRD 2 TIER PINK,1,131,1104.54
22154,ANGEL DECORATION 3 BUTTONS,1,3745,1636.67
22259,FELT FARM ANIMAL HEN,1,481,332.84
22261,FELT EGG COSY WHITE RABBIT,1,579,544.7099999999999
22262,FELT EGG COSY CHICKEN,1,1023,950.4599999999999
22263,FELT EGG COSY LADYBIRD,1,326,195.97
22264,FELT FARM ANIMAL WHITE BUNNY,1,1561,736.98
22265,EASTER DECORATION NATURAL CHICK,1,536,363.55
22266,EASTER DECORATION HANGING BUNNY,1,1887,595.85
22267,EASTER DECORATION EGG BUNNY,1,836,673.17
22269,EGG CUP NATURAL CHICKEN,1,932,621.49
22270,HAPPY EASTER HANGING DECORATION,1,239,927.1999999999999
22271,FELTCRAFT DOLL ROSIE,1,1701,5007.35
22272,FELTCRAFT DOLL MARIA,1,196,564.9200000000001
22273,FELTCRAFT DOLL MOLLY,1,3069,8509.59
22274,FELTCRAFT DOLL EMILY,1,1340,3953.4800000000005
22275,WEEKEND BAG VINTAGE ROSE PAISLEY,1,69,527.85
22276,WASH BAG VINTAGE ROSE PAISLEY,1,290,838.86
22277,COSMETIC BAG VINTAGE ROSE PAISLEY,1,417,897.74
22278,OVERNIGHT BAG VINTAGE ROSE PAISLEY,1,400,2679.6
22279,POCKET BAG BLUE PAISLEY RED SPOT,1,831,1003.4
22280,POCKET BAG PINK PAISELY BROWN SPOT,1,468,509.59
22281,EASTER TREE YELLOW BIRDS,1,131,929.44
22282,12 EGG HOUSE PAINTED WOOD,1,149,2378.52
22283,6 EGG HOUSE PAINTED WOOD,1,295,2694.63
22284,HEN HOUSE DECORATION,1,915,1577.2699999999998
22288,HANGING METAL RABBIT DECORATION,1,474,616.95
22289,HANGING METAL CHICKEN DECORATION,1,148,193.52
22260,FELT EGG COSY BLUE RABBIT,1,548,574.04
22258,FELT FARM ANIMAL RABBIT,1,912,743.89
22222,CAKE PLATE LOVEBIRD WHITE,1,1057,3880.2
22257,FELT FARM ANIMAL SHEEP,1,373,280.42
22223,CAKE PLATE LOVEBIRD PINK,1,441,1821.6100000000001
22224,WHITE LOVEBIRD LANTERN,1,832,2758.1600000000003
22227,HANGING HEART MIRROR DECORATION,1,2340,1707.42
22228,BUNNY WOODEN PAINTED WITH BIRD,1,1000,777.78
22229,BUNNY WOODEN PAINTED WITH FLOWER,1,568,432.46
22230,JIGSAW TREE WITH WATERING CAN,1,1047,480.62999999999994
22231,JIGSAW TREE WITH BIRDHOUSE,1,974,992.92
22232,JIGSAW TOADSTOOLS 3 PIECE,1,626,549.74
22233,JIGSAW RABBIT AND BIRDHOUSE,1,590,597.24
22236,CAKE STAND 3 TIER MAGIC GARDEN,1,268,3179.3999999999996
22241,GARLAND WOODEN HAPPY EASTER,1,1950,2606.93
22242,5 HOOK HANGER MAGIC TOADSTOOL,1,616,954.7799999999999
22243,5 HOOK HANGER RED MAGIC TOADSTOOL,1,3092,4741.74
22244,3 HOOK HANGER MAGIC GARDEN,1,1703,3276.2099999999996
22245,"HOOK, 1 HANGER ,MAGIC GARDEN",1,1262,1070.0
22246,MAGIC GARDEN FELT GARLAND,1,419,939.3699999999999
22247,BUNNY DECORATION MAGIC GARDEN,1,668,591.4399999999999
22248,DECORATION  PINK CHICK MAGIC GARDEN,1,577,511.49
22249,DECORATION WHITE CHICK MAGIC GARDEN,1,928,812.86
22250,DECORATION  BUTTERFLY  MAGIC GARDEN,1,819,730.9499999999999
22251,BIRDHOUSE DECORATION MAGIC GARDEN,1,712,889.49
22252,BIRDCAGE DECORATION TEALIGHT HOLDER,1,637,754.07
22254,FELT TOADSTOOL LARGE,1,657,836.8000000000001
22255,FELT TOADSTOOL  SMALL,1,629,602.63
22256,FELT FARM ANIMAL CHICKEN,1,286,387.9
22155,STAR DECORATION RUSTIC,1,2404,1113.45
22153,ANGEL DECORATION STARS ON DRESS,1,2593,1109.05
22292,HANGING CHICK  YELLOW DECORATION,1,1136,1604.51
22060,LARGE CAKE STAND HANGING HEARTS,1,231,1111.05
22062,CERAMIC BOWL WITH LOVE HEART DESIGN,1,583,677.86
22063,CERAMIC BOWL WITH STRAWBERRY DESIGN,1,582,1364.5
22064,PINK DOUGHNUT TRINKET POT,1,1726,2542.9999999999995
22065,CHRISTMAS PUDDING TRINKET POT,1,6729,3462.25
22066,LOVE HEART TRINKET POT,1,2239,1044.81
22067,CHOC TRUFFLE GOLD TRINKET POT,1,406,635.3199999999999
22068,BLACK PIRATE TREASURE CHEST,1,514,836.5899999999999
22069,BROWN  PIRATE TREASURE CHEST,1,414,993.5
22070,SMALL RED RETROSPOT MUG IN BOX,1,654,2025.3600000000001
22071,SMALL WHITE RETROSPOT MUG IN BOX,1,449,1226.3
22072,RED RETROSPOT TEA CUP AND SAUCER,1,848,2811.17
22073,RED RETROSPOT STORAGE JAR,1,324,1298.64
22074,6 RIBBONS SHIMMERING PINKS,1,1390,1219.87
22075,6 RIBBONS ELEGANT CHRISTMAS,1,1761,2469.23
22076,6 RIBBONS EMPIRE,1,1259,1667.8799999999999
22077,6 RIBBONS RUSTIC CHARM,1,9159,17165.17
22078,RIBBON REEL LACE DESIGN,1,1369,2923.21
22079,RIBBON REEL HEARTS DESIGN,1,1867,3275.79
22080,RIBBON REEL POLKADOTS,1,1196,1986.98
22081,RIBBON REEL FLORA + FAUNA,1,634,1160.0
22082,RIBBON REEL STRIPES DESIGN,1,2660,4628.88
22083,PAPER CHAIN KIT RETROSPOT,1,4616,14051.640000000001
22084,PAPER CHAIN KIT EMPIRE,1,5176,15084.62
22085,PAPER CHAIN KIT SKULLS,1,548,1566.99
22086,PAPER CHAIN KIT 50'S CHRISTMAS,1,18922,63834.94
22061,LARGE CAKE STAND  HANGING STRAWBERY,1,581,4208.11
22059,CERAMIC STRAWBERRY DESIGN MUG,1,1780,2081.54
22088,PAPER BUNTING COLOURED LACE,1,1838,5514.8
22057,CERAMIC PLATE STRAWBERRY DESIGN,1,548,614.28
22029,SPACEBOY BIRTHDAY CARD,1,8149,3382.5299999999997
22030,SWALLOWS GREETING CARD,1,5527,2237.89
22031,BOTANICAL LAVENDER BIRTHDAY CARD,1,492,220.55
22032,BOTANICAL LILY GREETING CARD,1,427,181.98
22033,BOTANICAL ROSE GREETING CARD,1,337,141.95
22034,ROBIN CHRISTMAS CARD,1,10,5.02
22035,VINTAGE CARAVAN GREETING CARD,1,1452,617.3199999999999
22037,ROBOT BIRTHDAY CARD,1,3929,1695.32
22038,BOTANICAL LAVENDER GIFT WRAP,1,475,199.5
22039,BOTANICAL LILY GIFT WRAP,1,225,94.5
22040,BOTANICAL ROSE GIFT WRAP,1,725,304.5
22041,"RECORD FRAME 7"" SINGLE SIZE",1,4343,11275.51
22042,CHRISTMAS CARD SINGING ANGEL,1,387,163.29
22043,CHRISTMAS CARD SCREEN PRINT,1,1238,304.5
22044,CHRISTMAS CARD STACK OF PRESENTS,1,816,196.44
22045,SPACEBOY GIFT WRAP,1,6477,2652.34
22046,TEA PARTY  WRAPPING PAPER,1,2225,918.5
22047,EMPIRE GIFT WRAP,1,3350,1363.0
22048,BIRTHDAY BANQUET GIFT WRAP,1,950,383.0
22049,WRAP CHRISTMAS SCREEN PRINT,1,1050,291.5
22050,PINK PAISLEY ROSE GIFT WRAP,1,1200,488.0
22051,BLUE SCANDINAVIAN PAISLEY WRAP,1,975,409.5
22052,VINTAGE CARAVAN GIFT WRAP,1,625,262.5
22053,EMPIRE DESIGN ROSETTE,1,4244,3606.4199999999996
22055,MINI CAKE STAND  HANGING STRAWBERY,1,1364,2065.04
22087,PAPER BUNTING WHITE LACE,1,4037,11739.83
22089,PAPER BUNTING VINTAGE PAISLEY,1,1423,4457.43
22152,PLACE SETTING WHITE STAR,1,2407,1053.08
22118,JOY WOODEN BLOCK LETTERS,1,230,895.26
22120,WELCOME  WOODEN BLOCK LETTERS,1,511,5127.69
22121,NOEL WOODEN BLOCK LETTERS,1,352,2159.7000000000003
22123,PING MICROWAVE APRON,1,508,1068.3799999999999
22124,SET OF 2 TEA TOWELS PING MICROWAVE,1,149,306.16
22125,UNION JACK HOT WATER BOTTLE,1,13,139.86
22127,PARTY CONES CARNIVAL ASSORTED,1,404,504.88
22128,PARTY CONES CANDY ASSORTED,1,1750,2112.53
22130,PARTY CONE CHRISTMAS DECORATION,1,2277,2664.6299999999997
22131,FOOD CONTAINER SET 3 LOVE HEART,1,2030,3934.64
22132,RED LOVE HEART SHAPE CUP,1,1026,928.8299999999999
22133,PINK LOVE HEART SHAPE CUP,1,816,770.73
22136,LOVE HEART SOCK HANGER,1,378,679.28
22137,BATHROOM SET LOVE HEART DESIGN,1,82,237.98000000000002
22138,BAKING SET 9 PIECE RETROSPOT,1,4900,24002.120000000003
22139,RETROSPOT TEA SET CERAMIC 11 PC,1,4506,22808.86
22141,CHRISTMAS CRAFT TREE TOP ANGEL,1,2791,6463.790000000001
22142,CHRISTMAS CRAFT WHITE FAIRY,1,3247,4946.19
22144,CHRISTMAS CRAFT LITTLE FRIENDS,1,4061,9637.08
22145,CHRISTMAS CRAFT HEART STOCKING,1,30,63.0
22146,EASTER CRAFT IVY WREATH WITH CHICK,1,1,1.95
22147,FELTCRAFT BUTTERFLY HEARTS,1,5373,7552.29
22148,EASTER CRAFT 4 CHICKS,1,1921,3894.0499999999997
22149,FELTCRAFT 6 FLOWER FRIENDS,1,5464,11234.480000000001
22150,3 STRIPEY MICE FELTCRAFT,1,3014,5894.19
22151,PLACE SETTING WHITE HEART,1,14670,6156.61
22119,PEACE WOODEN BLOCK LETTERS,1,344,1727.92
22117,METAL SIGN HER DINNER IS SERVED,1,1320,3896.4500000000003
22090,PAPER BUNTING RETROSPOT,1,7493,22597.510000000002
22116,METAL SIGN HIS DINNER IS SERVED,1,563,610.22
22091,EMPIRE TISSUE BOX,1,1983,1030.1000000000001
22092,BLUE PAISLEY TISSUE BOX,1,670,321.40000000000003
22093,MOTORING TISSUE BOX,1,1830,822.13
22094,RED RETROSPOT TISSUE BOX,1,2130,1120.96
22095,LADS ONLY TISSUE BOX,1,1643,1605.96
22096,PINK PAISLEY SQUARE TISSUE BOX,1,1366,584.09
22097,SWALLOW SQUARE TISSUE BOX,1,1596,732.39
22098,BOUDOIR SQUARE TISSUE BOX,1,1956,987.51
22099,CARAVAN SQUARE TISSUE BOX,1,1440,800.59
22100,SKULLS SQUARE TISSUE BOX,1,755,354.82
22101,MIRROR MOSAIC VOTIVE HOLDER,1,1114,1926.81
22102,MIRROR MOSAIC T-LIGHT HOLDER,1,902,551.04
22103,MIRROR MOSAIC T-LIGHT HOLDER ROUND,1,768,705.92
22104,MIRROR MOSAIC CANDLE PLATE,1,288,343.71
22105,MIRROR MOSAIC GOBLET CANDLE HOLDER,1,334,619.82
22106,MIRROR MOSAIC HURRICANE LAMP,1,229,748.38
22107,PIZZA PLATE IN BOX,1,588,2138.06
22108,PING! MICROWAVE PLATE,1,152,415.09000000000003
22109,FULL ENGLISH BREAKFAST PLATE,1,1636,6906.15
22110,BIRD HOUSE HOT WATER BOTTLE,1,1172,4912.14
22111,SCOTTIE DOG HOT WATER BOTTLE,1,4654,24450.440000000002
22112,CHOCOLATE HOT WATER BOTTLE,1,5993,32724.58
22113,GREY HEART HOT WATER BOTTLE,1,3216,12748.08
22114,HOT WATER BOTTLE TEA AND SYMPATHY,1,5708,32851.840000000004
22115,METAL SIGN EMPIRE TEA,1,1549,2020.91
22291,HANGING CHICK CREAM DECORATION,1,1265,1871.2199999999998
22293,HANGING CHICK GREEN DECORATION,1,903,1335.87
22549,PICTURE DOMINOES,1,3188,4798.38
22454,MEASURING TAPE BABUSHKA RED,1,266,757.0200000000001
22457,NATURAL SLATE HEART CHALKBOARD,1,9106,27953.260000000002
22458,CAST IRON HOOK GARDEN FORK,1,523,1421.83
22459,CAST IRON HOOK GARDEN TROWEL,1,386,1018.19
22460,EMBOSSED GLASS TEALIGHT HOLDER,1,2546,3273.5
22461,SAVOY ART DECO CLOCK,1,237,1428.0800000000002
22464,HANGING METAL HEART LANTERN,1,3294,5321.829999999999
22465,HANGING METAL STAR LANTERN,1,2041,3124.14
22467,GUMBALL COAT RACK,1,7850,18637.27
22468,BABUSHKA LIGHTS STRING OF 10,1,515,3619.67
22469,HEART OF WICKER SMALL,1,17963,32094.6
22470,HEART OF WICKER LARGE,1,9883,30086.31
22471,TV DINNER TRAY AIR HOSTESS,1,419,1502.02
22472,TV DINNER TRAY DOLLY GIRL,1,320,1527.01
22473,TV DINNER TRAY VINTAGE PAISLEY,1,503,1623.04
22474,SPACEBOY TV DINNER TRAY,1,303,1636.27
22475,SKULL DESIGN TV DINNER TRAY,1,313,1590.82
22476,EMPIRE UNION JACK TV DINNER TRAY,1,872,2799.61
22477,WATERING CAN GARDEN MARKER,1,1364,1967.9
22478,BIRDHOUSE GARDEN MARKER,1,1537,2210.62
22479,DAISY GARDEN MARKER,1,1139,1658.57
22480,RED TEA TOWEL CLASSIC DESIGN,1,630,755.96
22481,BLACK TEA TOWEL CLASSIC DESIGN,1,825,747.3
22482,BLUE TEA TOWEL CLASSIC DESIGN,1,478,565.86
22483,RED GINGHAM TEDDY BEAR,1,769,2299.9900000000002
22485,SET OF 2 WOODEN MARKET CRATES,1,522,7139.349999999999
22456,NATURAL SLATE CHALKBOARD LARGE,1,1698,9391.12
22453,MEASURING TAPE BABUSHKA BLUE,1,442,1185.79
22487,WHITE WOOD GARDEN PLANT LADDER,1,768,7755.88
22452,MEASURING TAPE BABUSHKA PINK,1,722,1760.3100000000002
22427,ENAMEL FLOWER JUG CREAM,1,2075,12468.810000000001
22428,ENAMEL FIRE BUCKET CREAM,1,246,1854.76
22429,ENAMEL MEASURING JUG CREAM,1,1256,5481.68
22430,ENAMEL WATERING CAN CREAM,1,600,3157.19
22431,WATERING CAN BLUE ELEPHANT,1,2052,3987.0099999999998
22432,WATERING CAN PINK BUNNY,1,1704,3319.4199999999996
22433,WATERING CAN GREEN DINOSAUR,1,1394,2667.5
22434,BALLOON PUMP WITH 10 BALLOONS,1,777,1539.21
22435,SET OF 9 HEART SHAPED BALLOONS,1,2745,3430.5
22436,12 COLOURED PARTY BALLOONS,1,2114,1385.51
22437,SET OF 9 BLACK SKULL BALLOONS,1,2828,2417.24
22438,BALLOON ART MAKE YOUR OWN FLOWERS,1,1009,1034.9
22439,6 ROCKET BALLOONS,1,1834,1251.6200000000001
22440,BALLOON WATER BOMB PACK OF 35,1,6010,2375.04
22441,GROW YOUR OWN BASIL IN ENAMEL MUG,1,1047,2292.9100000000003
22442,GROW YOUR OWN FLOWERS SET OF 3,1,292,1209.5
22443,GROW YOUR OWN HERBS SET OF 3,1,162,1375.8400000000001
22444,GROW YOUR OWN PLANT IN A CAN,1,838,1106.62
22445,PENCIL CASE LIFE IS BEAUTIFUL,1,534,1615.91
22446,PIN CUSHION BABUSHKA PINK,1,439,1135.18
22447,PIN CUSHION BABUSHKA BLUE,1,137,410.81
22448,PIN CUSHION BABUSHKA RED,1,201,656.4300000000001
22449,SILK PURSE BABUSHKA PINK,1,485,1563.8500000000001
22450,SILK PURSE BABUSHKA BLUE,1,194,657.76
22451,SILK PURSE BABUSHKA RED,1,222,775.8000000000001
22486,PLASMATRONIC LAMP,1,66,382.7
22488,NATURAL SLATE RECTANGLE CHALKBOARD,1,3167,5527.48
22425,ENAMEL COLANDER CREAM,1,457,2331.27
22520,CHILDS GARDEN TROWEL BLUE,1,719,622.0999999999999
22522,CHILDS GARDEN FORK BLUE,1,918,762.39
22523,CHILDS GARDEN FORK PINK,1,852,740.6099999999999
22524,CHILDRENS GARDEN GLOVES BLUE,1,642,883.1999999999999
22525,CHILDRENS GARDEN GLOVES PINK,1,489,648.97
22526,WHEELBARROW FOR CHILDREN,1,121,1669.26
22528,GARDENERS KNEELING PAD,1,1,3.36
22529,MAGIC DRAWING SLATE GO TO THE FAIR,1,851,349.03
22530,MAGIC DRAWING SLATE DOLLY GIRL,1,3604,1506.38
22531,MAGIC DRAWING SLATE CIRCUS PARADE,1,3382,1412.41
22532,MAGIC DRAWING SLATE LEAP FROG,1,1072,366.75
22533,MAGIC DRAWING SLATE BAKE A CAKE,1,1758,634.31
22534,MAGIC DRAWING SLATE SPACEBOY,1,4496,1871.12
22535,MAGIC DRAWING SLATE BUNNIES,1,1715,649.59
22536,MAGIC DRAWING SLATE PURDEY,1,4752,1803.95
22537,MAGIC DRAWING SLATE DINOSAUR,1,1881,823.84
22538,MINI JIGSAW GO TO THE FAIR,1,402,164.42000000000002
22539,MINI JIGSAW DOLLY GIRL,1,2918,1129.32
22540,MINI JIGSAW CIRCUS PARADE,1,2519,960.86
22541,MINI JIGSAW LEAP FROG,1,503,201.95
22543,MINI JIGSAW BAKE A CAKE,1,1453,530.8
22544,MINI JIGSAW SPACEBOY,1,4518,1714.9199999999998
22545,MINI JIGSAW BUNNIES,1,1141,435.25
22546,MINI JIGSAW PURDEY,1,2102,799.56
22547,MINI JIGSAW DINOSAUR,1,809,338.23
22548,HEADS AND TAILS SPORTING FUN,1,1975,2348.94
22521,CHILDS GARDEN TROWEL PINK,1,609,525.51
22519,CHILDS GARDEN BRUSH PINK,1,411,906.7500000000001
22489,PACK OF 12 TRADITIONAL CRAYONS,1,9719,4072.13
22518,CHILDS GARDEN BRUSH BLUE,1,363,783.5400000000001
22491,PACK OF 12 COLOURED PENCILS,1,3935,3173.43
22492,MINI PAINT SET VINTAGE,1,26489,16844.22
22493,PAINT YOUR OWN CANVAS SET,1,2461,3986.64
22494,EMERGENCY FIRST AID TIN,1,1061,1538.52
22495,SET OF 2 ROUND TINS CAMEMBERT,1,276,731.12
22496,SET OF 2 ROUND TINS DUTCH CHEESE,1,253,535.11
22497,SET OF 2 TINS VINTAGE BATHROOM,1,224,1140.9
22498,WOODEN REGATTA BUNTING,1,333,2116.04
22499,WOODEN UNION JACK BUNTING,1,2091,12792.25
22500,SET OF 2 TINS JARDIN DE PROVENCE,1,248,967.05
22501,PICNIC BASKET WICKER LARGE,1,1592,19202.76
22503,CABIN BAG VINTAGE PAISLEY,1,87,1710.72
22504,CABIN BAG VINTAGE RETROSPOT,1,247,4674.62
22505,MEMO BOARD COTTAGE DESIGN,1,1456,7079.47
22507,MEMO BOARD RETROSPOT  DESIGN,1,2958,14183.45
22508,DOORSTOP RETROSPOT HEART,1,1578,6465.88
22509,SEWING BOX RETROSPOT DESIGN,1,193,1885.34
22510,GINGHAM BABUSHKA DOORSTOP,1,210,402.74
22511,RETROSPOT BABUSHKA DOORSTOP,1,251,495.2
22512,DOORSTOP RACING CAR DESIGN,1,122,269.71
22513,DOORSTOP FOOTBALL DESIGN,1,152,539.9
22514,CHILDS GARDEN SPADE BLUE,1,302,704.45
22515,CHILDS GARDEN SPADE PINK,1,266,608.95
22516,CHILDS GARDEN RAKE BLUE,1,206,494.89000000000004
22517,CHILDS GARDEN RAKE PINK,1,199,447.63000000000005
22426,ENAMEL WASH BOWL CREAM,1,734,2825.21
22424,ENAMEL BREAD BIN CREAM,1,849,12066.73
22294,HEART FILIGREE DOVE  SMALL,1,5433,6775.08
22323,PINK POLKADOT KIDS BAG,1,1,1.95
22325,MOBILE VINTAGE HEARTS,1,246,1131.5
22326,ROUND SNACK BOXES SET OF4 WOODLAND,1,8516,24308.82
22327,ROUND SNACK BOXES SET OF 4 SKULLS,1,1159,4280.650000000001
22328,ROUND SNACK BOXES SET OF 4 FRUITS,1,6824,19062.52
22329,ROUND CONTAINER SET OF 5 RETROSPOT,1,1591,2642.0899999999997
22331,WOODLAND PARTY BAG + STICKER SET,1,1840,2975.14
22332,SKULLS PARTY BAG + STICKER SET,1,1023,1663.1499999999999
22333,RETROSPOT PARTY BAG + STICKER SET,1,4452,6977.94
22334,DINOSAUR PARTY BAG + STICKER SET,1,707,1160.7099999999998
22335,HEART DECORATION PAINTED ZINC,1,2380,1668.89
22336,DOVE DECORATION PAINTED ZINC,1,2381,754.0300000000001
22337,ANGEL DECORATION PAINTED ZINC,1,912,574.5400000000001
22338,STAR DECORATION PAINTED ZINC,1,4661,1222.21
22339,CHRISTMAS TREE PAINTED ZINC,1,2468,683.3100000000001
22340,NOEL GARLAND PAINTED ZINC,1,1386,769.81
22341,LOVE GARLAND PAINTED ZINC,1,453,827.6299999999999
22342,HOME GARLAND PAINTED ZINC,1,961,1071.3799999999999
22343,PARTY PIZZA DISH RED RETROSPOT,1,1956,858.03
22344,PARTY PIZZA DISH PINK POLKADOT,1,1225,459.81
22345,PARTY PIZZA DISH BLUE POLKADOT,1,1099,383.75
22346,PARTY PIZZA DISH GREEN POLKADOT,1,1034,381.09
22348,TEA BAG PLATE RED RETROSPOT,1,4072,3573.0899999999997
22349,DOG BOWL CHASING BALL DESIGN,1,1366,5381.5199999999995
22350,ILLUSTRATED CAT BOWL,1,1409,3819.5699999999997
22351,DOTCOMGIFTSHOP TEA TOWEL,1,13,23.089999999999996
22324,BLUE POLKADOT KIDS BAG,1,286,688.3
22322,BIRD DECORATION GREEN POLKADOT,1,808,737.61
22353,LUNCH BOX WITH CUTLERY FAIRY CAKES,1,60,153.0
22321,BIRD DECORATION RED RETROSPOT,1,893,860.93
22295,HEART FILIGREE DOVE LARGE,1,2789,4613.969999999999
22296,HEART IVORY TRELLIS LARGE,1,3140,5247.719999999999
22297,HEART IVORY TRELLIS SMALL,1,4164,5459.91
22299,PIG KEYRING WITH LIGHT & SOUND,1,1355,1356.97
22300,COFFEE MUG DOG + BALL DESIGN,1,1522,3393.91
22301,COFFEE MUG CAT + BIRD DESIGN,1,2198,4962.98
22302,COFFEE MUG PEARS  DESIGN,1,2323,5118.99
22303,COFFEE MUG APPLES DESIGN,1,2774,6247.35
22304,COFFEE MUG BLUE PAISLEY DESIGN,1,761,1352.88
22305,COFFEE MUG PINK PAISLEY DESIGN,1,693,1604.58
22306,SILVER MUG BONE CHINA TREE OF LIFE,1,1150,1392.45
22307,GOLD MUG BONE CHINA TREE OF LIFE,1,740,933.28
22308,TEA COSY BLUE STRIPE,1,250,877.38
22309,TEA COSY RED  STRIPE,1,369,1091.05
22310,IVORY KNITTED MUG COSY,1,668,1296.23
22311,OFFICE MUG WARMER BLACK+SILVER,1,1131,3400.81
22312,OFFICE MUG WARMER POLKADOT,1,645,1950.4900000000002
22313,OFFICE MUG WARMER PINK,1,565,1564.8300000000002
22314,OFFICE MUG WARMER CHOC+BLUE,1,570,1759.1200000000001
22315,200 RED + WHITE BENDY STRAWS,1,916,1218.93
22316,200 BENDY SKULL STRAWS,1,660,742.37
22317,FIVE CATS HANGING DECORATION,1,286,879.6700000000001
22318,FIVE HEART HANGING DECORATION,1,455,1520.9700000000003
22319,HAIRCLIPS FORTIES FABRIC ASSORTED,1,1322,572.26
22320,BIRDS MOBILE VINTAGE DESIGN,1,182,1105.6200000000001
22352,LUNCH BOX WITH CUTLERY RETROSPOT,1,3082,7845.67
22354,RETROSPOT PADDED SEAT CUSHION,1,750,2860.98
22423,REGENCY CAKESTAND 3 TIER,1,13505,170216.63999999998
22390,PAPERWEIGHT CHILDHOOD MEMORIES,1,266,440.34
22393,PAPERWEIGHT VINTAGE COLLAGE,1,510,736.88
22394,PAPERWEIGHT KINGS CHOICE,1,168,230.67999999999998
22395,PAPERWEIGHT VINTAGE PAISLEY,1,152,220.04
22396,MAGNETS PACK OF 4 RETRO PHOTO,1,1220,622.87
22398,MAGNETS PACK OF 4 SWALLOWS,1,2497,1491.62
22399,MAGNETS PACK OF 4 CHILDHOOD MEMORY,1,1134,1324.58
22400,MAGNETS PACK OF 4 HOME SWEET HOME,1,1393,729.09
22402,MAGNETS PACK OF 4 VINTAGE COLLAGE,1,1713,1025.66
22403,MAGNETS PACK OF 4 VINTAGE LABELS,1,1316,681.78
22405,MONEY BOX POCKET MONEY DESIGN,1,372,415.36
22406,MONEY BOX KINGS CHOICE DESIGN,1,346,403.46
22408,MONEY BOX CONFECTIONERY DESIGN,1,145,162.44
22409,MONEY BOX BISCUITS DESIGN,1,228,299.72
22410,MONEY BOX HOUSEKEEPING DESIGN,1,237,247.42000000000002
22411,JUMBO SHOPPER VINTAGE RED PAISLEY,1,12237,27985.97
22412,METAL SIGN NEIGHBOURHOOD WITCH,1,911,1931.8500000000001
22413,METAL SIGN TAKE IT OR LEAVE IT,1,3756,11042.84
22414,DOORMAT NEIGHBOURHOOD WITCH,1,277,2022.19
22415,WHITE TISSUE REAM,1,19,151.05
22417,PACK OF 60 SPACEBOY CAKE CASES,1,8396,4550.04
22418,10 COLOUR SPACEBOY PEN,1,6410,5454.549999999999
22419,LIPSTICK PEN RED,1,3338,1673.1
22420,LIPSTICK PEN BABY PINK,1,1333,611.3
22421,LIPSTICK PEN FUSCHIA,1,2597,1347.1
22422,TOOTHPASTE TUBE PEN,1,1273,776.1
22391,PAPERWEIGHT HOME SWEET HOME,1,158,245.57999999999998
22389,PAPERWEIGHT SAVE THE PLANET,1,238,431.54999999999995
22355,CHARLOTTE BAG SUKI DESIGN,1,18014,29173.649999999998
22386,JUMBO BAG PINK POLKADOT,1,21004,41607.39
22356,CHARLOTTE BAG PINK POLKADOT,1,9571,11307.49
22357,KINGS CHOICE BISCUIT TIN,1,464,2158.04
22358,KINGS CHOICE TEA CADDY,1,697,2548.27
22359,GLASS JAR KINGS CHOICE,1,183,605.7700000000001
22360,GLASS JAR ENGLISH CONFECTIONERY,1,974,3086.62
22361,GLASS JAR DAISY FRESH COTTON WOOL,1,727,2592.33
22362,GLASS JAR PEACOCK BATH SALTS,1,408,1329.44
22363,GLASS JAR MARMALADE,1,354,1057.1
22364,GLASS JAR DIGESTIVE BISCUITS,1,610,1983.6200000000001
22365,DOORMAT RESPECTABLE HOUSE,1,787,5738.13
22366,DOORMAT AIRMAIL,1,773,5841.13
22367,CHILDRENS APRON SPACEBOY DESIGN,1,3732,7475.43
22371,AIRLINE BAG VINTAGE TOKYO 78,1,1080,5047.82
22372,AIRLINE BAG VINTAGE WORLD CHAMPION,1,278,1285.24
22374,AIRLINE BAG VINTAGE JET SET RED,1,542,2410.52
22375,AIRLINE BAG VINTAGE JET SET BROWN,1,346,1626.54
22376,AIRLINE BAG VINTAGE JET SET WHITE,1,252,1133.2
22377,BOTTLE BAG RETROSPOT,1,1322,2154.73
22378,WALL TIDY RETROSPOT,1,2283,3638.5699999999997
22379,RECYCLING BAG RETROSPOT,1,6895,15605.49
22380,TOY TIDY SPACEBOY,1,1302,2794.46
22381,TOY TIDY PINK POLKADOT,1,3429,7412.74
22382,LUNCH BAG SPACEBOY DESIGN,1,10416,18013.16
22384,LUNCH BAG PINK POLKADOT,1,10463,17349.39
22385,JUMBO BAG SPACEBOY DESIGN,1,8555,16871.01
DCGSSGIRL,GIRLS PARTY BAG,1,47,144.43
