stock_code,description,sku_class,avg_monthly_units,current_inventory,inventory_coverage_days,inventory_risk,warehouse_strategy
90214U,"LETTER ""U"" BLING KEY RING",Long-Tail,0.0,14,inf,Overstock Risk,Overstock Review / Reduce Replenishment
21009,ETCHED GLASS STAR TREE DECORATION,Long-Tail,0.0833333333333333,119,42840.00000000002,Overstock Risk,Overstock Review / Reduce Replenishment
85031B,BLOSSOM IMAGES SCRAP BOOK SET,Long-Tail,0.0833333333333333,118,42480.00000000002,Overstock Risk,Overstock Review / Reduce Replenishment
84613C,BLUE NEW BAROQUE FLOCK CANDLESTICK,Long-Tail,0.0833333333333333,118,42480.00000000002,Overstock Risk,Overstock Review / Reduce Replenishment
85170A,SET/6 IVORY BIRD T-LIGHT CANDLES,Long-Tail,0.0833333333333333,112,40320.000000000015,Overstock Risk,Overstock Review / Reduce Replenishment
21491,SET OF THREE VINTAGE GIFT WRAPS,Long-Tail,0.0833333333333333,110,39600.000000000015,Overstock Risk,Overstock Review / Reduce Replenishment
90092,BLUE CRYSTAL BOOT PHONE CHARM,Long-Tail,0.0909090909090909,119,39270.00000000001,Overstock Risk,Overstock Review / Reduce Replenishment
20860,GOLD COSMETICS BAG WITH BUTTERFLY,Long-Tail,0.0833333333333333,109,39240.000000000015,Overstock Risk,Overstock Review / Reduce Replenishment
90060B,FIRE POLISHED GLASS NECKL GOLD,Long-Tail,0.0833333333333333,108,38880.000000000015,Overstock Risk,Overstock Review / Reduce Replenishment
90178B,PURPLE CHUNKY GLASS+BEAD NECKLACE,Long-Tail,0.0833333333333333,105,37800.000000000015,Overstock Risk,Overstock Review / Reduce Replenishment
90126A,PINK BERTIE MOBILE PHONE CHARM,Long-Tail,0.0833333333333333,98,35280.000000000015,Overstock Risk,Overstock Review / Reduce Replenishment
21414,SCALLOP SHELL SOAP DISH,Long-Tail,0.1,116,34800.0,Overstock Risk,Overstock Review / Reduce Replenishment
90100,NECKLACE+BRACELET SET PINK DAISY,Long-Tail,0.1,112,33600.0,Overstock Risk,Overstock Review / Reduce Replenishment
DCGS0070,CAMOUFLAGE DOG COLLAR,Long-Tail,0.0833333333333333,91,32760.000000000015,Overstock Risk,Overstock Review / Reduce Replenishment
90142A,GREEN PENDANT SHELL NECKLACE,Long-Tail,0.0833333333333333,90,32400.000000000015,Overstock Risk,Overstock Review / Reduce Replenishment
84569C,PACK 4 FLOWER/BUTTERFLY PATCHES,Long-Tail,0.1111111111111111,119,32130.000000000004,Overstock Risk,Overstock Review / Reduce Replenishment
22146,EASTER CRAFT IVY WREATH WITH CHICK,Long-Tail,0.0909090909090909,95,31350.000000000004,Overstock Risk,Overstock Review / Reduce Replenishment
90152C,BLUE/NAT SHELL NECKLACE W PENDANT,Long-Tail,0.1,94,28200.0,Overstock Risk,Overstock Review / Reduce Replenishment
90187A,BLUE DROP EARRINGS W BEAD CLUSTER,Long-Tail,0.1,94,28200.0,Overstock Risk,Overstock Review / Reduce Replenishment
DCGS0069,OOH LA LA DOGS COLLAR,Long-Tail,0.0909090909090909,85,28050.000000000004,Overstock Risk,Overstock Review / Reduce Replenishment
21839,MUMMY MOUSE RED GINGHAM RIBBON,Long-Tail,0.1111111111111111,102,27540.000000000004,Overstock Risk,Overstock Review / Reduce Replenishment
21160,KEEP OUT GIRLS DOOR HANGER,Long-Tail,0.0833333333333333,66,23760.00000000001,Overstock Risk,Overstock Review / Reduce Replenishment
84977,WIRE FLOWER T-LIGHT HOLDER,Long-Tail,0.1111111111111111,81,21870.0,Overstock Risk,Overstock Review / Reduce Replenishment
22528,GARDENERS KNEELING PAD,Long-Tail,0.0833333333333333,60,21600.00000000001,Overstock Risk,Overstock Review / Reduce Replenishment
22323,PINK POLKADOT KIDS BAG,Long-Tail,0.0909090909090909,64,21120.000000000004,Overstock Risk,Overstock Review / Reduce Replenishment
90025E,BAROQUE BUTTERFLY EARRINGS MONTANA,Long-Tail,0.1666666666666666,117,21060.000000000007,Overstock Risk,Overstock Review / Reduce Replenishment
20954,*USB OFFICE MIRROR BALL,Long-Tail,0.1666666666666666,116,20880.000000000007,Overstock Risk,Overstock Review / Reduce Replenishment
35004P,SET OF 3 PINK FLYING DUCKS,Long-Tail,0.0833333333333333,57,20520.000000000007,Overstock Risk,Overstock Review / Reduce Replenishment
84802A,WHITE ANEMONE ARTIFICIAL FLOWER,Long-Tail,0.1666666666666666,112,20160.000000000007,Overstock Risk,Overstock Review / Reduce Replenishment
DCGS0004,HAYNES CAMPER SHOULDER BAG,Long-Tail,0.125,84,20160.0,Overstock Risk,Overstock Review / Reduce Replenishment
21268,VINTAGE BLUE TINSEL REEL,Long-Tail,0.1666666666666666,106,19080.000000000007,Overstock Risk,Overstock Review / Reduce Replenishment
21310,CAPIZ CHANDELIER,Long-Tail,0.1428571428571428,87,18270.000000000007,Overstock Risk,Overstock Review / Reduce Replenishment
85225,BLING KEY RING STAND,Long-Tail,0.125,76,18240.0,Overstock Risk,Overstock Review / Reduce Replenishment
90128B,BLUE LEAVES AND BEADS PHONE CHARM,Long-Tail,0.1666666666666666,101,18180.000000000007,Overstock Risk,Overstock Review / Reduce Replenishment
90068,"RUBY GLASS NECKLACE 42""",Long-Tail,0.1111111111111111,67,18090.0,Overstock Risk,Overstock Review / Reduce Replenishment
90181C,BLACK GLASS/SHELL/PEARL NECKLACE,Long-Tail,0.125,75,18000.0,Overstock Risk,Overstock Review / Reduce Replenishment
90078,PINK/WHITE GLASS DEMI CHOKER,Long-Tail,0.1666666666666666,97,17460.000000000007,Overstock Risk,Overstock Review / Reduce Replenishment
44265,M/COLOUR POM-POM CURTAIN,Long-Tail,0.2,113,16950.0,Overstock Risk,Overstock Review / Reduce Replenishment
85126,LARGE ROUND CUTGLASS CANDLESTICK,Long-Tail,0.1666666666666666,94,16920.000000000007,Overstock Risk,Overstock Review / Reduce Replenishment
21410,COUNTRY COTTAGE  DOORSTOP GREEN,Long-Tail,0.0833333333333333,45,16200.000000000007,Overstock Risk,Overstock Review / Reduce Replenishment
20861,GOLD COSMETIC BAG PINK STAR,Long-Tail,0.1666666666666666,90,16200.000000000007,Overstock Risk,Overstock Review / Reduce Replenishment
35597B,BLACKCHRISTMAS TREE 30CM,Long-Tail,0.0833333333333333,44,15840.000000000007,Overstock Risk,Overstock Review / Reduce Replenishment
72803B,OCEAN SCENT CANDLE JEWELLED DRAWER,Long-Tail,0.0833333333333333,44,15840.000000000007,Overstock Risk,Overstock Review / Reduce Replenishment
90037A,TINY CRYSTAL BRACELET RED,Long-Tail,0.0909090909090909,46,15180.000000000002,Overstock Risk,Overstock Review / Reduce Replenishment
90016C,SILVER/BLACK PENDANT ORBIT NECKLACE,Long-Tail,0.2222222222222222,110,14850.000000000002,Overstock Risk,Overstock Review / Reduce Replenishment
90034,WHITE SILVER NECKLACE SHELL GLASS,Long-Tail,0.1666666666666666,82,14760.000000000005,Overstock Risk,Overstock Review / Reduce Replenishment
90132,LIGHT TOPAZ TEAL/AQUA COL NECKLACE,Long-Tail,0.25,119,14280.0,Overstock Risk,Overstock Review / Reduce Replenishment
90140,PINK SWEETIE NECKLACE,Long-Tail,0.1666666666666666,79,14220.000000000005,Overstock Risk,Overstock Review / Reduce Replenishment
90024E,NEW BAROQUE B'FLY NECKLACE MONTANA,Long-Tail,0.1666666666666666,78,14040.000000000005,Overstock Risk,Overstock Review / Reduce Replenishment
37461,FUNKY MONKEY MUG,Long-Tail,0.0833333333333333,39,14040.000000000005,Overstock Risk,Overstock Review / Reduce Replenishment
84227,HEN HOUSE W CHICK IN NEST,Long-Tail,0.1111111111111111,51,13770.000000000002,Overstock Risk,Overstock Review / Reduce Replenishment
21594,DR. JAM'S AROUZER STRESS BALL,Long-Tail,0.1666666666666666,75,13500.000000000005,Overstock Risk,Overstock Review / Reduce Replenishment
22218,CAKE STAND LACE WHITE,Long-Tail,0.0833333333333333,37,13320.000000000005,Overstock Risk,Overstock Review / Reduce Replenishment
90081B,LILY BROOCH WHITE/SILVER COLOUR,Long-Tail,0.1428571428571428,61,12810.000000000005,Overstock Risk,Overstock Review / Reduce Replenishment
84614A,PINK BAROQUE FLOCK CANDLE HOLDER,Long-Tail,0.1666666666666666,71,12780.000000000005,Overstock Risk,Overstock Review / Reduce Replenishment
77079,DOLPHIN WINDMILL,Long-Tail,0.1666666666666666,70,12600.000000000005,Overstock Risk,Overstock Review / Reduce Replenishment
21120,*BOOMBOX IPOD CLASSIC,Long-Tail,0.0833333333333333,34,12240.000000000005,Overstock Risk,Overstock Review / Reduce Replenishment
90130D,RED STONE/CRYSTAL EARRINGS,Long-Tail,0.2727272727272727,110,12100.0,Overstock Risk,Overstock Review / Reduce Replenishment
85136B,BLUE SHARK HELICOPTER,Long-Tail,0.1666666666666666,60,10800.000000000005,Overstock Risk,Overstock Review / Reduce Replenishment
20906,VINTAGE NOTEBOOK BEAUTY GIRL,Long-Tail,0.25,90,10800.0,Overstock Risk,Overstock Review / Reduce Replenishment
90077,BLACK DIAMOND CLUSTER EARRINGS,Long-Tail,0.25,89,10680.0,Overstock Risk,Overstock Review / Reduce Replenishment
84773,RED ROSE AND LACE C/COVER,Long-Tail,0.25,88,10560.0,Overstock Risk,Overstock Review / Reduce Replenishment
90024D,NEW BAROQUE B'FLY NECKLACE PINK,Long-Tail,0.25,86,10320.0,Overstock Risk,Overstock Review / Reduce Replenishment
90025B,BAROQUE BUTTERFLY EARRINGS RED,Long-Tail,0.125,43,10320.0,Overstock Risk,Overstock Review / Reduce Replenishment
37509,NEW ENGLAND MUG W GIFT BOX,Long-Tail,0.1666666666666666,57,10260.000000000004,Overstock Risk,Overstock Review / Reduce Replenishment
37474,SET/4 2 TONE EGG SHAPE MIXING BOWLS,Long-Tail,0.0833333333333333,28,10080.000000000004,Overstock Risk,Overstock Review / Reduce Replenishment
90056,CHUNKY CRACKED GLAZE NECKLACE IVORY,Long-Tail,0.1666666666666666,56,10080.000000000004,Overstock Risk,Overstock Review / Reduce Replenishment
90035C,"PEARL & SHELL 42""NECKL. IVORY",Long-Tail,0.2857142857142857,95,9975.000000000002,Overstock Risk,Overstock Review / Reduce Replenishment
84679,CLASSICAL ROSE TABLE LAMP,Long-Tail,0.3333333333333333,107,9630.000000000002,Overstock Risk,Overstock Review / Reduce Replenishment
84963A,PINK PAINTED KASHMIRI CHAIR,Long-Tail,0.3333333333333333,105,9450.000000000002,Overstock Risk,Overstock Review / Reduce Replenishment
37444B,BLUE BREAKFAST CUP AND SAUCER,Long-Tail,0.3333333333333333,105,9450.000000000002,Overstock Risk,Overstock Review / Reduce Replenishment
21895,POTTING SHED SOW 'N' GROW SET,Long-Tail,0.1666666666666666,52,9360.000000000004,Overstock Risk,Overstock Review / Reduce Replenishment
37464,ROBOT MUG IN DISPLAY BOX,Long-Tail,0.25,77,9240.0,Overstock Risk,Overstock Review / Reduce Replenishment
84731,3 BIRDS CANVAS SCREEN,Long-Tail,0.25,77,9240.0,Overstock Risk,Overstock Review / Reduce Replenishment
22764,"RUSTIC WOODEN CABINET, GLASS DOORS",Long-Tail,0.3636363636363636,110,9075.000000000002,Overstock Risk,Overstock Review / Reduce Replenishment
90084,PINK CRYSTAL GUITAR PHONE CHARM,Long-Tail,0.1111111111111111,33,8910.0,Overstock Risk,Overstock Review / Reduce Replenishment
90176B,DIAMANTE NECKLACE BLACK,Long-Tail,0.3333333333333333,98,8820.000000000002,Overstock Risk,Overstock Review / Reduce Replenishment
90180B,PURPLE AMETHYST NECKLACE W TASSEL,Long-Tail,0.3,88,8800.0,Overstock Risk,Overstock Review / Reduce Replenishment
84990,60 GOLD AND SILVER FAIRY CAKE CASES,Long-Tail,0.25,72,8640.0,Overstock Risk,Overstock Review / Reduce Replenishment
90025A,BAROQUE BUTTERFLY EARRINGS BLACK,Long-Tail,0.25,72,8640.0,Overstock Risk,Overstock Review / Reduce Replenishment
90128A,PINK LEAVES AND BEADS PHONE CHARM,Long-Tail,0.25,72,8640.0,Overstock Risk,Overstock Review / Reduce Replenishment
DCGS0003,BOXED GLASS ASHTRAY,Long-Tail,0.3333333333333333,95,8550.000000000002,Overstock Risk,Overstock Review / Reduce Replenishment
90042A,FRESHWATER PEARL BRACELET GOLD,Long-Tail,0.25,71,8520.0,Overstock Risk,Overstock Review / Reduce Replenishment
90214W,"LETTER ""W"" BLING KEY RING",Long-Tail,0.3636363636363636,102,8415.000000000002,Overstock Risk,Overstock Review / Reduce Replenishment
90037C,TINY CRYSTAL BRACELET BLUE,Long-Tail,0.3636363636363636,100,8250.000000000002,Overstock Risk,Overstock Review / Reduce Replenishment
21186,WHITE DOVE HONEYCOMB PAPER GARLAND,Long-Tail,0.1666666666666666,45,8100.000000000004,Overstock Risk,Overstock Review / Reduce Replenishment
90053,CRACKED GLAZE EARRINGS IVORY,Long-Tail,0.3333333333333333,89,8010.000000000001,Overstock Risk,Overstock Review / Reduce Replenishment
21416,CLAM SHELL LARGE,Long-Tail,0.4166666666666667,111,7991.999999999999,Overstock Risk,Overstock Review / Reduce Replenishment
90075,MONTANA DIAMOND CLUSTER NECKLACE,Long-Tail,0.4444444444444444,118,7965.000000000001,Overstock Risk,Overstock Review / Reduce Replenishment
84854,GIRLY PINK TOOL SET,Long-Tail,0.4166666666666667,108,7775.999999999999,Overstock Risk,Overstock Review / Reduce Replenishment
90041,PEARL AND CHERRY QUARTZ BRACLET,Long-Tail,0.3636363636363636,94,7755.000000000001,Overstock Risk,Overstock Review / Reduce Replenishment
90179C,BLACK FINE BEAD NECKLACE W TASSEL,Long-Tail,0.4166666666666667,107,7703.999999999999,Overstock Risk,Overstock Review / Reduce Replenishment
84968B,SET OF 16 VINTAGE IVORY CUTLERY,Long-Tail,0.2222222222222222,57,7695.000000000001,Overstock Risk,Overstock Review / Reduce Replenishment
84802B,PURPLE ANEMONE ARTIFICIAL FLOWER,Long-Tail,0.4444444444444444,113,7627.500000000001,Overstock Risk,Overstock Review / Reduce Replenishment
90214O,"LETTER ""O"" BLING KEY RING",Long-Tail,0.25,63,7560.0,Overstock Risk,Overstock Review / Reduce Replenishment
90152A,SILVER/NAT SHELL NECKLACE W PENDANT,Long-Tail,0.4166666666666667,105,7559.999999999999,Overstock Risk,Overstock Review / Reduce Replenishment
90176C,DIAMANTE NECKLACE,Long-Tail,0.3,75,7500.0,Overstock Risk,Overstock Review / Reduce Replenishment
10123C,HEARTS WRAPPING TAPE,Long-Tail,0.4166666666666667,102,7343.999999999999,Overstock Risk,Overstock Review / Reduce Replenishment
21144,PINK POODLE HANGING DECORATION,Long-Tail,0.4166666666666667,101,7271.999999999999,Overstock Risk,Overstock Review / Reduce Replenishment
90039C,FIRE POLISHED GLASS BRACELET BLACK,Long-Tail,0.4166666666666667,99,7127.999999999999,Overstock Risk,Overstock Review / Reduce Replenishment
35591T,TURQUOISE CHRISTMAS TREE,Long-Tail,0.4166666666666667,99,7127.999999999999,Overstock Risk,Overstock Review / Reduce Replenishment
84795C,OCEAN STRIPE HAMMOCK,Long-Tail,0.1818181818181818,43,7095.000000000001,Overstock Risk,Overstock Review / Reduce Replenishment
90188,DROP EARRINGS W FLOWER & LEAF,Long-Tail,0.5,116,6960.0,Overstock Risk,Overstock Review / Reduce Replenishment
84689,S/2 BEACH HUT TREASURE CHESTS,Long-Tail,0.375,87,6960.0,Overstock Risk,Overstock Review / Reduce Replenishment
21827,EIGHT PIECE CREEPY CRAWLIE SET,Long-Tail,0.5,113,6780.0,Overstock Risk,Overstock Review / Reduce Replenishment
90156,RESIN BRACELET W PASTEL BEADS,Long-Tail,0.3636363636363636,82,6765.000000000001,Overstock Risk,Overstock Review / Reduce Replenishment
90011D,PURPLE CRYSTAL DROP EARRINGS,Long-Tail,0.25,55,6600.0,Overstock Risk,Overstock Review / Reduce Replenishment
35609A,PINK FEATHER CHRISTMAS DECORATION,Long-Tail,0.0833333333333333,18,6480.000000000003,Overstock Risk,Overstock Review / Reduce Replenishment
90024F,NEW BAROQUE B'FLY NECKLACE CRYSTAL,Long-Tail,0.4166666666666667,90,6480.0,Overstock Risk,Overstock Review / Reduce Replenishment
84840,SWEETHEART CARRY-ALL BASKET,Long-Tail,0.5,108,6480.0,Overstock Risk,Overstock Review / Reduce Replenishment
21681,GIANT MEDINA STAMPED METAL BOWL,Long-Tail,0.2,43,6450.0,Overstock Risk,Overstock Review / Reduce Replenishment
90128D,PURPLE LEAVES AND BEADS PHONE CHAR,Long-Tail,0.1666666666666666,35,6300.000000000003,Overstock Risk,Overstock Review / Reduce Replenishment
90001C,ANTIQUE OPAL WHITE FLOWER EARRINGS,Long-Tail,0.4166666666666667,87,6264.0,Overstock Risk,Overstock Review / Reduce Replenishment
84620,BLUE GINGHAM ROSE CUSHION COVER,Long-Tail,0.1666666666666666,34,6120.000000000003,Overstock Risk,Overstock Review / Reduce Replenishment
90112,PINK DOLLY HAIR CLIPS,Long-Tail,0.1666666666666666,34,6120.000000000003,Overstock Risk,Overstock Review / Reduce Replenishment
90141D,ROSE PENDANT TRIPLE SHELL NECKLACE,Long-Tail,0.3636363636363636,73,6022.500000000001,Overstock Risk,Overstock Review / Reduce Replenishment
90011C,GREEN CRYSTAL DROP EARRINGS,Long-Tail,0.4,79,5925.0,Overstock Risk,Overstock Review / Reduce Replenishment
90026A,GLASS BEAD HOOP NECKLACE BLACK,Long-Tail,0.3333333333333333,65,5850.000000000001,Overstock Risk,Overstock Review / Reduce Replenishment
84617,NEW BAROQUE BLACK BOXES,Long-Tail,0.2727272727272727,53,5830.0,Overstock Risk,Overstock Review / Reduce Replenishment
90026B,GLASS BEAD HOOP NECKLACE MONTANA,Long-Tail,0.3,58,5800.0,Overstock Risk,Overstock Review / Reduce Replenishment
35597A,DUSTY PINK CHRISTMAS TREE 30CM,Long-Tail,0.0833333333333333,16,5760.000000000003,Overstock Risk,Overstock Review / Reduce Replenishment
90025D,BAROQUE BUTTERFLY EARRINGS PINK,Long-Tail,0.3333333333333333,64,5760.000000000001,Overstock Risk,Overstock Review / Reduce Replenishment
85031C,CURIOUS IMAGES SCRAP BOOK SET,Long-Tail,0.25,47,5640.0,Overstock Risk,Overstock Review / Reduce Replenishment
23628,SET 10 CARDS TRIANGLE ICONS  17220,Long-Tail,0.5,94,5640.0,Overstock Risk,Overstock Review / Reduce Replenishment
90163B,WHITE ROSEBUD & PEARL NECKLACE,Long-Tail,0.5454545454545454,102,5610.0,Overstock Risk,Overstock Review / Reduce Replenishment
20871,OPULENT VELVET SET/3 CANDLES,Long-Tail,0.1666666666666666,31,5580.000000000003,Overstock Risk,Overstock Review / Reduce Replenishment
20892,SET/3 TALL GLASS CANDLE HOLDER PINK,Long-Tail,0.3333333333333333,62,5580.000000000001,Overstock Risk,Overstock Review / Reduce Replenishment
90127A,PINK BEADS+HAND PHONE CHARM,Long-Tail,0.4,74,5550.0,Overstock Risk,Overstock Review / Reduce Replenishment
90074,BLACK DIAMOND CLUSTER NECKLACE,Long-Tail,0.3333333333333333,61,5490.000000000001,Overstock Risk,Overstock Review / Reduce Replenishment
35833G,4 GOLD FLOCK CHRISTMAS BALLS,Long-Tail,0.1666666666666666,30,5400.000000000003,Overstock Risk,Overstock Review / Reduce Replenishment
90120A,PINK MURANO TWIST BRACELET,Long-Tail,0.5833333333333334,103,5297.142857142857,Overstock Risk,Overstock Review / Reduce Replenishment
90122B,JADE CRYSTAL+GLASS BRACELET,Long-Tail,0.5454545454545454,96,5280.0,Overstock Risk,Overstock Review / Reduce Replenishment
90046,WHITE WITH METAL BAG CHARM,Long-Tail,0.6,105,5250.0,Overstock Risk,Overstock Review / Reduce Replenishment
21836,GINGHAM OVEN GLOVE RED HEART,Long-Tail,0.4166666666666667,72,5184.0,Overstock Risk,Overstock Review / Reduce Replenishment
84593,CROCHET ROSE DES CLOTHES HANGER,Long-Tail,0.5555555555555556,96,5183.999999999999,Overstock Risk,Overstock Review / Reduce Replenishment
90089,PINK CRYSTAL SKULL PHONE CHARM,Long-Tail,0.5833333333333334,100,5142.857142857143,Overstock Risk,Overstock Review / Reduce Replenishment
62096B,PURPLE/TURQ FLOWERS HANDBAG,Long-Tail,0.2222222222222222,38,5130.0,Overstock Risk,Overstock Review / Reduce Replenishment
37330,BIG POLKADOT MUG,Long-Tail,0.6666666666666666,113,5085.000000000001,Overstock Risk,Overstock Review / Reduce Replenishment
90024C,NEW BAROQUE B'FLY NECKLACE GREEN,Long-Tail,0.3333333333333333,55,4950.000000000001,Overstock Risk,Overstock Review / Reduce Replenishment
85047,WHITE BEADED GARLAND STRING 20LIGHT,Long-Tail,0.2727272727272727,45,4950.0,Overstock Risk,Overstock Review / Reduce Replenishment
90011E,AMBER CRYSTAL DROP EARRINGS,Long-Tail,0.2727272727272727,45,4950.0,Overstock Risk,Overstock Review / Reduce Replenishment
20964,POLYESTER FILLER PAD 60X40CM,Long-Tail,0.2857142857142857,47,4935.0,Overstock Risk,Overstock Review / Reduce Replenishment
37491D,PURPLE/BLUE CERAMIC CANDLE HOLDER,Long-Tail,0.4,65,4875.0,Overstock Risk,Overstock Review / Reduce Replenishment
84743C,ORANGE FELT VASE + FLOWERS,Long-Tail,0.1111111111111111,18,4860.0,Overstock Risk,Overstock Review / Reduce Replenishment
90199B,5 STRAND GLASS NECKLACE AMETHYST,Long-Tail,0.5833333333333334,94,4834.285714285714,Overstock Risk,Overstock Review / Reduce Replenishment
84975,HEART SHAPED MIRROR,Long-Tail,0.4166666666666667,67,4824.0,Overstock Risk,Overstock Review / Reduce Replenishment
85224,ASSORTED COLOUR SILK GLASSES CASE,Long-Tail,0.3333333333333333,53,4770.000000000001,Overstock Risk,Overstock Review / Reduce Replenishment
85160A,WHITE BIRD GARDEN DESIGN MUG,Long-Tail,0.5833333333333334,92,4731.428571428572,Overstock Risk,Overstock Review / Reduce Replenishment
84562A,PINK/WHITE RIBBED MELAMINE JUG,Long-Tail,0.25,38,4560.0,Overstock Risk,Overstock Review / Reduce Replenishment
84499,BLACK FLOWER CANDLE PLATE,Long-Tail,0.5833333333333334,88,4525.714285714285,Overstock Risk,Overstock Review / Reduce Replenishment
90027C,GLASS BEAD HOOP EARRINGS GREEN,Long-Tail,0.4545454545454545,68,4488.000000000001,Overstock Risk,Overstock Review / Reduce Replenishment
90177A,CLASSIC DIAMANTE EARRINGS JET,Long-Tail,0.7,104,4457.142857142858,Overstock Risk,Overstock Review / Reduce Replenishment
90036F,"FLOWER GLASS GARLD NECKL36""TURQUOIS",Long-Tail,0.6666666666666666,99,4455.000000000001,Overstock Risk,Overstock Review / Reduce Replenishment
90151,SILVER/NATURAL SHELL NECKLACE,Long-Tail,0.6666666666666666,99,4455.000000000001,Overstock Risk,Overstock Review / Reduce Replenishment
90067B,BROWN VINTAGE VICTORIAN EARRINGS,Long-Tail,0.4,58,4350.0,Overstock Risk,Overstock Review / Reduce Replenishment
90135A,ORANGE/FUSCHIA STONES NECKLACE,Long-Tail,0.125,18,4320.0,Overstock Risk,Overstock Review / Reduce Replenishment
20695,FLORAL BLUE MONSTER,Long-Tail,0.4166666666666667,60,4320.0,Overstock Risk,Overstock Review / Reduce Replenishment
23638,SET 10 CARDS ROBIN WATERPUMP  17096,Long-Tail,0.6666666666666666,95,4275.000000000001,Overstock Risk,Overstock Review / Reduce Replenishment
90029,NEW BAROQUE SMALL NECKLACE BLACK,Long-Tail,0.5,71,4260.0,Overstock Risk,Overstock Review / Reduce Replenishment
90065A,WHITE VINTAGE CRYSTAL BRACELET,Long-Tail,0.7,99,4242.857142857143,Overstock Risk,Overstock Review / Reduce Replenishment
90082D,DIAMANTE BOW BROOCH BLACK COLOUR,Long-Tail,0.75,106,4240.0,Overstock Risk,Overstock Review / Reduce Replenishment
17174,ASSTD RASTA KEY-CHAINS,Long-Tail,0.8181818181818182,114,4180.0,Overstock Risk,Overstock Review / Reduce Replenishment
84824,DANISH ROSE UMBRELLA STAND,Long-Tail,0.3333333333333333,46,4140.000000000001,Overstock Risk,Overstock Review / Reduce Replenishment
21538,DAIRY MAID  PUDDING BOWL,Long-Tail,0.4166666666666667,57,4104.0,Overstock Risk,Overstock Review / Reduce Replenishment
90159,COTE D'AZURE NECKLACE,Long-Tail,0.75,102,4080.0,Overstock Risk,Overstock Review / Reduce Replenishment
90136,PALE PINK/AMETHYST STONE NECKLACE,Long-Tail,0.25,34,4080.0,Overstock Risk,Overstock Review / Reduce Replenishment
90195B,BLACK GEMSTONE BRACELET,Long-Tail,0.3333333333333333,45,4050.0000000000005,Overstock Risk,Overstock Review / Reduce Replenishment
22206,"MUG , DOTCOMGIFTSHOP.COM",Long-Tail,0.4166666666666667,54,3887.9999999999995,Overstock Risk,Overstock Review / Reduce Replenishment
23643,SET 10 CARDS CHRISTMAS BAUBLE 16954,Long-Tail,0.5,64,3840.0,Overstock Risk,Overstock Review / Reduce Replenishment
37491A,YELLOW/PINK CERAMIC CANDLE HOLDER,Long-Tail,0.5,64,3840.0,Overstock Risk,Overstock Review / Reduce Replenishment
90013D,PURPLE VINTAGE EARRINGS,Long-Tail,0.5,63,3780.0,Overstock Risk,Overstock Review / Reduce Replenishment
90036B,"FLOWER GLASS GARLAND NECKL.36""GREEN",Long-Tail,0.6666666666666666,83,3735.0000000000005,Overstock Risk,Overstock Review / Reduce Replenishment
90039B,FIRE POLISHED GLASS BRACELET MONTAN,Long-Tail,0.9166666666666666,114,3730.909090909091,Overstock Risk,Overstock Review / Reduce Replenishment
84706D,CHERRY BLOSSOM TABLE CLOCK,Long-Tail,0.6666666666666666,82,3690.0000000000005,Overstock Risk,Overstock Review / Reduce Replenishment
47574B,ENGLISH ROSE SCENTED HANGING HEART,Long-Tail,0.5714285714285714,70,3675.0000000000005,Overstock Risk,Overstock Review / Reduce Replenishment
85119,WATERING CAN SINGLE HOOK PISTACHIO,Long-Tail,0.0833333333333333,10,3600.0000000000014,Overstock Risk,Overstock Review / Reduce Replenishment
21595,DAD'S CAB ELECTRONIC METER,Long-Tail,0.1666666666666666,20,3600.0000000000014,Overstock Risk,Overstock Review / Reduce Replenishment
90026D,GLASS BEAD HOOP NECKLACE AMETHYST,Long-Tail,0.3,36,3600.0,Overstock Risk,Overstock Review / Reduce Replenishment
84873A,FUNKY FLOWER PICNIC BAG FOR 4,Long-Tail,0.2857142857142857,34,3570.0000000000005,Overstock Risk,Overstock Review / Reduce Replenishment
90049,IVORY GOLD METAL BAG CHARM,Long-Tail,1.0,118,3540.0,Overstock Risk,Overstock Review / Reduce Replenishment
90060F,FIRE POLISHED GLASS NECKL GREEN,Long-Tail,0.5,59,3540.0,Overstock Risk,Overstock Review / Reduce Replenishment
90001B,ANTIQUE MID BLUE FLOWER EARRINGS,Long-Tail,0.8333333333333334,98,3527.9999999999995,Overstock Risk,Overstock Review / Reduce Replenishment
90214T,"LETTER ""T"" BLING KEY RING",Long-Tail,1.0,116,3480.0,Overstock Risk,Overstock Review / Reduce Replenishment
85189,HANGING BUTTERFLY  EGG,Long-Tail,0.8181818181818182,94,3446.6666666666665,Overstock Risk,Overstock Review / Reduce Replenishment
23609,SET 10 CARDS SNOWY ROBIN 17099,Long-Tail,1.0,114,3420.0,Overstock Risk,Overstock Review / Reduce Replenishment
90214Y,"LETTER ""Y"" BLING KEY RING",Long-Tail,0.5,57,3420.0,Overstock Risk,Overstock Review / Reduce Replenishment
90175B,PINK GLASS CHUNKY CHARM BRACELET,Long-Tail,0.8333333333333334,95,3419.9999999999995,Overstock Risk,Overstock Review / Reduce Replenishment
84675,FROG KING WATERING CAN,Long-Tail,0.8181818181818182,93,3409.9999999999995,Overstock Risk,Overstock Review / Reduce Replenishment
37491B,BLUE/YELLOW CERAMIC CANDLE HOLDER,Long-Tail,0.8,90,3375.0,Overstock Risk,Overstock Review / Reduce Replenishment
84805A,CREAM CLIMBING HYDRANGA ART FLOWER,Long-Tail,0.8,90,3375.0,Overstock Risk,Overstock Review / Reduce Replenishment
90037B,TINY CRYSTAL BRACELET GREEN,Long-Tail,0.8181818181818182,92,3373.333333333333,Overstock Risk,Overstock Review / Reduce Replenishment
90079,VINTAGE ENAMEL & CRYSTAL NECKLACE,Long-Tail,0.9090909090909092,101,3332.9999999999995,Overstock Risk,Overstock Review / Reduce Replenishment
90211A,DIAMOND LAS VEGAS NECKLACE 45CM,Long-Tail,0.9166666666666666,101,3305.4545454545455,Overstock Risk,Overstock Review / Reduce Replenishment
21761,WOOD AND GLASS MEDICINE CABINET,Long-Tail,0.75,82,3280.0,Overstock Risk,Overstock Review / Reduce Replenishment
35909B,PINK FLOWERS RABBIT EASTER,Long-Tail,0.8,87,3262.5,Overstock Risk,Overstock Review / Reduce Replenishment
47579,TEA TIME BREAKFAST BASKET,Long-Tail,0.0833333333333333,9,3240.0000000000014,Overstock Risk,Overstock Review / Reduce Replenishment
90152B,BLUE/GREEN SHELL NECKLACE W PENDANT,Long-Tail,0.1666666666666666,18,3240.0000000000014,Overstock Risk,Overstock Review / Reduce Replenishment
23630,SET 10 CARDS HANGING BAUBLES 17080,Long-Tail,0.6666666666666666,72,3240.0000000000005,Overstock Risk,Overstock Review / Reduce Replenishment
16206B,RED PURSE WITH PINK HEART,Long-Tail,0.5833333333333334,63,3240.0,Overstock Risk,Overstock Review / Reduce Replenishment
90157,RIVIERA NECKLACE,Long-Tail,1.0,108,3240.0,Overstock Risk,Overstock Review / Reduce Replenishment
37351,ORANGE FLOWER MUG,Long-Tail,0.9090909090909092,98,3233.9999999999995,Overstock Risk,Overstock Review / Reduce Replenishment
79323B,BLACK CHERRY LIGHTS,Long-Tail,0.8,86,3225.0,Overstock Risk,Overstock Review / Reduce Replenishment
23610,SET 10 CARDS CHRISTMAS ROBIN 17095,Long-Tail,1.0,106,3180.0,Overstock Risk,Overstock Review / Reduce Replenishment
90055,CRACKED GLAZE EARRINGS BROWN,Long-Tail,0.3333333333333333,35,3150.0000000000005,Overstock Risk,Overstock Review / Reduce Replenishment
79329,PINK FLOCK GLASS CANDLEHOLDER,Long-Tail,1.0,105,3150.0,Overstock Risk,Overstock Review / Reduce Replenishment
90027D,GLASS BEAD HOOP EARRINGS AMETHYST,Long-Tail,0.5833333333333334,61,3137.142857142857,Overstock Risk,Overstock Review / Reduce Replenishment
85028L,FRENCH CHATEAU LARGE FRUIT BOWL,Long-Tail,1.1111111111111112,116,3131.9999999999995,Overstock Risk,Overstock Review / Reduce Replenishment
44091A,BLUE CRUSOE CHECK LAMPSHADE,Long-Tail,0.8181818181818182,85,3116.6666666666665,Overstock Risk,Overstock Review / Reduce Replenishment
90167,BEADED LOVE HEART JEWELLERY SET,Long-Tail,0.8333333333333334,86,3096.0,Overstock Risk,Overstock Review / Reduce Replenishment
90214P,"LETTER ""P"" BLING KEY RING",Long-Tail,1.1666666666666667,117,3008.5714285714284,Overstock Risk,Overstock Review / Reduce Replenishment
84465,15 PINK FLUFFY CHICKS IN BOX,Long-Tail,0.9090909090909092,91,3002.9999999999995,Overstock Risk,Overstock Review / Reduce Replenishment
35650,VINTAGE BEAD PINK JEWEL STAND,Long-Tail,0.25,25,3000.0,Overstock Risk,Overstock Review / Reduce Replenishment
85024C,PINK SMALL JEWELLED PHOTOFRAME,Long-Tail,1.0,100,3000.0,Overstock Risk,Overstock Review / Reduce Replenishment
90019C,SILVER BLACK ORBIT BRACELET,Long-Tail,0.8333333333333334,83,2988.0,Overstock Risk,Overstock Review / Reduce Replenishment
62097B,BLUE STRIPES SHOULDER BAG,Long-Tail,1.125,112,2986.666666666667,Overstock Risk,Overstock Review / Reduce Replenishment
21461,BLUE EASTER EGG HUNT START POST,Long-Tail,0.8181818181818182,81,2969.9999999999995,Overstock Risk,Overstock Review / Reduce Replenishment
90076,MONTANA DIAMOND CLUSTER EARRINGS,Long-Tail,0.75,74,2960.0,Overstock Risk,Overstock Review / Reduce Replenishment
90052,CRACKED GLAZE NECKLACE BROWN,Long-Tail,0.5,49,2940.0,Overstock Risk,Overstock Review / Reduce Replenishment
90124A,PINK MURANO TWIST NECKLACE,Long-Tail,0.8,78,2925.0,Overstock Risk,Overstock Review / Reduce Replenishment
90039A,FIRE POLISHED GLASS BRACELET RED,Long-Tail,0.6363636363636364,62,2922.8571428571427,Overstock Risk,Overstock Review / Reduce Replenishment
84798B,PURPLE FOXGLOVE ARTIIFCIAL FLOWER,Long-Tail,1.1,107,2918.181818181818,Overstock Risk,Overstock Review / Reduce Replenishment
17028J,INCENSE BAZAAR PEACH,Long-Tail,0.5454545454545454,53,2915.0,Overstock Risk,Overstock Review / Reduce Replenishment
90002D,FLOWER BURST SILVER RING CRYSTAL,Long-Tail,1.0833333333333333,105,2907.692307692308,Overstock Risk,Overstock Review / Reduce Replenishment
90038B,GLASS AND PAINTED BEADS BRACELET OL,Long-Tail,1.0909090909090908,105,2887.5,Overstock Risk,Overstock Review / Reduce Replenishment
90060D,FIRE POLISHED GLASS NECKL BRONZE,Long-Tail,0.25,24,2880.0,Overstock Risk,Overstock Review / Reduce Replenishment
20793,BLUE TILED TRAY,Long-Tail,0.25,24,2880.0,Overstock Risk,Overstock Review / Reduce Replenishment
90036E,"FLOWER GLASS GARLD NECKL36""AMETHYST",Long-Tail,1.1666666666666667,112,2880.0,Overstock Risk,Overstock Review / Reduce Replenishment
85109,PINK BOUDOIR T-LIGHT HOLDER,Long-Tail,1.0,96,2880.0,Overstock Risk,Overstock Review / Reduce Replenishment
90148,LONG SILVER NECKLACE PASTEL FLOWER,Long-Tail,0.6363636363636364,61,2875.7142857142853,Overstock Risk,Overstock Review / Reduce Replenishment
90123D,WHITE HEART OF GLASS BRACELET,Long-Tail,0.5454545454545454,52,2860.0,Overstock Risk,Overstock Review / Reduce Replenishment
82605,OLD DOC RUSSEL METAL SIGN,Long-Tail,1.1666666666666667,110,2828.5714285714284,Overstock Risk,Overstock Review / Reduce Replenishment
18097A,PINK TALL PORCELAIN T-LIGHT HOLDER,Long-Tail,0.4166666666666667,39,2808.0,Overstock Risk,Overstock Review / Reduce Replenishment
90051,CRACKED GLAZE NECKLACE RED,Long-Tail,0.8333333333333334,76,2736.0,Overstock Risk,Overstock Review / Reduce Replenishment
90042C,FRESHWATER PEARL BRACELET IVORY,Long-Tail,0.4166666666666667,38,2736.0,Overstock Risk,Overstock Review / Reduce Replenishment
90190B,GOLD/AMBER DROP EARRINGS W LEAF,Long-Tail,1.0833333333333333,98,2713.8461538461543,Overstock Risk,Overstock Review / Reduce Replenishment
21349,IVY HEART WREATH,Long-Tail,1.1666666666666667,105,2700.0,Overstock Risk,Overstock Review / Reduce Replenishment
71215,METAL BASE FOR CANDLES,Long-Tail,0.9166666666666666,82,2683.6363636363635,Overstock Risk,Overstock Review / Reduce Replenishment
79151B,"SILICON CUBE 25W, BLUE",Long-Tail,0.9166666666666666,82,2683.6363636363635,Overstock Risk,Overstock Review / Reduce Replenishment
90206A,GOLD DIAMANTE STAR BROOCH,Long-Tail,0.9166666666666666,82,2683.6363636363635,Overstock Risk,Overstock Review / Reduce Replenishment
85018D,YULETIDE IMAGES S/6 PAPER BOXES,Long-Tail,1.0,89,2670.0,Overstock Risk,Overstock Review / Reduce Replenishment
90162D,ANT SILVER PURPLE BOUDICCA RING,Long-Tail,0.8333333333333334,74,2664.0,Overstock Risk,Overstock Review / Reduce Replenishment
90165B,WHITE ROSEBUD  PEARL EARRINGS,Long-Tail,1.3333333333333333,118,2655.0000000000005,Overstock Risk,Overstock Review / Reduce Replenishment
90141E,ORANGE PENDANT TRIPLE SHELL NECKLAC,Long-Tail,1.0,88,2640.0,Overstock Risk,Overstock Review / Reduce Replenishment
90163A,PINK ROSEBUD & PEARL NECKLACE,Long-Tail,0.9090909090909092,80,2639.9999999999995,Overstock Risk,Overstock Review / Reduce Replenishment
90123A,PINK HEART OF GLASS BRACELET,Long-Tail,1.3636363636363635,118,2596.0000000000005,Overstock Risk,Overstock Review / Reduce Replenishment
90212B,JET BLACK LAS VEGAS BRACELET ROUND,Long-Tail,0.8333333333333334,71,2556.0,Overstock Risk,Overstock Review / Reduce Replenishment
84201C,HAPPY BIRTHDAY CARD TEDDY/CAKE,Long-Tail,1.25,106,2544.0,Overstock Risk,Overstock Review / Reduce Replenishment
84462,3 PINK HEN+CHICKS IN BASKET,Long-Tail,1.0909090909090908,92,2530.0,Overstock Risk,Overstock Review / Reduce Replenishment
47503J,SET/3 FLORAL GARDEN TOOLS IN BAG,Long-Tail,0.25,21,2520.0,Overstock Risk,Overstock Review / Reduce Replenishment
90036A,FLOWER GARLAND NECKLACE RED,Long-Tail,0.8571428571428571,72,2520.0,Overstock Risk,Overstock Review / Reduce Replenishment
47589,CONGRATULATIONS BUNTING,Long-Tail,1.181818181818182,99,2513.0769230769224,Overstock Risk,Overstock Review / Reduce Replenishment
90063A,WHITE VINT ART DECO CRYSTAL NECKLAC,Long-Tail,1.2,100,2500.0,Overstock Risk,Overstock Review / Reduce Replenishment
90181B,AMETHYST GLASS/SHELL/PEARL NECKLACE,Long-Tail,1.0833333333333333,89,2464.6153846153848,Overstock Risk,Overstock Review / Reduce Replenishment
90177B,DROP DIAMANTE EARRINGS BLACK DIAMON,Long-Tail,0.9166666666666666,75,2454.5454545454545,Overstock Risk,Overstock Review / Reduce Replenishment
20910,VINTAGE PHOTO ALBUM PARIS DAYS,Long-Tail,0.6666666666666666,54,2430.0000000000005,Overstock Risk,Overstock Review / Reduce Replenishment
90050,CRACKED GLAZE NECKLACE IVORY,Long-Tail,0.6666666666666666,54,2430.0000000000005,Overstock Risk,Overstock Review / Reduce Replenishment
84856S,SMALL TAHITI BEACH BAG,Long-Tail,0.4444444444444444,36,2430.0,Overstock Risk,Overstock Review / Reduce Replenishment
90003B,ROSE COLOUR PAIR HEART HAIR SLIDES,Long-Tail,0.9166666666666666,74,2421.818181818182,Overstock Risk,Overstock Review / Reduce Replenishment
85008,SET OF 3 CONEY ISLAND OVAL BOXES,Long-Tail,1.0833333333333333,87,2409.2307692307695,Overstock Risk,Overstock Review / Reduce Replenishment
90067A,PINK VINTAGE VICTORIAN EARRINGS,Long-Tail,1.1666666666666667,93,2391.4285714285716,Overstock Risk,Overstock Review / Reduce Replenishment
23634,SET 10 CARDS XMAS CHOIR 17068,Long-Tail,1.3333333333333333,105,2362.5000000000005,Overstock Risk,Overstock Review / Reduce Replenishment
90010B,BLACK/WHITE GLASS/SILVER BRACELET,Long-Tail,0.9166666666666666,72,2356.3636363636365,Overstock Risk,Overstock Review / Reduce Replenishment
20670,VIP HOLIDAY PURSE,Long-Tail,1.1666666666666667,91,2340.0,Overstock Risk,Overstock Review / Reduce Replenishment
21275,ZINC TOP  2 DOOR WOODEN SHELF,Long-Tail,1.0,77,2310.0,Overstock Risk,Overstock Review / Reduce Replenishment
90135,ORANGE/WHT/FUSCHIA STONES NECKLACE,Long-Tail,0.8,61,2287.5,Overstock Risk,Overstock Review / Reduce Replenishment
90059F,DIAMANTE HAIR GRIP PACK/2 LT ROSE,Long-Tail,1.181818181818182,90,2284.615384615384,Overstock Risk,Overstock Review / Reduce Replenishment
22125,UNION JACK HOT WATER BOTTLE,Long-Tail,1.181818181818182,90,2284.615384615384,Overstock Risk,Overstock Review / Reduce Replenishment
23664,FLOWER SHOP DESIGN MUG,Long-Tail,1.0,76,2280.0,Overstock Risk,Overstock Review / Reduce Replenishment
90194,SILVER LARIAT BLACK STONE EARRINGS,Long-Tail,1.3333333333333333,101,2272.5000000000005,Overstock Risk,Overstock Review / Reduce Replenishment
84206C,CHAMPAGNE TRAY BLANK CARD,Long-Tail,1.3333333333333333,101,2272.5000000000005,Overstock Risk,Overstock Review / Reduce Replenishment
35400,WOODEN BOX ADVENT CALENDAR,Long-Tail,0.8333333333333334,63,2268.0,Overstock Risk,Overstock Review / Reduce Replenishment
90059B,DIAMANTE HAIR GRIP PACK/2 BLACK DIA,Long-Tail,0.75,56,2240.0,Overstock Risk,Overstock Review / Reduce Replenishment
23602,SET 10 CARDS 3 WISE MEN 17107,Long-Tail,1.0,74,2220.0,Overstock Risk,Overstock Review / Reduce Replenishment
90178A,AMBER CHUNKY GLASS+BEAD NECKLACE,Long-Tail,0.6666666666666666,49,2205.0000000000005,Overstock Risk,Overstock Review / Reduce Replenishment
90059E,DIAMANTE HAIR GRIP PACK/2 RUBY,Long-Tail,1.3333333333333333,98,2205.0000000000005,Overstock Risk,Overstock Review / Reduce Replenishment
21763,VINTAGE WOODEN BAR STOOL,Long-Tail,0.5454545454545454,40,2200.0,Overstock Risk,Overstock Review / Reduce Replenishment
84306,S/3 PINK SQUARE PLANTERS ROSES,Long-Tail,1.0,73,2190.0,Overstock Risk,Overstock Review / Reduce Replenishment
90177E,DROP DIAMANTE EARRINGS GREEN,Long-Tail,0.6666666666666666,48,2160.0000000000005,Overstock Risk,Overstock Review / Reduce Replenishment
20778,GARDEN PATH NOTEBOOK,Long-Tail,1.25,89,2136.0,Overstock Risk,Overstock Review / Reduce Replenishment
85195,HANGING HEART BASKET,Long-Tail,0.9166666666666666,65,2127.2727272727275,Overstock Risk,Overstock Review / Reduce Replenishment
84632,DECORATIVE HANGING SHELVING UNIT,Long-Tail,0.4545454545454545,32,2112.0000000000005,Overstock Risk,Overstock Review / Reduce Replenishment
90190A,SILVER/CRYSTAL DROP EARRINGS W LEAF,Long-Tail,1.4545454545454546,101,2083.125,Overstock Risk,Overstock Review / Reduce Replenishment
84715,SET OF 6 ICE CREAM SKITTLES,Long-Tail,1.4545454545454546,101,2083.125,Overstock Risk,Overstock Review / Reduce Replenishment
23636,SET 10 CARDS WISHING TREE 17116,Long-Tail,1.5,104,2080.0,Overstock Risk,Overstock Review / Reduce Replenishment
90014B,GOLD M PEARL  ORBIT NECKLACE,Long-Tail,1.4166666666666667,98,2075.2941176470586,Overstock Risk,Overstock Review / Reduce Replenishment
84709B,PINK OVAL JEWELLED MIRROR,Long-Tail,1.6666666666666667,115,2070.0,Overstock Risk,Overstock Review / Reduce Replenishment
20816,GOLD FLOWER CUSHION COVER,Long-Tail,1.0,69,2070.0,Overstock Risk,Overstock Review / Reduce Replenishment
62074B,ELEPHANT CLIP W SUCTION CUP,Long-Tail,1.4545454545454546,100,2062.5,Overstock Risk,Overstock Review / Reduce Replenishment
44089A,PINK GAUZE BUTTERFLY LAMPSHADE,Long-Tail,1.5,103,2060.0,Overstock Risk,Overstock Review / Reduce Replenishment
90129D,AMBER GLASS TASSLE BAG CHARM,Long-Tail,1.1666666666666667,80,2057.142857142857,Overstock Risk,Overstock Review / Reduce Replenishment
90214Z,"LETTER ""Z"" BLING KEY RING",Long-Tail,0.8333333333333334,57,2052.0,Overstock Risk,Overstock Review / Reduce Replenishment
90168,2 DAISIES HAIR COMB,Long-Tail,0.75,51,2040.0,Overstock Risk,Overstock Review / Reduce Replenishment
90164A,PINK ROSEBUD PEARL BRACELET,Long-Tail,1.75,119,2040.0,Overstock Risk,Overstock Review / Reduce Replenishment
21357,TOAST ITS - DINOSAUR,Long-Tail,1.5833333333333333,107,2027.3684210526317,Overstock Risk,Overstock Review / Reduce Replenishment
90123B,TURQUOISE HEART OF GLASS BRACELET,Long-Tail,0.8181818181818182,55,2016.6666666666665,Overstock Risk,Overstock Review / Reduce Replenishment
20818,GOLD TEDDY BEAR,Long-Tail,1.25,84,2016.0,Overstock Risk,Overstock Review / Reduce Replenishment
23615,SET 10 CARDS PRINTED GRAPHIC 17219,Long-Tail,1.5,100,2000.0,Overstock Risk,Overstock Review / Reduce Replenishment
90000B,MIDNIGHT BLUE COPPER FLOWER NECKLAC,Long-Tail,0.9166666666666666,61,1996.3636363636365,Overstock Risk,Overstock Review / Reduce Replenishment
44092B,BLUE WHITE PLASTIC RINGS LAMPSHADE,Long-Tail,1.4,93,1992.8571428571431,Overstock Risk,Overstock Review / Reduce Replenishment
90025F,BAROQUE BUTTERFLY EARRINGS CRYSTAL,Long-Tail,0.8,53,1987.4999999999998,Overstock Risk,Overstock Review / Reduce Replenishment
84881,BLUE WIRE SPIRAL CANDLE HOLDER,Long-Tail,1.0,65,1950.0,Overstock Risk,Overstock Review / Reduce Replenishment
90190C,SILVER/AMETHYST DROP EARRINGS LEAF,Long-Tail,1.6666666666666667,108,1943.9999999999998,Overstock Risk,Overstock Review / Reduce Replenishment
84086B,YELLOW/BLUE RETRO RADIO,Long-Tail,1.6666666666666667,108,1943.9999999999998,Overstock Risk,Overstock Review / Reduce Replenishment
23654,SET 10 CARD SNOWMAN 16965,Long-Tail,1.5,97,1940.0,Overstock Risk,Overstock Review / Reduce Replenishment
21757,LIGHTHOUSE PRINTED METAL SIGN,Long-Tail,0.5454545454545454,35,1925.0,Overstock Risk,Overstock Review / Reduce Replenishment
84842,HELLO SAILOR BATHROOM SET,Long-Tail,1.5555555555555556,99,1909.2857142857144,Overstock Risk,Overstock Review / Reduce Replenishment
85115B,S/4 BLACK DISCO PARTITION PANEL,Long-Tail,1.5,95,1900.0,Overstock Risk,Overstock Review / Reduce Replenishment
84925D,LA PALMIERA WALL THERMOMETER,Long-Tail,1.25,79,1896.0,Overstock Risk,Overstock Review / Reduce Replenishment
20845,ZINC HEART LATTICE 2 WALL PLANTER,Long-Tail,1.7272727272727273,109,1893.157894736842,Overstock Risk,Overstock Review / Reduce Replenishment
84751B,BLACK MEDIUM GLASS CAKE STAND,Long-Tail,1.4166666666666667,89,1884.705882352941,Overstock Risk,Overstock Review / Reduce Replenishment
90187B,GREEN DROP EARRINGS W BEAD CLUSTER,Long-Tail,0.75,47,1880.0,Overstock Risk,Overstock Review / Reduce Replenishment
90124C,GREEN MURANO TWIST NECKLACE,Long-Tail,1.2222222222222223,76,1865.4545454545453,Overstock Risk,Overstock Review / Reduce Replenishment
21692,SILVER LATTICE VANILLA CANDLE POT,Long-Tail,1.4166666666666667,87,1842.3529411764703,Overstock Risk,Overstock Review / Reduce Replenishment
90186B,CRYSTAL HOOP EARRING FLORAL LEAF,Long-Tail,1.8333333333333333,112,1832.7272727272727,Overstock Risk,Overstock Review / Reduce Replenishment
22769,CHALKBOARD KITCHEN ORGANISER,Long-Tail,0.9166666666666666,56,1832.7272727272727,Overstock Risk,Overstock Review / Reduce Replenishment
21331,MOROCCAN BEATEN METAL DISH LARGE,Long-Tail,1.0,61,1830.0,Overstock Risk,Overstock Review / Reduce Replenishment
46115B,GREEN POP ART MAO CUSHION COVER,Long-Tail,1.0,61,1830.0,Overstock Risk,Overstock Review / Reduce Replenishment
90094,NECKLACE+BRACELET SET FRUIT SALAD,Long-Tail,1.0833333333333333,66,1827.6923076923078,Overstock Risk,Overstock Review / Reduce Replenishment
90040C,MURANO STYLE GLASS BRACELET GOLD,Long-Tail,1.0833333333333333,66,1827.6923076923078,Overstock Risk,Overstock Review / Reduce Replenishment
84247N,PACK/12 BLUE FOLKART CARDS,Long-Tail,1.8333333333333333,111,1816.3636363636365,Overstock Risk,Overstock Review / Reduce Replenishment
90027B,GLASS BEAD HOOP EARRINGS MONTANA,Long-Tail,0.25,15,1800.0,Overstock Risk,Overstock Review / Reduce Replenishment
21370,MIRRORED WALL ART FOXY,Long-Tail,0.75,45,1800.0,Overstock Risk,Overstock Review / Reduce Replenishment
90064A,WHITE VINTAGE CRYSTAL EARRINGS,Long-Tail,1.0,60,1800.0,Overstock Risk,Overstock Review / Reduce Replenishment
21769,VINTAGE POST OFFICE CABINET,Long-Tail,0.9166666666666666,55,1800.0,Overstock Risk,Overstock Review / Reduce Replenishment
90024B,NEW BAROQUE B'FLY NECKLACE RED,Long-Tail,0.5,30,1800.0,Overstock Risk,Overstock Review / Reduce Replenishment
90177D,DROP DIAMANTE EARRINGS PURPLE,Long-Tail,1.5,89,1780.0,Overstock Risk,Overstock Review / Reduce Replenishment
90118,PINK DAISY BAG CHARM,Long-Tail,2.0,118,1770.0,Overstock Risk,Overstock Review / Reduce Replenishment
90169,DAISY HAIR COMB,Long-Tail,1.0,59,1770.0,Overstock Risk,Overstock Review / Reduce Replenishment
84711A,SILVER OVAL SHAPE TRINKET BOX,Long-Tail,2.0,117,1755.0,Overstock Risk,Overstock Review / Reduce Replenishment
90130C,GREEN STONE/CRYSTAL EARRINGS,Long-Tail,1.0833333333333333,63,1744.6153846153848,Overstock Risk,Overstock Review / Reduce Replenishment
90184A,AMBER CHUNKY BEAD BRACELET W STRAP,Long-Tail,1.0833333333333333,63,1744.6153846153848,Overstock Risk,Overstock Review / Reduce Replenishment
90141A,GREEN PENDANT TRIPLE SHELL NECKLACE,Long-Tail,1.0,58,1740.0,Overstock Risk,Overstock Review / Reduce Replenishment
84613A,PINK NEW BAROQUE FLOCK CANDLESTICK,Long-Tail,0.5,29,1740.0,Overstock Risk,Overstock Review / Reduce Replenishment
84921,CREAM AND PINK FLOWERS PONY,Long-Tail,0.9166666666666666,53,1734.5454545454545,Overstock Risk,Overstock Review / Reduce Replenishment
90102,WHITE FRANGIPANI HAIR CLIP,Long-Tail,1.6666666666666667,95,1709.9999999999998,Overstock Risk,Overstock Review / Reduce Replenishment
90054,CRACKED GLAZE EARRINGS RED,Long-Tail,0.5833333333333334,33,1697.142857142857,Overstock Risk,Overstock Review / Reduce Replenishment
37333,"RETRO ""TEA FOR ONE""",Long-Tail,1.75,99,1697.142857142857,Overstock Risk,Overstock Review / Reduce Replenishment
90122A,PINK CRYSTAL+GLASS BRACELET,Long-Tail,1.75,99,1697.142857142857,Overstock Risk,Overstock Review / Reduce Replenishment
47013A,WINE BOTTLE DRESSING LT.BLUE,Long-Tail,1.5555555555555556,88,1697.142857142857,Overstock Risk,Overstock Review / Reduce Replenishment
44092C,PURPLE/COPPER HANGING LAMPSHADE,Long-Tail,2.0,113,1695.0,Overstock Risk,Overstock Review / Reduce Replenishment
90204,PAIR OF ENAMEL BUTTERFLY HAIRCLIP,Long-Tail,1.9166666666666667,108,1690.4347826086955,Overstock Risk,Overstock Review / Reduce Replenishment
62094B,TURQ ICE CREAM BUM BAG,Long-Tail,1.5833333333333333,89,1686.3157894736842,Overstock Risk,Overstock Review / Reduce Replenishment
75013B,"STRING OF 8 BUTTERFLIES,PINK",Long-Tail,2.0833333333333335,117,1684.8,Overstock Risk,Overstock Review / Reduce Replenishment
90020,FILIGREE DIAMANTE CHAIN,Long-Tail,0.25,14,1680.0,Overstock Risk,Overstock Review / Reduce Replenishment
90138,WHITE/PINK MINI CRYSTALS NECKLACE,Long-Tail,0.75,42,1680.0,Overstock Risk,Overstock Review / Reduce Replenishment
20785,FUSCHIA RETRO BAR STOOL,Long-Tail,1.2727272727272727,71,1673.5714285714284,Overstock Risk,Overstock Review / Reduce Replenishment
90176D,DIAMANTE NECKLACE PURPLE,Long-Tail,1.1666666666666667,65,1671.4285714285713,Overstock Risk,Overstock Review / Reduce Replenishment
90165A,PINK ROSEBUD PEARL EARRINGS,Long-Tail,1.3333333333333333,74,1665.0000000000002,Overstock Risk,Overstock Review / Reduce Replenishment
84415A,PINK FLOCK SUEDE CUSHION COVER,Long-Tail,2.0,111,1665.0,Overstock Risk,Overstock Review / Reduce Replenishment
84856L,LARGE TAHITI BEACH BAG,Long-Tail,0.1666666666666666,9,1620.0000000000007,Overstock Risk,Overstock Review / Reduce Replenishment
90018B,GOLD M.O.P ORBIT DROP EARRINGS,Long-Tail,1.6666666666666667,90,1620.0,Overstock Risk,Overstock Review / Reduce Replenishment
90012A,MIDNIGHT BLUE DROP CRYSTAL NECKLACE,Long-Tail,0.9166666666666666,49,1603.6363636363637,Overstock Risk,Overstock Review / Reduce Replenishment
90133,TEAL/FUSCHIA COL BEAD NECKLACE,Long-Tail,1.5,80,1600.0,Overstock Risk,Overstock Review / Reduce Replenishment
35647,VINTAGE BEAD PINK SHADE,Long-Tail,1.181818181818182,63,1599.2307692307688,Overstock Risk,Overstock Review / Reduce Replenishment
37489C,GREEN/BLUE FLOWER DESIGN BIG MUG,Long-Tail,1.9166666666666667,102,1596.5217391304345,Overstock Risk,Overstock Review / Reduce Replenishment
22929,SCHOOL DESK AND CHAIR,Long-Tail,1.3333333333333333,70,1575.0000000000002,Overstock Risk,Overstock Review / Reduce Replenishment
71496B,A4 WALL TIDY RED FLOWERS,Long-Tail,1.181818181818182,62,1573.8461538461534,Overstock Risk,Overstock Review / Reduce Replenishment
21420,OYSTER TRINKET BOX,Long-Tail,2.0833333333333335,109,1569.6,Overstock Risk,Overstock Review / Reduce Replenishment
90162C,ANT SILVER FUSCHIA BOUDICCA RING,Long-Tail,1.1666666666666667,61,1568.5714285714284,Overstock Risk,Overstock Review / Reduce Replenishment
90199D,5 STRAND GLASS NECKLACE AMBER,Long-Tail,0.5,26,1560.0,Overstock Risk,Overstock Review / Reduce Replenishment
84865,NEW BAROQUE BLACK PHOTO ALBUM,Long-Tail,2.25,116,1546.6666666666667,Overstock Risk,Overstock Review / Reduce Replenishment
22351,DOTCOMGIFTSHOP TEA TOWEL,Long-Tail,1.3,67,1546.1538461538462,Overstock Risk,Overstock Review / Reduce Replenishment
90069,RUBY GLASS CLUSTER NECKLACE,Long-Tail,2.0,103,1545.0,Overstock Risk,Overstock Review / Reduce Replenishment
90175A,WHITE GLASS CHUNKY CHARM BRACELET,Long-Tail,1.8333333333333333,94,1538.1818181818182,Overstock Risk,Overstock Review / Reduce Replenishment
85135A,YELLOW DRAGONFLY HELICOPTER,Long-Tail,1.5833333333333333,81,1534.7368421052631,Overstock Risk,Overstock Review / Reduce Replenishment
20697,LITTLE GREEN MONSTER SOFT TOY,Long-Tail,1.5833333333333333,81,1534.7368421052631,Overstock Risk,Overstock Review / Reduce Replenishment
90016B,GOLD/M.O.P PENDANT ORBIT NECKLACE,Long-Tail,1.818181818181818,93,1534.5000000000002,Overstock Risk,Overstock Review / Reduce Replenishment
90125E,AMBER BERTIE GLASS BEAD BAG CHARM,Long-Tail,1.0,51,1530.0,Overstock Risk,Overstock Review / Reduce Replenishment
23621,SET 10 CARDS DAVID'S MADONNA 17074,Long-Tail,2.0,101,1515.0,Overstock Risk,Overstock Review / Reduce Replenishment
90003D,CRYSTAL PAIR HEART HAIR SLIDES,Long-Tail,2.1666666666666665,109,1509.2307692307693,Overstock Risk,Overstock Review / Reduce Replenishment
90011A,MIDNIGHT BLUE CRYSTAL DROP EARRINGS,Long-Tail,0.5,25,1500.0,Overstock Risk,Overstock Review / Reduce Replenishment
90214V,"LETTER ""V"" BLING KEY RING",Long-Tail,1.1666666666666667,58,1491.4285714285713,Overstock Risk,Overstock Review / Reduce Replenishment
21040,MODERN VINTAGE COTTON SHOPPING BAG,Long-Tail,1.8333333333333333,91,1489.0909090909092,Overstock Risk,Overstock Review / Reduce Replenishment
90059C,DIAMANTE HAIR GRIP PACK/2 MONTANA,Long-Tail,0.6666666666666666,33,1485.0000000000002,Overstock Risk,Overstock Review / Reduce Replenishment
90014A,SILVER/MOP ORBIT NECKLACE,Long-Tail,2.0833333333333335,103,1483.2,Overstock Risk,Overstock Review / Reduce Replenishment
90191,SILVER LARIAT 40CM,Long-Tail,2.1818181818181817,107,1471.25,Overstock Risk,Overstock Review / Reduce Replenishment
20663,QUEEN OF THE SKIES HOLIDAY PURSE,Long-Tail,2.0833333333333335,102,1468.8,Overstock Risk,Overstock Review / Reduce Replenishment
84746,PINK EASTER HENS+FLOWER,Long-Tail,2.3333333333333335,114,1465.7142857142858,Overstock Risk,Overstock Review / Reduce Replenishment
37491C,GREEN/BLUE CERAMIC CANDLE HOLDER,Long-Tail,1.6,78,1462.5,Overstock Risk,Overstock Review / Reduce Replenishment
35610B,BLACK CHRISTMAS FLOCK DROPLET,Long-Tail,2.0,97,1455.0,Overstock Risk,Overstock Review / Reduce Replenishment
16248B,BLUE HOLE PUNCH,Long-Tail,1.4444444444444444,70,1453.8461538461538,Overstock Risk,Overstock Review / Reduce Replenishment
35909A,RABBIT EASTER DECORATION,Long-Tail,0.7272727272727273,35,1443.75,Overstock Risk,Overstock Review / Reduce Replenishment
35610A,PINK CHRISTMAS FLOCK DROPLET,Long-Tail,0.8333333333333334,40,1440.0,Overstock Risk,Overstock Review / Reduce Replenishment
21661,VINTAGE GLASS TEA CADDY,Long-Tail,0.2727272727272727,13,1430.0,Overstock Risk,Overstock Review / Reduce Replenishment
90144,SILVER DROP EARRINGS WITH FLOWER,Long-Tail,1.5,71,1420.0,Overstock Risk,Overstock Review / Reduce Replenishment
79157B,UBO-LIGHT TRIOBASE BLUE,Long-Tail,1.5,71,1420.0,Overstock Risk,Overstock Review / Reduce Replenishment
35809B,ENAMEL BLUE RIM TEA CONTAINER,Long-Tail,1.0,47,1410.0,Overstock Risk,Overstock Review / Reduce Replenishment
90014C,SILVER AND BLACK ORBIT NECKLACE,Long-Tail,0.5555555555555556,26,1403.9999999999998,Overstock Risk,Overstock Review / Reduce Replenishment
35265,COLOURFUL FLOWER FRUIT BOWL,Long-Tail,1.5454545454545454,72,1397.6470588235295,Overstock Risk,Overstock Review / Reduce Replenishment
90010E,AMBER GLASS/SILVER BRACELET,Long-Tail,2.0,93,1395.0,Overstock Risk,Overstock Review / Reduce Replenishment
90183C,BLACK DROP EARRINGS W LONG BEADS,Long-Tail,0.8181818181818182,38,1393.3333333333333,Overstock Risk,Overstock Review / Reduce Replenishment
90038A,GLASS AND PAINTED BEADS BRACELET TO,Long-Tail,1.3636363636363635,63,1386.0000000000002,Overstock Risk,Overstock Review / Reduce Replenishment
90001A,ANTIQUE RASPBERRY FLOWER EARRINGS,Long-Tail,0.5,23,1380.0,Overstock Risk,Overstock Review / Reduce Replenishment
90070,RUBY GLASS CLUSTER BRACELET,Long-Tail,1.4166666666666667,65,1376.470588235294,Overstock Risk,Overstock Review / Reduce Replenishment
16244B,MAXWELL 2 TONE BLUE 60 PAGE PHOTO A,Long-Tail,0.875,40,1371.4285714285713,Overstock Risk,Overstock Review / Reduce Replenishment
20820,SILVER LOOKING MIRROR,Long-Tail,0.4166666666666667,19,1368.0,Overstock Risk,Overstock Review / Reduce Replenishment
90141C,TURQ PENDANT TRIPLE SHELL NECKLACE,Long-Tail,0.8333333333333334,38,1368.0,Overstock Risk,Overstock Review / Reduce Replenishment
21277,FRENCH STYLE EMBOSSED HEART CABINET,Long-Tail,2.0,91,1365.0,Overstock Risk,Overstock Review / Reduce Replenishment
23702,HIGH RESOLUTION IMAGE,Long-Tail,2.0,91,1365.0,Overstock Risk,Overstock Review / Reduce Replenishment
90012B,BLACK DROP CRYSTAL NECKLACE,Long-Tail,1.0833333333333333,49,1356.9230769230771,Overstock Risk,Overstock Review / Reduce Replenishment
10124G,ARMY CAMO BOOKCOVER TAPE,Long-Tail,1.4166666666666667,64,1355.2941176470586,Overstock Risk,Overstock Review / Reduce Replenishment
90189A,SILVER 2 STRAND NECKLACE-LEAF CHARM,Long-Tail,1.0,45,1350.0,Overstock Risk,Overstock Review / Reduce Replenishment
17164B,ASS COL SMALL SAND GECKO P'WEIGHT,Long-Tail,2.25,101,1346.6666666666667,Overstock Risk,Overstock Review / Reduce Replenishment
21364,PEACE SMALL WOOD LETTERS,Long-Tail,2.4166666666666665,108,1340.689655172414,Overstock Risk,Overstock Review / Reduce Replenishment
21332,MOROCCAN BEATEN METAL MIRROR,Long-Tail,1.7272727272727273,77,1337.3684210526314,Overstock Risk,Overstock Review / Reduce Replenishment
22145,CHRISTMAS CRAFT HEART STOCKING,Long-Tail,2.5,111,1332.0,Overstock Risk,Overstock Review / Reduce Replenishment
84801B,WHITE HYDRANGEA ART FLOWER,Long-Tail,2.2,97,1322.7272727272727,Overstock Risk,Overstock Review / Reduce Replenishment
84984B,RED PEONY CUSHION COVER,Long-Tail,2.4285714285714284,107,1321.7647058823532,Overstock Risk,Overstock Review / Reduce Replenishment
37379A,PINK CHERRY BLOSSOM CUP & SAUCER,Long-Tail,0.5454545454545454,24,1320.0,Overstock Risk,Overstock Review / Reduce Replenishment
17007B,S/3 POT POURI CUSHIONS BLUE COLOURS,Long-Tail,2.0,88,1320.0,Overstock Risk,Overstock Review / Reduce Replenishment
20848,ZINC HEART LATTICE CHARGER SMALL,Long-Tail,1.75,76,1302.857142857143,Overstock Risk,Overstock Review / Reduce Replenishment
85092,CANDY SPOT TEA COSY,Long-Tail,2.7,117,1299.9999999999998,Overstock Risk,Overstock Review / Reduce Replenishment
90001D,ANTIQUE OLIVE GREEN FLOWER EARRINGS,Long-Tail,0.5833333333333334,25,1285.7142857142858,Overstock Risk,Overstock Review / Reduce Replenishment
84629,WHITE 3 FRAME BIRDS AND TREE,Long-Tail,2.7142857142857144,116,1282.1052631578948,Overstock Risk,Overstock Review / Reduce Replenishment
21473,SWEETHEART CREAM STEEL TABLE RECT,Long-Tail,2.25,96,1280.0,Overstock Risk,Overstock Review / Reduce Replenishment
20821,GOLDIE LOOKING MIRROR,Long-Tail,1.2222222222222223,52,1276.3636363636363,Overstock Risk,Overstock Review / Reduce Replenishment
23605,SET 10 CARDS 12 DAYS OF XMAS 17059,Long-Tail,2.0,85,1275.0,Overstock Risk,Overstock Review / Reduce Replenishment
90026C,GLASS BEAD HOOP NECKLACE GREEN,Long-Tail,0.4,17,1275.0,Overstock Risk,Overstock Review / Reduce Replenishment
90143,SILVER BRACELET W PASTEL FLOWER,Long-Tail,2.5,104,1248.0,Overstock Risk,Overstock Review / Reduce Replenishment
84984A,GREEN PEONY CUSHION COVER,Long-Tail,2.7142857142857144,111,1226.842105263158,Overstock Risk,Overstock Review / Reduce Replenishment
90161A,ANT COPPER RED BOUDICCA BRACELET,Long-Tail,1.75,71,1217.142857142857,Overstock Risk,Overstock Review / Reduce Replenishment
85031A,ROMANTIC IMAGES SCRAP BOOK SET,Long-Tail,1.3333333333333333,54,1215.0000000000002,Overstock Risk,Overstock Review / Reduce Replenishment
90199A,5 STRAND GLASS NECKLACE BLACK,Long-Tail,0.9166666666666666,37,1210.909090909091,Overstock Risk,Overstock Review / Reduce Replenishment
84963B,BLUE PAINTED KASHMIRI CHAIR,Long-Tail,0.75,30,1200.0,Overstock Risk,Overstock Review / Reduce Replenishment
35645,VINTAGE BEAD PINK JEWEL BOX,Long-Tail,0.8,32,1200.0,Overstock Risk,Overstock Review / Reduce Replenishment
84497,BUTTONS AND STRIPES NOTEBOOK,Long-Tail,1.0833333333333333,43,1190.769230769231,Overstock Risk,Overstock Review / Reduce Replenishment
37489B,BLUE/YELLOW FLOWER DESIGN BIG MUG,Long-Tail,2.5833333333333335,102,1184.516129032258,Overstock Risk,Overstock Review / Reduce Replenishment
85161,ACRYLIC GEOMETRIC LAMP,Long-Tail,2.9166666666666665,114,1172.5714285714284,Overstock Risk,Overstock Review / Reduce Replenishment
90101,WHITE FRANGIPANI NECKLACE,Long-Tail,2.6666666666666665,104,1170.0000000000002,Overstock Risk,Overstock Review / Reduce Replenishment
90036D,"FLOWER GLASS GARLAND NECKL.36""BLACK",Long-Tail,1.0,39,1170.0,Overstock Risk,Overstock Review / Reduce Replenishment
22765,NEWSPAPER STAND,Long-Tail,2.25,87,1160.0,Overstock Risk,Overstock Review / Reduce Replenishment
84387A,BIRD ON BRANCH CANVAS SCREEN,Long-Tail,2.2,85,1159.090909090909,Overstock Risk,Overstock Review / Reduce Replenishment
23623,SET 10 CARD CHRISTMAS WELCOME 17112,Long-Tail,2.6666666666666665,103,1158.7500000000002,Overstock Risk,Overstock Review / Reduce Replenishment
90120B,BLUE MURANO TWIST BRACELET,Long-Tail,3.0833333333333335,119,1157.8378378378377,Overstock Risk,Overstock Review / Reduce Replenishment
85096,HILDA CANDY SPOT RABBIT,Long-Tail,2.0,77,1155.0,Overstock Risk,Overstock Review / Reduce Replenishment
84388,WISE MAN STAR SHAPE EGG PAN,Long-Tail,2.0,77,1155.0,Overstock Risk,Overstock Review / Reduce Replenishment
90048,GREEN WITH METAL BAG CHARM,Long-Tail,0.6,23,1150.0,Overstock Risk,Overstock Review / Reduce Replenishment
90162B,ANT SILVER LIME GREEN BOUDICCA RING,Long-Tail,2.1666666666666665,83,1149.2307692307693,Overstock Risk,Overstock Review / Reduce Replenishment
90214N,"LETTER ""N"" BLING KEY RING",Long-Tail,2.1666666666666665,83,1149.2307692307693,Overstock Risk,Overstock Review / Reduce Replenishment
90019A,SILVER M.O.P ORBIT BRACELET,Long-Tail,3.0833333333333335,118,1148.108108108108,Overstock Risk,Overstock Review / Reduce Replenishment
90019B,GOLD M.O.P ORBIT BRACELET,Long-Tail,1.3333333333333333,51,1147.5000000000002,Overstock Risk,Overstock Review / Reduce Replenishment
21686,MEDINA STAMPED METAL STOOL,Long-Tail,2.8333333333333335,107,1132.941176470588,Overstock Risk,Overstock Review / Reduce Replenishment
90146,FINE SILVER NECKLACE W PASTEL FLOWE,Long-Tail,1.3333333333333333,50,1125.0000000000002,Overstock Risk,Overstock Review / Reduce Replenishment
90081C,LILY BROOCH OLIVE COLOUR,Long-Tail,1.5833333333333333,59,1117.8947368421052,Overstock Risk,Overstock Review / Reduce Replenishment
71050,SMALL SINGLE FLAME CANDLE HOLDER,Long-Tail,2.7,100,1111.111111111111,Overstock Risk,Overstock Review / Reduce Replenishment
90185D,CRYSTAL DIAMANTE EXPANDABLE RING,Long-Tail,2.9166666666666665,108,1110.857142857143,Overstock Risk,Overstock Review / Reduce Replenishment
35958,FOLKART ZINC STAR CHRISTMAS DEC,Long-Tail,1.0,37,1110.0,Overstock Risk,Overstock Review / Reduce Replenishment
90195A,PURPLE GEMSTONE BRACELET,Long-Tail,1.0833333333333333,40,1107.6923076923078,Overstock Risk,Overstock Review / Reduce Replenishment
21655,HANGING RIDGE GLASS T-LIGHT HOLDER,Long-Tail,2.4,88,1100.0,Overstock Risk,Overstock Review / Reduce Replenishment
84803B,WHITE ALLIUM  ARTIFICIAL FLOWER,Long-Tail,1.8888888888888888,69,1095.8823529411766,Overstock Risk,Overstock Review / Reduce Replenishment
23640,SET 10 CARDS SCOTTIE DOG 17211,Long-Tail,2.3333333333333335,85,1092.857142857143,Overstock Risk,Overstock Review / Reduce Replenishment
21269,ANTIQUE CREAM CUTLERY SHELF,Long-Tail,2.4166666666666665,88,1092.4137931034484,Overstock Risk,Overstock Review / Reduce Replenishment
84984D,ORIENTAL RED CUSHION COVER,Long-Tail,2.6,94,1084.6153846153845,Overstock Risk,Overstock Review / Reduce Replenishment
84907,PINK YELLOW PATCH CUSHION COVER,Long-Tail,2.636363636363636,95,1081.034482758621,Overstock Risk,Overstock Review / Reduce Replenishment
90173,PAIR BUTTERFLY HAIR CLIPS,Long-Tail,2.6666666666666665,96,1080.0000000000002,Overstock Risk,Overstock Review / Reduce Replenishment
90197B,BLACK GLASS BRACELET W HEART CHARMS,Long-Tail,2.75,99,1080.0,Overstock Risk,Overstock Review / Reduce Replenishment
90124B,BLUE MURANO TWIST NECKLACE,Long-Tail,1.0,36,1080.0,Overstock Risk,Overstock Review / Reduce Replenishment
21228,"POCKET MIRROR ""GLAMOROUS""",Long-Tail,0.5,18,1080.0,Overstock Risk,Overstock Review / Reduce Replenishment
84247K,"FOLK ART GREETING CARD,PACK/12",Long-Tail,1.8333333333333333,66,1080.0,Overstock Risk,Overstock Review / Reduce Replenishment
85185D,FROG SOCK PUPPET,Long-Tail,1.25,45,1080.0,Overstock Risk,Overstock Review / Reduce Replenishment
90033,IVORY SHELL HEART EARRINGS,Long-Tail,0.8333333333333334,30,1080.0,Overstock Risk,Overstock Review / Reduce Replenishment
79071B,ENGLISH ROSE METAL WASTE BIN,Long-Tail,1.818181818181818,65,1072.5000000000002,Overstock Risk,Overstock Review / Reduce Replenishment
23619,SET 10 CARDS POINSETTIA 17093,Long-Tail,2.0,71,1065.0,Overstock Risk,Overstock Review / Reduce Replenishment
16207B,PINK HEART RED HANDBAG,Long-Tail,2.636363636363636,93,1058.2758620689658,Overstock Risk,Overstock Review / Reduce Replenishment
23624,SET 10 CARD PERFECT NATIVITY 17089,Long-Tail,1.3333333333333333,47,1057.5000000000002,Overstock Risk,Overstock Review / Reduce Replenishment
23644,SET 10 CARDS CHRISTMAS TREE 16955,Long-Tail,1.3333333333333333,47,1057.5000000000002,Overstock Risk,Overstock Review / Reduce Replenishment
35610C,WHITE CHRISTMAS FLOCK DROPLET,Long-Tail,2.0833333333333335,73,1051.2,Overstock Risk,Overstock Review / Reduce Replenishment
37488A,YELLOW PINK FLOWER DESIGN BIG BOWL,Long-Tail,3.111111111111111,109,1051.0714285714287,Overstock Risk,Overstock Review / Reduce Replenishment
47369B,BLUE GREEN EMBROIDERY COSMETIC BAG,Long-Tail,2.8333333333333335,99,1048.2352941176468,Overstock Risk,Overstock Review / Reduce Replenishment
90186A,AMETHYST HOOP EARRING FLORAL LEAF,Long-Tail,0.9166666666666666,32,1047.2727272727273,Overstock Risk,Overstock Review / Reduce Replenishment
84461,12 PINK HEN+CHICKS IN BASKET,Long-Tail,3.1818181818181817,111,1046.5714285714287,Overstock Risk,Overstock Review / Reduce Replenishment
84882,GREEN WIRE STANDING CANDLE HOLDER,Long-Tail,3.1666666666666665,110,1042.1052631578948,Overstock Risk,Overstock Review / Reduce Replenishment
90104,PURPLE FRANGIPANI HAIRCLIP,Long-Tail,2.3333333333333335,81,1041.4285714285713,Overstock Risk,Overstock Review / Reduce Replenishment
35607A,PINK FLUFFY CHRISTMAS DECORATION,Long-Tail,2.1666666666666665,75,1038.4615384615386,Overstock Risk,Overstock Review / Reduce Replenishment
90214B,"LETTER ""B"" BLING KEY RING",Long-Tail,2.0833333333333335,72,1036.8,Overstock Risk,Overstock Review / Reduce Replenishment
84922,PINK BUTTERFLY WASHBAG,Long-Tail,0.6666666666666666,23,1035.0000000000002,Overstock Risk,Overstock Review / Reduce Replenishment
78034B,BLUE NETTING STORAGE HANGER,Long-Tail,0.6666666666666666,23,1035.0000000000002,Overstock Risk,Overstock Review / Reduce Replenishment
84666,SQUARE CHERRY BLOSSOM CABINET,Long-Tail,2.0,69,1035.0,Overstock Risk,Overstock Review / Reduce Replenishment
90212C,PURPLE LAS VEGAS BRACELET ROUND,Long-Tail,0.5833333333333334,20,1028.5714285714284,Overstock Risk,Overstock Review / Reduce Replenishment
16202E,BLACK PHOTO ALBUM,Long-Tail,1.875,64,1024.0,Overstock Risk,Overstock Review / Reduce Replenishment
23646,SET 10 CARDS JINGLE BELLS 16957,Long-Tail,2.6666666666666665,91,1023.7500000000001,Overstock Risk,Overstock Review / Reduce Replenishment
90160D,PINK BOUDICCA LARGE BRACELET,Long-Tail,3.1666666666666665,108,1023.1578947368421,Overstock Risk,Overstock Review / Reduce Replenishment
21777,RECIPE BOX WITH METAL HEART,Long-Tail,1.0,34,1020.0,Overstock Risk,Overstock Review / Reduce Replenishment
35913B,WHITE/PINK CHICK EASTER DECORATION,Long-Tail,3.272727272727273,111,1017.4999999999999,Overstock Risk,Overstock Review / Reduce Replenishment
47593A,CAROUSEL PONIES BABY BIB,Long-Tail,2.75,93,1014.5454545454546,Overstock Risk,Overstock Review / Reduce Replenishment
90043,COPPER AND BRASS BAG CHARM,Long-Tail,0.8,27,1012.4999999999999,Overstock Risk,Overstock Review / Reduce Replenishment
90182A,AMBER 3 BEAD DROP EARRINGS,Long-Tail,1.4,47,1007.1428571428572,Overstock Risk,Overstock Review / Reduce Replenishment
90210A,GREY ACRYLIC FACETED BANGLE,Long-Tail,2.75,92,1003.6363636363637,Overstock Risk,Overstock Review / Reduce Replenishment
37476,CONDIMENT TRAY 4 BOWLS AND 4 SPOONS,Long-Tail,3.0833333333333335,103,1002.1621621621621,Overstock Risk,Overstock Review / Reduce Replenishment
90176A,CLASSIC DIAMANTE NECKLACE JET,Long-Tail,0.3,10,1000.0,Overstock Risk,Overstock Review / Reduce Replenishment
21690,SILVER  CANDLEPOT JARDIN,Long-Tail,1.8333333333333333,61,998.1818181818182,Overstock Risk,Overstock Review / Reduce Replenishment
90059A,DIAMANTE HAIR GRIP PACK/2 CRYSTAL,Long-Tail,2.9166666666666665,97,997.7142857142857,Overstock Risk,Overstock Review / Reduce Replenishment
90145,SILVER HOOP EARRINGS WITH FLOWER,Long-Tail,2.1666666666666665,72,996.923076923077,Overstock Risk,Overstock Review / Reduce Replenishment
79331,PINK FLOCK GLASS CANDLEHOLDER,Long-Tail,2.6,86,992.3076923076923,Overstock Risk,Overstock Review / Reduce Replenishment
20662,FIRST CLASS HOLIDAY PURSE,Long-Tail,2.5833333333333335,85,987.0967741935484,Overstock Risk,Overstock Review / Reduce Replenishment
90129E,PURPLE GLASS TASSLE BAG CHARM,Long-Tail,3.5,115,985.7142857142857,Overstock Risk,Overstock Review / Reduce Replenishment
21816,CHRISTMAS TREE T-LIGHT HOLDER,Long-Tail,2.75,90,981.8181818181819,Overstock Risk,Overstock Review / Reduce Replenishment
90013C,GREEN VINTAGE EARRINGS,Long-Tail,2.9166666666666665,95,977.1428571428571,Overstock Risk,Overstock Review / Reduce Replenishment
23143,ZINC WIRE KITCHEN ORGANISER,Long-Tail,2.0,65,975.0,Overstock Risk,Overstock Review / Reduce Replenishment
90126C,AMBER BERTIE MOBILE PHONE CHARM,Long-Tail,0.4,13,974.9999999999999,Overstock Risk,Overstock Review / Reduce Replenishment
79157V,UBO-LIGHT TRIOBASE PURPLE,Long-Tail,2.5,81,972.0,Overstock Risk,Overstock Review / Reduce Replenishment
90072,RUBY DROP CHANDELIER EARRINGS,Long-Tail,1.6666666666666667,54,971.9999999999999,Overstock Risk,Overstock Review / Reduce Replenishment
90016A,SILVER/M.O.P PENDANT ORBIT NECKLACE,Long-Tail,1.5454545454545454,50,970.5882352941177,Overstock Risk,Overstock Review / Reduce Replenishment
20898,VINTAGE NOTEBOOK TRAVELOGUE,Long-Tail,2.909090909090909,94,969.375,Overstock Risk,Overstock Review / Reduce Replenishment
90160A,PURPLE BOUDICCA LARGE BRACELET,Long-Tail,3.0833333333333335,99,963.2432432432431,Overstock Risk,Overstock Review / Reduce Replenishment
21344,MOROCCAN BEATEN METAL DISH,Long-Tail,1.0909090909090908,35,962.5,Overstock Risk,Overstock Review / Reduce Replenishment
84358,FLOOR LAMP SHADE WOOD BASE,Long-Tail,2.75,88,960.0000000000001,Overstock Risk,Overstock Review / Reduce Replenishment
90021,LASER CUT MULTI STRAND NECKLACE,Long-Tail,0.125,4,960.0,Overstock Risk,Overstock Review / Reduce Replenishment
84974,S/2 ZINC HEART DESIGN PLANTERS,Long-Tail,3.5454545454545454,113,956.1538461538462,Overstock Risk,Overstock Review / Reduce Replenishment
90129C,GREEN GLASS TASSLE BAG CHARM,Long-Tail,2.8333333333333335,90,952.9411764705882,Overstock Risk,Overstock Review / Reduce Replenishment
84352,SILVER CHRISTMAS TREE BAUBLE STAND,Long-Tail,2.8333333333333335,90,952.9411764705882,Overstock Risk,Overstock Review / Reduce Replenishment
90129F,RED GLASS TASSLE BAG CHARM,Long-Tail,3.25,103,950.7692307692307,Overstock Risk,Overstock Review / Reduce Replenishment
90073,VINTAGE ENAMEL & CRYSTAL EARRINGS,Long-Tail,2.0833333333333335,66,950.4,Overstock Risk,Overstock Review / Reduce Replenishment
20661,BLUE POLKADOT PURSE,Long-Tail,3.5833333333333335,113,946.046511627907,Overstock Risk,Overstock Review / Reduce Replenishment
20678,LARGE BLACK DIAMANTE HAIRSLIDE,Long-Tail,1.3333333333333333,42,945.0000000000001,Overstock Risk,Overstock Review / Reduce Replenishment
84924F,PSYCHEDELIC METAL SIGN CALENDAR,Long-Tail,2.0,63,945.0,Overstock Risk,Overstock Review / Reduce Replenishment
17191A,ROSE FLOWER CANDLE+INCENSE 16X16CM,Long-Tail,2.0,63,945.0,Overstock Risk,Overstock Review / Reduce Replenishment
84910A,PINK PAISLEY CUSHION COVER,Long-Tail,2.1666666666666665,68,941.5384615384617,Overstock Risk,Overstock Review / Reduce Replenishment
90196B,BLACK GEMSTONE NECKLACE 45CM,Long-Tail,0.4166666666666667,13,935.9999999999999,Overstock Risk,Overstock Review / Reduce Replenishment
90202D,PINK ENAMEL FLOWER HAIR TIE,Long-Tail,1.1666666666666667,36,925.7142857142857,Overstock Risk,Overstock Review / Reduce Replenishment
35910A,MULTICOLOUR EASTER RABBIT,Long-Tail,1.818181818181818,56,924.0000000000002,Overstock Risk,Overstock Review / Reduce Replenishment
90202B,WHITE ENAMEL FLOWER HAIR TIE,Long-Tail,0.9090909090909092,28,923.9999999999999,Overstock Risk,Overstock Review / Reduce Replenishment
21738,COSY SLIPPER SHOES SMALL  RED,Long-Tail,3.8333333333333335,118,923.4782608695651,Overstock Risk,Overstock Review / Reduce Replenishment
62043B,BLUE CHECK BAG W HANDLE 34X20CM,Long-Tail,2.125,65,917.6470588235294,Overstock Risk,Overstock Review / Reduce Replenishment
84927D,LA PALMIERA TILE HOOK,Long-Tail,3.9166666666666665,119,911.4893617021276,Overstock Risk,Overstock Review / Reduce Replenishment
37489D,PINK/GREEN FLOWER DESIGN BIG MUG,Long-Tail,3.1666666666666665,96,909.4736842105264,Overstock Risk,Overstock Review / Reduce Replenishment
84745A,PINK HANGING GINGHAM EASTER HEN,Long-Tail,2.909090909090909,88,907.5,Overstock Risk,Overstock Review / Reduce Replenishment
17090D,VANILLA INCENSE 40 CONES IN TIN,Long-Tail,2.4166666666666665,73,906.2068965517242,Overstock Risk,Overstock Review / Reduce Replenishment
90192,JADE DROP EARRINGS W FILIGREE,Long-Tail,3.25,98,904.6153846153845,Overstock Risk,Overstock Review / Reduce Replenishment
84816,DANISH ROSE BEDSIDE CABINET,Long-Tail,0.6666666666666666,20,900.0000000000001,Overstock Risk,Overstock Review / Reduce Replenishment
90022,EDWARDIAN DROP EARRINGS JET BLACK,Long-Tail,1.3333333333333333,40,900.0000000000001,Overstock Risk,Overstock Review / Reduce Replenishment
90038C,GLASS AND BEADS BRACELET IVORY,Long-Tail,1.0,30,900.0,Overstock Risk,Overstock Review / Reduce Replenishment
90027A,GLASS BEAD HOOP EARRINGS BLACK,Long-Tail,0.5,15,900.0,Overstock Risk,Overstock Review / Reduce Replenishment
79161A,ST GEORGE SET OF 10 PARTY LIGHTS,Long-Tail,2.0,60,900.0,Overstock Risk,Overstock Review / Reduce Replenishment
84870C,GREEN GEISHA GIRL,Long-Tail,3.8333333333333335,114,892.1739130434781,Overstock Risk,Overstock Review / Reduce Replenishment
46000P,POLYESTER FILLER PAD 65CMX65CM,Long-Tail,1.5,44,880.0,Overstock Risk,Overstock Review / Reduce Replenishment
23650,SET 10 CARDS FILIGREE BAUBLE 16961,Long-Tail,1.0,29,870.0,Overstock Risk,Overstock Review / Reduce Replenishment
17012E,ORIGAMI OPIUM INCENSE/CANDLE SET,Long-Tail,3.6666666666666665,106,867.2727272727273,Overstock Risk,Overstock Review / Reduce Replenishment
90039D,FIRE POLISHED GLASS BRACELET GREEN,Long-Tail,1.6666666666666667,48,863.9999999999999,Overstock Risk,Overstock Review / Reduce Replenishment
37489A,YELLOW/PINK FLOWER DESIGN BIG MUG,Long-Tail,2.75,79,861.8181818181819,Overstock Risk,Overstock Review / Reduce Replenishment
21476,STEEL SWEETHEART ROUND TABLE CREAM,Long-Tail,3.727272727272727,107,861.219512195122,Overstock Risk,Overstock Review / Reduce Replenishment
84597B,RETRO BROWN BALL ASHTRAY,Long-Tail,3.4166666666666665,98,860.4878048780488,Overstock Risk,Overstock Review / Reduce Replenishment
84548,CROCHET BEAR RED/BLUE  KEYRING,Long-Tail,2.4444444444444446,70,859.090909090909,Overstock Risk,Overstock Review / Reduce Replenishment
84906,PINK B'FLY C/COVER W BOBBLES,Long-Tail,2.9166666666666665,83,853.7142857142857,Overstock Risk,Overstock Review / Reduce Replenishment
35910B,PINK FLOWERS RABBIT EASTER,Long-Tail,1.4444444444444444,41,851.5384615384615,Overstock Risk,Overstock Review / Reduce Replenishment
72709,IVORY SCULPTED RND CANDLE,Long-Tail,3.6666666666666665,104,850.909090909091,Overstock Risk,Overstock Review / Reduce Replenishment
90062,CARNIVAL BRACELET,Long-Tail,3.6666666666666665,104,850.909090909091,Overstock Risk,Overstock Review / Reduce Replenishment
90214I,"LETTER ""I"" BLING KEY RING",Long-Tail,2.0833333333333335,59,849.5999999999999,Overstock Risk,Overstock Review / Reduce Replenishment
85206B,PINK FELT EASTER EGG BASKET,Long-Tail,1.2727272727272727,36,848.5714285714286,Overstock Risk,Overstock Review / Reduce Replenishment
84539,KNITTED RABBIT DOLL,Long-Tail,2.1666666666666665,61,844.6153846153846,Overstock Risk,Overstock Review / Reduce Replenishment
23607,SET 10 CARDS HATS & STOCKINGS 17081,Long-Tail,2.6666666666666665,75,843.7500000000001,Overstock Risk,Overstock Review / Reduce Replenishment
72812,LARGE ZINC GLASS CANDLEHOLDER,Long-Tail,3.2,90,843.75,Overstock Risk,Overstock Review / Reduce Replenishment
84550,CROCHET LILAC/RED BEAR KEYRING,Long-Tail,1.0,28,840.0,Overstock Risk,Overstock Review / Reduce Replenishment
35637C,PINK STRING CURTAIN WITH POLE,Long-Tail,2.727272727272727,76,836.0000000000001,Overstock Risk,Overstock Review / Reduce Replenishment
90086,CRYSTAL FROG PHONE CHARM,Regular,3.4166666666666665,95,834.1463414634146,Overstock Risk,Overstock Review / Reduce Replenishment
21758,VINTAGE SHELLS PRINT,Long-Tail,4.083333333333333,113,830.2040816326531,Overstock Risk,Overstock Review / Reduce Replenishment
85055,FRENCH ENAMEL UTENSIL HOLDER,Long-Tail,3.75,103,824.0,Overstock Risk,Overstock Review / Reduce Replenishment
72133,COLUMBIAN CANDLE RECTANGLE,Long-Tail,3.0833333333333335,84,817.2972972972972,Overstock Risk,Overstock Review / Reduce Replenishment
84806A,PINK CANDYSTUFT ARTIFICIAL FLOWER,Regular,3.4166666666666665,93,816.5853658536586,Overstock Risk,Overstock Review / Reduce Replenishment
44242A,LILAC FEATHERS CURTAIN,Long-Tail,2.4,65,812.5,Overstock Risk,Overstock Review / Reduce Replenishment
35443,RASTA IN BATH W SPLIFF ASHTRAY,Long-Tail,0.6666666666666666,18,810.0000000000001,Overstock Risk,Overstock Review / Reduce Replenishment
35638A,PINK AND BLACK STRING CURTAIN,Long-Tail,3.8,102,805.263157894737,Overstock Risk,Overstock Review / Reduce Replenishment
90160B,RED BOUDICCA LARGE BRACELET,Long-Tail,2.5,67,804.0,Overstock Risk,Overstock Review / Reduce Replenishment
90147,CHUNKY SILVER NECKLACE PASTEL FLOWE,Long-Tail,2.5,67,804.0,Overstock Risk,Overstock Review / Reduce Replenishment
23637,SET 10 CARDS OUT OF ORDER 17216,Long-Tail,3.3333333333333335,89,801.0,Overstock Risk,Overstock Review / Reduce Replenishment
90158,ST TROPEZ NECKLACE,Long-Tail,3.5,93,797.1428571428571,Overstock Risk,Overstock Review / Reduce Replenishment
21375,LARGE CAMPHOR WOOD FIELD MUSHROOM,Long-Tail,3.1666666666666665,84,795.7894736842105,Overstock Risk,Overstock Review / Reduce Replenishment
79191D,RETRO PLASTIC DAISY TRAY,Long-Tail,1.5833333333333333,42,795.7894736842105,Overstock Risk,Overstock Review / Reduce Replenishment
90035A,"PEARL & SHELL 42""NECKL. GREEN",Long-Tail,0.4166666666666667,11,792.0,Overstock Risk,Overstock Review / Reduce Replenishment
23608,SET 10 CARDS RUDOLPHS NOSE 17097,Long-Tail,3.0,79,790.0,Overstock Risk,Overstock Review / Reduce Replenishment
85023B,EAU DE NILE JEWELLED PHOTOFRAME,Long-Tail,2.6666666666666665,70,787.5000000000001,Overstock Risk,Overstock Review / Reduce Replenishment
23617,SET 10 CARDS SWIRLY XMAS TREE 17104,Long-Tail,2.0,52,780.0,Overstock Risk,Overstock Review / Reduce Replenishment
23604,SET 10 MINI SANTA & SNOWMAN  17087,Long-Tail,2.0,52,780.0,Overstock Risk,Overstock Review / Reduce Replenishment
23625,SET 6 CARDS SPARKLY REINDEER 17262,Long-Tail,2.6666666666666665,69,776.2500000000001,Overstock Risk,Overstock Review / Reduce Replenishment
20696,FLORAL SOFT CAR TOY,Long-Tail,4.5,116,773.3333333333334,Overstock Risk,Overstock Review / Reduce Replenishment
84201B,HAPPY BIRTHDAY CARD STRIPEY TEDDY,Long-Tail,3.25,83,766.1538461538461,Overstock Risk,Overstock Review / Reduce Replenishment
84466,TOP SECRET PEN SET,Long-Tail,4.6,117,763.0434782608696,Overstock Risk,Overstock Review / Reduce Replenishment
85089,CANDY SPOT BUNNY,Long-Tail,1.181818181818182,30,761.5384615384613,Overstock Risk,Overstock Review / Reduce Replenishment
85049B,LUSH GREENS RIBBONS,Long-Tail,4.666666666666667,118,758.5714285714286,Overstock Risk,Overstock Review / Reduce Replenishment
90120D,WHITE MURANO TWIST BRACELET,Long-Tail,0.8333333333333334,21,756.0,Overstock Risk,Overstock Review / Reduce Replenishment
23612,SET 10 MINICARDS CUTE SNOWMAN 17071,Long-Tail,2.5,63,756.0,Overstock Risk,Overstock Review / Reduce Replenishment
84016,FLAG OF ST GEORGE CAR FLAG,Long-Tail,3.375,85,755.5555555555555,Overstock Risk,Overstock Review / Reduce Replenishment
90031,BILI NUT AND WOOD NECKLACE,Long-Tail,4.166666666666667,104,748.8,Overstock Risk,Overstock Review / Reduce Replenishment
90122C,TURQUOISE CRYSTAL+GLASS BRACELET,Long-Tail,2.090909090909091,52,746.0869565217392,Overstock Risk,Overstock Review / Reduce Replenishment
90155,RESIN NECKLACE W PASTEL BEADS,Long-Tail,0.7272727272727273,18,742.5,Overstock Risk,Overstock Review / Reduce Replenishment
90160C,TURQ+RED BOUDICCA LARGE BRACELET,Long-Tail,4.416666666666667,109,740.377358490566,Overstock Risk,Overstock Review / Reduce Replenishment
84707B,PINK JEWELLED MIRROR TRINKET TRAY,Long-Tail,1.5833333333333333,39,738.9473684210526,Overstock Risk,Overstock Review / Reduce Replenishment
90063B,BLACK VINT ART DEC CRYSTAL NECKLACE,Long-Tail,0.9,22,733.3333333333333,Overstock Risk,Overstock Review / Reduce Replenishment
84712B,PINK JEWELLED PHOTO FRAME,Long-Tail,2.5,61,732.0,Overstock Risk,Overstock Review / Reduce Replenishment
DCGSSBOY,BOYS PARTY BAG,Long-Tail,4.6,111,723.9130434782609,Overstock Risk,Overstock Review / Reduce Replenishment
90196A,PURPLE GEMSTONE NECKLACE 45CM,Long-Tail,0.6666666666666666,16,720.0000000000001,Overstock Risk,Overstock Review / Reduce Replenishment
90005A,JADE GREEN ENAMEL HAIR COMB,Long-Tail,1.1666666666666667,28,720.0,Overstock Risk,Overstock Review / Reduce Replenishment
84846A,SCENTED CANDLE IN DIGITALIS TIN,Long-Tail,4.666666666666667,112,720.0,Overstock Risk,Overstock Review / Reduce Replenishment
84801A,PINK HYDRANGEA ART FLOWER,Long-Tail,4.181818181818182,100,717.3913043478262,Overstock Risk,Overstock Review / Reduce Replenishment
90013B,BLACK VINTAGE EARRINGS,Long-Tail,3.0,71,710.0,Overstock Risk,Overstock Review / Reduce Replenishment
81953B,ROUND BLUE CLOCK WITH SUCKER,Long-Tail,2.2,52,709.0909090909091,Overstock Risk,Overstock Review / Reduce Replenishment
90123C,GREEN HEART OF GLASS BRACELET,Long-Tail,1.2727272727272727,30,707.1428571428571,Overstock Risk,Overstock Review / Reduce Replenishment
84429A,MEDIUM PINK BUDDHA HEAD,Long-Tail,4.333333333333333,102,706.1538461538462,Overstock Risk,Overstock Review / Reduce Replenishment
16169P,WRAP GREEN RUSSIAN FOLKART,Long-Tail,4.166666666666667,98,705.6,Overstock Risk,Overstock Review / Reduce Replenishment
90096,NECKLACE+BRACELET SET BLUE BLOSSOM,Long-Tail,3.75,88,704.0,Overstock Risk,Overstock Review / Reduce Replenishment
84706F,RED PEONY TABLE CLOCK,Long-Tail,3.2,75,703.125,Overstock Risk,Overstock Review / Reduce Replenishment
46775D,SUNSET COLOUR CHUNKY KNITTED THROW,Long-Tail,4.833333333333333,113,701.3793103448277,Overstock Risk,Overstock Review / Reduce Replenishment
90154,LAZER CUT NECKLACE W PASTEL BEADS,Long-Tail,4.75,111,701.0526315789474,Overstock Risk,Overstock Review / Reduce Replenishment
90185B,AMETHYST DIAMANTE EXPANDABLE RING,Long-Tail,1.3333333333333333,31,697.5000000000001,Overstock Risk,Overstock Review / Reduce Replenishment
78033,FLAG OF ST GEORGE CHAIR,Long-Tail,4.0,93,697.5,Overstock Risk,Overstock Review / Reduce Replenishment
90214R,"LETTER ""R"" BLING KEY RING",Long-Tail,2.3333333333333335,54,694.2857142857142,Overstock Risk,Overstock Review / Reduce Replenishment
23635,SET 10 CARDS CHRISTMAS HOLLY  17259,Long-Tail,1.0,23,690.0,Overstock Risk,Overstock Review / Reduce Replenishment
23652,SET 10 CARD CHRISTMAS STAMPS 16963,Long-Tail,2.0,46,690.0,Overstock Risk,Overstock Review / Reduce Replenishment
90198B,VINTAGE ROSE BEAD BRACELET BLACK,Long-Tail,2.8333333333333335,65,688.235294117647,Overstock Risk,Overstock Review / Reduce Replenishment
21278,VINTAGE KITCHEN PRINT PUDDINGS,Long-Tail,2.8181818181818183,64,681.2903225806451,Overstock Risk,Overstock Review / Reduce Replenishment
84723,CHERRY BLOSSOM CANVAS ART PICTURE,Long-Tail,4.1,93,680.4878048780488,Overstock Risk,Overstock Review / Reduce Replenishment
90214G,"LETTER ""G"" BLING KEY RING",Long-Tail,2.9166666666666665,66,678.8571428571429,Overstock Risk,Overstock Review / Reduce Replenishment
90175D,TIGRIS EYE CHUNKY CHARM BRACELET,Long-Tail,1.4166666666666667,32,677.6470588235293,Overstock Risk,Overstock Review / Reduce Replenishment
90059D,DIAMANTE HAIR GRIP PACK/2 PERIDOT,Long-Tail,1.4166666666666667,32,677.6470588235293,Overstock Risk,Overstock Review / Reduce Replenishment
47369A,PINK GREEN EMBROIDERY COSMETIC BAG,Long-Tail,2.6666666666666665,60,675.0000000000001,Overstock Risk,Overstock Review / Reduce Replenishment
81950V,FLOWER PURPLE CLOCK WITH SUCKER,Long-Tail,1.6666666666666667,37,666.0,Overstock Risk,Overstock Review / Reduce Replenishment
85028S,FRENCH CHATEAU SMALL FRUITBOWL,Long-Tail,2.6666666666666665,59,663.7500000000001,Overstock Risk,Overstock Review / Reduce Replenishment
90137,PINK COMBO MINI CRYSTALS NECKLACE,Long-Tail,0.2727272727272727,6,660.0,Overstock Risk,Overstock Review / Reduce Replenishment
23649,SET 10 CARDS DECK THE HALLS 16960,Long-Tail,2.0,44,660.0,Overstock Risk,Overstock Review / Reduce Replenishment
90214H,"LETTER ""H"" BLING KEY RING",Long-Tail,2.9166666666666665,64,658.2857142857142,Overstock Risk,Overstock Review / Reduce Replenishment
21393,BLUE POLKADOT PUDDING BOWL,Long-Tail,2.4166666666666665,53,657.9310344827587,Overstock Risk,Overstock Review / Reduce Replenishment
84270,ASSTD DESIGN BUBBLE GUM RING,Long-Tail,1.4166666666666667,31,656.470588235294,Overstock Risk,Overstock Review / Reduce Replenishment
72132,COLUMBIAN CUBE CANDLE,Long-Tail,2.3333333333333335,51,655.7142857142857,Overstock Risk,Overstock Review / Reduce Replenishment
17165D,ASS COL LARGE SAND FROG P'WEIGHT,Long-Tail,2.25,49,653.3333333333334,Overstock Risk,Overstock Review / Reduce Replenishment
46776E,WOVEN CANDY CUSHION COVER,Long-Tail,5.25,114,651.4285714285714,Overstock Risk,Overstock Review / Reduce Replenishment
84927A,WAKE UP COCKEREL TILE HOOK,Long-Tail,4.166666666666667,90,648.0,Overstock Risk,Overstock Review / Reduce Replenishment
90018C,SILVER BLACK ORBIT DROP EARRINGS,Long-Tail,1.7142857142857142,37,647.5,Overstock Risk,Overstock Review / Reduce Replenishment
21018,BIRD BOX CHRISTMAS TREE DECORATION,Long-Tail,2.0,43,645.0,Overstock Risk,Overstock Review / Reduce Replenishment
20782,CAMOUFLAGE EAR MUFF HEADPHONES,Long-Tail,3.9166666666666665,84,643.4042553191489,Overstock Risk,Overstock Review / Reduce Replenishment
22874,NUMBER TILE COTTAGE GARDEN 6,Long-Tail,5.416666666666667,116,642.4615384615385,Overstock Risk,Overstock Review / Reduce Replenishment
90174,BUTTERFLY HAIR BAND,Long-Tail,1.8333333333333333,39,638.1818181818182,Overstock Risk,Overstock Review / Reduce Replenishment
20847,ZINC HEART LATTICE CHARGER LARGE,Long-Tail,4.333333333333333,92,636.923076923077,Overstock Risk,Overstock Review / Reduce Replenishment
85135B,BLUE DRAGONFLY HELICOPTER,Long-Tail,5.416666666666667,114,631.3846153846154,Overstock Risk,Overstock Review / Reduce Replenishment
90083,CRYSTAL CZECH CROSS PHONE CHARM,Long-Tail,1.7142857142857142,36,630.0,Overstock Risk,Overstock Review / Reduce Replenishment
84919,BLUE CUSHION COVER WITH FLOWER,Long-Tail,5.2727272727272725,110,625.8620689655172,Overstock Risk,Overstock Review / Reduce Replenishment
20878,SET/9 CHRISTMAS T-LIGHTS SCENTED,Long-Tail,2.0,41,615.0,Overstock Risk,Overstock Review / Reduce Replenishment
90214M,"LETTER ""M"" BLING KEY RING",Long-Tail,4.0,82,615.0,Overstock Risk,Overstock Review / Reduce Replenishment
90161B,ANT COPPER TURQ BOUDICCA BRACELET,Long-Tail,5.666666666666667,116,614.1176470588234,Overstock Risk,Overstock Review / Reduce Replenishment
20857,BLUE ROSE PATCH PURSE PINK BUTTERFL,Long-Tail,1.4166666666666667,29,614.1176470588234,Overstock Risk,Overstock Review / Reduce Replenishment
20819,SILVER TEDDY BEAR,Long-Tail,5.333333333333333,109,613.1250000000001,Overstock Risk,Overstock Review / Reduce Replenishment
90185C,BLACK DIAMANTE EXPANDABLE RING,Long-Tail,1.6666666666666667,34,612.0,Overstock Risk,Overstock Review / Reduce Replenishment
84510E,SET OF 4 GREEN CAROUSEL COASTERS,Long-Tail,2.5,51,612.0,Overstock Risk,Overstock Review / Reduce Replenishment
85197,SET OF 12 MINI BUNNIES IN A BUCKET,Long-Tail,3.090909090909091,63,611.4705882352941,Overstock Risk,Overstock Review / Reduce Replenishment
84508C,BLUE CIRCLES DESIGN TEDDY,Long-Tail,4.666666666666667,95,610.7142857142857,Overstock Risk,Overstock Review / Reduce Replenishment
90023,FILIGREE DIAMANTE EARRINGS,Long-Tail,1.0833333333333333,22,609.2307692307693,Overstock Risk,Overstock Review / Reduce Replenishment
84745B,BLUE HANGING GINGHAM EASTER HEN,Long-Tail,2.909090909090909,59,608.4375,Overstock Risk,Overstock Review / Reduce Replenishment
90115,SUMMER BUTTERFLIES BAG CHARM,Long-Tail,4.5,91,606.6666666666667,Overstock Risk,Overstock Review / Reduce Replenishment
90013A,MIDNIGHT BLUE VINTAGE EARRINGS,Long-Tail,3.3333333333333335,67,603.0,Overstock Risk,Overstock Review / Reduce Replenishment
84527,FLAMES SUNGLASSES PINK LENSES,Long-Tail,4.7272727272727275,95,602.8846153846154,Overstock Risk,Overstock Review / Reduce Replenishment
84597C,RETRO PINK BALL ASHTRAY,Long-Tail,3.8333333333333335,77,602.6086956521739,Overstock Risk,Overstock Review / Reduce Replenishment
20698,LITTLE PINK MONSTER SOFT TOY,Long-Tail,1.5454545454545454,31,601.7647058823529,Overstock Risk,Overstock Review / Reduce Replenishment
90175C,BLUE GLASS CHUNKY CHARM BRACELET,Long-Tail,0.75,15,600.0,Overstock Risk,Overstock Review / Reduce Replenishment
84803A,PINK ALLIUM  ARTIFICIAL FLOWER,Long-Tail,0.3,6,600.0,Overstock Risk,Overstock Review / Reduce Replenishment
90200A,PURPLE SWEETHEART BRACELET,Long-Tail,4.666666666666667,93,597.8571428571429,Overstock Risk,Overstock Review / Reduce Replenishment
90116,FRUIT SALAD BAG CHARM,Long-Tail,4.166666666666667,83,597.6,Overstock Risk,Overstock Review / Reduce Replenishment
46126A,ELVIS WALLHANGING / CURTAIN,Long-Tail,5.777777777777778,115,597.1153846153846,Overstock Risk,Overstock Review / Reduce Replenishment
17109D,FLOWER FAIRY INCENSE BOUQUET,Long-Tail,5.083333333333333,101,596.0655737704918,Overstock Risk,Overstock Review / Reduce Replenishment
79149B,SILICON STAR BULB  BLUE,Long-Tail,1.4166666666666667,28,592.9411764705882,Overstock Risk,Overstock Review / Reduce Replenishment
20666,ECONOMY HOLIDAY PURSE,Long-Tail,2.5,49,588.0,Overstock Risk,Overstock Review / Reduce Replenishment
22415,WHITE TISSUE REAM,Long-Tail,1.5833333333333333,31,587.3684210526316,Overstock Risk,Overstock Review / Reduce Replenishment
82011B,BATHROOM SCALES RUBBER DUCKS,Long-Tail,3.5833333333333335,70,586.046511627907,Overstock Risk,Overstock Review / Reduce Replenishment
84686,BEACH HUT MIRROR,Long-Tail,6.125,118,577.9591836734694,Overstock Risk,Overstock Review / Reduce Replenishment
84870B,BLUE GEISHA GIRL,Long-Tail,3.6666666666666665,70,572.7272727272727,Overstock Risk,Overstock Review / Reduce Replenishment
21413,PERIWINKLE T-LIGHT HOLDER,Long-Tail,4.0,76,570.0,Overstock Risk,Overstock Review / Reduce Replenishment
72798C,SET/4 GARDEN ROSE DINNER CANDLE,Long-Tail,0.5833333333333334,11,565.7142857142857,Overstock Risk,Overstock Review / Reduce Replenishment
90010A,MIDNIGHT BLUE GLASS/SILVER BRACELET,Long-Tail,1.3333333333333333,25,562.5000000000001,Overstock Risk,Overstock Review / Reduce Replenishment
84206A,3 BLACK CATS W HEARTS BLANK CARD,Long-Tail,6.0,112,560.0,Overstock Risk,Overstock Review / Reduce Replenishment
22353,LUNCH BOX WITH CUTLERY FAIRY CAKES,Long-Tail,6.0,111,555.0,Overstock Risk,Overstock Review / Reduce Replenishment
20851,ZINC HEART LATTICE TRAY OVAL,Long-Tail,0.8181818181818182,15,550.0,Overstock Risk,Overstock Review / Reduce Replenishment
DCGSSGIRL,GIRLS PARTY BAG,Long-Tail,4.7,86,548.9361702127659,Overstock Risk,Overstock Review / Reduce Replenishment
21904,HOUSE WRECKING METAL SIGN,Long-Tail,4.166666666666667,76,547.1999999999999,Overstock Risk,Overstock Review / Reduce Replenishment
46776D,WOVEN SUNSET CUSHION COVER,Long-Tail,6.0,109,545.0,Overstock Risk,Overstock Review / Reduce Replenishment
90128C,GREEN LEAVES AND BEADS PHONE CHARM,Long-Tail,0.1666666666666666,3,540.0000000000002,Overstock Risk,Overstock Review / Reduce Replenishment
90028,NEW BAROQUE LARGE NECKLACE BLK/WHIT,Long-Tail,1.3333333333333333,24,540.0000000000001,Overstock Risk,Overstock Review / Reduce Replenishment
90141B,IVORY PENDANT TRIPLE SHELL NECKLACE,Long-Tail,0.6666666666666666,12,540.0000000000001,Overstock Risk,Overstock Review / Reduce Replenishment
22833,HALL CABINET WITH 3 DRAWERS,Long-Tail,6.333333333333333,112,530.5263157894736,Overstock Risk,Overstock Review / Reduce Replenishment
84711B,PINK OVAL SHAPE TRINKET BOX,Long-Tail,1.5833333333333333,28,530.5263157894736,Overstock Risk,Overstock Review / Reduce Replenishment
90162A,ANT SILVER TURQUOISE BOUDICCA RING,Long-Tail,6.0,106,530.0,Overstock Risk,Overstock Review / Reduce Replenishment
21031,SPACE CADET BLACK,Long-Tail,4.333333333333333,76,526.1538461538462,Overstock Risk,Overstock Review / Reduce Replenishment
84360,TABLE LAMP WHITE SHADE WOOD BASE,Long-Tail,6.333333333333333,111,525.7894736842105,Overstock Risk,Overstock Review / Reduce Replenishment
84705C,PINK FLOCK PHOTO FRAME,Long-Tail,1.7142857142857142,30,525.0,Overstock Risk,Overstock Review / Reduce Replenishment
21307,SET/4 BUTTERFLY MIRROR MAGNETS,Long-Tail,6.583333333333333,115,524.0506329113924,Overstock Risk,Overstock Review / Reduce Replenishment
16254,TRANSPARENT ACRYLIC TAPE DISPENSER,Long-Tail,6.666666666666667,116,522.0,Overstock Risk,Overstock Review / Reduce Replenishment
82095,HEART BUTTONS JEWELLERY BOX,Long-Tail,6.8,118,520.5882352941177,Overstock Risk,Overstock Review / Reduce Replenishment
90210C,RED   ACRYLIC FACETED BANGLE,Long-Tail,6.416666666666667,111,518.9610389610389,Overstock Risk,Overstock Review / Reduce Replenishment
84732D,CUTE RABBIT CEATURE SCREEN,Long-Tail,2.2,38,518.1818181818181,Overstock Risk,Overstock Review / Reduce Replenishment
10124A,SPOTS ON RED BOOKCOVER TAPE,Long-Tail,1.3333333333333333,23,517.5000000000001,Overstock Risk,Overstock Review / Reduce Replenishment
84507C,BLUE CIRCLES DESIGN MONKEY DOLL,Long-Tail,5.0,86,516.0,Overstock Risk,Overstock Review / Reduce Replenishment
21425,SKULLS STORAGE BOX LARGE,Long-Tail,6.75,116,515.5555555555555,Overstock Risk,Overstock Review / Reduce Replenishment
84661A,WHITE SQUARE TABLE CLOCK,Regular,3.727272727272727,64,515.1219512195122,Overstock Risk,Overstock Review / Reduce Replenishment
20667,CHERRY BLOSSOM PURSE,Long-Tail,2.857142857142857,49,514.5,Overstock Risk,Overstock Review / Reduce Replenishment
20769,DAISY JOURNAL,Long-Tail,6.083333333333333,104,512.8767123287671,Overstock Risk,Overstock Review / Reduce Replenishment
90177C,DROP DIAMANTE EARRINGS CRYSTAL,Long-Tail,1.5833333333333333,27,511.57894736842104,Overstock Risk,Overstock Review / Reduce Replenishment
90161C,ANT COPPER LIME BOUDICCA BRACELET,Long-Tail,6.333333333333333,108,511.57894736842104,Overstock Risk,Overstock Review / Reduce Replenishment
85145,JARDIN ETCHED GLASS LARGE BELL JAR,Long-Tail,4.111111111111111,70,510.8108108108109,Overstock Risk,Overstock Review / Reduce Replenishment
90208,PAIR OF PINK FLOWER CLUSTER SLIDE,Long-Tail,3.25,55,507.6923076923077,Overstock Risk,Overstock Review / Reduce Replenishment
72369A,PINK CLEAR GLASS CANDLE PLATE,Long-Tail,2.727272727272727,46,506.00000000000006,Overstock Risk,Overstock Review / Reduce Replenishment
22034,ROBIN CHRISTMAS CARD,Long-Tail,0.8333333333333334,14,503.99999999999994,Overstock Risk,Overstock Review / Reduce Replenishment
90179A,AMBER FINE BEAD NECKLACE W TASSEL,Long-Tail,0.4166666666666667,7,503.99999999999994,Overstock Risk,Overstock Review / Reduce Replenishment
21280,VINTAGE KITCHEN PRINT VEGETABLES,Long-Tail,5.909090909090909,99,502.61538461538464,Overstock Risk,Overstock Review / Reduce Replenishment
90120C,GREEN MURANO TWIST BRACELET,Long-Tail,4.0,67,502.5,Overstock Risk,Overstock Review / Reduce Replenishment
44242B,PINK FEATHERS CURTAIN,Long-Tail,6.5,108,498.46153846153845,Overstock Risk,Overstock Review / Reduce Replenishment
21662,VINTAGE GLASS COFFEE CADDY,Long-Tail,7.166666666666667,119,498.1395348837209,Overstock Risk,Overstock Review / Reduce Replenishment
90129A,PINK GLASS TASSLE BAG CHARM,Long-Tail,3.75,62,496.0,Overstock Risk,Overstock Review / Reduce Replenishment
84415B,BLUE FLOCK CUSHION COVER,Long-Tail,0.6666666666666666,11,495.00000000000006,Overstock Risk,Overstock Review / Reduce Replenishment
90003E,GREEN PAIR HEART HAIR SLIDES,Long-Tail,1.3333333333333333,22,495.00000000000006,Overstock Risk,Overstock Review / Reduce Replenishment
90134,OLD ROSE COMBO BEAD NECKLACE,Long-Tail,4.25,70,494.11764705882354,Overstock Risk,Overstock Review / Reduce Replenishment
90198A,VINTAGE ROSE BEAD BRACELET RASPBERR,Long-Tail,5.333333333333333,87,489.37500000000006,Overstock Risk,Overstock Review / Reduce Replenishment
21784,SHOE SHINE BOX,Long-Tail,4.75,77,486.3157894736842,Overstock Risk,Overstock Review / Reduce Replenishment
84872A,TEATIME FUNKY FLOWER BACKPACK FOR 2,Long-Tail,5.5,89,485.4545454545455,Overstock Risk,Overstock Review / Reduce Replenishment
35916A,YELLOW FELT HANGING HEART W FLOWER,Long-Tail,7.25,117,484.13793103448273,Overstock Risk,Overstock Review / Reduce Replenishment
84508B,STRIPES DESIGN TEDDY,Long-Tail,4.666666666666667,75,482.1428571428571,Overstock Risk,Overstock Review / Reduce Replenishment
72815,3 WICK CHRISTMAS BRIAR CANDLE,Long-Tail,0.25,4,480.0,Overstock Risk,Overstock Review / Reduce Replenishment
71403,"PINK/WHITE ""KEEP CLEAN"" BULLET BIN",Long-Tail,6.333333333333333,101,478.42105263157896,Overstock Risk,Overstock Review / Reduce Replenishment
84804B,BLUE DELPHINIUM ARTIFICIAL FLOWER,Long-Tail,7.285714285714286,116,477.6470588235294,Overstock Risk,Overstock Review / Reduce Replenishment
21360,JOY LARGE WOOD LETTERS,Long-Tail,3.25,51,470.7692307692308,Overstock Risk,Overstock Review / Reduce Replenishment
20794,BLUE  TILE HOOK,Long-Tail,7.083333333333333,111,470.11764705882354,Overstock Risk,Overstock Review / Reduce Replenishment
23614,SET 10 CARDS 12 DAYS WRAP  17058,Long-Tail,6.0,94,470.0,Overstock Risk,Overstock Review / Reduce Replenishment
21657,MILK BOTTLE WITH GLASS STOPPER,Long-Tail,2.5,39,468.0,Overstock Risk,Overstock Review / Reduce Replenishment
22828,REGENCY MIRROR WITH SHUTTERS,Long-Tail,0.8333333333333334,13,467.99999999999994,Overstock Risk,Overstock Review / Reduce Replenishment
22803,IVORY EMBROIDERED QUILT,Long-Tail,4.5,70,466.6666666666667,Overstock Risk,Overstock Review / Reduce Replenishment
20759,CHRYSANTHEMUM POCKET BOOK,Long-Tail,5.25,81,462.8571428571429,Overstock Risk,Overstock Review / Reduce Replenishment
20934,SET/3 POT PLANT CANDLES,Long-Tail,5.25,81,462.8571428571429,Overstock Risk,Overstock Review / Reduce Replenishment
90071,RUBY GLASS CLUSTER EARRINGS,Long-Tail,3.5,54,462.85714285714283,Overstock Risk,Overstock Review / Reduce Replenishment
44228,CANNABIS LEAF BEAD CURTAIN,Long-Tail,3.0,46,460.0,Overstock Risk,Overstock Review / Reduce Replenishment
21847,GREEN  DIAMANTE PEN IN GIFT BOX,Long-Tail,6.333333333333333,97,459.4736842105263,Overstock Risk,Overstock Review / Reduce Replenishment
90184B,AMETHYST CHUNKY BEAD BRACELET W STR,Long-Tail,2.4166666666666665,37,459.3103448275863,Overstock Risk,Overstock Review / Reduce Replenishment
90214K,"LETTER ""K"" BLING KEY RING",Long-Tail,4.333333333333333,66,456.92307692307696,Overstock Risk,Overstock Review / Reduce Replenishment
16010,FOLDING CAMPING SCISSOR W/KNIF & S,Long-Tail,2.5,38,456.0,Overstock Risk,Overstock Review / Reduce Replenishment
23463,VINTAGE ZINC WATERING CAN,Long-Tail,5.0,76,456.0,Overstock Risk,Overstock Review / Reduce Replenishment
79062D,"RETRO TIN ASHTRAY,REVOLUTIONARY",Long-Tail,5.2,79,455.7692307692308,Overstock Risk,Overstock Review / Reduce Replenishment
20657,TROPICAL LUGGAGE TAG,Long-Tail,6.083333333333333,92,453.6986301369863,Overstock Risk,Overstock Review / Reduce Replenishment
84638,SMALL KITCHEN FLOWER POTS PLAQUE,Long-Tail,4.166666666666667,63,453.59999999999997,Overstock Risk,Overstock Review / Reduce Replenishment
72800C,4 PINK DINNER CANDLE SILVER FLOCK,Regular,6.75,102,453.3333333333333,Overstock Risk,Overstock Review / Reduce Replenishment
22868,NUMBER TILE COTTAGE GARDEN 0,Long-Tail,5.25,79,451.42857142857144,Overstock Risk,Overstock Review / Reduce Replenishment
21614,SET OF 12 ROSE BOTANICAL T-LIGHTS,Long-Tail,5.666666666666667,85,449.99999999999994,Overstock Risk,Overstock Review / Reduce Replenishment
90166,PINK & WHITE ROSEBUD RING,Long-Tail,1.6666666666666667,25,449.99999999999994,Overstock Risk,Overstock Review / Reduce Replenishment
90201B,BLACK ENAMEL FLOWER RING,Long-Tail,6.083333333333333,91,448.7671232876712,Overstock Risk,Overstock Review / Reduce Replenishment
84685,BEACH HUT KEY CABINET,Long-Tail,2.75,41,447.2727272727273,Overstock Risk,Overstock Review / Reduce Replenishment
16162L,THE KING GIFT BAG,Long-Tail,1.818181818181818,27,445.5000000000001,Overstock Risk,Overstock Review / Reduce Replenishment
79026B,"S/4 ICON COASTER,ELVIS LIVES",Long-Tail,2.7777777777777777,41,442.8,Overstock Risk,Overstock Review / Reduce Replenishment
35921,EASTER BUNNY HANGING GARLAND,Long-Tail,6.181818181818182,91,441.61764705882354,Overstock Risk,Overstock Review / Reduce Replenishment
90149,SILVER FLOWR PINK SHELL NECKLACE,Long-Tail,7.428571428571429,108,436.15384615384613,Overstock Risk,Overstock Review / Reduce Replenishment
90183B,AMETHYST DROP EARRINGS W LONG BEADS,Long-Tail,1.5833333333333333,23,435.7894736842105,Overstock Risk,Overstock Review / Reduce Replenishment
22823,CHEST NATURAL WOOD 20 DRAWERS,Long-Tail,2.0,29,435.0,Overstock Risk,Overstock Review / Reduce Replenishment
21630,FLOOR CUSHION ELEPHANT CARNIVAL,Long-Tail,5.583333333333333,80,429.8507462686568,Overstock Risk,Overstock Review / Reduce Replenishment
84741C,CITRUS GARLAND FELT FLOWERS,Long-Tail,5.454545454545454,78,429.00000000000006,Overstock Risk,Overstock Review / Reduce Replenishment
23601,SET 10 CARDS SNOWY SNOWDROPS  17100,Long-Tail,2.6666666666666665,38,427.50000000000006,Overstock Risk,Overstock Review / Reduce Replenishment
21281,VINTAGE KITCHEN PRINT SEAFOOD,Long-Tail,3.5833333333333335,51,426.9767441860465,Overstock Risk,Overstock Review / Reduce Replenishment
44089C,LILAC GAUZE BUTTERFLY LAMPSHADE,Long-Tail,2.4,34,425.0,Overstock Risk,Overstock Review / Reduce Replenishment
47348A,FUSCHIA VOILE POINTY SHOE DEC,Long-Tail,8.083333333333334,114,423.09278350515456,Overstock Risk,Overstock Review / Reduce Replenishment
21038,SET/4 MODERN VINTAGE COTTON NAPKINS,Long-Tail,6.25,88,422.4,Overstock Risk,Overstock Review / Reduce Replenishment
21722,SWEET PUDDING STICKER SHEET,Long-Tail,7.916666666666667,111,420.63157894736844,Overstock Risk,Overstock Review / Reduce Replenishment
84563A,PINK & WHITE BREAKFAST TRAY,Long-Tail,8.0,112,420.0,Overstock Risk,Overstock Review / Reduce Replenishment
90179B,PURPLE FINE BEAD NECKLACE W TASSEL,Long-Tail,1.0,14,420.0,Overstock Risk,Overstock Review / Reduce Replenishment
84576,BLUE CAT BISCUIT BARREL PINK HEART,Long-Tail,8.25,115,418.18181818181813,Overstock Risk,Overstock Review / Reduce Replenishment
21750,LARGE SKULL WINDMILL,Long-Tail,7.5,104,416.0,Overstock Risk,Overstock Review / Reduce Replenishment
20765,CHRYSANTHEMUM SKETCHBOOK,Regular,8.416666666666666,116,413.46534653465346,Overstock Risk,Overstock Review / Reduce Replenishment
35004G,SET OF 3 GOLD FLYING DUCKS,Regular,8.5,117,412.94117647058823,Overstock Risk,Overstock Review / Reduce Replenishment
90214S,"LETTER ""S"" BLING KEY RING",Long-Tail,5.75,79,412.17391304347825,Overstock Risk,Overstock Review / Reduce Replenishment
84859C,PINK DISCO HANDBAG,Long-Tail,8.3,114,412.0481927710843,Overstock Risk,Overstock Review / Reduce Replenishment
21351,CINAMMON & ORANGE WREATH,Regular,8.083333333333334,111,411.95876288659787,Overstock Risk,Overstock Review / Reduce Replenishment
37462E,"PET MUG, GOLDFISH",Long-Tail,2.9166666666666665,40,411.42857142857144,Overstock Risk,Overstock Review / Reduce Replenishment
85163A,WHITE BAROQUE WALL CLOCK,Long-Tail,5.5,75,409.0909090909091,Overstock Risk,Overstock Review / Reduce Replenishment
84206B,CAT WITH SUNGLASSES BLANK CARD,Long-Tail,5.0,68,408.0,Overstock Risk,Overstock Review / Reduce Replenishment
90098,NECKLACE+BRACELET PINK BUTTERFLY,Long-Tail,3.8333333333333335,52,406.9565217391304,Overstock Risk,Overstock Review / Reduce Replenishment
84509E,SET OF 4 CAROUSEL PLACEMATS,Long-Tail,6.416666666666667,87,406.75324675324674,Overstock Risk,Overstock Review / Reduce Replenishment
84809A,WHITE CHRYSANTHEMUMS ART FLOWER,Long-Tail,4.583333333333333,62,405.81818181818187,Overstock Risk,Overstock Review / Reduce Replenishment
90182B,AMETHYST 3 BEAD DROP EARRINGS,Long-Tail,0.4444444444444444,6,405.00000000000006,Overstock Risk,Overstock Review / Reduce Replenishment
47016,LIGHT DECORATION BATTERY OPERATED,Long-Tail,2.0,27,405.0,Overstock Risk,Overstock Review / Reduce Replenishment
85045,GREEN CHRISTMAS TREE STRING 20LIGHT,Long-Tail,3.5,47,402.85714285714283,Overstock Risk,Overstock Review / Reduce Replenishment
84658,WHITE STITCHED CUSHION COVER,Long-Tail,4.25,57,402.3529411764706,Overstock Risk,Overstock Review / Reduce Replenishment
90018A,SILVER M.O.P ORBIT DROP EARRINGS,Long-Tail,3.5833333333333335,48,401.86046511627904,Overstock Risk,Overstock Review / Reduce Replenishment
45013,FOLDING SHOE TIDY,Long-Tail,0.3,4,400.0,Overstock Risk,Overstock Review / Reduce Replenishment
47351B,BLUE  VOILE LAMPSHADE,Long-Tail,3.4545454545454546,46,399.4736842105263,Overstock Risk,Overstock Review / Reduce Replenishment
84534B,FAIRY CAKE NOTEBOOK A5 SIZE,Long-Tail,4.583333333333333,61,399.2727272727273,Overstock Risk,Overstock Review / Reduce Replenishment
22137,BATHROOM SET LOVE HEART DESIGN,Long-Tail,6.833333333333333,90,395.1219512195122,Overstock Risk,Overstock Review / Reduce Replenishment
90184C,BLACK CHUNKY BEAD BRACELET W STRAP,Long-Tail,1.75,23,394.2857142857143,Overstock Risk,Overstock Review / Reduce Replenishment
46138B,BLUE CHENILLE SHAGGY CUSHION COVER,Long-Tail,2.75,36,392.72727272727275,Overstock Risk,Overstock Review / Reduce Replenishment
90201A,PURPLE ENAMEL FLOWER RING,Long-Tail,5.583333333333333,73,392.2388059701493,Overstock Risk,Overstock Review / Reduce Replenishment
21711,FOLDING UMBRELLA WHITE/RED POLKADOT,Regular,8.666666666666666,113,391.1538461538462,Overstock Risk,Overstock Review / Reduce Replenishment
22395,PAPERWEIGHT VINTAGE PAISLEY,Regular,6.0,78,390.0,Overstock Risk,Overstock Review / Reduce Replenishment
72799C,PINK PILLAR CANDLE SILVER FLOCK,Long-Tail,2.0,26,390.0,Overstock Risk,Overstock Review / Reduce Replenishment
90003C,MIDNIGHT BLUE PAIR HEART HAIR SLIDE,Long-Tail,2.0,26,390.0,Overstock Risk,Overstock Review / Reduce Replenishment
72821,CUPID SCENTED CANDLE IN GLASS,Long-Tail,1.0,13,390.0,Overstock Risk,Overstock Review / Reduce Replenishment
20701,PINK CAT FLORAL CUSHION COVER,Long-Tail,2.0833333333333335,27,388.79999999999995,Overstock Risk,Overstock Review / Reduce Replenishment
90081A,LILY BROOCH AMETHYST COLOUR,Long-Tail,1.0833333333333333,14,387.69230769230774,Overstock Risk,Overstock Review / Reduce Replenishment
23620,SET 10 CARDS PERFECT POST 17090,Long-Tail,3.3333333333333335,43,387.0,Overstock Risk,Overstock Review / Reduce Replenishment
20936,FORKED CACTUS CANDLE,Long-Tail,8.083333333333334,104,385.9793814432989,Overstock Risk,Overstock Review / Reduce Replenishment
22184,CAKE STAND VICTORIAN FILIGREE LARGE,Long-Tail,4.666666666666667,60,385.7142857142857,Overstock Risk,Overstock Review / Reduce Replenishment
21366,MIRRORED WALL ART PHOTO FRAMES,Long-Tail,7.166666666666667,92,385.1162790697674,Overstock Risk,Overstock Review / Reduce Replenishment
23613,SET 10 XMAS CARDS & BADGES 17070,Long-Tail,3.6666666666666665,47,384.54545454545456,Overstock Risk,Overstock Review / Reduce Replenishment
22878,NUMBER TILE COTTAGE GARDEN NO,Long-Tail,6.25,80,384.0,Overstock Risk,Overstock Review / Reduce Replenishment
21392,RED POLKADOT PUDDING BOWL,Long-Tail,2.8333333333333335,36,381.17647058823525,Overstock Risk,Overstock Review / Reduce Replenishment
20762,GREEN FERN SKETCHBOOK,Regular,8.75,111,380.57142857142856,Overstock Risk,Overstock Review / Reduce Replenishment
84673A,PINK FLY SWAT,Long-Tail,7.666666666666667,97,379.5652173913043,Overstock Risk,Overstock Review / Reduce Replenishment
90214J,"LETTER ""J"" BLING KEY RING",Long-Tail,4.833333333333333,61,378.62068965517244,Overstock Risk,Overstock Review / Reduce Replenishment
84925F,PSYCHEDELIC WALL THERMOMETER,Long-Tail,6.583333333333333,83,378.2278481012658,Overstock Risk,Overstock Review / Reduce Replenishment
22881,NUMBER TILE VINTAGE FONT 2,Regular,8.416666666666666,106,377.8217821782178,Overstock Risk,Overstock Review / Reduce Replenishment
84798A,PINK FOXGLOVE ARTIIFCIAL FLOWER,Long-Tail,2.5555555555555554,32,375.6521739130435,Overstock Risk,Overstock Review / Reduce Replenishment
90082B,DIAMANTE BOW BROOCH RED COLOUR,Long-Tail,2.0,25,375.0,Overstock Risk,Overstock Review / Reduce Replenishment
47341B,BLUE TABLE RUN FLOWER,Long-Tail,5.625,70,373.3333333333333,Overstock Risk,Overstock Review / Reduce Replenishment
47344B,BLUE FLOWER DES PURSE,Long-Tail,4.888888888888889,60,368.18181818181813,Overstock Risk,Overstock Review / Reduce Replenishment
21369,MIRRORED WALL ART SPLODGES,Regular,7.416666666666667,91,368.08988764044943,Overstock Risk,Overstock Review / Reduce Replenishment
75172,PAINTED SEA SHELL METAL WINDCHIME,Long-Tail,9.3,114,367.741935483871,Overstock Risk,Overstock Review / Reduce Replenishment
20756,GREEN FERN POCKET BOOK,Long-Tail,5.7272727272727275,70,366.66666666666663,Overstock Risk,Overstock Review / Reduce Replenishment
21324,HANGING MEDINA LANTERN SMALL,Long-Tail,6.75,82,364.44444444444446,Overstock Risk,Overstock Review / Reduce Replenishment
84661B,BLACK SQUARE TABLE CLOCK,Regular,8.25,100,363.6363636363636,Overstock Risk,Overstock Review / Reduce Replenishment
84192,ASSORTED COLOUR METAL CAT,Regular,8.833333333333334,107,363.3962264150943,Overstock Risk,Overstock Review / Reduce Replenishment
35972,DAISY FOLKART HEART DECORATION,Long-Tail,8.727272727272727,105,360.9375,Overstock Risk,Overstock Review / Reduce Replenishment
22876,NUMBER TILE COTTAGE GARDEN 8,Long-Tail,5.083333333333333,61,360.00000000000006,Overstock Risk,Overstock Review / Reduce Replenishment
84804A,CREAM DELPHINIUM ARTIFICIAL FLOWER,Long-Tail,4.833333333333333,58,360.00000000000006,Overstock Risk,Overstock Review / Reduce Replenishment
35271S,GOLD PRINT PAPER BAG,Long-Tail,1.5833333333333333,19,360.0,Overstock Risk,Overstock Review / Reduce Replenishment
84522,PINK PARTY SUNGLASSES,Long-Tail,1.6666666666666667,20,360.0,Overstock Risk,Overstock Review / Reduce Replenishment
21372,MIRRORED WALL ART TABLE LAMP,Long-Tail,6.25,75,360.0,Overstock Risk,Overstock Review / Reduce Replenishment
22166,WALL MIRROR RECTANGLE DIAMANTE PINK,Regular,8.916666666666666,106,356.6355140186916,Overstock Risk,Overstock Review / Reduce Replenishment
72811,SMALL ZINC/GLASS CANDLEHOLDER,Long-Tail,6.375,75,352.94117647058823,Overstock Risk,Overstock Review / Reduce Replenishment
22391,PAPERWEIGHT HOME SWEET HOME,Regular,9.916666666666666,116,350.92436974789916,Overstock Risk,Overstock Review / Reduce Replenishment
21336,GOLD WASHBAG,Long-Tail,2.25,26,346.6666666666667,Overstock Risk,Overstock Review / Reduce Replenishment
90200B,BLACK SWEETHEART BRACELET,Long-Tail,6.75,78,346.6666666666667,Overstock Risk,Overstock Review / Reduce Replenishment
84847,FLORAL BATHROOM SET,Long-Tail,1.818181818181818,21,346.50000000000006,Overstock Risk,Overstock Review / Reduce Replenishment
21632,VINTAGE PINK DECORATIVE PARASOL,Long-Tail,7.333333333333333,84,343.6363636363636,Overstock Risk,Overstock Review / Reduce Replenishment
85130A,BEADED PEARL HEART WHITE LARGE,Long-Tail,6.416666666666667,73,341.29870129870125,Overstock Risk,Overstock Review / Reduce Replenishment
85020,ROUND PINK HEART MIRROR,Long-Tail,6.083333333333333,69,340.2739726027397,Overstock Risk,Overstock Review / Reduce Replenishment
21001,ROSE DU SUD WASHBAG,Long-Tail,6.0,68,340.0,Overstock Risk,Overstock Review / Reduce Replenishment
85205B,PINK FELT EASTER RABBIT GARLAND,Regular,10.166666666666666,115,339.344262295082,Overstock Risk,Overstock Review / Reduce Replenishment
22512,DOORSTOP RACING CAR DESIGN,Regular,8.0,90,337.5,Overstock Risk,Overstock Review / Reduce Replenishment
71495A,CD WALL TIDY BLUE OFFICE,Regular,8.583333333333334,96,335.53398058252424,Overstock Risk,Overstock Review / Reduce Replenishment
17090A,LAVENDER INCENSE 40 CONES IN TIN,Regular,9.083333333333334,101,333.5779816513761,Overstock Risk,Overstock Review / Reduce Replenishment
22802,FAUX FUR CHOCOLATE THROW,Long-Tail,5.583333333333333,62,333.134328358209,Overstock Risk,Overstock Review / Reduce Replenishment
23069,EDWARDIAN PHOTO FRAME,Long-Tail,10.75,119,332.09302325581393,Overstock Risk,Overstock Review / Reduce Replenishment
84687,BEACH HUT SHELF W 3 DRAWERS,Long-Tail,7.9,87,330.379746835443,Overstock Risk,Overstock Review / Reduce Replenishment
23616,SET 10 CARDS JINGLE BELLS 17217,Long-Tail,5.0,55,330.0,Overstock Risk,Overstock Review / Reduce Replenishment
84971L,LARGE HEART FLOWERS HOOK,Long-Tail,2.0,22,330.0,Overstock Risk,Overstock Review / Reduce Replenishment
84876D,BLUE HEART COMPACT MIRROR,Regular,10.666666666666666,117,329.06250000000006,Overstock Risk,Overstock Review / Reduce Replenishment
20617,FIRST CLASS PASSPORT COVER,Long-Tail,7.666666666666667,84,328.695652173913,Overstock Risk,Overstock Review / Reduce Replenishment
20664,TROPICAL HOLIDAY PURSE,Long-Tail,2.6666666666666665,29,326.25000000000006,Overstock Risk,Overstock Review / Reduce Replenishment
21003,ROSE DU SUD CUSHION COVER,Long-Tail,6.363636363636363,69,325.28571428571433,Overstock Risk,Overstock Review / Reduce Replenishment
21011,GLITTER SNOW PEAR TREE DECORATION,Long-Tail,1.6666666666666667,18,324.0,Overstock Risk,Overstock Review / Reduce Replenishment
20671,BLUE TEATIME PRINT BOWL,Long-Tail,0.8333333333333334,9,324.0,Overstock Risk,Overstock Review / Reduce Replenishment
22786,CUSHION COVER PINK UNION JACK,Regular,8.916666666666666,96,322.9906542056075,Overstock Risk,Overstock Review / Reduce Replenishment
84600,NEW BAROQUE JEWELLERY BOX,Long-Tail,3.9166666666666665,42,321.70212765957444,Overstock Risk,Overstock Review / Reduce Replenishment
90199C,5 STRAND GLASS NECKLACE CRYSTAL,Long-Tail,1.5,16,320.0,Overstock Risk,Overstock Review / Reduce Replenishment
84637,KITCHEN FLOWER POTS WALL PLAQUE,Regular,9.666666666666666,103,319.65517241379314,Overstock Risk,Overstock Review / Reduce Replenishment
62096A,PINK/YELLOW FLOWERS HANDBAG,Regular,8.833333333333334,94,319.2452830188679,Overstock Risk,Overstock Review / Reduce Replenishment
90130B,TURQ STONE/CRYSTAL EARRINGS,Long-Tail,2.9166666666666665,31,318.85714285714283,Overstock Risk,Overstock Review / Reduce Replenishment
85179C,PINK BITTY LIGHT CHAIN,Regular,7.083333333333333,75,317.6470588235294,Overstock Risk,Overstock Review / Reduce Replenishment
23645,SET 10 CHRISTMAS CARDS HOHOHO 16956,Long-Tail,3.5,37,317.1428571428571,Overstock Risk,Overstock Review / Reduce Replenishment
85163B,BLACK BAROQUE WALL CLOCK,Long-Tail,6.916666666666667,73,316.6265060240964,Overstock Risk,Overstock Review / Reduce Replenishment
90170,DAISY HAIR BAND,Long-Tail,5.5,58,316.3636363636364,Overstock Risk,Overstock Review / Reduce Replenishment
20941,FROG CANDLE,Long-Tail,5.333333333333333,56,315.00000000000006,Overstock Risk,Overstock Review / Reduce Replenishment
84859B,BLUE DISCO HANDBAG,Long-Tail,4.285714285714286,45,315.0,Overstock Risk,Overstock Review / Reduce Replenishment
22641,SET OF 4 NAPKIN CHARMS INSTRUMENT,Regular,11.333333333333334,118,312.35294117647055,Overstock Risk,Overstock Review / Reduce Replenishment
21359,RELAX LARGE WOOD LETTERS,Regular,10.666666666666666,111,312.18750000000006,Overstock Risk,Overstock Review / Reduce Replenishment
20699,MOUSEY LONG LEGS SOFT TOY,Long-Tail,8.0,83,311.25,Overstock Risk,Overstock Review / Reduce Replenishment
16162M,THE KING GIFT BAG 25X24X12CM,Long-Tail,5.6,58,310.7142857142857,Overstock Risk,Overstock Review / Reduce Replenishment
20960,WATERMELON BATH SPONGE,Long-Tail,2.4166666666666665,25,310.3448275862069,Overstock Risk,Overstock Review / Reduce Replenishment
20980,36 PENCILS TUBE POSY,Long-Tail,6.583333333333333,68,309.873417721519,Overstock Risk,Overstock Review / Reduce Replenishment
22442,GROW YOUR OWN FLOWERS SET OF 3,Regular,8.25,85,309.09090909090907,Overstock Risk,Overstock Review / Reduce Replenishment
84744,S/6 SEW ON CROCHET FLOWERS,Regular,9.166666666666666,94,307.6363636363637,Overstock Risk,Overstock Review / Reduce Replenishment
21427,SKULLS STORAGE BOX SMALL,Long-Tail,7.416666666666667,76,307.4157303370786,Overstock Risk,Overstock Review / Reduce Replenishment
22875,NUMBER TILE COTTAGE GARDEN 7,Long-Tail,5.083333333333333,52,306.8852459016394,Overstock Risk,Overstock Review / Reduce Replenishment
17011F,ORIGAMI SANDLEWOOD INCENSE+FLOWER,Long-Tail,6.75,69,306.6666666666667,Overstock Risk,Overstock Review / Reduce Replenishment
20761,BLUE PAISLEY SKETCHBOOK,Regular,9.75,99,304.6153846153846,Overstock Risk,Overstock Review / Reduce Replenishment
22883,NUMBER TILE VINTAGE FONT 4,Long-Tail,8.083333333333334,82,304.32989690721644,Overstock Risk,Overstock Review / Reduce Replenishment
22887,NUMBER TILE VINTAGE FONT 8,Long-Tail,6.416666666666667,65,303.89610389610385,Overstock Risk,Overstock Review / Reduce Replenishment
90108,BLUE BLOSSOM HAIR CLIP,Long-Tail,5.75,58,302.6086956521739,Overstock Risk,Overstock Review / Reduce Replenishment
22513,DOORSTOP FOOTBALL DESIGN,Regular,7.833333333333333,79,302.55319148936167,Overstock Risk,Overstock Review / Reduce Replenishment
84247L,FAWN AND MUSHROOM GREETING CARD,Regular,10.666666666666666,107,300.93750000000006,Overstock Risk,Overstock Review / Reduce Replenishment
90125B,AQUA BERTIE GLASS BEAD BAG CHARM,Long-Tail,2.0,20,300.0,Overstock Risk,Overstock Review / Reduce Replenishment
46000R,POLYESTER FILLER PAD 45X30CM,Regular,8.416666666666666,84,299.4059405940594,Overstock Risk,Overstock Review / Reduce Replenishment
22870,NUMBER TILE COTTAGE GARDEN 2,Long-Tail,7.75,77,298.06451612903226,Overstock Risk,Overstock Review / Reduce Replenishment
20748,KENSINGTON COFFEE SET,Long-Tail,4.75,47,296.8421052631579,Overstock Risk,Overstock Review / Reduce Replenishment
35911B,PINK/FLOWER RABBIT EGG WARMER,Regular,10.818181818181818,107,296.7226890756303,Overstock Risk,Overstock Review / Reduce Replenishment
85146,JARDIN ETCHED GLASS SMALL BELL JAR,Long-Tail,3.75,37,296.0,Overstock Risk,Overstock Review / Reduce Replenishment
90103,PURPLE FRANGIPANI NECKLACE,Long-Tail,2.3333333333333335,23,295.7142857142857,Overstock Risk,Overstock Review / Reduce Replenishment
23603,SET 10 CARD KRAFT REINDEER 17084,Long-Tail,6.5,64,295.38461538461536,Overstock Risk,Overstock Review / Reduce Replenishment
35607B,BLACK FEATHER CHRISTMAS DECORATION,Long-Tail,10.666666666666666,105,295.31250000000006,Overstock Risk,Overstock Review / Reduce Replenishment
21286,RETROSPOT CANDLE  LARGE,Regular,9.583333333333334,94,294.2608695652174,Overstock Risk,Overstock Review / Reduce Replenishment
16207A,PINK STRAWBERRY HANDBAG,Long-Tail,5.0,49,294.0,Overstock Risk,Overstock Review / Reduce Replenishment
21418,STARFISH SOAP DISH,Long-Tail,4.5,44,293.33333333333337,Overstock Risk,Overstock Review / Reduce Replenishment
72024U,LILAC VOTIVE CANDLE,Long-Tail,9.0,88,293.33333333333337,Overstock Risk,Overstock Review / Reduce Replenishment
84231,EASTER BUNNY WITH BASKET ON BACK,Regular,9.818181818181818,96,293.3333333333333,Overstock Risk,Overstock Review / Reduce Replenishment
85017A,ENVELOPE 50 ROMANTIC IMAGES,Long-Tail,1.3333333333333333,13,292.50000000000006,Overstock Risk,Overstock Review / Reduce Replenishment
22869,NUMBER TILE COTTAGE GARDEN 1,Long-Tail,8.0,78,292.5,Overstock Risk,Overstock Review / Reduce Replenishment
84905,PINK BUTTERFLY CUSHION COVER,Long-Tail,3.1818181818181817,31,292.28571428571433,Overstock Risk,Overstock Review / Reduce Replenishment
22877,NUMBER TILE COTTAGE GARDEN 9,Long-Tail,5.25,51,291.42857142857144,Overstock Risk,Overstock Review / Reduce Replenishment
85124C,GREEN JUICY FRUIT PHOTO FRAME,Long-Tail,7.833333333333333,76,291.063829787234,Overstock Risk,Overstock Review / Reduce Replenishment
16202B,PASTEL BLUE PHOTO ALBUM,Long-Tail,3.625,35,289.6551724137931,Overstock Risk,Overstock Review / Reduce Replenishment
90129B,TURQUOISE GLASS TASSLE BAG CHARM,Long-Tail,4.666666666666667,45,289.2857142857143,Overstock Risk,Overstock Review / Reduce Replenishment
21131,GOLD STANDING GNOME,Regular,6.333333333333333,61,288.94736842105266,Overstock Risk,Overstock Review / Reduce Replenishment
22886,NUMBER TILE VINTAGE FONT 7,Long-Tail,7.166666666666667,69,288.83720930232556,Overstock Risk,Overstock Review / Reduce Replenishment
37479B,CUBIC MUG FLOCK BLUE ON BROWN,Regular,10.916666666666666,105,288.5496183206107,Overstock Risk,Overstock Review / Reduce Replenishment
90142D,MOP PENDANT SHELL NECKLACE,Long-Tail,0.8333333333333334,8,288.0,Overstock Risk,Overstock Review / Reduce Replenishment
20684,STRAWBERRY DREAM CHILDS UMBRELLA,Long-Tail,6.666666666666667,64,288.0,Overstock Risk,Overstock Review / Reduce Replenishment
22825,DECORATIVE PLANT POT WITH FRIEZE,Long-Tail,5.916666666666667,56,283.943661971831,Overstock Risk,Overstock Review / Reduce Replenishment
35599B,BLACK CHRISTMAS TREE 120CM,Regular,12.083333333333334,114,283.0344827586207,Overstock Risk,Overstock Review / Reduce Replenishment
21377,SMALL CAMPHOR WOOD FIELD  MUSHROOM,Regular,8.0,75,281.25,Overstock Risk,Overstock Review / Reduce Replenishment
22124,SET OF 2 TEA TOWELS PING MICROWAVE,Regular,7.583333333333333,71,280.8791208791209,Overstock Risk,Overstock Review / Reduce Replenishment
84927E,FLOWERS TILE HOOK,Long-Tail,4.916666666666667,46,280.6779661016949,Overstock Risk,Overstock Review / Reduce Replenishment
90176E,DIAMANTE NECKLACE GREEN,Long-Tail,0.75,7,280.0,Overstock Risk,Overstock Review / Reduce Replenishment
48189,DOORMAT FRIENDSHIP,Long-Tail,2.25,21,280.0,Overstock Risk,Overstock Review / Reduce Replenishment
16020C,CLEAR STATIONERY BOX SET,Long-Tail,9.333333333333334,87,279.6428571428571,Overstock Risk,Overstock Review / Reduce Replenishment
22221,CAKE STAND LOVEBIRD 2 TIER PINK,Regular,7.833333333333333,73,279.5744680851064,Overstock Risk,Overstock Review / Reduce Replenishment
90087,CRYSTAL SEA HORSE PHONE CHARM,Regular,2.9166666666666665,27,277.7142857142857,Overstock Risk,Overstock Review / Reduce Replenishment
90082A,DIAMANTE BOW BROOCH GREEN COLOUR,Long-Tail,2.1666666666666665,20,276.92307692307696,Overstock Risk,Overstock Review / Reduce Replenishment
37501,TEA TIME TEA SET IN GIFT BOX,Regular,11.083333333333334,102,276.09022556390977,Overstock Risk,Overstock Review / Reduce Replenishment
23151,ZINC SWEETHEART SOAP DISH,Long-Tail,5.0,46,276.0,Overstock Risk,Overstock Review / Reduce Replenishment
22108,PING! MICROWAVE PLATE,Regular,9.25,85,275.6756756756757,Overstock Risk,Overstock Review / Reduce Replenishment
21707,FOLDING UMBRELLA BLACKBLUE POLKADOT,Regular,12.666666666666666,116,274.7368421052632,Overstock Risk,Overstock Review / Reduce Replenishment
23038,T-LIGHT HOLDER SILVER SAUCER,Long-Tail,8.2,75,274.39024390243907,Overstock Risk,Overstock Review / Reduce Replenishment
21263,GREEN GOOSE FEATHER TREE 60CM,Regular,12.833333333333334,117,273.5064935064935,Overstock Risk,Overstock Review / Reduce Replenishment
84931A,PINK SCOTTIE DOG W FLOWER PATTERN,Regular,11.083333333333334,101,273.38345864661653,Overstock Risk,Overstock Review / Reduce Replenishment
84563B,BLUE & WHITE BREAKFAST TRAY,Long-Tail,7.833333333333333,71,271.9148936170213,Overstock Risk,Overstock Review / Reduce Replenishment
85017C,ENVELOPE 50 CURIOUS IMAGES,Long-Tail,4.083333333333333,37,271.8367346938776,Overstock Risk,Overstock Review / Reduce Replenishment
90065B,BLACK VINT ART DEC CRYSTAL BRACELET,Long-Tail,1.0,9,270.0,Overstock Risk,Overstock Review / Reduce Replenishment
20933,YELLOW POT PLANT CANDLE,Long-Tail,2.0,18,270.0,Overstock Risk,Overstock Review / Reduce Replenishment
84616,SILVER ROCCOCO CHANDELIER,Long-Tail,1.0,9,270.0,Overstock Risk,Overstock Review / Reduce Replenishment
90131,PINK/AMETHYST/GOLD NECKLACE,Long-Tail,0.5555555555555556,5,269.99999999999994,Overstock Risk,Overstock Review / Reduce Replenishment
72800D,4 BLUE DINNER CANDLES SILVER FLOCK,Long-Tail,7.25,65,268.9655172413793,Overstock Risk,Overstock Review / Reduce Replenishment
23468,TUSCAN VILLA BIRD TABLE,Long-Tail,9.5,85,268.42105263157896,Overstock Risk,Overstock Review / Reduce Replenishment
85216,ASSORTED CAKES FRIDGE MAGNETS,Long-Tail,4.583333333333333,41,268.3636363636364,Overstock Risk,Overstock Review / Reduce Replenishment
85136C,RED SHARK HELICOPTER,Long-Tail,3.9166666666666665,35,268.0851063829787,Overstock Risk,Overstock Review / Reduce Replenishment
22526,WHEELBARROW FOR CHILDREN,Regular,9.75,87,267.6923076923077,Overstock Risk,Overstock Review / Reduce Replenishment
22879,NUMBER TILE VINTAGE FONT 0,Long-Tail,5.833333333333333,52,267.42857142857144,Overstock Risk,Overstock Review / Reduce Replenishment
84569B,PACK 3 FIRE ENGINE/CAR PATCHES,Long-Tail,7.083333333333333,63,266.8235294117647,Overstock Risk,Overstock Review / Reduce Replenishment
21459,YELLOW EASTER EGG HUNT START POST,Long-Tail,6.909090909090909,61,264.86842105263156,Overstock Risk,Overstock Review / Reduce Replenishment
84661C,PINK SQUARE TABLE CLOCK,Long-Tail,1.818181818181818,16,264.00000000000006,Overstock Risk,Overstock Review / Reduce Replenishment
22282,12 EGG HOUSE PAINTED WOOD,Regular,12.166666666666666,107,263.83561643835617,Overstock Risk,Overstock Review / Reduce Replenishment
84678,CLASSICAL ROSE SMALL VASE,Regular,11.833333333333334,104,263.66197183098586,Overstock Risk,Overstock Review / Reduce Replenishment
23019,SMALL APOTHECARY MEASURING JAR,Long-Tail,13.166666666666666,115,262.0253164556962,Overstock Risk,Overstock Review / Reduce Replenishment
72801D,4 SKY BLUE DINNER CANDLES,Regular,11.583333333333334,101,261.58273381294964,Overstock Risk,Overstock Review / Reduce Replenishment
90125D,PURPLE BERTIE GLASS BEAD BAG CHARM,Long-Tail,7.916666666666667,69,261.4736842105263,Overstock Risk,Overstock Review / Reduce Replenishment
35597D,PINK/WHITE CHRISTMAS TREE 30CM,Long-Tail,11.5,100,260.8695652173913,Overstock Risk,Overstock Review / Reduce Replenishment
84952C,MIRROR LOVE BIRD T-LIGHT HOLDER,Regular,12.0,104,260.0,Overstock Risk,Overstock Review / Reduce Replenishment
21002,ROSE DU SUD DRAWSTRING BAG,Regular,10.416666666666666,90,259.2,Overstock Risk,Overstock Review / Reduce Replenishment
84766,SILVER ROCOCO CANDLE STICK,Regular,11.0,95,259.0909090909091,Overstock Risk,Overstock Review / Reduce Replenishment
84800S,SMALL WHITE/PINK ROSE ART FLOWER,Regular,9.727272727272728,84,259.0654205607476,Overstock Risk,Overstock Review / Reduce Replenishment
84033,FLAG OF ST GEORGE,Long-Tail,2.090909090909091,18,258.26086956521743,Overstock Risk,Overstock Review / Reduce Replenishment
37487B,YELLOW/ORANGE FLOWER DESIGN PLATE,Long-Tail,8.5,73,257.6470588235294,Overstock Risk,Overstock Review / Reduce Replenishment
20757,RED DAISY POCKET BOOK,Regular,13.166666666666666,113,257.46835443037975,Overstock Risk,Overstock Review / Reduce Replenishment
90214A,"LETTER ""A"" BLING KEY RING",Regular,8.75,75,257.1428571428571,Overstock Risk,Overstock Review / Reduce Replenishment
85067,CREAM SWEETHEART WALL CABINET,Long-Tail,0.5833333333333334,5,257.1428571428571,Overstock Risk,Overstock Review / Reduce Replenishment
47013C,WINE BOTTLE DRESSING DARK BLUE,Long-Tail,4.444444444444445,38,256.49999999999994,Overstock Risk,Overstock Review / Reduce Replenishment
90000A,RASPBERRY ANT COPPER FLOWER NECKLAC,Long-Tail,1.3,11,253.84615384615384,Overstock Risk,Overstock Review / Reduce Replenishment
37468,HARDMAN MUG 3 ASSORTED,Long-Tail,5.818181818181818,49,252.65625,Overstock Risk,Overstock Review / Reduce Replenishment
22871,NUMBER TILE COTTAGE GARDEN 3,Long-Tail,5.583333333333333,47,252.53731343283584,Overstock Risk,Overstock Review / Reduce Replenishment
20705,MRS ROBOT SOFT TOY,Regular,10.833333333333334,91,252.0,Overstock Risk,Overstock Review / Reduce Replenishment
62086A,PINK RETRO BIG FLOWER BAG,Long-Tail,8.0,67,251.25,Overstock Risk,Overstock Review / Reduce Replenishment
22862,LOVE HEART NAPKIN BOX,Regular,14.25,119,250.5263157894737,Overstock Risk,Overstock Review / Reduce Replenishment
84859A,SILVER DISCO HANDBAG,Regular,10.583333333333334,88,249.44881889763778,Overstock Risk,Overstock Review / Reduce Replenishment
20766,GARDEN PATH SKETCHBOOK,Regular,10.0,83,249.0,Overstock Risk,Overstock Review / Reduce Replenishment
90210D,PURPLE ACRYLIC FACETED BANGLE,Regular,8.916666666666666,74,248.97196261682242,Overstock Risk,Overstock Review / Reduce Replenishment
22202,MILK PAN PINK POLKADOT,Long-Tail,5.333333333333333,44,247.50000000000003,Overstock Risk,Overstock Review / Reduce Replenishment
71496A,A4 WALL TIDY BLUE OFFICE,Regular,10.583333333333334,87,246.61417322834643,Overstock Risk,Overstock Review / Reduce Replenishment
22873,NUMBER TILE COTTAGE GARDEN 5,Long-Tail,5.0,41,246.0,Overstock Risk,Overstock Review / Reduce Replenishment
21027,NINJA RABBIT PINK,Regular,13.916666666666666,114,245.748502994012,Overstock Risk,Overstock Review / Reduce Replenishment
23449,SET OF 6 EASTER RAINBOW CHICKS,Long-Tail,12.0,98,245.0,Overstock Risk,Overstock Review / Reduce Replenishment
21376,LARGE  TALL CAMPHOR WOOD TOADSTOOL,Long-Tail,2.5833333333333335,21,243.8709677419355,Overstock Risk,Overstock Review / Reduce Replenishment
84857B,BLUE MONTE CARLO HANDBAG,Long-Tail,4.8,39,243.75,Overstock Risk,Overstock Review / Reduce Replenishment
22496,SET OF 2 ROUND TINS DUTCH CHEESE,Regular,11.833333333333334,96,243.3802816901408,Overstock Risk,Overstock Review / Reduce Replenishment
35598A,DUSTY PINK CHRISTMAS TREE 60CM,Long-Tail,9.0,73,243.33333333333334,Overstock Risk,Overstock Review / Reduce Replenishment
22770,MIRROR CORNICE,Long-Tail,7.416666666666667,60,242.69662921348313,Overstock Risk,Overstock Review / Reduce Replenishment
72140E,BEST DAD CANDLE LETTERS,Long-Tail,3.1,25,241.93548387096774,Overstock Risk,Overstock Review / Reduce Replenishment
21054,NURSE'S BAG SOFT TOY,Long-Tail,5.833333333333333,47,241.71428571428572,Overstock Risk,Overstock Review / Reduce Replenishment
85095,THREE CANVAS LUGGAGE TAGS,Regular,12.333333333333334,99,240.81081081081078,Overstock Risk,Overstock Review / Reduce Replenishment
21911,GARDEN METAL SIGN,Regular,8.5,68,240.0,Overstock Risk,Overstock Review / Reduce Replenishment
90011B,BLACK CRYSTAL DROP EARRINGS,Long-Tail,1.0,8,240.0,Overstock Risk,Overstock Review / Reduce Replenishment
47343A,FUSCHIA FLOWER PURSE WITH BEADS,Regular,13.25,106,240.0,Overstock Risk,Overstock Review / Reduce Replenishment
85160B,BLACK BIRD GARDEN DESIGN MUG,Regular,9.636363636363637,77,239.71698113207546,Overstock Risk,Overstock Review / Reduce Replenishment
20731,POSY CANDY BAG,Long-Tail,7.666666666666667,61,238.695652173913,Overstock Risk,Overstock Review / Reduce Replenishment
21472,LADYBIRD + BEE RAFFIA FOOD COVER,Regular,10.25,81,237.0731707317073,Overstock Risk,Overstock Review / Reduce Replenishment
84631,FRUIT TREE AND BIRDS WALL PLAQUE,Long-Tail,3.1666666666666665,25,236.8421052631579,Overstock Risk,Overstock Review / Reduce Replenishment
23464,VINTAGE ZINC WATERING CAN SMALL,Long-Tail,6.5,51,235.3846153846154,Overstock Risk,Overstock Review / Reduce Replenishment
21270,ANTIQUE CREAM CUTLERY CUPBOARD,Long-Tail,4.083333333333333,32,235.10204081632656,Overstock Risk,Overstock Review / Reduce Replenishment
21250,SET OF SKULL WALL STICKERS,Long-Tail,7.916666666666667,62,234.94736842105263,Overstock Risk,Overstock Review / Reduce Replenishment
85084,HOLLY TOP CHRISTMAS STOCKING,Long-Tail,1.6666666666666667,13,233.99999999999997,Overstock Risk,Overstock Review / Reduce Replenishment
90093,CLEAR CRYSTAL STAR PHONE CHARM,Long-Tail,1.6666666666666667,13,233.99999999999997,Overstock Risk,Overstock Review / Reduce Replenishment
71279,PINK GLASS CANDLEHOLDER,Regular,14.583333333333334,113,232.45714285714286,Overstock Risk,Overstock Review / Reduce Replenishment
85124B,BLUE JUICY FRUIT PHOTO FRAME,Long-Tail,7.25,56,231.72413793103448,Overstock Risk,Overstock Review / Reduce Replenishment
84920,PINK FLOWER FABRIC PONY,Regular,9.333333333333334,72,231.42857142857142,Overstock Risk,Overstock Review / Reduce Replenishment
20835,FRENCH LATTICE CUSHION COVER,Long-Tail,5.583333333333333,43,231.04477611940302,Overstock Risk,Overstock Review / Reduce Replenishment
16169N,WRAP BLUE RUSSIAN FOLKART,Long-Tail,2.0833333333333335,16,230.39999999999998,Overstock Risk,Overstock Review / Reduce Replenishment
85232A,SET/3 POLKADOT STACKING TINS,Long-Tail,6.25,48,230.39999999999998,Overstock Risk,Overstock Review / Reduce Replenishment
22882,NUMBER TILE VINTAGE FONT 3,Regular,8.75,67,229.7142857142857,Overstock Risk,Overstock Review / Reduce Replenishment
84993B,75 BLACK PETIT FOUR CASES,Long-Tail,4.833333333333333,37,229.65517241379314,Overstock Risk,Overstock Review / Reduce Replenishment
20869,GOLD FABRIC MIRROR,Regular,14.5,111,229.6551724137931,Overstock Risk,Overstock Review / Reduce Replenishment
21488,RED WHITE SCARF  HOT WATER BOTTLE,Long-Tail,5.75,44,229.56521739130434,Overstock Risk,Overstock Review / Reduce Replenishment
47594B,SCOTTIES DESIGN WASHBAG,Regular,14.0,107,229.28571428571428,Overstock Risk,Overstock Review / Reduce Replenishment
21285,RETROSPOT CANDLE  MEDIUM,Regular,11.333333333333334,86,227.6470588235294,Overstock Risk,Overstock Review / Reduce Replenishment
35001W,HAND OPEN SHAPE DECO.WHITE,Long-Tail,7.666666666666667,58,226.9565217391304,Overstock Risk,Overstock Review / Reduce Replenishment
22443,GROW YOUR OWN HERBS SET OF 3,Regular,13.5,102,226.66666666666666,Overstock Risk,Overstock Review / Reduce Replenishment
22761,CHEST 7 DRAWER MA CAMPAGNE,Long-Tail,2.9166666666666665,22,226.28571428571428,Overstock Risk,Overstock Review / Reduce Replenishment
82011C,BATHROOM SCALES FOOTPRINTS IN SAND,Long-Tail,4.25,32,225.88235294117646,Overstock Risk,Overstock Review / Reduce Replenishment
21368,MIRRORED WALL ART LADIES,Regular,13.727272727272728,103,225.09933774834434,Overstock Risk,Overstock Review / Reduce Replenishment
20781,GOLD EAR MUFF HEADPHONES,Long-Tail,2.6666666666666665,20,225.00000000000003,Overstock Risk,Overstock Review / Reduce Replenishment
23639,SET 10 CARDS MAGICAL TREE 17086,Long-Tail,1.3333333333333333,10,225.00000000000003,Overstock Risk,Overstock Review / Reduce Replenishment
20935,ROUND CACTUS CANDLE,Long-Tail,2.0,15,225.0,Overstock Risk,Overstock Review / Reduce Replenishment
22785,SQUARECUSHION COVER PINK UNION JACK,Regular,10.166666666666666,76,224.26229508196724,Overstock Risk,Overstock Review / Reduce Replenishment
90183A,AMBER DROP EARRINGS W LONG BEADS,Long-Tail,2.4166666666666665,18,223.44827586206898,Overstock Risk,Overstock Review / Reduce Replenishment
90214L,"LETTER ""L"" BLING KEY RING",Long-Tail,4.833333333333333,36,223.44827586206898,Overstock Risk,Overstock Review / Reduce Replenishment
35001G,HAND OPEN SHAPE GOLD,Regular,14.25,106,223.1578947368421,Overstock Risk,Overstock Review / Reduce Replenishment
84531B,BLUE KNITTED EGG COSY,Regular,12.916666666666666,96,222.9677419354839,Overstock Risk,Overstock Review / Reduce Replenishment
84796A,PINK HAWAIIAN PICNIC HAMPER FOR 2,Long-Tail,6.333333333333333,47,222.6315789473684,Overstock Risk,Overstock Review / Reduce Replenishment
22320,BIRDS MOBILE VINTAGE DESIGN,Regular,14.916666666666666,110,221.22905027932964,Overstock Risk,Overstock Review / Reduce Replenishment
22872,NUMBER TILE COTTAGE GARDEN 4,Long-Tail,5.833333333333333,43,221.14285714285714,Overstock Risk,Overstock Review / Reduce Replenishment
23043,PAPER LANTERN 9 POINT HOLLY STAR L,Long-Tail,11.0,81,220.90909090909093,Overstock Risk,Overstock Review / Reduce Replenishment
79336,LIGHT PINK FLOCK GLASS CANDLEHOLDER,Long-Tail,7.2,53,220.83333333333331,Overstock Risk,Overstock Review / Reduce Replenishment
84789,ENCHANTED BIRD PLANT CAGE,Regular,15.5,114,220.64516129032256,Overstock Risk,Overstock Review / Reduce Replenishment
79192A,RETRO PLASTIC 70'S TRAY,Long-Tail,0.2727272727272727,2,220.0,Overstock Risk,Overstock Review / Reduce Replenishment
16151A,FLOWERS HANDBAG BLUE AND ORANGE,Long-Tail,7.0,51,218.57142857142856,Overstock Risk,Overstock Review / Reduce Replenishment
22389,PAPERWEIGHT SAVE THE PLANET,Regular,15.833333333333334,114,216.0,Overstock Risk,Overstock Review / Reduce Replenishment
23142,IVORY WIRE KITCHEN ORGANISER,Regular,15.0,108,216.0,Overstock Risk,Overstock Review / Reduce Replenishment
37343,POLKADOT MUG PINK,Long-Tail,6.0,43,215.0,Overstock Risk,Overstock Review / Reduce Replenishment
20763,DAISY SKETCHBOOK,Long-Tail,6.0,43,215.0,Overstock Risk,Overstock Review / Reduce Replenishment
85118,HEART T-LIGHT HOLDER,Regular,12.166666666666666,87,214.52054794520546,Overstock Risk,Overstock Review / Reduce Replenishment
22763,KEY CABINET MA CAMPAGNE,Regular,15.666666666666666,112,214.46808510638297,Overstock Risk,Overstock Review / Reduce Replenishment
84849A,HELLO SAILOR BLUE SOAP HOLDER,Regular,15.0,107,214.0,Overstock Risk,Overstock Review / Reduce Replenishment
22618,COOKING SET RETROSPOT,Long-Tail,5.75,41,213.91304347826085,Overstock Risk,Overstock Review / Reduce Replenishment
22214,CANDLE PLATE LACE WHITE,Regular,13.916666666666666,99,213.41317365269464,Overstock Risk,Overstock Review / Reduce Replenishment
20655,QUEEN OF SKIES LUGGAGE TAG,Regular,16.333333333333332,116,213.06122448979593,Overstock Risk,Overstock Review / Reduce Replenishment
21721,CANDY SHOP  STICKER SHEET,Regular,16.166666666666668,114,211.54639175257728,Overstock Risk,Overstock Review / Reduce Replenishment
21032,SPACE CADET WHITE,Long-Tail,8.083333333333334,57,211.54639175257728,Overstock Risk,Overstock Review / Reduce Replenishment
21317,GLASS SPHERE CANDLE STAND MEDIUM,Regular,8.25,58,210.90909090909088,Overstock Risk,Overstock Review / Reduce Replenishment
84875B,GREEN SQUARE COMPACT MIRROR,Regular,10.833333333333334,76,210.46153846153845,Overstock Risk,Overstock Review / Reduce Replenishment
20798,CLEAR MILKSHAKE GLASS,Long-Tail,3.0,21,210.0,Overstock Risk,Overstock Review / Reduce Replenishment
40005B,BLUE ORGANDY ROUND LAMPSHADE W BEA,Long-Tail,1.0,7,210.0,Overstock Risk,Overstock Review / Reduce Replenishment
23611,SET 10 CARDS RED RIDING HOOD 17214,Long-Tail,12.0,84,210.0,Overstock Risk,Overstock Review / Reduce Replenishment
35916B,BLUE FELT HANGING HEART WITH FLOWER,Long-Tail,7.583333333333333,53,209.67032967032966,Overstock Risk,Overstock Review / Reduce Replenishment
90205A,LARGE MINT DIAMANTE HAIRSLIDE,Long-Tail,2.5833333333333335,18,209.03225806451613,Overstock Risk,Overstock Review / Reduce Replenishment
21253,SET OF PICTURE FRAME  STICKERS,Regular,10.916666666666666,76,208.85496183206106,Overstock Risk,Overstock Review / Reduce Replenishment
22987,WRAP SUMMER ROSE DESIGN,Regular,14.571428571428571,101,207.94117647058823,Overstock Risk,Overstock Review / Reduce Replenishment
46776F,WOVEN ROSE GARDEN CUSHION COVER,Regular,16.25,112,206.76923076923077,Overstock Risk,Overstock Review / Reduce Replenishment
21415,CLAM SHELL SMALL,Regular,15.166666666666666,104,205.71428571428572,Overstock Risk,Overstock Review / Reduce Replenishment
17091A,LAVENDER INCENSE IN TIN,Regular,14.25,97,204.21052631578948,Overstock Risk,Overstock Review / Reduce Replenishment
90200E,GREEN SWEETHEART BRACELET,Regular,7.5,51,204.0,Overstock Risk,Overstock Review / Reduce Replenishment
85019C,CURIOUS  IMAGES NOTEBOOK SET,Regular,15.166666666666666,103,203.73626373626374,Overstock Risk,Overstock Review / Reduce Replenishment
23629,SET 10 CARDS DRESSING UP 17077,Long-Tail,8.0,54,202.5,Overstock Risk,Overstock Review / Reduce Replenishment
16161M,WRAP  PINK FLOCK,Long-Tail,2.0833333333333335,14,201.6,Overstock Risk,Overstock Review / Reduce Replenishment
90030C,BROWN KUKUI COCONUT SEED NECKLACE,Long-Tail,6.416666666666667,43,201.03896103896102,Overstock Risk,Overstock Review / Reduce Replenishment
17001,HEAVENS SCENT FRAGRANCE OILS ASSTD,Long-Tail,7.2,48,199.99999999999997,Overstock Risk,Overstock Review / Reduce Replenishment
72051S,BAG OF SILVER STONES,Regular,10.833333333333334,72,199.3846153846154,Overstock Risk,Overstock Review / Reduce Replenishment
20827,GOLD APERITIF GLASS,Long-Tail,11.0,73,199.0909090909091,Overstock Risk,Overstock Review / Reduce Replenishment
84549,CROCHET WHITE RABBIT KEYRING,Long-Tail,4.222222222222222,28,198.94736842105263,Overstock Risk,Overstock Review / Reduce Replenishment
23016,GLASS TWIST BON BON JAR,Long-Tail,11.5,76,198.26086956521738,Overstock Risk,Overstock Review / Reduce Replenishment
85030,FRENCH CHATEAU OVAL PLATTER,Long-Tail,1.6666666666666667,11,198.0,Overstock Risk,Overstock Review / Reduce Replenishment
23044,PAPER LANTERN 9 POINT HOLLY STAR S,Regular,14.285714285714286,94,197.39999999999998,Overstock Risk,Overstock Review / Reduce Replenishment
23465,TUSCAN VILLA BIRD FEEDER,Long-Tail,14.0,92,197.14285714285714,Overstock Risk,Overstock Review / Reduce Replenishment
22168,ORGANISER WOOD ANTIQUE WHITE,Regular,11.583333333333334,76,196.83453237410072,Overstock Risk,Overstock Review / Reduce Replenishment
22806,SET OF 6 T-LIGHTS WEDDING CAKE,Regular,16.166666666666668,106,196.70103092783503,Overstock Risk,Overstock Review / Reduce Replenishment
44236,PINK/PURPLE CIRCLE CURTAIN,Long-Tail,5.2,34,196.15384615384616,Overstock Risk,Overstock Review / Reduce Replenishment
23015,CORDIAL GLASS JUG,Long-Tail,5.666666666666667,37,195.88235294117644,Overstock Risk,Overstock Review / Reduce Replenishment
85131C,BEADED CRYSTAL HEART BLUE ON STICK,Regular,16.083333333333332,105,195.85492227979276,Overstock Risk,Overstock Review / Reduce Replenishment
22408,MONEY BOX CONFECTIONERY DESIGN,Regular,9.083333333333334,59,194.8623853211009,Overstock Risk,Overstock Review / Reduce Replenishment
21320,GLASS CHALICE GREEN  LARGE,Regular,17.90909090909091,116,194.3147208121827,Overstock Risk,Overstock Review / Reduce Replenishment
35914,PINK CHICK EGG WARMER + EGG CUP,Regular,16.25,105,193.84615384615387,Overstock Risk,Overstock Review / Reduce Replenishment
23150,IVORY SWEETHEART SOAP DISH,Regular,16.625,107,193.08270676691728,Overstock Risk,Overstock Review / Reduce Replenishment
84402B,PURPLE DRESS JEWELLERY STAND,Long-Tail,12.2,78,191.8032786885246,Overstock Risk,Overstock Review / Reduce Replenishment
21265,PINK GOOSE FEATHER TREE 60CM,Regular,9.416666666666666,60,191.1504424778761,Overstock Risk,Overstock Review / Reduce Replenishment
21696,SMALL SILVER TRELLIS CANDLEPOT,Regular,17.666666666666668,112,190.18867924528303,Overstock Risk,Overstock Review / Reduce Replenishment
37444A,YELLOW BREAKFAST CUP AND SAUCER,Long-Tail,4.416666666666667,28,190.18867924528303,Overstock Risk,Overstock Review / Reduce Replenishment
22164,STRING OF STARS CARD HOLDER,Long-Tail,6.5,41,189.23076923076923,Overstock Risk,Overstock Review / Reduce Replenishment
35922,EASTER BUNNY WREATH,Long-Tail,2.5454545454545454,16,188.57142857142856,Overstock Risk,Overstock Review / Reduce Replenishment
22889,NUMBER TILE VINTAGE FONT NO,Regular,14.0,88,188.57142857142856,Overstock Risk,Overstock Review / Reduce Replenishment
21378,SMALL TALL CAMPHOR WOOD TOADSTOOL,Regular,8.916666666666666,56,188.41121495327104,Overstock Risk,Overstock Review / Reduce Replenishment
20700,GREEN CAT FLORAL CUSHION COVER,Long-Tail,6.083333333333333,38,187.3972602739726,Overstock Risk,Overstock Review / Reduce Replenishment
22511,RETROSPOT BABUSHKA DOORSTOP,Regular,18.416666666666668,115,187.33031674208144,Overstock Risk,Overstock Review / Reduce Replenishment
22167,OVAL WALL MIRROR DIAMANTE,Regular,18.916666666666668,118,187.13656387665196,Overstock Risk,Overstock Review / Reduce Replenishment
21849,SILVER DIAMANTE PEN IN GIFT BOX,Regular,14.166666666666666,88,186.35294117647058,Overstock Risk,Overstock Review / Reduce Replenishment
22503,CABIN BAG VINTAGE PAISLEY,Long-Tail,7.25,45,186.20689655172413,Overstock Risk,Overstock Review / Reduce Replenishment
21741,COSY SLIPPER SHOES LARGE GREEN,Regular,12.25,76,186.12244897959184,Overstock Risk,Overstock Review / Reduce Replenishment
21628,TRIANGULAR POUFFE VINTAGE,Long-Tail,5.0,31,186.0,Overstock Risk,Overstock Review / Reduce Replenishment
21637,ASSORTED SANSKRIT MINI NOTEBOOK,Regular,12.11111111111111,75,185.7798165137615,Overstock Risk,Overstock Review / Reduce Replenishment
15030,FAN BLACK FRAME,Regular,15.666666666666666,97,185.7446808510638,Overstock Risk,Overstock Review / Reduce Replenishment
20998,ROSE DU SUD OVEN GLOVE,Regular,15.416666666666666,95,184.86486486486487,Overstock Risk,Overstock Review / Reduce Replenishment
23579,SNACK TRAY I LOVE LONDON,Regular,15.5,95,183.87096774193546,Overstock Risk,Overstock Review / Reduce Replenishment
84609,TALL ROCOCO CANDLE HOLDER,Long-Tail,7.416666666666667,45,182.02247191011236,Overstock Risk,Overstock Review / Reduce Replenishment
22450,SILK PURSE BABUSHKA BLUE,Regular,16.166666666666668,98,181.85567010309276,Overstock Risk,Overstock Review / Reduce Replenishment
21528,DAIRY MAID TRADITIONAL TEAPOT,Regular,17.666666666666668,107,181.69811320754715,Overstock Risk,Overstock Review / Reduce Replenishment
22474,SPACEBOY TV DINNER TRAY,Regular,19.666666666666668,119,181.52542372881356,Overstock Risk,Overstock Review / Reduce Replenishment
21095,SET/6 POSIES PAPER PLATES,Regular,10.416666666666666,63,181.44,Overstock Risk,Overstock Review / Reduce Replenishment
84923,PINK BUTTERFLY HANDBAG W BOBBLES,Regular,12.583333333333334,76,181.19205298013244,Overstock Risk,Overstock Review / Reduce Replenishment
21408,SPOTTY PINK DUCK DOORSTOP,Regular,14.916666666666666,90,181.0055865921788,Overstock Risk,Overstock Review / Reduce Replenishment
47591B,SCOTTIES CHILDRENS APRON,Regular,17.416666666666668,105,180.86124401913875,Overstock Risk,Overstock Review / Reduce Replenishment
21284,RETROSPOT CANDLE  SMALL,Regular,19.25,116,180.77922077922076,Overstock Risk,Overstock Review / Reduce Replenishment
84805B,BLUE CLIMBING HYDRANGA ART FLOWER,Long-Tail,0.6666666666666666,4,180.00000000000003,Overstock Risk,Overstock Review / Reduce Replenishment
