stock_code,description,total_units,total_revenue,total_orders,avg_unit_price,active_months,months_in_window,zero_months_in_window,zero_month_share,avg_monthly_units,avg_monthly_units_active,std_monthly_units,demand_cv,short_history,no_full_month_sales,sku_class,recommended_action
10002,INFLATABLE POLITICAL GLOBE,860,759.89,71,1.045842857142857,5,12,7,0.5833333333333334,71.66666666666667,172.0,119.15485213737117,1.662625843777272,False,False,Regular,Maintain standard replenishment review
10080,GROOVY CACTUS INFLATABLE,303,119.08999999999999,22,0.4557142857142857,7,10,3,0.3,30.3,43.285714285714285,34.18267917462813,1.1281412268854167,False,False,Regular,Maintain standard replenishment review
10120,DOGGY RUBBER,192,40.32,29,0.21000000000000002,10,12,3,0.25,15.5,19.2,16.284404139599896,1.0506067186838643,False,False,Regular,Maintain standard replenishment review
10123C,HEARTS WRAPPING TAPE,5,3.25,3,0.65,2,12,10,0.8333333333333334,0.4166666666666667,2.5,1.164500152881315,2.794800366915156,False,False,Long-Tail,Limit stock and avoid excessive local warehouse space
10124A,SPOTS ON RED BOOKCOVER TAPE,16,6.72,5,0.42,4,12,8,0.6666666666666666,1.3333333333333333,4.0,2.015094553763188,1.5113209153223912,False,False,Long-Tail,Limit stock and avoid excessive local warehouse space
10124G,ARMY CAMO BOOKCOVER TAPE,17,7.14,4,0.42,4,12,8,0.6666666666666666,1.4166666666666667,4.25,2.108783937953269,1.4885533679670133,False,False,Long-Tail,Limit stock and avoid excessive local warehouse space
10125,MINI FUNKY DESIGN TAPES,1295,993.99,91,0.8981607142857143,12,12,1,0.08333333333333333,105.75,107.91666666666667,70.72883557516116,0.6688305964554246,False,False,Regular,Maintain standard replenishment review
10133,COLOURING PENCILS BROWN TUBE,2846,1535.4,195,0.7664885834776078,10,12,2,0.16666666666666666,237.16666666666666,284.6,293.48713254535875,1.2374720978722085,False,False,High-Turnover Volatile,Monitor closely and replenish in smaller batches
10135,COLOURING PENCILS BROWN TUBE,2229,2204.89,175,1.4499298790539485,13,12,0,0.0,180.0,171.46153846153845,176.95505335844726,0.9830836297691514,False,False,High-Turnover Stable,Keep stable local warehouse inventory
11001,ASSTD DESIGN RACING CAR PEN,1615,2389.44,113,2.0495271395271395,13,12,0,0.0,132.75,124.23076923076923,132.50737543795267,0.9981723196832594,False,False,Regular,Maintain standard replenishment review
15030,FAN BLACK FRAME,143,41.47,12,0.29,8,9,2,0.2222222222222222,15.666666666666666,17.875,28.359301824974466,1.810168201594115,False,False,Regular,Maintain standard replenishment review
15034,PAPER POCKET TRAVELING FAN,5247,735.8600000000001,136,0.4213808413808413,13,12,0,0.0,437.0833333333333,403.61538461538464,446.5739190229487,1.0217134467636577,False,False,High-Turnover Volatile,Monitor closely and replenish in smaller batches
15036,ASSORTED COLOURS SILK FAN,23802,18549.92,517,1.0978244100046124,13,12,0,0.0,1977.75,1830.923076923077,1413.9292849104133,0.7149181063887818,False,False,High-Revenue Priority,Prioritize inventory monitoring and avoid stockouts
15039,SANDALWOOD FAN,2070,1961.6399999999999,144,1.2595557524426302,13,12,0,0.0,168.58333333333334,159.23076923076923,184.8077420325012,1.0962396956945202,False,False,High-Turnover Volatile,Monitor closely and replenish in smaller batches
15044A,PINK PAPER PARASOL,458,1439.02,102,3.606165445665446,13,12,0,0.0,37.916666666666664,35.23076923076923,27.07383283250497,0.7140351516265048,False,False,Regular,Maintain standard replenishment review
15044B,BLUE PAPER PARASOL,321,946.83,60,3.4701798375916026,9,12,3,0.25,26.75,35.666666666666664,33.72650697488954,1.2608039990612911,False,False,Regular,Maintain standard replenishment review
15044C,PURPLE PAPER PARASOL,313,1022.99,88,3.862608434300742,13,12,0,0.0,25.916666666666668,24.076923076923077,22.16245118267026,0.855142810906891,False,False,Regular,Maintain standard replenishment review
15044D,RED PAPER PARASOL,644,1819.76,84,3.5414340104340103,13,12,0,0.0,53.5,49.53846153846154,42.95346318982906,0.8028684708379263,False,False,Regular,Maintain standard replenishment review
15056BL,EDWARDIAN PARASOL BLACK,2804,16280.07,380,7.538477625975802,13,12,0,0.0,227.25,215.69230769230768,129.88815118470896,0.5715650217148909,False,False,High-Revenue Priority,Prioritize inventory monitoring and avoid stockouts
15056N,EDWARDIAN PARASOL NATURAL,4038,23505.920000000002,538,7.7684021894550845,13,12,0,0.0,329.5,310.61538461538464,171.92995402462333,0.5217904522750328,False,False,High-Revenue Priority,Prioritize inventory monitoring and avoid stockouts
15056P,EDWARDIAN PARASOL PINK,803,4731.7,169,7.363869434209516,13,12,0,0.0,65.25,61.76923076923077,37.0383707672315,0.5676378661644674,False,False,High-Revenue Priority,Prioritize inventory monitoring and avoid stockouts
15058A,BLUE POLKADOT GARDEN PARASOL,198,1652.59,88,9.17940992534036,10,12,2,0.16666666666666666,16.5,19.8,21.652209629000495,1.312255129030333,False,False,Regular,Maintain standard replenishment review
15058B,PINK POLKADOT GARDEN PARASOL,228,1885.27,97,11.12354025974026,11,12,1,0.08333333333333333,19.0,20.727272727272727,25.412953032227126,1.3375238438014276,False,False,Regular,Maintain standard replenishment review
15058C,ICE CREAM DESIGN GARDEN PARASOL,240,1429.82,72,9.867766299357207,11,10,0,0.0,23.9,21.818181818181817,31.504673374666883,1.3181871704881543,False,False,Regular,Maintain standard replenishment review
15060B,FAIRY CAKE DESIGN UMBRELLA,453,1828.67,133,5.114833549491444,12,12,0,0.0,37.75,37.75,27.0794286229502,0.7173358575615947,False,False,Regular,Maintain standard replenishment review
16008,SMALL FOLDING SCISSOR(POINTED EDGE),2892,360.71,70,0.17136363636363636,11,12,2,0.16666666666666666,213.0,262.90909090909093,275.32889423378725,1.2926239165905504,False,False,High-Turnover Volatile,Monitor closely and replenish in smaller batches
16010,FOLDING CAMPING SCISSOR W/KNIF & S,30,3.5999999999999996,3,0.12,3,12,9,0.75,2.5,10.0,4.757768766592554,1.9031075066370218,False,False,Long-Tail,Limit stock and avoid excessive local warehouse space
16011,ANIMAL STICKERS,1749,367.28999999999996,46,0.21,13,12,0,0.0,143.66666666666666,134.53846153846155,89.13557940099743,0.6204332672923255,False,False,Regular,Maintain standard replenishment review
16012,FOOD/DRINK SPONGE STICKERS,1220,256.2,35,0.21,11,12,2,0.16666666666666666,99.58333333333333,110.9090909090909,105.31464400748949,1.0575529105354593,False,False,Regular,Maintain standard replenishment review
16014,SMALL CHINESE STYLE SCISSOR,13328,4335.76,54,0.4010805860805861,13,12,0,0.0,1104.8333333333333,1025.2307692307693,1200.9858702774404,1.0870289970832165,False,False,High-Revenue Priority,Prioritize inventory monitoring and avoid stockouts
16015,MEDIUM CHINESE STYLE SCISSOR,662,289.98,24,0.48949999999999994,10,12,2,0.16666666666666666,55.166666666666664,66.2,83.04197551220525,1.5052926074719986,False,False,Regular,Maintain standard replenishment review
16016,LARGE CHINESE STYLE SCISSOR,1273,1053.45,65,0.846,13,12,0,0.0,99.41666666666667,97.92307692307692,80.22180426036228,0.8069251057203246,False,False,Regular,Maintain standard replenishment review
16020C,CLEAR STATIONERY BOX SET,84,69.89999999999999,17,0.8408333333333333,4,9,5,0.5555555555555556,9.333333333333334,21.0,20.143237078483686,2.1582039726946807,False,False,Long-Tail,Limit stock and avoid excessive local warehouse space
16033,MINI HIGHLIGHTER PENS,840,100.79999999999998,4,0.12,3,12,9,0.75,70.0,280.0,148.81348912465745,2.1259069874951066,False,False,Regular,Maintain standard replenishment review
16043,POP ART PUSH DOWN RUBBER,98,11.759999999999998,2,0.12,1,6,5,0.8333333333333334,16.333333333333332,98.0,40.00833246545858,2.4494897427831783,False,False,Long-Tail,Limit stock and avoid excessive local warehouse space
16045,POPART WOODEN PENCILS ASST,8900,380.0,68,0.05777777777777778,9,12,4,0.3333333333333333,725.0,988.8888888888889,765.2985157321411,1.0555841596305395,False,False,High-Turnover Volatile,Monitor closely and replenish in smaller batches
16046,TEATIME PEN CASE & PENS,65,55.25,14,0.85,10,12,2,0.16666666666666666,5.416666666666667,6.5,8.60716755578357,1.5890155487600437,False,False,Long-Tail,Limit stock and avoid excessive local warehouse space
16048,TEATIME ROUND PENCIL SHARPENER,1460,205.3,67,0.44699938949938944,13,12,0,0.0,121.5,112.3076923076923,92.83856957105704,0.7641034532597287,False,False,Regular,Maintain standard replenishment review
16049,TEATIME GEL PENS ASST,504,82.08000000000001,5,0.3075,2,8,6,0.75,63.0,252.0,164.12886922868174,2.6052201464870115,False,False,Regular,Maintain standard replenishment review
16052,TEATIME PUSH DOWN RUBBER,479,115.3,13,0.6643333333333333,6,12,6,0.5,39.916666666666664,79.83333333333333,112.95490518813516,2.829767979661006,False,False,Regular,Maintain standard replenishment review
16054,POPART RECT PENCIL SHARPENER ASST,1166,140.52,33,0.1575,8,12,5,0.4166666666666667,94.16666666666667,145.75,120.51241605843948,1.279777869647145,False,False,Regular,Maintain standard replenishment review
16151A,FLOWERS HANDBAG BLUE AND ORANGE,49,61.25,3,1.25,1,7,6,0.8571428571428571,7.0,49.0,18.520259177452136,2.6457513110645907,False,False,Long-Tail,Limit stock and avoid excessive local warehouse space
16156L,WRAP CAROUSEL,475,199.5,18,0.42000000000000004,10,11,2,0.18181818181818182,40.90909090909091,47.5,28.001623329566257,0.6844841258338419,False,False,Regular,Maintain standard replenishment review
16156S,WRAP PINK FAIRY CAKES,5800,2331.0,167,0.41781574546734723,13,12,0,0.0,475.0,446.15384615384613,237.88843832962772,0.5008177649044794,False,False,High-Turnover Stable,Keep stable local warehouse inventory
16161G,WRAP BAD HAIR DAY,700,70.0,22,0.1,9,9,0,0.0,77.77777777777777,77.77777777777777,57.88518328937418,0.7442380708633825,False,False,Regular,Maintain standard replenishment review
16161M,WRAP  PINK FLOCK,25,10.5,1,0.42,1,12,11,0.9166666666666666,2.0833333333333335,25.0,7.216878364870322,3.4641016151377544,False,False,Long-Tail,Limit stock and avoid excessive local warehouse space
16161P,WRAP ENGLISH ROSE,7176,2969.92,247,0.41944240944240946,13,12,0,0.0,585.5,552.0,286.8802410889825,0.4899747926370324,False,False,High-Turnover Stable,Keep stable local warehouse inventory
16161U,WRAP SUKI AND FRIENDS,4050,1677.0,133,0.41967032967032963,13,12,0,0.0,333.3333333333333,311.53846153846155,188.0924981991251,0.5642774945973753,False,False,High-Turnover Stable,Keep stable local warehouse inventory
16162L,THE KING GIFT BAG,20,13.0,8,0.65,5,11,6,0.5454545454545454,1.8181818181818181,4.0,3.1565228279922772,1.7360875553957524,False,False,Long-Tail,Limit stock and avoid excessive local warehouse space
16162M,THE KING GIFT BAG 25X24X12CM,28,11.76,8,0.42,3,5,2,0.4,5.6,9.333333333333334,6.2289646009589745,1.1123151073141027,False,False,Long-Tail,Limit stock and avoid excessive local warehouse space
16168M,FUNKY MONKEY GIFT BAG MEDIUM,371,173.12,41,0.6505833333333333,12,12,1,0.08333333333333333,28.5,30.916666666666668,21.74020155463982,0.762814089636485,False,False,Regular,Maintain standard replenishment review
16169E,WRAP 50'S  CHRISTMAS,4438,1839.96,147,0.41951814058956916,6,5,0,0.0,832.4,739.6666666666666,626.6468702546914,0.7528194020359099,False,False,High-Turnover Stable,Keep stable local warehouse inventory
16169K,WRAP FOLK ART,200,84.0,8,0.42,4,12,8,0.6666666666666666,16.666666666666668,50.0,30.772872744833187,1.846372364689991,False,False,Regular,Maintain standard replenishment review
16169M,WRAP DAISY CARPET,660,277.2,25,0.42,11,11,1,0.09090909090909091,57.72727272727273,60.0,35.802488486391304,0.6202005879532352,False,False,Regular,Maintain standard replenishment review
16169N,WRAP BLUE RUSSIAN FOLKART,25,10.5,1,0.42,1,12,11,0.9166666666666666,2.0833333333333335,25.0,7.216878364870322,3.4641016151377544,False,False,Long-Tail,Limit stock and avoid excessive local warehouse space
16169P,WRAP GREEN RUSSIAN FOLKART,50,21.0,2,0.42,1,12,11,0.9166666666666666,4.166666666666667,50.0,14.433756729740644,3.4641016151377544,False,False,Long-Tail,Limit stock and avoid excessive local warehouse space
16202A,PASTEL PINK PHOTO ALBUM,7,3.5,2,0.5,2,9,7,0.7777777777777778,0.7777777777777778,3.5,1.5634719199411433,2.0101781827814698,False,False,Long-Tail,Limit stock and avoid excessive local warehouse space
16202B,PASTEL BLUE PHOTO ALBUM,29,14.5,2,0.5,1,8,7,0.875,3.625,29.0,10.253048327204938,2.82842712474619,False,False,Long-Tail,Limit stock and avoid excessive local warehouse space
16202E,BLACK PHOTO ALBUM,15,7.5,3,0.5,1,8,7,0.875,1.875,15.0,5.303300858899107,2.8284271247461903,False,False,Long-Tail,Limit stock and avoid excessive local warehouse space
16206B,RED PURSE WITH PINK HEART,7,8.75,2,1.25,2,12,10,0.8333333333333334,0.5833333333333334,3.5,1.5050420310248864,2.5800720531855195,False,False,Long-Tail,Limit stock and avoid excessive local warehouse space
16207A,PINK STRAWBERRY HANDBAG,60,163.1,34,2.9054583333333333,8,12,4,0.3333333333333333,5.0,7.5,6.338913012640115,1.267782602528023,False,False,Long-Tail,Limit stock and avoid excessive local warehouse space
16207B,PINK HEART RED HANDBAG,29,76.14,18,3.0966666666666662,6,11,5,0.45454545454545453,2.6363636363636362,4.833333333333333,3.443043051509152,1.305981847124161,False,False,Long-Tail,Limit stock and avoid excessive local warehouse space
16216,LETTER SHAPE PENCIL SHARPENER,3333,234.0,45,0.1673939393939394,11,12,2,0.16666666666666666,268.5833333333333,303.0,483.38323932528533,1.7997514340376743,False,False,High-Turnover Volatile,Monitor closely and replenish in smaller batches
16218,CARTOON  PENCIL SHARPENERS,3821,283.31,64,0.3543208874458874,12,12,1,0.08333333333333333,309.6666666666667,318.4166666666667,366.3692457650127,1.183108436270224,False,False,High-Turnover Volatile,Monitor closely and replenish in smaller batches
16219,HOUSE SHAPE PENCIL SHARPENER,3000,404.84,99,0.6119554738562091,12,12,1,0.08333333333333333,248.16666666666666,250.0,260.684007018366,1.0504392492345171,False,False,High-Turnover Volatile,Monitor closely and replenish in smaller batches
16225,RATTLE SNAKE EGGS,813,689.35,102,1.4588703449328448,12,12,1,0.08333333333333333,59.0,67.75,84.19781901731616,1.427081678259596,False,False,Regular,Maintain standard replenishment review
16235,RECYCLED PENCIL WITH RABBIT ERASER,3068,695.4,168,0.3155829410973642,13,12,0,0.0,251.0,236.0,189.45040128079577,0.7547824752222939,False,False,High-Turnover Stable,Keep stable local warehouse inventory
16236,KITTY PENCIL ERASERS,1438,320.09,136,0.3121262062310449,13,12,0,0.0,116.0,110.61538461538461,79.56472493853954,0.6859028011943064,False,False,Regular,Maintain standard replenishment review
16237,SLEEPING CAT ERASERS,4931,1035.33,289,0.3003599862955231,13,12,0,0.0,392.3333333333333,379.3076923076923,211.99070877295685,0.5403331574501874,False,False,High-Turnover Stable,Keep stable local warehouse inventory
16238,PARTY TIME PENCIL ERASERS,1396,321.67,134,0.3069646325896326,13,12,0,0.0,111.25,107.38461538461539,55.82948878667812,0.5018381014532864,False,False,Regular,Maintain standard replenishment review
16244B,MAXWELL 2 TONE BLUE 60 PAGE PHOTO A,7,7.85,2,1.225,2,8,6,0.75,0.875,3.5,1.6420805617960927,1.8766634991955347,False,False,Long-Tail,Limit stock and avoid excessive local warehouse space
16248B,BLUE HOLE PUNCH,13,16.25,7,1.25,5,9,4,0.4444444444444444,1.4444444444444444,2.6,2.242270674512285,1.5523412362008129,False,False,Long-Tail,Limit stock and avoid excessive local warehouse space
16254,TRANSPARENT ACRYLIC TAPE DISPENSER,40,42.58,17,1.3699999999999999,6,6,0,0.0,6.666666666666667,6.666666666666667,6.121002096606949,0.9181503144910423,False,False,Long-Tail,Limit stock and avoid excessive local warehouse space
16258A,SWIRLY CIRCULAR RUBBERS IN BAG,471,178.54999999999998,58,0.5795545634920635,12,12,1,0.08333333333333333,25.833333333333332,39.25,25.58349373160655,0.9903287896105761,False,False,Regular,Maintain standard replenishment review
16259,PIECE OF CAMO STATIONERY SET,3272,317.92,30,0.12333333333333332,9,9,0,0.0,363.55555555555554,363.55555555555554,396.9014711207024,1.0917216503931302,False,False,High-Turnover Volatile,Monitor closely and replenish in smaller batches
17001,HEAVENS SCENT FRAGRANCE OILS ASSTD,72,20.88,1,0.29,1,10,9,0.9,7.2,72.0,22.768399153212332,3.1622776601683795,False,False,Long-Tail,Limit stock and avoid excessive local warehouse space
17003,BROCADE RING PURSE,23020,6025.95,239,0.3498866515400928,13,12,0,0.0,1893.5833333333333,1770.7692307692307,1005.6035237456643,0.5310584995356235,False,False,High-Revenue Priority,Prioritize inventory monitoring and avoid stockouts
17007B,S/3 POT POURI CUSHIONS BLUE COLOURS,24,50.400000000000006,2,2.1,2,12,10,0.8333333333333334,2.0,12.0,4.670993664969138,2.335496832484569,False,False,Long-Tail,Limit stock and avoid excessive local warehouse space
17011F,ORIGAMI SANDLEWOOD INCENSE+FLOWER,81,66.36,7,1.63875,4,12,8,0.6666666666666666,6.75,20.25,14.839290598089434,2.1984134219391755,False,False,Long-Tail,Limit stock and avoid excessive local warehouse space
17012A,ORIGAMI VANILLA INCENSE/CANDLE SET,323,375.93,65,1.8568223443223444,13,12,0,0.0,26.5,24.846153846153847,26.259197522876715,0.9909131140708194,False,False,Regular,Maintain standard replenishment review
17012B,ORIGAMI JASMINE INCENSE/CANDLE SET,525,595.8499999999999,85,1.8660682189542481,12,12,0,0.0,43.75,43.75,38.40484107741911,0.8778249389124367,False,False,Regular,Maintain standard replenishment review
17012C,ORIGAMI LAVENDER INCENSE/CANDL SET,420,481.79999999999995,85,1.9261431623931624,13,12,0,0.0,33.333333333333336,32.30769230769231,42.19938244557471,1.2659814733672412,False,False,Regular,Maintain standard replenishment review
17012D,ORIGAMI ROSE INCENSE/CANDLE SET,461,547.24,97,2.0670265845265843,13,12,0,0.0,34.25,35.46153846153846,49.025271776169404,1.4313947963845082,False,False,Regular,Maintain standard replenishment review
17012E,ORIGAMI OPIUM INCENSE/CANDLE SET,44,62.64,10,2.3169999999999997,1,12,11,0.9166666666666666,3.6666666666666665,44.0,12.701705922171767,3.464101615137755,False,False,Long-Tail,Limit stock and avoid excessive local warehouse space
17012F,ORIGAMI SANDLEWOOD INCENSE/CAND SET,448,530.6,94,1.9523846153846154,13,12,0,0.0,33.25,34.46153846153846,45.2349924887199,1.360450901916388,False,False,Regular,Maintain standard replenishment review
17013D,ORIGAMI ROSE INCENSE IN TUBE,535,267.82,13,0.9602380952380952,7,12,5,0.4166666666666667,44.583333333333336,76.42857142857143,63.535900135754794,1.4251043021103877,False,False,Regular,Maintain standard replenishment review
17014A,ORIGAMI VANILLA INCENSE CONES,155,71.19,8,0.8766666666666666,6,12,6,0.5,12.916666666666666,25.833333333333332,27.41087486028238,2.1221322472476682,False,False,Regular,Maintain standard replenishment review
17021,NAMASTE SWAGAT INCENSE,2391,632.34,47,0.2929230769230769,13,12,0,0.0,196.25,183.92307692307693,216.15235577964657,1.1014132778580716,False,False,High-Turnover Volatile,Monitor closely and replenish in smaller batches
17028J,INCENSE BAZAAR PEACH,6,2.52,1,0.42,1,11,10,0.9090909090909091,0.5454545454545454,6.0,1.8090680674665818,3.3166247903554003,False,False,Long-Tail,Limit stock and avoid excessive local warehouse space
17038,PORCELAIN BUDAH INCENSE HOLDER,1525,158.06,34,0.3806666666666666,13,12,0,0.0,126.83333333333333,117.3076923076923,84.62842133095535,0.6672411668669279,False,False,Regular,Maintain standard replenishment review
17084A,TRANQUILITY MASALA INCENSE,200,42.0,7,0.21,7,11,4,0.36363636363636365,18.181818181818183,28.571428571428573,16.16674476707158,0.8891709621889369,False,False,Regular,Maintain standard replenishment review
17084J,LOVE POTION MASALA INCENSE,225,47.25,8,0.21,7,12,5,0.4166666666666667,18.75,32.142857142857146,18.844459036110226,1.005037815259212,False,False,Regular,Maintain standard replenishment review
17084N,FAIRY DREAMS INCENSE,1264,313.31,101,0.3543653846153846,13,12,0,0.0,102.83333333333333,97.23076923076923,47.91058591192809,0.4659052114612132,False,False,Regular,Maintain standard replenishment review
17084P,DRAGONS BLOOD INCENSE,423,104.44,39,0.35447222222222213,12,12,1,0.08333333333333333,33.0,35.25,19.324972068661456,0.5856052142018623,False,False,Regular,Maintain standard replenishment review
17084R,ASSORTED INCENSE PACK,4032,760.3199999999999,27,0.2037878787878788,11,12,2,0.16666666666666666,330.0,366.54545454545456,443.262286401014,1.3432190497000425,False,False,High-Turnover Volatile,Monitor closely and replenish in smaller batches
17090A,LAVENDER INCENSE 40 CONES IN TIN,109,107.44999999999999,10,1.1833333333333333,8,12,4,0.3333333333333333,9.083333333333334,13.625,14.612935324153009,1.6087635219251017,False,False,Regular,Maintain standard replenishment review
17090D,VANILLA INCENSE 40 CONES IN TIN,29,36.25,12,1.25,6,12,6,0.5,2.4166666666666665,4.833333333333333,3.3427896171076075,1.3832232898376307,False,False,Long-Tail,Limit stock and avoid excessive local warehouse space
17091A,LAVENDER INCENSE IN TIN,171,98.91,25,0.9392857142857144,6,12,6,0.5,14.25,28.5,23.806511714234823,1.6706324009989348,False,False,Regular,Maintain standard replenishment review
17091J,VANILLA INCENSE IN TIN,2084,920.67,95,0.7073153000845309,13,12,0,0.0,155.66666666666666,160.30769230769232,82.96147335122527,0.5329430836267148,False,False,High-Turnover Stable,Keep stable local warehouse inventory
17096,ASSORTED LAQUERED INCENSE HOLDERS,2545,455.9800000000001,24,0.29974999999999996,8,12,4,0.3333333333333333,212.08333333333334,318.125,487.4621585934708,2.298446327356247,False,False,High-Turnover Volatile,Monitor closely and replenish in smaller batches
17107D,"FLOWER FAIRY,5 SUMMER B'DRAW LINERS",170,433.5,46,2.55,12,12,1,0.08333333333333333,13.75,14.166666666666666,9.468848446832958,0.6886435234060333,False,False,Regular,Maintain standard replenishment review
17109D,FLOWER FAIRY INCENSE BOUQUET,61,32.349999999999994,5,1.2533333333333332,3,12,9,0.75,5.083333333333333,20.333333333333332,15.477011300243946,3.044657960703727,False,False,Long-Tail,Limit stock and avoid excessive local warehouse space
17129F,BLUE GLASS GEMS IN BAG,588,553.8299999999999,57,1.414642857142857,13,12,0,0.0,48.916666666666664,45.23076923076923,44.4490685725775,0.9086692042094209,False,False,Regular,Maintain standard replenishment review
17136A,BLUE STONES ON WIRE FOR CANDLE,352,29.59,17,0.10600000000000001,10,10,0,0.0,35.2,35.2,33.59828037927603,0.954496601683978,False,False,Regular,Maintain standard replenishment review
17164B,ASS COL SMALL SAND GECKO P'WEIGHT,27,11.34,9,0.42,2,12,10,0.8333333333333334,2.25,13.5,5.462683323322805,2.4278592548101354,False,False,Long-Tail,Limit stock and avoid excessive local warehouse space
17165D,ASS COL LARGE SAND FROG P'WEIGHT,27,28.349999999999998,7,1.05,2,12,10,0.8333333333333334,2.25,13.5,5.594234044572549,2.486326242032244,False,False,Long-Tail,Limit stock and avoid excessive local warehouse space
17174,ASSTD RASTA KEY-CHAINS,9,3.7800000000000002,3,0.42,2,11,9,0.8181818181818182,0.8181818181818182,4.5,2.400757456228422,2.9342591131680713,False,False,Long-Tail,Limit stock and avoid excessive local warehouse space
17191A,ROSE FLOWER CANDLE+INCENSE 16X16CM,4,15.0,2,3.75,2,1,0,0.0,2.0,2.0,0.0,0.0,True,False,Long-Tail,Limit stock and avoid excessive local warehouse space
18007,ESSENTIAL BALM 3.5G TIN IN ENVELOPE,5884,395.61,30,0.27625,8,12,4,0.3333333333333333,490.3333333333333,735.5,1102.053565216347,2.2475599562535966,False,False,High-Turnover Volatile,Monitor closely and replenish in smaller batches
18094C,WHITE AND BLUE CERAMIC OIL BURNER,192,283.93,42,1.9428831168831169,11,12,1,0.08333333333333333,16.0,17.454545454545453,15.261359405671927,0.9538349628544954,False,False,Regular,Maintain standard replenishment review
18097A,PINK TALL PORCELAIN T-LIGHT HOLDER,5,12.75,4,2.55,3,12,9,0.75,0.4166666666666667,1.6666666666666667,0.7929614610987591,1.9031075066370218,False,False,Long-Tail,Limit stock and avoid excessive local warehouse space
18097C,WHITE TALL PORCELAIN T-LIGHT HOLDER,407,1029.4099999999999,68,3.1852060439560437,13,12,0,0.0,33.75,31.307692307692307,24.86737548750096,0.736811125555584,False,False,Regular,Maintain standard replenishment review
18098C,PORCELAIN BUTTERFLY OIL BURNER,265,921.87,61,3.1721153846153847,8,12,4,0.3333333333333333,22.083333333333332,33.125,52.23453809211841,2.3653375739827207,False,False,Regular,Maintain standard replenishment review
20615,BLUE POLKADOT PASSPORT COVER,309,466.99,95,2.6597885297206565,13,12,0,0.0,25.583333333333332,23.76923076923077,23.239693055919076,0.9083919109805503,False,False,Regular,Maintain standard replenishment review
20616,CHERRY BLOSSOM PASSPORT COVER,194,243.53,71,1.6937411477411477,13,12,0,0.0,16.083333333333332,14.923076923076923,15.18646726130827,0.9442363064025868,False,False,Regular,Maintain standard replenishment review
20617,FIRST CLASS PASSPORT COVER,93,194.94,43,2.433763888888889,12,12,1,0.08333333333333333,7.666666666666667,7.75,4.579268169663901,0.5972958482170305,False,False,Long-Tail,Limit stock and avoid excessive local warehouse space
20618,QUEEN OF THE SKIES PASSPORT COVER,148,286.39,76,2.083086691086691,13,12,0,0.0,12.25,11.384615384615385,9.056639954901998,0.7393175473389386,False,False,Regular,Maintain standard replenishment review
20619,TROPICAL PASSPORT COVER,262,439.65000000000003,99,2.4736530904992446,13,12,0,0.0,21.5,20.153846153846153,15.353412413117574,0.7141122052612825,False,False,Regular,Maintain standard replenishment review
20622,VIPPASSPORT COVER,185,303.7,51,2.4245811965811965,13,12,0,0.0,15.25,14.23076923076923,17.02471465519787,1.1163747314883847,False,False,Regular,Maintain standard replenishment review
20652,BLUE POLKADOT LUGGAGE TAG,265,346.86,78,1.7658104395604395,13,12,0,0.0,21.916666666666668,20.384615384615383,22.35441113001407,1.019973131407486,False,False,Regular,Maintain standard replenishment review
20653,CHERRY BLOSSOM LUGGAGE TAG,73,95.18,33,1.9487465564738293,11,12,2,0.16666666666666666,6.0,6.636363636363637,6.633249580710799,1.1055415967851332,False,False,Long-Tail,Limit stock and avoid excessive local warehouse space
20654,FIRST CLASS LUGGAGE TAG,152,193.59,49,1.4757248520710058,13,12,0,0.0,12.416666666666666,11.692307692307692,7.727852028196255,0.6223773445527185,False,False,Regular,Maintain standard replenishment review
20655,QUEEN OF SKIES LUGGAGE TAG,197,292.29,99,1.799556543697848,13,12,0,0.0,16.333333333333332,15.153846153846153,10.679916013743089,0.6538724090046789,False,False,Regular,Maintain standard replenishment review
20657,TROPICAL LUGGAGE TAG,73,105.91,33,1.7320833333333334,12,12,0,0.0,6.083333333333333,6.083333333333333,5.680242205676754,0.9337384447687814,False,False,Long-Tail,Limit stock and avoid excessive local warehouse space
20658,RED RETROSPOT LUGGAGE TAG,433,652.11,105,1.66531746031746,10,12,2,0.16666666666666666,36.083333333333336,43.3,27.952746924158642,0.774671970184535,False,False,Regular,Maintain standard replenishment review
20659,ECONOMY LUGGAGE TAG,158,246.84,62,1.7171616161616161,12,12,1,0.08333333333333333,12.0,13.166666666666666,7.04530791636275,0.5871089930302292,False,False,Regular,Maintain standard replenishment review
20661,BLUE POLKADOT PURSE,44,141.15,33,4.00875,8,12,5,0.4166666666666667,3.5833333333333335,5.5,4.7950416309375505,1.3381511528197816,False,False,Long-Tail,Limit stock and avoid excessive local warehouse space
20662,FIRST CLASS HOLIDAY PURSE,31,90.42,20,2.9860714285714285,7,12,5,0.4166666666666667,2.5833333333333335,4.428571428571429,3.423404295390331,1.3251887595059344,False,False,Long-Tail,Limit stock and avoid excessive local warehouse space
20663,QUEEN OF THE SKIES HOLIDAY PURSE,25,66.26,20,2.8621296296296297,9,12,3,0.25,2.0833333333333335,2.7777777777777777,2.874917653629668,1.3799604737422406,False,False,Long-Tail,Limit stock and avoid excessive local warehouse space
20664,TROPICAL HOLIDAY PURSE,32,81.66,18,2.5825,4,12,8,0.6666666666666666,2.6666666666666665,8.0,4.849242365066064,1.818465886899774,False,False,Long-Tail,Limit stock and avoid excessive local warehouse space
20665,RED RETROSPOT PURSE,461,1546.27,156,4.232428046312662,13,12,0,0.0,37.916666666666664,35.46153846153846,16.24504586486339,0.42844077006233117,False,False,Regular,Maintain standard replenishment review
20666,ECONOMY HOLIDAY PURSE,30,41.53,17,2.428,5,12,7,0.5833333333333334,2.5,6.0,6.007570980929738,2.403028392371895,False,False,Long-Tail,Limit stock and avoid excessive local warehouse space
20667,CHERRY BLOSSOM PURSE,20,49.69,16,2.5825,4,7,3,0.42857142857142855,2.857142857142857,5.0,3.532165125838609,1.236257794043513,False,False,Long-Tail,Limit stock and avoid excessive local warehouse space
20668,DISCO BALL CHRISTMAS DECORATION,12883,1501.3999999999999,215,0.19329193043442078,13,12,0,0.0,950.75,991.0,1310.896162935875,1.3788021697984487,False,False,High-Turnover Volatile,Monitor closely and replenish in smaller batches
20669,RED HEART LUGGAGE TAG,304,447.34000000000003,96,1.7560086580086578,11,12,2,0.16666666666666666,24.75,27.636363636363637,17.02471465519787,0.6878672587958735,False,False,Regular,Maintain standard replenishment review
20670,VIP HOLIDAY PURSE,14,44.04,11,3.5375,8,12,4,0.3333333333333333,1.1666666666666667,1.75,1.1146408580454255,0.9554064497532218,False,False,Long-Tail,Limit stock and avoid excessive local warehouse space
20671,BLUE TEATIME PRINT BOWL,10,12.5,2,1.25,1,12,11,0.9166666666666666,0.8333333333333334,10.0,2.8867513459481287,3.4641016151377544,False,False,Long-Tail,Limit stock and avoid excessive local warehouse space
20674,GREEN POLKADOT BOWL,1563,2016.23,205,1.5716285202651599,13,12,0,0.0,127.08333333333333,120.23076923076923,49.51117106882103,0.3895961002136737,False,False,Regular,Maintain standard replenishment review
20675,BLUE POLKADOT BOWL,3116,3978.12,321,1.6035393824598652,13,12,0,0.0,256.4166666666667,239.69230769230768,111.36055963591525,0.43429532519693953,False,False,High-Revenue Priority,Prioritize inventory monitoring and avoid stockouts
20676,RED RETROSPOT BOWL,5011,6359.81,447,1.6409568386731022,13,12,0,0.0,409.0833333333333,385.46153846153845,180.55644211126554,0.4413683653157846,False,False,High-Revenue Priority,Prioritize inventory monitoring and avoid stockouts
20677,PINK POLKADOT BOWL,3669,4741.09,332,1.661728693110141,13,12,0,0.0,293.75,282.2307692307692,98.10025020818799,0.33395829858106546,False,False,High-Revenue Priority,Prioritize inventory monitoring and avoid stockouts
20678,LARGE BLACK DIAMANTE HAIRSLIDE,4,6.6,1,1.65,1,3,2,0.6666666666666666,1.3333333333333333,4.0,2.3094010767585034,1.7320508075688776,False,False,Long-Tail,Limit stock and avoid excessive local warehouse space
20679,EDWARDIAN PARASOL RED,1704,9985.720000000001,325,7.071936692730696,13,12,0,0.0,138.08333333333334,131.07692307692307,66.19181264028097,0.47936134682158815,False,False,High-Revenue Priority,Prioritize inventory monitoring and avoid stockouts
20681,PINK POLKADOT CHILDRENS UMBRELLA,139,503.71,45,4.387764705882352,4,12,8,0.6666666666666666,11.583333333333334,34.75,20.277431849823646,1.7505696560998831,False,False,Regular,Maintain standard replenishment review
20682,RED RETROSPOT CHILDRENS UMBRELLA,1234,4168.08,236,3.9874033293382642,13,12,0,0.0,95.0,94.92307692307692,46.820741324564885,0.49284990867963036,False,False,High-Revenue Priority,Prioritize inventory monitoring and avoid stockouts
20684,STRAWBERRY DREAM CHILDS UMBRELLA,80,270.56,35,3.5140000000000002,8,12,4,0.3333333333333333,6.666666666666667,10.0,7.6078109781189935,1.141171646717849,False,False,Long-Tail,Limit stock and avoid excessive local warehouse space
20685,DOORMAT RED RETROSPOT,4023,27598.37,690,8.973731425242608,13,12,0,0.0,328.0833333333333,309.46153846153845,195.91531488390746,0.5971510740682981,False,False,High-Revenue Priority,Prioritize inventory monitoring and avoid stockouts
20686,DOLLY MIXTURE CHILDREN'S UMBRELLA,267,922.67,77,3.7450512820512816,13,12,0,0.0,22.083333333333332,20.53846153846154,17.845082507429595,0.8080792078836043,False,False,Regular,Maintain standard replenishment review
20694,FLORAL PINK MONSTER,43,187.54,16,5.313611111111111,9,12,3,0.25,3.5833333333333335,4.777777777777778,4.420167280531222,1.233535055031969,False,False,Long-Tail,Limit stock and avoid excessive local warehouse space
20695,FLORAL BLUE MONSTER,5,21.25,4,4.25,4,12,8,0.6666666666666666,0.4166666666666667,1.25,0.6685579234215215,1.6045390162116515,False,False,Long-Tail,Limit stock and avoid excessive local warehouse space
20696,FLORAL SOFT CAR TOY,54,230.81,30,5.043388888888889,9,12,3,0.25,4.5,6.0,5.317210478505366,1.181602328556748,False,False,Long-Tail,Limit stock and avoid excessive local warehouse space
20697,LITTLE GREEN MONSTER SOFT TOY,19,48.45,11,2.55,6,12,6,0.5,1.5833333333333333,3.1666666666666665,1.9286515936521478,1.2180957433592512,False,False,Long-Tail,Limit stock and avoid excessive local warehouse space
20698,LITTLE PINK MONSTER SOFT TOY,17,43.35,8,2.55,4,11,7,0.6363636363636364,1.5454545454545454,4.25,2.2962419891481978,1.485803640037069,False,False,Long-Tail,Limit stock and avoid excessive local warehouse space
20699,MOUSEY LONG LEGS SOFT TOY,97,266.03,41,2.792602272727273,8,12,5,0.4166666666666667,8.0,12.125,16.981273107857266,2.1226591384821583,False,False,Long-Tail,Limit stock and avoid excessive local warehouse space
20700,GREEN CAT FLORAL CUSHION COVER,73,345.17,54,6.86065,10,12,2,0.16666666666666666,6.083333333333333,7.3,6.444988656923981,1.0594501901792848,False,False,Long-Tail,Limit stock and avoid excessive local warehouse space
20701,PINK CAT FLORAL CUSHION COVER,25,100.97,18,3.9751851851851847,3,12,9,0.75,2.0833333333333335,8.333333333333334,4.718596350097295,2.2649262480467014,False,False,Long-Tail,Limit stock and avoid excessive local warehouse space
20702,PINK PADDED MOBILE,134,573.54,42,4.351,10,12,2,0.16666666666666666,11.166666666666666,13.4,8.155682161238966,0.7303595965288626,False,False,Regular,Maintain standard replenishment review
20704,MR ROBOT SOFT TOY,216,697.7,44,6.884717948717949,13,12,0,0.0,15.0,16.615384615384617,25.90191288127367,1.7267941920849113,False,False,Regular,Maintain standard replenishment review
20705,MRS ROBOT SOFT TOY,143,428.85,28,5.924358974358975,13,12,0,0.0,10.833333333333334,11.0,19.380558831108576,1.7889746613330992,False,False,Regular,Maintain standard replenishment review
20707,CRAZY DAISY HEART DECORATION,464,468.39,149,1.464875905140611,13,12,0,0.0,38.583333333333336,35.69230769230769,30.52110546470882,0.7910437701436411,False,False,Regular,Maintain standard replenishment review
20711,JUMBO BAG TOYS,4997,10995.119999999999,521,3.189233750130396,13,12,0,0.0,416.3333333333333,384.38461538461536,252.40887944809398,0.6062663237344131,False,False,High-Revenue Priority,Prioritize inventory monitoring and avoid stockouts
20712,JUMBO BAG WOODLAND ANIMALS,9541,21681.89,859,2.9448401589059685,13,12,0,0.0,782.0833333333334,733.9230769230769,335.09576876234087,0.4284655540914321,False,False,High-Revenue Priority,Prioritize inventory monitoring and avoid stockouts
20713,JUMBO BAG OWLS,11187,22585.260000000002,652,2.7916840266414953,11,12,2,0.16666666666666666,889.5833333333334,1017.0,596.6587967146463,0.6707171485316867,False,False,High-Revenue Priority,Prioritize inventory monitoring and avoid stockouts
20716,PARTY FOOD SHOPPER BAG,400,469.63000000000005,73,1.425300453514739,7,12,5,0.4166666666666667,33.333333333333336,57.142857142857146,38.031884549996235,1.140956536499887,False,False,Regular,Maintain standard replenishment review
20717,STRAWBERRY SHOPPER BAG,2845,3549.48,411,1.7178016216332899,13,12,0,0.0,235.58333333333334,218.84615384615384,169.35302468422864,0.7188667478637225,False,False,High-Revenue Priority,Prioritize inventory monitoring and avoid stockouts
20718,RED RETROSPOT SHOPPER BAG,4759,6591.79,574,1.7573783255598892,13,12,0,0.0,369.6666666666667,366.0769230769231,120.20916114940003,0.32518258200919753,False,False,High-Revenue Priority,Prioritize inventory monitoring and avoid stockouts
20719,WOODLAND CHARLOTTE BAG,13210,16680.350000000002,830,1.2252814565901256,13,12,0,0.0,1057.5833333333333,1016.1538461538462,297.87229061319465,0.2816537299943532,False,False,High-Revenue Priority,Prioritize inventory monitoring and avoid stockouts
20723,STRAWBERRY CHARLOTTE BAG,9783,12539.65,721,1.236541252523286,13,12,0,0.0,785.5,752.5384615384615,246.51590396785946,0.3138331049877269,False,False,High-Revenue Priority,Prioritize inventory monitoring and avoid stockouts
20724,RED RETROSPOT CHARLOTTE BAG,17650,21692.04,1029,1.1624216159387415,13,12,0,0.0,1400.25,1357.6923076923076,457.40495783774077,0.3266594949742837,False,False,High-Revenue Priority,Prioritize inventory monitoring and avoid stockouts
20725,LUNCH BAG RED RETROSPOT,19010,35246.06,1557,2.1687435008606744,13,12,0,0.0,1551.0833333333333,1462.3076923076924,445.1002866225938,0.28696091116268874,False,False,High-Revenue Priority,Prioritize inventory monitoring and avoid stockouts
20726,LUNCH BAG WOODLAND,9848,18183.13,1013,2.192309259459885,13,12,0,0.0,804.3333333333334,757.5384615384615,290.72709269045157,0.36145100624589915,False,False,High-Revenue Priority,Prioritize inventory monitoring and avoid stockouts
20727,LUNCH BAG  BLACK SKULL.,12142,22259.51,1267,2.1545477089047065,13,12,0,0.0,985.75,934.0,366.92286159850596,0.3722270977413198,False,False,High-Revenue Priority,Prioritize inventory monitoring and avoid stockouts
20728,LUNCH BAG CARS BLUE,11743,21628.53,1145,2.119479642274637,13,12,0,0.0,968.5833333333334,903.3076923076923,365.51021832086946,0.37736579367206685,False,False,High-Revenue Priority,Prioritize inventory monitoring and avoid stockouts
20731,POSY CANDY BAG,92,109.96,16,1.175,6,12,6,0.5,7.666666666666667,15.333333333333334,15.26334488143726,1.9908710714918163,False,False,Long-Tail,Limit stock and avoid excessive local warehouse space
20733,GOLD MINI TAPE MEASURE,934,740.36,204,0.841502701002701,13,12,0,0.0,75.66666666666667,71.84615384615384,99.886602371556,1.3200872560117531,False,False,Regular,Maintain standard replenishment review
20734,SILVER MINI TAPE MEASURE,158,271.22,26,1.7581785714285711,5,12,7,0.5833333333333334,13.166666666666666,31.6,23.582864863105907,1.7911036604890564,False,False,Regular,Maintain standard replenishment review
20735,BLACK MINI TAPE MEASURE,623,625.8,112,1.026670444139194,12,12,1,0.08333333333333333,51.416666666666664,51.916666666666664,61.61383896102524,1.1983242585612688,False,False,Regular,Maintain standard replenishment review
20748,KENSINGTON COFFEE SET,57,751.1700000000001,34,13.675,11,12,1,0.08333333333333333,4.75,5.181818181818182,3.792936017963345,0.79851284588702,False,False,Long-Tail,Limit stock and avoid excessive local warehouse space
20749,ASSORTED COLOUR MINI CASES,1757,12510.82,380,8.04589514369263,13,12,0,0.0,134.0,135.15384615384616,72.66485958275717,0.5422750715131133,False,False,High-Revenue Priority,Prioritize inventory monitoring and avoid stockouts
20750,RED RETROSPOT MINI CASES,1743,12603.18,383,8.140620344235318,13,12,0,0.0,141.25,134.07692307692307,44.175527984702946,0.312747100776658,False,False,High-Revenue Priority,Prioritize inventory monitoring and avoid stockouts
20751,FUNKY WASHING UP GLOVES ASSORTED,971,2041.52,198,2.3568038641302973,13,12,0,0.0,80.83333333333333,74.6923076923077,31.345097726999537,0.3877744048700974,False,False,Regular,Maintain standard replenishment review
20752,BLUE POLKADOT WASHING UP GLOVES,406,918.35,147,2.3807364805082196,12,12,0,0.0,33.833333333333336,33.833333333333336,16.038778764058822,0.47405257430715725,False,False,Regular,Maintain standard replenishment review
20754,RETROSPOT RED WASHING UP GLOVES,1456,3086.76,303,2.468944833950269,12,12,0,0.0,121.33333333333333,121.33333333333333,75.96570198969978,0.6260909504645586,False,False,Regular,Maintain standard replenishment review
20755,BLUE PAISLEY POCKET BOOK,306,271.16999999999996,62,0.9212360446570973,11,12,2,0.16666666666666666,24.5,27.818181818181817,23.815579316527618,0.9720644618990865,False,False,Regular,Maintain standard replenishment review
20756,GREEN FERN POCKET BOOK,63,53.55,22,0.85,8,11,3,0.2727272727272727,5.7272727272727275,7.875,5.832510764514868,1.0183748953914848,False,False,Long-Tail,Limit stock and avoid excessive local warehouse space
20757,RED DAISY POCKET BOOK,158,136.64,33,1.0095454545454545,11,12,1,0.08333333333333333,13.166666666666666,14.363636363636363,17.481592050098314,1.3277158519062011,False,False,Regular,Maintain standard replenishment review
20758,ABSTRACT CIRCLES POCKET BOOK,159,135.15,42,0.8499999999999999,13,12,0,0.0,12.666666666666666,12.23076923076923,8.845474788976805,0.6983269570244847,False,False,Regular,Maintain standard replenishment review
20759,CHRYSANTHEMUM POCKET BOOK,64,54.4,20,0.85,11,12,2,0.16666666666666666,5.25,5.818181818181818,6.877169079312689,1.3099369674881314,False,False,Long-Tail,Limit stock and avoid excessive local warehouse space
20760,GARDEN PATH POCKET BOOK,69,58.650000000000006,21,0.85,8,12,4,0.3333333333333333,5.75,8.625,5.894913061275798,1.0252022715262257,False,False,Long-Tail,Limit stock and avoid excessive local warehouse space
20761,BLUE PAISLEY SKETCHBOOK,120,505.97,63,4.275362637362638,13,12,0,0.0,9.75,9.23076923076923,4.555216789572149,0.46720172200739984,False,False,Regular,Maintain standard replenishment review
20762,GREEN FERN SKETCHBOOK,106,420.08,56,4.020416666666667,12,12,1,0.08333333333333333,8.75,8.833333333333334,4.634357854899935,0.5296408977028497,False,False,Regular,Maintain standard replenishment review
20763,DAISY SKETCHBOOK,73,205.04000000000002,27,3.7775555555555553,12,12,1,0.08333333333333333,6.0,6.083333333333333,7.248824356090755,1.2081373926817924,False,False,Long-Tail,Limit stock and avoid excessive local warehouse space
20764,ABSTRACT CIRCLES SKETCHBOOK,142,603.3100000000001,76,4.486014957264957,13,12,0,0.0,11.25,10.923076923076923,5.706853933489258,0.5072759051990452,False,False,Regular,Maintain standard replenishment review
20765,CHRYSANTHEMUM SKETCHBOOK,102,416.05,59,4.3342513597513594,13,12,0,0.0,8.416666666666666,7.846153846153846,3.1754264805429417,0.3772783937278743,False,False,Regular,Maintain standard replenishment review
20766,GARDEN PATH SKETCHBOOK,122,493.57,57,4.361898046398046,13,12,0,0.0,10.0,9.384615384615385,6.980492298346351,0.6980492298346351,False,False,Regular,Maintain standard replenishment review
20767,BLUE PAISLEY JOURNAL,250,656.06,79,2.898575655114117,13,12,0,0.0,20.083333333333332,19.23076923076923,13.500561155565034,0.6722271114804167,False,False,Regular,Maintain standard replenishment review
20768,GREEN FERN JOURNAL,176,438.57,55,2.681290823211876,13,12,0,0.0,14.0,13.538461538461538,13.557956402724631,0.9684254573374736,False,False,Regular,Maintain standard replenishment review
20769,DAISY JOURNAL,80,217.56,34,2.9623214285714283,10,12,3,0.25,6.083333333333333,8.0,5.501377238033356,0.9043359843342504,False,False,Long-Tail,Limit stock and avoid excessive local warehouse space
20770,ABSTRACT CIRCLE JOURNAL,184,447.25,72,2.510329365079365,12,12,0,0.0,15.333333333333334,15.333333333333334,14.87727573628093,0.9702571132357128,False,False,Regular,Maintain standard replenishment review
20771,CHRYSANTHEMUM  JOURNAL,102,267.13,40,2.8021239669421485,11,12,2,0.16666666666666666,8.333333333333334,9.272727272727273,7.946792758812523,0.9536151310575027,False,False,Regular,Maintain standard replenishment review
20772,GARDEN PATH JOURNAL,246,618.64,64,2.7573096001221002,12,12,1,0.08333333333333333,20.166666666666668,20.5,27.72866365115326,1.3749750570819796,False,False,Regular,Maintain standard replenishment review
20773,BLUE PAISLEY NOTEBOOK,56,92.39999999999999,23,1.65,10,12,2,0.16666666666666666,4.666666666666667,5.6,4.905161165609756,1.0511059640592333,False,False,Long-Tail,Limit stock and avoid excessive local warehouse space
20774,GREEN FERN NOTEBOOK,86,141.23999999999998,44,1.6449999999999998,11,12,1,0.08333333333333333,7.166666666666667,7.818181818181818,11.199296514703164,1.562692536935325,False,False,Long-Tail,Limit stock and avoid excessive local warehouse space
20775,DAISY NOTEBOOK,134,233.54,63,1.7496343073593073,12,12,1,0.08333333333333333,10.916666666666666,11.166666666666666,14.177179699870642,1.298672949606471,False,False,Regular,Maintain standard replenishment review
20777,CHRYSANTHEMUM NOTEBOOK,169,282.49,80,1.760174963924964,12,12,1,0.08333333333333333,12.916666666666666,14.083333333333334,16.412070576440396,1.2706119155953854,False,False,Regular,Maintain standard replenishment review
20778,GARDEN PATH NOTEBOOK,15,24.75,8,1.65,4,12,8,0.6666666666666666,1.25,3.75,1.9598237397554634,1.5678589918043708,False,False,Long-Tail,Limit stock and avoid excessive local warehouse space
20780,BLACK EAR MUFF HEADPHONES,47,312.7,28,7.956121794871795,8,12,5,0.4166666666666667,3.75,5.875,8.71910128813327,2.3250936768355386,False,False,Long-Tail,Limit stock and avoid excessive local warehouse space
20781,GOLD EAR MUFF HEADPHONES,35,212.26,25,6.027194805194805,11,12,2,0.16666666666666666,2.6666666666666665,3.1818181818181817,3.5760143718781094,1.341005389454291,False,False,Long-Tail,Limit stock and avoid excessive local warehouse space
20782,CAMOUFLAGE EAR MUFF HEADPHONES,53,368.08,27,6.954259259259259,9,12,4,0.3333333333333333,3.9166666666666665,5.888888888888889,6.09706834669273,1.5566983012832503,False,False,Long-Tail,Limit stock and avoid excessive local warehouse space
20785,FUSCHIA RETRO BAR STOOL,14,523.3000000000001,5,39.45,4,11,7,0.6363636363636364,1.2727272727272727,3.5,3.258555173413797,2.560293350539412,False,False,Long-Tail,Limit stock and avoid excessive local warehouse space
20793,BLUE TILED TRAY,3,20.25,3,6.75,3,12,9,0.75,0.25,1.0,0.4522670168666455,1.809068067466582,False,False,Long-Tail,Limit stock and avoid excessive local warehouse space
20794,BLUE  TILE HOOK,91,262.39,26,3.7244999999999995,12,12,1,0.08333333333333333,7.083333333333333,7.583333333333333,8.195989410940111,1.1570808580150747,False,False,Long-Tail,Limit stock and avoid excessive local warehouse space
20795,LARGE BLUE PROVENCAL CERAMIC BALL,49,113.05000000000001,11,2.5511111111111116,6,11,6,0.5454545454545454,3.8181818181818183,8.166666666666666,4.874796033029112,1.2767322943647674,False,False,Long-Tail,Limit stock and avoid excessive local warehouse space
20796,SMALL BLUE PROVENCAL CERAMIC BALL,62,103.94,9,1.8842857142857141,7,9,2,0.2222222222222222,6.888888888888889,8.857142857142858,8.964435905906802,1.3012890831155035,False,False,Long-Tail,Limit stock and avoid excessive local warehouse space
20798,CLEAR MILKSHAKE GLASS,36,75.60000000000001,5,2.1,2,12,10,0.8333333333333334,3.0,18.0,7.79277054244976,2.5975901808165864,False,False,Long-Tail,Limit stock and avoid excessive local warehouse space
20801,LARGE PINK GLASS SUNDAE DISH,997,1145.8,80,2.124430114638448,6,12,6,0.5,83.08333333333333,166.16666666666666,123.31294876586699,1.484208009218058,False,False,Regular,Maintain standard replenishment review
20802,SMALL GLASS SUNDAE DISH CLEAR,739,984.4699999999999,63,1.998184523809524,12,12,0,0.0,61.583333333333336,61.583333333333336,64.9075683125044,1.0539794583897872,False,False,Regular,Maintain standard replenishment review
20803,SMALL PINK GLASS SUNDAE DISH,903,461.26,39,1.4839646464646465,6,12,6,0.5,75.25,150.5,156.4260644405645,2.0787516869178004,False,False,Regular,Maintain standard replenishment review
20816,GOLD FLOWER CUSHION COVER,8,15.6,2,1.95,1,8,7,0.875,1.0,8.0,2.8284271247461903,2.8284271247461903,False,False,Long-Tail,Limit stock and avoid excessive local warehouse space
20818,GOLD TEDDY BEAR,15,42.7,5,4.825,3,12,9,0.75,1.25,5.0,2.927145677649443,2.3417165421195545,False,False,Long-Tail,Limit stock and avoid excessive local warehouse space
20819,SILVER TEDDY BEAR,64,244.72,27,4.229887566137567,9,12,3,0.25,5.333333333333333,7.111111111111111,6.866696087021411,1.2875055163165146,False,False,Long-Tail,Limit stock and avoid excessive local warehouse space
20820,SILVER LOOKING MIRROR,5,24.75,2,4.95,2,12,10,0.8333333333333334,0.4166666666666667,2.5,0.9962049198956219,2.3908918077494925,False,False,Long-Tail,Limit stock and avoid excessive local warehouse space
20821,GOLDIE LOOKING MIRROR,11,54.45,5,4.95,5,9,4,0.4444444444444444,1.2222222222222223,2.2,1.9220937657784662,1.572622172000563,False,False,Long-Tail,Limit stock and avoid excessive local warehouse space
20823,GOLD WINE GOBLET,164,129.56,8,0.79,3,8,5,0.625,20.5,54.666666666666664,37.48904601918501,1.8287339521553665,False,False,Regular,Maintain standard replenishment review
20826,SILVER APERITIF GLASS,276,128.39999999999998,8,1.2550000000000001,4,12,8,0.6666666666666666,23.0,69.0,51.22144437280507,2.227019320556742,False,False,Regular,Maintain standard replenishment review
20827,GOLD APERITIF GLASS,88,34.32,2,0.39,1,8,7,0.875,11.0,88.0,31.11269837220809,2.82842712474619,False,False,Long-Tail,Limit stock and avoid excessive local warehouse space
20828,GLITTER BUTTERFLY CLIPS,1128,3074.7799999999997,241,3.1588560679696633,13,12,0,0.0,91.08333333333333,86.76923076923077,37.12254481219376,0.40756682318968446,False,False,Regular,Maintain standard replenishment review
20829,GLITTER HANGING BUTTERFLY STRING,1312,2718.75,193,2.474098763355156,13,12,0,0.0,107.66666666666667,100.92307692307692,96.6618598595907,0.8977881720705019,False,False,Regular,Maintain standard replenishment review
20830,SILVER PHOTO FRAME,136,409.83,37,2.8314761904761907,10,12,2,0.16666666666666666,11.333333333333334,13.6,9.393743888483666,0.8288597548662058,False,False,Regular,Maintain standard replenishment review
20831,GOLD PHOTO FRAME,216,466.53000000000003,39,2.7311111111111113,12,12,1,0.08333333333333333,14.0,18.0,16.214471650630216,1.158176546473587,False,False,Regular,Maintain standard replenishment review
20832,RED FLOCK LOVE HEART PHOTO FRAME,1067,572.67,82,0.7770785256410256,12,12,1,0.08333333333333333,82.91666666666667,88.91666666666667,92.46862694826268,1.1151995209840724,False,False,Regular,Maintain standard replenishment review
20835,FRENCH LATTICE CUSHION COVER,67,65.8,8,2.868,5,12,7,0.5833333333333334,5.583333333333333,13.4,8.60716755578357,1.5415822487970576,False,False,Long-Tail,Limit stock and avoid excessive local warehouse space
20836,FRENCH PAISLEY CUSHION COVER,158,131.14,16,0.83,6,7,1,0.14285714285714285,22.571428571428573,26.333333333333332,14.501231474799452,0.6424596223012415,False,False,Regular,Maintain standard replenishment review
20837,FRENCH FLORAL CUSHION COVER,141,142.47,15,1.1833333333333333,6,10,4,0.4,14.1,23.5,16.973508771023155,1.2037949482995145,False,False,Regular,Maintain standard replenishment review
20838,FRENCH LATTICE CUSHION COVER,373,451.25,56,2.0764550264550263,9,8,0,0.0,46.5,41.44444444444444,19.985709180025896,0.42980019741991177,False,False,Regular,Maintain standard replenishment review
20839,FRENCH PAISLEY CUSHION COVER,575,840.44,105,3.3298923576423576,12,12,1,0.08333333333333333,45.166666666666664,47.916666666666664,43.63450122288207,0.9660775178497876,False,False,Regular,Maintain standard replenishment review
20840,FRENCH FLORAL CUSHION COVER,521,622.12,73,2.78730649701176,10,12,3,0.25,40.0,52.1,60.17247936330422,1.5043119840826056,False,False,Regular,Maintain standard replenishment review
20845,ZINC HEART LATTICE 2 WALL PLANTER,19,120.64999999999999,11,6.35,5,11,6,0.5454545454545454,1.7272727272727273,3.8,2.4531982835029496,1.4202726904490761,False,False,Long-Tail,Limit stock and avoid excessive local warehouse space
20846,ZINC HEART LATTICE T-LIGHT HOLDER,716,957.32,88,1.6261614774114774,13,12,0,0.0,56.0,55.07692307692308,43.5931604310084,0.7784492934108643,False,False,Regular,Maintain standard replenishment review
20847,ZINC HEART LATTICE CHARGER LARGE,52,217.57999999999998,18,4.659090909090909,11,12,1,0.08333333333333333,4.333333333333333,4.7272727272727275,4.334498677803327,1.0002689256469217,False,False,Long-Tail,Limit stock and avoid excessive local warehouse space
20848,ZINC HEART LATTICE CHARGER SMALL,21,61.95,8,2.95,8,12,4,0.3333333333333333,1.75,2.625,1.602554778527654,0.915745587730088,False,False,Long-Tail,Limit stock and avoid excessive local warehouse space
20851,ZINC HEART LATTICE TRAY OVAL,9,53.55,7,5.95,4,11,7,0.6363636363636364,0.8181818181818182,2.25,1.3280197150781925,1.6231352073177907,False,False,Long-Tail,Limit stock and avoid excessive local warehouse space
20854,BLUE PATCH PURSE PINK HEART,228,359.92,40,1.6903344481605351,3,12,9,0.75,19.0,76.0,46.93709523490891,2.4703734334162584,False,False,Regular,Maintain standard replenishment review
20856,DENIM PATCH PURSE PINK BUTTERFLY,206,340.78999999999996,60,1.6770599647266313,9,12,3,0.25,17.166666666666668,22.88888888888889,15.23651912844647,0.8875642210745517,False,False,Regular,Maintain standard replenishment review
20857,BLUE ROSE PATCH PURSE PINK BUTTERFL,17,28.049999999999997,7,1.65,2,12,10,0.8333333333333334,1.4166666666666667,8.5,3.4761089357690347,2.4537239546604948,False,False,Long-Tail,Limit stock and avoid excessive local warehouse space
20860,GOLD COSMETICS BAG WITH BUTTERFLY,1,2.1,1,2.1,1,12,11,0.9166666666666666,0.08333333333333333,1.0,0.2886751345948129,3.4641016151377553,False,False,Long-Tail,Limit stock and avoid excessive local warehouse space
20861,GOLD COSMETIC BAG PINK STAR,2,4.2,2,2.1,1,12,11,0.9166666666666666,0.16666666666666666,2.0,0.5773502691896258,3.4641016151377553,False,False,Long-Tail,Limit stock and avoid excessive local warehouse space
20866,BLUE ROSE FABRIC MIRROR,477,582.5,89,1.7368364007480386,12,12,1,0.08333333333333333,38.833333333333336,39.75,50.87566543381357,1.3101029725445554,False,False,Regular,Maintain standard replenishment review
20867,PINK ROSE FABRIC MIRROR,331,393.47,62,1.3712878787878788,11,12,2,0.16666666666666666,27.333333333333332,30.09090909090909,37.46351760733569,1.3706164978293545,False,False,Regular,Maintain standard replenishment review
20868,SILVER FABRIC MIRROR,458,219.35000000000002,46,0.8043073593073593,11,12,2,0.16666666666666666,37.583333333333336,41.63636363636363,77.76825518906487,2.069221867558267,False,False,Regular,Maintain standard replenishment review
20869,GOLD FABRIC MIRROR,180,86.76,29,0.8295714285714286,10,12,3,0.25,14.5,18.0,22.228155773498372,1.532976260241267,False,False,Regular,Maintain standard replenishment review
20871,OPULENT VELVET SET/3 CANDLES,2,8.42,1,4.21,1,12,11,0.9166666666666666,0.16666666666666666,2.0,0.5773502691896258,3.4641016151377553,False,False,Long-Tail,Limit stock and avoid excessive local warehouse space
20878,SET/9 CHRISTMAS T-LIGHTS SCENTED,24,30.0,7,1.25,1,12,11,0.9166666666666666,2.0,24.0,6.928203230275509,3.4641016151377544,False,False,Long-Tail,Limit stock and avoid excessive local warehouse space
20886,BOX OF 9 PEBBLE CANDLES,479,974.53,102,2.4226178774928773,12,12,0,0.0,39.916666666666664,39.916666666666664,31.913115950921647,0.7994935102527344,False,False,Regular,Maintain standard replenishment review
20892,SET/3 TALL GLASS CANDLE HOLDER PINK,4,89.22,3,21.243333333333332,1,12,11,0.9166666666666666,0.3333333333333333,4.0,1.1547005383792517,3.4641016151377553,False,False,Long-Tail,Limit stock and avoid excessive local warehouse space
20893,HANGING BAUBLE T-LIGHT HOLDER SMALL,268,609.02,26,2.9040999999999997,10,12,3,0.25,17.416666666666668,26.8,40.753044132440046,2.3398877013841175,False,False,Regular,Maintain standard replenishment review
20894,HANGING BAUBLE T-LIGHT HOLDER LARGE,33,108.71000000000001,15,3.7783333333333333,8,12,5,0.4166666666666667,2.6666666666666665,4.125,4.163331998932265,1.5612494995995996,False,False,Long-Tail,Limit stock and avoid excessive local warehouse space
20897,VINTAGE NOTEBOOK PARIS DAYS,101,280.57,23,3.093464285714286,7,12,5,0.4166666666666667,8.416666666666666,14.428571428571429,14.88414857450297,1.768413692020155,False,False,Regular,Maintain standard replenishment review
20898,VINTAGE NOTEBOOK TRAVELOGUE,32,88.03,12,2.7662500000000003,4,11,7,0.6363636363636364,2.909090909090909,8.0,4.9890789822279915,1.714995900140872,False,False,Long-Tail,Limit stock and avoid excessive local warehouse space
20901,VINTAGE KEEPSAKE BOX PINK FLOWER,17,72.42999999999999,14,5.24,2,6,4,0.6666666666666666,2.8333333333333335,8.5,6.462713568360172,2.2809577300094723,False,False,Long-Tail,Limit stock and avoid excessive local warehouse space
20902,VINTAGE KEEPSAKE BOX PARIS DAYS,112,686.86,56,8.329437500000001,8,12,4,0.3333333333333333,9.333333333333334,14.0,12.536008740883803,1.3431437936661217,False,False,Regular,Maintain standard replenishment review
20903,VINTAGE KEEPSAKE BOX TRAVELOGUE,82,441.89,56,7.320449999999999,10,12,2,0.16666666666666666,6.833333333333333,8.2,8.299324543526895,1.2145352990527163,False,False,Long-Tail,Limit stock and avoid excessive local warehouse space
20906,VINTAGE NOTEBOOK BEAUTY GIRL,3,8.850000000000001,2,2.95,2,12,10,0.8333333333333334,0.25,1.5,0.621581560508061,2.486326242032244,False,False,Long-Tail,Limit stock and avoid excessive local warehouse space
20910,VINTAGE PHOTO ALBUM PARIS DAYS,8,50.8,3,6.349999999999999,1,12,11,0.9166666666666666,0.6666666666666666,8.0,2.3094010767585034,3.4641016151377553,False,False,Long-Tail,Limit stock and avoid excessive local warehouse space
20914,SET/5 RED RETROSPOT LID GLASS BOWLS,6315,18234.85,875,3.305799282470444,13,12,0,0.0,514.0,485.7692307692308,173.384491285068,0.33732391300596887,False,False,High-Revenue Priority,Prioritize inventory monitoring and avoid stockouts
20931,BLUE POT PLANT CANDLE,299,1060.9,68,4.816122023809524,12,12,1,0.08333333333333333,23.333333333333332,24.916666666666668,29.610604161142657,1.2690258926203997,False,False,Regular,Maintain standard replenishment review
20932,PINK POT PLANT CANDLE,204,628.7900000000001,35,4.89715873015873,12,12,1,0.08333333333333333,13.75,17.0,22.51514641706374,1.637465193968272,False,False,Regular,Maintain standard replenishment review
20933,YELLOW POT PLANT CANDLE,23,71.05000000000001,9,3.0833333333333335,6,11,6,0.5454545454545454,2.0,3.8333333333333335,3.6606010435446255,1.8303005217723127,False,False,Long-Tail,Limit stock and avoid excessive local warehouse space
20934,SET/3 POT PLANT CANDLES,63,397.21,31,6.927272727272728,11,12,1,0.08333333333333333,5.25,5.7272727272727275,3.768891807222045,0.71788415375658,False,False,Long-Tail,Limit stock and avoid excessive local warehouse space
20935,ROUND CACTUS CANDLE,6,17.7,4,2.95,2,3,1,0.3333333333333333,2.0,3.0,2.6457513110645907,1.3228756555322954,False,False,Long-Tail,Limit stock and avoid excessive local warehouse space
20936,FORKED CACTUS CANDLE,100,319.66,34,3.5588380952380954,10,12,3,0.25,8.083333333333334,10.0,10.457344816255253,1.2936921422171446,False,False,Long-Tail,Limit stock and avoid excessive local warehouse space
20941,FROG CANDLE,64,83.78,19,1.3287499999999999,8,12,4,0.3333333333333333,5.333333333333333,8.0,6.400757530925302,1.2001420370484943,False,False,Long-Tail,Limit stock and avoid excessive local warehouse space
20954,*USB OFFICE MIRROR BALL,2,16.94,2,8.47,1,12,11,0.9166666666666666,0.16666666666666666,2.0,0.5773502691896258,3.4641016151377553,False,False,Long-Tail,Limit stock and avoid excessive local warehouse space
20956,PORCELAIN T-LIGHT HOLDERS ASSORTED,822,1146.52,101,1.7783771301162605,13,12,0,0.0,66.0,63.23076923076923,80.40578902722682,1.2182695307155578,False,False,Regular,Maintain standard replenishment review
20960,WATERMELON BATH SPONGE,29,72.49,10,2.4766666666666666,3,12,9,0.75,2.4166666666666665,9.666666666666666,6.598323937779865,2.730340939770979,False,False,Long-Tail,Limit stock and avoid excessive local warehouse space
20961,STRAWBERRY BATH SPONGE,1182,1682.93,227,1.831730268987794,13,12,0,0.0,95.16666666666667,90.92307692307692,89.29097819980912,0.9382589653219872,False,False,Regular,Maintain standard replenishment review
20963,APPLE BATH SPONGE,1336,1911.17,229,1.8486881740505758,13,12,0,0.0,106.08333333333333,102.76923076923077,101.40688369438271,0.9559172068598528,False,False,Regular,Maintain standard replenishment review
20964,POLYESTER FILLER PAD 60X40CM,2,5.1,1,2.55,1,7,6,0.8571428571428571,0.2857142857142857,2.0,0.7559289460184545,2.6457513110645907,False,False,Long-Tail,Limit stock and avoid excessive local warehouse space
20966,SANDWICH BATH SPONGE,719,1022.8,97,2.2451955841735716,9,12,3,0.25,59.916666666666664,79.88888888888889,125.91299906416864,2.1014686909179745,False,False,Regular,Maintain standard replenishment review
20967,GREY FLORAL FELTCRAFT SHOULDER BAG,265,1027.94,83,4.470924075924076,7,12,5,0.4166666666666667,22.083333333333332,37.857142857142854,32.77321060459798,1.4840699141704745,False,False,Regular,Maintain standard replenishment review
20969,RED FLORAL FELTCRAFT SHOULDER BAG,1816,6741.27,304,4.200418388200741,13,12,0,0.0,146.75,139.69230769230768,157.75707735168479,1.0750056378309014,False,False,High-Revenue Priority,Prioritize inventory monitoring and avoid stockouts
20970,PINK FLORAL FELTCRAFT SHOULDER BAG,1115,4228.38,261,4.051897030231517,13,12,0,0.0,89.41666666666667,85.76923076923077,70.75625039314173,0.7913094172578757,False,False,High-Revenue Priority,Prioritize inventory monitoring and avoid stockouts
20971,PINK BLUE FELT CRAFT TRINKET BOX,9673,12424.34,519,1.4092270234044457,13,12,0,0.0,774.4166666666666,744.0769230769231,964.6957559330048,1.2457063457652058,False,False,High-Revenue Priority,Prioritize inventory monitoring and avoid stockouts
20972,PINK CREAM FELT CRAFT TRINKET BOX,7325,9113.06,615,1.4165883466947098,13,12,0,0.0,593.0833333333334,563.4615384615385,267.2144043250436,0.45055119459049076,False,False,High-Revenue Priority,Prioritize inventory monitoring and avoid stockouts
20973,12 PENCIL SMALL TUBE WOODLAND,4497,3210.27,355,0.7576409260857061,12,12,1,0.08333333333333333,351.0833333333333,374.75,451.44665613263027,1.2858675228083465,False,False,High-Revenue Priority,Prioritize inventory monitoring and avoid stockouts
20974,12 PENCILS SMALL TUBE SKULL,6928,4496.2300000000005,354,0.7457773985520366,13,12,0,0.0,576.3333333333334,532.9230769230769,289.55462142379764,0.502408250012373,False,False,High-Revenue Priority,Prioritize inventory monitoring and avoid stockouts
20975,12 PENCILS SMALL TUBE RED RETROSPOT,6513,4305.27,358,0.7290792479177235,11,12,2,0.16666666666666666,517.75,592.0909090909091,480.4221864909314,0.9279037884904517,False,False,High-Revenue Priority,Prioritize inventory monitoring and avoid stockouts
20977,36 PENCILS TUBE WOODLAND,1675,2248.64,182,1.5606167313079078,12,12,0,0.0,139.58333333333334,139.58333333333334,103.27849229000668,0.7399056164060179,False,False,Regular,Maintain standard replenishment review
20978,36 PENCILS TUBE SKULLS,1779,2375.05,262,1.6168666205398203,13,12,0,0.0,142.16666666666666,136.84615384615384,93.5733386011726,0.6581946443224332,False,False,Regular,Maintain standard replenishment review
20979,36 PENCILS TUBE RED RETROSPOT,3637,4602.48,318,1.6060110203187128,13,12,0,0.0,299.75,279.7692307692308,162.46908796892578,0.5420153059847399,False,False,High-Revenue Priority,Prioritize inventory monitoring and avoid stockouts
20980,36 PENCILS TUBE POSY,79,76.91,20,1.18,6,12,6,0.5,6.583333333333333,13.166666666666666,14.681208355849963,2.230056965445564,False,False,Long-Tail,Limit stock and avoid excessive local warehouse space
20981,12 PENCILS TALL TUBE WOODLAND,1961,1729.52,247,0.9765373161321437,13,12,0,0.0,159.16666666666666,150.84615384615384,107.96955238595852,0.6783427375034043,False,False,High-Turnover Stable,Keep stable local warehouse inventory
20982,12 PENCILS TALL TUBE SKULLS,2150,1879.82,255,0.9215198733804145,13,12,0,0.0,170.58333333333334,165.3846153846154,174.14385815564478,1.0208726418503846,False,False,High-Turnover Volatile,Monitor closely and replenish in smaller batches
20983,12 PENCILS TALL TUBE RED RETROSPOT,2737,2374.81,268,0.9116114358673622,13,12,0,0.0,223.08333333333334,210.53846153846155,139.30049816091395,0.6244325655326736,False,False,High-Turnover Stable,Keep stable local warehouse inventory
20984,12 PENCILS TALL TUBE POSY,3761,1159.11,169,0.636358137829912,11,12,1,0.08333333333333333,313.4166666666667,341.90909090909093,429.79370491885845,1.37131732492058,False,False,High-Turnover Volatile,Monitor closely and replenish in smaller batches
20985,HEART CALCULATOR,1167,1525.59,130,1.6138759157509157,13,12,0,0.0,94.66666666666667,89.76923076923077,92.81588160863355,0.9804494536123262,False,False,Regular,Maintain standard replenishment review
20986,BLUE CALCULATOR RULER,654,829.74,113,1.7339435074850706,13,12,0,0.0,53.083333333333336,50.30769230769231,75.2830517366816,1.4182050562640176,False,False,Regular,Maintain standard replenishment review
20992,JAZZ HEARTS PURSE NOTEBOOK,4425,1944.6299999999999,277,0.7000344419567651,13,12,0,0.0,351.5833333333333,340.38461538461536,353.69567256029416,1.0060080755448044,False,False,High-Turnover Volatile,Monitor closely and replenish in smaller batches
20996,JAZZ HEARTS ADDRESS BOOK,3191,726.8900000000001,225,0.3767133507873892,13,12,0,0.0,250.41666666666666,245.46153846153845,215.05240728433589,0.8587783319174811,False,False,High-Turnover Stable,Keep stable local warehouse inventory
20997,ROSE DU SUD CUSHION COVER,59,257.61,34,4.25473544973545,9,8,0,0.0,6.75,6.555555555555555,6.296257391725432,0.9327788728482121,False,False,Long-Tail,Limit stock and avoid excessive local warehouse space
20998,ROSE DU SUD OVEN GLOVE,185,505.20000000000005,69,2.6984523809523813,10,12,2,0.16666666666666666,15.416666666666666,18.5,12.809501681694464,0.8308865955693706,False,False,Regular,Maintain standard replenishment review
21000,ROSE DU SUD COSMETICS BAG,96,360.84,52,3.616757575757576,12,12,1,0.08333333333333333,7.833333333333333,8.0,5.407626488804885,0.6903352964431768,False,False,Long-Tail,Limit stock and avoid excessive local warehouse space
21001,ROSE DU SUD WASHBAG,73,348.19,50,4.544038461538461,13,12,0,0.0,6.0,5.615384615384615,3.861229196653691,0.6435381994422819,False,False,Long-Tail,Limit stock and avoid excessive local warehouse space
21002,ROSE DU SUD DRAWSTRING BAG,125,428.65999999999997,66,3.6837732919254655,8,12,4,0.3333333333333333,10.416666666666666,15.625,14.896359124011315,1.4300504759050863,False,False,Regular,Maintain standard replenishment review
21003,ROSE DU SUD CUSHION COVER,78,460.58,46,5.940222222222222,9,11,3,0.2727272727272727,6.363636363636363,8.666666666666666,5.869799439039246,0.9223970547061673,False,False,Long-Tail,Limit stock and avoid excessive local warehouse space
21009,ETCHED GLASS STAR TREE DECORATION,1,1.25,1,1.25,1,12,11,0.9166666666666666,0.08333333333333333,1.0,0.2886751345948129,3.4641016151377553,False,False,Long-Tail,Limit stock and avoid excessive local warehouse space
21011,GLITTER SNOW PEAR TREE DECORATION,20,28.999999999999996,3,1.45,1,12,11,0.9166666666666666,1.6666666666666667,20.0,5.773502691896257,3.4641016151377544,False,False,Long-Tail,Limit stock and avoid excessive local warehouse space
21012,ANTIQUE ALL GLASS CANDLESTICK,1169,2614.05,199,2.325453965432939,13,12,0,0.0,85.75,89.92307692307692,38.390635695321706,0.4477042063594368,False,False,Regular,Maintain standard replenishment review
21014,SWISS CHALET TREE DECORATION,1385,598.8199999999999,119,0.9264172932330828,8,12,4,0.3333333333333333,115.41666666666667,173.125,191.25350066116835,1.6570700418296174,False,False,Regular,Maintain standard replenishment review
21015,DARK BIRD HOUSE TREE DECORATION,1483,589.55,142,0.9410811688311689,11,12,2,0.16666666666666666,111.75,134.8181818181818,207.51084309018648,1.8569202961090514,False,False,Regular,Maintain standard replenishment review
21018,BIRD BOX CHRISTMAS TREE DECORATION,24,22.06,6,1.087142857142857,1,12,11,0.9166666666666666,2.0,24.0,6.928203230275509,3.4641016151377544,False,False,Long-Tail,Limit stock and avoid excessive local warehouse space
21025,SPACE FROG,174,233.52,56,1.7016230158730157,12,12,1,0.08333333333333333,14.166666666666666,14.5,16.458395665397884,1.161769105792792,False,False,Regular,Maintain standard replenishment review
21026,SPACE OWL,255,315.75,68,1.6865646464646464,10,12,3,0.25,20.666666666666668,25.5,23.84927417738072,1.153997137615196,False,False,Regular,Maintain standard replenishment review
21027,NINJA RABBIT PINK,167,187.79000000000002,42,1.228373015873016,12,12,0,0.0,13.916666666666666,13.916666666666666,13.090304068510425,0.9406206516294917,False,False,Regular,Maintain standard replenishment review
21028,NINJA RABBIT BLACK,187,239.24,58,1.645361111111111,12,12,1,0.08333333333333333,15.333333333333334,15.583333333333334,13.627067538431358,0.8887217959846537,False,False,Regular,Maintain standard replenishment review
21030,SPACE CADET RED,131,159.7,33,1.3537833333333333,10,12,2,0.16666666666666666,10.916666666666666,13.1,9.820741809912818,0.8996099367859071,False,False,Regular,Maintain standard replenishment review
21031,SPACE CADET BLACK,52,64.24,19,1.4223333333333332,8,12,4,0.3333333333333333,4.333333333333333,6.5,5.228129047119374,1.2064913185660096,False,False,Long-Tail,Limit stock and avoid excessive local warehouse space
21032,SPACE CADET WHITE,97,117.78,30,1.730888888888889,9,12,3,0.25,8.083333333333334,10.777777777777779,10.27316303715067,1.2709067674825572,False,False,Long-Tail,Limit stock and avoid excessive local warehouse space
21033,JUMBO BAG CHARLIE AND LOLA TOYS,1931,4849.65,299,3.229388342105125,10,12,2,0.16666666666666666,160.91666666666666,193.1,145.3987985028095,0.9035658115140933,False,False,High-Revenue Priority,Prioritize inventory monitoring and avoid stockouts
21034,REX CASH+CARRY JUMBO SHOPPER,1867,1773.65,869,0.95,13,12,0,0.0,148.91666666666666,143.6153846153846,76.72436893112115,0.5152168031188885,False,False,Regular,Maintain standard replenishment review
21035,SET/2 RED RETROSPOT TEA TOWELS,2399,7986.85,392,4.533213762636344,13,12,0,0.0,189.75,184.53846153846155,89.10068360109152,0.4695688200321029,False,False,High-Revenue Priority,Prioritize inventory monitoring and avoid stockouts
21038,SET/4 MODERN VINTAGE COTTON NAPKINS,75,80.85,22,1.33,4,12,8,0.6666666666666666,6.25,18.75,15.5161206491829,2.482579303869264,False,False,Long-Tail,Limit stock and avoid excessive local warehouse space
21039,RED RETROSPOT SHOPPING BAG,517,1338.3899999999999,89,2.969975601321755,13,12,0,0.0,43.0,39.76923076923077,37.63943773128489,0.875335761192672,False,False,Regular,Maintain standard replenishment review
21040,MODERN VINTAGE COTTON SHOPPING BAG,22,29.7,8,1.9633333333333332,3,12,9,0.75,1.8333333333333333,7.333333333333333,4.36584540044721,2.381370218425751,False,False,Long-Tail,Limit stock and avoid excessive local warehouse space
21041,RED RETROSPOT OVEN GLOVE DOUBLE,914,3888.98,255,4.222920177970178,12,12,0,0.0,76.16666666666667,76.16666666666667,43.53647025683458,0.571594795494546,False,False,High-Revenue Priority,Prioritize inventory monitoring and avoid stockouts
21042,RED RETROSPOT APRON,332,2187.62,130,7.107285839160839,13,12,0,0.0,27.333333333333332,25.53846153846154,16.60412508074333,0.6074679907589023,False,False,Regular,Maintain standard replenishment review
21043,APRON MODERN VINTAGE COTTON,492,1139.86,90,3.673232323232323,7,12,5,0.4166666666666667,41.0,70.28571428571429,65.47032638045755,1.5968372287916475,False,False,Regular,Maintain standard replenishment review
21051,RIBBONS PURSE,192,377.2,51,2.3014354727398207,9,12,4,0.3333333333333333,14.916666666666666,21.333333333333332,21.906654586027397,1.468602542080049,False,False,Regular,Maintain standard replenishment review
21054,NURSE'S BAG SOFT TOY,70,634.53,29,9.061527777777776,8,12,4,0.3333333333333333,5.833333333333333,8.75,8.020806277010642,1.374995361773253,False,False,Long-Tail,Limit stock and avoid excessive local warehouse space
21055,TOOL BOX SOFT TOY,172,1710.9399999999998,104,10.787028083028083,13,12,0,0.0,14.166666666666666,13.23076923076923,12.126854747237886,0.8560132762756155,False,False,Regular,Maintain standard replenishment review
21056,DOCTOR'S BAG SOFT TOY,182,1747.5,70,10.812700854700854,13,12,0,0.0,14.5,14.0,14.987873886457802,1.0336464749281242,False,False,Regular,Maintain standard replenishment review
21058,PARTY INVITES WOODLAND,1142,955.4599999999999,121,1.0073231074481073,13,12,0,0.0,94.75,87.84615384615384,97.09987828847346,1.0248008262635722,False,False,Regular,Maintain standard replenishment review
21059,PARTY INVITES DINOSAURS,599,518.03,93,0.9413505212735982,13,12,0,0.0,49.333333333333336,46.07692307692308,21.137357422059143,0.42845994774444207,False,False,Regular,Maintain standard replenishment review
21060,PARTY INVITES BALLOON GIRL,405,359.28999999999996,71,0.9467350427350427,13,12,0,0.0,32.166666666666664,31.153846153846153,12.60471292329928,0.3918563603098222,False,False,Regular,Maintain standard replenishment review
21061,PARTY INVITES FOOTBALL,488,451.69999999999993,83,1.0297699522699522,13,12,0,0.0,39.5,37.53846153846154,20.82175435801351,0.527133021721861,False,False,Regular,Maintain standard replenishment review
21062,PARTY INVITES SPACEMAN,538,457.38,74,0.8686923076923077,13,12,0,0.0,43.833333333333336,41.38461538461539,20.577274902771805,0.46944353390353927,False,False,Regular,Maintain standard replenishment review
21063,PARTY INVITES JAZZ HEARTS,528,458.31,102,0.9251153846153846,13,12,0,0.0,42.666666666666664,40.61538461538461,15.137751324140424,0.3547910466595412,False,False,Regular,Maintain standard replenishment review
21064,BOOM BOX SPEAKER BOYS,296,1281.2,101,5.619323565323565,13,12,0,0.0,16.25,22.76923076923077,22.523220341360037,1.3860443286990791,False,False,Regular,Maintain standard replenishment review
21065,BOOM BOX SPEAKER GIRLS,562,1160.58,90,4.961349989042296,13,12,0,0.0,44.916666666666664,43.23076923076923,52.71270044191237,1.173566614662242,False,False,Regular,Maintain standard replenishment review
21066,VINTAGE RED MUG,702,693.47,54,1.4632393162393162,13,12,0,0.0,58.416666666666664,54.0,135.1984792365609,2.314381955547405,False,False,Regular,Maintain standard replenishment review
21067,VINTAGE RED TEATIME MUG,294,479.77,75,1.7153264957264955,10,12,2,0.16666666666666666,24.5,29.4,22.05983598389534,0.900401468730422,False,False,Regular,Maintain standard replenishment review
21068,VINTAGE BILLBOARD LOVE/HATE MUG,1638,1890.33,198,1.6825629662778983,13,12,0,0.0,135.5,126.0,190.30621257713722,1.4044738935582082,False,False,Regular,Maintain standard replenishment review
21069,VINTAGE BILLBOARD TEA MUG,1248,1507.46,85,1.5951499118165784,9,12,3,0.25,104.0,138.66666666666666,190.75495942557964,1.834182302169035,False,False,Regular,Maintain standard replenishment review
21070,VINTAGE BILLBOARD MUG,1106,1184.98,107,1.7182190260719672,13,12,0,0.0,91.75,85.07692307692308,163.9645887490234,1.7870799863653775,False,False,Regular,Maintain standard replenishment review
21071,VINTAGE BILLBOARD DRINK ME MUG,985,1373.92,176,1.744820290222802,11,12,1,0.08333333333333333,82.08333333333333,89.54545454545455,69.71299387597347,0.8492953568646514,False,False,Regular,Maintain standard replenishment review
21078,SET/20 STRAWBERRY PAPER NAPKINS,2769,2531.04,313,1.2662738218303435,11,12,1,0.08333333333333333,230.75,251.72727272727272,176.29630275089823,0.7640143131133185,False,False,High-Turnover Stable,Keep stable local warehouse inventory
21080,SET/20 RED RETROSPOT PAPER NAPKINS,13190,11302.36,985,1.0843893163782943,13,12,0,0.0,1079.6666666666667,1014.6153846153846,322.47489918761204,0.2986800548202643,False,False,High-Revenue Priority,Prioritize inventory monitoring and avoid stockouts
21082,SET/20 FRUIT SALAD PAPER NAPKINS,88,143.44,25,1.63,6,11,5,0.45454545454545453,8.0,14.666666666666666,8.520563361656317,1.0650704202070396,False,False,Long-Tail,Limit stock and avoid excessive local warehouse space
21084,SET/6 COLLAGE PAPER CUPS,2586,768.58,180,0.5284359567208203,12,11,0,0.0,228.9090909090909,215.5,231.94156787667646,1.0132475165383006,False,False,High-Turnover Volatile,Monitor closely and replenish in smaller batches
21086,SET/6 RED SPOTTY PAPER CUPS,7121,4851.5,428,0.9404204026786155,13,12,0,0.0,590.1666666666666,547.7692307692307,204.9584584665139,0.3472891134705121,False,False,High-Revenue Priority,Prioritize inventory monitoring and avoid stockouts
21087,SET/6 POSIES PAPER CUPS,141,74.57000000000001,16,0.5566666666666666,3,10,7,0.7,14.1,47.0,25.418497201841024,1.8027302980029096,False,False,Regular,Maintain standard replenishment review
21088,SET/6 FRUIT SALAD PAPER CUPS,1678,428.28000000000003,103,0.5028037802840434,12,11,0,0.0,150.27272727272728,139.83333333333334,164.29917279712086,1.0933399278695277,False,False,Regular,Maintain standard replenishment review
21089,SET/6 GREEN SPRING PAPER CUPS,233,48.99,25,0.36257142857142854,7,12,5,0.4166666666666667,19.416666666666668,33.285714285714285,31.55214539120722,1.6250031961136764,False,False,Regular,Maintain standard replenishment review
21090,SET/6 COLLAGE PAPER PLATES,2377,1260.15,214,0.7139387852400023,13,12,0,0.0,195.91666666666666,182.84615384615384,213.2119979283672,1.088279019625864,False,False,High-Turnover Volatile,Monitor closely and replenish in smaller batches
21094,SET/6 RED SPOTTY PAPER PLATES,8758,6933.259999999999,527,0.9691749723590988,13,12,0,0.0,724.6666666666666,673.6923076923077,280.43904971679785,0.38699040899282133,False,False,High-Revenue Priority,Prioritize inventory monitoring and avoid stockouts
21095,SET/6 POSIES PAPER PLATES,125,118.73,14,0.9428571428571428,7,12,5,0.4166666666666667,10.416666666666666,17.857142857142858,13.989985595764457,1.343038617193388,False,False,Regular,Maintain standard replenishment review
21096,SET/6 FRUIT SALAD  PAPER PLATES,1259,581.09,105,0.6536224429165606,11,11,1,0.09090909090909091,114.27272727272727,114.45454545454545,144.17218241331503,1.26164996543076,False,False,Regular,Maintain standard replenishment review
21098,CHRISTMAS TOILET ROLL,3719,5078.76,248,1.8703225286818603,9,12,4,0.3333333333333333,294.1666666666667,413.22222222222223,499.58943749903887,1.6983210339910668,False,False,High-Revenue Priority,Prioritize inventory monitoring and avoid stockouts
21100,CHARLIE AND LOLA CHARLOTTE BAG,65,162.21,27,3.426388888888889,4,12,8,0.6666666666666666,5.416666666666667,16.25,10.175356445249415,1.8785273437383534,False,False,Long-Tail,Limit stock and avoid excessive local warehouse space
21106,CREAM SLICE FLANNEL CHOCOLATE SPOT,237,702.51,53,4.1770598290598295,13,12,0,0.0,19.666666666666668,18.23076923076923,24.19742034835845,1.2303773058487346,False,False,Regular,Maintain standard replenishment review
21107,CREAM SLICE FLANNEL PINK SPOT,901,2492.71,97,3.8896529786003473,13,12,0,0.0,55.0,69.3076923076923,60.98882162852766,1.10888766597323,False,False,Regular,Maintain standard replenishment review
21108,FAIRY CAKE FLANNEL ASSORTED COLOUR,7091,11464.86,259,3.048920414438343,13,12,0,0.0,575.0833333333334,545.4615384615385,1043.0033956480358,1.8136561002429257,False,False,High-Revenue Priority,Prioritize inventory monitoring and avoid stockouts
21109,LARGE CAKE TOWEL CHOCOLATE SPOTS,936,2763.2,112,7.0955225688656025,13,12,0,0.0,57.75,72.0,102.6938300350743,1.7782481391354856,False,False,Regular,Maintain standard replenishment review
21110,LARGE CAKE TOWEL PINK SPOTS,1105,3815.7,134,7.46323306961238,11,12,1,0.08333333333333333,92.08333333333333,100.45454545454545,159.36205681251465,1.7306286712671275,False,False,High-Revenue Priority,Prioritize inventory monitoring and avoid stockouts
21111,"SWISS ROLL TOWEL, CHOCOLATE  SPOTS",900,1651.02,94,3.500109903381643,12,12,1,0.08333333333333333,58.333333333333336,75.0,85.74203735447958,1.4698634975053642,False,False,Regular,Maintain standard replenishment review
21112,"SWISS ROLL TOWEL, PINK  SPOTS",1359,2885.13,82,3.6110433791354843,12,12,1,0.08333333333333333,113.16666666666667,113.25,146.8368503001226,1.2975273958773719,False,False,Regular,Maintain standard replenishment review
21114,LAVENDER SCENTED FABRIC HEART,1331,1765.58,137,2.013825759710375,13,12,0,0.0,110.08333333333333,102.38461538461539,32.27004897123741,0.29314200428073345,False,False,Regular,Maintain standard replenishment review
21115,ROSE CARAVAN DOORSTOP,562,3162.24,162,7.6929604241911935,13,12,0,0.0,33.583333333333336,43.23076923076923,40.88889231993838,1.2175352551842693,False,False,High-Revenue Priority,Prioritize inventory monitoring and avoid stockouts
21116,OWL DOORSTOP,695,4051.79,251,6.840465642487315,13,12,0,0.0,57.75,53.46153846153846,46.209257238625405,0.800160298504336,False,False,High-Revenue Priority,Prioritize inventory monitoring and avoid stockouts
21117,BLOND DOLL DOORSTOP,109,141.75,14,1.9375,8,11,3,0.2727272727272727,9.909090909090908,13.625,11.708582710597772,1.1816000900603258,False,False,Regular,Maintain standard replenishment review
21120,*BOOMBOX IPOD CLASSIC,1,16.98,1,16.98,1,12,11,0.9166666666666666,0.08333333333333333,1.0,0.2886751345948129,3.4641016151377553,False,False,Long-Tail,Limit stock and avoid excessive local warehouse space
21121,SET/10 RED POLKADOT PARTY CANDLES,6558,7938.85,377,1.370803563937957,13,12,0,0.0,537.4166666666666,504.46153846153845,293.82414602595,0.5467343390155683,False,False,High-Revenue Priority,Prioritize inventory monitoring and avoid stockouts
21122,SET/10 PINK POLKADOT PARTY CANDLES,5277,6428.54,342,1.3846286954633318,13,12,0,0.0,430.75,405.9230769230769,177.4235430723996,0.4118944702783508,False,False,High-Revenue Priority,Prioritize inventory monitoring and avoid stockouts
21123,SET/10 IVORY POLKADOT PARTY CANDLES,1119,1350.8400000000001,153,1.269922560927205,13,12,0,0.0,89.33333333333333,86.07692307692308,47.64515301749598,0.5333412651212237,False,False,Regular,Maintain standard replenishment review
21124,SET/10 BLUE POLKADOT PARTY CANDLES,3963,4803.05,238,1.307936307011216,13,12,0,0.0,327.3333333333333,304.84615384615387,172.48522114996263,0.5269405941444887,False,False,High-Revenue Priority,Prioritize inventory monitoring and avoid stockouts
21125,SET 6 FOOTBALL CELEBRATION CANDLES,656,829.73,102,1.3192490842490843,13,12,0,0.0,53.666666666666664,50.46153846153846,33.440131941163514,0.623108048593109,False,False,Regular,Maintain standard replenishment review
21126,SET OF 6 GIRLS CELEBRATION CANDLES,592,748.95,126,1.3686241194702733,13,12,0,0.0,47.333333333333336,45.53846153846154,17.015144769150556,0.3594748894890962,False,False,Regular,Maintain standard replenishment review
21128,GOLD FISHING GNOME,68,546.6,36,9.492305555555555,12,12,1,0.08333333333333333,5.0,5.666666666666667,4.6122366887148445,0.9224473377429689,False,False,Long-Tail,Limit stock and avoid excessive local warehouse space
21129,SILVER FISHING GNOME,52,419.52000000000004,27,9.32685,10,11,1,0.09090909090909091,4.7272727272727275,5.2,4.197401793750727,0.8879119179088075,False,False,Long-Tail,Limit stock and avoid excessive local warehouse space
21131,GOLD STANDING GNOME,106,398.02,28,5.74369696969697,11,12,2,0.16666666666666666,6.333333333333333,9.636363636363637,8.520919000087995,1.3454082631717887,False,False,Regular,Maintain standard replenishment review
21132,SILVER STANDING GNOME,44,217.35999999999999,22,5.017878787878788,11,12,2,0.16666666666666666,3.5,4.0,2.6798914496333954,0.7656832713238273,False,False,Long-Tail,Limit stock and avoid excessive local warehouse space
21135,VICTORIAN  METAL POSTCARD SPRING,2577,3084.04,175,2.0184710224416107,13,12,0,0.0,211.25,198.23076923076923,263.79541832123,1.248735708029491,False,False,High-Turnover Volatile,Monitor closely and replenish in smaller batches
21136,PAINTED METAL PEARS ASSORTED,4679,7779.62,369,1.8109289511301705,13,12,0,0.0,383.1666666666667,359.9230769230769,141.93009376151176,0.3704134678421359,False,False,High-Revenue Priority,Prioritize inventory monitoring and avoid stockouts
21137,BLACK RECORD COVER FRAME,11639,40588.380000000005,372,4.081346149273488,13,12,0,0.0,838.75,895.3076923076923,681.361354535569,0.8123533288054474,False,False,High-Revenue Priority,Prioritize inventory monitoring and avoid stockouts
21143,ANTIQUE GLASS HEART DECORATION,327,707.23,36,2.5249888888888887,6,12,6,0.5,27.25,54.5,77.3294310666444,2.837777286849336,False,False,Regular,Maintain standard replenishment review
21144,PINK POODLE HANGING DECORATION,5,16.8,2,3.36,1,12,11,0.9166666666666666,0.4166666666666667,5.0,1.4433756729740643,3.4641016151377544,False,False,Long-Tail,Limit stock and avoid excessive local warehouse space
21145,ANTIQUE GLASS PLACE SETTING,122,152.5,8,1.25,5,12,7,0.5833333333333334,10.166666666666666,24.4,14.408541237962314,1.417233564389736,False,False,Regular,Maintain standard replenishment review
21147,JINGLE BELLS TREE DECORATION,203,415.77,76,2.2139655797101447,10,12,3,0.25,16.333333333333332,20.3,26.44834874836521,1.6192866580631762,False,False,Regular,Maintain standard replenishment review
21154,RED RETROSPOT OVEN GLOVE,3824,6096.01,449,1.9472748609050816,13,12,0,0.0,308.1666666666667,294.15384615384613,88.17011793668928,0.28611179427806144,False,False,High-Revenue Priority,Prioritize inventory monitoring and avoid stockouts
21155,RED RETROSPOT PEG BAG,3128,9232.85,479,3.158869712596083,13,12,0,0.0,256.4166666666667,240.6153846153846,104.64003955842085,0.4080859521290381,False,False,High-Revenue Priority,Prioritize inventory monitoring and avoid stockouts
21156,RETROSPOT CHILDRENS APRON,3154,6059.9,356,2.361098410852163,13,12,0,0.0,252.08333333333334,242.6153846153846,138.16291986000593,0.5480843101884533,False,False,High-Revenue Priority,Prioritize inventory monitoring and avoid stockouts
21157,RED RETROSPOT WASHBAG,78,225.5,34,2.9309374999999998,8,12,4,0.3333333333333333,6.5,9.75,8.918825850158447,1.3721270538705304,False,False,Long-Tail,Limit stock and avoid excessive local warehouse space
21158,MOODY GIRL DOOR HANGER,1445,772.51,169,1.3592753131881037,13,12,0,0.0,117.33333333333333,111.15384615384616,128.1961092398768,1.0925804764762226,False,False,Regular,Maintain standard replenishment review
21159,MOODY BOY  DOOR HANGER,1126,601.79,124,1.2733942902975162,13,12,0,0.0,91.16666666666667,86.61538461538461,101.29330349699002,1.1110782833307862,False,False,Regular,Maintain standard replenishment review
21160,KEEP OUT GIRLS DOOR HANGER,1,3.36,1,3.36,1,12,11,0.9166666666666666,0.08333333333333333,1.0,0.2886751345948129,3.4641016151377553,False,False,Long-Tail,Limit stock and avoid excessive local warehouse space
21161,KEEP OUT BOYS DOOR HANGER,143,229.92,43,1.73025,7,12,5,0.4166666666666667,11.916666666666666,20.428571428571427,16.183371563166776,1.3580451661398694,False,False,Regular,Maintain standard replenishment review
21162,TOXIC AREA  DOOR HANGER,1462,792.98,162,1.3135942879175961,13,12,0,0.0,116.5,112.46153846153847,129.82680770934792,1.1143931992218705,False,False,Regular,Maintain standard replenishment review
21163,DO NOT TOUCH MY STUFF DOOR HANGER,1196,680.55,127,1.3915914085914087,11,12,1,0.08333333333333333,99.66666666666667,108.72727272727273,121.99950322800001,1.2240752832240802,False,False,Regular,Maintain standard replenishment review
21164,HOME SWEET HOME METAL SIGN,1760,5138.280000000001,281,3.2860215602258047,13,12,0,0.0,141.25,135.3846153846154,82.84610595995007,0.5865211041412394,False,False,High-Revenue Priority,Prioritize inventory monitoring and avoid stockouts
21165,BEWARE OF THE CAT METAL SIGN,4142,6915.42,448,2.1590673087529932,13,12,0,0.0,334.3333333333333,318.61538461538464,138.9730734765377,0.41567220381815867,False,False,High-Revenue Priority,Prioritize inventory monitoring and avoid stockouts
21166,COOK WITH WINE METAL SIGN,10264,20768.36,721,2.5828442172703068,13,12,0,0.0,783.0,789.5384615384615,531.2874585724414,0.6785280441538205,False,False,High-Revenue Priority,Prioritize inventory monitoring and avoid stockouts
21167,WHITE SAGE INCENSE,1432,337.14,67,0.3447307692307692,13,12,0,0.0,99.25,110.15384615384616,59.954717761141886,0.6040777608175505,False,False,Regular,Maintain standard replenishment review
21169,YOU'RE CONFUSING ME METAL SIGN,4401,7281.49,449,2.2712046640998738,13,12,0,0.0,345.5833333333333,338.53846153846155,195.57396105418596,0.5659241699180688,False,False,High-Revenue Priority,Prioritize inventory monitoring and avoid stockouts
21171,BATHROOM METAL SIGN,438,613.14,73,1.8171819266427107,9,12,3,0.25,36.5,48.666666666666664,62.823707163921654,1.7211974565457988,False,False,Regular,Maintain standard replenishment review
21172,PARTY METAL SIGN,3473,5321.23,466,2.1740180619745852,12,12,1,0.08333333333333333,281.9166666666667,289.4166666666667,188.06597407840846,0.6670977502042275,False,False,High-Revenue Priority,Prioritize inventory monitoring and avoid stockouts
21174,POTTERING IN THE SHED METAL SIGN,4175,9405.76,538,2.67632489664223,13,12,0,0.0,321.1666666666667,321.15384615384613,169.2452944603474,0.5269702993057002,False,False,High-Revenue Priority,Prioritize inventory monitoring and avoid stockouts
21175,GIN + TONIC DIET METAL SIGN,10183,23268.77,806,2.768198170787236,13,12,0,0.0,825.4166666666666,783.3076923076923,635.9794819922664,0.770495081666552,False,False,High-Revenue Priority,Prioritize inventory monitoring and avoid stockouts
21179,NO JUNK MAIL METAL SIGN,1940,1313.79,266,1.3602195709837388,10,12,2,0.16666666666666666,161.66666666666666,194.0,222.39944953060285,1.3756666981274404,False,False,High-Turnover Volatile,Monitor closely and replenish in smaller batches
21181,PLEASE ONE PERSON METAL SIGN,12202,25086.28,842,2.4155983470498623,12,12,1,0.08333333333333333,957.5833333333334,1016.8333333333334,758.2692563671002,0.7918571992346359,False,False,High-Revenue Priority,Prioritize inventory monitoring and avoid stockouts
21186,WHITE DOVE HONEYCOMB PAPER GARLAND,2,6.72,1,3.36,1,12,11,0.9166666666666666,0.16666666666666666,2.0,0.5773502691896258,3.4641016151377553,False,False,Long-Tail,Limit stock and avoid excessive local warehouse space
21187,WHITE BELL HONEYCOMB PAPER GARLAND,369,648.4499999999999,48,2.2343092105263156,8,12,4,0.3333333333333333,30.75,46.125,46.456480123385866,1.5107798414109224,False,False,Regular,Maintain standard replenishment review
21188,3D HEARTS  HONEYCOMB PAPER GARLAND,326,1021.9,50,3.7732698412698418,9,12,3,0.25,27.166666666666668,36.22222222222222,24.38640952860773,0.8976592464518182,False,False,Regular,Maintain standard replenishment review
21189,WHITE HONEYCOMB PAPER GARLAND,355,888.67,72,2.38926222796811,13,12,0,0.0,23.833333333333332,27.307692307692307,28.383200323537526,1.1909035100784977,False,False,Regular,Maintain standard replenishment review
21190,PINK HEARTS PAPER GARLAND,118,172.70000000000002,6,1.6277777777777775,3,12,9,0.75,9.833333333333334,39.333333333333336,32.197778955961695,3.2743504023011893,False,False,Regular,Maintain standard replenishment review
21191,LARGE WHITE HONEYCOMB PAPER BELL,562,1451.82,95,2.9808176638176636,13,12,0,0.0,43.166666666666664,43.23076923076923,49.58341609364114,1.1486505658758566,False,False,Regular,Maintain standard replenishment review
21192,WHITE BELL HONEYCOMB PAPER,1092,1923.29,88,2.454523656898657,12,12,0,0.0,91.0,91.0,120.55704044144414,1.3248026422136718,False,False,Regular,Maintain standard replenishment review
21194,PINK  HONEYCOMB PAPER FAN,498,555.97,65,1.8731593406593408,13,12,0,0.0,38.583333333333336,38.30769230769231,31.921660737537202,0.8273432588562557,False,False,Regular,Maintain standard replenishment review
21195,PINK  HONEYCOMB PAPER BALL,693,1308.56,80,3.1654484126984124,6,12,6,0.5,57.75,115.5,96.15056847560402,1.6649449086684678,False,False,Regular,Maintain standard replenishment review
21196,ROUND WHITE CONFETTI IN TUBE,108,189.67999999999998,13,1.9051111111111112,9,12,4,0.3333333333333333,8.0,12.0,11.143689612593228,1.3929612015741535,False,False,Regular,Maintain standard replenishment review
21197,MULTICOLOUR  CONFETTI IN TUBE,284,382.96,27,1.8251388888888889,12,12,1,0.08333333333333333,22.666666666666668,23.666666666666668,26.551265449497823,1.1713793580660803,False,False,Regular,Maintain standard replenishment review
21198,WHITE HEART CONFETTI IN TUBE,956,947.06,69,1.6207331394096098,13,12,0,0.0,78.66666666666667,73.53846153846153,94.35073187877562,1.1993737103234188,False,False,Regular,Maintain standard replenishment review
21199,PINK  HEART CONFETTI IN TUBE,918,868.17,77,1.7474728535353536,12,12,1,0.08333333333333333,75.5,76.5,114.00837289826168,1.5100446741491613,False,False,Regular,Maintain standard replenishment review
21200,MULTICOLOUR HONEYCOMB PAPER GARLAND,1119,1531.1399999999999,75,2.2422390942390944,13,12,0,0.0,92.75,86.07692307692308,104.4040446795743,1.125650077407809,False,False,Regular,Maintain standard replenishment review
21201,TROPICAL  HONEYCOMB PAPER GARLAND,1240,2987.82,101,3.164726107226107,13,12,0,0.0,101.75,95.38461538461539,72.74129126256595,0.7149021254306236,False,False,Regular,Maintain standard replenishment review
21202,DOLLY HONEYCOMB GARLAND,474,485.46,25,1.8393333333333335,10,12,2,0.16666666666666666,39.5,47.4,64.35060217278468,1.6291291689312577,False,False,Regular,Maintain standard replenishment review
21204,DAISIES  HONEYCOMB GARLAND,499,868.4399999999999,85,2.154080586080586,13,12,0,0.0,40.333333333333336,38.38461538461539,28.993207145917136,0.7188398465929868,False,False,Regular,Maintain standard replenishment review
21205,MULTICOLOUR 3D BALLS GARLAND,241,646.59,67,2.8645828031617504,13,12,0,0.0,20.0,18.53846153846154,12.328828005937954,0.6164414002968976,False,False,Regular,Maintain standard replenishment review
21206,STRAWBERRY HONEYCOMB  GARLAND,1290,1610.9199999999998,109,1.9281757703081233,12,12,0,0.0,107.5,107.5,100.60498812863919,0.9358603546850157,False,False,Regular,Maintain standard replenishment review
21207,SKULL AND CROSSBONES  GARLAND,1067,1684.85,132,1.6828370681605977,13,12,0,0.0,87.75,82.07692307692308,61.72979978760811,0.7034735018530839,False,False,Regular,Maintain standard replenishment review
21208,PASTEL COLOUR HONEYCOMB FAN,940,697.77,83,1.3773423243423244,13,12,0,0.0,75.16666666666667,72.3076923076923,57.81291666516518,0.7691297117316875,False,False,Regular,Maintain standard replenishment review
21209,MULTICOLOUR HONEYCOMB FAN,1224,886.24,89,1.4024200244200244,13,12,0,0.0,98.58333333333333,94.15384615384616,87.34514435516289,0.8860031549128949,False,False,Regular,Maintain standard replenishment review
21210,SET OF 72 RETROSPOT PAPER  DOILIES,5687,8212.14,449,1.9841630411594942,13,12,0,0.0,469.0,437.46153846153845,245.08254639091408,0.5225640647993903,False,False,High-Revenue Priority,Prioritize inventory monitoring and avoid stockouts
21211,SET OF 72 SKULL PAPER  DOILIES,883,1270.07,103,1.7590922619047618,12,12,0,0.0,73.58333333333333,73.58333333333333,63.74018046774426,0.8662312181346898,False,False,Regular,Maintain standard replenishment review
21212,PACK OF 72 RETROSPOT CAKE CASES,36228,21154.05,1315,0.7844268354472532,13,12,0,0.0,2980.75,2786.769230769231,711.3204270931632,0.23863806998009332,False,False,High-Revenue Priority,Prioritize inventory monitoring and avoid stockouts
21213,PACK OF 72 SKULL CAKE CASES,15121,8388.19,662,0.7972207794955514,13,12,0,0.0,1248.25,1163.1538461538462,542.4952660036433,0.43460465932597103,False,False,High-Revenue Priority,Prioritize inventory monitoring and avoid stockouts
21215,IVORY PAPER CUP CAKE CASES,1087,744.35,124,0.8969243021935329,13,12,0,0.0,90.41666666666667,83.61538461538461,48.12759241344981,0.5322867363699518,False,False,Regular,Maintain standard replenishment review
21216,"SET 3 RETROSPOT TEA,COFFEE,SUGAR",2124,11363.01,429,7.402589354212633,13,12,0,0.0,173.41666666666666,163.3846153846154,53.25147600742815,0.3070724229164526,False,False,High-Revenue Priority,Prioritize inventory monitoring and avoid stockouts
21217,RED RETROSPOT ROUND CAKE TINS,1085,11492.59,341,12.710141190806553,13,12,0,0.0,86.91666666666667,83.46153846153847,55.393564334649646,0.637318093974876,False,False,High-Revenue Priority,Prioritize inventory monitoring and avoid stockouts
21218,RED SPOTTY BISCUIT TIN,2409,10038.49,393,5.935615772996122,13,12,0,0.0,197.25,185.30769230769232,90.38717225962381,0.4582366147509445,False,False,High-Revenue Priority,Prioritize inventory monitoring and avoid stockouts
21219,SET/4 BADGES BALLOON GIRL,448,561.84,89,1.6001866133866132,13,12,0,0.0,36.916666666666664,34.46153846153846,26.53799448931949,0.7188621532095574,False,False,Regular,Maintain standard replenishment review
21220,SET/4 BADGES DOGS,338,445.01,89,1.5951892551892553,13,12,0,0.0,27.166666666666668,26.0,20.92338115094878,0.7701858092373784,False,False,Regular,Maintain standard replenishment review
21221,SET/4 BADGES CUTE CREATURES,261,340.21999999999997,54,1.6127777777777779,13,12,0,0.0,21.583333333333332,20.076923076923077,14.138653229763971,0.6550727365141609,False,False,Regular,Maintain standard replenishment review
21222,SET/4 BADGES BEETLES,265,348.19,73,1.621897146712936,13,12,0,0.0,21.5,20.384615384615383,11.927813180660037,0.5547820084027925,False,False,Regular,Maintain standard replenishment review
21224,SET/4 SKULL BADGES,908,1072.5,164,1.1058001269985076,13,12,0,0.0,73.91666666666667,69.84615384615384,23.376205203089945,0.31625080319851107,False,False,Regular,Maintain standard replenishment review
21226,POCKET MIRROR WOODLAND,93,80.54999999999998,20,1.082,5,12,7,0.5833333333333334,7.75,18.6,16.354732426037202,2.1102880549725422,False,False,Long-Tail,Limit stock and avoid excessive local warehouse space
21228,"POCKET MIRROR ""GLAMOROUS""",5,6.25,2,1.25,2,10,8,0.8,0.5,2.5,1.2692955176439846,2.5385910352879693,False,False,Long-Tail,Limit stock and avoid excessive local warehouse space
21231,SWEETHEART CERAMIC TRINKET BOX,5982,7527.28,504,1.5782348956729715,13,12,0,0.0,485.5,460.15384615384613,176.04209207407806,0.3625995717282761,False,False,High-Revenue Priority,Prioritize inventory monitoring and avoid stockouts
21232,STRAWBERRY CERAMIC TRINKET BOX,11758,16143.8,826,1.688686180094585,13,12,0,0.0,932.3333333333334,904.4615384615385,342.05563963492926,0.36688127240071067,False,False,High-Revenue Priority,Prioritize inventory monitoring and avoid stockouts
21238,RED RETROSPOT CUP,3949,3471.44,386,1.0811857088839363,13,12,0,0.0,323.9166666666667,303.7692307692308,134.17319765771765,0.4142213459975847,False,False,High-Revenue Priority,Prioritize inventory monitoring and avoid stockouts
21239,PINK  POLKADOT CUP,2996,2690.34,306,1.1321314456841753,13,12,0,0.0,246.41666666666666,230.46153846153845,111.1636454089468,0.4511206442026925,False,False,High-Turnover Stable,Keep stable local warehouse inventory
21240,BLUE POLKADOT CUP,3550,3093.2599999999998,324,1.1220935694430678,13,12,0,0.0,292.9166666666667,273.0769230769231,195.85776765682576,0.6686467174628475,False,False,High-Turnover Stable,Keep stable local warehouse inventory
21242,RED RETROSPOT PLATE,3351,5662.53,302,2.1000737038869355,13,12,0,0.0,267.75,257.7692307692308,121.13112729600098,0.4524038367731129,False,False,High-Revenue Priority,Prioritize inventory monitoring and avoid stockouts
21243,PINK  POLKADOT PLATE,2277,3813.64,209,2.156685951052467,13,12,0,0.0,186.83333333333334,175.15384615384616,93.16928223140475,0.49867590846425375,False,False,High-Revenue Priority,Prioritize inventory monitoring and avoid stockouts
21244,BLUE POLKADOT PLATE,2277,3780.87,195,2.3023477179722716,13,12,0,0.0,189.58333333333334,175.15384615384616,139.2273864996221,0.7343862145035012,False,False,High-Revenue Priority,Prioritize inventory monitoring and avoid stockouts
21245,GREEN POLKADOT PLATE,1075,1787.2,128,1.999596130365361,13,12,0,0.0,80.16666666666667,82.6923076923077,53.52626090117454,0.6676872461684973,False,False,Regular,Maintain standard replenishment review
21246,RED RETROSPOT BIG BOWL,286,1336.78,96,4.708258608058609,10,12,2,0.16666666666666666,23.833333333333332,28.6,20.64784088793144,0.8663429743188018,False,False,Regular,Maintain standard replenishment review
21248,DOOR HANGER  MUM + DADS ROOM,205,330.71999999999997,66,1.8377100122100123,13,12,0,0.0,15.916666666666666,15.76923076923077,14.656418595980604,0.920822110742237,False,False,Regular,Maintain standard replenishment review
21249,WOODLAND  HEIGHT CHART STICKERS,724,2160.0,119,3.833776181083873,13,12,0,0.0,59.583333333333336,55.69230769230769,41.44318856926767,0.6955500179457511,False,False,Regular,Maintain standard replenishment review
21250,SET OF SKULL WALL STICKERS,95,274.37,20,3.407,10,12,2,0.16666666666666666,7.916666666666667,9.5,10.824705188791167,1.3673311817420422,False,False,Long-Tail,Limit stock and avoid excessive local warehouse space
21251,DINOSAUR HEIGHT CHART STICKER SET,182,568.98,46,3.297511904761905,12,12,0,0.0,15.166666666666666,15.166666666666666,11.101460455382627,0.7319644256296238,False,False,Regular,Maintain standard replenishment review
21253,SET OF PICTURE FRAME  STICKERS,134,590.42,62,5.06062271062271,13,12,0,0.0,10.916666666666666,10.307692307692308,6.200562046860727,0.5679904165063262,False,False,Regular,Maintain standard replenishment review
21257,VICTORIAN SEWING BOX MEDIUM,686,6885.5199999999995,259,11.076476146534022,13,12,0,0.0,53.75,52.76923076923077,34.88194375317981,0.6489663954079965,False,False,High-Revenue Priority,Prioritize inventory monitoring and avoid stockouts
21258,VICTORIAN SEWING BOX LARGE,531,7662.05,162,16.127873134218724,8,12,5,0.4166666666666667,40.583333333333336,66.375,78.56723621243532,1.9359483255630878,False,False,High-Revenue Priority,Prioritize inventory monitoring and avoid stockouts
21259,VICTORIAN SEWING BOX SMALL,1176,7059.35,283,7.015852143023636,13,12,0,0.0,94.08333333333333,90.46153846153847,66.59710385913371,0.7078522996542113,False,False,High-Revenue Priority,Prioritize inventory monitoring and avoid stockouts
21260,FIRST AID TIN,1121,3592.23,165,3.571188811188811,13,12,0,0.0,92.33333333333333,86.23076923076923,48.2951782523291,0.5230524720468857,False,False,High-Revenue Priority,Prioritize inventory monitoring and avoid stockouts
21261,GREEN GOOSE FEATHER CHRISTMAS TREE,187,672.09,45,4.914222582972583,9,12,4,0.3333333333333333,15.5,20.77777777777778,25.14864897871346,1.6224934824976427,False,False,Regular,Maintain standard replenishment review
21262,WHITE GOOSE FEATHER CHRISTMAS TREE,332,1233.21,78,4.885134259259259,12,12,1,0.08333333333333333,26.75,27.666666666666668,27.469404467847166,1.0268936249662493,False,False,Regular,Maintain standard replenishment review
21263,GREEN GOOSE FEATHER TREE 60CM,165,345.27,41,2.744285714285714,7,12,6,0.5,12.833333333333334,23.571428571428573,18.324515785904925,1.4278843469536304,False,False,Regular,Maintain standard replenishment review
21264,WHITE GOOSE FEATHER TREE 60CM,281,567.75,47,2.742,10,12,3,0.25,22.166666666666668,28.1,36.845706135261686,1.6622123068539105,False,False,Regular,Maintain standard replenishment review
21265,PINK GOOSE FEATHER TREE 60CM,131,267.21,19,2.816666666666667,9,12,4,0.3333333333333333,9.416666666666666,14.555555555555555,12.507876306430667,1.328270050240425,False,False,Regular,Maintain standard replenishment review
21268,VINTAGE BLUE TINSEL REEL,2,0.84,1,0.42,1,12,11,0.9166666666666666,0.16666666666666666,2.0,0.5773502691896258,3.4641016151377553,False,False,Long-Tail,Limit stock and avoid excessive local warehouse space
21269,ANTIQUE CREAM CUTLERY SHELF,29,254.98000000000002,19,9.348,10,12,2,0.16666666666666666,2.4166666666666665,2.9,1.729862492345632,0.7158051692464685,False,False,Long-Tail,Limit stock and avoid excessive local warehouse space
21270,ANTIQUE CREAM CUTLERY CUPBOARD,50,530.19,36,12.618073684210525,10,12,3,0.25,4.083333333333333,5.0,8.9489291724392,2.1915744912096002,False,False,Long-Tail,Limit stock and avoid excessive local warehouse space
21272,SALLE DE BAIN HOOK,548,777.5699999999999,103,1.7460176366843032,9,12,3,0.25,45.666666666666664,60.888888888888886,57.52680534614567,1.259711065973993,False,False,Regular,Maintain standard replenishment review
21275,ZINC TOP  2 DOOR WOODEN SHELF,12,253.13,11,20.699444444444442,6,12,6,0.5,1.0,2.0,1.954016841836789,1.954016841836789,False,False,Long-Tail,Limit stock and avoid excessive local warehouse space
21277,FRENCH STYLE EMBOSSED HEART CABINET,24,527.53,20,22.04325,10,12,2,0.16666666666666666,2.0,2.4,1.651445647689541,0.8257228238447705,False,False,Long-Tail,Limit stock and avoid excessive local warehouse space
21278,VINTAGE KITCHEN PRINT PUDDINGS,31,79.05,7,2.55,4,11,7,0.6363636363636364,2.8181818181818183,7.75,4.214692914511847,1.4955361954719457,False,False,Long-Tail,Limit stock and avoid excessive local warehouse space
21279,VINTAGE KITCHEN PRINT FRUITS,85,266.15,29,3.4732222222222218,9,12,4,0.3333333333333333,7.0,9.444444444444445,6.4666979068286325,0.9238139866898046,False,False,Long-Tail,Limit stock and avoid excessive local warehouse space
21280,VINTAGE KITCHEN PRINT VEGETABLES,65,165.75,12,2.55,8,11,3,0.2727272727272727,5.909090909090909,8.125,5.593827767361906,0.9466477760150918,False,False,Long-Tail,Limit stock and avoid excessive local warehouse space
21281,VINTAGE KITCHEN PRINT SEAFOOD,43,129.63,14,3.2388888888888885,4,12,8,0.6666666666666666,3.5833333333333335,10.75,8.295215853768125,2.3149439591911047,False,False,Long-Tail,Limit stock and avoid excessive local warehouse space
21284,RETROSPOT CANDLE  SMALL,403,374.49,42,2.3131410256410256,13,12,0,0.0,19.25,31.0,32.688961161501936,1.6981278525455552,False,False,Regular,Maintain standard replenishment review
21285,RETROSPOT CANDLE  MEDIUM,365,413.88,43,2.948,10,12,3,0.25,11.333333333333334,36.5,11.780826744667744,1.0394847127648008,False,False,Regular,Maintain standard replenishment review
21286,RETROSPOT CANDLE  LARGE,273,362.12,30,3.2384375,8,12,5,0.4166666666666667,9.583333333333334,34.125,16.32877178108592,1.7038718380263567,False,False,Regular,Maintain standard replenishment review
21287,SCENTED VELVET LOUNGE CANDLE,1790,760.15,55,0.6204090909090909,11,12,2,0.16666666666666666,147.91666666666666,162.72727272727272,165.3945466471191,1.1181603153608053,False,False,Regular,Maintain standard replenishment review
21288,STRIPEY CHOCOLATE NESTING BOXES,331,1000.21,109,3.4165974837128683,13,12,0,0.0,26.75,25.46153846153846,19.297314933336285,0.7213949507789266,False,False,Regular,Maintain standard replenishment review
21289,LARGE STRIPES CHOCOLATE GIFT BAG,567,708.75,49,1.25,12,12,1,0.08333333333333333,47.166666666666664,47.25,58.51625000930524,1.2406272086778496,False,False,Regular,Maintain standard replenishment review
21291,SMALL POLKADOT CHOCOLATE GIFT BAG,943,819.64,52,1.0246250000000001,12,12,0,0.0,78.58333333333333,78.58333333333333,76.6176556122357,0.9749860735385243,False,False,Regular,Maintain standard replenishment review
21292,SMALL STRIPES CHOCOLATE GIFT BAG,867,594.51,28,0.8207142857142857,9,12,4,0.3333333333333333,64.25,96.33333333333333,110.42160938050948,1.7186242705137662,False,False,Regular,Maintain standard replenishment review
21293,MIRRORED DOVE WALL DECORATION,116,276.72,24,2.9267666666666665,10,12,3,0.25,9.583333333333334,11.6,10.765756599120898,1.1233832972995719,False,False,Regular,Maintain standard replenishment review
21294,ETCHED GLASS COASTER,1618,825.4899999999999,71,1.0014291617473436,11,12,1,0.08333333333333333,134.83333333333334,147.0909090909091,170.45065046054899,1.2641580998310182,False,False,Regular,Maintain standard replenishment review
21306,SET/4 DAISY MIRROR MAGNETS,493,190.64,43,1.4031904761904763,10,12,3,0.25,40.833333333333336,49.3,48.26599279623346,1.182024313377146,False,False,Regular,Maintain standard replenishment review
21307,SET/4 BUTTERFLY MIRROR MAGNETS,79,39.2,13,1.7983333333333336,6,12,6,0.5,6.583333333333333,13.166666666666666,19.997537727218198,3.0376006674255494,False,False,Long-Tail,Limit stock and avoid excessive local warehouse space
21310,CAPIZ CHANDELIER,1,29.95,1,29.95,1,7,6,0.8571428571428571,0.14285714285714285,1.0,0.37796447300922725,2.6457513110645907,False,False,Long-Tail,Limit stock and avoid excessive local warehouse space
21311,SET/4 BIRD MIRROR MAGNETS,459,181.32999999999998,51,1.3534415584415584,11,12,2,0.16666666666666666,38.083333333333336,41.72727272727273,66.84780316419372,1.7553033653617607,False,False,Regular,Maintain standard replenishment review
21313,GLASS HEART T-LIGHT HOLDER,3320,2893.13,213,1.1547562870328052,13,12,0,0.0,271.5,255.3846153846154,77.74258222434531,0.2863446859091908,False,False,High-Turnover Stable,Keep stable local warehouse inventory
21314,SMALL GLASS HEART TRINKET POT,4236,9780.480000000001,540,2.83940029541743,13,12,0,0.0,334.1666666666667,325.84615384615387,101.51742647835336,0.30379279744145643,False,False,High-Revenue Priority,Prioritize inventory monitoring and avoid stockouts
21316,SMALL CHUNKY GLASS ROMAN  BOWL,159,214.73,15,3.97,5,12,7,0.5833333333333334,13.25,31.8,37.339048534403574,2.818041398822911,False,False,Regular,Maintain standard replenishment review
21317,GLASS SPHERE CANDLE STAND MEDIUM,111,684.08,34,7.0393,10,12,3,0.25,8.25,11.1,9.516731677323987,1.1535432336150286,False,False,Regular,Maintain standard replenishment review
21318,GLASS CHALICE BLUE SMALL,694,421.78,49,1.8304945939728547,6,12,6,0.5,57.833333333333336,115.66666666666667,157.53200732972755,2.72389638034111,False,False,Regular,Maintain standard replenishment review
21319,GLASS CHALICE GREEN  SMALL,161,175.77999999999997,19,2.1113333333333335,5,12,7,0.5833333333333334,13.416666666666666,32.2,25.393121235102353,1.8926549988896164,False,False,Regular,Maintain standard replenishment review
21320,GLASS CHALICE GREEN  LARGE,197,364.22,19,3.3762202380952377,4,11,7,0.6363636363636364,17.90909090909091,49.25,37.74507794522233,2.107593184758607,False,False,Regular,Maintain standard replenishment review
21324,HANGING MEDINA LANTERN SMALL,81,259.67,28,3.293571428571429,6,12,6,0.5,6.75,13.5,9.964710459689963,1.47625340143555,False,False,Long-Tail,Limit stock and avoid excessive local warehouse space
21326,AGED GLASS SILVER T-LIGHT HOLDER,10535,6859.27,340,0.8186890562347879,13,12,0,0.0,827.9166666666666,810.3846153846154,437.91768805924187,0.5289393313247008,False,False,High-Revenue Priority,Prioritize inventory monitoring and avoid stockouts
21327,SKULLS WRITING SET,864,1484.1299999999999,252,2.031458229364883,13,12,0,0.0,69.58333333333333,66.46153846153847,46.280681878636095,0.6651115958606385,False,False,Regular,Maintain standard replenishment review
21328,BALLOONS  WRITING SET,1337,2410.43,346,2.3402270148905653,13,12,0,0.0,109.58333333333333,102.84615384615384,79.9709701116978,0.7297731112854552,False,False,Regular,Maintain standard replenishment review
21329,DINOSAURS  WRITING SET,941,1723.69,287,2.205690054758728,13,12,0,0.0,75.75,72.38461538461539,57.295287764352835,0.7563734358330407,False,False,Regular,Maintain standard replenishment review
21331,MOROCCAN BEATEN METAL DISH LARGE,12,165.74,8,13.811666666666667,6,12,6,0.5,1.0,2.0,1.3483997249264843,1.3483997249264843,False,False,Long-Tail,Limit stock and avoid excessive local warehouse space
21332,MOROCCAN BEATEN METAL MIRROR,19,268.1,13,13.433571428571428,7,11,4,0.36363636363636365,1.7272727272727273,2.7142857142857144,1.7372915179041826,1.0058003524708425,False,False,Long-Tail,Limit stock and avoid excessive local warehouse space
21333,CLASSIC WHITE FRAME,56,168.16000000000003,16,3.0345714285714287,5,12,7,0.5833333333333334,4.666666666666667,11.2,8.227816824466238,1.763103605242765,False,False,Long-Tail,Limit stock and avoid excessive local warehouse space
21336,GOLD WASHBAG,27,54.57000000000001,10,2.125,4,12,8,0.6666666666666666,2.25,6.75,4.351070923556428,1.9338092993584124,False,False,Long-Tail,Limit stock and avoid excessive local warehouse space
21340,CLASSIC METAL BIRDCAGE PLANT HOLDER,956,11105.369999999999,286,13.597075244384408,13,12,0,0.0,78.41666666666667,73.53846153846153,28.29538456849081,0.36083380958755545,False,False,High-Revenue Priority,Prioritize inventory monitoring and avoid stockouts
21344,MOROCCAN BEATEN METAL DISH,15,160.09,6,12.117999999999999,5,11,7,0.6363636363636364,1.0909090909090908,3.0,1.8140862964338522,1.662912438397698,False,False,Long-Tail,Limit stock and avoid excessive local warehouse space
21348,PINK SPOTS CHOCOLATE NESTING BOXES,140,361.55999999999995,6,3.3099999999999996,2,12,10,0.8333333333333334,11.666666666666666,70.0,33.082083405134,2.835607149011486,False,False,Regular,Maintain standard replenishment review
21349,IVY HEART WREATH,14,128.6,10,8.113999999999999,3,12,9,0.75,1.1666666666666667,4.666666666666667,2.587850400809463,2.218157486408111,False,False,Long-Tail,Limit stock and avoid excessive local warehouse space
21351,CINAMMON & ORANGE WREATH,104,672.88,34,6.566571428571429,7,12,6,0.5,8.083333333333334,14.857142857142858,11.889325489953608,1.4708443905097246,False,False,Regular,Maintain standard replenishment review
21352,EUCALYPTUS & PINECONE  WREATH,372,1470.76,76,5.401441558441559,10,12,2,0.16666666666666666,31.0,37.2,46.73328578219169,1.5075253478126354,False,False,Regular,Maintain standard replenishment review
21354,TOAST ITS - BEST MUM,799,1007.7099999999999,95,1.4964696886446884,12,12,1,0.08333333333333333,64.58333333333333,66.58333333333333,63.528745581441434,0.9836708993255449,False,False,Regular,Maintain standard replenishment review
21355,TOAST ITS - I LOVE YOU,789,992.58,120,1.2881356470887362,12,12,1,0.08333333333333333,65.5,65.75,127.42591430460146,1.9454338061771215,False,False,Regular,Maintain standard replenishment review
21356,TOAST ITS - FAIRY FLOWER,642,703.3,151,1.3666998855870094,13,12,0,0.0,47.916666666666664,49.38461538461539,46.78472620482678,0.9763768947094286,False,False,Regular,Maintain standard replenishment review
21357,TOAST ITS - DINOSAUR,19,23.75,10,1.25,3,12,9,0.75,1.5833333333333333,6.333333333333333,3.7040109300185615,2.3393753242222495,False,False,Long-Tail,Limit stock and avoid excessive local warehouse space
21358,TOAST ITS - HAPPY BIRTHDAY,411,493.29,108,1.2977578042872162,13,12,0,0.0,33.5,31.615384615384617,18.402074981815602,0.5493156710989732,False,False,Regular,Maintain standard replenishment review
21359,RELAX LARGE WOOD LETTERS,128,828.33,28,16.850714285714286,7,12,5,0.4166666666666667,10.666666666666666,18.285714285714285,21.111536412515544,1.9792065386733324,False,False,Regular,Maintain standard replenishment review
21360,JOY LARGE WOOD LETTERS,39,236.17,16,8.475142857142858,7,12,5,0.4166666666666667,3.25,5.571428571428571,4.864061153921783,1.4966342012067027,False,False,Long-Tail,Limit stock and avoid excessive local warehouse space
21361,LOVE LARGE WOOD LETTERS,104,1480.46,68,14.286170455361631,8,12,4,0.3333333333333333,8.666666666666666,13.0,11.308350360631204,1.3048096569959082,False,False,Regular,Maintain standard replenishment review
21363,HOME SMALL WOOD LETTERS,233,1354.44,122,6.187740512820513,10,12,2,0.16666666666666666,19.416666666666668,23.3,19.13330429730666,0.9854062299042056,False,False,Regular,Maintain standard replenishment review
21364,PEACE SMALL WOOD LETTERS,29,216.21,23,7.022799999999999,10,12,2,0.16666666666666666,2.4166666666666665,2.9,2.466441431158124,1.0205964542723271,False,False,Long-Tail,Limit stock and avoid excessive local warehouse space
21365,MIRRORED WALL ART STARS,363,447.09000000000003,52,2.404666666666667,11,12,2,0.16666666666666666,25.916666666666668,33.0,26.040033282108787,1.0047601266408535,False,False,Regular,Maintain standard replenishment review
21366,MIRRORED WALL ART PHOTO FRAMES,89,470.17,46,6.578277777777777,12,12,1,0.08333333333333333,7.166666666666667,7.416666666666667,6.3508529610858835,0.8861655294538442,False,False,Long-Tail,Limit stock and avoid excessive local warehouse space
21367,MIRRORED WALL ART GENTS,171,199.49,43,2.2625310245310244,11,12,2,0.16666666666666666,13.166666666666666,15.545454545454545,15.343540739485212,1.165332208062168,False,False,Regular,Maintain standard replenishment review
21368,MIRRORED WALL ART LADIES,163,143.28,33,1.5302,10,11,2,0.18181818181818182,13.727272727272727,16.3,16.013062849379622,1.1665145122064626,False,False,Regular,Maintain standard replenishment review
21369,MIRRORED WALL ART SPLODGES,101,161.49,16,2.686818181818182,11,12,2,0.16666666666666666,7.416666666666667,9.181818181818182,9.394953513198004,1.2667353051502928,False,False,Regular,Maintain standard replenishment review
21370,MIRRORED WALL ART FOXY,16,100.66000000000001,9,5.9191666666666665,3,12,10,0.8333333333333334,0.75,5.333333333333333,2.050498830661811,2.7339984408824147,False,False,Long-Tail,Limit stock and avoid excessive local warehouse space
21371,MIRRORED WALL ART POPPIES,287,319.71,38,2.093611111111111,12,11,0,0.0,22.636363636363637,23.916666666666668,25.20822376635342,1.113616310963404,False,False,Regular,Maintain standard replenishment review
21372,MIRRORED WALL ART TABLE LAMP,75,107.75,33,2.371111111111111,9,12,3,0.25,6.25,8.333333333333334,5.412527556091937,0.8660044089747099,False,False,Long-Tail,Limit stock and avoid excessive local warehouse space
21373,MIRRORED WALL ART SNOWFLAKES,500,380.03999999999996,46,0.894,7,6,0,0.0,71.16666666666667,71.42857142857143,24.50646173291172,0.34435309226573846,False,False,Regular,Maintain standard replenishment review
21374,MIRRORED WALL ART SKULLS,304,463.79,46,2.607119047619048,11,12,2,0.16666666666666666,22.333333333333332,27.636363636363637,23.997474614608677,1.0745137887138214,False,False,Regular,Maintain standard replenishment review
21375,LARGE CAMPHOR WOOD FIELD MUSHROOM,41,312.77,27,8.110897435897435,13,12,0,0.0,3.1666666666666665,3.1538461538461537,1.8989630344113086,0.5996725371825186,False,False,Long-Tail,Limit stock and avoid excessive local warehouse space
21376,LARGE  TALL CAMPHOR WOOD TOADSTOOL,33,192.81,17,6.281818181818181,11,12,2,0.16666666666666666,2.5833333333333335,3.0,1.9286515936521478,0.7465748104459926,False,False,Long-Tail,Limit stock and avoid excessive local warehouse space
21377,SMALL CAMPHOR WOOD FIELD  MUSHROOM,121,215.67999999999998,41,2.4699743589743592,13,12,0,0.0,8.0,9.307692307692308,3.330301651638946,0.41628770645486823,False,False,Regular,Maintain standard replenishment review
21378,SMALL TALL CAMPHOR WOOD TOADSTOOL,142,217.89,34,2.130706349206349,12,12,1,0.08333333333333333,8.916666666666666,11.833333333333334,6.6940724570776835,0.7507370979900206,False,False,Regular,Maintain standard replenishment review
21379,CAMPHOR WOOD PORTOBELLO MUSHROOM,178,246.82999999999998,50,1.9345054945054942,13,12,0,0.0,12.583333333333334,13.692307692307692,10.621233735334425,0.8440715551259145,False,False,Regular,Maintain standard replenishment review
21380,WOODEN HAPPY BIRTHDAY GARLAND,2165,6307.51,290,3.4415996648512777,13,12,0,0.0,179.91666666666666,166.53846153846155,111.0163446879728,0.6170431386084639,False,False,High-Revenue Priority,Prioritize inventory monitoring and avoid stockouts
21381,MINI WOODEN HAPPY BIRTHDAY GARLAND,1786,3088.9900000000002,222,2.4178678785954326,13,12,0,0.0,148.0,137.3846153846154,161.78268252083214,1.0931262332488658,False,False,Regular,Maintain standard replenishment review
21382,SET/4 SPRING FLOWER DECORATION,1143,1376.5300000000002,128,2.0704114774114775,13,12,0,0.0,95.0,87.92307692307692,89.17602613014125,0.9386950118962237,False,False,Regular,Maintain standard replenishment review
21383,PACK OF 12 STICKY BUNNIES,991,751.28,167,1.0519955402205368,13,12,0,0.0,81.08333333333333,76.23076923076923,92.73957509002717,1.143756321768064,False,False,Regular,Maintain standard replenishment review
21385,IVORY HANGING DECORATION  HEART,3883,3442.45,317,1.1014622544122543,13,12,0,0.0,319.8333333333333,298.6923076923077,154.6414229660659,0.48350627295278553,False,False,High-Revenue Priority,Prioritize inventory monitoring and avoid stockouts
21386,IVORY HANGING DECORATION  EGG,709,285.64,51,0.5489772727272727,12,12,1,0.08333333333333333,52.75,59.083333333333336,37.57447150780579,0.7123122560721477,False,False,Regular,Maintain standard replenishment review
21389,IVORY HANGING DECORATION  BIRD,1113,964.23,128,0.9470196861961567,13,12,0,0.0,91.58333333333333,85.61538461538461,92.29346311268928,1.0077539193378267,False,False,Regular,Maintain standard replenishment review
21390,FILIGRIS HEART WITH BUTTERFLY,3900,4844.38,212,1.4596014891970772,13,12,0,0.0,321.25,300.0,150.90582553969938,0.4697457604348619,False,False,High-Revenue Priority,Prioritize inventory monitoring and avoid stockouts
21391,FRENCH LAVENDER SCENT HEART,1066,1049.29,105,1.9923899531715623,12,12,0,0.0,88.83333333333333,88.83333333333333,144.30512706404335,1.6244479594451409,False,False,Regular,Maintain standard replenishment review
21392,RED POLKADOT PUDDING BOWL,34,46.39,7,2.2066666666666666,3,12,9,0.75,2.8333333333333335,11.333333333333334,6.191391873668903,2.1851971318831422,False,False,Long-Tail,Limit stock and avoid excessive local warehouse space
21393,BLUE POLKADOT PUDDING BOWL,29,38.67,7,1.245,2,12,10,0.8333333333333334,2.4166666666666665,14.5,5.680242205676754,2.3504450506248635,False,False,Long-Tail,Limit stock and avoid excessive local warehouse space
21394,RED POLKADOT BEAKER,3847,1596.75,129,0.9960690943043885,11,12,1,0.08333333333333333,320.5833333333333,349.72727272727275,285.57548224699906,0.89079952871432,False,False,High-Turnover Stable,Keep stable local warehouse inventory
21395,BLUE POLKADOT BEAKER,2832,1136.7199999999998,89,0.5081226076555024,8,9,1,0.1111111111111111,314.6666666666667,354.0,246.12395251173743,0.7821735778974706,False,False,High-Turnover Stable,Keep stable local warehouse inventory
21397,BLUE POLKADOT EGG CUP,1075,550.43,65,1.639171717171717,6,12,6,0.5,89.58333333333333,179.16666666666666,218.69300123204397,2.4412241997995605,False,False,Regular,Maintain standard replenishment review
21398,RED POLKADOT COFFEE  MUG,1532,729.5999999999999,63,2.103614774114774,5,12,7,0.5833333333333334,127.66666666666667,306.4,288.58032860991415,2.2604203285371867,False,False,Regular,Maintain standard replenishment review
21399,BLUE POLKADOT COFFEE MUG,1958,832.17,69,1.6519272807937404,7,12,5,0.4166666666666667,163.16666666666666,279.7142857142857,304.74574598666624,1.8676960938917238,False,False,High-Turnover Volatile,Monitor closely and replenish in smaller batches
21400,RED PUDDING SPOON,881,128.63,72,0.2983732933732934,13,12,0,0.0,72.75,67.76923076923077,51.17194721542441,0.70339446344226,False,False,Regular,Maintain standard replenishment review
21401,BLUE PUDDING SPOON,1052,151.19,82,0.31502197802197796,13,12,0,0.0,84.66666666666667,80.92307692307692,67.15563109582686,0.7931767452263014,False,False,Regular,Maintain standard replenishment review
21402,RED  EGG  SPOON,1369,185.52,92,0.35521153846153847,13,12,0,0.0,113.66666666666667,105.3076923076923,84.37614196758071,0.7423120994215311,False,False,Regular,Maintain standard replenishment review
21403,BLUE EGG  SPOON,1857,322.18,106,0.32519787151008867,13,12,0,0.0,154.25,142.84615384615384,84.55888212041681,0.5481937252539177,False,False,Regular,Maintain standard replenishment review
21407,BROWN CHECK CAT DOORSTOP,289,1416.86,137,5.480570697844354,12,12,0,0.0,24.083333333333332,24.083333333333332,14.260296652105826,0.5921230443780966,False,False,Regular,Maintain standard replenishment review
21408,SPOTTY PINK DUCK DOORSTOP,285,1282.81,117,5.96658421869734,13,12,0,0.0,14.916666666666666,21.923076923076923,8.554194434559133,0.5734655486855285,False,False,Regular,Maintain standard replenishment review
21410,COUNTRY COTTAGE  DOORSTOP GREEN,1,8.47,1,8.47,1,12,11,0.9166666666666666,0.08333333333333333,1.0,0.2886751345948129,3.4641016151377553,False,False,Long-Tail,Limit stock and avoid excessive local warehouse space
21411,GINGHAM HEART  DOORSTOP RED,779,2936.33,240,5.096824884831767,13,12,0,0.0,39.833333333333336,59.92307692307692,17.569774321173554,0.4410822005315536,False,False,Regular,Maintain standard replenishment review
21413,PERIWINKLE T-LIGHT HOLDER,48,75.02,17,1.4705714285714286,7,12,5,0.4166666666666667,4.0,6.857142857142857,6.396021490668313,1.5990053726670783,False,False,Long-Tail,Limit stock and avoid excessive local warehouse space
21414,SCALLOP SHELL SOAP DISH,1,2.1,1,2.1,1,10,9,0.9,0.1,1.0,0.31622776601683794,3.162277660168379,False,False,Long-Tail,Limit stock and avoid excessive local warehouse space
21415,CLAM SHELL SMALL,219,446.02000000000004,46,2.8143076923076924,13,12,0,0.0,15.166666666666666,16.846153846153847,11.668398139912572,0.7693449323019279,False,False,Regular,Maintain standard replenishment review
21416,CLAM SHELL LARGE,5,18.75,4,3.75,3,12,9,0.75,0.4166666666666667,1.6666666666666667,0.90033663737852,2.1608079297084477,False,False,Long-Tail,Limit stock and avoid excessive local warehouse space
21417,COCKLE SHELL DISH,340,629.8000000000001,68,3.1905341880341878,13,12,0,0.0,16.416666666666668,26.153846153846153,11.188129531974612,0.6815104283436312,False,False,Regular,Maintain standard replenishment review
21418,STARFISH SOAP DISH,74,189.75,25,3.713636363636364,11,12,2,0.16666666666666666,4.5,6.7272727272727275,5.485518124198396,1.2190040275996437,False,False,Long-Tail,Limit stock and avoid excessive local warehouse space
21420,OYSTER TRINKET BOX,53,120.41,19,4.0424999999999995,12,12,1,0.08333333333333333,2.0833333333333335,4.416666666666667,1.3113721705515067,0.6294586418647231,False,False,Long-Tail,Limit stock and avoid excessive local warehouse space
21421,PORCELAIN ROSE LARGE,299,348.43,14,1.3527777777777779,6,12,6,0.5,24.916666666666668,49.833333333333336,50.645754256822194,2.032605522012931,False,False,Regular,Maintain standard replenishment review
21422,PORCELAIN ROSE SMALL,1607,1295.0,63,1.1044325396825396,12,12,0,0.0,133.91666666666666,133.91666666666666,153.2837288010424,1.1446202524035525,False,False,Regular,Maintain standard replenishment review
21424,WOODLAND STORAGE BOX LARGE,346,1401.02,70,5.30179797979798,11,12,1,0.08333333333333333,28.833333333333332,31.454545454545453,23.68671792504411,0.8215046679206051,False,False,Regular,Maintain standard replenishment review
21425,SKULLS STORAGE BOX LARGE,87,320.49,30,4.313030303030303,11,12,2,0.16666666666666666,6.75,7.909090909090909,8.833047451062814,1.308599622379676,False,False,Long-Tail,Limit stock and avoid excessive local warehouse space
21426,WOODLAND STORAGE BOX SMALL,256,624.58,46,3.6885462962962965,12,12,1,0.08333333333333333,21.25,21.333333333333332,22.776083947860748,1.0718157151934469,False,False,Regular,Maintain standard replenishment review
21427,SKULLS STORAGE BOX SMALL,95,254.34,40,3.380484848484848,11,12,2,0.16666666666666666,7.416666666666667,8.636363636363637,7.92531425626808,1.0685816974743478,False,False,Long-Tail,Limit stock and avoid excessive local warehouse space
21428,SET3 BOOK BOX GREEN GINGHAM FLOWER,1201,5138.13,260,5.514339240934036,13,12,0,0.0,98.41666666666667,92.38461538461539,46.099612172167376,0.46841265543269134,False,False,High-Revenue Priority,Prioritize inventory monitoring and avoid stockouts
21429,RED GINGHAM ROSE JEWELLERY BOX,1740,3391.15,286,2.375848517616801,11,12,2,0.16666666666666666,136.41666666666666,158.1818181818182,117.07764194082593,0.8582356159376366,False,False,High-Revenue Priority,Prioritize inventory monitoring and avoid stockouts
21430,SET/3 RED GINGHAM ROSE STORAGE BOX,3006,11809.59,475,4.951401784500088,13,12,0,0.0,247.16666666666666,231.23076923076923,132.3011944791356,0.535271184676206,False,False,High-Revenue Priority,Prioritize inventory monitoring and avoid stockouts
21439,BASKET OF TOADSTOOLS,1022,1334.67,129,1.6151963933502396,13,12,0,0.0,83.5,78.61538461538461,67.98061220939125,0.8141390683759432,False,False,Regular,Maintain standard replenishment review
21441,BLUE BIRDHOUSE DECORATION,421,292.03,62,1.0702767857142856,12,12,1,0.08333333333333333,23.416666666666668,35.083333333333336,18.05777764104247,0.7711506465925609,False,False,Regular,Maintain standard replenishment review
21442,GREEN BIRDHOUSE DECORATION,437,307.94,59,1.111863247863248,13,12,0,0.0,24.75,33.61538461538461,15.960889699512366,0.64488443230353,False,False,Regular,Maintain standard replenishment review
21445,12 PINK ROSE PEG PLACE SETTINGS,210,262.5,20,1.25,6,12,6,0.5,17.5,35.0,35.44906717582796,2.0256609814758835,False,False,Regular,Maintain standard replenishment review
21446,12 RED ROSE PEG PLACE SETTINGS,449,630.92,105,1.5445886720117488,13,12,0,0.0,36.416666666666664,34.53846153846154,25.503861858490563,0.7003348794093519,False,False,Regular,Maintain standard replenishment review
21447,12 IVORY ROSE PEG PLACE SETTINGS,968,1476.85,147,1.7137395013268466,10,12,2,0.16666666666666666,80.66666666666667,96.8,61.02955071607574,0.7565646782984595,False,False,Regular,Maintain standard replenishment review
21448,12 DAISY PEGS IN WOOD BOX,344,592.6199999999999,77,1.8766049783549783,11,12,1,0.08333333333333333,28.666666666666668,31.272727272727273,33.027077963208896,1.1521073708096126,False,False,Regular,Maintain standard replenishment review
21452,TOADSTOOL MONEY BOX,810,2528.46,182,3.6212185688243386,13,12,0,0.0,65.33333333333333,62.30769230769231,32.547401329957715,0.49817451015241404,False,False,Regular,Maintain standard replenishment review
21454,PAINTED PINK RABBIT,572,485.15999999999997,136,0.9155595980595981,13,12,0,0.0,47.083333333333336,44.0,61.212681890621525,1.3000923587388642,False,False,Regular,Maintain standard replenishment review
21455,PAINTED YELLOW WOODEN DAISY,612,516.79,117,0.9169857789269553,13,12,0,0.0,50.5,47.07692307692308,61.17263202683785,1.211339248056195,False,False,Regular,Maintain standard replenishment review
21456,2 PICTURE BOOK EGGS EASTER CHICKS,171,222.22,25,1.5693055555555555,6,11,6,0.5454545454545454,14.454545454545455,28.5,27.482225660828988,1.9012860520070367,False,False,Regular,Maintain standard replenishment review
21457,2 PICTURE BOOK EGGS EASTER DUCKS,124,165.89000000000001,25,1.5726666666666667,5,11,6,0.5454545454545454,11.272727272727273,24.8,16.24863630641605,1.441411285246585,False,False,Regular,Maintain standard replenishment review
21458,2 PICTURE BOOK EGGS EASTER BUNNY,182,256.54,36,1.9038732993197276,7,11,4,0.36363636363636365,16.545454545454547,26.0,25.425827956484074,1.5367258655017846,False,False,Regular,Maintain standard replenishment review
21459,YELLOW EASTER EGG HUNT START POST,76,150.38,19,2.040833333333333,4,11,7,0.6363636363636364,6.909090909090909,19.0,11.682932384076741,1.690950739800581,False,False,Long-Tail,Limit stock and avoid excessive local warehouse space
21460,GREEN EASTER EGG HUNT START POST,28,56.78,11,2.095333333333333,3,11,8,0.7272727272727273,2.5454545454545454,9.333333333333334,4.457883721310738,1.7513114619435042,False,False,Long-Tail,Limit stock and avoid excessive local warehouse space
21461,BLUE EASTER EGG HUNT START POST,9,21.91,5,2.918888888888889,3,11,8,0.7272727272727273,0.8181818181818182,3.0,1.662418829187267,2.0318452356733263,False,False,Long-Tail,Limit stock and avoid excessive local warehouse space
21462,"NURSERY A,B,C PAINTED LETTERS",198,932.4,73,7.090291666666666,12,12,1,0.08333333333333333,8.916666666666666,16.5,6.244391422902975,0.7003055801386514,False,False,Regular,Maintain standard replenishment review
21463,MIRRORED DISCO BALL,609,3229.05,128,5.814051596970149,13,12,0,0.0,48.833333333333336,46.84615384615385,42.187532267103265,0.8639085105891453,False,False,High-Revenue Priority,Prioritize inventory monitoring and avoid stockouts
21464,DISCO BALL ROTATOR BATTERY OPERATED,241,1021.25,102,4.246794871794872,13,12,0,0.0,19.833333333333332,18.53846153846154,14.102439075521223,0.7110473483456079,False,False,Regular,Maintain standard replenishment review
21465,PINK FLOWER CROCHET FOOD COVER,237,897.8,79,3.9750811965811965,13,12,0,0.0,19.25,18.23076923076923,10.938879783098951,0.5682534952259195,False,False,Regular,Maintain standard replenishment review
21466,RED FLOWER CROCHET FOOD COVER,304,1116.89,112,3.99557264957265,13,12,0,0.0,24.583333333333332,23.384615384615383,14.56932227370757,0.5926503975745453,False,False,Regular,Maintain standard replenishment review
21467,CHERRY CROCHET FOOD COVER,264,1004.39,104,4.2175435120435125,13,12,0,0.0,21.833333333333332,20.307692307692307,17.43994022786532,0.7987758882991751,False,False,Regular,Maintain standard replenishment review
21468,BUTTERFLY CROCHET FOOD COVER,148,572.23,66,4.163421271538919,11,12,1,0.08333333333333333,12.333333333333334,13.454545454545455,12.316532373073587,0.9986377599789394,False,False,Regular,Maintain standard replenishment review
21469,POLKA DOT RAFFIA FOOD COVER,290,1085.32,89,3.894242110453649,13,12,0,0.0,23.583333333333332,22.307692307692307,22.395041388393967,0.9496130624053979,False,False,Regular,Maintain standard replenishment review
21470,FLOWER VINE RAFFIA FOOD COVER,381,1470.32,140,4.245324009324009,13,12,0,0.0,31.0,29.307692307692307,16.10759278894725,0.5195997673853952,False,False,Regular,Maintain standard replenishment review
21471,STRAWBERRY RAFFIA FOOD COVER,639,2220.59,163,3.7703378334628335,13,12,0,0.0,52.166666666666664,49.15384615384615,33.95942320244006,0.650979358513228,False,False,Regular,Maintain standard replenishment review
21472,LADYBIRD + BEE RAFFIA FOOD COVER,123,476.40999999999997,37,4.021856060606061,6,12,6,0.5,10.25,20.5,14.623300212021535,1.426663435319174,False,False,Regular,Maintain standard replenishment review
21473,SWEETHEART CREAM STEEL TABLE RECT,27,618.66,21,21.40472727272727,11,12,1,0.08333333333333333,2.25,2.4545454545454546,1.712255291076124,0.7610023515893884,False,False,Long-Tail,Limit stock and avoid excessive local warehouse space
21476,STEEL SWEETHEART ROUND TABLE CREAM,41,699.63,24,17.357777777777777,9,11,2,0.18181818181818182,3.727272727272727,4.555555555555555,4.6063197694235045,1.2358418893575256,False,False,Long-Tail,Limit stock and avoid excessive local warehouse space
21479,WHITE SKULL HOT WATER BOTTLE,3915,20582.2,499,5.027152032871393,13,12,0,0.0,299.4166666666667,301.15384615384613,439.90090998548817,1.46919313103976,False,False,High-Revenue Priority,Prioritize inventory monitoring and avoid stockouts
21481,FAWN BLUE HOT WATER BOTTLE,3247,11278.07,485,4.0873422359760445,13,12,0,0.0,254.83333333333334,249.76923076923077,260.40207837926795,1.021852498545198,False,False,High-Revenue Priority,Prioritize inventory monitoring and avoid stockouts
21484,CHICK GREY HOT WATER BOTTLE,1835,8389.22,401,5.733576706669968,13,12,0,0.0,143.66666666666666,141.15384615384616,181.37371430950031,1.262462048558007,False,False,High-Revenue Priority,Prioritize inventory monitoring and avoid stockouts
21485,RETROSPOT HEART HOT WATER BOTTLE,3519,17639.23,621,5.65835433970839,13,12,0,0.0,279.25,270.6923076923077,318.3751717706643,1.1401080457320119,False,False,High-Revenue Priority,Prioritize inventory monitoring and avoid stockouts
21486,PINK HEART DOTS HOT WATER BOTTLE,36,147.88,11,4.042727272727273,1,12,11,0.9166666666666666,3.0,36.0,10.392304845413264,3.464101615137755,False,False,Long-Tail,Limit stock and avoid excessive local warehouse space
21488,RED WHITE SCARF  HOT WATER BOTTLE,69,566.1700000000001,16,7.928,2,12,10,0.8333333333333334,5.75,34.5,19.605773732152567,3.4096997795047943,False,False,Long-Tail,Limit stock and avoid excessive local warehouse space
21491,SET OF THREE VINTAGE GIFT WRAPS,1,1.95,1,1.95,1,12,11,0.9166666666666666,0.08333333333333333,1.0,0.2886751345948129,3.4641016151377553,False,False,Long-Tail,Limit stock and avoid excessive local warehouse space
21494,ROTATING LEAVES T-LIGHT HOLDER,1928,3571.33,313,2.909091575091575,13,12,0,0.0,151.33333333333334,148.30769230769232,163.40987693156092,1.0798009488869664,False,False,High-Revenue Priority,Prioritize inventory monitoring and avoid stockouts
21495,SKULLS AND CROSSBONES WRAP,5775,2345.5,164,0.4180811496196111,13,12,0,0.0,468.75,444.2307692307692,265.88723686418786,0.5672261053102674,False,False,High-Turnover Stable,Keep stable local warehouse inventory
21497,FANCY FONTS BIRTHDAY WRAP,8550,3409.0,230,0.41847119547119543,13,12,0,0.0,677.0833333333334,657.6923076923077,471.63380600811155,0.6965668519504417,False,False,High-Revenue Priority,Prioritize inventory monitoring and avoid stockouts
21498,RED RETROSPOT WRAP,10476,4290.92,334,0.41757992097348084,13,12,0,0.0,841.75,805.8461538461538,267.40576080011977,0.3176783615089038,False,False,High-Revenue Priority,Prioritize inventory monitoring and avoid stockouts
21499,BLUE POLKADOT WRAP,6702,2726.84,215,0.41696638627073407,13,12,0,0.0,550.1666666666666,515.5384615384615,165.54418983425177,0.30089825477295085,False,False,High-Turnover Stable,Keep stable local warehouse inventory
21500,PINK POLKADOT WRAP,6350,2593.0,213,0.4169481277460817,13,12,0,0.0,518.75,488.46153846153845,198.8961012461257,0.3834141710768688,False,False,High-Turnover Stable,Keep stable local warehouse inventory
21503,TOYBOX  WRAP,725,288.5,22,0.4184,10,12,2,0.16666666666666666,60.416666666666664,72.5,82.19871524469703,1.3605304592225715,False,False,Regular,Maintain standard replenishment review
21504,SKULLS GREETING CARD,1891,778.89,115,0.48147798355490656,13,12,0,0.0,151.58333333333334,145.46153846153845,83.16736503016436,0.5486577132281321,False,False,High-Turnover Stable,Keep stable local warehouse inventory
21506,"FANCY FONT BIRTHDAY CARD,",4910,2080.85,322,0.5124291011149258,13,12,0,0.0,378.5833333333333,377.6923076923077,177.80145123312707,0.4696494419541107,False,False,High-Turnover Stable,Keep stable local warehouse inventory
21507,"ELEPHANT, BIRTHDAY CARD,",3296,1410.16,260,0.5356350666876982,13,12,0,0.0,266.0,253.53846153846155,94.30800602281865,0.354541376025634,False,False,High-Turnover Stable,Keep stable local warehouse inventory
21508,VINTAGE KID DOLLY CARD,2466,1036.9,212,0.5550046135141629,13,12,0,0.0,201.16666666666666,189.69230769230768,57.040389730488876,0.2835479191242198,False,False,High-Turnover Stable,Keep stable local warehouse inventory
21509,COWBOYS AND INDIANS BIRTHDAY CARD,3741,1572.28,274,0.5343939051396064,13,12,0,0.0,304.1666666666667,287.7692307692308,103.40637692076243,0.339966170698397,False,False,High-Turnover Stable,Keep stable local warehouse inventory
21518,BANK ACCOUNT  GREETING  CARD,318,132.44,38,0.5773540372670807,7,12,5,0.4166666666666667,26.5,45.42857142857143,40.554116482009114,1.530344018189023,False,False,Regular,Maintain standard replenishment review
21519,GIN & TONIC DIET GREETING CARD,3263,1374.1,243,0.5089784379500097,13,12,0,0.0,268.8333333333333,251.0,71.92778364864347,0.26755530185484244,False,False,High-Turnover Stable,Keep stable local warehouse inventory
21520,BOOZE & WOMEN GREETING CARD,504,214.19,58,0.5494322344322344,13,12,0,0.0,41.916666666666664,38.76923076923077,30.245836177242744,0.7215706443875008,False,False,Regular,Maintain standard replenishment review
21523,DOORMAT FANCY FONT HOME SWEET HOME,3241,21561.94,500,9.518887430217054,13,12,0,0.0,265.75,249.30769230769232,196.3189079950366,0.7387353076012666,False,False,High-Revenue Priority,Prioritize inventory monitoring and avoid stockouts
21524,DOORMAT SPOTTY HOME SWEET HOME,1746,13523.16,477,9.196158420065935,13,12,0,0.0,142.25,134.30769230769232,74.89887121372998,0.5265298503601404,False,False,High-Revenue Priority,Prioritize inventory monitoring and avoid stockouts
21527,RED RETROSPOT TRADITIONAL TEAPOT,474,3701.1400000000003,142,8.408778851315084,6,12,6,0.5,39.5,79.0,61.733297336202604,1.562868286992471,False,False,High-Revenue Priority,Prioritize inventory monitoring and avoid stockouts
21528,DAIRY MAID TRADITIONAL TEAPOT,213,1543.67,109,8.150229936729936,13,12,0,0.0,17.666666666666668,16.384615384615383,7.981038134038059,0.4517568755115882,False,False,Regular,Maintain standard replenishment review
21530,DAIRY MAID TOASTRACK,740,740.34,101,1.999703766319151,13,12,0,0.0,61.333333333333336,56.92307692307692,52.563958155467105,0.8570210568826158,False,False,Regular,Maintain standard replenishment review
21531,RED RETROSPOT SUGAR JAM BOWL,1514,3677.07,245,2.8400588124350716,13,12,0,0.0,125.33333333333333,116.46153846153847,53.3621134468562,0.42576154345895906,False,False,High-Revenue Priority,Prioritize inventory monitoring and avoid stockouts
21533,RETROSPOT LARGE MILK JUG,1336,6585.870000000001,337,5.226368049952929,13,12,0,0.0,108.91666666666667,102.76923076923077,48.60875030342383,0.4462930402762708,False,False,High-Revenue Priority,Prioritize inventory monitoring and avoid stockouts
21534,DAIRY MAID LARGE MILK JUG,364,1849.48,152,5.504712311946475,13,12,0,0.0,29.583333333333332,28.0,12.922554865135,0.4368187560045634,False,False,Regular,Maintain standard replenishment review
21535,RED RETROSPOT SMALL MILK JUG,2487,5986.01,343,2.7157595214056918,13,12,0,0.0,204.91666666666666,191.30769230769232,89.14590525785479,0.43503491789111737,False,False,High-Revenue Priority,Prioritize inventory monitoring and avoid stockouts
21537,RED RETROSPOT PUDDING BOWL,331,1383.71,60,4.481410256410256,13,12,0,0.0,26.583333333333332,25.46153846153846,22.72946959079309,0.8550270692461351,False,False,Regular,Maintain standard replenishment review
21538,DAIRY MAID  PUDDING BOWL,5,18.75,2,3.75,1,12,11,0.9166666666666666,0.4166666666666667,5.0,1.4433756729740643,3.4641016151377544,False,False,Long-Tail,Limit stock and avoid excessive local warehouse space
21539,RED RETROSPOT BUTTER DISH,966,4729.05,235,5.429572387407913,12,12,0,0.0,80.5,80.5,37.014739079060234,0.45981042334236316,False,False,High-Revenue Priority,Prioritize inventory monitoring and avoid stockouts
21544,SKULLS  WATER TRANSFER TATTOOS,1972,1687.6799999999998,174,1.084023540185305,13,12,0,0.0,154.75,151.69230769230768,75.76893702687018,0.489621563986237,False,False,High-Turnover Stable,Keep stable local warehouse inventory
21547,CERAMIC BIRDHOUSE CRESTED TIT SMALL,79,253.53000000000003,22,3.612857142857143,3,12,9,0.75,6.583333333333333,26.333333333333332,13.760670790555983,2.090228474514833,False,False,Long-Tail,Limit stock and avoid excessive local warehouse space
21555,CERAMIC STRAWBERRY TRINKET TRAY,137,350.46999999999997,69,2.7111447767918357,13,12,0,0.0,11.083333333333334,10.538461538461538,9.307458722916147,0.8397707118420583,False,False,Regular,Maintain standard replenishment review
21556,CERAMIC STRAWBERRY MONEY BOX,977,2515.52,114,3.2544244644244644,11,12,1,0.08333333333333333,81.41666666666667,88.81818181818181,130.158266131753,1.598668570707304,False,False,Regular,Maintain standard replenishment review
21557,SET OF 6 FUNKY BEAKERS,551,1843.61,162,4.448654784696968,13,12,0,0.0,45.0,42.38461538461539,59.142355227182,1.3142745606040445,False,False,Regular,Maintain standard replenishment review
21558,SKULL LUNCH BOX WITH CUTLERY,2131,5550.219999999999,412,3.448755210962477,13,12,0,0.0,176.33333333333334,163.92307692307693,50.738784400340556,0.28774357882990864,False,False,High-Revenue Priority,Prioritize inventory monitoring and avoid stockouts
21559,STRAWBERRY LUNCH BOX WITH CUTLERY,3932,9732.83,572,3.2013437210466082,13,12,0,0.0,324.1666666666667,302.46153846153845,134.19648642828534,0.4139737370538365,False,False,High-Revenue Priority,Prioritize inventory monitoring and avoid stockouts
21561,DINOSAUR LUNCH BOX WITH CUTLERY,1281,3127.38,213,3.084142142635486,13,12,0,0.0,105.5,98.53846153846153,86.04280118849941,0.8155715752464399,False,False,Regular,Maintain standard replenishment review
21562,HAWAIIAN GRASS SKIRT,324,380.36,28,1.4177272727272727,11,12,1,0.08333333333333333,27.0,29.454545454545453,34.31140812139204,1.2707928933848904,False,False,Regular,Maintain standard replenishment review
21563,RED HEART SHAPE LOVE BUCKET,1395,2803.13,159,3.330850258153902,13,12,0,0.0,65.16666666666667,107.3076923076923,41.20201524933047,0.6322559884807745,False,False,Regular,Maintain standard replenishment review
21564,PINK  HEART SHAPE LOVE BUCKET,1042,1831.62,123,3.2486320090166245,13,12,0,0.0,37.083333333333336,80.15384615384616,31.25687803096183,0.8428821042057122,False,False,Regular,Maintain standard replenishment review
21576,LETS GO SHOPPING COTTON TOTE BAG,252,585.34,78,2.752546957671958,12,12,1,0.08333333333333333,19.916666666666668,21.0,12.063908105911565,0.6057192354432585,False,False,Regular,Maintain standard replenishment review
21577,SAVE THE PLANET COTTON TOTE BAG,714,1651.4,174,2.8371310327099803,13,12,0,0.0,58.583333333333336,54.92307692307692,33.44590838770548,0.5709116652239911,False,False,Regular,Maintain standard replenishment review
21578,WOODLAND DESIGN  COTTON TOTE BAG,746,1657.76,127,2.84397998553171,13,12,0,0.0,62.083333333333336,57.38461538461539,52.32669809316592,0.8428461437825383,False,False,Regular,Maintain standard replenishment review
21579,LOLITA  DESIGN  COTTON TOTE BAG,168,391.72,48,2.6524351851851855,12,12,1,0.08333333333333333,12.5,14.0,8.62870473793984,0.6902963790351871,False,False,Regular,Maintain standard replenishment review
21580,RABBIT  DESIGN  COTTON TOTE BAG,181,444.07,62,3.2267500000000005,12,12,1,0.08333333333333333,15.0,15.083333333333334,11.646302573622396,0.7764201715748265,False,False,Regular,Maintain standard replenishment review
21581,SKULLS  DESIGN  COTTON TOTE BAG,252,590.67,79,3.07250641025641,13,12,0,0.0,20.916666666666668,19.384615384615383,17.18592623648957,0.821637907720617,False,False,Regular,Maintain standard replenishment review
21584,RETROSPOT SMALL TUBE MATCHES,1059,1743.35,146,1.6423076923076922,13,12,0,0.0,84.58333333333333,81.46153846153847,46.66604436814521,0.5517167807071355,False,False,Regular,Maintain standard replenishment review
21586,KINGS CHOICE GIANT TUBE MATCHES,743,1721.85,67,2.482190082644628,11,12,1,0.08333333333333333,61.916666666666664,67.54545454545455,77.94923561737687,1.2589378565390612,False,False,Regular,Maintain standard replenishment review
21587,COSY HOUR GIANT TUBE MATCHES,195,475.65,26,2.5374999999999996,2,12,10,0.8333333333333334,16.25,97.5,44.06219777459214,2.7115198630518242,False,False,Regular,Maintain standard replenishment review
21588,RETROSPOT GIANT TUBE MATCHES,1494,3442.5,132,2.527697368421052,13,12,0,0.0,105.58333333333333,114.92307692307692,156.26635671962228,1.480028635071403,False,False,High-Revenue Priority,Prioritize inventory monitoring and avoid stockouts
21591,COSY HOUR CIGAR BOX MATCHES,1374,1996.1399999999999,146,1.2523676470588236,12,12,1,0.08333333333333333,109.41666666666667,114.5,173.08193452988115,1.5818607877826152,False,False,Regular,Maintain standard replenishment review
21592,RETROSPOT CIGAR BOX MATCHES,2149,2149.07,216,1.181965811965812,13,12,0,0.0,132.33333333333334,165.30769230769232,109.95398486584644,0.8308865355101746,False,False,High-Turnover Stable,Keep stable local warehouse inventory
21594,DR. JAM'S AROUZER STRESS BALL,2,8.34,2,4.17,2,12,10,0.8333333333333334,0.16666666666666666,1.0,0.3892494720807615,2.3354968324845693,False,False,Long-Tail,Limit stock and avoid excessive local warehouse space
21595,DAD'S CAB ELECTRONIC METER,2,16.94,2,8.47,1,12,11,0.9166666666666666,0.16666666666666666,2.0,0.5773502691896258,3.4641016151377553,False,False,Long-Tail,Limit stock and avoid excessive local warehouse space
21609,SET 12 LAVENDER  BOTANICAL T-LIGHTS,763,2086.69,76,3.0060830527497195,9,12,3,0.25,63.583333333333336,84.77777777777777,66.9184827482911,1.0524532018079857,False,False,Regular,Maintain standard replenishment review
21613,S/12 VANILLA  BOTANICAL T-LIGHTS,227,661.9300000000001,42,3.065066666666667,10,12,2,0.16666666666666666,18.916666666666668,22.7,19.75973101276861,1.0445672782080322,False,False,Regular,Maintain standard replenishment review
21614,SET OF 12 ROSE BOTANICAL T-LIGHTS,51,153.29,9,3.896666666666667,3,9,6,0.6666666666666666,5.666666666666667,17.0,11.853269591129697,2.0917534572581817,False,False,Long-Tail,Limit stock and avoid excessive local warehouse space
21615,4 LAVENDER BOTANICAL DINNER CANDLES,891,1347.92,135,3.2462408625712467,13,12,0,0.0,72.25,68.53846153846153,135.7980619757279,1.8795579512211475,False,False,Regular,Maintain standard replenishment review
21616,4 PEAR BOTANICAL DINNER CANDLES,822,1288.3400000000001,138,2.9767479886931945,12,12,1,0.08333333333333333,63.666666666666664,68.5,132.5905065389013,2.082573401134576,False,False,Regular,Maintain standard replenishment review
21617,4 LILY  BOTANICAL DINNER CANDLES,525,1009.26,102,3.1223556998557,12,12,0,0.0,43.75,43.75,56.52211956393709,1.2919341614614193,False,False,Regular,Maintain standard replenishment review
21618,4 WILDFLOWER BOTANICAL CANDLES,404,768.37,91,3.238690476190476,11,12,1,0.08333333333333333,33.666666666666664,36.72727272727273,43.72711522683158,1.2988252047573736,False,False,Regular,Maintain standard replenishment review
21619,4 VANILLA BOTANICAL CANDLES,974,1476.3999999999999,164,2.9581320512820515,13,12,0,0.0,75.41666666666667,74.92307692307692,148.00151002505675,1.9624509616582109,False,False,Regular,Maintain standard replenishment review
21620,SET OF 4 ROSE BOTANICAL CANDLES,881,1429.49,165,2.938201175314219,12,12,1,0.08333333333333333,60.916666666666664,73.41666666666667,96.28599287665068,1.5806182141173848,False,False,Regular,Maintain standard replenishment review
21621,VINTAGE UNION JACK BUNTING,2759,24287.83,471,9.768382704104878,13,12,0,0.0,227.25,212.23076923076923,170.91046300222922,0.752081245334342,False,False,High-Revenue Priority,Prioritize inventory monitoring and avoid stockouts
21622,VINTAGE UNION JACK CUSHION COVER,372,1943.04,102,5.683539429800969,13,12,0,0.0,30.666666666666668,28.615384615384617,29.77593089403017,0.9709542682835925,False,False,Regular,Maintain standard replenishment review
21623,VINTAGE UNION JACK MEMOBOARD,3268,22970.29,220,10.409549028412313,13,12,0,0.0,266.6666666666667,251.3846153846154,383.21494878161656,1.437056057931062,False,False,High-Revenue Priority,Prioritize inventory monitoring and avoid stockouts
21624,VINTAGE UNION JACK DOORSTOP,214,1319.66,94,6.772196675119752,13,12,0,0.0,17.0,16.46153846153846,10.44465935734187,0.6143917269024629,False,False,Regular,Maintain standard replenishment review
21625,VINTAGE UNION JACK APRON,407,2939.51,169,8.273165371079399,13,12,0,0.0,33.333333333333336,31.307692307692307,12.382783747337808,0.3714835124201342,False,False,Regular,Maintain standard replenishment review
21626,VINTAGE UNION JACK PENNANT,777,1551.65,97,2.263442268305172,12,12,0,0.0,64.75,64.75,94.54111659628697,1.4600944648075207,False,False,Regular,Maintain standard replenishment review
21627,ELEPHANT CARNIVAL POUFFE,63,1299.83,47,22.227636363636364,11,12,1,0.08333333333333333,5.25,5.7272727272727275,2.6671401094873817,0.508026687521406,False,False,Long-Tail,Limit stock and avoid excessive local warehouse space
21628,TRIANGULAR POUFFE VINTAGE,61,1131.75,32,21.25287878787879,11,12,2,0.16666666666666666,5.0,5.545454545454546,5.2570299253821675,1.0514059850764335,False,False,Long-Tail,Limit stock and avoid excessive local warehouse space
21629,SQUARE FLOOR CUSHION VINTAGE RED,71,672.0500000000001,42,9.658875739644971,13,12,0,0.0,5.75,5.461538461538462,5.92567602587556,1.0305523523261844,False,False,Long-Tail,Limit stock and avoid excessive local warehouse space
21630,FLOOR CUSHION ELEPHANT CARNIVAL,68,709.1899999999999,34,12.743181818181817,11,12,2,0.16666666666666666,5.583333333333333,6.181818181818182,8.039203186808248,1.439857287189537,False,False,Long-Tail,Limit stock and avoid excessive local warehouse space
21631,HIPPY CHIC DECORATIVE PARASOL,169,896.01,27,11.159843137254903,6,12,6,0.5,14.083333333333334,28.166666666666668,33.945031322936664,2.4102980821020115,False,False,Regular,Maintain standard replenishment review
21632,VINTAGE PINK DECORATIVE PARASOL,88,489.7400000000001,24,8.554421052631579,2,12,10,0.8333333333333334,7.333333333333333,44.0,17.31700862963312,2.3614102676772437,False,False,Long-Tail,Limit stock and avoid excessive local warehouse space
21633,SUNFLOWER DECORATIVE PARASOL,125,895.46,42,11.803572984749456,9,12,3,0.25,10.416666666666666,13.88888888888889,19.814862802421516,1.9022268290324655,False,False,Regular,Maintain standard replenishment review
21634,ASSORTED MINI MADRAS NOTEBOOK,976,481.95,28,0.9657239057239058,9,12,3,0.25,81.33333333333333,108.44444444444444,166.52509138446996,2.047439648169713,False,False,Regular,Maintain standard replenishment review
21635,MADRAS NOTEBOOK LARGE,271,374.96,16,3.121,5,12,7,0.5833333333333334,22.583333333333332,54.2,68.66845025632995,3.0406693840441306,False,False,Regular,Maintain standard replenishment review
21636,MADRAS NOTEBOOK MEDIUM,913,705.16,73,1.1759876543209875,9,10,2,0.2,88.4,101.44444444444444,78.24207450101397,0.8850913405092078,False,False,Regular,Maintain standard replenishment review
21637,ASSORTED SANSKRIT MINI NOTEBOOK,109,136.25,6,1.25,5,9,4,0.4444444444444444,12.11111111111111,21.8,15.495519065559279,1.2794465283489314,False,False,Regular,Maintain standard replenishment review
21638,ASSORTED TUTTI FRUTTI NOTEBOOK,247,547.76,40,2.406688888888889,10,12,3,0.25,20.333333333333332,24.7,21.82297927054013,1.0732612756003344,False,False,Regular,Maintain standard replenishment review
21640,ASSORTED TUTTI FRUTTI  FOB NOTEBOOK,650,633.83,78,1.1337863756613757,12,12,1,0.08333333333333333,51.666666666666664,54.166666666666664,49.25505665472943,0.9533236771883116,False,False,Regular,Maintain standard replenishment review
21641,ASSORTED TUTTI FRUTTI KEYRING BALL,1153,451.59,49,1.1684666666666668,10,12,2,0.16666666666666666,96.08333333333333,115.3,184.46111111871662,1.9198034114697307,False,False,Regular,Maintain standard replenishment review
21642,ASSORTED TUTTI FRUTTI PEN,2399,809.8499999999999,100,0.620219435736677,11,12,2,0.16666666666666666,198.41666666666666,218.0909090909091,264.5979654746675,1.3335470750508231,False,False,High-Turnover Volatile,Monitor closely and replenish in smaller batches
21643,ASSORTED TUTTI FRUTTI MIRROR,538,728.31,59,1.702450396825397,12,12,0,0.0,44.833333333333336,44.833333333333336,30.417797820394956,0.6784638919047201,False,False,Regular,Maintain standard replenishment review
21644,ASSORTED TUTTI FRUTTI HEART BOX,214,267.5,31,1.25,11,12,1,0.08333333333333333,17.833333333333332,19.454545454545453,17.86735638650621,1.0019078347573576,False,False,Regular,Maintain standard replenishment review
21647,ASSORTED TUTTI FRUTTI LARGE PURSE,106,222.6,24,2.1,8,12,4,0.3333333333333333,8.833333333333334,13.25,11.255974844364646,1.2742613031356202,False,False,Regular,Maintain standard replenishment review
21648,ASSORTED TUTTI FRUTTI SMALL PURSE,729,982.79,66,1.666578042328042,12,12,1,0.08333333333333333,60.5,60.75,75.41943323236332,1.2466022021878234,False,False,Regular,Maintain standard replenishment review
21650,ASSORTED TUTTI FRUTTI BRACELET,2526,688.2900000000001,131,0.5443617752471508,11,12,2,0.16666666666666666,202.66666666666666,229.63636363636363,159.77047931519158,0.7883411808315375,False,False,High-Turnover Stable,Keep stable local warehouse inventory
21651,HANGING GLASS ETCHED TEALIGHT,127,198.57,11,1.7045833333333331,3,12,9,0.75,10.583333333333334,42.333333333333336,33.27149567185738,3.143763370569201,False,False,Regular,Maintain standard replenishment review
21654,RIDGED GLASS FINGER BOWL,974,504.68,59,1.065122222222222,10,12,2,0.16666666666666666,81.16666666666667,97.4,111.09278131636664,1.3686995644726896,False,False,Regular,Maintain standard replenishment review
21655,HANGING RIDGE GLASS T-LIGHT HOLDER,24,40.56,1,1.69,1,10,9,0.9,2.4,24.0,7.58946638440411,3.1622776601683795,False,False,Long-Tail,Limit stock and avoid excessive local warehouse space
21656,RIDGED GLASS POSY VASE,219,444.58,47,2.208066378066378,6,12,6,0.5,18.25,36.5,28.49282206259866,1.5612505239780088,False,False,Regular,Maintain standard replenishment review
21657,MILK BOTTLE WITH GLASS STOPPER,30,223.46,17,7.725703703703704,3,12,9,0.75,2.5,10.0,5.317210478505367,2.126884191402147,False,False,Long-Tail,Limit stock and avoid excessive local warehouse space
21658,GLASS  BEURRE DISH,874,3693.98,209,5.851887849177903,9,12,3,0.25,72.83333333333333,97.11111111111111,61.34082628801937,0.8422081412542706,False,False,High-Revenue Priority,Prioritize inventory monitoring and avoid stockouts
21661,VINTAGE GLASS TEA CADDY,3,17.85,3,5.95,2,11,9,0.8181818181818182,0.2727272727272727,1.5,0.6466697906828632,2.3711225658371653,False,False,Long-Tail,Limit stock and avoid excessive local warehouse space
21662,VINTAGE GLASS COFFEE CADDY,86,557.3000000000001,26,7.274309523809524,8,12,4,0.3333333333333333,7.166666666666667,10.75,15.862095088797716,2.213315593785728,False,False,Long-Tail,Limit stock and avoid excessive local warehouse space
21664,RIDGED GLASS STORAGE JAR CREAM LID,98,350.22,18,3.7435714285714288,8,12,4,0.3333333333333333,8.166666666666666,12.25,17.846992786325416,2.1853460554684183,False,False,Long-Tail,Limit stock and avoid excessive local warehouse space
21666,RIDGED GLASS T-LIGHT HOLDER,412,283.51,43,0.8516157407407406,12,12,1,0.08333333333333333,32.333333333333336,34.333333333333336,27.86112747615258,0.8616843549325539,False,False,Regular,Maintain standard replenishment review
21668,RED STRIPE CERAMIC DRAWER KNOB,5470,7448.76,435,1.723763069832476,13,12,0,0.0,452.5833333333333,420.7692307692308,171.82943886484077,0.37966364691181903,False,False,High-Revenue Priority,Prioritize inventory monitoring and avoid stockouts
21669,BLUE STRIPE CERAMIC DRAWER KNOB,5215,7040.099999999999,421,1.615512771829703,13,12,0,0.0,431.0,401.15384615384613,148.94477316960624,0.3455795201150957,False,False,High-Revenue Priority,Prioritize inventory monitoring and avoid stockouts
21670,BLUE SPOT CERAMIC DRAWER KNOB,4309,6059.04,371,1.7627984744886918,13,12,0,0.0,357.1666666666667,331.46153846153845,104.98383713984768,0.29393514831501916,False,False,High-Revenue Priority,Prioritize inventory monitoring and avoid stockouts
21671,RED SPOT CERAMIC DRAWER KNOB,4376,6019.889999999999,365,1.7693782531745326,13,12,0,0.0,354.4166666666667,336.61538461538464,104.69996816300056,0.29541491134634534,False,False,High-Revenue Priority,Prioritize inventory monitoring and avoid stockouts
21672,WHITE SPOT RED CERAMIC DRAWER KNOB,4954,6728.5,405,1.7838081655415174,13,12,0,0.0,407.3333333333333,381.0769230769231,162.13593249511536,0.39804238746755,False,False,High-Revenue Priority,Prioritize inventory monitoring and avoid stockouts
21673,WHITE SPOT BLUE CERAMIC DRAWER KNOB,4314,5968.7,361,1.7257237917307955,13,12,0,0.0,357.1666666666667,331.84615384615387,137.50096418394727,0.38497703457941373,False,False,High-Revenue Priority,Prioritize inventory monitoring and avoid stockouts
21675,BUTTERFLIES STICKERS,616,558.06,109,1.19012564307673,12,12,1,0.08333333333333333,49.833333333333336,51.333333333333336,30.906996363969508,0.6202072848957092,False,False,Regular,Maintain standard replenishment review
21676,FLOWERS  STICKERS,257,245.35999999999999,61,1.177541514041514,12,12,1,0.08333333333333333,21.25,21.416666666666668,15.783334133307713,0.7427451356850688,False,False,Regular,Maintain standard replenishment review
21677,HEARTS  STICKERS,823,727.64,118,1.0490722784840432,13,12,0,0.0,67.58333333333333,63.30769230769231,37.84527911794484,0.5599794690694675,False,False,Regular,Maintain standard replenishment review
21678,PAISLEY PATTERN  STICKERS,125,111.86,32,1.0762407407407408,12,12,1,0.08333333333333333,10.25,10.416666666666666,8.22551462882967,0.8024892320809434,False,False,Regular,Maintain standard replenishment review
21679,SKULLS  STICKERS,1140,1028.58,138,1.122148434898435,13,12,0,0.0,92.16666666666667,87.6923076923077,48.320583480322206,0.5242739618118142,False,False,Regular,Maintain standard replenishment review
21680,WOODLAND  STICKERS,868,786.31,103,1.1706278793670097,13,12,0,0.0,68.91666666666667,66.76923076923077,59.2566963355709,0.859831143926059,False,False,Regular,Maintain standard replenishment review
21681,GIANT MEDINA STAMPED METAL BOWL,2,19.9,2,9.95,1,10,9,0.9,0.2,2.0,0.6324555320336759,3.162277660168379,False,False,Long-Tail,Limit stock and avoid excessive local warehouse space
21682,LARGE MEDINA STAMPED METAL BOWL,182,930.96,55,5.470269230769231,13,12,0,0.0,15.083333333333334,14.0,12.766848641791922,0.8464209044281937,False,False,Regular,Maintain standard replenishment review
21683,MEDIUM MEDINA STAMPED METAL BOWL,310,948.7,58,3.324656898656899,13,12,0,0.0,25.333333333333332,23.846153846153847,17.432119431635037,0.688109977564541,False,False,Regular,Maintain standard replenishment review
21684,SMALL MEDINA STAMPED METAL BOWL,771,612.1,47,1.1576993006993006,13,12,0,0.0,63.166666666666664,59.30769230769231,99.60999706430835,1.5769392675088394,False,False,Regular,Maintain standard replenishment review
21686,MEDINA STAMPED METAL STOOL,34,1311.69,19,39.7678,10,12,2,0.16666666666666666,2.8333333333333335,3.4,3.270622218625945,1.1543372536326864,False,False,Long-Tail,Limit stock and avoid excessive local warehouse space
21688,SILVER PLATE CANDLE BOWL SMALL,348,1101.2800000000002,57,3.84271164021164,12,12,0,0.0,29.0,29.0,20.937135342821765,0.7219701842352333,False,False,Regular,Maintain standard replenishment review
21689,SILVER VANILLA  FLOWER CANDLE POT,95,369.87,26,4.162727272727273,11,12,2,0.16666666666666666,7.416666666666667,8.636363636363637,6.459078647121195,0.8708870086006105,False,False,Long-Tail,Limit stock and avoid excessive local warehouse space
21690,SILVER  CANDLEPOT JARDIN,22,82.5,7,3.75,2,12,10,0.8333333333333334,1.8333333333333333,11.0,5.474458600601248,2.9860683276006807,False,False,Long-Tail,Limit stock and avoid excessive local warehouse space
21692,SILVER LATTICE VANILLA CANDLE POT,17,63.75,7,3.75,3,12,9,0.75,1.4166666666666667,5.666666666666667,2.968266507678524,2.095246946596605,False,False,Long-Tail,Limit stock and avoid excessive local warehouse space
21693,SMALL HAMMERED SILVER CANDLEPOT,361,1107.91,50,3.4943516483516484,13,12,0,0.0,29.083333333333332,27.76923076923077,21.906654586027397,0.7532374069694234,False,False,Regular,Maintain standard replenishment review
21694,SMALL REGAL  SILVER CANDLEPOT,307,840.3299999999999,24,3.452909090909091,11,12,2,0.16666666666666666,25.083333333333332,27.90909090909091,55.51160129907872,2.2130870949798824,False,False,Regular,Maintain standard replenishment review
21695,SMALL SILVER FLOWER CANDLE POT,284,857.6800000000001,41,3.38718315018315,13,12,0,0.0,23.583333333333332,21.846153846153847,20.331159844093023,0.8620986506329197,False,False,Regular,Maintain standard replenishment review
21696,SMALL SILVER TRELLIS CANDLEPOT,212,637.0000000000001,32,3.3280555555555558,12,12,0,0.0,17.666666666666668,17.666666666666668,12.078029138844958,0.683662026727073,False,False,Regular,Maintain standard replenishment review
21698,MOCK LOBSTER FRIDGE MAGNET,296,164.17,45,1.0009772727272728,11,12,2,0.16666666666666666,22.25,26.90909090909091,23.254031908466967,1.045125029594021,False,False,Regular,Maintain standard replenishment review
21700,BIG DOUGHNUT FRIDGE MAGNETS,1690,2304.3399999999997,197,3.0246329151791946,13,12,0,0.0,139.66666666666666,130.0,90.35016057070135,0.6468985243725633,False,False,Regular,Maintain standard replenishment review
21703,BAG 125G SWIRLY MARBLES,9306,3493.61,291,0.4856589255652412,13,12,0,0.0,763.6666666666666,715.8461538461538,543.0399840181423,0.7110955705169912,False,False,High-Revenue Priority,Prioritize inventory monitoring and avoid stockouts
21704,BAG 250G SWIRLY MARBLES,5144,4039.2799999999997,248,0.9578943581470107,13,12,0,0.0,422.5,395.6923076923077,186.44497116502572,0.4412898725799425,False,False,High-Revenue Priority,Prioritize inventory monitoring and avoid stockouts
21705,BAG 500G SWIRLY MARBLES,1447,1442.37,140,1.868539618146109,13,12,0,0.0,51.083333333333336,111.3076923076923,39.56458088500446,0.7745105556607724,False,False,Regular,Maintain standard replenishment review
21706,FOLDING UMBRELLA RED/WHITE POLKADOT,346,1616.81,120,5.366695526695527,13,12,0,0.0,28.083333333333332,26.615384615384617,19.672123023263765,0.7004910275346148,False,False,Regular,Maintain standard replenishment review
21707,FOLDING UMBRELLA BLACKBLUE POLKADOT,160,763.66,74,5.123153273809524,12,12,1,0.08333333333333333,12.666666666666666,13.333333333333334,9.575853470942926,0.7559884319165469,False,False,Regular,Maintain standard replenishment review
21708,FOLDING UMBRELLA CREAM POLKADOT,189,858.1600000000001,63,5.15717901706137,11,12,2,0.16666666666666666,15.666666666666666,17.181818181818183,13.22073669611035,0.8438768103900224,False,False,Regular,Maintain standard replenishment review
21709,FOLDING UMBRELLA CHOCOLATE POLKADOT,133,607.23,59,4.901018518518518,12,12,1,0.08333333333333333,11.0,11.083333333333334,8.112840551753855,0.7375309592503505,False,False,Regular,Maintain standard replenishment review
21710,FOLDING UMBRELLA PINKWHITE POLKADOT,107,501.98,45,4.912794372294372,11,12,1,0.08333333333333333,8.916666666666666,9.727272727272727,6.402532642823794,0.718041044055005,False,False,Regular,Maintain standard replenishment review
21711,FOLDING UMBRELLA WHITE/RED POLKADOT,104,513.0200000000001,36,5.481950216450216,11,12,1,0.08333333333333333,8.666666666666666,9.454545454545455,11.015141094572202,1.2709778186044849,False,False,Regular,Maintain standard replenishment review
21713,CITRONELLA CANDLE FLOWERPOT,786,1817.74,157,2.7177143799670116,13,12,0,0.0,65.16666666666667,60.46153846153846,59.653291204384956,0.9153957729573139,False,False,Regular,Maintain standard replenishment review
21714,CITRONELLA CANDLE GARDEN POT,1651,3010.65,225,2.0391254631978977,13,12,0,0.0,134.16666666666666,127.0,108.7723505419656,0.8107255941016069,False,False,Regular,Maintain standard replenishment review
21715,GIRLS VINTAGE TIN SEASIDE BUCKET,1330,3507.1699999999996,231,3.419074953930217,13,12,0,0.0,110.5,102.3076923076923,69.1710659426061,0.6259824972181548,False,False,High-Revenue Priority,Prioritize inventory monitoring and avoid stockouts
21716,BOYS VINTAGE TIN SEASIDE BUCKET,1425,3872.92,244,3.5283114778040354,13,12,0,0.0,118.0,109.61538461538461,77.14802772474603,0.6537968451249664,False,False,High-Revenue Priority,Prioritize inventory monitoring and avoid stockouts
21717,EASTER TIN BUCKET,408,946.9300000000001,41,2.7292434210526313,4,12,8,0.6666666666666666,34.0,102.0,70.48533051764613,2.073097956401357,False,False,Regular,Maintain standard replenishment review
21718,RED METAL BEACH SPADE,1493,2113.39,229,1.7620608844213494,13,12,0,0.0,122.75,114.84615384615384,116.32097051614633,0.9476250143881575,False,False,Regular,Maintain standard replenishment review
21719,LOVELY BONBON STICKER SHEET,345,307.44,58,1.073923076923077,13,12,0,0.0,28.416666666666668,26.53846153846154,17.122331687718308,0.6025453966352483,False,False,Regular,Maintain standard replenishment review
21720,CAKE SHOP  STICKER SHEET,57,48.45,8,0.85,6,12,6,0.5,4.75,9.5,6.1218684016624145,1.288814400349982,False,False,Long-Tail,Limit stock and avoid excessive local warehouse space
21721,CANDY SHOP  STICKER SHEET,195,179.45999999999998,33,1.0118571428571428,10,12,3,0.25,16.166666666666668,19.5,21.56947899793651,1.334194577191949,False,False,Regular,Maintain standard replenishment review
21722,SWEET PUDDING STICKER SHEET,98,95.52999999999999,36,1.1128333333333333,12,12,1,0.08333333333333333,7.916666666666667,8.166666666666666,8.67030809280976,1.0951968117233382,False,False,Long-Tail,Limit stock and avoid excessive local warehouse space
21723,ALPHABET HEARTS STICKER SHEET,397,350.08,59,1.1078681318681318,13,12,0,0.0,32.916666666666664,30.53846153846154,31.92450849150606,0.9698584858179057,False,False,Regular,Maintain standard replenishment review
21724,PANDA AND BUNNIES STICKER SHEET,408,355.83,81,0.981554945054945,13,12,0,0.0,33.75,31.384615384615383,22.353055516172525,0.6623127560347415,False,False,Regular,Maintain standard replenishment review
21725,SWEETIES  STICKERS,301,277.24,50,1.0905833333333332,12,12,0,0.0,25.083333333333332,25.083333333333332,22.805335632990218,0.9091828159331649,False,False,Regular,Maintain standard replenishment review
21726,MULTI HEARTS  STICKERS,237,204.69,42,0.88,12,12,1,0.08333333333333333,18.666666666666668,19.75,25.072017481767613,1.3431437936661221,False,False,Regular,Maintain standard replenishment review
21730,GLASS STAR FROSTED T-LIGHT HOLDER,517,2514.4300000000003,131,5.332995421245422,13,12,0,0.0,41.916666666666664,39.76923076923077,58.26812372493423,1.3900944029805382,False,False,Regular,Maintain standard replenishment review
21731,RED TOADSTOOL LED NIGHT LIGHT,13964,23858.73,845,2.418011039431458,13,12,0,0.0,1123.25,1074.1538461538462,606.1360670824513,0.5396270350166492,False,False,High-Revenue Priority,Prioritize inventory monitoring and avoid stockouts
21733,RED HANGING HEART T-LIGHT HOLDER,7831,23091.09,738,3.178696111751137,13,12,0,0.0,630.0833333333334,602.3846153846154,492.89044667577235,0.7822623145231143,False,False,High-Revenue Priority,Prioritize inventory monitoring and avoid stockouts
21735,TWO DOOR CURIO CABINET,188,2303.85,79,12.520535714285714,10,12,2,0.16666666666666666,15.666666666666666,18.8,9.442008004207322,0.6026813619706801,False,False,Regular,Maintain standard replenishment review
21736,GOLD SCROLL GLASS T-LIGHT HOLDER,80,137.22,5,1.7580000000000002,5,12,7,0.5833333333333334,6.666666666666667,16.0,11.483849001044375,1.7225773501566561,False,False,Long-Tail,Limit stock and avoid excessive local warehouse space
21738,COSY SLIPPER SHOES SMALL  RED,46,144.57999999999998,21,3.035384615384616,8,12,4,0.3333333333333333,3.8333333333333335,5.75,8.397330022998473,2.190607832086558,False,False,Long-Tail,Limit stock and avoid excessive local warehouse space
21739,COSY SLIPPER SHOES SMALL GREEN,254,703.08,111,3.171295590532433,10,12,3,0.25,19.25,25.4,22.320496084418586,1.1595062900996669,False,False,Regular,Maintain standard replenishment review
21741,COSY SLIPPER SHOES LARGE GREEN,147,480.17,40,3.8301851851851856,9,12,3,0.25,12.25,16.333333333333332,21.00703345418992,1.714859873811422,False,False,Regular,Maintain standard replenishment review
21742,LARGE ROUND WICKER PLATTER,194,1167.58,91,6.151730769230769,13,12,0,0.0,14.5,14.923076923076923,17.76871612489976,1.225428698268949,False,False,Regular,Maintain standard replenishment review
21743,STAR PORTABLE TABLE LIGHT,299,887.65,49,4.096678260869565,10,12,2,0.16666666666666666,24.916666666666668,29.9,53.172888398187105,2.1340289658135294,False,False,Regular,Maintain standard replenishment review
21744,SNOWFLAKE PORTABLE TABLE LIGHT,529,1557.65,127,3.4671683420745922,8,12,4,0.3333333333333333,44.083333333333336,66.125,80.1492452562812,1.8181303271746208,False,False,Regular,Maintain standard replenishment review
21745,GAOLERS KEYS DECORATIVE GARDEN,931,3460.73,213,3.996209399187168,13,12,0,0.0,72.91666666666667,71.61538461538461,31.861799108403186,0.4369618163438151,False,False,High-Revenue Priority,Prioritize inventory monitoring and avoid stockouts
21746,SMALL RED RETROSPOT WINDMILL,3063,3751.9300000000003,225,1.586342092339699,12,12,0,0.0,255.25,255.25,227.77865052801513,0.8923747327248389,False,False,High-Revenue Priority,Prioritize inventory monitoring and avoid stockouts
21747,SMALL SKULL WINDMILL,473,630.61,53,1.5504920634920634,12,12,0,0.0,39.416666666666664,39.416666666666664,40.623455681602856,1.0306162117954214,False,False,Regular,Maintain standard replenishment review
21749,LARGE RED RETROSPOT WINDMILL,1957,3864.49,139,2.6041267420445053,12,12,0,0.0,163.08333333333334,163.08333333333334,241.30006153536246,1.4796120278100917,False,False,High-Revenue Priority,Prioritize inventory monitoring and avoid stockouts
21750,LARGE SKULL WINDMILL,90,207.51000000000002,24,2.9171296296296294,9,12,3,0.25,7.5,10.0,9.130368906218214,1.2173825208290951,False,False,Long-Tail,Limit stock and avoid excessive local warehouse space
21754,HOME BUILDING BLOCK WORD,2755,16899.670000000002,775,6.676635216674795,13,12,0,0.0,224.75,211.92307692307693,64.2072284234274,0.28568288508755235,False,False,High-Revenue Priority,Prioritize inventory monitoring and avoid stockouts
21755,LOVE BUILDING BLOCK WORD,2008,12418.01,628,6.757360527596119,13,12,0,0.0,164.5,154.46153846153845,62.93069781333056,0.3825574335156873,False,False,High-Revenue Priority,Prioritize inventory monitoring and avoid stockouts
21756,BATH BUILDING BLOCK WORD,809,5006.26,270,6.594171463125614,13,12,0,0.0,65.41666666666667,62.23076923076923,25.741577027812184,0.3935018144378932,False,False,High-Revenue Priority,Prioritize inventory monitoring and avoid stockouts
21757,LIGHTHOUSE PRINTED METAL SIGN,6,29.700000000000003,3,4.95,2,11,9,0.8181818181818182,0.5454545454545454,3.0,1.2933395813657265,2.3711225658371653,False,False,Long-Tail,Limit stock and avoid excessive local warehouse space
21758,VINTAGE SHELLS PRINT,50,427.46,32,9.975430555555556,12,12,1,0.08333333333333333,4.083333333333333,4.166666666666667,3.287948609787881,0.8052119044378485,False,False,Long-Tail,Limit stock and avoid excessive local warehouse space
21761,WOOD AND GLASS MEDICINE CABINET,10,299.5,10,29.950000000000003,9,12,4,0.3333333333333333,0.75,1.1111111111111112,0.621581560508061,0.8287754140107481,False,False,Long-Tail,Limit stock and avoid excessive local warehouse space
21763,VINTAGE WOODEN BAR STOOL,6,169.75,4,26.633333333333336,3,11,8,0.7272727272727273,0.5454545454545454,2.0,1.0357254813546264,1.8988300491501484,False,False,Long-Tail,Limit stock and avoid excessive local warehouse space
21769,VINTAGE POST OFFICE CABINET,11,607.6500000000001,2,66.36,1,12,11,0.9166666666666666,0.9166666666666666,11.0,3.1754264805429417,3.464101615137755,False,False,Long-Tail,Limit stock and avoid excessive local warehouse space
21770,OPEN CLOSED METAL SIGN,1632,7894.2300000000005,387,5.496323881985529,10,9,0,0.0,171.0,163.2,155.09916182881196,0.9070126422737541,False,False,High-Revenue Priority,Prioritize inventory monitoring and avoid stockouts
21773,DECORATIVE ROSE BATHROOM BOTTLE,1170,1154.17,163,1.95409836132702,13,12,0,0.0,96.91666666666667,90.0,147.62203477636783,1.5231852255515166,False,False,Regular,Maintain standard replenishment review
21774,DECORATIVE CATS BATHROOM BOTTLE,1095,1152.4,186,2.0321993978243977,13,12,0,0.0,90.33333333333333,84.23076923076923,117.92550293479455,1.3054483719718954,False,False,Regular,Maintain standard replenishment review
21775,DECORATIVE FLORE BATHROOM BOTTLE,515,716.86,139,1.9902026803324881,13,12,0,0.0,42.583333333333336,39.61538461538461,50.417273975806296,1.183967294930872,False,False,Regular,Maintain standard replenishment review
21777,RECIPE BOX WITH METAL HEART,12,95.4,6,7.95,1,12,11,0.9166666666666666,1.0,12.0,3.4641016151377544,3.4641016151377544,False,False,Long-Tail,Limit stock and avoid excessive local warehouse space
21781,MA CAMPAGNE CUTLERY BOX,164,2602.0,97,16.734151154401154,8,12,4,0.3333333333333333,13.666666666666666,20.5,11.819347261882514,0.8648302874548182,False,False,Regular,Maintain standard replenishment review
21784,SHOE SHINE BOX,57,633.0699999999999,44,10.965723076923076,10,12,2,0.16666666666666666,4.75,5.7,6.283094200095421,1.3227566737042993,False,False,Long-Tail,Limit stock and avoid excessive local warehouse space
21785,RAIN PONCHO,411,268.76,5,0.8733333333333334,3,12,9,0.75,34.25,137.0,117.38911595822906,3.427419444035885,False,False,Regular,Maintain standard replenishment review
21786,POLKADOT RAIN HAT,1937,916.99,226,0.662575572295516,13,12,0,0.0,154.58333333333334,149.0,111.35729419170066,0.7203706362805433,False,False,High-Turnover Stable,Keep stable local warehouse inventory
21787,RAIN PONCHO RETROSPOT,8347,6741.099999999999,240,1.07871875434507,13,12,0,0.0,591.5,642.0769230769231,732.3212782279746,1.238074857528275,False,False,High-Revenue Priority,Prioritize inventory monitoring and avoid stockouts
21788,KIDS RAIN MAC BLUE,1293,1029.24,85,0.9085897435897435,13,12,0,0.0,103.75,99.46153846153847,63.968920010210645,0.6165679037128737,False,False,Regular,Maintain standard replenishment review
21789,KIDS RAIN MAC PINK,924,802.8,91,0.9757415469146238,13,12,0,0.0,74.91666666666667,71.07692307692308,50.858910604522265,0.6788731115175385,False,False,Regular,Maintain standard replenishment review
21790,VINTAGE SNAP CARDS,14449,12448.81,925,1.0271812635986695,13,12,0,0.0,1148.5,1111.4615384615386,729.4360835604447,0.6351206648327773,False,False,High-Revenue Priority,Prioritize inventory monitoring and avoid stockouts
21791,VINTAGE HEADS AND TAILS CARD GAME,7828,10459.4,604,1.5072871421857477,13,12,0,0.0,619.5833333333334,602.1538461538462,417.08260754333975,0.6731662798278516,False,False,High-Revenue Priority,Prioritize inventory monitoring and avoid stockouts
21792,CLASSIC FRENCH STYLE BASKET GREEN,343,1493.77,75,6.114237426900584,9,12,3,0.25,28.583333333333332,38.111111111111114,49.400880252248236,1.7283106793789471,False,False,Regular,Maintain standard replenishment review
21793,CLASSIC FRENCH STYLE BASKET BROWN,304,1296.61,74,5.239243256743257,13,12,0,0.0,25.25,23.384615384615383,21.56227766683794,0.853951590765859,False,False,Regular,Maintain standard replenishment review
21794,CLASSIC FRENCH STYLE BASKET NATURAL,522,2213.42,106,6.00304132231405,11,12,1,0.08333333333333333,43.5,47.45454545454545,45.163339919975726,1.0382376993097868,False,False,Regular,Maintain standard replenishment review
21801,CHRISTMAS TREE DECORATION WITH BELL,1215,515.14,124,0.4211833333333333,10,12,2,0.16666666666666666,101.25,121.5,161.0122101524658,1.5902440508885511,False,False,Regular,Maintain standard replenishment review
21802,CHRISTMAS TREE HEART DECORATION,2122,919.14,180,0.4434551089076951,12,12,0,0.0,176.83333333333334,176.83333333333334,204.38503473650516,1.1558060399802366,False,False,High-Turnover Volatile,Monitor closely and replenish in smaller batches
21803,CHRISTMAS TREE STAR DECORATION,2353,1016.02,198,0.45313035918492567,12,12,1,0.08333333333333333,195.08333333333334,196.08333333333334,240.70066598590998,1.2338351097099187,False,False,High-Turnover Volatile,Monitor closely and replenish in smaller batches
21804,WHITE CHRISTMAS GARLAND STARS TREES,225,830.03,65,3.929738888888889,5,12,8,0.6666666666666666,18.416666666666668,45.0,40.74635138899128,2.2124715686330103,False,False,Regular,Maintain standard replenishment review
21807,WHITE CHRISTMAS STAR DECORATION,438,189.0,30,0.4911229946524064,7,12,5,0.4166666666666667,36.5,62.57142857142857,68.7664030018888,1.8840110411476385,False,False,Regular,Maintain standard replenishment review
21808,"CHRISTMAS GARLAND STARS,TREES",180,637.83,48,3.6660204081632655,7,12,6,0.5,14.5,25.714285714285715,24.06997375078827,1.659998189709536,False,False,Regular,Maintain standard replenishment review
21809,CHRISTMAS HANGING TREE WITH BELL,1964,1117.92,117,1.139573112073112,9,12,4,0.3333333333333333,160.91666666666666,218.22222222222223,292.94630545338487,1.8204845496844217,False,False,High-Turnover Volatile,Monitor closely and replenish in smaller batches
21810,CHRISTMAS HANGING STAR WITH BELL,5781,2908.0899999999997,250,1.176796857676168,9,12,4,0.3333333333333333,437.75,642.3333333333334,953.1166221688432,2.1773081031841075,False,False,High-Turnover Volatile,Monitor closely and replenish in smaller batches
21811,HANGING HEART WITH BELL,4802,2663.68,244,1.6233957224189528,12,12,0,0.0,400.1666666666667,400.1666666666667,654.7011578274519,1.6360711982360312,False,False,High-Turnover Volatile,Monitor closely and replenish in smaller batches
21812,GARLAND WITH HEARTS AND BELLS,379,1676.97,97,6.402008665169955,13,12,0,0.0,30.5,29.153846153846153,44.979793443076396,1.4747473260025048,False,False,Regular,Maintain standard replenishment review
21813,GARLAND WITH STARS AND BELLS,543,2250.7700000000004,111,5.484169006017083,9,12,4,0.3333333333333333,39.0,60.333333333333336,61.7178329908861,1.5825085382278488,False,False,Regular,Maintain standard replenishment review
21814,HEART T-LIGHT HOLDER,74,111.76999999999998,15,1.7783333333333333,6,12,6,0.5,6.166666666666667,12.333333333333334,12.149323462895397,1.9701605615506048,False,False,Long-Tail,Limit stock and avoid excessive local warehouse space
21815,STAR  T-LIGHT HOLDER,158,270.23,29,1.9009807692307692,8,12,4,0.3333333333333333,13.166666666666666,19.75,20.827574961763524,1.5818411363364702,False,False,Regular,Maintain standard replenishment review
21816,CHRISTMAS TREE T-LIGHT HOLDER,33,47.849999999999994,7,1.45,4,12,8,0.6666666666666666,2.75,8.25,4.882715339942427,1.7755328508881554,False,False,Long-Tail,Limit stock and avoid excessive local warehouse space
21817,GLITTER CHRISTMAS TREE,906,410.91,58,0.6465262145262145,5,12,7,0.5833333333333334,75.5,181.2,147.24839866392745,1.9503099160785091,False,False,Regular,Maintain standard replenishment review
21818,GLITTER HEART DECORATION,2737,1320.41,163,0.9615816080055212,12,12,1,0.08333333333333333,221.08333333333334,228.08333333333334,378.20544160628634,1.710691782614186,False,False,High-Turnover Volatile,Monitor closely and replenish in smaller batches
21819,GLITTER CHRISTMAS STAR,2470,1066.6499999999999,124,0.7754291056166056,8,12,5,0.4166666666666667,195.33333333333334,308.75,424.1542029483945,2.171437899053214,False,False,High-Turnover Volatile,Monitor closely and replenish in smaller batches
21820,GLITTER HEART GARLAND WITH BELLS,299,1255.97,87,5.674456657088123,12,12,1,0.08333333333333333,23.75,24.916666666666668,37.097230967479845,1.5619886723149408,False,False,Regular,Maintain standard replenishment review
21821,GLITTER STAR GARLAND WITH BELLS,239,992.0500000000001,61,5.198676470588236,8,12,5,0.4166666666666667,19.833333333333332,29.875,35.84013325191679,1.8070655421134516,False,False,Regular,Maintain standard replenishment review
21822,GLITTER CHRISTMAS TREE WITH BELLS,698,719.3000000000001,97,1.5899433497536946,5,12,8,0.6666666666666666,49.75,139.6,126.09601320206181,2.5345932301921974,False,False,Regular,Maintain standard replenishment review
21823,PAINTED METAL HEART WITH HOLLY BELL,1372,854.3499999999999,97,1.5253636363636363,11,12,1,0.08333333333333333,114.33333333333333,124.72727272727273,236.92742783520453,2.0722515554099523,False,False,Regular,Maintain standard replenishment review
21824,PAINTED METAL STAR WITH HOLLY BELLS,1892,1067.62,116,1.3816971310263235,7,12,5,0.4166666666666667,157.66666666666666,270.2857142857143,313.7640495465961,1.9900468258769308,False,False,High-Turnover Volatile,Monitor closely and replenish in smaller batches
21826,EIGHT PIECE DINOSAUR SET,125,185.18,35,1.4993640350877193,4,12,8,0.6666666666666666,10.416666666666666,31.25,19.906409809786183,1.9110153417394737,False,False,Regular,Maintain standard replenishment review
21827,EIGHT PIECE CREEPY CRAWLIE SET,6,7.5,3,1.25,2,12,10,0.8333333333333334,0.5,3.0,1.4459976109624424,2.891995221924885,False,False,Long-Tail,Limit stock and avoid excessive local warehouse space
21828,EIGHT PIECE SNAKE  SET,330,435.79,84,1.469642419175028,13,12,0,0.0,25.666666666666668,25.384615384615383,23.742303378083804,0.92502480693833,False,False,Regular,Maintain standard replenishment review
21829,DINOSAUR KEYRINGS ASSORTED,6657,1438.06,176,0.26311473018959647,11,12,1,0.08333333333333333,554.75,605.1818181818181,287.01951945025365,0.517385343758907,False,False,High-Turnover Stable,Keep stable local warehouse inventory
21830,ASSORTED CREEPY CRAWLIES,2573,1086.91,97,0.49193298903825217,12,12,0,0.0,214.41666666666666,214.41666666666666,119.39503441276041,0.5568365382639429,False,False,High-Turnover Stable,Keep stable local warehouse inventory
21832,CHOCOLATE CALCULATOR,954,1790.1,198,2.2314656740946335,13,12,0,0.0,78.41666666666667,73.38461538461539,47.95728844661169,0.611570097087503,False,False,Regular,Maintain standard replenishment review
21833,CAMOUFLAGE LED TORCH,2702,4553.87,167,1.9729402371507636,13,12,0,0.0,218.16666666666666,207.84615384615384,159.5350251274755,0.731252979957871,False,False,High-Revenue Priority,Prioritize inventory monitoring and avoid stockouts
21836,GINGHAM OVEN GLOVE RED HEART,5,26.49,3,4.7175,2,12,10,0.8333333333333334,0.4166666666666667,2.5,0.9962049198956218,2.390891807749492,False,False,Long-Tail,Limit stock and avoid excessive local warehouse space
21839,MUMMY MOUSE RED GINGHAM RIBBON,1,5.45,1,5.45,1,9,8,0.8888888888888888,0.1111111111111111,1.0,0.33333333333333337,3.0000000000000004,False,False,Long-Tail,Limit stock and avoid excessive local warehouse space
21841,BABY MOUSE RED GINGHAM DRESS,73,310.25,21,4.25,7,9,2,0.2222222222222222,8.11111111111111,10.428571428571429,12.936812246883353,1.594949455095208,False,False,Long-Tail,Limit stock and avoid excessive local warehouse space
21843,RED RETROSPOT CAKE STAND,1759,19597.35,522,12.72615476489272,13,12,0,0.0,139.25,135.30769230769232,57.12844379911893,0.41025812423065655,False,False,High-Revenue Priority,Prioritize inventory monitoring and avoid stockouts
21844,RED RETROSPOT MUG,1847,5167.69,156,3.2407725526834836,13,12,0,0.0,153.75,142.07692307692307,79.45167198881457,0.516758842203672,False,False,High-Revenue Priority,Prioritize inventory monitoring and avoid stockouts
21845,DAIRY MAID STRIPE MUG,1906,1720.3000000000002,82,1.501666666666667,12,12,0,0.0,158.83333333333334,158.83333333333334,134.15515666796435,0.8446284784971522,False,False,High-Turnover Stable,Keep stable local warehouse inventory
21846,PINK DIAMANTE PEN IN GIFT BOX,412,1147.57,102,4.943036499294212,12,12,1,0.08333333333333333,33.833333333333336,34.333333333333336,65.60187543512808,1.9389716877377756,False,False,Regular,Maintain standard replenishment review
21847,GREEN  DIAMANTE PEN IN GIFT BOX,76,178.89,33,4.188296296296296,9,12,3,0.25,6.333333333333333,8.444444444444445,14.85281322194757,2.3451810350443534,False,False,Long-Tail,Limit stock and avoid excessive local warehouse space
21849,SILVER DIAMANTE PEN IN GIFT BOX,173,548.9300000000001,66,4.480660220627326,12,12,1,0.08333333333333333,14.166666666666666,14.416666666666666,20.594939066467646,1.453760404691834,False,False,Regular,Maintain standard replenishment review
21850,BLUE  DIAMANTE PEN IN GIFT BOX,93,335.13,53,4.7462222222222215,11,12,2,0.16666666666666666,7.416666666666667,8.454545454545455,9.20926740086344,1.2416989753973178,False,False,Long-Tail,Limit stock and avoid excessive local warehouse space
21851,LILAC DIAMANTE PEN IN GIFT BOX,141,454.99,63,4.852403846153846,13,12,0,0.0,11.666666666666666,10.846153846153847,15.692113440911145,1.345038294935241,False,False,Regular,Maintain standard replenishment review
21864,UNION JACK FLAG PASSPORT COVER,828,2041.69,184,2.8849485718529837,13,12,0,0.0,64.0,63.69230769230769,52.332850798779084,0.8177007937309232,False,False,Regular,Maintain standard replenishment review
21865,PINK UNION JACK  PASSPORT COVER,271,618.9300000000001,106,2.6771023122176967,13,12,0,0.0,22.083333333333332,20.846153846153847,11.94272949868613,0.540802845223523,False,False,Regular,Maintain standard replenishment review
21866,UNION JACK FLAG LUGGAGE TAG,747,1292.38,193,1.9011678610975171,13,12,0,0.0,60.166666666666664,57.46153846153846,26.570090270258717,0.441608148536156,False,False,Regular,Maintain standard replenishment review
21867,PINK UNION JACK  LUGGAGE TAG,348,480.25,121,1.6161761294261294,13,12,0,0.0,28.0,26.76923076923077,15.069535795468589,0.538197706981021,False,False,Regular,Maintain standard replenishment review
21868,POTTING SHED TEA MUG,2453,3229.75,300,2.1645926690709136,13,12,0,0.0,204.0,188.69230769230768,134.0128894750596,0.6569259287993118,False,False,High-Revenue Priority,Prioritize inventory monitoring and avoid stockouts
21870,I CAN ONLY PLEASE ONE PERSON MUG,1383,1821.46,161,1.8167050395256918,8,12,4,0.3333333333333333,115.25,172.875,147.13267049595996,1.2766392233922772,False,False,Regular,Maintain standard replenishment review
21871,SAVE THE PLANET MUG,4805,5992.68,355,1.8376586986458168,13,12,0,0.0,389.5,369.61538461538464,276.7524328545444,0.7105325618858649,False,False,High-Revenue Priority,Prioritize inventory monitoring and avoid stockouts
21872,GLAMOROUS  MUG,1292,1454.98,142,1.6381879810472928,13,12,0,0.0,103.58333333333333,99.38461538461539,132.5021154776806,1.2791837375158224,False,False,Regular,Maintain standard replenishment review
21873,IF YOU CAN'T STAND THE HEAT MUG,1534,1742.9799999999998,114,1.620938686313686,13,12,0,0.0,126.83333333333333,118.0,199.96492116611276,1.57659596188788,False,False,Regular,Maintain standard replenishment review
21874,GIN AND TONIC MUG,2962,4126.18,294,1.940868486333009,13,12,0,0.0,240.0,227.84615384615384,266.2725876035513,1.109469115014797,False,False,High-Revenue Priority,Prioritize inventory monitoring and avoid stockouts
21875,KINGS CHOICE MUG,2031,2399.38,147,1.796416549262703,13,12,0,0.0,163.16666666666666,156.23076923076923,211.5960273442741,1.296809156348973,False,False,High-Turnover Volatile,Monitor closely and replenish in smaller batches
21876,POTTERING MUG,3762,4786.81,330,2.0360098800340625,13,12,0,0.0,305.8333333333333,289.38461538461536,251.92886201297284,0.8237455978625815,False,False,High-Revenue Priority,Prioritize inventory monitoring and avoid stockouts
21877,HOME SWEET HOME MUG,4415,5872.46,345,1.7128232776824517,13,12,0,0.0,361.5,339.61538461538464,332.53721596236414,0.9198816485819202,False,False,High-Revenue Priority,Prioritize inventory monitoring and avoid stockouts
21878,PACK OF 6 SANDCASTLE FLAGS ASSORTED,2511,2162.0,223,1.1497765567765568,13,12,0,0.0,208.75,193.15384615384616,190.11437944755065,0.9107275662158115,False,False,High-Turnover Stable,Keep stable local warehouse inventory
21879,HEARTS GIFT TAPE,1176,385.47,94,0.8223794347170306,13,12,0,0.0,96.75,90.46153846153847,198.8727893997476,2.0555327069741356,False,False,Regular,Maintain standard replenishment review
21880,RED RETROSPOT TAPE,1891,850.98,239,0.49105557450071025,13,12,0,0.0,156.16666666666666,145.46153846153845,130.2793036890241,0.8342324675924702,False,False,High-Turnover Stable,Keep stable local warehouse inventory
21881,CUTE CATS TAPE,1102,383.11,79,0.8608041958041958,13,12,0,0.0,90.58333333333333,84.76923076923077,126.67170045819113,1.3983996370729472,False,False,Regular,Maintain standard replenishment review
21882,SKULLS TAPE,704,251.17000000000002,70,0.8410936955764541,11,12,1,0.08333333333333333,58.666666666666664,64.0,103.14802543682138,1.7582049790367282,False,False,Regular,Maintain standard replenishment review
21883,STARS GIFT TAPE,1653,725.4200000000001,133,0.7398698176509263,13,12,0,0.0,136.58333333333334,127.15384615384616,218.69757380428067,1.6012024927708162,False,False,Regular,Maintain standard replenishment review
21884,CAKES AND BOWS GIFT  TAPE,1166,413.76000000000005,93,0.9812747252747253,13,12,0,0.0,96.08333333333333,89.6923076923077,130.40110033928764,1.3571666991079374,False,False,Regular,Maintain standard replenishment review
21888,BINGO SET,1685,6648.29,376,4.853885872855072,13,12,0,0.0,140.16666666666666,129.6153846153846,109.6596663511358,0.7823519596989474,False,False,High-Revenue Priority,Prioritize inventory monitoring and avoid stockouts
21889,WOODEN BOX OF DOMINOES,6366,8817.29,586,1.58121134792912,13,12,0,0.0,504.9166666666667,489.6923076923077,408.8619367626844,0.8097612215138162,False,False,High-Revenue Priority,Prioritize inventory monitoring and avoid stockouts
21890,S/6 WOODEN SKITTLES IN COTTON BAG,1147,3674.1099999999997,231,3.7938106717819977,13,12,0,0.0,92.83333333333333,88.23076923076923,62.5123018196249,0.6733820662796219,False,False,High-Revenue Priority,Prioritize inventory monitoring and avoid stockouts
21891,TRADITIONAL WOODEN SKIPPING ROPE,8094,10455.05,422,1.5728905742218275,13,12,0,0.0,627.0833333333334,622.6153846153846,351.930896712133,0.5612187057203449,False,False,High-Revenue Priority,Prioritize inventory monitoring and avoid stockouts
21892,TRADITIONAL WOODEN CATCH CUP GAME,3180,4302.16,411,1.5919071878726379,13,12,0,0.0,247.41666666666666,244.6153846153846,156.46519121071643,0.6323955185343877,False,False,High-Revenue Priority,Prioritize inventory monitoring and avoid stockouts
21894,POTTING SHED SEED ENVELOPES,592,902.08,130,1.7071620879120881,13,12,0,0.0,48.916666666666664,45.53846153846154,23.03538121843847,0.4709106893036826,False,False,Regular,Maintain standard replenishment review
21895,POTTING SHED SOW 'N' GROW SET,2,12.72,2,6.36,1,12,11,0.9166666666666666,0.16666666666666666,2.0,0.5773502691896258,3.4641016151377553,False,False,Long-Tail,Limit stock and avoid excessive local warehouse space
21896,POTTING SHED TWINE,980,2272.79,110,2.4571736596736597,13,12,0,0.0,81.5,75.38461538461539,142.5708755161956,1.7493358959042404,False,False,Regular,Maintain standard replenishment review
21897,POTTING SHED CANDLE CITRONELLA,405,1268.1899999999998,3,3.85,3,11,8,0.7272727272727273,36.81818181818182,135.0,102.7918461569965,2.7918773030295343,False,False,Regular,Maintain standard replenishment review
21898,POTTING SHED ROSE CANDLE,493,1541.11,25,2.766875,3,10,7,0.7,49.3,164.33333333333334,125.54773328632156,2.5466071660511473,False,False,Regular,Maintain standard replenishment review
21899,GARAGE KEY FOB,2679,1757.9700000000003,278,0.8729632371676905,13,12,0,0.0,217.08333333333334,206.07692307692307,205.56594090608993,0.9469448333485908,False,False,High-Turnover Stable,Keep stable local warehouse inventory
21900,"KEY FOB , SHED",3228,2197.17,372,0.9500494753974759,13,12,0,0.0,262.0833333333333,248.30769230769232,234.6352908174081,0.8952697900823203,False,False,High-Turnover Stable,Keep stable local warehouse inventory
21901,"KEY FOB , BACK DOOR",1828,1277.89,308,0.894017939229994,13,12,0,0.0,146.91666666666666,140.6153846153846,45.183380559536246,0.3075442806094356,False,False,Regular,Maintain standard replenishment review
21902,"KEY FOB , FRONT  DOOR",1954,1257.17,209,0.8919249705204695,13,12,0,0.0,159.58333333333334,150.30769230769232,166.14695485039925,1.0411297431878803,False,False,High-Turnover Volatile,Monitor closely and replenish in smaller batches
21903,MAN FLU METAL SIGN,1148,2464.9300000000003,179,2.4354324585296245,13,12,0,0.0,90.58333333333333,88.3076923076923,41.4190521232425,0.4572480455187765,False,False,Regular,Maintain standard replenishment review
21904,HOUSE WRECKING METAL SIGN,50,105.0,23,2.1,6,12,6,0.5,4.166666666666667,8.333333333333334,5.686240703077327,1.3646977687385584,False,False,Long-Tail,Limit stock and avoid excessive local warehouse space
21905,MORE BUTTER METAL SIGN,760,821.61,160,1.5739013986013985,13,12,0,0.0,57.166666666666664,58.46153846153846,49.287345477743315,0.8621693086485711,False,False,Regular,Maintain standard replenishment review
21906,PHARMACIE FIRST AID TIN,578,4450.56,171,9.568098006865124,13,12,0,0.0,47.583333333333336,44.46153846153846,48.774915932704836,1.0250420160988756,False,False,High-Revenue Priority,Prioritize inventory monitoring and avoid stockouts
21907,I'M ON HOLIDAY METAL SIGN,2359,5001.9800000000005,366,2.321601900136814,13,12,0,0.0,190.16666666666666,181.46153846153845,94.19113385542026,0.49530832877521613,False,False,High-Revenue Priority,Prioritize inventory monitoring and avoid stockouts
21908,CHOCOLATE THIS WAY METAL SIGN,3747,7701.820000000001,466,2.5275705412576297,13,12,0,0.0,293.0833333333333,288.2307692307692,143.18675556662694,0.48855304714231546,False,False,High-Revenue Priority,Prioritize inventory monitoring and avoid stockouts
21910,WAY OUT METAL SIGN,36,59.39999999999999,8,1.6499999999999997,3,12,9,0.75,3.0,12.0,8.872839045495683,2.9576130151652276,False,False,Long-Tail,Limit stock and avoid excessive local warehouse space
21911,GARDEN METAL SIGN,102,183.40999999999997,28,2.3227666666666664,5,12,7,0.5833333333333334,8.5,20.4,15.282194035721917,1.7979051806731667,False,False,Regular,Maintain standard replenishment review
21912,VINTAGE SNAKES & LADDERS,1786,7047.7,396,4.9521874944425655,13,12,0,0.0,124.5,137.3846153846154,62.88734516433479,0.5051192382677493,False,False,High-Revenue Priority,Prioritize inventory monitoring and avoid stockouts
21913,VINTAGE SEASIDE JIGSAW PUZZLES,396,1558.33,147,4.491547290316522,13,12,0,0.0,32.5,30.46153846153846,18.971270144855637,0.5837313890724811,False,False,Regular,Maintain standard replenishment review
21914,BLUE HARMONICA IN BOX,7864,10324.810000000001,602,1.4100091257329632,13,12,0,0.0,615.5,604.9230769230769,395.94363694390097,0.6432877935725442,False,False,High-Revenue Priority,Prioritize inventory monitoring and avoid stockouts
21915,RED  HARMONICA IN BOX,21855,26234.08,657,1.395766513913337,13,12,0,0.0,1727.75,1681.1538461538462,1078.6938334688098,0.6243344427543394,False,False,High-Revenue Priority,Prioritize inventory monitoring and avoid stockouts
21916,SET 12 RETRO WHITE CHALK STICKS,4575,1963.41,358,0.544964089914777,13,12,0,0.0,373.4166666666667,351.9230769230769,255.961807638751,0.6854589805099335,False,False,High-Turnover Stable,Keep stable local warehouse inventory
21917,SET 12 KIDS  WHITE CHALK STICKS,4150,1701.51,224,0.505391533575357,13,12,0,0.0,340.5833333333333,319.2307692307692,179.917384239309,0.5282624445489865,False,False,High-Turnover Stable,Keep stable local warehouse inventory
21918,SET 12 KIDS COLOUR  CHALK STICKS,7198,2949.83,368,0.5178312686164019,13,12,0,0.0,592.0,553.6923076923077,353.6220375691332,0.5973345229208331,False,False,High-Turnover Stable,Keep stable local warehouse inventory
21922,UNION STRIPE WITH FRINGE  HAMMOCK,898,6944.36,208,9.794241165084996,13,12,0,0.0,74.16666666666667,69.07692307692308,88.71489916205358,1.1961559437580258,False,False,High-Revenue Priority,Prioritize inventory monitoring and avoid stockouts
21925,UNION STRIPE CUSHION COVER,399,498.75,62,1.25,12,12,1,0.08333333333333333,32.916666666666664,33.25,22.77741438488149,0.6919720825786781,False,False,Regular,Maintain standard replenishment review
21926,RED/CREAM STRIPE CUSHION COVER,402,494.9,59,1.2480208333333334,12,11,0,0.0,35.81818181818182,33.5,24.099038079633726,0.6728157839491649,False,False,Regular,Maintain standard replenishment review
21927,BLUE/CREAM STRIPE CUSHION COVER,587,726.15,92,1.2486713286713287,13,12,0,0.0,48.0,45.15384615384615,25.132376800381685,0.5235911833412851,False,False,Regular,Maintain standard replenishment review
21928,JUMBO BAG SCANDINAVIAN BLUE PAISLEY,10258,20766.91,803,2.6951784665489926,13,12,0,0.0,829.6666666666666,789.0769230769231,311.39695021958806,0.3753277825065344,False,False,High-Revenue Priority,Prioritize inventory monitoring and avoid stockouts
21929,JUMBO BAG PINK VINTAGE PAISLEY,10793,22809.32,859,2.6966420148251564,13,12,0,0.0,883.1666666666666,830.2307692307693,357.96313505807564,0.4053177600204669,False,False,High-Revenue Priority,Prioritize inventory monitoring and avoid stockouts
21930,JUMBO STORAGE BAG SKULLS,6437,14004.119999999999,704,2.790904016236351,13,12,0,0.0,511.5833333333333,495.15384615384613,259.7213395977008,0.5076813935775224,False,False,High-Revenue Priority,Prioritize inventory monitoring and avoid stockouts
21931,JUMBO STORAGE BAG SUKI,13340,30209.13,1179,2.7415284063246683,13,12,0,0.0,1081.4166666666667,1026.1538461538462,284.4223678498816,0.2630090478691977,False,False,High-Revenue Priority,Prioritize inventory monitoring and avoid stockouts
21932,SCANDINAVIAN PAISLEY PICNIC BAG,2690,4945.88,445,2.4741492160212064,13,12,0,0.0,219.91666666666666,206.92307692307693,221.43599868845064,1.0069086715655202,False,False,High-Revenue Priority,Prioritize inventory monitoring and avoid stockouts
21933,PINK VINTAGE PAISLEY PICNIC BAG,2671,4955.78,409,2.416762379545939,13,12,0,0.0,218.16666666666666,205.46153846153845,247.23666737959744,1.1332467565145796,False,False,High-Revenue Priority,Prioritize inventory monitoring and avoid stockouts
21934,SKULL SHOULDER BAG,2411,4463.78,410,2.2118202536767053,13,12,0,0.0,192.33333333333334,185.46153846153845,109.69655114602888,0.5703460198233737,False,False,High-Revenue Priority,Prioritize inventory monitoring and avoid stockouts
21935,SUKI  SHOULDER BAG,3392,6296.96,529,2.3757840794603458,13,12,0,0.0,268.3333333333333,260.9230769230769,131.61675310145625,0.4904972165271662,False,False,High-Revenue Priority,Prioritize inventory monitoring and avoid stockouts
21936,RED RETROSPOT PICNIC BAG,3984,11662.24,530,3.880842083744436,13,12,0,0.0,328.8333333333333,306.46153846153845,323.7082955471802,0.9844144821505735,False,False,High-Revenue Priority,Prioritize inventory monitoring and avoid stockouts
21937,STRAWBERRY   PICNIC BAG,1697,4869.35,249,3.428223266429398,9,12,4,0.3333333333333333,141.08333333333334,188.55555555555554,181.94577530548804,1.2896333748764657,False,False,High-Revenue Priority,Prioritize inventory monitoring and avoid stockouts
21942,SKULLS DESIGN FLANNEL,275,302.80999999999995,102,1.300696793674735,12,12,1,0.08333333333333333,21.75,22.916666666666668,24.443348230700163,1.123832102560927,False,False,Regular,Maintain standard replenishment review
21943,CAKES AND RABBITS DESIGN FLANNEL,119,134.49,50,1.3046190476190476,12,12,1,0.08333333333333333,9.75,9.916666666666666,8.550651224534677,0.8769898691830438,False,False,Regular,Maintain standard replenishment review
21944,KITTENS DESIGN FLANNEL,337,310.19,100,1.2541486923005802,12,12,1,0.08333333333333333,24.166666666666668,28.083333333333332,21.476555222903514,0.8886850437063523,False,False,Regular,Maintain standard replenishment review
21945,STRAWBERRIES  DESIGN FLANNEL,358,373.34,105,1.2500045093795094,12,12,1,0.08333333333333333,29.166666666666668,29.833333333333332,24.605370194822154,0.8436126923939024,False,False,Regular,Maintain standard replenishment review
21946,PARTY TIME DESIGN FLANNEL,86,75.35,25,1.0077500000000001,10,12,3,0.25,6.666666666666667,8.6,6.637816362374457,0.9956724543561685,False,False,Long-Tail,Limit stock and avoid excessive local warehouse space
21947,SET OF 6 HEART CHOPSTICKS,811,1139.65,152,1.776549561774258,13,12,0,0.0,67.0,62.38461538461539,71.17839304426334,1.0623640752875125,False,False,Regular,Maintain standard replenishment review
21948,SET OF 6 CAKE CHOPSTICKS,640,978.23,153,1.9572289098058329,13,12,0,0.0,52.916666666666664,49.23076923076923,61.69346264664785,1.1658607114327153,False,False,Regular,Maintain standard replenishment review
21949,SET OF 6 STRAWBERRY CHOPSTICKS,801,1054.44,144,1.9079142246642247,13,12,0,0.0,65.91666666666667,61.61538461538461,62.25965910214375,0.9445207449124209,False,False,Regular,Maintain standard replenishment review
21955,DOORMAT UNION JACK GUNS AND ROSES,1228,7580.820000000001,206,9.118184575869623,13,12,0,0.0,101.16666666666667,94.46153846153847,138.4490935873237,1.3685248130542704,False,False,High-Revenue Priority,Prioritize inventory monitoring and avoid stockouts
21967,PACK OF 12 SKULL TISSUES,5271,1582.1499999999999,232,0.42363280297193645,13,12,0,0.0,436.0,405.46153846153845,641.5685324407532,1.4714874597264982,False,False,High-Turnover Volatile,Monitor closely and replenish in smaller batches
21972,SET OF 36 DINOSAUR PAPER DOILIES,335,499.08,65,1.8675982905982904,13,12,0,0.0,27.833333333333332,25.76923076923077,18.876793513023692,0.6782081501685159,False,False,Regular,Maintain standard replenishment review
21973,SET OF 36 MUSHROOM PAPER DOILIES,159,230.54999999999998,30,1.45,11,12,1,0.08333333333333333,13.25,14.454545454545455,17.02471465519787,1.2848841249205938,False,False,Regular,Maintain standard replenishment review
21974,SET OF 36 PAISLEY FLOWER DOILIES,2158,3457.1499999999996,354,2.173360013932383,13,12,0,0.0,175.0,166.0,82.08089136499875,0.46903366494285,False,False,High-Revenue Priority,Prioritize inventory monitoring and avoid stockouts
21975,PACK OF 60 DINOSAUR CAKE CASES,12288,6089.31,600,0.6360554734480325,13,12,0,0.0,1015.1666666666666,945.2307692307693,449.1614071767183,0.4424509018322623,False,False,High-Revenue Priority,Prioritize inventory monitoring and avoid stockouts
21976,PACK OF 60 MUSHROOM CAKE CASES,5175,2856.7000000000003,392,0.8519160659045606,13,12,0,0.0,423.6666666666667,398.0769230769231,200.45327423495766,0.4731391209322368,False,False,High-Turnover Stable,Keep stable local warehouse inventory
21977,PACK OF 60 PINK PAISLEY CAKE CASES,24748,12186.72,866,0.7462448002033883,13,12,0,0.0,2042.8333333333333,1903.6923076923076,853.8525349936907,0.4179746438738798,False,False,High-Revenue Priority,Prioritize inventory monitoring and avoid stockouts
21980,PACK OF 12 RED RETROSPOT TISSUES,6613,2100.2999999999997,296,0.41147737680379814,13,12,0,0.0,543.5833333333334,508.6923076923077,283.34413972261984,0.5212524416175744,False,False,High-Turnover Stable,Keep stable local warehouse inventory
21981,PACK OF 12 WOODLAND TISSUES,5468,1651.3,271,0.4704007746639325,13,12,0,0.0,450.0,420.61538461538464,295.4703492276801,0.6566007760615113,False,False,High-Turnover Stable,Keep stable local warehouse inventory
21982,PACK OF 12 SUKI TISSUES,7173,2215.61,359,0.4558156920985868,13,12,0,0.0,587.9166666666666,551.7692307692307,362.6065883003064,0.6167652813045609,False,False,High-Turnover Stable,Keep stable local warehouse inventory
21983,PACK OF 12 BLUE PAISLEY TISSUES,2301,777.67,155,0.4525387655822438,13,12,0,0.0,187.08333333333334,177.0,70.01228247221837,0.3742304631031717,False,False,High-Turnover Stable,Keep stable local warehouse inventory
21984,PACK OF 12 PINK PAISLEY TISSUES,3458,1112.6,212,0.4591999419979969,13,12,0,0.0,284.75,266.0,186.9429300372418,0.6565159966189352,False,False,High-Turnover Stable,Keep stable local warehouse inventory
21985,PACK OF 12 HEARTS DESIGN TISSUES,8775,2729.5099999999998,427,0.4237609752353238,13,12,0,0.0,723.5,675.0,467.0064239386863,0.6454822722027453,False,False,High-Turnover Stable,Keep stable local warehouse inventory
21986,PACK OF 12 PINK POLKADOT TISSUES,4067,1197.73,189,0.4180639635464542,13,12,0,0.0,336.0833333333333,312.84615384615387,372.35136347110085,1.107913801550511,False,False,High-Turnover Volatile,Monitor closely and replenish in smaller batches
21987,PACK OF 6 SKULL PAPER CUPS,2101,1338.8500000000001,170,0.7695734493068589,13,12,0,0.0,173.75,161.6153846153846,121.43395137050653,0.6989004395424836,False,False,High-Turnover Stable,Keep stable local warehouse inventory
21988,PACK OF 6 SKULL PAPER PLATES,2321,1862.75,193,1.0202070016293492,13,12,0,0.0,192.16666666666666,178.53846153846155,124.4287553241418,0.6475043642192982,False,False,High-Turnover Stable,Keep stable local warehouse inventory
21989,PACK OF 20 SKULL PAPER NAPKINS,2409,2233.1,335,1.149348668718528,13,12,0,0.0,198.58333333333334,185.30769230769232,90.52720167123384,0.45586505247788756,False,False,High-Turnover Stable,Keep stable local warehouse inventory
21990,MODERN FLORAL STATIONERY SET,1672,2870.0,366,2.1677570942537496,13,12,0,0.0,131.41666666666666,128.6153846153846,118.62581225573688,0.9026694654843643,False,False,Regular,Maintain standard replenishment review
21991,BOHEMIAN COLLAGE STATIONERY SET,623,1065.82,210,2.1333128028370942,13,12,0,0.0,48.916666666666664,47.92307692307692,37.55349719420485,0.7677035201541026,False,False,Regular,Maintain standard replenishment review
21992,VINTAGE PAISLEY STATIONERY SET,1901,3510.72,436,2.198660216204359,12,12,0,0.0,158.41666666666666,158.41666666666666,112.46369784660885,0.7099233951390354,False,False,High-Revenue Priority,Prioritize inventory monitoring and avoid stockouts
21993,FLORAL FOLK STATIONERY SET,1925,3340.84,424,2.1956588485153703,13,12,0,0.0,149.33333333333334,148.07692307692307,122.05537739696334,0.8173351164975223,False,False,High-Revenue Priority,Prioritize inventory monitoring and avoid stockouts
22021,BLUE FELT EASTER EGG BASKET,365,610.4499999999999,71,1.7085714285714284,4,12,8,0.6666666666666666,30.416666666666668,91.25,49.9881046456115,1.6434445362940766,False,False,Regular,Maintain standard replenishment review
22023,EMPIRE BIRTHDAY CARD,1194,533.68,145,0.6091054255573486,13,12,0,0.0,98.25,91.84615384615384,32.963133677157906,0.3355026328463909,False,False,Regular,Maintain standard replenishment review
22024,RAINY LADIES BIRTHDAY CARD,2394,1018.69,212,0.5799187497645643,13,12,0,0.0,196.58333333333334,184.15384615384616,72.90898227906968,0.37088079158492415,False,False,High-Turnover Stable,Keep stable local warehouse inventory
22025,RING OF ROSES BIRTHDAY CARD,1823,756.01,129,0.5595275852855038,13,12,0,0.0,150.41666666666666,140.23076923076923,80.34749340813127,0.5341661611620916,False,False,Regular,Maintain standard replenishment review
22026,BANQUET BIRTHDAY  CARD,1632,707.04,159,0.5838754040606268,13,12,0,0.0,134.33333333333334,125.53846153846153,57.19716034485586,0.42578531274086245,False,False,Regular,Maintain standard replenishment review
22027,TEA PARTY BIRTHDAY CARD,4200,1811.79,359,0.5355050139769308,13,12,0,0.0,342.6666666666667,323.0769230769231,116.03787260540362,0.3386319239457304,False,False,High-Turnover Stable,Keep stable local warehouse inventory
22028,PENNY FARTHING BIRTHDAY CARD,3042,1304.1399999999999,262,0.5445517436382201,13,12,0,0.0,250.08333333333334,234.0,109.38876320331771,0.4374092497300275,False,False,High-Turnover Stable,Keep stable local warehouse inventory
22029,SPACEBOY BIRTHDAY CARD,8149,3382.5299999999997,526,0.5249010044191308,13,12,0,0.0,648.75,626.8461538461538,151.6413981614639,0.23374396633751662,False,False,High-Revenue Priority,Prioritize inventory monitoring and avoid stockouts
22030,SWALLOWS GREETING CARD,5527,2237.89,274,0.4707215872687647,12,12,1,0.08333333333333333,454.1666666666667,460.5833333333333,303.21004820640974,0.6676184547664067,False,False,High-Turnover Stable,Keep stable local warehouse inventory
22031,BOTANICAL LAVENDER BIRTHDAY CARD,492,220.54999999999998,79,0.553282634032634,13,12,0,0.0,38.833333333333336,37.84615384615385,29.538367448373844,0.7606446553229316,False,False,Regular,Maintain standard replenishment review
22032,BOTANICAL LILY GREETING CARD,427,181.98,60,0.4518787878787878,11,12,1,0.08333333333333333,35.583333333333336,38.81818181818182,19.104774906876663,0.5369023393033254,False,False,Regular,Maintain standard replenishment review
22033,BOTANICAL ROSE GREETING CARD,337,141.95,22,0.47124999999999995,8,12,4,0.3333333333333333,28.083333333333332,42.125,32.01266321411897,1.1399167910072039,False,False,Regular,Maintain standard replenishment review
22034,ROBIN CHRISTMAS CARD,10,5.0200000000000005,4,0.625,2,12,10,0.8333333333333334,0.8333333333333334,5.0,2.3290003057626305,2.7948003669151564,False,False,Long-Tail,Limit stock and avoid excessive local warehouse space
22035,VINTAGE CARAVAN GREETING CARD,1452,617.32,137,0.586049728049728,11,12,1,0.08333333333333333,121.0,132.0,78.94532054760204,0.6524406656826615,False,False,Regular,Maintain standard replenishment review
22037,ROBOT BIRTHDAY CARD,3929,1695.32,354,0.5299989243147137,13,12,0,0.0,302.3333333333333,302.2307692307692,138.16941730639192,0.45701020057240993,False,False,High-Turnover Stable,Keep stable local warehouse inventory
22038,BOTANICAL LAVENDER GIFT WRAP,475,199.5,19,0.42,9,10,2,0.2,45.0,52.77777777777778,32.91402943021916,0.7314228762270925,False,False,Regular,Maintain standard replenishment review
22039,BOTANICAL LILY GIFT WRAP,225,94.5,6,0.42000000000000004,5,8,3,0.375,28.125,45.0,41.052014044902315,1.4596271660409712,False,False,Regular,Maintain standard replenishment review
22040,BOTANICAL ROSE GIFT WRAP,725,304.5,28,0.42,11,12,1,0.08333333333333333,60.416666666666664,65.9090909090909,43.246562308640804,0.7158051692464685,False,False,Regular,Maintain standard replenishment review
22041,"RECORD FRAME 7"" SINGLE SIZE",4343,11275.51,358,3.710872387871876,13,12,0,0.0,357.1666666666667,334.0769230769231,134.08127340828727,0.3754025387072905,False,False,High-Revenue Priority,Prioritize inventory monitoring and avoid stockouts
22042,CHRISTMAS CARD SINGING ANGEL,387,163.29,38,0.4283333333333333,9,12,4,0.3333333333333333,28.25,43.0,35.335084290520406,1.2507994439122267,False,False,Regular,Maintain standard replenishment review
22043,CHRISTMAS CARD SCREEN PRINT,1238,304.5,64,0.36005611672278337,9,12,4,0.3333333333333333,99.0,137.55555555555554,156.05942923945818,1.5763578711056383,False,False,Regular,Maintain standard replenishment review
22044,CHRISTMAS CARD STACK OF PRESENTS,816,196.44000000000003,36,0.3113888888888889,6,12,6,0.5,68.0,136.0,128.15899216491707,1.8846910612487804,False,False,Regular,Maintain standard replenishment review
22045,SPACEBOY GIFT WRAP,6477,2652.34,206,0.4189922668321252,13,12,0,0.0,527.25,498.2307692307692,263.6575344164196,0.5000617058632899,False,False,High-Turnover Stable,Keep stable local warehouse inventory
22046,TEA PARTY  WRAPPING PAPER,2225,918.5,74,0.418974358974359,13,12,0,0.0,179.16666666666666,171.15384615384616,76.00338907914009,0.4242049623021773,False,False,High-Turnover Stable,Keep stable local warehouse inventory
22047,EMPIRE GIFT WRAP,3350,1363.0,105,0.41836291913214985,13,12,0,0.0,275.0,257.6923076923077,133.9945724816698,0.4872529908424356,False,False,High-Turnover Stable,Keep stable local warehouse inventory
22048,BIRTHDAY BANQUET GIFT WRAP,950,383.0,31,0.41777777777777775,12,12,1,0.08333333333333333,77.08333333333333,79.16666666666667,65.24284472552364,0.8463936613040905,False,False,Regular,Maintain standard replenishment review
22049,WRAP CHRISTMAS SCREEN PRINT,1050,291.5,33,0.31321428571428567,4,12,8,0.6666666666666666,87.5,262.5,160.78641959839993,1.8375590811245706,False,False,Regular,Maintain standard replenishment review
22050,PINK PAISLEY ROSE GIFT WRAP,1200,488.0,39,0.41846153846153844,13,12,0,0.0,97.91666666666667,92.3076923076923,67.8051464034101,0.6924780909284436,False,False,Regular,Maintain standard replenishment review
22051,BLUE SCANDINAVIAN PAISLEY WRAP,975,409.5,39,0.42,12,12,0,0.0,81.25,81.25,33.920026264998405,0.4174772463384419,False,False,Regular,Maintain standard replenishment review
22052,VINTAGE CARAVAN GIFT WRAP,625,262.5,26,0.42,6,12,6,0.5,52.083333333333336,104.16666666666667,87.57070736198713,1.681357581350153,False,False,Regular,Maintain standard replenishment review
22053,EMPIRE DESIGN ROSETTE,4244,3606.4199999999996,28,1.236875,10,12,2,0.16666666666666666,353.6666666666667,424.4,1144.8048927324876,3.236960111401944,False,False,High-Revenue Priority,Prioritize inventory monitoring and avoid stockouts
22055,MINI CAKE STAND  HANGING STRAWBERY,1364,2065.04,218,2.009337308191427,13,12,0,0.0,91.16666666666667,104.92307692307692,53.749982381956244,0.5895793314291361,False,False,Regular,Maintain standard replenishment review
22057,CERAMIC PLATE STRAWBERRY DESIGN,548,614.28,60,1.5859340659340657,13,12,0,0.0,31.0,42.15384615384615,23.58350733419052,0.7607583011029201,False,False,Regular,Maintain standard replenishment review
22059,CERAMIC STRAWBERRY DESIGN MUG,1780,2081.54,173,1.7034865889845645,13,12,0,0.0,106.33333333333333,136.92307692307693,58.580687685422156,0.5509155581701144,False,False,Regular,Maintain standard replenishment review
22060,LARGE CAKE STAND HANGING HEARTS,231,1111.05,34,6.889583333333333,6,12,6,0.5,19.25,38.5,31.273354909135143,1.6245898654096178,False,False,Regular,Maintain standard replenishment review
22061,LARGE CAKE STAND  HANGING STRAWBERY,581,4208.11,145,10.339850004696158,13,12,0,0.0,30.083333333333332,44.69230769230769,25.670847750754636,0.8533245789724533,False,False,High-Revenue Priority,Prioritize inventory monitoring and avoid stockouts
22062,CERAMIC BOWL WITH LOVE HEART DESIGN,583,677.86,73,1.7766287878787879,11,12,1,0.08333333333333333,48.583333333333336,53.0,38.67688605810343,0.7960937096007566,False,False,Regular,Maintain standard replenishment review
22063,CERAMIC BOWL WITH STRAWBERRY DESIGN,582,1364.5,119,3.708955710955711,13,12,0,0.0,31.666666666666668,44.76923076923077,24.6994049738168,0.7799812096994779,False,False,Regular,Maintain standard replenishment review
22064,PINK DOUGHNUT TRINKET POT,1726,2543.0,241,2.120134141131449,13,12,0,0.0,109.75,132.76923076923077,56.727618734376,0.516880352932811,False,False,Regular,Maintain standard replenishment review
22065,CHRISTMAS PUDDING TRINKET POT,6729,3462.25,241,1.8808778554778556,10,12,3,0.25,516.8333333333334,672.9,949.5152670832852,1.8371788463397971,False,False,High-Revenue Priority,Prioritize inventory monitoring and avoid stockouts
22066,LOVE HEART TRINKET POT,2239,1044.81,135,0.7079523809523809,13,12,0,0.0,185.25,172.23076923076923,121.7322882393985,0.6571243629657139,False,False,High-Turnover Stable,Keep stable local warehouse inventory
22067,CHOC TRUFFLE GOLD TRINKET POT,406,635.3199999999999,69,2.085664835164835,13,12,0,0.0,29.5,31.23076923076923,17.66609490212563,0.5988506746483264,False,False,Regular,Maintain standard replenishment review
22068,BLACK PIRATE TREASURE CHEST,514,836.59,142,2.577552197802198,13,12,0,0.0,28.666666666666668,39.53846153846154,21.19748412744619,0.7394471207248671,False,False,Regular,Maintain standard replenishment review
22069,BROWN  PIRATE TREASURE CHEST,414,993.5,146,3.223544925662573,13,12,0,0.0,24.583333333333332,31.846153846153847,20.659395103937726,0.8403821737195007,False,False,Regular,Maintain standard replenishment review
22070,SMALL RED RETROSPOT MUG IN BOX,654,2025.36,113,4.3097140796287805,13,12,0,0.0,53.833333333333336,50.30769230769231,69.29886963965093,1.2872855041421225,False,False,Regular,Maintain standard replenishment review
22071,SMALL WHITE RETROSPOT MUG IN BOX,449,1226.3,84,4.248084441873916,13,12,0,0.0,36.666666666666664,34.53846153846154,62.03859990995831,1.6919618157261358,False,False,Regular,Maintain standard replenishment review
22072,RED RETROSPOT TEA CUP AND SAUCER,848,2811.17,162,4.028939597983716,13,12,0,0.0,53.583333333333336,65.23076923076923,29.849496214214813,0.5570668033757041,False,False,Regular,Maintain standard replenishment review
22073,RED RETROSPOT STORAGE JAR,324,1298.6399999999999,68,4.7888518518518515,6,12,6,0.5,27.0,54.0,38.155185516757506,1.4131550191391669,False,False,Regular,Maintain standard replenishment review
22074,6 RIBBONS SHIMMERING PINKS,1390,1219.87,198,1.7375738291458374,13,12,0,0.0,100.33333333333333,106.92307692307692,154.61232065061859,1.5409865845576605,False,False,Regular,Maintain standard replenishment review
22075,6 RIBBONS ELEGANT CHRISTMAS,1761,2469.23,199,2.494818950464112,12,12,1,0.08333333333333333,104.16666666666667,146.75,148.50272928825453,1.4256262011672434,False,False,Regular,Maintain standard replenishment review
22076,6 RIBBONS EMPIRE,1259,1667.8799999999999,225,1.8059173500926244,13,12,0,0.0,75.5,96.84615384615384,47.96494932381732,0.6352973420373155,False,False,Regular,Maintain standard replenishment review
22077,6 RIBBONS RUSTIC CHARM,9159,17165.17,953,2.225195633574884,13,12,0,0.0,739.3333333333334,704.5384615384615,281.51032060310087,0.38076238133872975,False,False,High-Revenue Priority,Prioritize inventory monitoring and avoid stockouts
22078,RIBBON REEL LACE DESIGN,1369,2923.21,192,2.560183487567183,11,12,2,0.16666666666666666,110.75,124.45454545454545,95.1373409149301,0.8590279089384208,False,False,Regular,Maintain standard replenishment review
22079,RIBBON REEL HEARTS DESIGN,1867,3275.79,320,2.065906542921888,13,12,0,0.0,149.91666666666666,143.6153846153846,106.71070350449502,0.7118001345491608,False,False,High-Revenue Priority,Prioritize inventory monitoring and avoid stockouts
22080,RIBBON REEL POLKADOTS,1196,1986.98,154,2.2165404225404224,9,12,4,0.3333333333333333,94.75,132.88888888888889,112.3340189710215,1.1855833136783271,False,False,Regular,Maintain standard replenishment review
22081,RIBBON REEL FLORA + FAUNA,634,1160.0,137,2.2798413626277405,13,12,0,0.0,49.916666666666664,48.76923076923077,21.744208563675205,0.43561018825392733,False,False,Regular,Maintain standard replenishment review
22082,RIBBON REEL STRIPES DESIGN,2660,4628.88,407,1.9721365460403921,13,12,0,0.0,212.16666666666666,204.6153846153846,94.64078818289072,0.4460681296915509,False,False,High-Revenue Priority,Prioritize inventory monitoring and avoid stockouts
22083,PAPER CHAIN KIT RETROSPOT,4616,14051.640000000001,610,3.769493047029137,13,12,0,0.0,369.5833333333333,355.0769230769231,120.72994531999797,0.32666501552197874,False,False,High-Revenue Priority,Prioritize inventory monitoring and avoid stockouts
22084,PAPER CHAIN KIT EMPIRE,5176,15084.62,435,3.233624392490847,11,12,2,0.16666666666666666,430.4166666666667,470.54545454545456,760.5775865429608,1.767072805133694,False,False,High-Revenue Priority,Prioritize inventory monitoring and avoid stockouts
22085,PAPER CHAIN KIT SKULLS,548,1566.99,97,3.273058608058608,13,12,0,0.0,44.75,42.15384615384615,30.975430145960406,0.6921883831499532,False,False,Regular,Maintain standard replenishment review
22086,PAPER CHAIN KIT 50'S CHRISTMAS,18922,63834.94,1152,4.022865523588113,13,12,0,0.0,1402.8333333333333,1455.5384615384614,2329.346643992428,1.660458579536007,False,False,High-Revenue Priority,Prioritize inventory monitoring and avoid stockouts
22087,PAPER BUNTING WHITE LACE,4037,11739.83,322,3.3347873269701225,8,12,5,0.4166666666666667,332.5833333333333,504.625,396.99128873733906,1.193659600312721,False,False,High-Revenue Priority,Prioritize inventory monitoring and avoid stockouts
22088,PAPER BUNTING COLOURED LACE,1838,5514.8,236,3.5500195035460993,8,12,4,0.3333333333333333,153.16666666666666,229.75,177.48691799849942,1.1587829249085926,False,False,High-Revenue Priority,Prioritize inventory monitoring and avoid stockouts
22089,PAPER BUNTING VINTAGE PAISLEY,1423,4457.43,272,3.501656276949769,13,12,0,0.0,118.08333333333333,109.46153846153847,72.67669169101958,0.6154695132619866,False,False,High-Revenue Priority,Prioritize inventory monitoring and avoid stockouts
22090,PAPER BUNTING RETROSPOT,7493,22597.510000000002,793,3.7900087692941153,13,12,0,0.0,615.25,576.3846153846154,377.2318132250923,0.6131358199513893,False,False,High-Revenue Priority,Prioritize inventory monitoring and avoid stockouts
22091,EMPIRE TISSUE BOX,1983,1030.1,167,1.2756502215732985,13,12,0,0.0,164.33333333333334,152.53846153846155,206.7771454459798,1.2582787755333456,False,False,High-Turnover Volatile,Monitor closely and replenish in smaller batches
22092,BLUE PAISLEY TISSUE BOX,670,321.4,91,0.8177112470862471,11,12,2,0.16666666666666666,55.25,60.90909090909091,58.53068348388654,1.0593788865861817,False,False,Regular,Maintain standard replenishment review
22093,MOTORING TISSUE BOX,1830,822.13,160,0.9049275309717383,12,12,1,0.08333333333333333,147.75,152.5,183.73950186460868,1.2435837689652025,False,False,Regular,Maintain standard replenishment review
22094,RED RETROSPOT TISSUE BOX,2130,1120.96,199,1.3178657731157732,13,12,0,0.0,172.83333333333334,163.84615384615384,195.5322960226233,1.1313344032167212,False,False,High-Turnover Volatile,Monitor closely and replenish in smaller batches
22095,LADS ONLY TISSUE BOX,1643,1605.96,143,1.2545899197420938,13,12,0,0.0,123.91666666666667,126.38461538461539,150.46803244503062,1.2142679148220359,False,False,Regular,Maintain standard replenishment review
22096,PINK PAISLEY SQUARE TISSUE BOX,1366,584.09,117,0.927539184952978,12,12,1,0.08333333333333333,95.16666666666667,113.83333333333333,182.3671787323253,1.916292596136518,False,False,Regular,Maintain standard replenishment review
22097,SWALLOW SQUARE TISSUE BOX,1596,732.39,145,1.0530701990317375,13,12,0,0.0,114.5,122.76923076923077,158.14751456673721,1.3812010005828577,False,False,Regular,Maintain standard replenishment review
22098,BOUDOIR SQUARE TISSUE BOX,1956,987.51,171,1.2176272893772895,13,12,0,0.0,157.75,150.46153846153845,237.3551711522782,1.504628660236312,False,False,High-Turnover Volatile,Monitor closely and replenish in smaller batches
22099,CARAVAN SQUARE TISSUE BOX,1440,800.59,153,1.1995784637090305,13,12,0,0.0,118.25,110.76923076923077,134.75643010463529,1.1395892609271483,False,False,Regular,Maintain standard replenishment review
22100,SKULLS SQUARE TISSUE BOX,755,354.82,59,1.1903636363636363,11,12,2,0.16666666666666666,53.75,68.63636363636364,77.22708545110794,1.4367829851368918,False,False,Regular,Maintain standard replenishment review
22101,MIRROR MOSAIC VOTIVE HOLDER,1114,1926.81,68,2.2837203907203905,13,12,0,0.0,91.5,85.6923076923077,90.13172178943033,0.9850461397751948,False,False,Regular,Maintain standard replenishment review
22102,MIRROR MOSAIC T-LIGHT HOLDER,902,551.04,30,2.006,11,12,1,0.08333333333333333,75.16666666666667,82.0,222.85128891190413,2.9647621584732256,False,False,Regular,Maintain standard replenishment review
22103,MIRROR MOSAIC T-LIGHT HOLDER ROUND,768,705.92,24,2.253703703703704,9,11,2,0.18181818181818182,69.81818181818181,85.33333333333333,153.95636926208553,2.205104247243413,False,False,Regular,Maintain standard replenishment review
22104,MIRROR MOSAIC CANDLE PLATE,288,343.71,59,1.5939545454545454,13,12,0,0.0,23.083333333333332,22.153846153846153,36.03144670305581,1.5609290990493494,False,False,Regular,Maintain standard replenishment review
22105,MIRROR MOSAIC GOBLET CANDLE HOLDER,334,619.8199999999999,32,4.085230769230769,13,12,0,0.0,27.583333333333332,25.692307692307693,70.7588199877627,2.5652744406439654,False,False,Regular,Maintain standard replenishment review
22106,MIRROR MOSAIC HURRICANE LAMP,229,748.38,46,5.387738095238095,13,12,0,0.0,18.333333333333332,17.615384615384617,35.7321686829652,1.949027382707193,False,False,Regular,Maintain standard replenishment review
22107,PIZZA PLATE IN BOX,588,2138.06,178,4.613672385022385,13,12,0,0.0,37.833333333333336,45.23076923076923,47.68043878179229,1.2602759149372411,False,False,Regular,Maintain standard replenishment review
22108,PING! MICROWAVE PLATE,152,415.09,63,3.2047943722943724,12,12,1,0.08333333333333333,9.25,12.666666666666666,9.468848446832958,1.0236592915495089,False,False,Regular,Maintain standard replenishment review
22109,FULL ENGLISH BREAKFAST PLATE,1636,6906.15,295,5.560970070975464,13,12,0,0.0,122.58333333333333,125.84615384615384,99.26315652055521,0.8097606242329454,False,False,High-Revenue Priority,Prioritize inventory monitoring and avoid stockouts
22110,BIRD HOUSE HOT WATER BOTTLE,1172,4912.14,279,4.682584470930161,13,12,0,0.0,88.83333333333333,90.15384615384616,105.31583092025738,1.1855440628922032,False,False,High-Revenue Priority,Prioritize inventory monitoring and avoid stockouts
22111,SCOTTIE DOG HOT WATER BOTTLE,4654,24450.440000000002,770,6.129596391847926,13,12,0,0.0,353.9166666666667,358.0,416.2539562101555,1.1761355014179105,False,False,High-Revenue Priority,Prioritize inventory monitoring and avoid stockouts
22112,CHOCOLATE HOT WATER BOTTLE,5993,32724.58,857,6.747914205186385,13,12,0,0.0,451.5,461.0,520.8823807208827,1.1536708321614235,False,False,High-Revenue Priority,Prioritize inventory monitoring and avoid stockouts
22113,GREY HEART HOT WATER BOTTLE,3216,12748.08,560,4.41669795203946,13,12,0,0.0,257.4166666666667,247.3846153846154,257.8810361152576,1.0018039603053062,False,False,High-Revenue Priority,Prioritize inventory monitoring and avoid stockouts
22114,HOT WATER BOTTLE TEA AND SYMPATHY,5708,32851.840000000004,640,5.606790900445069,9,12,4,0.3333333333333333,425.0,634.2222222222222,641.9774847368799,1.5105352582044234,False,False,High-Revenue Priority,Prioritize inventory monitoring and avoid stockouts
22115,METAL SIGN EMPIRE TEA,1549,2020.91,228,2.713760583874534,13,12,0,0.0,123.0,119.15384615384616,110.28063375687584,0.896590518348584,False,False,Regular,Maintain standard replenishment review
22116,METAL SIGN HIS DINNER IS SERVED,563,610.22,147,1.7000454150066047,13,12,0,0.0,45.833333333333336,43.30769230769231,38.62131614285122,0.8426468976622085,False,False,Regular,Maintain standard replenishment review
22117,METAL SIGN HER DINNER IS SERVED,1320,3896.4500000000003,95,3.0599388111888115,13,12,0,0.0,109.58333333333333,101.53846153846153,223.6317827197741,2.0407463061880526,False,False,High-Revenue Priority,Prioritize inventory monitoring and avoid stockouts
22118,JOY WOODEN BLOCK LETTERS,230,895.26,89,5.564697394109159,11,12,2,0.16666666666666666,11.666666666666666,20.90909090909091,12.83697311627156,1.100311981394705,False,False,Regular,Maintain standard replenishment review
22119,PEACE WOODEN BLOCK LETTERS,344,1727.92,105,6.912153199741435,13,12,0,0.0,17.416666666666668,26.46153846153846,12.310072249498733,0.7067984066697837,False,False,Regular,Maintain standard replenishment review
22120,WELCOME  WOODEN BLOCK LETTERS,511,5127.69,186,11.13402046027588,13,12,0,0.0,42.083333333333336,39.30769230769231,17.839987430352956,0.42392049339452564,False,False,High-Revenue Priority,Prioritize inventory monitoring and avoid stockouts
22121,NOEL WOODEN BLOCK LETTERS,352,2159.7000000000003,133,6.902707292707293,11,12,2,0.16666666666666666,28.666666666666668,32.0,28.091840722023097,0.9799479321635963,False,False,Regular,Maintain standard replenishment review
22123,PING MICROWAVE APRON,508,1068.3799999999999,122,3.196585826454247,13,12,0,0.0,33.083333333333336,39.07692307692308,19.13330429730666,0.5783366538228712,False,False,Regular,Maintain standard replenishment review
22124,SET OF 2 TEA TOWELS PING MICROWAVE,149,306.15999999999997,76,2.499861111111111,12,12,1,0.08333333333333333,7.583333333333333,12.416666666666666,5.212891944424172,0.687414322341649,False,False,Regular,Maintain standard replenishment review
22125,UNION JACK HOT WATER BOTTLE,13,139.86,3,10.955,2,11,9,0.8181818181818182,1.1818181818181819,6.5,3.600505015082796,3.0465811666085196,False,False,Long-Tail,Limit stock and avoid excessive local warehouse space
22127,PARTY CONES CARNIVAL ASSORTED,404,504.88,22,2.0532142857142857,4,12,8,0.6666666666666666,33.666666666666664,101.0,63.056011656785,1.8729508412906437,False,False,Regular,Maintain standard replenishment review
22128,PARTY CONES CANDY ASSORTED,1750,2112.5299999999997,75,1.3395376984126983,12,12,0,0.0,145.83333333333334,145.83333333333334,126.01935878220769,0.8641327459351383,False,False,Regular,Maintain standard replenishment review
22129,PARTY CONES CANDY DECORATION,1188,1226.4199999999998,100,1.6508897356513457,13,12,0,0.0,97.16666666666667,91.38461538461539,87.64995808050995,0.9020578876210286,False,False,Regular,Maintain standard replenishment review
22130,PARTY CONE CHRISTMAS DECORATION,2277,2664.63,110,1.7671067887109075,11,12,2,0.16666666666666666,185.25,207.0,281.2217258515229,1.5180659964994487,False,False,High-Turnover Volatile,Monitor closely and replenish in smaller batches
22131,FOOD CONTAINER SET 3 LOVE HEART,2030,3934.64,290,2.8515648985843756,13,12,0,0.0,166.5,156.15384615384616,88.16771208637239,0.5295358083265609,False,False,High-Revenue Priority,Prioritize inventory monitoring and avoid stockouts
22132,RED LOVE HEART SHAPE CUP,1026,928.8299999999999,153,1.2063878205128205,13,12,0,0.0,83.75,78.92307692307692,71.63813737997887,0.8553807448355686,False,False,Regular,Maintain standard replenishment review
22133,PINK LOVE HEART SHAPE CUP,816,770.73,133,1.2990495206547836,13,12,0,0.0,66.25,62.76923076923077,47.453565820609406,0.7162802388016514,False,False,Regular,Maintain standard replenishment review
22134,MINI LADLE LOVE HEART RED,889,419.0,162,0.6745576439689341,13,12,0,0.0,48.0,68.38461538461539,49.67164912978758,1.0348260235372413,False,False,Regular,Maintain standard replenishment review
22135,MINI LADLE LOVE HEART PINK,567,322.38,179,0.6893808481404634,13,12,0,0.0,44.416666666666664,43.61538461538461,29.715188443663354,0.6690098711518955,False,False,Regular,Maintain standard replenishment review
22136,LOVE HEART SOCK HANGER,378,679.28,84,2.33246164021164,12,12,1,0.08333333333333333,31.333333333333332,31.5,34.19019884367005,1.0911765588405338,False,False,Regular,Maintain standard replenishment review
22137,BATHROOM SET LOVE HEART DESIGN,82,237.98000000000002,14,3.2800000000000002,8,12,4,0.3333333333333333,6.833333333333333,10.25,8.504900548115382,1.244619592407129,False,False,Long-Tail,Limit stock and avoid excessive local warehouse space
22138,BAKING SET 9 PIECE RETROSPOT,4900,24002.12,924,5.299479080128255,13,12,0,0.0,385.25,376.9230769230769,313.124466974687,0.8127825229712835,False,False,High-Revenue Priority,Prioritize inventory monitoring and avoid stockouts
22139,RETROSPOT TEA SET CERAMIC 11 PC,4506,22808.86,958,5.7886312973738265,13,12,0,0.0,358.9166666666667,346.61538461538464,197.40289135458863,0.5499964467738713,False,False,High-Revenue Priority,Prioritize inventory monitoring and avoid stockouts
22141,CHRISTMAS CRAFT TREE TOP ANGEL,2791,6463.79,457,3.0322308852840067,12,12,1,0.08333333333333333,221.08333333333334,232.58333333333334,335.6560626954955,1.5182332274202586,False,False,High-Revenue Priority,Prioritize inventory monitoring and avoid stockouts
22142,CHRISTMAS CRAFT WHITE FAIRY,3247,4946.19,377,2.19401128959276,10,12,3,0.25,258.25,324.7,417.94782732254555,1.6183846169314444,False,False,High-Revenue Priority,Prioritize inventory monitoring and avoid stockouts
22144,CHRISTMAS CRAFT LITTLE FRIENDS,4061,9637.08,543,3.0867217983869573,12,12,1,0.08333333333333333,315.5833333333333,338.4166666666667,476.1625884149873,1.508833129384697,False,False,High-Revenue Priority,Prioritize inventory monitoring and avoid stockouts
22145,CHRISTMAS CRAFT HEART STOCKING,30,63.0,1,2.1,1,12,11,0.9166666666666666,2.5,30.0,8.660254037844387,3.464101615137755,False,False,Long-Tail,Limit stock and avoid excessive local warehouse space
22146,EASTER CRAFT IVY WREATH WITH CHICK,1,1.95,1,1.95,1,11,10,0.9090909090909091,0.09090909090909091,1.0,0.30151134457776363,3.3166247903554,False,False,Long-Tail,Limit stock and avoid excessive local warehouse space
22147,FELTCRAFT BUTTERFLY HEARTS,5373,7552.29,478,1.7033242426786568,13,12,0,0.0,445.0,413.3076923076923,369.5518170088539,0.830453521368211,False,False,High-Revenue Priority,Prioritize inventory monitoring and avoid stockouts
22148,EASTER CRAFT 4 CHICKS,1921,3894.0499999999997,185,2.600050761907172,12,12,1,0.08333333333333333,159.08333333333334,160.08333333333334,277.00064270792956,1.7412298127266392,False,False,High-Revenue Priority,Prioritize inventory monitoring and avoid stockouts
22149,FELTCRAFT 6 FLOWER FRIENDS,5464,11234.48,545,2.415712886110796,12,12,0,0.0,455.3333333333333,455.3333333333333,286.68999200382194,0.6296266295837963,False,False,High-Revenue Priority,Prioritize inventory monitoring and avoid stockouts
22150,3 STRIPEY MICE FELTCRAFT,3014,5894.19,466,2.25491288009602,13,12,0,0.0,232.91666666666666,231.84615384615384,105.84676602895281,0.45444049815650583,False,False,High-Revenue Priority,Prioritize inventory monitoring and avoid stockouts
22151,PLACE SETTING WHITE HEART,14670,6156.61,330,0.5750320872063857,13,12,0,0.0,1196.5833333333333,1128.4615384615386,523.0441417723979,0.4371146807764312,False,False,High-Revenue Priority,Prioritize inventory monitoring and avoid stockouts
22152,PLACE SETTING WHITE STAR,2407,1053.08,105,0.5289912927095201,13,12,0,0.0,198.08333333333334,185.15384615384616,245.76354427980098,1.2407078381815784,False,False,High-Turnover Volatile,Monitor closely and replenish in smaller batches
22153,ANGEL DECORATION STARS ON DRESS,2593,1109.05,131,0.5381060606060606,9,12,4,0.3333333333333333,191.58333333333334,288.1111111111111,273.42223701990605,1.4271713111086874,False,False,High-Turnover Volatile,Monitor closely and replenish in smaller batches
22154,ANGEL DECORATION 3 BUTTONS,3745,1636.67,162,0.6031449024139701,11,12,2,0.16666666666666666,291.5,340.45454545454544,411.7272927999353,1.4124435430529514,False,False,High-Turnover Volatile,Monitor closely and replenish in smaller batches
22155,STAR DECORATION RUSTIC,2404,1113.45,141,0.6570131356658948,13,12,0,0.0,186.41666666666666,184.92307692307693,264.826687179416,1.4206170076678553,False,False,High-Turnover Volatile,Monitor closely and replenish in smaller batches
22156,HEART DECORATION WITH PEARLS,2159,2081.81,254,1.1797372227188017,13,12,0,0.0,172.66666666666666,166.07692307692307,72.64901092154516,0.4207471674992963,False,False,High-Turnover Stable,Keep stable local warehouse inventory
22157,ANGEL DECORATION WITH LACE PADDED,212,180.2,11,0.85,2,12,10,0.8333333333333334,17.666666666666668,106.0,42.836546277328395,2.42471016664123,False,False,Regular,Maintain standard replenishment review
22158,3 HEARTS HANGING DECORATION RUSTIC,3413,11797.38,303,3.9204734509424166,13,12,0,0.0,273.4166666666667,262.53846153846155,399.3534452617434,1.4606038839198172,False,False,High-Revenue Priority,Prioritize inventory monitoring and avoid stockouts
22161,HEART DECORATION RUSTIC HANGING,5059,1641.19,339,0.6654886149582551,13,12,0,0.0,409.5,389.15384615384613,366.24097879054244,0.8943613645678692,False,False,High-Turnover Stable,Keep stable local warehouse inventory
22162,HEART GARLAND RUSTIC PADDED,256,817.6400000000001,90,3.060777272727273,11,12,1,0.08333333333333333,21.333333333333332,23.272727272727273,30.574300953380416,1.433170357189707,False,False,Regular,Maintain standard replenishment review
22163,HEART STRING MEMO HOLDER HANGING,851,1023.8199999999999,121,2.6168515779092703,13,12,0,0.0,66.75,65.46153846153847,122.55471876231078,1.8360257492481016,False,False,Regular,Maintain standard replenishment review
22164,STRING OF STARS CARD HOLDER,78,250.22000000000003,15,3.6206666666666667,6,12,6,0.5,6.5,13.0,11.437577620203582,1.7596273261851665,False,False,Long-Tail,Limit stock and avoid excessive local warehouse space
22165,"DIAMANTE HEART SHAPED WALL MIRROR,",414,3315.45,145,11.744640242424744,13,12,0,0.0,18.083333333333332,31.846153846153847,7.645061785032852,0.42276839364236973,False,False,High-Revenue Priority,Prioritize inventory monitoring and avoid stockouts
22166,WALL MIRROR RECTANGLE DIAMANTE PINK,206,1606.4499999999998,86,11.983975463133358,13,12,0,0.0,8.916666666666666,15.846153846153847,7.391128998927559,0.8289116634311281,False,False,Regular,Maintain standard replenishment review
22167,OVAL WALL MIRROR DIAMANTE,234,2371.22,154,10.49470808678501,13,12,0,0.0,18.916666666666668,18.0,9.20926740086344,0.4868335189883757,False,False,Regular,Maintain standard replenishment review
22168,ORGANISER WOOD ANTIQUE WHITE,139,1171.3,74,8.494516129032258,5,12,7,0.5833333333333334,11.583333333333334,27.8,20.411486665081203,1.7621427336760749,False,False,Regular,Maintain standard replenishment review
22169,FAMILY ALBUM WHITE PICTURE FRAME,1178,10191.06,365,10.186021233184837,13,12,0,0.0,93.25,90.61538461538461,50.13277824483154,0.5376169248775501,False,False,High-Revenue Priority,Prioritize inventory monitoring and avoid stockouts
22170,PICTURE FRAME WOOD TRIPLE PORTRAIT,1055,6899.45,263,7.717389448356941,13,12,0,0.0,84.25,81.15384615384616,39.834030677299026,0.4728074857839647,False,False,High-Revenue Priority,Prioritize inventory monitoring and avoid stockouts
22171,3 HOOK PHOTO SHELF ANTIQUE WHITE,1768,13401.01,374,9.90952461306105,13,12,0,0.0,144.08333333333334,136.0,126.20362934799482,0.8759072019525377,False,False,High-Revenue Priority,Prioritize inventory monitoring and avoid stockouts
22173,METAL 4 HOOK HANGER FRENCH CHATEAU,2347,7500.85,490,3.841555819928582,12,12,1,0.08333333333333333,189.83333333333334,195.58333333333334,84.42838098146566,0.44475003150903775,False,False,High-Revenue Priority,Prioritize inventory monitoring and avoid stockouts
22174,PHOTO CUBE,3218,5978.78,321,2.664343133199199,13,12,0,0.0,261.0,247.53846153846155,344.2694504969248,1.3190400402181026,False,False,High-Revenue Priority,Prioritize inventory monitoring and avoid stockouts
22175,PINK OWL SOFT TOY,876,2591.28,170,3.452866422466423,13,12,0,0.0,67.66666666666667,67.38461538461539,79.58795401467752,1.1761766603154313,False,False,Regular,Maintain standard replenishment review
22176,BLUE OWL SOFT TOY,512,1536.88,115,3.2987127115308934,11,12,1,0.08333333333333333,42.666666666666664,46.54545454545455,36.23492371966163,0.8492560246795695,False,False,Regular,Maintain standard replenishment review
22178,VICTORIAN GLASS HANGING T-LIGHT,24125,32950.92,1031,1.6660836201495763,13,12,0,0.0,1927.9166666666667,1855.7692307692307,660.2895313054079,0.3424886265686144,False,False,High-Revenue Priority,Prioritize inventory monitoring and avoid stockouts
22179,SET 10 NIGHT OWL LIGHTS,961,7192.45,287,8.968167232228645,13,12,0,0.0,74.75,73.92307692307692,38.13880152571895,0.5102180806116247,False,False,High-Revenue Priority,Prioritize inventory monitoring and avoid stockouts
22180,RETROSPOT LAMP,325,3471.79,151,11.98524223583434,12,12,0,0.0,27.083333333333332,27.083333333333332,13.780475868108297,0.508817570514768,False,False,High-Revenue Priority,Prioritize inventory monitoring and avoid stockouts
22181,SNOWSTORM PHOTO FRAME FRIDGE MAGNET,567,480.51,56,1.0539170274170273,12,12,0,0.0,47.25,47.25,40.68979099121905,0.8611595976977576,False,False,Regular,Maintain standard replenishment review
22182,CAKE STAND VICTORIAN FILIGREE SMALL,372,1420.58,122,4.242910945685139,13,12,0,0.0,24.333333333333332,28.615384615384617,30.257480918198585,1.2434581199259693,False,False,Regular,Maintain standard replenishment review
22183,CAKE STAND VICTORIAN FILIGREE MED,321,1913.01,128,6.157638859995839,8,12,4,0.3333333333333333,26.75,40.125,29.76002504886532,1.1125243008921615,False,False,Regular,Maintain standard replenishment review
22184,CAKE STAND VICTORIAN FILIGREE LARGE,56,471.86,35,8.43275,2,12,10,0.8333333333333334,4.666666666666667,28.0,10.973797994506844,2.351528141680038,False,False,Long-Tail,Limit stock and avoid excessive local warehouse space
22185,SLATE TILE NATURAL HANGING,1472,2235.9399999999996,162,1.9961471359887026,13,12,0,0.0,97.75,113.23076923076923,52.14512092577441,0.5334539225143162,False,False,Regular,Maintain standard replenishment review
22186,RED STAR CARD HOLDER,848,1997.48,149,3.6061004972323856,10,12,3,0.25,67.16666666666667,84.8,113.011530653319,1.6825538062528882,False,False,Regular,Maintain standard replenishment review
22187,GREEN CHRISTMAS TREE CARD HOLDER,1264,3237.18,191,4.916385185185185,9,12,4,0.3333333333333333,102.33333333333333,140.44444444444446,193.470379848668,1.8905900310944757,False,False,High-Revenue Priority,Prioritize inventory monitoring and avoid stockouts
22188,BLACK HEART CARD HOLDER,4869,12479.27,188,4.3329625601833275,13,12,0,0.0,376.4166666666667,374.53846153846155,579.2612000460482,1.5388829755485007,False,False,High-Revenue Priority,Prioritize inventory monitoring and avoid stockouts
22189,CREAM HEART CARD HOLDER,8279,23416.07,522,4.479541488028165,13,12,0,0.0,656.1666666666666,636.8461538461538,573.8778510090696,0.8745915941210103,False,False,High-Revenue Priority,Prioritize inventory monitoring and avoid stockouts
22190,LOCAL CAFE MUG,676,1057.71,116,2.244624542124542,13,12,0,0.0,44.583333333333336,52.0,40.34500832779313,0.9049347662308739,False,False,Regular,Maintain standard replenishment review
22191,IVORY DINER WALL CLOCK,1433,11809.65,409,8.903185482674452,13,12,0,0.0,117.08333333333333,110.23076923076923,118.73228735523485,1.0140835930696215,False,False,High-Revenue Priority,Prioritize inventory monitoring and avoid stockouts
22192,BLUE DINER WALL CLOCK,938,8063.49,362,9.065292198091374,13,12,0,0.0,75.41666666666667,72.15384615384616,29.764097754702984,0.3946620696756197,False,False,High-Revenue Priority,Prioritize inventory monitoring and avoid stockouts
22193,RED DINER WALL CLOCK,1382,11714.27,456,9.373076357025507,13,12,0,0.0,110.16666666666667,106.3076923076923,74.2450896243875,0.6739342477251513,False,False,High-Revenue Priority,Prioritize inventory monitoring and avoid stockouts
22194,BLACK DINER WALL CLOCK,64,608.6899999999999,43,10.531358585858586,9,12,3,0.25,5.333333333333333,7.111111111111111,5.297226261035681,0.9932299239441903,False,False,Long-Tail,Limit stock and avoid excessive local warehouse space
22195,LARGE HEART MEASURING SPOONS,1976,3720.66,373,2.3591315311108865,13,12,0,0.0,157.0,152.0,91.21004729344638,0.5809557152448814,False,False,High-Revenue Priority,Prioritize inventory monitoring and avoid stockouts
22196,SMALL HEART MEASURING SPOONS,2823,2733.7599999999998,470,1.2147628953311544,13,12,0,0.0,220.08333333333334,217.15384615384616,111.59134728050732,0.5070413356176023,False,False,High-Turnover Stable,Keep stable local warehouse inventory
22197,POPCORN HOLDER,56676,51171.77,1389,1.0496664549963812,13,12,0,0.0,4204.916666666667,4359.692307692308,3069.5552671158716,0.7299919381159051,False,False,High-Revenue Priority,Prioritize inventory monitoring and avoid stockouts
22198,LARGE POPCORN HOLDER,1025,1870.9099999999999,86,2.0464141414141412,3,12,9,0.75,85.41666666666667,341.6666666666667,245.82050300365447,2.877898571750101,False,False,Regular,Maintain standard replenishment review
22199,FRYING PAN RED RETROSPOT,459,1892.59,165,5.39369688026773,13,12,0,0.0,30.5,35.30769230769231,13.727874761030764,0.45009425446002505,False,False,Regular,Maintain standard replenishment review
22200,FRYING PAN PINK POLKADOT,394,1792.48,139,5.75444873636062,13,12,0,0.0,29.166666666666668,30.307692307692307,21.829227002236053,0.7484306400766646,False,False,Regular,Maintain standard replenishment review
22201,FRYING PAN BLUE POLKADOT,192,712.55,86,4.664594017094017,13,12,0,0.0,13.666666666666666,14.76923076923077,15.035311970844038,1.1001447783544418,False,False,Regular,Maintain standard replenishment review
22202,MILK PAN PINK POLKADOT,64,319.35,37,4.93159595959596,5,12,7,0.5833333333333334,5.333333333333333,12.8,10.798428617445254,2.024705365770985,False,False,Long-Tail,Limit stock and avoid excessive local warehouse space
22203,MILK PAN RED RETROSPOT,403,1483.13,145,4.595866436667907,13,12,0,0.0,27.25,31.0,9.761939077122667,0.3582362964081713,False,False,Regular,Maintain standard replenishment review
22204,MILK PAN BLUE POLKADOT,193,654.54,78,4.214260355029586,13,12,0,0.0,14.166666666666666,14.846153846153847,18.67342951085766,1.3181244360605406,False,False,Regular,Maintain standard replenishment review
22206,"MUG , DOTCOMGIFTSHOP.COM",5,4.17,5,0.834,5,12,7,0.5833333333333334,0.4166666666666667,1.0,0.5149286505444373,1.2358287613066494,False,False,Long-Tail,Limit stock and avoid excessive local warehouse space
22207,FRYING PAN UNION FLAG,1261,5563.59,207,5.929400988257859,13,12,0,0.0,97.16666666666667,97.0,46.63949425371618,0.47999479506397436,False,False,High-Revenue Priority,Prioritize inventory monitoring and avoid stockouts
22208,WOOD STAMP SET THANK YOU,1497,1561.53,279,1.4386423942249886,13,12,0,0.0,120.08333333333333,115.15384615384616,106.65872366259279,0.8882058875441454,False,False,Regular,Maintain standard replenishment review
22209,WOOD STAMP SET HAPPY BIRTHDAY,933,954.26,172,1.4169720031602384,13,12,0,0.0,70.0,71.76923076923077,49.91447230467879,0.7130638900668398,False,False,Regular,Maintain standard replenishment review
22210,WOOD STAMP SET BEST WISHES,1017,958.0399999999998,187,1.4664809079809078,13,12,0,0.0,76.33333333333333,78.23076923076923,93.05944662451311,1.2191193880940583,False,False,Regular,Maintain standard replenishment review
22211,WOOD STAMP SET FLOWERS,960,1052.79,195,1.577260271651576,13,12,0,0.0,78.66666666666667,73.84615384615384,61.708012347496556,0.7844238857732613,False,False,Regular,Maintain standard replenishment review
22212,FOUR HOOK  WHITE LOVEBIRDS,1602,3686.2400000000002,397,2.84573372695318,13,12,0,0.0,126.66666666666667,123.23076923076923,67.66405428604055,0.5341899022582148,False,False,High-Revenue Priority,Prioritize inventory monitoring and avoid stockouts
22214,CANDLE PLATE LACE WHITE,193,416.6,56,3.231524526198439,13,12,0,0.0,13.916666666666666,14.846153846153847,20.2100709968315,1.452220670431006,False,False,Regular,Maintain standard replenishment review
22215,CAKE STAND WHITE TWO TIER LACE,342,2462.89,100,9.026484267868883,13,12,0,0.0,20.916666666666668,26.307692307692307,13.54761524357253,0.6476947526807584,False,False,Regular,Maintain standard replenishment review
22216,T-LIGHT HOLDER WHITE LACE,588,512.93,68,1.2252564102564103,13,12,0,0.0,33.166666666666664,45.23076923076923,36.51359232179743,1.1009123313104754,False,False,Regular,Maintain standard replenishment review
22217,T-LIGHT HOLDER HANGING LACE,839,831.26,82,1.5149798534798533,13,12,0,0.0,39.5,64.53846153846153,26.55868288081388,0.6723717185016173,False,False,Regular,Maintain standard replenishment review
22218,CAKE STAND LACE WHITE,1,4.25,1,4.25,1,12,11,0.9166666666666666,0.08333333333333333,1.0,0.2886751345948129,3.4641016151377553,False,False,Long-Tail,Limit stock and avoid excessive local warehouse space
22219,LOVEBIRD HANGING DECORATION WHITE,4109,4013.33,542,1.1911198639816731,13,12,0,0.0,337.4166666666667,316.0769230769231,142.24655824775985,0.4215753763825928,False,False,High-Revenue Priority,Prioritize inventory monitoring and avoid stockouts
22220,CAKE STAND LOVEBIRD 2 TIER WHITE,214,1697.5,82,11.023164351851852,12,12,1,0.08333333333333333,10.75,17.833333333333332,7.886985828220148,0.7336731002995486,False,False,Regular,Maintain standard replenishment review
22221,CAKE STAND LOVEBIRD 2 TIER PINK,131,1104.54,51,10.542679487179488,13,12,0,0.0,7.833333333333333,10.076923076923077,5.491039532867629,0.7009837701533144,False,False,Regular,Maintain standard replenishment review
22222,CAKE PLATE LOVEBIRD WHITE,1057,3880.2,222,5.933688404239229,13,12,0,0.0,87.58333333333333,81.3076923076923,112.55984940008447,1.2851743033311263,False,False,High-Revenue Priority,Prioritize inventory monitoring and avoid stockouts
22223,CAKE PLATE LOVEBIRD PINK,441,1821.6100000000001,78,6.248966666666667,13,12,0,0.0,36.416666666666664,33.92307692307692,46.533386515555264,1.2778046640427076,False,False,Regular,Maintain standard replenishment review
22224,WHITE LOVEBIRD LANTERN,832,2758.1600000000003,163,3.739866876157898,13,12,0,0.0,66.75,64.0,32.64721901006131,0.4890969140084092,False,False,Regular,Maintain standard replenishment review
22227,HANGING HEART MIRROR DECORATION,2340,1707.42,289,0.8935821097061507,13,12,0,0.0,189.25,180.0,72.10992240386139,0.3810299730719228,False,False,High-Turnover Stable,Keep stable local warehouse inventory
22228,BUNNY WOODEN PAINTED WITH BIRD,1000,777.78,147,0.7945470588235294,12,12,1,0.08333333333333333,80.91666666666667,83.33333333333333,76.02446775196586,0.9395402811777448,False,False,Regular,Maintain standard replenishment review
22229,BUNNY WOODEN PAINTED WITH FLOWER,568,432.46,101,0.745617201426025,12,12,1,0.08333333333333333,47.083333333333336,47.333333333333336,44.17827177436547,0.9382995775086471,False,False,Regular,Maintain standard replenishment review
22230,JIGSAW TREE WITH WATERING CAN,1047,480.63,101,0.8362239316239316,13,12,0,0.0,86.75,80.53846153846153,114.66958461755951,1.3218395921332509,False,False,Regular,Maintain standard replenishment review
22231,JIGSAW TREE WITH BIRDHOUSE,974,992.92,142,1.3136045137658041,13,12,0,0.0,78.75,74.92307692307692,50.313788097570956,0.6389052456834408,False,False,Regular,Maintain standard replenishment review
22232,JIGSAW TOADSTOOLS 3 PIECE,626,549.74,78,1.221621978021978,13,12,0,0.0,48.083333333333336,48.15384615384615,38.36062928039475,0.7977947164033569,False,False,Regular,Maintain standard replenishment review
22233,JIGSAW RABBIT AND BIRDHOUSE,590,597.24,104,1.3218680294064908,13,12,0,0.0,45.583333333333336,45.38461538461539,41.85572260935791,0.9182242619968829,False,False,Regular,Maintain standard replenishment review
22236,CAKE STAND 3 TIER MAGIC GARDEN,268,3179.3999999999996,82,12.573065476190477,12,12,0,0.0,22.333333333333332,22.333333333333332,14.163546893559557,0.6341886668758011,False,False,High-Revenue Priority,Prioritize inventory monitoring and avoid stockouts
22241,GARLAND WOODEN HAPPY EASTER,1950,2606.93,238,1.6066479438008114,12,12,0,0.0,162.5,162.5,266.3372776284714,1.638998631559824,False,False,High-Turnover Volatile,Monitor closely and replenish in smaller batches
22242,5 HOOK HANGER MAGIC TOADSTOOL,616,954.78,33,1.9360714285714284,3,12,9,0.75,51.333333333333336,205.33333333333334,130.002330981433,2.532512941196747,False,False,Regular,Maintain standard replenishment review
22243,5 HOOK HANGER RED MAGIC TOADSTOOL,3092,4741.74,130,1.8287498513994456,12,12,0,0.0,257.6666666666667,257.6666666666667,360.8473193454371,1.400442377796004,False,False,High-Revenue Priority,Prioritize inventory monitoring and avoid stockouts
22244,3 HOOK HANGER MAGIC GARDEN,1703,3276.21,159,2.8230202464202465,10,12,2,0.16666666666666666,141.91666666666666,170.3,106.52482282917855,0.7506153105990268,False,False,High-Revenue Priority,Prioritize inventory monitoring and avoid stockouts
22245,"HOOK, 1 HANGER ,MAGIC GARDEN",1262,1070.0,98,1.093517483321831,9,12,3,0.25,105.16666666666667,140.22222222222223,150.9628692056026,1.435463098626966,False,False,Regular,Maintain standard replenishment review
22246,MAGIC GARDEN FELT GARLAND,419,939.37,89,3.0093329124579125,12,12,0,0.0,34.916666666666664,34.916666666666664,20.67698911321179,0.5921810724547529,False,False,Regular,Maintain standard replenishment review
22247,BUNNY DECORATION MAGIC GARDEN,668,591.4399999999999,113,1.0964939752346048,9,12,3,0.25,55.666666666666664,74.22222222222223,83.41716994974261,1.4985120350253165,False,False,Regular,Maintain standard replenishment review
22248,DECORATION  PINK CHICK MAGIC GARDEN,577,511.49,108,1.273342013888889,12,12,1,0.08333333333333333,48.0,48.083333333333336,69.99740254921153,1.45827921977524,False,False,Regular,Maintain standard replenishment review
22249,DECORATION WHITE CHICK MAGIC GARDEN,928,812.86,145,1.1636693257602349,11,12,2,0.16666666666666666,77.25,84.36363636363636,110.59929721953276,1.4317061128742106,False,False,Regular,Maintain standard replenishment review
22250,DECORATION  BUTTERFLY  MAGIC GARDEN,819,730.95,147,1.2985387872996568,13,12,0,0.0,68.08333333333333,63.0,78.46071203687444,1.1524217190238597,False,False,Regular,Maintain standard replenishment review
22251,BIRDHOUSE DECORATION MAGIC GARDEN,712,889.49,137,1.792997806893961,13,12,0,0.0,59.083333333333336,54.76923076923077,62.13103211371232,1.051583054110787,False,False,Regular,Maintain standard replenishment review
22252,BIRDCAGE DECORATION TEALIGHT HOLDER,637,754.07,66,1.2275897435897436,13,12,0,0.0,52.083333333333336,49.0,35.395064713327,0.6795852424958784,False,False,Regular,Maintain standard replenishment review
22254,FELT TOADSTOOL LARGE,657,836.8,61,1.6185493096646941,13,12,0,0.0,52.75,50.53846153846154,69.04033735301546,1.308821561194606,False,False,Regular,Maintain standard replenishment review
22255,FELT TOADSTOOL  SMALL,629,602.63,77,1.1908941058941058,13,12,0,0.0,50.416666666666664,48.38461538461539,39.63804034540863,0.78620906470232,False,False,Regular,Maintain standard replenishment review
22256,FELT FARM ANIMAL CHICKEN,286,387.9,50,1.8050873015873015,6,12,6,0.5,23.833333333333332,47.666666666666664,43.11893347756208,1.80918602003757,False,False,Regular,Maintain standard replenishment review
22257,FELT FARM ANIMAL SHEEP,373,280.42,42,1.3398744588744589,7,12,5,0.4166666666666667,31.083333333333332,53.285714285714285,53.23952450667615,1.7127997160324766,False,False,Regular,Maintain standard replenishment review
22258,FELT FARM ANIMAL RABBIT,912,743.89,77,1.4841935483870967,8,12,4,0.3333333333333333,76.0,114.0,123.17614881284297,1.6207388001689864,False,False,Regular,Maintain standard replenishment review
22259,FELT FARM ANIMAL HEN,481,332.84000000000003,44,1.2666190476190475,5,12,7,0.5833333333333334,40.083333333333336,96.2,80.01642823744878,1.99625184791972,False,False,Regular,Maintain standard replenishment review
22260,FELT EGG COSY BLUE RABBIT,548,574.04,103,1.3311385601577908,13,12,0,0.0,45.083333333333336,42.15384615384615,60.12934290999594,1.3337377355267122,False,False,Regular,Maintain standard replenishment review
22261,FELT EGG COSY WHITE RABBIT,579,544.7099999999999,107,1.2753379629629629,12,12,1,0.08333333333333333,47.583333333333336,48.25,67.20992666581509,1.412467810840247,False,False,Regular,Maintain standard replenishment review
22262,FELT EGG COSY CHICKEN,1023,950.4599999999998,137,1.1886121216245056,13,12,0,0.0,84.58333333333333,78.6923076923077,91.74119559770828,1.0846249725837434,False,False,Regular,Maintain standard replenishment review
22263,FELT EGG COSY LADYBIRD,326,195.97,51,1.2963730158730158,12,12,1,0.08333333333333333,27.083333333333332,27.166666666666668,46.957346861193344,1.7338097302594466,False,False,Regular,Maintain standard replenishment review
22264,FELT FARM ANIMAL WHITE BUNNY,1561,736.9799999999999,96,1.3246619047619048,10,12,3,0.25,130.0,156.1,219.46505209465377,1.6881927084204136,False,False,Regular,Maintain standard replenishment review
22265,EASTER DECORATION NATURAL CHICK,536,363.55,64,0.7495861244019139,10,12,2,0.16666666666666666,44.666666666666664,53.6,54.837500992947476,1.2277052461107645,False,False,Regular,Maintain standard replenishment review
22266,EASTER DECORATION HANGING BUNNY,1887,595.85,92,0.4771110262286733,12,11,0,0.0,164.63636363636363,157.25,213.2877271327503,1.2955080057759543,False,False,High-Turnover Volatile,Monitor closely and replenish in smaller batches
22267,EASTER DECORATION EGG BUNNY,836,673.17,83,0.7820416666666666,12,11,0,0.0,71.54545454545455,69.66666666666667,64.490873209104,0.9013972113089503,False,False,Regular,Maintain standard replenishment review
22268,DECORATION SITTING BUNNY,2009,802.34,158,0.6538480167922892,11,11,0,0.0,182.63636363636363,182.63636363636363,137.54146482226568,0.7530891553235055,False,False,High-Turnover Stable,Keep stable local warehouse inventory
22269,EGG CUP NATURAL CHICKEN,932,621.49,125,1.134576513481491,13,12,0,0.0,74.83333333333333,71.6923076923077,70.04911696715946,0.9360683781803046,False,False,Regular,Maintain standard replenishment review
22270,HAPPY EASTER HANGING DECORATION,239,927.2,52,4.17888468013468,9,12,3,0.25,19.916666666666668,26.555555555555557,27.181070730576565,1.36473995299966,False,False,Regular,Maintain standard replenishment review
22271,FELTCRAFT DOLL ROSIE,1701,5007.35,301,3.342621091599033,12,12,0,0.0,141.75,141.75,67.1607637078241,0.47379727483473794,False,False,High-Revenue Priority,Prioritize inventory monitoring and avoid stockouts
22272,FELTCRAFT DOLL MARIA,196,564.92,48,2.991481481481482,6,12,6,0.5,16.333333333333332,32.666666666666664,21.16314692759061,1.2957028731177926,False,False,Regular,Maintain standard replenishment review
22273,FELTCRAFT DOLL MOLLY,3069,8509.59,329,3.2509256625918326,13,12,0,0.0,250.25,236.07692307692307,285.27598280198134,1.1399639672406847,False,False,High-Revenue Priority,Prioritize inventory monitoring and avoid stockouts
22274,FELTCRAFT DOLL EMILY,1340,3953.4800000000005,267,3.239559150995298,13,12,0,0.0,106.91666666666667,103.07692307692308,64.02763371223303,0.5988554984776276,False,False,High-Revenue Priority,Prioritize inventory monitoring and avoid stockouts
22275,WEEKEND BAG VINTAGE ROSE PAISLEY,69,527.85,1,7.65,1,12,11,0.9166666666666666,5.75,69.0,19.91858428704209,3.464101615137755,False,False,Long-Tail,Limit stock and avoid excessive local warehouse space
22276,WASH BAG VINTAGE ROSE PAISLEY,290,838.86,85,3.1277041420118343,13,12,0,0.0,23.666666666666668,22.307692307692307,21.86875451968914,0.9240318811136257,False,False,Regular,Maintain standard replenishment review
22277,COSMETIC BAG VINTAGE ROSE PAISLEY,417,897.74,100,2.649256981580511,13,12,0,0.0,33.666666666666664,32.07692307692308,34.275178756468634,1.0180746165287713,False,False,Regular,Maintain standard replenishment review
22278,OVERNIGHT BAG VINTAGE ROSE PAISLEY,400,2679.6,176,7.786465257120937,13,12,0,0.0,31.25,30.76923076923077,20.828848002011753,0.6665231360643761,False,False,Regular,Maintain standard replenishment review
22279,POCKET BAG BLUE PAISLEY RED SPOT,831,1003.4,128,1.6095579710144927,13,12,0,0.0,67.0,63.92307692307692,69.34367638469607,1.0349802445477025,False,False,Regular,Maintain standard replenishment review
22280,POCKET BAG PINK PAISELY BROWN SPOT,468,509.59,95,1.5282086013206415,13,12,0,0.0,38.416666666666664,36.0,43.296983588684185,1.127036449163146,False,False,Regular,Maintain standard replenishment review
22281,EASTER TREE YELLOW BIRDS,131,929.44,63,8.561983173076923,8,12,5,0.4166666666666667,10.833333333333334,16.375,17.076476820646015,1.576290168059632,False,False,Regular,Maintain standard replenishment review
22282,12 EGG HOUSE PAINTED WOOD,149,2378.52,99,17.18717915844839,13,12,0,0.0,12.166666666666666,11.461538461538462,5.749835307259336,0.4725892033363838,False,False,Regular,Maintain standard replenishment review
22283,6 EGG HOUSE PAINTED WOOD,295,2694.63,153,9.829628139381985,13,12,0,0.0,24.0,22.692307692307693,10.921205394677239,0.45505022477821827,False,False,Regular,Maintain standard replenishment review
22284,HEN HOUSE DECORATION,915,1577.2699999999998,130,2.0194395604395607,13,12,0,0.0,75.16666666666667,70.38461538461539,82.2278799582249,1.0939407533244998,False,False,Regular,Maintain standard replenishment review
22285,HANGING HEN ON NEST DECORATION,870,1493.2499999999998,120,1.9539767206477732,13,12,0,0.0,71.41666666666667,66.92307692307692,74.1895095908669,1.038826271984134,False,False,Regular,Maintain standard replenishment review
22286,DECORATION WOBBLY RABBIT METAL,1123,1022.4899999999999,115,1.304586111111111,12,12,1,0.08333333333333333,93.5,93.58333333333333,69.42163665863573,0.742477397418564,False,False,Regular,Maintain standard replenishment review
22287,DECORATION WOBBLY CHICKEN,794,716.8599999999999,80,1.3752849927849928,12,12,1,0.08333333333333333,66.08333333333333,66.16666666666667,58.25720140164231,0.8815717740475508,False,False,Regular,Maintain standard replenishment review
22288,HANGING METAL RABBIT DECORATION,474,616.95,58,1.6326666666666667,10,12,3,0.25,39.333333333333336,47.4,67.73253996194863,1.7220137278461516,False,False,Regular,Maintain standard replenishment review
22289,HANGING METAL CHICKEN DECORATION,148,193.52,34,1.6252777777777778,9,12,3,0.25,12.333333333333334,16.444444444444443,27.582383486346476,2.2364094718659304,False,False,Regular,Maintain standard replenishment review
22291,HANGING CHICK CREAM DECORATION,1265,1871.2199999999998,119,1.5316546352150069,11,12,1,0.08333333333333333,105.41666666666667,115.0,121.84972737189881,1.1558867418678147,False,False,Regular,Maintain standard replenishment review
22292,HANGING CHICK  YELLOW DECORATION,1136,1604.51,112,1.5568165006038648,12,12,0,0.0,94.66666666666667,94.66666666666667,139.83583448480078,1.4771390966704308,False,False,Regular,Maintain standard replenishment review
22293,HANGING CHICK GREEN DECORATION,903,1335.87,122,1.7233074039949041,12,12,0,0.0,75.25,75.25,75.94630280066903,1.0092531933643725,False,False,Regular,Maintain standard replenishment review
22294,HEART FILIGREE DOVE  SMALL,5433,6775.08,298,1.4514411838161838,13,12,0,0.0,444.0,417.9230769230769,202.93169473316073,0.45705336651612777,False,False,High-Revenue Priority,Prioritize inventory monitoring and avoid stockouts
22295,HEART FILIGREE DOVE LARGE,2789,4613.969999999999,250,1.9323489264049363,13,12,0,0.0,228.41666666666666,214.53846153846155,121.72282846572769,0.5328981910210625,False,False,High-Revenue Priority,Prioritize inventory monitoring and avoid stockouts
22296,HEART IVORY TRELLIS LARGE,3140,5247.719999999999,318,1.8944342302633876,13,12,0,0.0,257.5,241.53846153846155,81.57484014973332,0.3167954957271197,False,False,High-Revenue Priority,Prioritize inventory monitoring and avoid stockouts
22297,HEART IVORY TRELLIS SMALL,4164,5459.91,378,1.7444698443133928,13,12,0,0.0,339.4166666666667,320.3076923076923,154.1737262920887,0.4542314548256971,False,False,High-Revenue Priority,Prioritize inventory monitoring and avoid stockouts
22299,PIG KEYRING WITH LIGHT & SOUND,1355,1356.97,79,1.7816073926073925,13,12,0,0.0,68.83333333333333,104.23076923076923,76.46726374235203,1.1109045580002717,False,False,Regular,Maintain standard replenishment review
22300,COFFEE MUG DOG + BALL DESIGN,1522,3393.91,195,3.109417460169425,13,12,0,0.0,122.5,117.07692307692308,129.17465273454738,1.054486961098346,False,False,High-Revenue Priority,Prioritize inventory monitoring and avoid stockouts
22301,COFFEE MUG CAT + BIRD DESIGN,2198,4962.98,250,3.140944143425561,13,12,0,0.0,178.25,169.07692307692307,121.57386456576326,0.6820413159369608,False,False,High-Revenue Priority,Prioritize inventory monitoring and avoid stockouts
22302,COFFEE MUG PEARS  DESIGN,2323,5118.99,211,2.722722296245953,13,12,0,0.0,188.25,178.69230769230768,137.3132616253136,0.7294197164691294,False,False,High-Revenue Priority,Prioritize inventory monitoring and avoid stockouts
22303,COFFEE MUG APPLES DESIGN,2774,6247.35,259,2.800289647683207,13,12,0,0.0,225.16666666666666,213.3846153846154,150.30988193083184,0.6675494386269364,False,False,High-Revenue Priority,Prioritize inventory monitoring and avoid stockouts
22304,COFFEE MUG BLUE PAISLEY DESIGN,761,1352.8799999999999,61,3.022468253968254,12,12,1,0.08333333333333333,59.833333333333336,63.416666666666664,128.71803810396324,2.151276402851753,False,False,Regular,Maintain standard replenishment review
22305,COFFEE MUG PINK PAISLEY DESIGN,693,1604.58,51,2.939056776556776,13,12,0,0.0,56.75,53.30769230769231,81.445045610801,1.4351549887365815,False,False,Regular,Maintain standard replenishment review
22306,SILVER MUG BONE CHINA TREE OF LIFE,1150,1392.45,110,1.7154732142857143,8,12,5,0.4166666666666667,90.66666666666667,143.75,149.1334566044383,1.6448543007842458,False,False,Regular,Maintain standard replenishment review
22307,GOLD MUG BONE CHINA TREE OF LIFE,740,933.28,72,3.37513282247765,6,12,7,0.5833333333333334,59.166666666666664,123.33333333333333,99.546091045426,1.6824691444297353,False,False,Regular,Maintain standard replenishment review
22308,TEA COSY BLUE STRIPE,250,877.38,105,4.061064528866386,13,12,0,0.0,19.666666666666668,19.23076923076923,16.439051804846418,0.8358839900769365,False,False,Regular,Maintain standard replenishment review
22309,TEA COSY RED  STRIPE,369,1091.05,121,3.7458815172400697,12,12,1,0.08333333333333333,29.75,30.75,32.82494893716169,1.1033596281398887,False,False,Regular,Maintain standard replenishment review
22310,IVORY KNITTED MUG COSY,668,1296.23,109,2.6649968796635464,12,12,1,0.08333333333333333,54.5,55.666666666666664,72.14946607249047,1.323843414174137,False,False,Regular,Maintain standard replenishment review
22311,OFFICE MUG WARMER BLACK+SILVER,1131,3400.8100000000004,141,3.801877233877234,13,12,0,0.0,80.83333333333333,87.0,114.39948611878648,1.4152513746653999,False,False,High-Revenue Priority,Prioritize inventory monitoring and avoid stockouts
22312,OFFICE MUG WARMER POLKADOT,645,1950.49,131,3.4832822392661105,13,12,0,0.0,49.666666666666664,49.61538461538461,56.53532014804926,1.1382950365379045,False,False,Regular,Maintain standard replenishment review
22313,OFFICE MUG WARMER PINK,565,1564.83,65,3.347509157509158,13,12,0,0.0,44.583333333333336,43.46153846153846,78.94930287369499,1.7708254850174576,False,False,Regular,Maintain standard replenishment review
22314,OFFICE MUG WARMER CHOC+BLUE,570,1759.1200000000001,133,3.6878183884266886,13,12,0,0.0,38.75,43.84615384615385,46.000247034909805,1.1871031492879949,False,False,Regular,Maintain standard replenishment review
22315,200 RED + WHITE BENDY STRAWS,916,1218.93,172,1.4889110747928453,13,12,0,0.0,76.08333333333333,70.46153846153847,40.075969524558396,0.5267378250763426,False,False,Regular,Maintain standard replenishment review
22316,200 BENDY SKULL STRAWS,660,742.37,55,1.4251410256410255,13,12,0,0.0,54.75,50.76923076923077,75.77253640157015,1.3839732676085872,False,False,Regular,Maintain standard replenishment review
22317,FIVE CATS HANGING DECORATION,286,879.6700000000001,89,3.900882716049383,12,12,0,0.0,23.833333333333332,23.833333333333332,25.995920425864494,1.0907379199663425,False,False,Regular,Maintain standard replenishment review
22318,FIVE HEART HANGING DECORATION,455,1520.97,140,3.9050325738932554,13,12,0,0.0,37.666666666666664,35.0,16.751300266130404,0.4447247858264709,False,False,Regular,Maintain standard replenishment review
22319,HAIRCLIPS FORTIES FABRIC ASSORTED,1322,572.26,61,0.6146153846153847,13,12,0,0.0,58.166666666666664,101.6923076923077,29.96007444259878,0.5150729130532742,False,False,Regular,Maintain standard replenishment review
22320,BIRDS MOBILE VINTAGE DESIGN,182,1105.6200000000001,70,6.214207758053912,13,12,0,0.0,14.916666666666666,14.0,10.58694164210483,0.7097391044986477,False,False,Regular,Maintain standard replenishment review
22321,BIRD DECORATION RED RETROSPOT,893,860.93,132,1.3024979757085018,13,12,0,0.0,74.16666666666667,68.6923076923077,52.62877424743881,0.7096014505272649,False,False,Regular,Maintain standard replenishment review
22322,BIRD DECORATION GREEN POLKADOT,808,737.61,138,1.21520916005291,12,12,0,0.0,67.33333333333333,67.33333333333333,85.12272779862491,1.2641989277023502,False,False,Regular,Maintain standard replenishment review
22323,PINK POLKADOT KIDS BAG,1,1.95,1,1.95,1,11,10,0.9090909090909091,0.09090909090909091,1.0,0.30151134457776363,3.3166247903554,False,False,Long-Tail,Limit stock and avoid excessive local warehouse space
22324,BLUE POLKADOT KIDS BAG,286,688.3,74,3.443017094017094,13,12,0,0.0,23.333333333333332,22.0,22.439143288351087,0.9616775695007609,False,False,Regular,Maintain standard replenishment review
22325,MOBILE VINTAGE HEARTS,246,1131.5,92,5.5192275985663075,12,12,0,0.0,20.5,20.5,23.658556015261638,1.1540759031834946,False,False,Regular,Maintain standard replenishment review
22326,ROUND SNACK BOXES SET OF4 WOODLAND,8516,24308.82,728,3.4944650655825624,13,12,0,0.0,687.0,655.0769230769231,231.3545095538643,0.33676056703619256,False,False,High-Revenue Priority,Prioritize inventory monitoring and avoid stockouts
22327,ROUND SNACK BOXES SET OF 4 SKULLS,1159,4280.650000000001,284,4.372334764904516,13,12,0,0.0,92.33333333333333,89.15384615384616,44.33618127102254,0.4801752484226268,False,False,High-Revenue Priority,Prioritize inventory monitoring and avoid stockouts
22328,ROUND SNACK BOXES SET OF 4 FRUITS,6824,19062.52,579,3.2655539941600633,13,12,0,0.0,560.0,524.9230769230769,428.54871368375376,0.7652655601495603,False,False,High-Revenue Priority,Prioritize inventory monitoring and avoid stockouts
22329,ROUND CONTAINER SET OF 5 RETROSPOT,1591,2642.0899999999997,237,2.1562769452769452,13,12,0,0.0,131.58333333333334,122.38461538461539,91.95004407862243,0.698797041762805,False,False,Regular,Maintain standard replenishment review
22331,WOODLAND PARTY BAG + STICKER SET,1840,2975.14,183,2.025878842480057,13,12,0,0.0,151.75,141.53846153846155,92.62350477262041,0.6103690594571362,False,False,Regular,Maintain standard replenishment review
22332,SKULLS PARTY BAG + STICKER SET,1023,1663.1499999999999,146,1.7816253045596935,13,12,0,0.0,84.58333333333333,78.6923076923077,53.60030246409459,0.6336981572109706,False,False,Regular,Maintain standard replenishment review
22333,RETROSPOT PARTY BAG + STICKER SET,4452,6977.94,315,1.8739302680167418,13,12,0,0.0,369.25,342.46153846153845,152.70358988457463,0.41355068350595703,False,False,High-Revenue Priority,Prioritize inventory monitoring and avoid stockouts
22334,DINOSAUR PARTY BAG + STICKER SET,707,1160.7099999999998,101,1.7813434343434342,13,12,0,0.0,58.25,54.38461538461539,42.97382924525112,0.7377481415493754,False,False,Regular,Maintain standard replenishment review
22335,HEART DECORATION PAINTED ZINC,2380,1668.89,225,0.909194985056804,13,12,0,0.0,193.0,183.07692307692307,100.09813366709872,0.5186431796222731,False,False,High-Turnover Stable,Keep stable local warehouse inventory
22336,DOVE DECORATION PAINTED ZINC,2381,754.0300000000001,79,0.6841753246753247,11,12,1,0.08333333333333333,198.41666666666666,216.45454545454547,346.71089825630946,1.7473879794522107,False,False,High-Turnover Volatile,Monitor closely and replenish in smaller batches
22337,ANGEL DECORATION PAINTED ZINC,912,574.5400000000001,77,0.7756065637724624,7,12,6,0.5,75.66666666666667,130.28571428571428,111.26572071424607,1.4704720799239568,False,False,Regular,Maintain standard replenishment review
22338,STAR DECORATION PAINTED ZINC,4661,1222.21,179,0.728808083874282,9,12,4,0.3333333333333333,344.5,517.8888888888889,683.149191744979,1.9830165217561075,False,False,High-Turnover Volatile,Monitor closely and replenish in smaller batches
22339,CHRISTMAS TREE PAINTED ZINC,2468,683.3100000000001,83,0.6523439649781113,6,12,6,0.5,205.66666666666666,411.3333333333333,355.4048481107229,1.7280624705545686,False,False,High-Turnover Volatile,Monitor closely and replenish in smaller batches
22340,NOEL GARLAND PAINTED ZINC,1386,769.81,127,1.5953085029724374,7,12,6,0.5,103.5,198.0,218.05232899883958,2.106785787428402,False,False,Regular,Maintain standard replenishment review
22341,LOVE GARLAND PAINTED ZINC,453,827.6299999999999,78,2.5253409923409924,13,12,0,0.0,37.333333333333336,34.84615384615385,26.03959688744444,0.6974892023422617,False,False,Regular,Maintain standard replenishment review
22342,HOME GARLAND PAINTED ZINC,961,1071.3799999999999,126,2.023493561993562,13,12,0,0.0,79.41666666666667,73.92307692307692,50.839244564399145,0.6401583785653617,False,False,Regular,Maintain standard replenishment review
22343,PARTY PIZZA DISH RED RETROSPOT,1956,858.03,93,0.7699179154179153,13,12,0,0.0,132.0,150.46153846153845,159.13344885804037,1.20555643074273,False,False,High-Turnover Volatile,Monitor closely and replenish in smaller batches
22344,PARTY PIZZA DISH PINK POLKADOT,1225,459.81,76,0.8852715053763441,12,12,1,0.08333333333333333,83.33333333333333,102.08333333333333,139.93266779116132,1.679192013493936,False,False,Regular,Maintain standard replenishment review
22345,PARTY PIZZA DISH BLUE POLKADOT,1099,383.75,70,0.8089007444168733,13,12,0,0.0,71.58333333333333,84.53846153846153,131.403236665086,1.8356680325739607,False,False,Regular,Maintain standard replenishment review
22346,PARTY PIZZA DISH GREEN POLKADOT,1034,381.09,59,0.8002777777777779,10,12,3,0.25,66.91666666666667,103.4,115.49849139773,1.7260048527680698,False,False,Regular,Maintain standard replenishment review
22348,TEA BAG PLATE RED RETROSPOT,4072,3573.0899999999997,357,1.0786722961249278,13,12,0,0.0,335.1666666666667,313.2307692307692,121.79777079116418,0.36339464184335407,False,False,High-Revenue Priority,Prioritize inventory monitoring and avoid stockouts
22349,DOG BOWL CHASING BALL DESIGN,1366,5381.5199999999995,131,4.162460317460317,13,12,0,0.0,113.08333333333333,105.07692307692308,232.97618229156282,2.060216792556193,False,False,High-Revenue Priority,Prioritize inventory monitoring and avoid stockouts
22350,ILLUSTRATED CAT BOWL,1409,3819.5699999999997,119,3.017020737809199,13,12,0,0.0,115.83333333333333,108.38461538461539,262.2125554629759,2.263705514788281,False,False,High-Revenue Priority,Prioritize inventory monitoring and avoid stockouts
22351,DOTCOMGIFTSHOP TEA TOWEL,13,23.089999999999996,2,2.4699999999999998,2,10,8,0.8,1.3,6.5,3.7727090178455764,2.9020838598812126,False,False,Long-Tail,Limit stock and avoid excessive local warehouse space
22352,LUNCH BOX WITH CUTLERY RETROSPOT,3082,7845.67,481,3.3599672623568866,13,12,0,0.0,253.66666666666666,237.07692307692307,103.7701422579849,0.4090807184940272,False,False,High-Revenue Priority,Prioritize inventory monitoring and avoid stockouts
22353,LUNCH BOX WITH CUTLERY FAIRY CAKES,60,153.0,24,2.55,4,10,6,0.6,6.0,15.0,10.252370999486466,1.708728499914411,False,False,Long-Tail,Limit stock and avoid excessive local warehouse space
22354,RETROSPOT PADDED SEAT CUSHION,750,2860.98,83,4.771798534798535,13,12,0,0.0,62.416666666666664,57.69230769230769,27.822353123582726,0.44575198595860177,False,False,Regular,Maintain standard replenishment review
22355,CHARLOTTE BAG SUKI DESIGN,18014,29173.65,880,1.2253353732294923,13,12,0,0.0,1406.9166666666667,1385.6923076923076,343.3181557398414,0.2440216708451162,False,False,High-Revenue Priority,Prioritize inventory monitoring and avoid stockouts
22356,CHARLOTTE BAG PINK POLKADOT,9571,11307.49,735,1.283012557727292,13,12,0,0.0,775.4166666666666,736.2307692307693,267.4344297999498,0.3448912582052012,False,False,High-Revenue Priority,Prioritize inventory monitoring and avoid stockouts
22357,KINGS CHOICE BISCUIT TIN,464,2158.04,179,5.362582295909219,13,12,0,0.0,36.083333333333336,35.69230769230769,22.968192762772578,0.636531901046815,False,False,Regular,Maintain standard replenishment review
22358,KINGS CHOICE TEA CADDY,697,2548.2700000000004,254,4.382212435404176,13,12,0,0.0,56.0,53.61538461538461,30.00908953209768,0.5358765987874585,False,False,Regular,Maintain standard replenishment review
22359,GLASS JAR KINGS CHOICE,183,605.7700000000001,81,3.6419240759240763,13,12,0,0.0,15.0,14.076923076923077,7.675225788801975,0.511681719253465,False,False,Regular,Maintain standard replenishment review
22360,GLASS JAR ENGLISH CONFECTIONERY,974,3086.62,211,3.9627153240286033,13,12,0,0.0,79.58333333333333,74.92307692307692,35.89494351154449,0.45103593941207737,False,False,Regular,Maintain standard replenishment review
22361,GLASS JAR DAISY FRESH COTTON WOOL,727,2592.33,268,4.5511760795548595,13,12,0,0.0,59.333333333333336,55.92307692307692,31.387123397207258,0.5289964617506842,False,False,Regular,Maintain standard replenishment review
22362,GLASS JAR PEACOCK BATH SALTS,408,1329.44,133,4.159095285056823,13,12,0,0.0,33.583333333333336,31.384615384615383,31.727413822730462,0.9447368880217507,False,False,Regular,Maintain standard replenishment review
22363,GLASS JAR MARMALADE,354,1057.1,79,3.8177387057387056,13,12,0,0.0,28.916666666666668,27.23076923076923,35.7960341463417,1.2379031981443813,False,False,Regular,Maintain standard replenishment review
22364,GLASS JAR DIGESTIVE BISCUITS,610,1983.6200000000001,163,4.15718785308259,13,12,0,0.0,49.916666666666664,46.92307692307692,27.31785407961525,0.5472691969205058,False,False,Regular,Maintain standard replenishment review
22365,DOORMAT RESPECTABLE HOUSE,787,5738.13,178,9.95066637249919,13,12,0,0.0,64.41666666666667,60.53846153846154,81.06277963667569,1.2584131379561554,False,False,High-Revenue Priority,Prioritize inventory monitoring and avoid stockouts
22366,DOORMAT AIRMAIL,773,5841.13,217,9.731389317668583,13,12,0,0.0,64.08333333333333,59.46153846153846,51.72560177308601,0.8071615361209782,False,False,High-Revenue Priority,Prioritize inventory monitoring and avoid stockouts
22367,CHILDRENS APRON SPACEBOY DESIGN,3732,7475.429999999999,547,2.4180052447324205,13,12,0,0.0,299.9166666666667,287.0769230769231,144.3861352783087,0.4814208456070309,False,False,High-Revenue Priority,Prioritize inventory monitoring and avoid stockouts
22371,AIRLINE BAG VINTAGE TOKYO 78,1080,5047.82,388,5.135407858890489,13,12,0,0.0,85.58333333333333,83.07692307692308,37.61396823070661,0.43950108935587084,False,False,High-Revenue Priority,Prioritize inventory monitoring and avoid stockouts
22372,AIRLINE BAG VINTAGE WORLD CHAMPION,278,1285.24,146,4.993622977449901,13,12,0,0.0,22.083333333333332,21.384615384615383,13.493825748590847,0.6110411659739252,False,False,Regular,Maintain standard replenishment review
22374,AIRLINE BAG VINTAGE JET SET RED,542,2410.52,220,4.809699764790262,13,12,0,0.0,44.25,41.69230769230769,20.93767808608117,0.47316786635211683,False,False,Regular,Maintain standard replenishment review
22375,AIRLINE BAG VINTAGE JET SET BROWN,346,1626.54,167,5.240429488547492,13,12,0,0.0,27.833333333333332,26.615384615384617,14.070170466973632,0.505515106597855,False,False,Regular,Maintain standard replenishment review
22376,AIRLINE BAG VINTAGE JET SET WHITE,252,1133.2,122,4.741696134275082,13,12,0,0.0,20.333333333333332,19.384615384615383,10.13843571700678,0.49861159263967775,False,False,Regular,Maintain standard replenishment review
22377,BOTTLE BAG RETROSPOT,1322,2154.73,206,2.6938751956942,13,12,0,0.0,109.66666666666667,101.6923076923077,131.71134646597,1.2010153173188753,False,False,Regular,Maintain standard replenishment review
22378,WALL TIDY RETROSPOT,2283,3638.57,293,3.2592290564356827,13,12,0,0.0,188.83333333333334,175.6153846153846,243.36348920655266,1.2887739940329355,False,False,High-Revenue Priority,Prioritize inventory monitoring and avoid stockouts
22379,RECYCLING BAG RETROSPOT,6895,15605.49,747,3.1978004254839973,13,12,0,0.0,562.0833333333334,530.3846153846154,223.58543550441064,0.39777987043038215,False,False,High-Revenue Priority,Prioritize inventory monitoring and avoid stockouts
22380,TOY TIDY SPACEBOY,1302,2794.46,284,2.6762563340094156,13,12,0,0.0,98.91666666666667,100.15384615384616,32.00982330283608,0.32360394240440854,False,False,Regular,Maintain standard replenishment review
22381,TOY TIDY PINK POLKADOT,3429,7412.74,468,3.035166617029546,13,12,0,0.0,280.1666666666667,263.7692307692308,146.94268105336693,0.5244830971565744,False,False,High-Revenue Priority,Prioritize inventory monitoring and avoid stockouts
22382,LUNCH BAG SPACEBOY DESIGN,10416,18013.16,1155,2.0166223908289913,13,12,0,0.0,856.0833333333334,801.2307692307693,329.102210797064,0.3844277747069763,False,False,High-Revenue Priority,Prioritize inventory monitoring and avoid stockouts
22383,LUNCH BAG SUKI DESIGN,12406,22321.54,1281,2.23765856015067,13,12,0,0.0,1020.4166666666666,954.3076923076923,361.4009252725825,0.3541699553508363,False,False,High-Revenue Priority,Prioritize inventory monitoring and avoid stockouts
22384,LUNCH BAG PINK POLKADOT,10463,17349.39,1086,2.101098973862934,13,12,0,0.0,861.0,804.8461538461538,402.9358171313053,0.4679858503267193,False,False,High-Revenue Priority,Prioritize inventory monitoring and avoid stockouts
22385,JUMBO BAG SPACEBOY DESIGN,8555,16871.010000000002,683,2.6686956656807346,13,12,0,0.0,683.6666666666666,658.0769230769231,338.561753017172,0.49521465580278695,False,False,High-Revenue Priority,Prioritize inventory monitoring and avoid stockouts
22386,JUMBO BAG PINK POLKADOT,21004,41607.39,1209,2.6321129750706342,13,12,0,0.0,1712.0833333333333,1615.6923076923076,840.7228987152915,0.49105255704957407,False,False,High-Revenue Priority,Prioritize inventory monitoring and avoid stockouts
22389,PAPERWEIGHT SAVE THE PLANET,238,431.54999999999995,44,2.552967532467532,11,12,2,0.16666666666666666,15.833333333333334,21.636363636363637,13.590326327832225,0.8583363996525615,False,False,Regular,Maintain standard replenishment review
22390,PAPERWEIGHT CHILDHOOD MEMORIES,266,440.34000000000003,36,2.6568376068376063,13,12,0,0.0,18.0,20.46153846153846,17.863115884159434,0.9923953268977463,False,False,Regular,Maintain standard replenishment review
22391,PAPERWEIGHT HOME SWEET HOME,158,245.58,29,3.0290909090909093,11,12,2,0.16666666666666666,9.916666666666666,14.363636363636363,14.761487565672883,1.4885533679670135,False,False,Regular,Maintain standard replenishment review
22393,PAPERWEIGHT VINTAGE COLLAGE,510,736.88,71,3.1462164224664226,13,12,0,0.0,22.0,39.23076923076923,15.960177716030381,0.7254626234559264,False,False,Regular,Maintain standard replenishment review
22394,PAPERWEIGHT KINGS CHOICE,168,230.68,23,2.7836363636363632,11,12,2,0.16666666666666666,11.916666666666666,15.272727272727273,18.60820118966773,1.56152737255953,False,False,Regular,Maintain standard replenishment review
22395,PAPERWEIGHT VINTAGE PAISLEY,152,220.04,33,3.6934469696969696,11,12,2,0.16666666666666666,6.0,13.818181818181818,5.9237580209617855,0.9872930034936309,False,False,Regular,Maintain standard replenishment review
22396,MAGNETS PACK OF 4 RETRO PHOTO,1220,622.87,127,0.9175996919746919,13,12,0,0.0,97.33333333333333,93.84615384615384,91.43734400554229,0.939424767180229,False,False,Regular,Maintain standard replenishment review
22398,MAGNETS PACK OF 4 SWALLOWS,2497,1491.62,245,0.9819892122189283,13,12,0,0.0,194.58333333333334,192.07692307692307,153.54505310602923,0.7890966326648182,False,False,High-Turnover Stable,Keep stable local warehouse inventory
22399,MAGNETS PACK OF 4 CHILDHOOD MEMORY,1134,1324.5800000000002,96,1.3361365301365302,13,12,0,0.0,92.5,87.23076923076923,85.001069511988,0.9189304812106811,False,False,Regular,Maintain standard replenishment review
22400,MAGNETS PACK OF 4 HOME SWEET HOME,1393,729.09,150,0.9515223029658514,13,12,0,0.0,113.08333333333333,107.15384615384616,123.43526704923173,1.0915425236483278,False,False,Regular,Maintain standard replenishment review
22402,MAGNETS PACK OF 4 VINTAGE COLLAGE,1713,1025.66,150,0.9243368700265252,13,12,0,0.0,137.83333333333334,131.76923076923077,114.77791467425124,0.832729731614882,False,False,Regular,Maintain standard replenishment review
22403,MAGNETS PACK OF 4 VINTAGE LABELS,1316,681.78,124,1.065020581270581,13,12,0,0.0,107.58333333333333,101.23076923076923,111.93866691860839,1.0404833485850509,False,False,Regular,Maintain standard replenishment review
22405,MONEY BOX POCKET MONEY DESIGN,372,415.36,70,1.4606880341880344,13,12,0,0.0,22.75,28.615384615384617,8.635287014233043,0.3795730555706832,False,False,Regular,Maintain standard replenishment review
22406,MONEY BOX KINGS CHOICE DESIGN,346,403.46,84,1.5466085972850676,13,12,0,0.0,21.083333333333332,26.615384615384617,15.523930695620368,0.7363129183693455,False,False,Regular,Maintain standard replenishment review
22407,MONEY BOX FIRST ADE DESIGN,94,99.28,24,1.2648333333333333,10,12,3,0.25,5.833333333333333,9.4,5.982297116315671,1.0255366485112578,False,False,Long-Tail,Limit stock and avoid excessive local warehouse space
22408,MONEY BOX CONFECTIONERY DESIGN,145,162.44,29,1.4674242424242423,11,12,2,0.16666666666666666,9.083333333333334,13.181818181818182,9.596006113656522,1.0564410400355804,False,False,Regular,Maintain standard replenishment review
22409,MONEY BOX BISCUITS DESIGN,228,299.72,57,1.5574679487179486,13,12,0,0.0,18.75,17.53846153846154,14.753273904767406,0.7868412749209284,False,False,Regular,Maintain standard replenishment review
22410,MONEY BOX HOUSEKEEPING DESIGN,237,247.42000000000002,58,1.458501221001221,13,12,0,0.0,12.916666666666666,18.23076923076923,11.220584438945911,0.8686904081764577,False,False,Regular,Maintain standard replenishment review
22411,JUMBO SHOPPER VINTAGE RED PAISLEY,12237,27985.97,1169,2.703799238995595,13,12,0,0.0,978.3333333333334,941.3076923076923,417.5624794475963,0.42681003009975765,False,False,High-Revenue Priority,Prioritize inventory monitoring and avoid stockouts
22412,METAL SIGN NEIGHBOURHOOD WITCH,911,1931.8500000000001,147,2.5423022613960113,12,12,0,0.0,75.91666666666667,75.91666666666667,46.881782337615064,0.6175426872133707,False,False,Regular,Maintain standard replenishment review
22413,METAL SIGN TAKE IT OR LEAVE IT,3756,11042.84,409,3.3286407638025612,13,12,0,0.0,192.16666666666666,288.9230769230769,142.61954050316294,0.7421658655845427,False,False,High-Revenue Priority,Prioritize inventory monitoring and avoid stockouts
22414,DOORMAT NEIGHBOURHOOD WITCH,277,2022.19,93,10.028834665334667,13,12,0,0.0,21.75,21.307692307692307,31.81230465201676,1.4626346966444488,False,False,Regular,Maintain standard replenishment review
22415,WHITE TISSUE REAM,19,151.05,13,7.95,2,12,10,0.8333333333333334,1.5833333333333333,9.5,3.987670391533778,2.518528668337123,False,False,Long-Tail,Limit stock and avoid excessive local warehouse space
22416,SET OF 36 DOILIES SPACEBOY DESIGN,868,1210.82,76,1.5807359307359308,13,12,0,0.0,70.83333333333333,66.76923076923077,100.5881190646773,1.4200675632660327,False,False,Regular,Maintain standard replenishment review
22417,PACK OF 60 SPACEBOY CAKE CASES,8396,4550.04,519,0.7711025922396899,13,12,0,0.0,687.25,645.8461538461538,201.52695511113058,0.2932367480700336,False,False,High-Revenue Priority,Prioritize inventory monitoring and avoid stockouts
22418,10 COLOUR SPACEBOY PEN,6410,5454.549999999999,312,1.057308588055029,13,12,0,0.0,525.0,493.0769230769231,210.6776943795686,0.40129084643727353,False,False,High-Revenue Priority,Prioritize inventory monitoring and avoid stockouts
22419,LIPSTICK PEN RED,3338,1673.1,272,0.5928054589888955,13,12,0,0.0,262.8333333333333,256.7692307692308,177.87832068494737,0.6767723044449488,False,False,High-Turnover Stable,Keep stable local warehouse inventory
22420,LIPSTICK PEN BABY PINK,1333,611.3,126,0.5807200854700855,13,12,0,0.0,108.5,102.53846153846153,93.83496150156401,0.8648383548531245,False,False,Regular,Maintain standard replenishment review
22421,LIPSTICK PEN FUSCHIA,2597,1347.1000000000001,213,0.6143577989500442,13,12,0,0.0,209.33333333333334,199.76923076923077,167.24415105051077,0.7989370273113571,False,False,High-Turnover Stable,Keep stable local warehouse inventory
22422,TOOTHPASTE TUBE PEN,1273,776.1,205,1.0788515912755263,13,12,0,0.0,61.25,97.92307692307692,54.812282963185936,0.8948944157254847,False,False,Regular,Maintain standard replenishment review
22423,REGENCY CAKESTAND 3 TIER,13505,170216.63999999998,1946,14.089824857092234,13,12,0,0.0,1088.0,1038.8461538461538,354.79597209971513,0.32609923906223814,False,False,High-Revenue Priority,Prioritize inventory monitoring and avoid stockouts
22424,ENAMEL BREAD BIN CREAM,849,12066.73,440,16.054621508166623,13,12,0,0.0,69.0,65.3076923076923,17.735429358926005,0.2570352081003769,False,False,High-Revenue Priority,Prioritize inventory monitoring and avoid stockouts
22425,ENAMEL COLANDER CREAM,457,2331.27,165,5.805138851344735,13,12,0,0.0,37.583333333333336,35.15384615384615,12.716905951122584,0.33836556854428157,False,False,Regular,Maintain standard replenishment review
22426,ENAMEL WASH BOWL CREAM,734,2825.21,206,5.027756335706711,13,12,0,0.0,60.416666666666664,56.46153846153846,19.791909886862786,0.3275902326101427,False,False,Regular,Maintain standard replenishment review
22427,ENAMEL FLOWER JUG CREAM,2075,12468.810000000001,499,6.642465925730756,11,12,1,0.08333333333333333,172.91666666666666,188.63636363636363,100.62031092029567,0.581900593273999,False,False,High-Revenue Priority,Prioritize inventory monitoring and avoid stockouts
22428,ENAMEL FIRE BUCKET CREAM,246,1854.76,114,8.293135864135865,13,12,0,0.0,20.166666666666668,18.923076923076923,8.200147818327682,0.4066189000823644,False,False,Regular,Maintain standard replenishment review
22429,ENAMEL MEASURING JUG CREAM,1256,5481.68,373,4.894747431983271,13,12,0,0.0,103.16666666666667,96.61538461538461,46.06089513465908,0.4464707121291671,False,False,High-Revenue Priority,Prioritize inventory monitoring and avoid stockouts
22430,ENAMEL WATERING CAN CREAM,600,3157.19,191,5.775878797715445,13,12,0,0.0,49.833333333333336,46.15384615384615,33.39252320596043,0.6700840777115805,False,False,High-Revenue Priority,Prioritize inventory monitoring and avoid stockouts
22431,WATERING CAN BLUE ELEPHANT,2052,3987.0099999999998,333,2.4398200179374694,13,12,0,0.0,169.66666666666666,157.84615384615384,115.61875699771629,0.6814465048981314,False,False,High-Revenue Priority,Prioritize inventory monitoring and avoid stockouts
22432,WATERING CAN PINK BUNNY,1704,3319.42,275,2.27829237914082,13,12,0,0.0,136.91666666666666,131.07692307692307,106.16407398955923,0.7753918976717655,False,False,High-Revenue Priority,Prioritize inventory monitoring and avoid stockouts
22433,WATERING CAN GREEN DINOSAUR,1394,2667.5,227,2.4553301561236784,13,12,0,0.0,115.58333333333333,107.23076923076923,96.38036232772858,0.8338603806292307,False,False,Regular,Maintain standard replenishment review
22434,BALLOON PUMP WITH 10 BALLOONS,777,1539.21,123,2.124038406038406,13,12,0,0.0,62.75,59.76923076923077,41.29742452898574,0.6581262873145137,False,False,Regular,Maintain standard replenishment review
22435,SET OF 9 HEART SHAPED BALLOONS,2745,3430.5,265,1.4586427823540145,13,12,0,0.0,216.83333333333334,211.15384615384616,134.19716385929618,0.6188954520797671,False,False,High-Revenue Priority,Prioritize inventory monitoring and avoid stockouts
22436,12 COLOURED PARTY BALLOONS,2114,1385.51,162,0.7048303043110735,13,12,0,0.0,172.5,162.6153846153846,81.72626149642365,0.47377542896477476,False,False,High-Turnover Stable,Keep stable local warehouse inventory
22437,SET OF 9 BLACK SKULL BALLOONS,2828,2417.2400000000002,226,1.013876327470141,13,12,0,0.0,229.75,217.53846153846155,104.59977837626442,0.4552765108868963,False,False,High-Turnover Stable,Keep stable local warehouse inventory
22438,BALLOON ART MAKE YOUR OWN FLOWERS,1009,1034.9,98,2.059728886498117,13,12,0,0.0,34.333333333333336,77.61538461538461,31.0141707591673,0.9033253619174941,False,False,Regular,Maintain standard replenishment review
22439,6 ROCKET BALLOONS,1834,1251.62,195,0.7766942861060507,13,12,0,0.0,147.0,141.07692307692307,62.89095902649861,0.42782965324148714,False,False,Regular,Maintain standard replenishment review
22440,BALLOON WATER BOMB PACK OF 35,6010,2375.04,154,0.4564745397764628,13,12,0,0.0,497.5,462.3076923076923,776.8240118936499,1.5614553002887435,False,False,High-Turnover Volatile,Monitor closely and replenish in smaller batches
22441,GROW YOUR OWN BASIL IN ENAMEL MUG,1047,2292.9100000000003,219,2.5551738744533057,13,12,0,0.0,82.33333333333333,80.53846153846153,41.322090357521255,0.5018877371358857,False,False,Regular,Maintain standard replenishment review
22442,GROW YOUR OWN FLOWERS SET OF 3,292,1209.5,75,7.938865800865801,11,12,2,0.16666666666666666,8.25,26.545454545454547,5.561638084397274,0.674137949623912,False,False,Regular,Maintain standard replenishment review
22443,GROW YOUR OWN HERBS SET OF 3,162,1375.8400000000001,88,8.446345679012346,9,12,3,0.25,13.5,18.0,12.816892262663647,0.9493994268639738,False,False,Regular,Maintain standard replenishment review
22444,GROW YOUR OWN PLANT IN A CAN,838,1106.62,57,2.901137931034483,6,12,6,0.5,69.83333333333333,139.66666666666666,130.450849910701,1.8680312636377234,False,False,Regular,Maintain standard replenishment review
22445,PENCIL CASE LIFE IS BEAUTIFUL,534,1615.91,130,3.70845808678501,13,12,0,0.0,43.666666666666664,41.07692307692308,31.540258064700087,0.7222959862145059,False,False,Regular,Maintain standard replenishment review
22446,PIN CUSHION BABUSHKA PINK,439,1135.18,133,3.1776818160597577,12,12,1,0.08333333333333333,27.5,36.583333333333336,30.89719022235458,1.123534189903803,False,False,Regular,Maintain standard replenishment review
22447,PIN CUSHION BABUSHKA BLUE,137,410.81,45,3.880096618357488,12,12,1,0.08333333333333333,9.833333333333334,11.416666666666666,18.175074506954115,1.8483126617241472,False,False,Regular,Maintain standard replenishment review
22448,PIN CUSHION BABUSHKA RED,201,656.4300000000001,45,3.9793846153846153,13,12,0,0.0,13.5,15.461538461538462,14.254185988046396,1.0558656287441774,False,False,Regular,Maintain standard replenishment review
22449,SILK PURSE BABUSHKA PINK,485,1563.8500000000001,142,3.3437074602276806,12,12,0,0.0,40.416666666666664,40.416666666666664,25.829716266816455,0.6390857633026752,False,False,Regular,Maintain standard replenishment review
22450,SILK PURSE BABUSHKA BLUE,194,657.76,58,3.3916363636363642,10,12,2,0.16666666666666666,16.166666666666668,19.4,22.143471573656495,1.369699272597309,False,False,Regular,Maintain standard replenishment review
22451,SILK PURSE BABUSHKA RED,222,775.8000000000001,51,3.538021164021164,6,12,6,0.5,18.5,37.0,39.54858921745387,2.137761579321831,False,False,Regular,Maintain standard replenishment review
22452,MEASURING TAPE BABUSHKA PINK,722,1760.31,144,2.8105700133200133,13,12,0,0.0,60.0,55.53846153846154,61.70457475304846,1.0284095792174743,False,False,Regular,Maintain standard replenishment review
22453,MEASURING TAPE BABUSHKA BLUE,442,1185.79,78,3.1181025641025646,13,12,0,0.0,33.75,34.0,44.35830351703152,1.3143201042083414,False,False,Regular,Maintain standard replenishment review
22454,MEASURING TAPE BABUSHKA RED,266,757.02,41,2.972583732057416,11,12,1,0.08333333333333333,22.166666666666668,24.181818181818183,48.66739310375225,2.195521493402357,False,False,Regular,Maintain standard replenishment review
22456,NATURAL SLATE CHALKBOARD LARGE,1698,9391.12,468,6.759077703017988,13,12,0,0.0,139.25,130.6153846153846,35.731638641405745,0.2566006365630574,False,False,High-Revenue Priority,Prioritize inventory monitoring and avoid stockouts
22457,NATURAL SLATE HEART CHALKBOARD,9106,27953.260000000002,1247,3.601491881837554,13,12,0,0.0,681.5,700.4615384615385,116.09518038700362,0.17035242903448808,False,False,High-Revenue Priority,Prioritize inventory monitoring and avoid stockouts
22458,CAST IRON HOOK GARDEN FORK,523,1421.83,23,3.185621212121212,5,12,7,0.5833333333333334,43.583333333333336,104.6,98.72593684569728,2.265222260321926,False,False,Regular,Maintain standard replenishment review
22459,CAST IRON HOOK GARDEN TROWEL,386,1018.19,25,3.0779242424242423,5,12,7,0.5833333333333334,32.166666666666664,77.2,75.22310251189559,2.3385420470019356,False,False,Regular,Maintain standard replenishment review
22460,EMBOSSED GLASS TEALIGHT HOLDER,2546,3273.5,211,1.5651282665562851,13,12,0,0.0,206.58333333333334,195.84615384615384,109.69168223486753,0.5309803093257,False,False,High-Revenue Priority,Prioritize inventory monitoring and avoid stockouts
22461,SAVOY ART DECO CLOCK,237,1428.0800000000002,51,12.353645833333333,8,12,4,0.3333333333333333,19.75,29.625,31.50505010023285,1.595192410138372,False,False,Regular,Maintain standard replenishment review
22464,HANGING METAL HEART LANTERN,3294,5321.829999999999,348,1.9620355549164723,13,12,0,0.0,235.08333333333334,253.3846153846154,61.84946289666597,0.263095907394538,False,False,High-Revenue Priority,Prioritize inventory monitoring and avoid stockouts
22465,HANGING METAL STAR LANTERN,2041,3124.14,197,1.972686078627255,13,12,0,0.0,132.83333333333334,157.0,91.83169717510728,0.6913302171275328,False,False,High-Turnover Stable,Keep stable local warehouse inventory
22466,FAIRY TALE COTTAGE NIGHT LIGHT,3069,5605.79,209,2.354446959191303,13,12,0,0.0,248.0,236.07692307692307,271.5290039756342,1.0948750160307832,False,False,High-Revenue Priority,Prioritize inventory monitoring and avoid stockouts
22467,GUMBALL COAT RACK,7850,18637.27,676,2.884434154059037,13,12,0,0.0,630.5,603.8461538461538,262.98513611643875,0.41710568773424067,False,False,High-Revenue Priority,Prioritize inventory monitoring and avoid stockouts
22468,BABUSHKA LIGHTS STRING OF 10,515,3619.67,152,8.272045032262424,13,12,0,0.0,42.25,39.61538461538461,23.61095662456887,0.5588392100489674,False,False,High-Revenue Priority,Prioritize inventory monitoring and avoid stockouts
22469,HEART OF WICKER SMALL,17963,32094.6,1201,1.9838398175643737,13,12,0,0.0,1483.0833333333333,1381.7692307692307,821.1358494995413,0.5536680448387086,False,False,High-Revenue Priority,Prioritize inventory monitoring and avoid stockouts
22470,HEART OF WICKER LARGE,9883,30086.31,924,3.2635152426282232,13,12,0,0.0,814.75,760.2307692307693,581.5415446739969,0.7137668544633285,False,False,High-Revenue Priority,Prioritize inventory monitoring and avoid stockouts
22471,TV DINNER TRAY AIR HOSTESS,419,1502.02,105,5.713350769600769,11,12,2,0.16666666666666666,30.583333333333332,38.09090909090909,43.660796505734424,1.4276009756643409,False,False,Regular,Maintain standard replenishment review
22472,TV DINNER TRAY DOLLY GIRL,320,1527.01,107,6.724150797920029,13,12,0,0.0,20.666666666666668,24.615384615384617,18.734185249689855,0.9064928346624123,False,False,Regular,Maintain standard replenishment review
22473,TV DINNER TRAY VINTAGE PAISLEY,503,1623.04,112,5.921563053755362,13,12,0,0.0,38.416666666666664,38.69230769230769,64.10851359337163,1.6687682497190013,False,False,Regular,Maintain standard replenishment review
22474,SPACEBOY TV DINNER TRAY,303,1636.27,132,6.847026228756998,13,12,0,0.0,19.666666666666668,23.307692307692307,16.84870285448669,0.8567137044654248,False,False,Regular,Maintain standard replenishment review
22475,SKULL DESIGN TV DINNER TRAY,313,1590.8200000000002,138,6.066223137973139,13,12,0,0.0,22.0,24.076923076923077,21.633307652783937,0.9833321660356336,False,False,Regular,Maintain standard replenishment review
22476,EMPIRE UNION JACK TV DINNER TRAY,872,2799.61,124,6.591309624594254,13,12,0,0.0,20.333333333333332,67.07692307692308,16.389205612416383,0.8060265055286746,False,False,Regular,Maintain standard replenishment review
22477,WATERING CAN GARDEN MARKER,1364,1967.8999999999999,127,1.8469465020306888,13,12,0,0.0,113.08333333333333,104.92307692307692,168.13493408749432,1.4868232933308267,False,False,Regular,Maintain standard replenishment review
22478,BIRDHOUSE GARDEN MARKER,1537,2210.62,140,1.8083261951723488,13,12,0,0.0,124.25,118.23076923076923,159.4742070909046,1.2834946244740812,False,False,Regular,Maintain standard replenishment review
22479,DAISY GARDEN MARKER,1139,1658.5699999999997,98,1.7876758241758242,13,12,0,0.0,94.0,87.61538461538461,156.072244343911,1.6603430249352233,False,False,Regular,Maintain standard replenishment review
22480,RED TEA TOWEL CLASSIC DESIGN,630,755.96,73,1.2893024691358024,9,12,3,0.25,52.5,70.0,51.60778658655723,0.9830054587915663,False,False,Regular,Maintain standard replenishment review
22481,BLACK TEA TOWEL CLASSIC DESIGN,825,747.3,128,1.1216875316990702,13,12,0,0.0,57.166666666666664,63.46153846153846,41.62786071705809,0.7281841524849813,False,False,Regular,Maintain standard replenishment review
22482,BLUE TEA TOWEL CLASSIC DESIGN,478,565.86,53,1.2576325757575757,8,12,4,0.3333333333333333,39.833333333333336,59.75,55.79806665489623,1.4007882842233363,False,False,Regular,Maintain standard replenishment review
22483,RED GINGHAM TEDDY BEAR,769,2299.9900000000002,168,3.601925177386716,13,12,0,0.0,58.75,59.15384615384615,46.947020430190534,0.7990982200883495,False,False,Regular,Maintain standard replenishment review
22485,SET OF 2 WOODEN MARKET CRATES,522,7139.35,206,14.9939658213837,13,12,0,0.0,41.333333333333336,40.15384615384615,24.451560029552056,0.591570000714969,False,False,High-Revenue Priority,Prioritize inventory monitoring and avoid stockouts
22486,PLASMATRONIC LAMP,66,382.7,23,7.433428571428571,7,12,6,0.5,3.75,9.428571428571429,5.738625112500222,1.5303000300000593,False,False,Long-Tail,Limit stock and avoid excessive local warehouse space
22487,WHITE WOOD GARDEN PLANT LADDER,768,7755.88,417,11.11214733918885,13,12,0,0.0,62.666666666666664,59.07692307692308,27.608738186350063,0.4405649710587776,False,False,High-Revenue Priority,Prioritize inventory monitoring and avoid stockouts
22488,NATURAL SLATE RECTANGLE CHALKBOARD,3167,5527.48,412,2.1054502588561412,13,12,0,0.0,260.8333333333333,243.6153846153846,78.83104295474806,0.3022276407210788,False,False,High-Revenue Priority,Prioritize inventory monitoring and avoid stockouts
22489,PACK OF 12 TRADITIONAL CRAYONS,9719,4072.13,443,0.5420383012979576,13,12,0,0.0,775.1666666666666,747.6153846153846,285.6227115152668,0.36846619417149024,False,False,High-Revenue Priority,Prioritize inventory monitoring and avoid stockouts
22491,PACK OF 12 COLOURED PENCILS,3935,3173.43,218,0.9131884786387829,13,12,0,0.0,325.3333333333333,302.6923076923077,169.40179956827407,0.5207022527713343,False,False,High-Revenue Priority,Prioritize inventory monitoring and avoid stockouts
22492,MINI PAINT SET VINTAGE,26489,16844.22,376,0.7743334605565374,13,12,0,0.0,2183.0833333333335,2037.6153846153845,820.0442846504565,0.375635813864392,False,False,High-Revenue Priority,Prioritize inventory monitoring and avoid stockouts
22493,PAINT YOUR OWN CANVAS SET,2461,3986.6399999999994,220,1.879527789596787,13,12,0,0.0,196.83333333333334,189.30769230769232,204.73789600512663,1.040158658789805,False,False,High-Revenue Priority,Prioritize inventory monitoring and avoid stockouts
22494,EMERGENCY FIRST AID TIN,1061,1538.52,242,1.9182203168613028,13,12,0,0.0,87.16666666666667,81.61538461538461,41.69332480545697,0.4783173017834451,False,False,Regular,Maintain standard replenishment review
22495,SET OF 2 ROUND TINS CAMEMBERT,276,731.12,97,3.4573949579831935,13,12,0,0.0,14.833333333333334,21.23076923076923,10.088997908012411,0.6801571623379153,False,False,Regular,Maintain standard replenishment review
22496,SET OF 2 ROUND TINS DUTCH CHEESE,253,535.11,79,3.0737239427239427,13,12,0,0.0,11.833333333333334,19.46153846153846,7.790825995808769,0.6583796616176424,False,False,Regular,Maintain standard replenishment review
22497,SET OF 2 TINS VINTAGE BATHROOM,224,1140.9,100,5.548821990874623,13,12,0,0.0,18.583333333333332,17.23076923076923,10.166418278138107,0.5470718355948757,False,False,Regular,Maintain standard replenishment review
22498,WOODEN REGATTA BUNTING,333,2116.04,150,7.041173884145545,13,12,0,0.0,27.5,25.615384615384617,17.599070223374664,0.6399661899408968,False,False,Regular,Maintain standard replenishment review
22499,WOODEN UNION JACK BUNTING,2091,12792.25,407,6.939629058738229,13,12,0,0.0,172.33333333333334,160.84615384615384,221.21167704397084,1.2836267526729448,False,False,High-Revenue Priority,Prioritize inventory monitoring and avoid stockouts
22500,SET OF 2 TINS JARDIN DE PROVENCE,248,967.0500000000001,96,5.674741899126515,13,12,0,0.0,13.083333333333334,19.076923076923077,6.215206181518669,0.4750476062307262,False,False,Regular,Maintain standard replenishment review
22501,PICNIC BASKET WICKER LARGE,1592,19202.76,441,14.938565747368179,12,12,0,0.0,132.66666666666666,132.66666666666666,164.8858190789412,1.2428579327558384,False,False,High-Revenue Priority,Prioritize inventory monitoring and avoid stockouts
22502,PICNIC BASKET WICKER SMALL,1809,12094.17,459,9.234851464827251,10,12,2,0.16666666666666666,150.75,180.9,154.98804939267242,1.0281130971321555,False,False,High-Revenue Priority,Prioritize inventory monitoring and avoid stockouts
22503,CABIN BAG VINTAGE PAISLEY,87,1710.72,33,24.76240740740741,9,12,3,0.25,7.25,9.666666666666666,7.91000517181764,1.091035196112778,False,False,Long-Tail,Limit stock and avoid excessive local warehouse space
22504,CABIN BAG VINTAGE RETROSPOT,247,4674.62,68,26.31541354561117,11,12,2,0.16666666666666666,20.333333333333332,22.454545454545453,23.55393552652887,1.158390271796502,False,False,High-Revenue Priority,Prioritize inventory monitoring and avoid stockouts
22505,MEMO BOARD COTTAGE DESIGN,1456,7079.47,310,5.692983637671501,13,12,0,0.0,119.41666666666667,112.0,65.22194044300979,0.5461711690970812,False,False,High-Revenue Priority,Prioritize inventory monitoring and avoid stockouts
22507,MEMO BOARD RETROSPOT  DESIGN,2958,14183.45,457,6.318382834504165,13,12,0,0.0,242.33333333333334,227.53846153846155,137.74372338997279,0.568406011237852,False,False,High-Revenue Priority,Prioritize inventory monitoring and avoid stockouts
22508,DOORSTOP RETROSPOT HEART,1578,6465.88,294,4.624785619127673,13,12,0,0.0,129.33333333333334,121.38461538461539,219.15927513748508,1.6945304778671526,False,False,High-Revenue Priority,Prioritize inventory monitoring and avoid stockouts
22509,SEWING BOX RETROSPOT DESIGN,193,1885.34,84,16.963423076923075,13,12,0,0.0,6.833333333333333,14.846153846153847,5.060243137049899,0.7405233859097414,False,False,Regular,Maintain standard replenishment review
22510,GINGHAM BABUSHKA DOORSTOP,210,402.74,42,3.1205833333333333,10,12,3,0.25,15.166666666666666,21.0,29.529133020962483,1.946975803579944,False,False,Regular,Maintain standard replenishment review
22511,RETROSPOT BABUSHKA DOORSTOP,251,495.2,54,3.3375396825396826,9,12,4,0.3333333333333333,18.416666666666668,27.88888888888889,37.42011693615015,2.0318615530941257,False,False,Regular,Maintain standard replenishment review
22512,DOORSTOP RACING CAR DESIGN,122,269.71000000000004,37,4.019537037037037,9,12,4,0.3333333333333333,8.0,13.555555555555555,12.684994714586637,1.5856243393233296,False,False,Regular,Maintain standard replenishment review
22513,DOORSTOP FOOTBALL DESIGN,152,539.9,67,4.9554880952380955,12,12,1,0.08333333333333333,7.833333333333333,12.666666666666666,4.7065396154197146,0.6008348445216657,False,False,Regular,Maintain standard replenishment review
22514,CHILDS GARDEN SPADE BLUE,302,704.45,99,2.5621371406371405,13,12,0,0.0,24.0,23.23076923076923,19.173845822796313,0.798910242616513,False,False,Regular,Maintain standard replenishment review
22515,CHILDS GARDEN SPADE PINK,266,608.95,84,2.688585939701324,13,12,0,0.0,21.75,20.46153846153846,18.380449099271463,0.845078119506734,False,False,Regular,Maintain standard replenishment review
22516,CHILDS GARDEN RAKE BLUE,206,494.89,62,2.761094696969697,11,12,2,0.16666666666666666,16.166666666666668,18.727272727272727,17.08712079227208,1.0569353067384792,False,False,Regular,Maintain standard replenishment review
22517,CHILDS GARDEN RAKE PINK,199,447.63,69,2.513235042735043,13,12,0,0.0,16.083333333333332,15.307692307692308,14.112910487360232,0.8774866624265429,False,False,Regular,Maintain standard replenishment review
22518,CHILDS GARDEN BRUSH BLUE,363,783.5400000000001,81,2.6778283935849725,6,12,6,0.5,30.25,60.5,37.01381805856736,1.2235972911923094,False,False,Regular,Maintain standard replenishment review
22519,CHILDS GARDEN BRUSH PINK,411,906.7500000000001,88,2.674816902604497,7,12,5,0.4166666666666667,34.25,58.714285714285715,34.625594842281316,1.0109662727673376,False,False,Regular,Maintain standard replenishment review
22520,CHILDS GARDEN TROWEL BLUE,719,622.1,113,0.9340108225108225,6,12,6,0.5,59.916666666666664,119.83333333333333,77.99936868431382,1.301797530197171,False,False,Regular,Maintain standard replenishment review
22521,CHILDS GARDEN TROWEL PINK,609,525.51,104,0.9490714285714286,6,12,6,0.5,50.75,101.5,79.17084518478205,1.560016653887331,False,False,Regular,Maintain standard replenishment review
22522,CHILDS GARDEN FORK BLUE,918,762.39,127,0.8925154257507197,13,12,0,0.0,76.41666666666667,70.61538461538461,80.86853341671096,1.0582577982557595,False,False,Regular,Maintain standard replenishment review
22523,CHILDS GARDEN FORK PINK,852,740.61,134,0.9714748497116917,13,12,0,0.0,69.91666666666667,65.53846153846153,59.953706888706805,0.8575023631281068,False,False,Regular,Maintain standard replenishment review
22524,CHILDRENS GARDEN GLOVES BLUE,642,883.2,81,1.574676827801828,6,12,6,0.5,53.5,107.0,63.60460246354389,1.1888710740849326,False,False,Regular,Maintain standard replenishment review
22525,CHILDRENS GARDEN GLOVES PINK,489,648.97,74,1.68328373015873,5,12,7,0.5833333333333334,40.75,97.8,60.63171237442124,1.4878947821943862,False,False,Regular,Maintain standard replenishment review
22526,WHEELBARROW FOR CHILDREN,121,1669.26,77,15.219568681318682,13,12,0,0.0,9.75,9.307692307692308,7.3128156497530235,0.7500323743336434,False,False,Regular,Maintain standard replenishment review
22528,GARDENERS KNEELING PAD,1,3.36,1,3.36,1,12,11,0.9166666666666666,0.08333333333333333,1.0,0.2886751345948129,3.4641016151377553,False,False,Long-Tail,Limit stock and avoid excessive local warehouse space
22529,MAGIC DRAWING SLATE GO TO THE FAIR,851,349.03,70,0.476025641025641,13,12,0,0.0,66.41666666666667,65.46153846153847,71.24918925641869,1.0727606914391772,False,False,Regular,Maintain standard replenishment review
22530,MAGIC DRAWING SLATE DOLLY GIRL,3604,1506.38,232,0.5007205104320488,13,12,0,0.0,294.0,277.2307692307692,217.59470247562217,0.7401180356313679,False,False,High-Turnover Stable,Keep stable local warehouse inventory
22531,MAGIC DRAWING SLATE CIRCUS PARADE,3382,1412.41,200,0.48790135505520116,13,12,0,0.0,276.5,260.15384615384613,168.42829604639152,0.6091439278350507,False,False,High-Turnover Stable,Keep stable local warehouse inventory
22532,MAGIC DRAWING SLATE LEAP FROG,1072,366.75,73,0.44628730244114856,13,12,0,0.0,86.5,82.46153846153847,97.30318129901555,1.124892269352781,False,False,Regular,Maintain standard replenishment review
22533,MAGIC DRAWING SLATE BAKE A CAKE,1758,634.3100000000001,87,0.4483205128205128,13,12,0,0.0,146.0,135.23076923076923,173.14576098032128,1.185929869728228,False,False,Regular,Maintain standard replenishment review
22534,MAGIC DRAWING SLATE SPACEBOY,4496,1871.12,261,0.5053174870001793,13,12,0,0.0,365.4166666666667,345.84615384615387,219.6975020892191,0.6012246351358334,False,False,High-Turnover Stable,Keep stable local warehouse inventory
22535,MAGIC DRAWING SLATE BUNNIES,1715,649.59,133,0.48971043417366944,13,12,0,0.0,139.91666666666666,131.92307692307693,104.92461218619891,0.7499078893593729,False,False,Regular,Maintain standard replenishment review
22536,MAGIC DRAWING SLATE PURDEY,4752,1803.95,156,0.43456360306360303,13,12,0,0.0,391.3333333333333,365.53846153846155,357.05215644810545,0.9123990369202014,False,False,High-Turnover Stable,Keep stable local warehouse inventory
22537,MAGIC DRAWING SLATE DINOSAUR,1881,823.84,170,0.5006813725490196,13,12,0,0.0,153.41666666666666,144.69230769230768,100.76205845576213,0.6567869100864452,False,False,High-Turnover Stable,Keep stable local warehouse inventory
22538,MINI JIGSAW GO TO THE FAIR,402,164.42000000000002,40,0.5333710317460317,12,12,1,0.08333333333333333,29.5,33.5,41.6446002174679,1.4116813633039964,False,False,Regular,Maintain standard replenishment review
22539,MINI JIGSAW DOLLY GIRL,2918,1129.32,136,0.5516978460136355,13,12,0,0.0,214.16666666666666,224.46153846153845,132.7991192011681,0.6200737083323025,False,False,High-Turnover Stable,Keep stable local warehouse inventory
22540,MINI JIGSAW CIRCUS PARADE,2519,960.86,91,0.5135331079177233,13,12,0,0.0,189.0,193.76923076923077,138.28100507168858,0.7316455294798337,False,False,High-Turnover Stable,Keep stable local warehouse inventory
22541,MINI JIGSAW LEAP FROG,503,201.95,35,0.5714871794871794,13,12,0,0.0,41.333333333333336,38.69230769230769,67.4420065124418,1.6316614478816562,False,False,Regular,Maintain standard replenishment review
22543,MINI JIGSAW BAKE A CAKE,1453,530.8,55,0.5035674603174602,12,12,1,0.08333333333333333,110.58333333333333,121.08333333333333,160.18084003760097,1.4485079732111619,False,False,Regular,Maintain standard replenishment review
22544,MINI JIGSAW SPACEBOY,4518,1714.92,175,0.5185450372277295,13,12,0,0.0,326.75,347.53846153846155,173.40552837994315,0.5306978680334908,False,False,High-Turnover Stable,Keep stable local warehouse inventory
22545,MINI JIGSAW BUNNIES,1141,435.25,74,0.5610989010989011,13,12,0,0.0,81.08333333333333,87.76923076923077,80.40178461761262,0.991594465993167,False,False,Regular,Maintain standard replenishment review
22546,MINI JIGSAW PURDEY,2102,799.5600000000001,85,0.4932142857142857,13,12,0,0.0,164.58333333333334,161.69230769230768,174.12297552609363,1.0579623829433535,False,False,High-Turnover Volatile,Monitor closely and replenish in smaller batches
22547,MINI JIGSAW DINOSAUR,809,338.23,101,0.611254817646122,13,12,0,0.0,52.333333333333336,62.23076923076923,27.92956508899854,0.5336859571146217,False,False,Regular,Maintain standard replenishment review
22548,HEADS AND TAILS SPORTING FUN,1975,2348.94,209,1.4080614860901626,12,12,0,0.0,164.58333333333334,164.58333333333334,157.03239870302002,0.9541209035120203,False,False,High-Turnover Stable,Keep stable local warehouse inventory
22549,PICTURE DOMINOES,3188,4798.38,356,1.9745674856956907,13,12,0,0.0,248.91666666666666,245.23076923076923,195.00371014341488,0.7834096155744823,False,False,High-Revenue Priority,Prioritize inventory monitoring and avoid stockouts
22550,HOLIDAY FUN LUDO,1162,4194.89,217,4.448966670113446,13,12,0,0.0,94.75,89.38461538461539,63.12919653017497,0.6662712034846963,False,False,High-Revenue Priority,Prioritize inventory monitoring and avoid stockouts
22551,PLASTERS IN TIN SPACEBOY,8062,13582.31,672,1.8585477224874423,13,12,0,0.0,651.25,620.1538461538462,363.1583989490987,0.5576328582711688,False,False,High-Revenue Priority,Prioritize inventory monitoring and avoid stockouts
22553,PLASTERS IN TIN SKULLS,4194,7052.919999999999,557,1.9574424583860441,13,12,0,0.0,335.6666666666667,322.61538461538464,159.88253263700898,0.47631340408244977,False,False,High-Revenue Priority,Prioritize inventory monitoring and avoid stockouts
22554,PLASTERS IN TIN WOODLAND ANIMALS,7779,13288.67,702,1.9139129197267057,13,12,0,0.0,633.1666666666666,598.3846153846154,313.3075263389089,0.49482631166976926,False,False,High-Revenue Priority,Prioritize inventory monitoring and avoid stockouts
22555,PLASTERS IN TIN STRONGMAN,5998,9822.029999999999,514,1.8486226004923134,13,12,0,0.0,485.5,461.38461538461536,194.2854039340531,0.4001759092359487,False,False,High-Revenue Priority,Prioritize inventory monitoring and avoid stockouts
22556,PLASTERS IN TIN CIRCUS PARADE,6077,10002.46,568,1.7734209662124922,13,12,0,0.0,487.4166666666667,467.46153846153845,162.73372469010582,0.3338698403626722,False,False,High-Revenue Priority,Prioritize inventory monitoring and avoid stockouts
22557,PLASTERS IN TIN VINTAGE PAISLEY,4712,7762.24,566,1.892045156856177,13,12,0,0.0,378.8333333333333,362.46153846153845,160.82787712522372,0.42453465145241637,False,False,High-Revenue Priority,Prioritize inventory monitoring and avoid stockouts
22558,CLOTHES PEGS RETROSPOT PACK 24,8652,13288.19,770,1.8421225828617136,13,12,0,0.0,696.8333333333334,665.5384615384615,238.33583384998929,0.34202702776846106,False,False,High-Revenue Priority,Prioritize inventory monitoring and avoid stockouts
22559,SEASIDE FLYING DISC,505,626.53,81,1.6875876068376068,13,12,0,0.0,41.833333333333336,38.84615384615385,29.73162788966822,0.7107162045339017,False,False,Regular,Maintain standard replenishment review
22560,TRADITIONAL MODELLING CLAY,8144,9572.32,389,1.4154304085268132,13,12,0,0.0,599.1666666666666,626.4615384615385,298.45841291949574,0.4981225250394922,False,False,High-Revenue Priority,Prioritize inventory monitoring and avoid stockouts
22561,WOODEN SCHOOL COLOURING SET,5859,9701.97,431,1.770882488741622,13,12,0,0.0,463.0833333333333,450.6923076923077,318.7530986183317,0.6883277278063669,False,False,High-Revenue Priority,Prioritize inventory monitoring and avoid stockouts
22562,MONSTERS STENCIL CRAFT,1413,1763.37,211,1.340829319955407,13,12,0,0.0,110.0,108.6923076923077,76.84222324170008,0.6985656658336371,False,False,Regular,Maintain standard replenishment review
22563,HAPPY STENCIL CRAFT,2823,3348.1800000000003,281,1.3240458306322096,13,12,0,0.0,206.66666666666666,217.15384615384616,115.85910984179594,0.5606085960086901,False,False,High-Revenue Priority,Prioritize inventory monitoring and avoid stockouts
22564,ALPHABET STENCIL CRAFT,2265,2599.35,185,1.329278867562804,13,12,0,0.0,183.91666666666666,174.23076923076923,191.95712510555026,1.0437179434828288,False,False,High-Turnover Volatile,Monitor closely and replenish in smaller batches
22565,FELTCRAFT HAIRBANDS PINK AND WHITE,933,872.67,148,1.0947079391197039,13,12,0,0.0,75.83333333333333,71.76923076923077,40.987433403052904,0.5404936272930053,False,False,Regular,Maintain standard replenishment review
22566,FELTCRAFT HAIRBAND PINK AND PURPLE,873,789.78,150,1.0592882999353586,13,12,0,0.0,68.91666666666667,67.15384615384616,61.03271601561268,0.8856016834188054,False,False,Regular,Maintain standard replenishment review
22567,20 DOLLY PEGS RETROSPOT,2436,3236.6,221,1.6026687155460608,12,12,1,0.08333333333333333,200.16666666666666,203.0,204.64596183890288,1.0223778276714548,False,False,High-Revenue Priority,Prioritize inventory monitoring and avoid stockouts
22568,FELTCRAFT CUSHION OWL,3224,11906.98,467,4.136854783338716,13,12,0,0.0,266.6666666666667,248.0,183.8874820660886,0.6895780577478322,False,False,High-Revenue Priority,Prioritize inventory monitoring and avoid stockouts
22569,FELTCRAFT CUSHION BUTTERFLY,2567,9459.949999999999,347,4.249759598559499,11,12,1,0.08333333333333333,213.91666666666666,233.36363636363637,116.4914810255031,0.5445647730058579,False,False,High-Revenue Priority,Prioritize inventory monitoring and avoid stockouts
22570,FELTCRAFT CUSHION RABBIT,2841,10372.62,383,4.234016138080965,12,12,0,0.0,236.75,236.75,122.70669019324829,0.5182964738891164,False,False,High-Revenue Priority,Prioritize inventory monitoring and avoid stockouts
22571,ROCKING HORSE RED CHRISTMAS,2338,2116.36,253,1.1313591536956686,9,12,4,0.3333333333333333,178.91666666666666,259.77777777777777,236.863389217319,1.3238754870087694,False,False,High-Turnover Volatile,Monitor closely and replenish in smaller batches
22572,ROCKING HORSE GREEN CHRISTMAS,1380,1244.67,179,1.2121515976761073,9,12,3,0.25,115.0,153.33333333333334,170.98431613348743,1.486820140291195,False,False,Regular,Maintain standard replenishment review
22573,STAR WOODEN CHRISTMAS DECORATION,2684,2423.0,221,1.248291083916084,10,12,3,0.25,198.83333333333334,268.4,303.94910857915113,1.5286627422254038,False,False,High-Turnover Volatile,Monitor closely and replenish in smaller batches
22574,HEART WOODEN CHRISTMAS DECORATION,2333,2199.5899999999997,222,1.2963747032323556,12,12,1,0.08333333333333333,166.0,194.41666666666666,281.92229748315725,1.6983270932720316,False,False,High-Turnover Volatile,Monitor closely and replenish in smaller batches
22575,METAL MERRY CHRISTMAS WREATH,636,1216.22,90,2.3604960317460315,8,12,5,0.4166666666666667,52.916666666666664,79.5,72.7279592770625,1.3743866320074802,False,False,Regular,Maintain standard replenishment review
22576,SWALLOW WOODEN CHRISTMAS DECORATION,1538,1414.46,173,1.1383049398137632,10,12,3,0.25,115.0,153.8,173.64907140552177,1.5099919252654066,False,False,Regular,Maintain standard replenishment review
22577,WOODEN HEART CHRISTMAS SCANDINAVIAN,10608,4075.3599999999997,538,0.796685629481406,13,12,0,0.0,824.0,816.0,1589.1863555691866,1.9286242179237703,False,False,High-Revenue Priority,Prioritize inventory monitoring and avoid stockouts
22578,WOODEN STAR CHRISTMAS SCANDINAVIAN,10460,3876.54,512,0.7932898491855185,8,12,5,0.4166666666666667,769.1666666666666,1307.5,1617.3242117957072,2.1026967000594246,False,False,High-Revenue Priority,Prioritize inventory monitoring and avoid stockouts
22579,WOODEN TREE CHRISTMAS SCANDINAVIAN,5167,1988.0199999999998,338,0.9041190657665505,8,12,4,0.3333333333333333,430.5833333333333,645.875,825.806763478031,1.9178790713637262,False,False,High-Turnover Volatile,Monitor closely and replenish in smaller batches
22580,ADVENT CALENDAR GINGHAM SACK,1311,6848.19,246,6.535579601990049,10,12,3,0.25,101.83333333333333,131.1,180.14379778051722,1.769006197517354,False,False,High-Revenue Priority,Prioritize inventory monitoring and avoid stockouts
22581,WOOD STOCKING CHRISTMAS SCANDISPOT,1569,1137.28,177,0.969072675829491,8,12,5,0.4166666666666667,99.91666666666667,196.125,167.80749703337472,1.6794745324441172,False,False,Regular,Maintain standard replenishment review
22582,PACK OF 6 SWEETIE GIFT BOXES,1049,2618.75,101,3.0705850815850817,13,12,0,0.0,86.66666666666667,80.6923076923077,106.16996094028012,1.225038010849386,False,False,Regular,Maintain standard replenishment review
22583,PACK OF 6 HANDBAG GIFT BOXES,572,1567.85,110,3.282396506271506,13,12,0,0.0,47.333333333333336,44.0,29.01514755914207,0.6129960751931423,False,False,Regular,Maintain standard replenishment review
22584,PACK OF 6 PANNETONE GIFT BOXES,2330,5946.96,196,3.11288760135501,13,12,0,0.0,190.25,179.23076923076923,142.55086811380698,0.749281829770339,False,False,High-Revenue Priority,Prioritize inventory monitoring and avoid stockouts
22585,PACK OF 6 BIRDY GIFT TAGS,6196,7516.64,393,1.4730382486383164,13,12,0,0.0,507.5833333333333,476.61538461538464,367.93661962436687,0.7248792374802828,False,False,High-Revenue Priority,Prioritize inventory monitoring and avoid stockouts
22586,FELTCRAFT HAIRBAND PINK AND BLUE,855,773.7,160,1.0498559773559772,13,12,0,0.0,67.25,65.76923076923077,39.10620736590873,0.581504942243996,False,False,Regular,Maintain standard replenishment review
22587,FELTCRAFT HAIRBAND RED AND BLUE,918,830.52,161,1.0210750679694516,13,12,0,0.0,70.83333333333333,70.61538461538461,64.67236775868928,0.9130216624756133,False,False,Regular,Maintain standard replenishment review
22588,CARD HOLDER GINGHAM HEART,684,2141.32,175,3.42877485380117,10,12,3,0.25,55.416666666666664,68.4,52.71442502826533,0.9512377448709534,False,False,Regular,Maintain standard replenishment review
22589,CARDHOLDER GINGHAM STAR,379,1212.82,79,3.33899864024864,8,12,5,0.4166666666666667,30.166666666666668,47.375,45.2806065919322,1.5010145831579733,False,False,Regular,Maintain standard replenishment review
22591,CARDHOLDER GINGHAM CHRISTMAS TREE,413,1509.41,86,4.416164295874823,8,12,5,0.4166666666666667,33.5,51.625,57.25620252228336,1.7091403737995032,False,False,Regular,Maintain standard replenishment review
22592,CARDHOLDER HOLLY WREATH METAL,658,3021.12,135,5.0287812452493155,8,12,5,0.4166666666666667,49.166666666666664,82.25,84.06689255731071,1.709835102860557,False,False,Regular,Maintain standard replenishment review
22593,CHRISTMAS GINGHAM STAR,2263,2085.64,198,1.1932433304659242,11,12,2,0.16666666666666666,175.0,205.72727272727272,247.65041343136758,1.4151452196078147,False,False,High-Turnover Volatile,Monitor closely and replenish in smaller batches
22594,CHRISTMAS GINGHAM TREE,2006,1905.77,196,1.2175224414530703,11,12,2,0.16666666666666666,158.16666666666666,182.36363636363637,227.5245574491339,1.4385114274971587,False,False,High-Turnover Volatile,Monitor closely and replenish in smaller batches
22595,GINGHAM HEART DECORATION,6788,5720.209999999999,467,1.0486760222386915,13,12,0,0.0,557.5833333333334,522.1538461538462,711.045511691741,1.2752273412495727,False,False,High-Revenue Priority,Prioritize inventory monitoring and avoid stockouts
22596,CHRISTMAS STAR WISH LIST CHALKBOARD,3464,4095.42,261,1.2868957219474542,7,6,0,0.0,442.8333333333333,494.85714285714283,387.0976190402967,0.8741383945208056,False,False,High-Revenue Priority,Prioritize inventory monitoring and avoid stockouts
22597,MUSICAL ZINC HEART DECORATION,2787,1218.5900000000001,184,0.9320381352094906,13,12,0,0.0,208.91666666666666,214.3846153846154,379.2440946584842,1.8152888455930636,False,False,High-Turnover Volatile,Monitor closely and replenish in smaller batches
22598,CHRISTMAS MUSICAL ZINC TREE,984,441.1,94,0.9072315541601255,7,12,6,0.5,74.33333333333333,140.57142857142858,142.27906850037127,1.9140681861036495,False,False,Regular,Maintain standard replenishment review
22599,CHRISTMAS MUSICAL ZINC STAR,1929,947.36,122,0.8987291655712708,7,12,6,0.5,141.0,275.57142857142856,282.08541581971554,2.0006057859554294,False,False,High-Turnover Volatile,Monitor closely and replenish in smaller batches
22600,CHRISTMAS RETROSPOT STAR WOOD,1698,1543.23,193,1.2165904323406478,10,12,3,0.25,129.16666666666666,169.8,177.1967747158423,1.3718459978000697,False,False,Regular,Maintain standard replenishment review
22601,CHRISTMAS RETROSPOT ANGEL WOOD,2479,2219.83,200,1.2635178297603882,11,12,2,0.16666666666666666,195.75,225.36363636363637,285.22530966365395,1.4570897045397393,False,False,High-Turnover Volatile,Monitor closely and replenish in smaller batches
22602,RETROSPOT WOODEN HEART DECORATION,2215,2023.87,273,1.193377391497515,13,12,0,0.0,173.58333333333334,170.3846153846154,135.69314200754138,0.7817175727750824,False,False,High-Turnover Stable,Keep stable local warehouse inventory
22603,CHRISTMAS RETROSPOT TREE WOOD,1387,1235.3799999999999,171,1.1951473877043228,9,12,4,0.3333333333333333,107.66666666666667,154.11111111111111,149.60939040370994,1.3895609015824453,False,False,Regular,Maintain standard replenishment review
22604,SET OF 4 NAPKIN CHARMS CUTLERY,1251,3039.66,125,2.8339497189587686,13,12,0,0.0,101.5,96.23076923076923,107.21219401474137,1.05627777354425,False,False,Regular,Maintain standard replenishment review
22605,WOODEN CROQUET GARDEN SET,781,11261.26,298,16.243403149556993,13,12,0,0.0,63.166666666666664,60.07692307692308,31.607919989467923,0.5003892346617613,False,False,High-Revenue Priority,Prioritize inventory monitoring and avoid stockouts
22606,WOODEN SKITTLES GARDEN SET,307,4542.76,139,16.73611944119953,13,12,0,0.0,25.25,23.615384615384617,16.858367223860842,0.6676581078756769,False,False,High-Revenue Priority,Prioritize inventory monitoring and avoid stockouts
22607,WOODEN ROUNDERS GARDEN SET,1327,12531.57,358,10.69842745203104,13,12,0,0.0,107.08333333333333,102.07692307692308,96.71839002845824,0.9032067551295712,False,False,High-Revenue Priority,Prioritize inventory monitoring and avoid stockouts
22608,PENS ASSORTED FUNKY JEWELED,5211,1114.6399999999999,144,0.40486680680669324,12,12,1,0.08333333333333333,422.5,434.25,310.20301270443696,0.7342083140933419,False,False,High-Turnover Stable,Keep stable local warehouse inventory
22609,PENS ASSORTED SPACEBALL,5838,1361.26,154,0.5425795391255918,12,12,1,0.08333333333333333,476.75,486.5,356.31449974323624,0.7473822752873335,False,False,High-Turnover Stable,Keep stable local warehouse inventory
22610,PENS ASSORTED FUNNY FACE,9572,2571.4,216,0.568165646069586,13,12,0,0.0,776.6666666666666,736.3076923076923,520.0133448171102,0.6695450791636612,False,False,High-Turnover Stable,Keep stable local warehouse inventory
22611,VINTAGE UNION JACK SHOPPING BAG,225,1077.0300000000002,46,5.479944444444445,9,12,3,0.25,18.75,25.0,22.385567590830398,1.1938969381776212,False,False,Regular,Maintain standard replenishment review
22613,PACK OF 20 SPACEBOY NAPKINS,1538,1222.61,145,1.0062631975867269,13,12,0,0.0,124.66666666666667,118.3076923076923,100.15109796823211,0.8033510532211131,False,False,Regular,Maintain standard replenishment review
22614,PACK OF 12 SPACEBOY TISSUES,3020,1019.54,218,0.4204817976141505,13,12,0,0.0,245.16666666666666,232.30769230769232,134.0222731376009,0.5466578102145516,False,False,High-Turnover Stable,Keep stable local warehouse inventory
22615,PACK OF 12 CIRCUS PARADE TISSUES,2061,655.47,101,0.4847680652680652,13,12,0,0.0,169.0,158.53846153846155,118.26242006656213,0.6997776335299535,False,False,High-Turnover Stable,Keep stable local warehouse inventory
22616,PACK OF 12 LONDON TISSUES,26107,7971.299999999999,511,0.44562640942238235,13,12,0,0.0,2123.6666666666665,2008.2307692307693,872.7156501751335,0.41094756718339365,False,False,High-Revenue Priority,Prioritize inventory monitoring and avoid stockouts
22617,BAKING SET SPACEBOY DESIGN,2197,10685.650000000001,461,5.396899574503023,13,12,0,0.0,174.16666666666666,169.0,166.023455809075,0.953244722348756,False,False,High-Revenue Priority,Prioritize inventory monitoring and avoid stockouts
22618,COOKING SET RETROSPOT,69,671.53,28,11.520999999999999,5,12,7,0.5833333333333334,5.75,13.8,11.338791021011975,1.9719636558281695,False,False,Long-Tail,Limit stock and avoid excessive local warehouse space
22619,SET OF 6 SOLDIER SKITTLES,2476,9880.04,442,4.5460417268289826,13,12,0,0.0,189.91666666666666,190.46153846153845,95.02005370478702,0.5003249865982643,False,False,High-Revenue Priority,Prioritize inventory monitoring and avoid stockouts
22620,4 TRADITIONAL SPINNING TOPS,4889,6782.21,483,1.6309074130559216,13,12,0,0.0,392.3333333333333,376.0769230769231,185.07803432033415,0.4717367059991525,False,False,High-Revenue Priority,Prioritize inventory monitoring and avoid stockouts
22621,TRADITIONAL KNITTING NANCY,6100,9993.65,608,1.8508393824097593,13,12,0,0.0,481.3333333333333,469.2307692307692,342.43840410511876,0.7114371276422136,False,False,High-Revenue Priority,Prioritize inventory monitoring and avoid stockouts
22622,BOX OF VINTAGE ALPHABET BLOCKS,1330,13791.91,263,12.023081875783912,13,12,0,0.0,107.5,102.3076923076923,88.54120766369438,0.8236391410576221,False,False,High-Revenue Priority,Prioritize inventory monitoring and avoid stockouts
22623,BOX OF VINTAGE JIGSAW BLOCKS,922,5156.06,231,6.152204319792815,13,12,0,0.0,75.33333333333333,70.92307692307692,47.26392691978511,0.6273972599971476,False,False,High-Revenue Priority,Prioritize inventory monitoring and avoid stockouts
22624,IVORY KITCHEN SCALES,1879,16344.710000000001,709,9.643269750976113,13,12,0,0.0,150.83333333333334,144.53846153846155,66.50746141781705,0.4409334458639804,False,False,High-Revenue Priority,Prioritize inventory monitoring and avoid stockouts
22625,RED KITCHEN SCALES,1613,14022.7,542,9.530174440090919,13,12,0,0.0,130.08333333333334,124.07692307692308,56.66561941991302,0.43561014288209876,False,False,High-Revenue Priority,Prioritize inventory monitoring and avoid stockouts
22626,BLACK KITCHEN SCALES,509,4333.86,196,9.163771122040353,13,12,0,0.0,40.416666666666664,39.15384615384615,21.077598333661058,0.5215075876369747,False,False,High-Revenue Priority,Prioritize inventory monitoring and avoid stockouts
22627,MINT KITCHEN SCALES,846,7470.89,353,8.823805968753263,12,12,1,0.08333333333333333,67.58333333333333,70.5,42.95549141174202,0.6355929678679461,False,False,High-Revenue Priority,Prioritize inventory monitoring and avoid stockouts
22628,PICNIC BOXES SET OF 3 RETROSPOT,957,4581.31,188,5.894054809905763,13,12,0,0.0,77.75,73.61538461538461,63.41511864474648,0.8156285356237489,False,False,High-Revenue Priority,Prioritize inventory monitoring and avoid stockouts
22629,SPACEBOY LUNCH BOX,14249,25719.02,900,2.195510462477708,13,12,0,0.0,1151.8333333333333,1096.076923076923,429.3358154454883,0.3727412664842903,False,False,High-Revenue Priority,Prioritize inventory monitoring and avoid stockouts
22630,DOLLY GIRL LUNCH BOX,11588,21292.989999999998,849,2.3388778391318077,13,12,0,0.0,950.25,891.3846153846154,393.2917318780505,0.4138823802978695,False,False,High-Revenue Priority,Prioritize inventory monitoring and avoid stockouts
22631,CIRCUS PARADE LUNCH BOX,3665,7176.17,395,2.640230029270488,13,12,0,0.0,299.4166666666667,281.9230769230769,136.39145423331618,0.45552392173665296,False,False,High-Revenue Priority,Prioritize inventory monitoring and avoid stockouts
22632,HAND WARMER RED RETROSPOT,4462,8971.730000000001,391,2.1843142870532577,8,12,5,0.4166666666666667,350.1666666666667,557.75,499.2838204201427,1.4258462268066903,False,False,High-Revenue Priority,Prioritize inventory monitoring and avoid stockouts
22633,HAND WARMER UNION JACK,4839,9998.52,478,2.3831382289521548,10,12,3,0.25,366.25,483.9,534.1904878156548,1.4585405810666343,False,False,High-Revenue Priority,Prioritize inventory monitoring and avoid stockouts
22634,CHILDS BREAKFAST SET SPACEBOY,751,7053.5,219,10.333561892983745,13,12,0,0.0,60.083333333333336,57.76923076923077,27.825620415637662,0.46311712203557825,False,False,High-Revenue Priority,Prioritize inventory monitoring and avoid stockouts
22635,CHILDS BREAKFAST SET DOLLY GIRL,674,6342.679999999999,190,10.361916090508284,13,12,0,0.0,54.583333333333336,51.84615384615385,35.26641032157507,0.6461021738303829,False,False,High-Revenue Priority,Prioritize inventory monitoring and avoid stockouts
22636,CHILDS BREAKFAST SET CIRCUS PARADE,591,4975.56,197,8.856634310471355,13,12,0,0.0,47.833333333333336,45.46153846153846,19.79822459135407,0.4139001656729074,False,False,High-Revenue Priority,Prioritize inventory monitoring and avoid stockouts
22637,PIGGY BANK RETROSPOT,2758,7106.08,328,3.105605997423139,12,12,0,0.0,229.83333333333334,229.83333333333334,247.62208497970647,1.0773984843206952,False,False,High-Revenue Priority,Prioritize inventory monitoring and avoid stockouts
22638,SET OF 4 NAPKIN CHARMS CROWNS,300,481.88,52,2.4850112816476453,11,12,2,0.16666666666666666,20.5,27.272727272727273,27.27802978755814,1.33063559939308,False,False,Regular,Maintain standard replenishment review
22639,SET OF 4 NAPKIN CHARMS HEARTS,805,1935.1599999999999,148,2.775529168543874,13,12,0,0.0,60.5,61.92307692307692,30.675723300355934,0.5070367487662137,False,False,Regular,Maintain standard replenishment review
22640,SET OF 4 NAPKIN CHARMS 3 KEYS,237,446.84,57,2.6647115384615385,13,12,0,0.0,16.083333333333332,18.23076923076923,15.882857158431904,0.9875351601097557,False,False,Regular,Maintain standard replenishment review
22641,SET OF 4 NAPKIN CHARMS INSTRUMENT,139,303.72999999999996,37,2.519642857142857,12,12,1,0.08333333333333333,11.333333333333334,11.583333333333334,12.017663767315279,1.060382097116054,False,False,Regular,Maintain standard replenishment review
22642,SET OF 4 NAPKIN CHARMS STARS,269,596.36,51,2.8487849206349205,10,12,3,0.25,17.5,26.9,22.068076490713914,1.2610329423265094,False,False,Regular,Maintain standard replenishment review
22643,SET OF 4 NAPKIN CHARMS LEAVES,238,441.83,48,2.442108134920635,12,12,1,0.08333333333333333,15.833333333333334,19.833333333333332,16.937496505646514,1.0697366214092534,False,False,Regular,Maintain standard replenishment review
22644,CERAMIC CHERRY CAKE MONEY BANK,2214,2986.97,276,2.1721397093982393,13,12,0,0.0,135.91666666666666,170.30769230769232,73.33541663707472,0.5395616184211506,False,False,High-Turnover Stable,Keep stable local warehouse inventory
22645,CERAMIC HEART FAIRY CAKE MONEY BANK,2342,4692.34,350,2.276542242102672,13,12,0,0.0,170.0,180.15384615384616,106.5056549928432,0.6265038528990777,False,False,High-Revenue Priority,Prioritize inventory monitoring and avoid stockouts
22646,CERAMIC STRAWBERRY CAKE MONEY BANK,4159,5682.719999999999,389,2.0391195832632043,13,12,0,0.0,283.6666666666667,319.9230769230769,139.19595953731974,0.4907025600610566,False,False,High-Revenue Priority,Prioritize inventory monitoring and avoid stockouts
22647,CERAMIC LOVE HEART MONEY BANK,720,448.78,44,1.7388138528138528,11,12,2,0.16666666666666666,49.416666666666664,65.45454545454545,96.86772455573663,1.960223768412883,False,False,Regular,Maintain standard replenishment review
22649,STRAWBERRY FAIRY CAKE TEAPOT,785,4083.38,197,5.847615503400571,13,12,0,0.0,63.833333333333336,60.38461538461539,22.941955743426355,0.35940400642443376,False,False,High-Revenue Priority,Prioritize inventory monitoring and avoid stockouts
22650,CERAMIC PIRATE CHEST MONEY BANK,851,1320.7,143,1.8601171918789785,13,12,0,0.0,68.5,65.46153846153847,32.66218274730245,0.4768201860920066,False,False,Regular,Maintain standard replenishment review
22651,GENTLEMAN SHIRT REPAIR KIT,2166,1837.47,170,1.0605572162260002,13,12,0,0.0,176.41666666666666,166.6153846153846,131.0318894796456,0.7427409890201924,False,False,High-Turnover Stable,Keep stable local warehouse inventory
22652,TRAVEL SEWING KIT,5081,8595.57,466,1.9696225916632508,12,12,0,0.0,423.4166666666667,423.4166666666667,215.42324443389168,0.5087736534553632,False,False,High-Revenue Priority,Prioritize inventory monitoring and avoid stockouts
22653,BUTTON BOX,1866,3359.0,249,2.0689469419469417,13,12,0,0.0,142.0,143.53846153846155,123.99926686000276,0.8732342736619912,False,False,High-Revenue Priority,Prioritize inventory monitoring and avoid stockouts
22654,DELUXE SEWING KIT,1398,9815.65,324,7.806507538329454,13,12,0,0.0,113.83333333333333,107.53846153846153,95.31367671901536,0.8373090194935464,False,False,High-Revenue Priority,Prioritize inventory monitoring and avoid stockouts
22655,VINTAGE RED KITCHEN CABINET,52,6615.0,32,125.9090909090909,11,12,1,0.08333333333333333,4.333333333333333,4.7272727272727275,3.576014371878109,0.8252340858180253,False,False,High-Revenue Priority,Prioritize inventory monitoring and avoid stockouts
22656,VINTAGE BLUE KITCHEN CABINET,23,3310.0,17,147.5,8,12,4,0.3333333333333333,1.9166666666666667,2.875,2.5030284687057627,1.3059278967160501,False,False,High-Revenue Priority,Prioritize inventory monitoring and avoid stockouts
22659,LUNCH BOX I LOVE LONDON,11435,20657.9,702,2.335799416169804,13,12,0,0.0,944.5,879.6153846153846,477.77486139584425,0.5058495091538848,False,False,High-Revenue Priority,Prioritize inventory monitoring and avoid stockouts
22660,DOORMAT I LOVE LONDON,364,2678.96,102,9.764395792241945,13,12,0,0.0,29.333333333333332,28.0,33.780934195956085,1.1516227566803212,False,False,Regular,Maintain standard replenishment review
22661,CHARLOTTE BAG DOLLY GIRL DESIGN,5184,4206.45,414,0.9733839736797042,13,12,0,0.0,424.0,398.7692307692308,163.12181727999257,0.3847212671697938,False,False,High-Revenue Priority,Prioritize inventory monitoring and avoid stockouts
22662,LUNCH BAG DOLLY GIRL DESIGN,6706,11060.880000000001,682,1.984517721751036,13,12,0,0.0,553.0833333333334,515.8461538461538,238.5518652709352,0.43131269899822544,False,False,High-Revenue Priority,Prioritize inventory monitoring and avoid stockouts
22663,JUMBO BAG DOLLY GIRL DESIGN,3409,7031.7,449,2.5652747136297336,13,12,0,0.0,278.25,262.2307692307692,156.8195981490718,0.5635924461781556,False,False,High-Revenue Priority,Prioritize inventory monitoring and avoid stockouts
22664,TOY TIDY DOLLY GIRL DESIGN,703,1451.85,161,2.7978643984220906,13,12,0,0.0,48.333333333333336,54.07692307692308,20.829757268839884,0.4309604952173769,False,False,Regular,Maintain standard replenishment review
22665,RECIPE BOX BLUE SKETCHBOOK DESIGN,1509,5171.43,354,4.101447074243586,12,12,0,0.0,125.75,125.75,63.99875709020378,0.5089364380930719,False,False,High-Revenue Priority,Prioritize inventory monitoring and avoid stockouts
22666,RECIPE BOX PANTRY YELLOW DESIGN,8218,26079.100000000002,1104,3.7208378135533655,13,12,0,0.0,644.5833333333334,632.1538461538462,333.01254640119197,0.5166322633244089,False,False,High-Revenue Priority,Prioritize inventory monitoring and avoid stockouts
22667,RECIPE BOX RETROSPOT,2826,7889.5,457,3.039409881256827,12,12,1,0.08333333333333333,221.5,235.5,138.01218655018707,0.6230798489850432,False,False,High-Revenue Priority,Prioritize inventory monitoring and avoid stockouts
22668,PINK BABY BUNTING,2119,6520.97,342,4.190081564739961,13,12,0,0.0,175.5,163.0,105.26719250641112,0.5998130627145932,False,False,High-Revenue Priority,Prioritize inventory monitoring and avoid stockouts
22669,RED BABY BUNTING,1078,3431.5,233,3.7428995545988517,13,12,0,0.0,86.75,82.92307692307692,25.63422782850375,0.2954954216542219,False,False,High-Revenue Priority,Prioritize inventory monitoring and avoid stockouts
22670,FRENCH WC SIGN BLUE METAL,1882,2516.75,301,1.6365128704417875,13,12,0,0.0,147.0,144.76923076923077,30.492920191713058,0.20743483123614326,False,False,High-Turnover Stable,Keep stable local warehouse inventory
22671,FRENCH LAUNDRY SIGN BLUE METAL,962,1608.6999999999998,144,2.1562288438057666,13,12,0,0.0,79.08333333333333,74.0,79.23206230415624,1.0018806613802687,False,False,Regular,Maintain standard replenishment review
22672,FRENCH BATHROOM SIGN BLUE METAL,1464,2491.4199999999996,218,2.1092682064898662,13,12,0,0.0,118.08333333333333,112.61538461538461,82.04594980124173,0.6948139714995771,False,False,Regular,Maintain standard replenishment review
22673,FRENCH GARDEN SIGN BLUE METAL,779,1001.08,130,1.5057292002868925,13,12,0,0.0,63.0,59.92307692307692,31.27008445492563,0.49635054690358144,False,False,Regular,Maintain standard replenishment review
22674,FRENCH TOILET SIGN BLUE METAL,1334,1677.72,186,1.548474510707995,13,12,0,0.0,109.58333333333333,102.61538461538461,61.54149868670782,0.561595425277942,False,False,Regular,Maintain standard replenishment review
22675,FRENCH KITCHEN SIGN BLUE METAL,1216,1525.16,162,1.5854743824551518,13,12,0,0.0,96.16666666666667,93.53846153846153,80.05320200663526,0.8324423085611985,False,False,Regular,Maintain standard replenishment review
22676,FRENCH BLUE METAL DOOR SIGN 1,1144,1564.64,197,1.6659553691922113,13,12,0,0.0,91.75,88.0,39.18516648844653,0.42708628325282316,False,False,Regular,Maintain standard replenishment review
22677,FRENCH BLUE METAL DOOR SIGN 2,990,1375.32,186,1.7111187779038457,13,12,0,0.0,79.91666666666667,76.15384615384616,34.53709029522617,0.4321637993146132,False,False,Regular,Maintain standard replenishment review
22678,FRENCH BLUE METAL DOOR SIGN 3,833,1139.06,159,1.6714391001155706,13,12,0,0.0,66.5,64.07692307692308,30.236943087434074,0.4546908734952492,False,False,Regular,Maintain standard replenishment review
22679,FRENCH BLUE METAL DOOR SIGN 4,730,1010.53,151,1.7504467199467197,13,12,0,0.0,59.166666666666664,56.15384615384615,29.908446156815824,0.5054948646222392,False,False,Regular,Maintain standard replenishment review
22680,FRENCH BLUE METAL DOOR SIGN 5,812,1120.29,151,1.6317144649825048,13,12,0,0.0,65.66666666666667,62.46153846153846,31.317533089116054,0.47691674754999064,False,False,Regular,Maintain standard replenishment review
22681,FRENCH BLUE METAL DOOR SIGN 6,699,959.4,124,1.713515725727264,13,12,0,0.0,57.166666666666664,53.76923076923077,25.64028553710435,0.4485181143516796,False,False,Regular,Maintain standard replenishment review
22682,FRENCH BLUE METAL DOOR SIGN 7,667,884.25,112,1.6166526251526252,13,12,0,0.0,52.916666666666664,51.30769230769231,22.52052935488512,0.42558480670649046,False,False,Regular,Maintain standard replenishment review
22683,FRENCH BLUE METAL DOOR SIGN 8,634,858.99,118,1.6309590729783037,13,12,0,0.0,52.0,48.76923076923077,23.916521486202793,0.4599331055038999,False,False,Regular,Maintain standard replenishment review
22684,FRENCH BLUE METAL DOOR SIGN 9,521,713.57,97,1.7025210622710623,13,12,0,0.0,42.5,40.07692307692308,23.3452350598575,0.5492996484672353,False,False,Regular,Maintain standard replenishment review
22685,FRENCH BLUE METAL DOOR SIGN 0,584,768.3000000000001,98,1.5520601812717199,13,12,0,0.0,47.75,44.92307692307692,21.892817419086438,0.458488322912805,False,False,Regular,Maintain standard replenishment review
22686,FRENCH BLUE METAL DOOR SIGN NO,981,1293.38,157,1.839939231520114,13,12,0,0.0,71.5,75.46153846153847,64.87540506091798,0.9073483225303215,False,False,Regular,Maintain standard replenishment review
22687,DOORMAT CHRISTMAS VILLAGE,590,3354.2200000000007,52,11.5669693877551,7,9,3,0.3333333333333333,64.66666666666667,84.28571428571429,168.7142554735669,2.6089833320654674,False,False,High-Revenue Priority,Prioritize inventory monitoring and avoid stockouts
22688,DOORMAT PEACE ON EARTH BLUE,705,3519.66,32,8.844186507936508,7,12,6,0.5,58.583333333333336,100.71428571428571,182.15001726016604,3.1092463828193346,False,False,High-Revenue Priority,Prioritize inventory monitoring and avoid stockouts
22689,DOORMAT MERRY CHRISTMAS RED,671,5159.75,145,11.984865249652103,9,12,3,0.25,55.916666666666664,74.55555555555556,94.73643662415441,1.694243277928246,False,False,High-Revenue Priority,Prioritize inventory monitoring and avoid stockouts
22690,DOORMAT HOME SWEET HOME BLUE,1614,9903.65,282,8.338115027623768,13,12,0,0.0,132.16666666666666,124.15384615384616,148.6085971655582,1.1244030050357494,False,False,High-Revenue Priority,Prioritize inventory monitoring and avoid stockouts
22691,DOORMAT WELCOME SUNRISE,368,2654.92,118,9.600698993136493,12,12,1,0.08333333333333333,29.75,30.666666666666668,35.70618739352913,1.2002079796144245,False,False,Regular,Maintain standard replenishment review
22692,DOORMAT WELCOME TO OUR HOME,1520,11523.16,442,9.738957478215477,13,12,0,0.0,124.91666666666667,116.92307692307692,87.63919664099384,0.7015812939906111,False,False,High-Revenue Priority,Prioritize inventory monitoring and avoid stockouts
22693,GROW A FLYTRAP OR SUNFLOWER IN TIN,16172,17837.45,303,1.4595079690597939,13,12,0,0.0,1326.25,1244.0,1087.3849468919793,0.8198943991645461,False,False,High-Revenue Priority,Prioritize inventory monitoring and avoid stockouts
22694,WICKER STAR,1802,4167.72,404,2.651603127921833,13,12,0,0.0,145.66666666666666,138.6153846153846,181.0114679106037,1.2426416561368676,False,False,High-Revenue Priority,Prioritize inventory monitoring and avoid stockouts
22695,WICKER WREATH SMALL,741,1001.49,123,1.861735063085063,12,12,1,0.08333333333333333,44.25,61.75,54.84710152282019,1.2394825202897217,False,False,Regular,Maintain standard replenishment review
22696,WICKER WREATH LARGE,729,1452.55,151,2.335913052514347,13,12,0,0.0,59.333333333333336,56.07692307692308,58.006791660872594,0.9776425560821224,False,False,Regular,Maintain standard replenishment review
22697,GREEN REGENCY TEACUP AND SAUCER,7209,22571.15,1007,3.878491670241868,13,12,0,0.0,574.3333333333334,554.5384615384615,126.86021894792378,0.2208825634612718,False,False,High-Revenue Priority,Prioritize inventory monitoring and avoid stockouts
22698,PINK REGENCY TEACUP AND SAUCER,5720,17264.16,760,3.7583440961855588,12,12,1,0.08333333333333333,455.5,476.6666666666667,240.37754395193332,0.5277223796968898,False,False,High-Revenue Priority,Prioritize inventory monitoring and avoid stockouts
22699,ROSES REGENCY TEACUP AND SAUCER,9674,28563.620000000003,1057,3.712871591116032,13,12,0,0.0,779.9166666666666,744.1538461538462,308.0671291465645,0.3950000587411876,False,False,High-Revenue Priority,Prioritize inventory monitoring and avoid stockouts
22700,BLACK AND WHITE DOG BOWL,1193,2593.33,51,2.6977965367965373,10,12,2,0.16666666666666666,99.41666666666667,119.3,210.3021455531123,2.1153610617245158,False,False,Regular,Maintain standard replenishment review
22701,PINK DOG BOWL,539,893.39,112,2.6469792757849437,13,12,0,0.0,37.916666666666664,41.46153846153846,35.559063116130744,0.9378214448210307,False,False,Regular,Maintain standard replenishment review
22702,BLACK AND WHITE CAT BOWL,1363,2684.6499999999996,49,2.1934935897435897,13,12,0,0.0,113.41666666666667,104.84615384615384,271.4357309946612,2.3932614048023026,False,False,Regular,Maintain standard replenishment review
22703,PINK CAT BOWL,360,583.3299999999999,123,2.12464381270903,13,12,0,0.0,21.416666666666668,27.692307692307693,18.292861664561613,0.8541414006799196,False,False,Regular,Maintain standard replenishment review
22704,WRAP RED APPLES,5203,2137.26,172,0.4191984486102133,13,12,0,0.0,416.9166666666667,400.2307692307692,173.91871577541534,0.4171546250859452,False,False,High-Turnover Stable,Keep stable local warehouse inventory
22705,WRAP GREEN PEARS,1858,780.36,76,0.42,13,12,0,0.0,150.66666666666666,142.92307692307693,72.16437465742337,0.4789670884342259,False,False,Regular,Maintain standard replenishment review
22706,WRAP COWBOYS,2032,837.44,70,0.4194405594405594,13,12,0,0.0,161.0,156.30769230769232,123.28754268707841,0.7657611347023504,False,False,High-Turnover Stable,Keep stable local warehouse inventory
22707,WRAP MONSTER FUN,1257,527.94,49,0.42,13,12,0,0.0,102.66666666666667,96.6923076923077,60.16240646379724,0.5859974655564666,False,False,Regular,Maintain standard replenishment review
22708,WRAP DOLLY GIRL,2775,1149.5,99,0.41923076923076924,13,12,0,0.0,222.91666666666666,213.46153846153845,88.20065793748968,0.39566650289715,False,False,High-Turnover Stable,Keep stable local warehouse inventory
22709,WRAP WEDDING DAY,1325,528.5,39,0.4168181818181818,11,11,1,0.09090909090909091,118.18181818181819,120.45454545454545,84.47700063546074,0.7148053899923601,False,False,Regular,Maintain standard replenishment review
22710,WRAP I LOVE LONDON,4476,1763.92,103,0.4161025641025641,13,12,0,0.0,366.75,344.3076923076923,241.56389141666776,0.6586609172915276,False,False,High-Turnover Stable,Keep stable local warehouse inventory
22711,WRAP CIRCUS PARADE,2877,1192.34,102,0.41938461538461536,13,12,0,0.0,231.41666666666666,221.30769230769232,116.3399863513935,0.5027295052995038,False,False,High-Turnover Stable,Keep stable local warehouse inventory
22712,CARD DOLLY GIRL,4411,1812.12,310,0.5311623185685685,12,12,1,0.08333333333333333,345.3333333333333,367.5833333333333,267.00777425976105,0.7731885355012386,False,False,High-Turnover Stable,Keep stable local warehouse inventory
22713,CARD I LOVE LONDON,3441,1437.3600000000001,217,0.5476729662236628,13,12,0,0.0,282.5,264.6923076923077,165.33904560024533,0.5852709578769746,False,False,High-Turnover Stable,Keep stable local warehouse inventory
22714,CARD BIRTHDAY COWBOY,3475,1410.69,224,0.5507946313841843,13,12,0,0.0,286.8333333333333,267.3076923076923,161.34031414899678,0.5624880214375252,False,False,High-Turnover Stable,Keep stable local warehouse inventory
22715,CARD WEDDING DAY,1543,645.64,130,0.5271419778478602,12,12,0,0.0,128.58333333333334,128.58333333333334,76.42995406768134,0.5944001612522203,False,False,Regular,Maintain standard replenishment review
22716,CARD CIRCUS PARADE,3201,1360.9099999999999,288,0.5298897077281692,13,12,0,0.0,258.8333333333333,246.23076923076923,71.11301291648813,0.2747444156464448,False,False,High-Turnover Stable,Keep stable local warehouse inventory
22717,CARD DOG AND BALL,1229,535.78,131,0.5765071210840441,13,12,0,0.0,102.16666666666667,94.53846153846153,40.017799070216775,0.39169134489608587,False,False,Regular,Maintain standard replenishment review
22718,CARD CAT AND TREE,1609,707.15,166,0.5649096527067174,13,12,0,0.0,133.08333333333334,123.76923076923077,50.933929276221676,0.3827220734593989,False,False,Regular,Maintain standard replenishment review
22719,GUMBALL MONOCHROME COAT RACK,620,895.72,109,2.136420944041868,6,12,6,0.5,51.666666666666664,103.33333333333333,67.82642731579072,1.3127695609507883,False,False,Regular,Maintain standard replenishment review
22720,SET OF 3 CAKE TINS PANTRY DESIGN,7458,37985.14,1374,5.958717883912276,13,12,0,0.0,607.4166666666666,573.6923076923077,370.83430711482634,0.610510589295914,False,False,High-Revenue Priority,Prioritize inventory monitoring and avoid stockouts
22721,SET OF 3 CAKE TINS SKETCHBOOK,1020,4671.81,297,5.459445355548188,13,12,0,0.0,70.75,78.46153846153847,46.35461142108733,0.6551888540083014,False,False,High-Revenue Priority,Prioritize inventory monitoring and avoid stockouts
22722,SET OF 6 SPICE TINS PANTRY DESIGN,5949,24369.11,829,4.76943422936625,12,12,1,0.08333333333333333,487.4166666666667,495.75,305.18681561339184,0.6261312681416826,False,False,High-Revenue Priority,Prioritize inventory monitoring and avoid stockouts
22723,SET OF 6 HERB TINS SKETCHBOOK,1163,4258.87,294,4.325241437401859,13,12,0,0.0,86.25,89.46153846153847,62.14663744286207,0.7205407239752124,False,False,High-Revenue Priority,Prioritize inventory monitoring and avoid stockouts
22725,ALARM CLOCK BAKELIKE CHOCOLATE,1967,8104.85,425,4.747243581242299,13,12,0,0.0,154.75,151.30769230769232,86.09416092543412,0.5563435277895582,False,False,High-Revenue Priority,Prioritize inventory monitoring and avoid stockouts
22726,ALARM CLOCK BAKELIKE GREEN,6407,27110.28,976,4.802084888882237,13,12,0,0.0,502.0,492.84615384615387,307.9571989151031,0.6134605556077751,False,False,High-Revenue Priority,Prioritize inventory monitoring and avoid stockouts
22727,ALARM CLOCK BAKELIKE RED,7786,30592.37,1047,4.399242224222923,13,12,0,0.0,560.5,598.9230769230769,307.5774846943597,0.5487555480720067,False,False,High-Revenue Priority,Prioritize inventory monitoring and avoid stockouts
22728,ALARM CLOCK BAKELIKE PINK,5348,20642.15,780,4.619488917294514,13,12,0,0.0,427.9166666666667,411.38461538461536,303.1952441259692,0.7085380583274841,False,False,High-Revenue Priority,Prioritize inventory monitoring and avoid stockouts
22729,ALARM CLOCK BAKELIKE ORANGE,2311,9023.95,441,5.061180037139759,13,12,0,0.0,192.25,177.76923076923077,119.3368989648443,0.6207380960460042,False,False,High-Revenue Priority,Prioritize inventory monitoring and avoid stockouts
22730,ALARM CLOCK BAKELIKE IVORY,2871,11400.9,566,4.402630377077342,13,12,0,0.0,229.91666666666666,220.84615384615384,146.30942201272268,0.6363584864634549,False,False,High-Revenue Priority,Prioritize inventory monitoring and avoid stockouts
22731,3D CHRISTMAS STAMPS STICKERS,1172,1536.24,143,1.572439640974967,8,12,5,0.4166666666666667,94.16666666666667,146.5,137.6265258082925,1.4615206280526638,False,False,Regular,Maintain standard replenishment review
22732,3D VINTAGE CHRISTMAS STICKERS,1645,2162.75,188,1.6390561547128277,11,12,2,0.16666666666666666,132.66666666666666,149.54545454545453,197.9689293038101,1.492228110330227,False,False,Regular,Maintain standard replenishment review
22733,3D TRADITIONAL CHRISTMAS STICKERS,1583,2095.08,197,1.573495610004587,10,12,3,0.25,128.41666666666666,158.3,186.85116017998408,1.4550382363139578,False,False,Regular,Maintain standard replenishment review
22734,SET OF 6 RIBBONS VINTAGE CHRISTMAS,3231,10523.34,418,3.9933690486959144,10,12,3,0.25,257.8333333333333,323.1,411.8481258763706,1.597342440373771,False,False,High-Revenue Priority,Prioritize inventory monitoring and avoid stockouts
22735,RIBBON REEL SOCKS AND MITTENS,741,1379.21,136,2.6356460161570454,8,12,5,0.4166666666666667,60.25,92.625,82.82854690152533,1.3747476664153582,False,False,Regular,Maintain standard replenishment review
22736,RIBBON REEL MAKING SNOWMEN,1212,2280.6,222,2.6377905656853025,12,12,1,0.08333333333333333,97.0,101.0,127.60663989563609,1.315532370058104,False,False,Regular,Maintain standard replenishment review
22737,RIBBON REEL CHRISTMAS PRESENT,1348,2628.15,257,2.3803913751576813,13,12,0,0.0,107.91666666666667,103.6923076923077,154.12890610449975,1.42822152374826,False,False,Regular,Maintain standard replenishment review
22738,RIBBON REEL SNOWY VILLAGE,2043,3639.17,273,2.5896926547718766,11,12,2,0.16666666666666666,161.66666666666666,185.72727272727272,237.73795097403638,1.4705440266435241,False,False,High-Revenue Priority,Prioritize inventory monitoring and avoid stockouts
22739,RIBBON REEL CHRISTMAS SOCK BAUBLE,1808,3540.47,317,2.685133983256918,13,12,0,0.0,143.16666666666666,139.07692307692307,180.1912283877292,1.2586116068991564,False,False,High-Revenue Priority,Prioritize inventory monitoring and avoid stockouts
22740,POLKADOT PEN,6842,5793.619999999999,170,1.095628121600434,9,12,3,0.25,570.1666666666666,760.2222222222222,482.51610116014564,0.846272027758221,False,False,High-Revenue Priority,Prioritize inventory monitoring and avoid stockouts
22741,FUNKY DIVA PEN,8499,7323.0599999999995,232,1.0848656780843482,13,12,0,0.0,682.0,653.7692307692307,289.83192621680837,0.42497349885162516,False,False,High-Revenue Priority,Prioritize inventory monitoring and avoid stockouts
22742,MAKE YOUR OWN PLAYTIME CARD KIT,639,1323.5700000000002,101,3.091709495632573,13,12,0,0.0,30.5,49.15384615384615,18.118298134006054,0.5940425617706903,False,False,Regular,Maintain standard replenishment review
22743,MAKE YOUR OWN FLOWERPOWER CARD KIT,930,2408.54,206,3.642091529385647,13,12,0,0.0,56.75,71.53846153846153,26.181620895721352,0.46135014794222645,False,False,Regular,Maintain standard replenishment review
22744,MAKE YOUR OWN MONSOON CARD KIT,861,2067.15,171,3.186842103765181,13,12,0,0.0,50.666666666666664,66.23076923076923,21.756225162774292,0.42939918084422946,False,False,Regular,Maintain standard replenishment review
22745,POPPY'S PLAYHOUSE BEDROOM,2009,4636.59,421,2.5530567898826053,13,12,0,0.0,164.58333333333334,154.53846153846155,69.83546680765028,0.42431676035028015,False,False,High-Revenue Priority,Prioritize inventory monitoring and avoid stockouts
22746,POPPY'S PLAYHOUSE LIVINGROOM,1435,3211.34,326,2.4969154656022385,13,12,0,0.0,117.33333333333333,110.38461538461539,54.42314569995736,0.46383362812463663,False,False,High-Revenue Priority,Prioritize inventory monitoring and avoid stockouts
22747,POPPY'S PLAYHOUSE BATHROOM,954,2080.85,227,2.5100742584617164,13,12,0,0.0,77.75,73.38461538461539,42.52726398227591,0.5469744563636774,False,False,Regular,Maintain standard replenishment review
22748,POPPY'S PLAYHOUSE KITCHEN,2104,4853.530000000001,433,2.469946417825402,13,12,0,0.0,172.41666666666666,161.84615384615384,77.89090077950328,0.45175969519286585,False,False,High-Revenue Priority,Prioritize inventory monitoring and avoid stockouts
22749,FELTCRAFT PRINCESS CHARLOTTE DOLL,2362,9216.16,449,4.128811140831082,13,12,0,0.0,186.08333333333334,181.69230769230768,113.25390487615412,0.6086192828096056,False,False,High-Revenue Priority,Prioritize inventory monitoring and avoid stockouts
22750,FELTCRAFT PRINCESS LOLA DOLL,1997,7476.83,412,4.042994109843898,13,12,0,0.0,160.83333333333334,153.6153846153846,92.11932314650221,0.572762630962708,False,False,High-Revenue Priority,Prioritize inventory monitoring and avoid stockouts
22751,FELTCRAFT PRINCESS OLIVIA DOLL,1561,5793.97,289,4.189804799872856,13,12,0,0.0,126.41666666666667,120.07692307692308,104.16635151467477,0.8239922334713891,False,False,High-Revenue Priority,Prioritize inventory monitoring and avoid stockouts
22752,SET 7 BABUSHKA NESTING BOXES,1667,13509.97,378,9.639834769012431,13,12,0,0.0,123.16666666666667,128.23076923076923,107.76981642989531,0.8749917436797996,False,False,High-Revenue Priority,Prioritize inventory monitoring and avoid stockouts
22753,SMALL YELLOW BABUSHKA NOTEBOOK,1010,758.13,217,0.9725998145701493,13,12,0,0.0,63.166666666666664,77.6923076923077,43.09784498584869,0.6822877834171297,False,False,Regular,Maintain standard replenishment review
22754,SMALL RED BABUSHKA NOTEBOOK,1951,1350.47,266,0.9800289297905397,13,12,0,0.0,111.25,150.07692307692307,70.21671000293566,0.6311614382286351,False,False,High-Turnover Stable,Keep stable local warehouse inventory
22755,SMALL PURPLE BABUSHKA NOTEBOOK,1687,1187.96,251,0.9838997610151456,13,12,0,0.0,101.08333333333333,129.76923076923077,56.5146132885249,0.5590893317908482,False,False,Regular,Maintain standard replenishment review
22756,LARGE YELLOW BABUSHKA NOTEBOOK,599,656.52,123,1.4805030525030527,13,12,0,0.0,35.333333333333336,46.07692307692308,25.042993334494085,0.7087639622970023,False,False,Regular,Maintain standard replenishment review
22757,LARGE RED BABUSHKA NOTEBOOK,1096,1167.74,163,1.551586283349632,13,12,0,0.0,60.666666666666664,84.3076923076923,35.917413688357435,0.5920452805773204,False,False,Regular,Maintain standard replenishment review
22758,LARGE PURPLE BABUSHKA NOTEBOOK,1195,1110.25,178,1.549624236874237,13,12,0,0.0,54.833333333333336,91.92307692307692,34.0396382133678,0.6207836756237288,False,False,Regular,Maintain standard replenishment review
22759,SET OF 3 NOTEBOOKS IN PARCEL,5423,9007.64,421,2.0298886216769745,12,12,0,0.0,451.9166666666667,451.9166666666667,359.9256131059541,0.796442440949926,False,False,High-Revenue Priority,Prioritize inventory monitoring and avoid stockouts
22760,"TRAY, BREAKFAST IN BED",273,3466.3599999999997,78,14.246672727272728,10,12,2,0.16666666666666666,22.75,27.3,15.621226817146189,0.6866473326218105,False,False,High-Revenue Priority,Prioritize inventory monitoring and avoid stockouts
22761,CHEST 7 DRAWER MA CAMPAGNE,36,895.38,26,26.673333333333332,12,12,1,0.08333333333333333,2.9166666666666665,3.0,2.2746961169005466,0.7798958115087589,False,False,Long-Tail,Limit stock and avoid excessive local warehouse space
22762,CUPBOARD 3 DRAWER MA CAMPAGNE,157,2594.33,107,17.715602564102564,13,12,0,0.0,12.583333333333334,12.076923076923077,5.142661732699294,0.4086883496184869,False,False,Regular,Maintain standard replenishment review
22763,KEY CABINET MA CAMPAGNE,201,2126.5699999999997,105,11.32280574980575,13,12,0,0.0,15.666666666666666,15.461538461538462,6.050294257807682,0.38618899517921373,False,False,Regular,Maintain standard replenishment review
22764,"RUSTIC WOODEN CABINET, GLASS DOORS",4,149.82,2,37.455,2,11,9,0.8181818181818182,0.36363636363636365,2.0,0.8090398349558905,2.2248595461286986,False,False,Long-Tail,Limit stock and avoid excessive local warehouse space
22765,NEWSPAPER STAND,27,316.95000000000005,5,19.874,1,12,11,0.9166666666666666,2.25,27.0,7.794228634059948,3.464101615137755,False,False,Long-Tail,Limit stock and avoid excessive local warehouse space
22766,PHOTO FRAME CORNICE,3257,9725.59,502,3.22644385301673,13,12,0,0.0,267.0,250.53846153846155,174.62687494926274,0.6540332395103473,False,False,High-Revenue Priority,Prioritize inventory monitoring and avoid stockouts
22767,TRIPLE PHOTO FRAME CORNICE,764,7074.049999999999,213,10.210939292905238,13,12,0,0.0,61.583333333333336,58.76923076923077,48.603139317488036,0.7892255369551507,False,False,High-Revenue Priority,Prioritize inventory monitoring and avoid stockouts
22768,FAMILY PHOTO FRAME CORNICE,846,8049.64,249,10.914418749336319,13,12,0,0.0,66.66666666666667,65.07692307692308,47.88116603223088,0.7182174904834632,False,False,High-Revenue Priority,Prioritize inventory monitoring and avoid stockouts
22769,CHALKBOARD KITCHEN ORGANISER,11,366.73,8,43.35714285714286,2,12,10,0.8333333333333334,0.9166666666666666,5.5,2.874917653629668,3.136273803959638,False,False,Long-Tail,Limit stock and avoid excessive local warehouse space
22770,MIRROR CORNICE,91,1470.83,59,16.15151282051282,13,12,0,0.0,7.416666666666667,7.0,2.7455197664338145,0.3701824404180424,False,False,Long-Tail,Limit stock and avoid excessive local warehouse space
22771,CLEAR DRAWER KNOB ACRYLIC EDWARDIAN,6527,8915.44,440,1.5820867649923227,13,12,0,0.0,537.5,502.0769230769231,105.47511554864494,0.19623277311375803,False,False,High-Revenue Priority,Prioritize inventory monitoring and avoid stockouts
22772,PINK DRAWER KNOB ACRYLIC EDWARDIAN,3793,5116.7,254,1.7206689405035438,13,12,0,0.0,313.0,291.7692307692308,141.31653702367478,0.4514905336219642,False,False,High-Revenue Priority,Prioritize inventory monitoring and avoid stockouts
22773,GREEN DRAWER KNOB ACRYLIC EDWARDIAN,2075,2739.4,191,1.5338561084300844,13,12,0,0.0,169.41666666666666,159.6153846153846,67.29238553889401,0.3972005049024733,False,False,High-Turnover Stable,Keep stable local warehouse inventory
22774,RED DRAWER KNOB ACRYLIC EDWARDIAN,2254,2871.75,140,1.5902446596231425,13,12,0,0.0,186.83333333333334,173.3846153846154,124.35128637952415,0.6655733436905842,False,False,High-Turnover Stable,Keep stable local warehouse inventory
22775,PURPLE DRAWERKNOB ACRYLIC EDWARDIAN,3105,4469.37,237,1.7514248801469061,13,12,0,0.0,251.66666666666666,238.84615384615384,107.88574202985923,0.4286850676683148,False,False,High-Revenue Priority,Prioritize inventory monitoring and avoid stockouts
22776,SWEETHEART CAKESTAND 3 TIER,1215,12807.63,524,11.618303541847498,13,12,0,0.0,99.33333333333333,93.46153846153847,33.81052373376543,0.34037440000435,False,False,High-Revenue Priority,Prioritize inventory monitoring and avoid stockouts
22777,GLASS CLOCHE LARGE,352,2951.5299999999997,58,9.878950980392156,6,12,6,0.5,29.333333333333332,58.666666666666664,45.537863033930016,1.5524271488839778,False,False,Regular,Maintain standard replenishment review
22778,GLASS CLOCHE SMALL,774,3025.96,138,4.861692132185553,12,12,0,0.0,64.5,64.5,29.417063693775358,0.4560785068802381,False,False,Regular,Maintain standard replenishment review
22779,WOODEN OWLS LIGHT GARLAND,1533,5772.85,148,4.155467728350081,13,12,0,0.0,126.16666666666667,117.92307692307692,124.1141947294238,0.9837320586215889,False,False,High-Revenue Priority,Prioritize inventory monitoring and avoid stockouts
22780,LIGHT GARLAND BUTTERFILES PINK,1338,5010.34,130,4.170581878905408,13,12,0,0.0,110.0,102.92307692307692,111.62844212345298,1.0148040193041181,False,False,High-Revenue Priority,Prioritize inventory monitoring and avoid stockouts
22781,GUMBALL MAGAZINE RACK,612,5122.16,227,9.831181029110208,13,12,0,0.0,49.666666666666664,47.07692307692308,19.10893809586276,0.3847437200509281,False,False,High-Revenue Priority,Prioritize inventory monitoring and avoid stockouts
22782,SET 3 WICKER STORAGE BASKETS,241,3399.95,74,22.16346153846154,13,12,0,0.0,19.666666666666668,18.53846153846154,27.05997827498064,1.375931098727829,False,False,High-Revenue Priority,Prioritize inventory monitoring and avoid stockouts
22783,SET 3 WICKER OVAL BASKETS W LIDS,463,5961.25,33,16.31310606060606,6,12,6,0.5,38.583333333333336,77.16666666666667,78.89862118086997,2.044888669914556,False,False,High-Revenue Priority,Prioritize inventory monitoring and avoid stockouts
22784,LANTERN CREAM GAZEBO,1263,6316.4400000000005,296,5.6933041972387235,13,12,0,0.0,102.5,97.15384615384616,37.597146893686684,0.3668014331091384,False,False,High-Revenue Priority,Prioritize inventory monitoring and avoid stockouts
22785,SQUARECUSHION COVER PINK UNION JACK,245,1087.57,74,7.134354497354497,12,12,1,0.08333333333333333,10.166666666666666,20.416666666666668,8.255393094911662,0.8120058781880324,False,False,Regular,Maintain standard replenishment review
22786,CUSHION COVER PINK UNION JACK,123,764.63,47,7.385326839826839,11,12,2,0.16666666666666666,8.916666666666666,11.181818181818182,8.027887000759893,0.9003237757861563,False,False,Regular,Maintain standard replenishment review
22788,BROCANTE COAT RACK,217,1996.1100000000001,58,11.457214285714286,7,12,5,0.4166666666666667,18.083333333333332,31.0,27.097327386942638,1.4984697172502843,False,False,Regular,Maintain standard replenishment review
22789,T-LIGHT HOLDER SWEETHEART HANGING,844,1657.02,138,2.212579676733523,13,12,0,0.0,68.91666666666667,64.92307692307692,39.82109612968605,0.5778151796326875,False,False,Regular,Maintain standard replenishment review
22791,T-LIGHT GLASS FLUTED ANTIQUE,7799,9706.24,342,1.5019209115171073,12,12,1,0.08333333333333333,610.3333333333334,649.9166666666666,320.3859415067264,0.5249360046532928,False,False,High-Revenue Priority,Prioritize inventory monitoring and avoid stockouts
22792,FLUTED ANTIQUE CANDLE HOLDER,2773,2612.7299999999996,205,1.1650305998349475,13,12,0,0.0,206.75,213.30769230769232,214.611753045947,1.0380254077192117,False,False,High-Turnover Volatile,Monitor closely and replenish in smaller batches
22794,SWEETHEART WIRE MAGAZINE RACK,323,2761.05,180,8.919334824049757,13,12,0,0.0,26.25,24.846153846153847,7.78255625216945,0.29647833341597907,False,False,Regular,Maintain standard replenishment review
22795,SWEETHEART RECIPE BOOK STAND,1195,8463.25,366,7.973307756234729,11,12,2,0.16666666666666666,94.0,108.63636363636364,61.25060296549221,0.651602159207364,False,False,High-Revenue Priority,Prioritize inventory monitoring and avoid stockouts
22796,PHOTO FRAME 3 CLASSIC HANGING,543,5416.799999999999,218,10.4018952316155,13,12,0,0.0,44.25,41.76923076923077,10.771384649743379,0.24342112202809896,False,False,High-Revenue Priority,Prioritize inventory monitoring and avoid stockouts
22797,CHEST OF DRAWERS GINGHAM HEART,153,2681.86,83,19.718864844557153,13,12,0,0.0,12.583333333333334,11.76923076923077,9.129954030884306,0.7255592607325276,False,False,Regular,Maintain standard replenishment review
22798,ANTIQUE GLASS DRESSING TABLE POT,1790,5537.700000000001,266,3.7361525124861337,13,12,0,0.0,132.75,137.69230769230768,73.06177336523339,0.550371174126052,False,False,High-Revenue Priority,Prioritize inventory monitoring and avoid stockouts
22799,SWEETHEART WIRE FRUIT BOWL,207,1623.08,89,8.43923717948718,13,12,0,0.0,14.75,15.923076923076923,9.235553829925662,0.6261392427068245,False,False,Regular,Maintain standard replenishment review
22800,ANTIQUE TALL SWIRLGLASS TRINKET POT,870,3560.7400000000002,203,4.934093130980945,13,12,0,0.0,70.08333333333333,66.92307692307692,53.978881953683484,0.7702099684235456,False,False,High-Revenue Priority,Prioritize inventory monitoring and avoid stockouts
22801,ANTIQUE GLASS PEDESTAL BOWL,1026,4200.14,220,4.726148893841201,13,12,0,0.0,81.58333333333333,78.92307692307692,38.256213597112286,0.46892192356010975,False,False,High-Revenue Priority,Prioritize inventory monitoring and avoid stockouts
22802,FAUX FUR CHOCOLATE THROW,87,1474.74,49,18.876722222222224,12,12,1,0.08333333333333333,5.583333333333333,7.25,5.743903223629751,1.0287587863217464,False,False,Long-Tail,Limit stock and avoid excessive local warehouse space
22803,IVORY EMBROIDERED QUILT,54,2038.09,31,40.29484848484849,11,12,1,0.08333333333333333,4.5,4.909090909090909,7.255092255537736,1.6122427234528303,False,False,Long-Tail,Limit stock and avoid excessive local warehouse space
22804,CANDLEHOLDER PINK HANGING HEART,2965,7677.25,472,3.189918760368128,13,12,0,0.0,244.75,228.07692307692307,146.87355415149082,0.6000962375954682,False,False,High-Revenue Priority,Prioritize inventory monitoring and avoid stockouts
22805,BLUE DRAWER KNOB ACRYLIC EDWARDIAN,1877,2559.78,193,1.718713773971127,13,12,0,0.0,154.25,144.3846153846154,61.7283270762813,0.40018364393051087,False,False,High-Turnover Stable,Keep stable local warehouse inventory
22806,SET OF 6 T-LIGHTS WEDDING CAKE,260,677.0400000000001,38,3.692478632478633,13,12,0,0.0,16.166666666666668,20.0,17.366809165936633,1.0742356185115443,False,False,Regular,Maintain standard replenishment review
22807,SET OF 6 T-LIGHTS TOADSTOOLS,818,2417.73,195,3.8082490992234477,13,12,0,0.0,59.5,62.92307692307692,24.38143854358363,0.4097720763627501,False,False,Regular,Maintain standard replenishment review
22808,SET OF 6 T-LIGHTS EASTER CHICKS,345,1038.8700000000001,75,3.5674170274170276,9,12,4,0.3333333333333333,26.583333333333332,38.333333333333336,32.90608767478453,1.2378465582991047,False,False,Regular,Maintain standard replenishment review
22809,SET OF 6 T-LIGHTS SANTA,1228,3745.8,203,3.3523572874493928,8,12,5,0.4166666666666667,94.25,153.5,144.9245101298039,1.5376605849316065,False,False,High-Revenue Priority,Prioritize inventory monitoring and avoid stockouts
22810,SET OF 6 T-LIGHTS SNOWMEN,896,2899.6800000000003,164,3.642586947682299,10,12,3,0.25,74.33333333333333,89.6,111.63522850079289,1.501819217499456,False,False,Regular,Maintain standard replenishment review
22811,SET OF 6 T-LIGHTS CACTI,881,2419.29,108,3.7823153396311286,13,12,0,0.0,60.083333333333336,67.76923076923077,63.775826616407414,1.061456198886115,False,False,Regular,Maintain standard replenishment review
22812,PACK 3 BOXES CHRISTMAS PANNETONE,1713,3584.8999999999996,184,2.9588584508637106,9,12,4,0.3333333333333333,142.41666666666666,190.33333333333334,217.96015412886544,1.5304399353694473,False,False,High-Revenue Priority,Prioritize inventory monitoring and avoid stockouts
22813,PACK 3 BOXES BIRD PANNETONE,2372,4640.78,218,2.6068726300581138,13,12,0,0.0,192.25,182.46153846153845,139.2676461807525,0.7244090828647725,False,False,High-Revenue Priority,Prioritize inventory monitoring and avoid stockouts
22814,CARD PARTY GAMES,2129,888.47,235,0.5199869491996189,13,12,0,0.0,158.83333333333334,163.76923076923077,58.2718290480577,0.36687405486709984,False,False,High-Turnover Stable,Keep stable local warehouse inventory
22815,CARD PSYCHEDELIC APPLES,2628,1118.84,268,0.5169767570057753,13,12,0,0.0,209.91666666666666,202.15384615384616,98.32086464348463,0.4683804588018323,False,False,High-Turnover Stable,Keep stable local warehouse inventory
22816,CARD MOTORBIKE SANTA,3987,1691.76,266,0.5750006173701722,11,12,2,0.16666666666666666,311.25,362.45454545454544,487.9700298174059,1.5677751962005009,False,False,High-Turnover Volatile,Monitor closely and replenish in smaller batches
22817,CARD SUKI BIRTHDAY,2639,1114.81,290,0.49708010518065976,13,12,0,0.0,213.58333333333334,203.0,98.8961423398151,0.46303305036199033,False,False,High-Turnover Stable,Keep stable local warehouse inventory
22818,CARD CHRISTMAS VILLAGE,3537,1510.0800000000002,241,0.5772142974040507,11,12,2,0.16666666666666666,278.5,321.54545454545456,425.4688323164545,1.5277157354271256,False,False,High-Turnover Volatile,Monitor closely and replenish in smaller batches
22819,"BIRTHDAY CARD, RETRO SPOT",2608,1104.81,270,0.48914955877455873,13,12,0,0.0,211.08333333333334,200.6153846153846,89.75669975837542,0.4252192645481662,False,False,High-Turnover Stable,Keep stable local warehouse inventory
22820,GIFT BAG BIRTHDAY,940,575.4200000000001,77,0.6739846153846154,13,12,0,0.0,77.25,72.3076923076923,63.76822377670844,0.8254786249412096,False,False,Regular,Maintain standard replenishment review
22821,GIFT BAG PSYCHEDELIC APPLES,1159,714.87,138,0.7479280889361534,13,12,0,0.0,94.16666666666667,89.15384615384616,88.11958128623063,0.9357831641015641,False,False,Regular,Maintain standard replenishment review
22822,CREAM WALL PLANTER HEART SHAPED,433,2582.75,158,6.643669185264208,13,12,0,0.0,35.833333333333336,33.30769230769231,25.214834498522464,0.7036697999587664,False,False,Regular,Maintain standard replenishment review
22823,CHEST NATURAL WOOD 20 DRAWERS,24,2745.0,13,119.0,10,12,2,0.16666666666666666,2.0,2.4,2.0,1.0,False,False,Long-Tail,Limit stock and avoid excessive local warehouse space
22824,3 TIER SWEETHEART GARDEN SHELF,54,1902.3000000000002,42,35.68928571428572,12,12,0,0.0,4.5,4.5,3.060005941764879,0.6800013203921953,False,False,Long-Tail,Limit stock and avoid excessive local warehouse space
22825,DECORATIVE PLANT POT WITH FRIEZE,71,568.47,27,8.41375,12,12,0,0.0,5.916666666666667,5.916666666666667,3.9876703915337774,0.6739724605409201,False,False,Long-Tail,Limit stock and avoid excessive local warehouse space
22826,LOVE SEAT ANTIQUE WHITE METAL,55,5735.0,38,138.0,10,12,2,0.16666666666666666,4.583333333333333,5.5,4.888917584856095,1.0666729276049662,False,False,High-Revenue Priority,Prioritize inventory monitoring and avoid stockouts
22827,RUSTIC  SEVENTEEN DRAWER SIDEBOARD,32,4920.0,23,156.69696969696972,11,12,1,0.08333333333333333,2.6666666666666665,2.909090909090909,1.9227505550564008,0.7210314581461503,False,False,High-Revenue Priority,Prioritize inventory monitoring and avoid stockouts
22828,REGENCY MIRROR WITH SHUTTERS,10,1530.0,7,156.66666666666666,6,12,6,0.5,0.8333333333333334,1.6666666666666667,1.0298573010888743,1.2358287613066492,False,False,Long-Tail,Limit stock and avoid excessive local warehouse space
22829,SWEETHEART WIRE WALL TIDY,217,2207.5299999999997,107,10.93298447507658,12,12,0,0.0,18.083333333333332,18.083333333333332,10.219930024074023,0.5651574206861211,False,False,Regular,Maintain standard replenishment review
22830,UTILTY CABINET WITH HOOKS,131,2610.29,6,17.063000000000002,2,12,10,0.8333333333333334,10.916666666666666,65.5,37.19105056897751,3.4068137925780926,False,False,Regular,Maintain standard replenishment review
22831,WHITE BROCANTE SOAP DISH,706,2070.9,121,3.3391733821733824,13,12,0,0.0,57.833333333333336,54.30769230769231,46.44220911927842,0.8030353161834884,False,False,Regular,Maintain standard replenishment review
22832,BROCANTE SHELF WITH HOOKS,158,1738.82,74,12.476119658119657,12,12,0,0.0,13.166666666666666,13.166666666666666,11.06865626510967,0.8406574378564307,False,False,Regular,Maintain standard replenishment review
22833,HALL CABINET WITH 3 DRAWERS,76,2603.5299999999997,5,55.415,3,12,9,0.75,6.333333333333333,25.333333333333332,21.00360719380162,3.316359030600256,False,False,Long-Tail,Limit stock and avoid excessive local warehouse space
22834,HAND WARMER BABUSHKA DESIGN,4773,6872.530000000001,365,2.4685626088680714,13,12,0,0.0,389.5,367.15384615384613,942.6713010472854,2.4202087318287173,False,False,High-Revenue Priority,Prioritize inventory monitoring and avoid stockouts
22835,HOT WATER BOTTLE I AM SO POORLY,3097,16426.56,654,5.935594486175252,13,12,0,0.0,234.33333333333334,238.23076923076923,300.1761099249855,1.280979131970066,False,False,High-Revenue Priority,Prioritize inventory monitoring and avoid stockouts
22837,HOT WATER BOTTLE BABUSHKA,1136,5500.280000000001,176,5.807017521902378,10,12,2,0.16666666666666666,94.66666666666667,113.6,300.42313593673276,3.1734838303175996,False,False,High-Revenue Priority,Prioritize inventory monitoring and avoid stockouts
22838,3 TIER CAKE TIN RED AND CREAM,571,8238.61,160,17.195710640918534,12,12,1,0.08333333333333333,46.833333333333336,47.583333333333336,40.503273343214516,0.8648385767234416,False,False,High-Revenue Priority,Prioritize inventory monitoring and avoid stockouts
22839,3 TIER CAKE TIN GREEN AND CREAM,439,6891.97,196,18.687970943551083,13,12,0,0.0,36.166666666666664,33.76923076923077,16.93212832744217,0.4681694468417191,False,False,High-Revenue Priority,Prioritize inventory monitoring and avoid stockouts
22840,ROUND CAKE TIN VINTAGE RED,900,6800.4400000000005,263,8.497745497013364,13,12,0,0.0,74.0,69.23076923076923,45.636906914549684,0.6167149583047254,False,False,High-Revenue Priority,Prioritize inventory monitoring and avoid stockouts
22841,ROUND CAKE TIN VINTAGE GREEN,520,4030.22,208,8.71784493695556,13,12,0,0.0,42.833333333333336,40.0,21.816729749659938,0.5093399941554849,False,False,High-Revenue Priority,Prioritize inventory monitoring and avoid stockouts
22842,BISCUIT TIN VINTAGE RED,577,3742.21,155,7.702765436992157,13,12,0,0.0,48.0,44.38461538461539,29.640267450639755,0.6175055718883282,False,False,High-Revenue Priority,Prioritize inventory monitoring and avoid stockouts
22843,BISCUIT TIN VINTAGE GREEN,445,2870.77,123,7.764845820845821,13,12,0,0.0,37.0,34.23076923076923,29.335055045890993,0.7928393255646214,False,False,Regular,Maintain standard replenishment review
22844,VINTAGE CREAM DOG FOOD CONTAINER,982,9493.02,412,10.804710200251453,13,12,0,0.0,79.75,75.53846153846153,25.846135635191718,0.3240894750494259,False,False,High-Revenue Priority,Prioritize inventory monitoring and avoid stockouts
22845,VINTAGE CREAM CAT FOOD CONTAINER,799,5377.88,314,7.850654156927039,13,12,0,0.0,64.5,61.46153846153846,27.760337959692848,0.4303928365843852,False,False,High-Revenue Priority,Prioritize inventory monitoring and avoid stockouts
22846,BREAD BIN DINER STYLE RED,649,10413.42,266,17.33095618049182,13,12,0,0.0,52.0,49.92307692307692,24.557909298043047,0.47226748650082784,False,False,High-Revenue Priority,Prioritize inventory monitoring and avoid stockouts
22847,BREAD BIN DINER STYLE IVORY,886,14075.289999999999,361,17.522764690574828,12,12,1,0.08333333333333333,72.25,73.83333333333333,49.68102802332643,0.6876266854439644,False,False,High-Revenue Priority,Prioritize inventory monitoring and avoid stockouts
22848,BREAD BIN DINER STYLE PINK,314,5063.9,122,18.252384400952582,11,12,1,0.08333333333333333,26.166666666666668,28.545454545454547,15.936426731538566,0.6090354164919197,False,False,High-Revenue Priority,Prioritize inventory monitoring and avoid stockouts
22849,BREAD BIN DINER STYLE MINT,318,4950.98,127,17.008067756512492,10,12,2,0.16666666666666666,26.5,31.8,27.294688127912362,1.029988231241976,False,False,High-Revenue Priority,Prioritize inventory monitoring and avoid stockouts
22851,SET 20 NAPKINS FAIRY CAKES DESIGN,2729,2358.44,349,1.0094568920250357,13,12,0,0.0,225.75,209.92307692307693,136.3312309980899,0.6039035703126906,False,False,High-Turnover Stable,Keep stable local warehouse inventory
22852,DOG BOWL VINTAGE CREAM,386,1740.88,124,4.6168914418914415,13,12,0,0.0,30.5,29.692307692307693,12.295601578687323,0.40313447798974833,False,False,Regular,Maintain standard replenishment review
22853,CAT BOWL VINTAGE CREAM,466,1636.46,115,3.679197247197247,13,12,0,0.0,37.25,35.84615384615385,17.32116414311484,0.46499769511717687,False,False,Regular,Maintain standard replenishment review
22854,CREAM SWEETHEART EGG HOLDER,767,3708.52,161,5.389423376623377,10,12,2,0.16666666666666666,63.916666666666664,76.7,58.16974898492941,0.910087337443485,False,False,High-Revenue Priority,Prioritize inventory monitoring and avoid stockouts
22855,FINE WICKER HEART,2630,3286.73,236,1.511689848805019,9,12,3,0.25,219.16666666666666,292.22222222222223,220.45648234075725,1.00588509052817,False,False,High-Revenue Priority,Prioritize inventory monitoring and avoid stockouts
22856,ASSORTED EASTER DECORATIONS  BELLS,550,705.82,26,3.2004375,8,12,4,0.3333333333333333,45.833333333333336,68.75,86.50993987380697,1.8874895972466974,False,False,Regular,Maintain standard replenishment review
22857,ASSORTED EASTER GIFT TAGS,1145,965.8599999999999,61,1.440945054945055,7,12,5,0.4166666666666667,95.41666666666667,163.57142857142858,145.43693311931298,1.524229866752625,False,False,Regular,Maintain standard replenishment review
22858,EASTER TIN KEEPSAKE,1123,1855.83,136,1.8109108528995121,7,12,5,0.4166666666666667,93.58333333333333,160.42857142857142,128.5644220072591,1.3737961389911928,False,False,Regular,Maintain standard replenishment review
22859,EASTER TIN BUNNY BOUQUET,1179,1963.4699999999998,155,1.794852912802422,11,12,1,0.08333333333333333,98.25,107.18181818181819,102.77170197711393,1.0460224119808035,False,False,Regular,Maintain standard replenishment review
22860,EASTER TIN CHICKS PINK DAISY,589,1017.77,107,1.831354497354497,7,12,5,0.4166666666666667,49.083333333333336,84.14285714285714,80.4978354687349,1.6400238126058044,False,False,Regular,Maintain standard replenishment review
22861,EASTER TIN CHICKS IN GARDEN,305,522.93,50,2.023478991596639,5,12,7,0.5833333333333334,25.416666666666668,61.0,37.29357325412257,1.467288128031052,False,False,Regular,Maintain standard replenishment review
22862,LOVE HEART NAPKIN BOX,171,826.95,66,5.432007073386384,2,12,10,0.8333333333333334,14.25,85.5,34.107117359071175,2.3934819199348194,False,False,Regular,Maintain standard replenishment review
22863,SOAP DISH BROCANTE,707,2035.3300000000002,109,3.217948717948718,13,12,0,0.0,58.166666666666664,54.38461538461539,45.25851669391445,0.7780833815572685,False,False,Regular,Maintain standard replenishment review
22865,HAND WARMER OWL DESIGN,8332,17561.43,647,2.4903426421568446,12,12,1,0.08333333333333333,626.75,694.3333333333334,934.3206695970948,1.4907390021493336,False,False,High-Revenue Priority,Prioritize inventory monitoring and avoid stockouts
22866,HAND WARMER SCOTTY DOG DESIGN,6515,14188.920000000002,547,2.3247936849067115,10,12,3,0.25,495.6666666666667,651.5,783.0424734019957,1.5797763417659632,False,False,High-Revenue Priority,Prioritize inventory monitoring and avoid stockouts
22867,HAND WARMER BIRD DESIGN,6397,13986.29,551,2.6379038331055304,10,12,3,0.25,470.8333333333333,639.7,697.9278203541126,1.482324574203425,False,False,High-Revenue Priority,Prioritize inventory monitoring and avoid stockouts
22868,NUMBER TILE COTTAGE GARDEN 0,63,144.65,20,2.9078787878787877,11,12,1,0.08333333333333333,5.25,5.7272727272727275,4.882715339942426,0.9300410171318907,False,False,Long-Tail,Limit stock and avoid excessive local warehouse space
22869,NUMBER TILE COTTAGE GARDEN 1,96,246.14,44,3.1058055555555555,12,12,0,0.0,8.0,8.0,5.892985043869764,0.7366231304837205,False,False,Long-Tail,Limit stock and avoid excessive local warehouse space
22870,NUMBER TILE COTTAGE GARDEN 2,93,240.29,39,3.075527777777778,12,12,0,0.0,7.75,7.75,5.986727744846019,0.7724809993349702,False,False,Long-Tail,Limit stock and avoid excessive local warehouse space
22871,NUMBER TILE COTTAGE GARDEN 3,67,163.35,25,3.054533333333333,10,12,2,0.16666666666666666,5.583333333333333,6.7,5.451577475345734,0.9764019358828181,False,False,Long-Tail,Limit stock and avoid excessive local warehouse space
22872,NUMBER TILE COTTAGE GARDEN 4,72,177.46,30,3.0854166666666667,12,12,1,0.08333333333333333,5.833333333333333,6.0,6.83351810541025,1.1714602466417572,False,False,Long-Tail,Limit stock and avoid excessive local warehouse space
22873,NUMBER TILE COTTAGE GARDEN 5,60,145.5,26,3.127424242424242,11,12,1,0.08333333333333333,5.0,5.454545454545454,5.493798156268411,1.098759631253682,False,False,Long-Tail,Limit stock and avoid excessive local warehouse space
22874,NUMBER TILE COTTAGE GARDEN 6,65,150.81,21,3.0076666666666667,10,12,2,0.16666666666666666,5.416666666666667,6.5,4.9810245994781095,0.9195737722113433,False,False,Long-Tail,Limit stock and avoid excessive local warehouse space
22875,NUMBER TILE COTTAGE GARDEN 7,63,149.09,25,2.944545454545455,11,12,2,0.16666666666666666,5.083333333333333,5.7272727272727275,5.142661732699294,1.0116711605310087,False,False,Long-Tail,Limit stock and avoid excessive local warehouse space
22876,NUMBER TILE COTTAGE GARDEN 8,61,138.81,20,2.831296296296296,9,12,3,0.25,5.083333333333333,6.777777777777778,5.484827557301444,1.0789824702888087,False,False,Long-Tail,Limit stock and avoid excessive local warehouse space
22877,NUMBER TILE COTTAGE GARDEN 9,63,138.10999999999999,19,2.6585,10,12,2,0.16666666666666666,5.25,6.3,5.577959874688627,1.0624685475597384,False,False,Long-Tail,Limit stock and avoid excessive local warehouse space
22878,NUMBER TILE COTTAGE GARDEN NO,75,204.19,33,3.385666666666667,12,12,0,0.0,6.25,6.25,4.392659165636978,0.7028254665019165,False,False,Long-Tail,Limit stock and avoid excessive local warehouse space
22879,NUMBER TILE VINTAGE FONT 0,70,102.46,16,2.9383333333333335,10,12,2,0.16666666666666666,5.833333333333333,7.0,9.749902874419112,1.6714119213289906,False,False,Long-Tail,Limit stock and avoid excessive local warehouse space
22880,NUMBER TILE VINTAGE FONT 1,97,196.69,32,3.190361111111111,12,12,0,0.0,8.083333333333334,8.083333333333334,9.848473193466297,1.2183678177484079,False,False,Long-Tail,Limit stock and avoid excessive local warehouse space
22881,NUMBER TILE VINTAGE FONT 2,102,197.56,34,3.138153846153846,13,12,0,0.0,8.416666666666666,7.846153846153846,9.500797414699017,1.128807613627606,False,False,Regular,Maintain standard replenishment review
22882,NUMBER TILE VINTAGE FONT 3,107,211.75,41,3.1725384615384615,13,12,0,0.0,8.75,8.23076923076923,10.02836885132282,1.1460992972940367,False,False,Regular,Maintain standard replenishment review
22883,NUMBER TILE VINTAGE FONT 4,99,189.53,31,3.279277777777778,12,12,1,0.08333333333333333,8.083333333333334,8.25,9.6808933972902,1.1976362965719833,False,False,Long-Tail,Limit stock and avoid excessive local warehouse space
22884,NUMBER TILE VINTAGE FONT 5,99,194.05,36,3.0174583333333334,12,12,0,0.0,8.25,8.25,9.621235981836316,1.1662104220407656,False,False,Long-Tail,Limit stock and avoid excessive local warehouse space
22885,NUMBER TILE VINTAGE FONT 6,95,170.82999999999998,27,3.185416666666667,12,12,1,0.08333333333333333,7.583333333333333,7.916666666666667,9.811480597501658,1.293821617252966,False,False,Long-Tail,Limit stock and avoid excessive local warehouse space
22886,NUMBER TILE VINTAGE FONT 7,87,146.43,25,2.8640000000000003,12,12,1,0.08333333333333333,7.166666666666667,7.25,9.45643920427993,1.319503144783246,False,False,Long-Tail,Limit stock and avoid excessive local warehouse space
22887,NUMBER TILE VINTAGE FONT 8,78,126.78,23,3.0056944444444444,12,12,1,0.08333333333333333,6.416666666666667,6.5,9.690279415554288,1.5101734154110578,False,False,Long-Tail,Limit stock and avoid excessive local warehouse space
22888,NUMBER TILE VINTAGE FONT 9,76,124.97999999999999,21,3.1304166666666666,12,12,1,0.08333333333333333,6.25,6.333333333333333,9.37234810978066,1.4995756975649055,False,False,Long-Tail,Limit stock and avoid excessive local warehouse space
22889,NUMBER TILE VINTAGE FONT NO,169,263.8,33,3.569848484848485,11,12,2,0.16666666666666666,14.0,15.363636363636363,28.460498941515414,2.032892781536815,False,False,Regular,Maintain standard replenishment review
22890,NOVELTY BISCUITS CAKE STAND 3 TIER,375,3840.37,160,11.413797787770328,13,12,0,0.0,30.75,28.846153846153847,21.86788845441062,0.7111508440458738,False,False,High-Revenue Priority,Prioritize inventory monitoring and avoid stockouts
22891,TEA FOR ONE POLKADOT,404,2040.1799999999998,161,5.6038457682668215,13,12,0,0.0,32.5,31.076923076923077,22.224065580111372,0.6838174024649653,False,False,Regular,Maintain standard replenishment review
22892,SET OF SALT AND PEPPER TOADSTOOLS,2448,2991.6,197,1.2457395676219205,12,12,0,0.0,204.0,204.0,78.16416291137752,0.38315766133028195,False,False,High-Turnover Stable,Keep stable local warehouse inventory
22893,MINI CAKE STAND T-LIGHT HOLDER,1866,928.5,141,0.6290217859064012,13,12,0,0.0,153.25,143.53846153846155,115.94601016303783,0.7565808167245535,False,False,Regular,Maintain standard replenishment review
22894,TABLECLOTH RED APPLES DESIGN,305,3027.3799999999997,122,10.18524678425488,13,12,0,0.0,25.25,23.46153846153846,12.046312147858213,0.47708166922210743,False,False,Regular,Maintain standard replenishment review
22895,SET OF 2 TEA TOWELS APPLE AND PEARS,2052,6316.6,283,3.6559811951627372,13,12,0,0.0,168.83333333333334,157.84615384615384,85.05809066678366,0.5037991549858853,False,False,High-Revenue Priority,Prioritize inventory monitoring and avoid stockouts
22896,PEG BAG APPLES DESIGN,1566,3997.46,286,3.2554327012856423,13,12,0,0.0,128.83333333333334,120.46153846153847,64.09344503901859,0.49749116459781567,False,False,High-Revenue Priority,Prioritize inventory monitoring and avoid stockouts
22897,OVEN MITT APPLES DESIGN,1330,1984.1,209,1.7980604233808348,13,12,0,0.0,109.83333333333333,102.3076923076923,47.627023141629714,0.4336299527310748,False,False,Regular,Maintain standard replenishment review
22898,CHILDRENS APRON APPLES DESIGN,2414,5150.92,365,2.5403359364629625,13,12,0,0.0,194.41666666666666,185.69230769230768,91.22943936066146,0.46924700914185064,False,False,High-Revenue Priority,Prioritize inventory monitoring and avoid stockouts
22899,CHILDREN'S APRON DOLLY GIRL,2069,4326.43,313,2.412253454174817,13,12,0,0.0,163.91666666666666,159.15384615384616,70.05511899190306,0.42738252562421797,False,False,High-Revenue Priority,Prioritize inventory monitoring and avoid stockouts
22900,SET 2 TEA TOWELS I LOVE LONDON,4874,14831.18,528,3.727787158784518,13,12,0,0.0,394.5833333333333,374.9230769230769,241.63438133350192,0.6123785799370693,False,False,High-Revenue Priority,Prioritize inventory monitoring and avoid stockouts
22902,TOTE BAG I LOVE LONDON,1264,2582.88,134,2.697472842103915,13,12,0,0.0,103.91666666666667,97.23076923076923,52.33885803689321,0.5036618255354599,False,False,Regular,Maintain standard replenishment review
22903,CALENDAR FAMILY FAVOURITES,193,550.6,59,3.187135574229692,10,12,3,0.25,14.833333333333334,19.3,16.883737917315763,1.1382295225156693,False,False,Regular,Maintain standard replenishment review
22904,CALENDAR PAPER CUT DESIGN,1834,5467.26,271,3.3030265893745487,12,12,0,0.0,152.83333333333334,152.83333333333334,78.76066546343057,0.515336960502272,False,False,High-Revenue Priority,Prioritize inventory monitoring and avoid stockouts
22905,CALENDAR IN SEASON DESIGN,581,1502.29,110,2.9934153686603784,13,12,0,0.0,40.333333333333336,44.69230769230769,46.1978616847406,1.1454015293737339,False,False,Regular,Maintain standard replenishment review
22906,12 MESSAGE CARDS WITH ENVELOPES,1733,2947.87,251,2.0135441083134378,13,12,0,0.0,133.0,133.30769230769232,59.84069761382375,0.44993005724679513,False,False,Regular,Maintain standard replenishment review
22907,PACK OF 20 NAPKINS PANTRY DESIGN,6549,5649.599999999999,668,0.9995045333921322,13,12,0,0.0,530.75,503.7692307692308,191.06739648616139,0.35999509465126966,False,False,High-Revenue Priority,Prioritize inventory monitoring and avoid stockouts
22908,PACK OF 20 NAPKINS RED APPLES,4380,3569.58,375,0.9707456105184341,13,12,0,0.0,353.1666666666667,336.9230769230769,192.27009096265567,0.5444174354770807,False,False,High-Revenue Priority,Prioritize inventory monitoring and avoid stockouts
22909,SET OF 20 VINTAGE CHRISTMAS NAPKINS,8760,7882.539999999999,608,1.1888780241635502,12,12,1,0.08333333333333333,671.1666666666666,730.0,897.7780484298022,1.3376380160364574,False,False,High-Revenue Priority,Prioritize inventory monitoring and avoid stockouts
22910,PAPER CHAIN KIT VINTAGE CHRISTMAS,10308,32096.14,815,3.56966594729813,13,12,0,0.0,787.25,792.9230769230769,1167.5226394534554,1.4830392371590415,False,False,High-Revenue Priority,Prioritize inventory monitoring and avoid stockouts
22911,PAPER CHAIN KIT LONDON,463,1358.0900000000001,94,3.179956654456655,12,12,1,0.08333333333333333,37.833333333333336,38.583333333333336,28.916284601440676,0.7643070819764055,False,False,Regular,Maintain standard replenishment review
22912,YELLOW COAT RACK PARIS FASHION,287,1342.39,100,5.268844276094276,12,12,0,0.0,23.916666666666668,23.916666666666668,20.82593808138536,0.8707709302321405,False,False,Regular,Maintain standard replenishment review
22913,RED COAT RACK PARIS FASHION,352,1673.15,112,5.6755006105006105,13,12,0,0.0,28.916666666666668,27.076923076923077,35.640779333723216,1.2325341556330796,False,False,Regular,Maintain standard replenishment review
22914,BLUE COAT RACK PARIS FASHION,467,2261.21,154,5.632737810098134,13,12,0,0.0,38.25,35.92307692307692,34.120441753508196,0.892037692902175,False,False,Regular,Maintain standard replenishment review
22915,ASSORTED BOTTLE TOP  MAGNETS,3134,1398.8600000000001,182,1.1479952513113623,13,12,0,0.0,219.16666666666666,241.07692307692307,124.0306658073158,0.5659193877139884,False,False,High-Turnover Stable,Keep stable local warehouse inventory
22916,HERB MARKER THYME,1893,1306.41,237,0.8438076478779314,13,12,0,0.0,152.75,145.6153846153846,97.01932797128623,0.635151083281743,False,False,High-Turnover Stable,Keep stable local warehouse inventory
22917,HERB MARKER ROSEMARY,1925,1332.42,239,0.8485431459566074,13,12,0,0.0,155.83333333333334,148.07692307692307,96.00741764272301,0.616090380595014,False,False,High-Turnover Stable,Keep stable local warehouse inventory
22918,HERB MARKER PARSLEY,1857,1267.55,237,0.8416953257990082,13,12,0,0.0,149.75,142.84615384615384,92.27343259918514,0.6161831893100844,False,False,Regular,Maintain standard replenishment review
22919,HERB MARKER MINT,1741,1214.06,240,0.8294739908420546,13,12,0,0.0,141.08333333333334,133.92307692307693,102.06099631934312,0.7234093064572459,False,False,Regular,Maintain standard replenishment review
22920,HERB MARKER BASIL,1896,1312.29,240,0.8541466726677869,13,12,0,0.0,153.25,145.84615384615384,100.78250659893132,0.6576346270729613,False,False,High-Turnover Stable,Keep stable local warehouse inventory
22921,HERB MARKER CHIVES,1704,1173.07,208,0.8255835305719922,13,12,0,0.0,138.08333333333334,131.07692307692307,94.53566747129057,0.6846276461409093,False,False,Regular,Maintain standard replenishment review
22922,FRIDGE MAGNETS US DINER ASSORTED,1449,1321.2,99,1.6381676528599605,13,12,0,0.0,108.25,111.46153846153847,49.671877904358055,0.45886261343517837,False,False,Regular,Maintain standard replenishment review
22923,FRIDGE MAGNETS LES ENFANTS ASSORTED,1234,1039.27,78,0.9484807692307692,13,12,0,0.0,88.83333333333333,94.92307692307692,61.99828932146337,0.6979169529620642,False,False,Regular,Maintain standard replenishment review
22924,FRIDGE MAGNETS LA VIE EN ROSE,1169,1063.1,85,1.342521978021978,13,12,0,0.0,82.91666666666667,89.92307692307692,53.10616867667213,0.6404764061508196,False,False,Regular,Maintain standard replenishment review
22925,BLUE GIANT GARDEN THERMOMETER,444,2727.7200000000003,180,6.52275407925408,11,12,1,0.08333333333333333,37.0,40.36363636363637,31.316565468251348,0.8463936613040904,False,False,Regular,Maintain standard replenishment review
22926,IVORY GIANT GARDEN THERMOMETER,586,3609.25,193,6.288197515697516,6,12,6,0.5,48.833333333333336,97.66666666666667,56.02245220904875,1.1472174513798379,False,False,High-Revenue Priority,Prioritize inventory monitoring and avoid stockouts
22927,GREEN GIANT GARDEN THERMOMETER,426,2680.91,147,6.919432567432568,11,12,2,0.16666666666666666,35.416666666666664,38.72727272727273,23.872610145342616,0.6740501688096739,False,False,Regular,Maintain standard replenishment review
22928,YELLOW GIANT GARDEN THERMOMETER,288,1993.75,115,7.435056267806268,13,12,0,0.0,22.833333333333332,22.153846153846153,22.610670583651963,0.9902483467292831,False,False,Regular,Maintain standard replenishment review
22929,SCHOOL DESK AND CHAIR,16,1004.75,11,63.65714285714286,7,12,5,0.4166666666666667,1.3333333333333333,2.2857142857142856,1.4354811251305468,1.0766108438479103,False,False,Long-Tail,Limit stock and avoid excessive local warehouse space
22930,BAKING MOULD HEART MILK CHOCOLATE,1012,2645.2,188,3.068528626344416,13,12,0,0.0,83.0,77.84615384615384,60.303776453431624,0.7265515235353208,False,False,Regular,Maintain standard replenishment review
22931,BAKING MOULD HEART WHITE CHOCOLATE,813,1963.3,129,2.8699871794871794,13,12,0,0.0,66.5,62.53846153846154,95.0420959364849,1.4292044501727053,False,False,Regular,Maintain standard replenishment review
22932,BAKING MOULD TOFFEE CUP CHOCOLATE,788,1799.2800000000002,71,2.7252008547008546,13,12,0,0.0,64.33333333333333,60.61538461538461,70.37604620030795,1.0939281792793982,False,False,Regular,Maintain standard replenishment review
22933,BAKING MOULD EASTER EGG MILK CHOC,784,2248.1200000000003,120,3.5770017257302813,11,12,2,0.16666666666666666,65.16666666666667,71.27272727272727,99.7695830249365,1.530991043860918,False,False,Regular,Maintain standard replenishment review
22934,BAKING MOULD EASTER EGG WHITE CHOC,589,1707.47,78,3.3211555555555554,10,12,2,0.16666666666666666,49.083333333333336,58.9,78.42826291741024,1.5978593463648945,False,False,Regular,Maintain standard replenishment review
22935,BAKING MOULD ROSE MILK CHOCOLATE,618,1868.82,64,3.7168803418803416,13,12,0,0.0,51.0,47.53846153846154,41.47726650062219,0.8132797353063175,False,False,Regular,Maintain standard replenishment review
22936,BAKING MOULD ROSE WHITE CHOCOLATE,207,697.97,49,4.4286630036630035,13,12,0,0.0,16.75,15.923076923076923,23.637893307145628,1.4112175108743659,False,False,Regular,Maintain standard replenishment review
22937,BAKING MOULD CHOCOLATE CUPCAKES,966,2547.94,159,2.9724847956996565,13,12,0,0.0,79.33333333333333,74.3076923076923,74.08758126008499,0.9338770747069537,False,False,Regular,Maintain standard replenishment review
22938,CUPCAKE LACE PAPER SET 6,2331,4418.429999999999,184,2.093777482712089,13,12,0,0.0,193.91666666666666,179.30769230769232,104.97398667664231,0.5413355565619715,False,False,High-Revenue Priority,Prioritize inventory monitoring and avoid stockouts
22939,APRON APPLE DELIGHT,457,2333.27,124,6.034375618533513,13,12,0,0.0,33.916666666666664,35.15384615384615,21.012802735186916,0.6195420953863465,False,False,Regular,Maintain standard replenishment review
22940,FELTCRAFT CHRISTMAS FAIRY,1899,7822.25,319,4.788052517887106,13,12,0,0.0,151.5,146.07692307692307,178.53978420916314,1.178480423822859,False,False,High-Revenue Priority,Prioritize inventory monitoring and avoid stockouts
22941,CHRISTMAS LIGHTS 10 REINDEER,1656,13676.92,309,10.27968714062723,10,12,3,0.25,123.0,165.6,215.476216785055,1.7518391608541055,False,False,High-Revenue Priority,Prioritize inventory monitoring and avoid stockouts
22942,CHRISTMAS LIGHTS 10 SANTAS,591,4316.04,149,8.263749517736578,6,12,7,0.5833333333333334,37.833333333333336,98.5,60.425511369308445,1.597150080246038,False,False,High-Revenue Priority,Prioritize inventory monitoring and avoid stockouts
22943,CHRISTMAS LIGHTS 10 VINTAGE BAUBLES,1346,6710.92,207,7.637701089450132,13,12,0,0.0,110.58333333333333,103.53846153846153,176.47943909771027,1.5958954552920297,False,False,High-Revenue Priority,Prioritize inventory monitoring and avoid stockouts
22944,CHRISTMAS METAL POSTCARD WITH BELLS,3363,1838.96,110,3.585241479020549,9,12,4,0.3333333333333333,269.75,373.6666666666667,538.312029318583,1.9955960308381204,False,False,High-Turnover Volatile,Monitor closely and replenish in smaller batches
22945,CHRISTMAS METAL TAGS ASSORTED,2841,2900.14,170,2.725976369644848,12,12,1,0.08333333333333333,233.25,236.75,283.0593015285281,1.2135447010869373,False,False,High-Turnover Volatile,Monitor closely and replenish in smaller batches
22946,WOODEN ADVENT CALENDAR CREAM,453,7030.219999999999,137,20.080734316134315,11,12,2,0.16666666666666666,37.166666666666664,41.18181818181818,44.65795935030321,1.201559444402777,False,False,High-Revenue Priority,Prioritize inventory monitoring and avoid stockouts
22947,WOODEN ADVENT CALENDAR RED,744,8680.34,136,16.21302744039586,6,12,6,0.5,62.0,124.0,148.30619431678258,2.3920353922061706,False,False,High-Revenue Priority,Prioritize inventory monitoring and avoid stockouts
22948,METAL DECORATION NAUGHTY CHILDREN,1593,1598.1899999999998,135,1.5409864342247945,13,12,0,0.0,125.83333333333333,122.53846153846153,64.65409124836196,0.5138073476691017,False,False,Regular,Maintain standard replenishment review
22949,36 DOILIES DOLLY GIRL,944,1400.1499999999999,104,1.834025147928994,13,12,0,0.0,78.58333333333333,72.61538461538461,61.36249718358975,0.7808589249237297,False,False,Regular,Maintain standard replenishment review
22950,36 DOILIES VINTAGE CHRISTMAS,4885,6719.349999999999,182,1.7910422555628036,6,6,0,0.0,814.1666666666666,814.1666666666666,866.0291950429076,1.063700137207256,False,False,High-Revenue Priority,Prioritize inventory monitoring and avoid stockouts
22951,60 CAKE CASES DOLLY GIRL DESIGN,7361,3924.2000000000003,432,0.6771035721250789,13,12,0,0.0,601.5,566.2307692307693,230.21156277729327,0.38272911517421987,False,False,High-Revenue Priority,Prioritize inventory monitoring and avoid stockouts
22952,60 CAKE CASES VINTAGE CHRISTMAS,15792,9398.07,617,0.8766494512164396,13,12,0,0.0,1253.5,1214.7692307692307,1699.2806766928818,1.3556287807681546,False,False,High-Revenue Priority,Prioritize inventory monitoring and avoid stockouts
22953,BIRTHDAY PARTY CORDON BARRIER TAPE,502,647.11,98,1.3261338020953406,13,12,0,0.0,41.75,38.61538461538461,35.1752107960344,0.8425200190666922,False,False,Regular,Maintain standard replenishment review
22954,HEN PARTY CORDON BARRIER TAPE,197,241.38,40,1.488888888888889,12,12,0,0.0,16.416666666666668,16.416666666666668,11.500658742661289,0.7005477406697231,False,False,Regular,Maintain standard replenishment review
22955,36 FOIL STAR CAKE CASES,1040,2053.3500000000004,134,2.244157941204095,13,12,0,0.0,81.66666666666667,80.0,75.17655985422019,0.92052930433739,False,False,Regular,Maintain standard replenishment review
22956,36 FOIL HEART CAKE CASES,1900,3704.3900000000003,196,2.169505293495678,13,12,0,0.0,149.58333333333334,146.15384615384616,78.56839329044742,0.5252483116910134,False,False,High-Revenue Priority,Prioritize inventory monitoring and avoid stockouts
22957,SET 3 PAPER VINTAGE CHICK PAPER EGG,1775,5014.650000000001,214,3.049100804424334,6,11,5,0.45454545454545453,161.36363636363637,295.8333333333333,234.77745748996975,1.4549588914871363,False,False,High-Revenue Priority,Prioritize inventory monitoring and avoid stockouts
22959,WRAP CHRISTMAS VILLAGE,4601,1888.42,139,0.414808658008658,7,12,6,0.5,366.6666666666667,657.2857142857143,563.7066182999376,1.5373816862725571,False,False,High-Turnover Volatile,Monitor closely and replenish in smaller batches
22960,JAM MAKING SET WITH JARS,8614,36755.88,1120,5.107753965530691,13,12,0,0.0,696.5,662.6153846153846,202.66026205988635,0.2909695076236703,False,False,High-Revenue Priority,Prioritize inventory monitoring and avoid stockouts
22961,JAM MAKING SET PRINTED,16173,25352.829999999998,1156,1.9020224427858081,13,12,0,0.0,1263.0833333333333,1244.076923076923,447.4226105420271,0.35423047611693115,False,False,High-Revenue Priority,Prioritize inventory monitoring and avoid stockouts
22962,JAM JAR WITH PINK LID,3896,3288.11,342,1.0704241486594428,13,12,0,0.0,320.5,299.6923076923077,179.84412442698562,0.5611361136567414,False,False,High-Revenue Priority,Prioritize inventory monitoring and avoid stockouts
22963,JAM JAR WITH GREEN LID,3272,2762.69,305,1.0940344355263472,13,12,0,0.0,269.5,251.69230769230768,135.91809030709368,0.5043342868537799,False,False,High-Turnover Stable,Keep stable local warehouse inventory
22964,3 PIECE SPACEBOY COOKIE CUTTER SET,2617,5457.990000000001,376,2.5338213703696844,13,12,0,0.0,209.58333333333334,201.30769230769232,127.63189850171278,0.6089792373839178,False,False,High-Revenue Priority,Prioritize inventory monitoring and avoid stockouts
22965,3 TRADITIONAL BISCUIT CUTTERS  SET,1359,2885.4100000000003,235,2.3681803085831725,13,12,0,0.0,110.91666666666667,104.53846153846153,53.50863708247709,0.48242197219363264,False,False,Regular,Maintain standard replenishment review
22966,GINGERBREAD MAN COOKIE CUTTER,7435,9195.9,669,1.51952950212365,13,12,0,0.0,597.1666666666666,571.9230769230769,298.26218890991413,0.4994622197765797,False,False,High-Revenue Priority,Prioritize inventory monitoring and avoid stockouts
22967,SET 3 SONG BIRD PAPER EGGS ASSORTED,1165,3253.71,137,2.9822703222703226,7,11,5,0.45454545454545453,105.36363636363636,166.42857142857142,154.90724497406356,1.4702154397883513,False,False,High-Revenue Priority,Prioritize inventory monitoring and avoid stockouts
22968,ROSE COTTAGE KEEPSAKE BOX,789,7802.23,186,12.109145745920745,13,12,0,0.0,65.58333333333333,60.69230769230769,63.94807315788382,0.9750659185446072,False,False,High-Revenue Priority,Prioritize inventory monitoring and avoid stockouts
22969,HOMEMADE JAM SCENTED CANDLES,12472,18701.55,643,1.8116987854172488,13,12,0,0.0,1020.1666666666666,959.3846153846154,478.91996547787954,0.4694526699668808,False,False,High-Revenue Priority,Prioritize inventory monitoring and avoid stockouts
22970,LONDON BUS COFFEE MUG,4334,10140.6,317,2.77384813789152,13,12,0,0.0,354.0,333.38461538461536,214.74382200871133,0.6066209661263032,False,False,High-Revenue Priority,Prioritize inventory monitoring and avoid stockouts
22971,QUEENS GUARD COFFEE MUG,2431,5849.29,272,2.818644206520725,13,12,0,0.0,199.41666666666666,187.0,93.11816377185723,0.4669527644221842,False,False,High-Revenue Priority,Prioritize inventory monitoring and avoid stockouts
22972,CHILDREN'S SPACEBOY MUG,1783,3047.8399999999997,228,1.9518454589255338,13,12,0,0.0,145.0,137.15384615384616,72.48197268035938,0.4998756736576509,False,False,Regular,Maintain standard replenishment review
22973,CHILDREN'S CIRCUS PARADE MUG,1236,2104.66,142,1.9656632256632256,13,12,0,0.0,97.08333333333333,95.07692307692308,49.349326850586934,0.5083192465296509,False,False,Regular,Maintain standard replenishment review
22974,CHILDRENS DOLLY GIRL MUG,1586,2709.89,203,2.0157954608797004,13,12,0,0.0,129.41666666666666,122.0,93.98303360745815,0.7262050246551822,False,False,Regular,Maintain standard replenishment review
22975,SPACEBOY CHILDRENS EGG CUP,1204,1624.63,186,1.5256174239912927,13,12,0,0.0,98.66666666666667,92.61538461538461,51.06917471489632,0.5175929869753005,False,False,Regular,Maintain standard replenishment review
22976,CIRCUS PARADE CHILDRENS EGG CUP,1054,1374.01,142,1.4926569704805,13,12,0,0.0,85.58333333333333,81.07692307692308,49.75843159858954,0.5814032903437921,False,False,Regular,Maintain standard replenishment review
22977,DOLLY GIRL CHILDRENS EGG CUP,950,1252.61,135,1.48242232553771,13,12,0,0.0,78.66666666666667,73.07692307692308,63.04736074547211,0.801449501001764,False,False,Regular,Maintain standard replenishment review
22978,PANTRY ROLLING PIN,2410,9371.119999999999,232,4.477771387386969,11,10,0,0.0,239.9,219.0909090909091,239.13243657484492,0.9968004859309917,False,False,High-Revenue Priority,Prioritize inventory monitoring and avoid stockouts
22979,PANTRY WASHING UP BRUSH,4006,6284.419999999999,379,1.8789448082760476,10,9,0,0.0,438.44444444444446,400.6,252.77218553032645,0.5765204434295332,False,False,High-Revenue Priority,Prioritize inventory monitoring and avoid stockouts
22980,PANTRY SCRUBBING BRUSH,2291,3800.81,288,1.9852152493476716,11,10,0,0.0,227.8,208.27272727272728,186.8456284982041,0.8202178599569977,False,False,High-Revenue Priority,Prioritize inventory monitoring and avoid stockouts
22981,PANTRY APPLE CORER,470,702.68,104,1.8626378787878786,10,9,0,0.0,51.111111111111114,47.0,54.542287365961386,1.0671317093340271,False,False,Regular,Maintain standard replenishment review
22982,PANTRY PASTRY BRUSH,1130,1513.77,210,1.683433569120507,10,9,0,0.0,121.77777777777777,113.0,92.35363795998751,0.7583784139050069,False,False,Regular,Maintain standard replenishment review
22983,CARD BILLBOARD FONT,5157,2207.96,441,0.5284358361857125,13,12,0,0.0,421.25,396.6923076923077,139.03637522736142,0.3300566770975939,False,False,High-Turnover Stable,Keep stable local warehouse inventory
22984,CARD GINGHAM ROSE,2693,1096.09,163,0.488609488550665,13,12,0,0.0,221.33333333333334,207.15384615384616,123.33644549717974,0.5572429766438843,False,False,High-Turnover Stable,Keep stable local warehouse inventory
22985,WRAP BILLBOARD FONTS DESIGN,3782,1500.44,99,0.4187692307692308,13,12,0,0.0,311.0,290.9230769230769,336.5074631078377,1.0820175662631437,False,False,High-Turnover Volatile,Monitor closely and replenish in smaller batches
22986,WRAP GINGHAM ROSE,4080,1701.6,154,0.41948717948717945,13,12,0,0.0,331.6666666666667,313.84615384615387,87.78002810054991,0.26466340130819066,False,False,High-Turnover Stable,Keep stable local warehouse inventory
22987,WRAP SUMMER ROSE DESIGN,102,42.84,5,0.42000000000000004,5,7,2,0.2857142857142857,14.571428571428571,20.4,13.023787760058424,0.8937893560824408,False,False,Regular,Maintain standard replenishment review
22988,SOLDIERS EGG CUP,9001,10768.31,415,1.4566747085895322,12,12,1,0.08333333333333333,714.0,750.0833333333334,368.5196429944099,0.5161339537736833,False,False,High-Revenue Priority,Prioritize inventory monitoring and avoid stockouts
22989,SET 2 PANTRY DESIGN TEA TOWELS,2787,8921.27,368,3.7810855708203848,11,10,0,0.0,274.2,253.36363636363637,165.3318548320989,0.602960812662651,False,False,High-Revenue Priority,Prioritize inventory monitoring and avoid stockouts
22990,COTTON APRON PANTRY DESIGN,517,2413.23,158,5.3528459419368515,11,10,0,0.0,40.8,47.0,21.19119313928941,0.5193919887080738,False,False,Regular,Maintain standard replenishment review
22991,GIRAFFE WOODEN RULER,3581,7094.589999999999,271,2.1767217169625,11,10,0,0.0,350.0,325.54545454545456,243.6632466700257,0.696180704771502,False,False,High-Revenue Priority,Prioritize inventory monitoring and avoid stockouts
22992,REVOLVER WOODEN RULER,4927,9860.09,344,2.19541332478655,11,10,0,0.0,482.7,447.90909090909093,326.3093453900591,0.6760085879222273,False,False,High-Revenue Priority,Prioritize inventory monitoring and avoid stockouts
22993,SET OF 4 PANTRY JELLY MOULDS,12589,16403.48,1068,1.507386259417473,11,10,0,0.0,1209.9,1144.4545454545455,318.83205261983585,0.2635193426066913,False,False,High-Revenue Priority,Prioritize inventory monitoring and avoid stockouts
22994,TRAVEL CARD WALLET RETROSPOT,2170,946.86,217,0.5300034732579795,11,10,0,0.0,204.8,197.27272727272728,94.82943752982099,0.463034362938579,False,False,High-Turnover Stable,Keep stable local warehouse inventory
22995,TRAVEL CARD WALLET SUKI,2333,1038.48,264,0.5410278302307714,11,10,0,0.0,226.5,212.0909090909091,67.2082170902074,0.2967250202658163,False,False,High-Turnover Stable,Keep stable local warehouse inventory
22996,TRAVEL CARD WALLET VINTAGE TICKET,4797,2093.25,407,0.5295713967626435,11,10,0,0.0,464.1,436.09090909090907,184.84254560751612,0.3982817186113254,False,False,High-Turnover Stable,Keep stable local warehouse inventory
22997,TRAVEL CARD WALLET UNION JACK,2497,1074.77,220,0.4952679855633416,11,10,0,0.0,238.6,227.0,67.01276826927173,0.2808582073313987,False,False,High-Turnover Stable,Keep stable local warehouse inventory
22998,TRAVEL CARD WALLET KEEP CALM,12269,5222.08,529,0.5018814378244238,11,10,0,0.0,1195.9,1115.3636363636363,477.8761927063908,0.39959544502583055,False,False,High-Revenue Priority,Prioritize inventory monitoring and avoid stockouts
22999,TRAVEL CARD WALLET VINTAGE LEAF,2894,1252.5900000000001,222,0.48885506818609586,11,10,0,0.0,279.3,263.09090909090907,136.981791166239,0.4904467997359076,False,False,High-Turnover Stable,Keep stable local warehouse inventory
23000,TRAVEL CARD WALLET TRANSPORT,3145,1358.1999999999998,277,0.5267164924483002,11,10,0,0.0,304.4,285.90909090909093,89.61547485414187,0.29440037731321245,False,False,High-Turnover Stable,Keep stable local warehouse inventory
23002,TRAVEL CARD WALLET SKULLS,2047,884.13,189,0.523087294889019,11,10,0,0.0,196.3,186.0909090909091,89.70946933790707,0.45700188149723414,False,False,High-Turnover Stable,Keep stable local warehouse inventory
23003,TRAVEL CARD WALLET VINTAGE ROSE,542,226.20000000000002,53,0.4185,5,10,5,0.5,54.2,108.4,77.39910995755844,1.428027858995543,False,False,Regular,Maintain standard replenishment review
23004,TRAVEL CARD WALLET PANTRY,1978,893.0799999999999,220,0.606060949326062,11,10,0,0.0,186.4,179.8181818181818,54.43691557920762,0.2920435385150623,False,False,High-Turnover Stable,Keep stable local warehouse inventory
23005,TRAVEL CARD WALLET I LOVE LONDON,4733,2126.55,241,0.5096667343073593,8,10,3,0.3,456.3,591.625,471.4101893963119,1.0331145943377424,False,False,High-Turnover Volatile,Monitor closely and replenish in smaller batches
23006,TRAVEL CARD WALLET FLOWER MEADOW,1686,732.51,170,0.5242725092791937,11,10,0,0.0,168.0,153.27272727272728,50.25711668786599,0.2991495040944404,False,False,Regular,Maintain standard replenishment review
23007,SPACEBOY BABY GIFT SET,495,7690.899999999999,182,16.01194421968013,10,9,0,0.0,53.44444444444444,49.5,37.43364499721845,0.7004216319645864,False,False,High-Revenue Priority,Prioritize inventory monitoring and avoid stockouts
23008,DOLLY GIRL BABY GIFT SET,427,6617.91,130,15.948950840387681,10,9,0,0.0,46.77777777777778,42.7,33.81855177922976,0.7229619145203511,False,False,High-Revenue Priority,Prioritize inventory monitoring and avoid stockouts
23009,I LOVE LONDON BABY GIFT SET,263,4082.5199999999995,103,16.537487729782292,10,9,0,0.0,28.333333333333332,26.3,16.023420358962067,0.5655324832574847,False,False,High-Revenue Priority,Prioritize inventory monitoring and avoid stockouts
23010,CIRCUS PARADE BABY GIFT SET,313,4845.7,110,16.368682806615467,10,9,0,0.0,34.0,31.3,30.95157508108432,0.9103404435613036,False,False,High-Revenue Priority,Prioritize inventory monitoring and avoid stockouts
23012,GLASS APOTHECARY BOTTLE PERFUME,1067,4181.31,245,4.689416306291972,7,6,0,0.0,165.83333333333334,152.42857142857142,72.38346956775882,0.43648323357442503,False,False,High-Revenue Priority,Prioritize inventory monitoring and avoid stockouts
23013,GLASS APOTHECARY BOTTLE TONIC,920,3658.36,222,4.698558753971725,7,6,0,0.0,141.0,131.42857142857142,62.32816377850386,0.4420437147411621,False,False,High-Revenue Priority,Prioritize inventory monitoring and avoid stockouts
23014,GLASS APOTHECARY BOTTLE ELIXIR,848,3387.9800000000005,207,5.041831226859178,7,6,0,0.0,136.16666666666666,121.14285714285714,50.74807057087655,0.37269084874572744,False,False,High-Revenue Priority,Prioritize inventory monitoring and avoid stockouts
23015,CORDIAL GLASS JUG,34,288.88,16,8.715555555555556,6,6,0,0.0,5.666666666666667,5.666666666666667,5.465040408511785,0.9644188956197268,False,False,Long-Tail,Limit stock and avoid excessive local warehouse space
23016,GLASS TWIST BON BON JAR,74,575.25,24,8.240462585034013,7,6,0,0.0,11.5,10.571428571428571,7.556454194925025,0.6570829734717413,False,False,Long-Tail,Limit stock and avoid excessive local warehouse space
23017,APOTHECARY MEASURING JAR,67,826.28,22,13.947091836734696,7,6,0,0.0,10.666666666666666,9.571428571428571,3.8815804341359033,0.36389816570024097,False,False,Long-Tail,Limit stock and avoid excessive local warehouse space
23018,LARGE APOTHECARY MEASURING JAR,51,612.1600000000001,21,12.714440476190477,6,6,0,0.0,8.5,8.5,5.753259945457011,0.6768541112302366,False,False,Long-Tail,Limit stock and avoid excessive local warehouse space
23019,SMALL APOTHECARY MEASURING JAR,81,629.0500000000001,28,8.086190476190476,7,6,0,0.0,13.166666666666666,11.571428571428571,4.708148963941845,0.35758093397026675,False,False,Long-Tail,Limit stock and avoid excessive local warehouse space
23020,GLASS  SONGBIRD STORAGE JAR,176,2141.84,72,12.941230158730159,7,6,0,0.0,28.666666666666668,25.142857142857142,10.726913193769523,0.37419464629428567,False,False,Regular,Maintain standard replenishment review
23021,GLASS BONNE JAM JAR,120,500.82,27,4.631428571428572,7,6,0,0.0,19.333333333333332,17.142857142857142,13.366625103842281,0.6913771605435663,False,False,Regular,Maintain standard replenishment review
23022,SMALL BONNE JAM JAR  T-LIGHT HOLDER,392,745.76,20,2.006119047619048,7,6,0,0.0,59.166666666666664,56.0,38.52488373333094,0.6511247954929172,False,False,Regular,Maintain standard replenishment review
23023,RIDGED BONNE JAM JAR T-LIGHT HOLDER,274,437.82,25,1.7333333333333332,7,6,0,0.0,44.666666666666664,39.142857142857146,25.216396781988234,0.5645461966116769,False,False,Regular,Maintain standard replenishment review
23024,LARGE BONNE JAM JAR  T-LIGHT HOLDER,255,667.8500000000001,11,2.888611111111111,6,6,0,0.0,42.5,42.5,41.788754468158054,0.9832648110154836,False,False,Regular,Maintain standard replenishment review
23025,DRAWER KNOB VINTAGE GLASS BALL,344,748.32,53,2.180408163265306,7,6,0,0.0,55.333333333333336,49.142857142857146,35.948110752397916,0.6496646521517695,False,False,Regular,Maintain standard replenishment review
23026,DRAWER KNOB VINTAGE GLASS STAR,544,1174.0,61,2.2928962703962705,7,6,0,0.0,89.66666666666667,77.71428571428571,32.29654264262147,0.3601844904381576,False,False,Regular,Maintain standard replenishment review
23027,DRAWER KNOB VINTAGE GLASS HEXAGON,295,627.95,30,2.180408163265306,7,6,0,0.0,44.166666666666664,42.142857142857146,34.236919643371344,0.7751755390952003,False,False,Regular,Maintain standard replenishment review
23028,DRAWER KNOB CRACKLE GLAZE BLUE,1369,2377.1299999999997,137,1.8545043257543259,6,6,0,0.0,228.16666666666666,228.16666666666666,165.00595948833686,0.7231817070343471,False,False,Regular,Maintain standard replenishment review
23029,DRAWER KNOB CRACKLE GLAZE GREEN,1346,2294.0199999999995,155,1.8133087930132263,7,6,0,0.0,215.0,192.28571428571428,69.89706717738592,0.32510263803435313,False,False,Regular,Maintain standard replenishment review
23031,DRAWER KNOB CRACKLE GLAZE PINK,1278,2152.2999999999997,155,1.8163736805066855,7,6,0,0.0,204.66666666666666,182.57142857142858,81.43136168987148,0.39787310271924176,False,False,Regular,Maintain standard replenishment review
23032,DRAWER KNOB CRACKLE GLAZE IVORY,2315,3832.2299999999996,196,1.7747874970194129,6,6,0,0.0,385.8333333333333,385.8333333333333,175.26598833392254,0.45425310151340614,False,False,High-Revenue Priority,Prioritize inventory monitoring and avoid stockouts
23033,DRAWER KNOB CERAMIC RED,714,1058.8999999999999,74,1.7435974389755902,7,6,0,0.0,118.83333333333333,102.0,70.47954786082745,0.5930957744249155,False,False,Regular,Maintain standard replenishment review
23034,DRAWER KNOB CERAMIC BLACK,973,1439.97,87,1.6658843537414967,7,6,0,0.0,160.33333333333334,139.0,74.51353344639259,0.4647413728465234,False,False,Regular,Maintain standard replenishment review
23035,DRAWER KNOB CERAMIC IVORY,2185,3191.29,190,1.6573048810785767,7,6,0,0.0,344.8333333333333,312.14285714285717,88.72523128550675,0.2572988824132627,False,False,High-Revenue Priority,Prioritize inventory monitoring and avoid stockouts
23036,T-LIGHT HOLDER SILVER PETIT FOUR,184,232.42000000000002,16,1.2845714285714287,7,6,0,0.0,28.666666666666668,26.285714285714285,21.463146709340332,0.7487144200932674,False,False,Regular,Maintain standard replenishment review
23037,CANDLE HOLDER SILVER MADELINE,196,325.15999999999997,20,1.8504761904761904,7,6,0,0.0,28.5,28.0,15.043270920913443,0.5278340674004717,False,False,Regular,Maintain standard replenishment review
23038,T-LIGHT HOLDER SILVER SAUCER,44,42.92,8,1.31,5,5,1,0.2,8.2,8.8,9.959919678390985,1.214624351023291,False,False,Long-Tail,Limit stock and avoid excessive local warehouse space
23039,T-LIGHT HOLDER SILVER HEART HANDLE,193,388.01,27,2.3566666666666665,7,6,0,0.0,30.166666666666668,27.571428571428573,27.556608402825386,0.9134787315853719,False,False,Regular,Maintain standard replenishment review
23040,PAPER LANTERN 9 POINT SNOW STAR,253,1394.03,41,6.016555555555556,9,8,0,0.0,28.875,28.11111111111111,45.42635327019517,1.573207039660439,False,False,Regular,Maintain standard replenishment review
23041,PAPER LANTERN 9 POINT SNOW STAR,248,1078.88,53,4.485964285714285,9,8,0,0.0,28.625,27.555555555555557,25.878493552976156,0.9040521765231845,False,False,Regular,Maintain standard replenishment review
23042,PAPER LANTERN 7 POINT SNOW STAR,93,645.01,27,7.48,9,8,0,0.0,10.875,10.333333333333334,10.960155108391488,1.0078303547946197,False,False,Long-Tail,Limit stock and avoid excessive local warehouse space
23043,PAPER LANTERN 9 POINT HOLLY STAR L,81,543.51,23,7.6645,6,7,2,0.2857142857142857,11.0,13.5,12.138094304022083,1.1034631185474622,False,False,Long-Tail,Limit stock and avoid excessive local warehouse space
23044,PAPER LANTERN 9 POINT HOLLY STAR S,101,423.29,25,4.279375,8,7,0,0.0,14.285714285714286,12.625,8.077010290825141,0.5653907203577598,False,False,Regular,Maintain standard replenishment review
23045,PAPER LANTERN 5 POINT STAR MOON,118,497.9800000000001,25,4.815357142857144,7,7,1,0.14285714285714285,16.714285714285715,16.857142857142858,19.525319337672695,1.1681814988351185,False,False,Regular,Maintain standard replenishment review
23046,PAPER LANTERN 9 POINT DELUXE STAR,349,2111.49,36,6.823642857142858,7,7,1,0.14285714285714285,49.42857142857143,49.857142857142854,95.11546867335713,1.9243013893453753,False,False,Regular,Maintain standard replenishment review
23047,PAPER LANTERN 5 POINT SEQUIN STAR,58,333.5,25,5.75,7,7,0,0.0,8.285714285714286,8.285714285714286,3.6839419880650364,0.44461368821474573,False,False,Long-Tail,Limit stock and avoid excessive local warehouse space
23048,SET OF 10 LANTERNS FAIRY LIGHT STAR,545,2235.57,95,4.822349206349206,9,8,0,0.0,67.25,60.55555555555556,84.47273440076897,1.2561001397883862,False,False,Regular,Maintain standard replenishment review
23049,RECYCLED ACAPULCO MAT RED,453,3872.09,184,9.041142024642024,10,9,0,0.0,49.888888888888886,45.3,29.708771619020382,0.5954987629647739,False,False,High-Revenue Priority,Prioritize inventory monitoring and avoid stockouts
23050,RECYCLED ACAPULCO MAT GREEN,496,4278.3,204,9.323202770212072,10,9,0,0.0,54.111111111111114,49.6,32.547828055203794,0.6014999024575649,False,False,High-Revenue Priority,Prioritize inventory monitoring and avoid stockouts
23051,RECYCLED ACAPULCO MAT BLUE,364,3215.24,161,9.799211489891581,10,9,0,0.0,40.0,36.4,24.627220712049503,0.6156805178012376,False,False,High-Revenue Priority,Prioritize inventory monitoring and avoid stockouts
23052,RECYCLED ACAPULCO MAT TURQUOISE,653,5941.09,277,10.160282943349028,10,9,0,0.0,71.44444444444444,65.3,44.24113219366993,0.6192382422131094,False,False,High-Revenue Priority,Prioritize inventory monitoring and avoid stockouts
23053,RECYCLED ACAPULCO MAT PINK,363,3246.0699999999997,163,9.955117923455855,10,9,0,0.0,39.55555555555556,36.3,29.449580264882858,0.7445118606290609,False,False,High-Revenue Priority,Prioritize inventory monitoring and avoid stockouts
23054,RECYCLED ACAPULCO MAT LAVENDER,294,2596.68,129,10.461449013949013,10,9,0,0.0,32.22222222222222,29.4,20.191444833008966,0.6266310465416576,False,False,Regular,Maintain standard replenishment review
23055,IVORY CHANDELIER T-LIGHT HOLDER,321,800.46,34,6.081666666666667,8,8,0,0.0,40.125,40.125,56.22261238022602,1.4011866013763494,False,False,Regular,Maintain standard replenishment review
23056,FLOWERS CHANDELIER T-LIGHT HOLDER,483,1153.8,35,6.599166666666667,8,8,0,0.0,60.375,60.375,101.2351400030077,1.6767725052258005,False,False,Regular,Maintain standard replenishment review
23057,BEADED CHANDELIER T-LIGHT HOLDER,437,1233.47,41,4.844017857142857,8,8,0,0.0,54.625,54.625,48.28468405494349,0.8839301428822607,False,False,Regular,Maintain standard replenishment review
23058,CHRISTMAS HANGING SNOWFLAKE,490,430.86,48,1.354970238095238,4,3,0,0.0,142.0,122.5,148.15869869838895,1.0433711175942884,False,False,Regular,Maintain standard replenishment review
23060,HEART BEADED TRELLIS DECORATION,249,528.17,42,2.285,9,8,0,0.0,28.375,27.666666666666668,20.975751306142595,0.7392335262076686,False,False,Regular,Maintain standard replenishment review
23061,VINTAGE EMBOSSED HEART,1015,1332.68,117,1.5436678876678878,9,8,0,0.0,123.625,112.77777777777777,54.51850930778332,0.44099906416811585,False,False,Regular,Maintain standard replenishment review
23064,CINDERELLA CHANDELIER,158,2283.51,14,45.53041666666667,8,8,0,0.0,19.75,19.75,34.97652273821889,1.770963176618678,False,False,Regular,Maintain standard replenishment review
23065,LARGE DECO JEWELLERY STAND,272,3414.94,98,13.183938561438563,7,8,1,0.125,34.0,38.857142857142854,26.80085286489432,0.7882603783792447,False,False,High-Revenue Priority,Prioritize inventory monitoring and avoid stockouts
23066,SMALL DECO JEWELLERY STAND,259,2137.81,85,9.142962936898897,7,8,1,0.125,32.375,37.0,27.963943621333936,0.863751154326917,False,False,Regular,Maintain standard replenishment review
23067,HANGING ENGRAVED METAL HEART,294,1236.66,78,4.324595141700405,9,8,0,0.0,36.375,32.666666666666664,24.136146573729857,0.6635366755664566,False,False,Regular,Maintain standard replenishment review
23068,ALUMINIUM STAMPED HEART,809,1966.93,136,2.5838458300958305,9,8,0,0.0,99.0,89.88888888888889,45.84134129177038,0.46304385143202403,False,False,Regular,Maintain standard replenishment review
23069,EDWARDIAN PHOTO FRAME,88,556.21,32,6.364999999999999,9,8,0,0.0,10.75,9.777777777777779,5.849297882163782,0.5441207332245379,False,False,Long-Tail,Limit stock and avoid excessive local warehouse space
23070,EDWARDIAN HEART PHOTO FRAME,160,709.54,44,5.055625,8,7,0,0.0,22.285714285714285,20.0,9.759000729485331,0.4379038788871623,False,False,Regular,Maintain standard replenishment review
23071,MARIE ANTOINETTE TRINKET BOX GOLD,243,821.1,17,11.69375,6,8,2,0.25,30.375,40.5,68.9263323100416,2.2691796645281186,False,False,Regular,Maintain standard replenishment review
23072,MARIE ANTOINETTE TRINKET BOX SILVER,262,889.76,28,14.733174603174604,6,7,1,0.14285714285714285,37.42857142857143,43.666666666666664,85.46706411021175,2.283471178517108,False,False,Regular,Maintain standard replenishment review
23073,GEORGIAN TRINKET BOX,142,1694.0,60,12.421785714285713,9,8,0,0.0,17.25,15.777777777777779,12.848012631198204,0.7448123264462727,False,False,Regular,Maintain standard replenishment review
23074,EMBOSSED HEART TRINKET BOX,240,534.7900000000001,47,2.6715073529411764,4,3,0,0.0,74.0,60.0,38.97435053981015,0.5266804127001372,False,False,Regular,Maintain standard replenishment review
23075,PARLOUR CERAMIC WALL HOOK,464,1927.1000000000001,78,4.249925925925926,9,8,0,0.0,55.75,51.55555555555556,28.3788150361699,0.5090370410075319,False,False,Regular,Maintain standard replenishment review
23076,ICE CREAM SUNDAE LIP GLOSS,8052,9905.76,276,1.3516255764932237,10,9,0,0.0,867.1111111111111,805.2,348.08851045547465,0.40143472502553457,False,False,High-Revenue Priority,Prioritize inventory monitoring and avoid stockouts
23077,DOUGHNUT LIP GLOSS,10335,13620.77,341,1.3463606914791222,10,9,0,0.0,1087.4444444444443,1033.5,653.5761453555185,0.6010202624092845,False,False,High-Revenue Priority,Prioritize inventory monitoring and avoid stockouts
23078,ICE CREAM PEN LIP GLOSS,6783,8493.34,255,1.4828239115722988,10,9,0,0.0,750.0,678.3,202.85401154524897,0.2704720153936653,False,False,High-Revenue Priority,Prioritize inventory monitoring and avoid stockouts
23079,TOADSTOOL BEDSIDE LIGHT,238,2109.1,100,8.93610294117647,8,7,0,0.0,33.142857142857146,29.75,17.676996081806163,0.5333576403993239,False,False,Regular,Maintain standard replenishment review
23080,RED METAL BOX TOP SECRET,1067,9059.869999999999,254,9.133223632386436,8,7,0,0.0,112.0,133.375,90.11844058422967,0.8046289337877649,False,False,High-Revenue Priority,Prioritize inventory monitoring and avoid stockouts
23081,GREEN METAL BOX ARMY SUPPLIES,481,4021.75,138,9.208877361673414,8,7,0,0.0,62.714285714285715,60.125,40.10284397942489,0.6394530930660005,False,False,High-Revenue Priority,Prioritize inventory monitoring and avoid stockouts
23082,SET 6 PAPER TABLE LANTERN HEARTS,2328,8558.76,297,4.150600665212188,8,7,0,0.0,309.0,291.0,132.2825259309281,0.4280987894204793,False,False,High-Revenue Priority,Prioritize inventory monitoring and avoid stockouts
23083,SET 6 PAPER TABLE LANTERN STARS,1884,7092.98,245,4.0971249034096395,8,7,0,0.0,247.71428571428572,235.5,242.83513905920773,0.9803033295354406,False,False,High-Revenue Priority,Prioritize inventory monitoring and avoid stockouts
23084,RABBIT NIGHT LIGHT,30709,66807.63,991,2.6945072177478613,8,7,0,0.0,3772.1428571428573,3838.625,5322.15953752395,1.410911447175446,False,False,High-Revenue Priority,Prioritize inventory monitoring and avoid stockouts
23085,ANTIQUE SILVER BAUBLE LAMP,376,3583.23,78,10.472892857142858,7,7,1,0.14285714285714285,48.57142857142857,53.714285714285715,54.316532605512606,1.1182815536429067,False,False,High-Revenue Priority,Prioritize inventory monitoring and avoid stockouts
23086,ZINC  STAR T-LIGHT HOLDER,1209,1431.43,46,1.5118020833333332,8,7,0,0.0,167.71428571428572,151.125,128.4182155896822,0.765696345083284,False,False,Regular,Maintain standard replenishment review
23087,ZINC  HEART T-LIGHT HOLDER,868,1090.6599999999999,69,1.6645833333333333,8,7,0,0.0,122.71428571428571,108.5,75.61242024454776,0.6161664047867688,False,False,Regular,Maintain standard replenishment review
23088,ZINC HEART FLOWER T-LIGHT HOLDER,795,1033.28,79,1.6797998366013072,8,7,0,0.0,108.71428571428571,99.375,66.76754272777127,0.614156109191063,False,False,Regular,Maintain standard replenishment review
23089,GLASS BON BON JAR,2353,4214.13,224,2.3552401347944643,8,7,0,0.0,322.85714285714283,294.125,144.9269109717361,0.44888866230183755,False,False,High-Revenue Priority,Prioritize inventory monitoring and avoid stockouts
23090,VINTAGE GLASS T-LIGHT HOLDER,2237,1870.03,149,0.9370164088587793,8,7,0,0.0,264.42857142857144,279.625,146.85691124680642,0.5553745968274688,False,False,High-Turnover Stable,Keep stable local warehouse inventory
23091,ZINC HERB GARDEN CONTAINER,578,3643.82,207,6.716581800985916,7,7,0,0.0,82.57142857142857,82.57142857142857,59.39937469608341,0.7193695897449548,False,False,High-Revenue Priority,Prioritize inventory monitoring and avoid stockouts
23092,LARGE ANTIQUE WHITE PHOTO FRAME,520,3734.08,133,8.240780295187903,8,7,0,0.0,71.14285714285714,65.0,63.49390671927654,0.8924846326002727,False,False,High-Revenue Priority,Prioritize inventory monitoring and avoid stockouts
23093,SMALL PARISIENNE HEART PHOTO FRAME,939,2239.2400000000002,142,2.9648567708333333,8,7,0,0.0,130.57142857142858,117.375,76.90872759935884,0.5890165133430108,False,False,Regular,Maintain standard replenishment review
23094,LE GRAND TRAY CHIC SET,151,1912.42,78,12.809027777777777,7,7,0,0.0,21.571428571428573,21.571428571428573,9.93071234197465,0.4603641483034605,False,False,Regular,Maintain standard replenishment review
23096,PETIT TRAY CHIC,1033,1736.6899999999998,146,2.1081919656430523,8,7,0,0.0,145.85714285714286,129.125,89.56455506398456,0.6140566948559176,False,False,Regular,Maintain standard replenishment review
23099,FRENCH CARRIAGE LANTERN,131,885.45,56,7.026546474358975,8,7,0,0.0,17.428571428571427,16.375,8.978811035936085,0.5151776823897753,False,False,Regular,Maintain standard replenishment review
23100,SILVER BELLS TABLE DECORATION,2166,2739.38,257,1.4174903472389986,8,7,0,0.0,293.42857142857144,270.75,233.05497001269688,0.7942477069566105,False,False,High-Turnover Stable,Keep stable local warehouse inventory
23101,SILVER STARS TABLE DECORATION,2031,1739.6299999999997,213,0.9300329613095237,8,7,0,0.0,285.2857142857143,253.875,206.74196017073578,0.724683886427216,False,False,High-Turnover Stable,Keep stable local warehouse inventory
23102,SILVER HEARTS TABLE DECORATION,1274,1075.03,157,0.9684083175410817,8,7,0,0.0,181.14285714285714,159.25,81.40317064142029,0.44938658871446535,False,False,Regular,Maintain standard replenishment review
23103,JINGLE BELL HEART DECORATION,4048,6806.559999999999,364,1.8793277751985433,8,7,0,0.0,550.0,506.0,368.2761644925358,0.6695930263500651,False,False,High-Revenue Priority,Prioritize inventory monitoring and avoid stockouts
23104,IVORY CAFE HANGING LAMP,118,1405.42,46,12.610833333333334,8,7,0,0.0,15.857142857142858,14.75,15.889499377771171,1.0020405013008846,False,False,Regular,Maintain standard replenishment review
23106,ZINC HEARTS PLANT POT HOLDER,279,780.91,52,2.8031944444444443,8,7,0,0.0,36.57142857142857,34.875,13.04935685333627,0.3568183514584137,False,False,Regular,Maintain standard replenishment review
23107,WHITE HEARTS WIRE PLANT POT HOLDER,359,1009.51,73,3.128425324675325,8,7,0,0.0,46.0,44.875,31.40594423565917,0.6827379181665038,False,False,Regular,Maintain standard replenishment review
23108,SET OF 10 LED DOLLY LIGHTS,2166,13038.23,363,6.514171223585158,8,7,0,0.0,294.7142857142857,270.75,176.43007518156145,0.5986478556814979,False,False,High-Revenue Priority,Prioritize inventory monitoring and avoid stockouts
23109,PACK OF SIX LED TEA LIGHTS,2290,6595.98,267,3.251978463326392,8,7,0,0.0,293.7142857142857,286.25,197.0911077697438,0.6710300361810343,False,False,High-Revenue Priority,Prioritize inventory monitoring and avoid stockouts
23110,PARISIENNE KEY CABINET,666,3951.6800000000003,241,6.84854175897204,8,7,0,0.0,92.28571428571429,83.25,23.450048228196927,0.2541026897792236,False,False,High-Revenue Priority,Prioritize inventory monitoring and avoid stockouts
23111,PARISIENNE SEWING BOX,297,3668.54,130,13.714069784382286,8,7,0,0.0,36.0,37.125,22.293496809607955,0.6192638002668877,False,False,High-Revenue Priority,Prioritize inventory monitoring and avoid stockouts
23112,PARISIENNE CURIO CABINET,533,4409.58,234,9.3579154315197,8,7,0,0.0,71.14285714285714,66.625,22.386220251370197,0.31466574650520357,False,False,High-Revenue Priority,Prioritize inventory monitoring and avoid stockouts
23113,PANTRY CHOPPING BOARD,212,1085.2400000000002,55,6.698222222222222,4,3,0,0.0,67.66666666666667,53.0,45.45693933090231,0.671777428535502,False,False,Regular,Maintain standard replenishment review
23114,VINTAGE LEAF CHOPPING BOARD,149,737.95,45,5.248115942028986,4,3,0,0.0,46.0,37.25,42.579337712087536,0.9256377763497291,False,False,Regular,Maintain standard replenishment review
23115,RED APPLES CHOPPING BOARD,152,770.3199999999999,45,5.918929971988796,4,3,0,0.0,46.666666666666664,38.0,39.50105483823607,0.8464511751050587,False,False,Regular,Maintain standard replenishment review
23116,VEGETABLE GARDEN CHOPPING BOARD,76,382.44,22,6.225,4,3,0,0.0,24.666666666666668,19.0,25.696951829610715,1.0417683174166505,False,False,Long-Tail,Limit stock and avoid excessive local warehouse space
23117,POPPY FIELDS CHOPPING BOARD,93,501.23,45,5.610842105263158,4,3,0,0.0,29.0,23.25,23.430749027719962,0.8079568630248263,False,False,Long-Tail,Limit stock and avoid excessive local warehouse space
23118,PARISIENNE JEWELLERY DRAWER,803,6027.18,253,8.500961486488576,8,7,0,0.0,101.85714285714286,100.375,50.643948540862446,0.4972056658990703,False,False,High-Revenue Priority,Prioritize inventory monitoring and avoid stockouts
23119,PACK OF 6 LARGE FRUIT STRAWS,2246,1379.38,149,0.7950413699204022,7,6,0,0.0,369.8333333333333,320.85714285714283,288.60313003615653,0.7803599730585575,False,False,High-Turnover Stable,Keep stable local warehouse inventory
23120,PACK OF 6 SMALL FRUIT STRAWS,1613,652.15,98,0.47329135478642864,7,6,0,0.0,267.8333333333333,230.42857142857142,287.05638238274145,1.0717724295559732,False,False,Regular,Maintain standard replenishment review
23121,PACK OF 6 COCKTAIL PARASOL STRAWS,2501,1000.4399999999999,111,0.5487124813077626,7,6,0,0.0,415.5,357.2857142857143,446.80409577352805,1.0753407840518123,False,False,High-Turnover Volatile,Monitor closely and replenish in smaller batches
23122,PARTY CHARMS 50 PIECES,2251,1726.09,133,1.0397872398959582,7,6,0,0.0,372.0,321.57142857142856,359.70599105380495,0.9669515888543144,False,False,High-Turnover Stable,Keep stable local warehouse inventory
23123,COCKTAIL SWORDS 50 PIECES,935,759.5699999999999,95,1.0144660755910755,7,6,0,0.0,150.83333333333334,133.57142857142858,76.41574881309916,0.5066237490371215,False,False,Regular,Maintain standard replenishment review
23124,18PC WOODEN CUTLERY SET DISPOSABLE,567,751.38,43,1.9256111111111112,6,6,0,0.0,94.5,94.5,129.91035370593062,1.3747127376288955,False,False,Regular,Maintain standard replenishment review
23125,6PC WOOD PLATE SET DISPOSABLE,459,574.88,38,1.8472844932844932,6,6,0,0.0,76.5,76.5,142.4412159453857,1.8619766790246495,False,False,Regular,Maintain standard replenishment review
23126,FELTCRAFT GIRL AMELIE KIT,1098,5477.59,289,5.360867304101128,10,9,0,0.0,116.44444444444444,109.8,59.01718205554869,0.5068269451335288,False,False,High-Revenue Priority,Prioritize inventory monitoring and avoid stockouts
23127,FELTCRAFT GIRL NICOLE KIT,728,3719.4,193,5.225097002288274,10,9,0,0.0,76.44444444444444,72.8,39.49718696031121,0.5166783177947688,False,False,High-Revenue Priority,Prioritize inventory monitoring and avoid stockouts
23128,FELTCRAFT BOY JEAN-PAUL KIT,441,2224.01,137,5.221097688844972,10,9,0,0.0,46.55555555555556,44.1,26.120447503398132,0.5610597315765709,False,False,Regular,Maintain standard replenishment review
23129,HEART SHAPED HOLLY WREATH,950,3999.5,172,4.612381292653553,8,7,0,0.0,133.14285714285714,118.75,144.86019532803408,1.0880057589015435,False,False,High-Revenue Priority,Prioritize inventory monitoring and avoid stockouts
23130,MISTLETOE HEART WREATH GREEN,954,3955.78,183,4.403628177966102,8,7,0,0.0,131.28571428571428,119.25,110.99056158928452,0.8454123298422108,False,False,High-Revenue Priority,Prioritize inventory monitoring and avoid stockouts
23131,MISTLETOE HEART WREATH CREAM,942,3835.9800000000005,115,4.1634961334961345,9,8,0,0.0,117.375,104.66666666666667,99.57615534999186,0.8483591510116453,False,False,High-Revenue Priority,Prioritize inventory monitoring and avoid stockouts
23132,SMALL IVORY HEART WALL ORGANISER,1020,5138.6,152,6.28930286935287,9,8,0,0.0,126.375,113.33333333333333,116.27791523513211,0.9201021977062878,False,False,High-Revenue Priority,Prioritize inventory monitoring and avoid stockouts
23133,LARGE IVORY HEART WALL ORGANISER,782,5525.400000000001,155,9.259705015998493,9,8,0,0.0,95.875,86.88888888888889,93.05672233336273,0.9706046657977859,False,False,High-Revenue Priority,Prioritize inventory monitoring and avoid stockouts
23134,LARGE ZINC HEART WALL ORGANISER,1065,6431.11,38,7.922916666666667,6,8,2,0.25,133.125,177.5,187.00682760645017,1.4047461228653535,False,False,High-Revenue Priority,Prioritize inventory monitoring and avoid stockouts
23135,SMALL ZINC HEART WALL ORGANISER,1541,5416.18,45,5.49512962962963,9,8,0,0.0,190.25,171.22222222222223,200.09765473031268,1.0517616542986212,False,False,High-Revenue Priority,Prioritize inventory monitoring and avoid stockouts
23136,IVORY WIRE SWEETHEART LETTER TRAY,135,511.89,49,4.091439153439153,9,8,0,0.0,15.5,15.0,6.391959234627742,0.4123844667501769,False,False,Regular,Maintain standard replenishment review
23137,ZINC WIRE SWEETHEART LETTER TRAY,83,275.62,23,3.7816666666666663,9,8,0,0.0,8.75,9.222222222222221,8.811518435709997,1.0070306783668568,False,False,Long-Tail,Limit stock and avoid excessive local warehouse space
23138,SINGLE WIRE HOOK IVORY HEART,867,1214.11,81,1.7762716049382714,9,8,0,0.0,108.125,96.33333333333333,110.09143926754705,1.0181867215495681,False,False,Regular,Maintain standard replenishment review
23139,SINGLE WIRE HOOK PINK HEART,402,511.3,26,1.6301481481481483,9,8,0,0.0,46.25,44.666666666666664,93.57464552812522,2.0232355789864913,False,False,Regular,Maintain standard replenishment review
23140,TRIPLE WIRE HOOK IVORY HEART,170,716.3,51,4.6527232142857144,8,8,0,0.0,21.25,21.25,13.677405769056813,0.643642624426203,False,False,Regular,Maintain standard replenishment review
23141,TRIPLE WIRE HOOK PINK HEART,79,272.91,25,4.609166666666667,8,8,1,0.125,7.25,9.875,6.408699444616557,0.8839585440850424,False,False,Long-Tail,Limit stock and avoid excessive local warehouse space
23142,IVORY WIRE KITCHEN ORGANISER,120,1210.42,39,11.19838474025974,8,8,0,0.0,15.0,15.0,23.82675566908524,1.588450377939016,False,False,Regular,Maintain standard replenishment review
23143,ZINC WIRE KITCHEN ORGANISER,30,239.97000000000003,16,11.361166666666666,5,7,3,0.42857142857142855,2.0,6.0,2.0816659994661326,1.0408329997330663,False,False,Long-Tail,Limit stock and avoid excessive local warehouse space
23144,ZINC T-LIGHT HOLDER STARS SMALL,5065,4177.91,273,0.9542193092782798,9,8,0,0.0,613.0,562.7777777777778,315.0092969149595,0.513881397903686,False,False,High-Revenue Priority,Prioritize inventory monitoring and avoid stockouts
23145,ZINC T-LIGHT HOLDER STAR LARGE,2084,1979.4799999999998,169,1.1289229797979798,9,8,0,0.0,249.75,231.55555555555554,131.54982760481727,0.5267260364557248,False,False,High-Turnover Stable,Keep stable local warehouse inventory
23146,TRIPLE HOOK ANTIQUE IVORY ROSE,774,2566.3,217,3.4567531547357633,9,8,0,0.0,92.75,86.0,44.28398614139685,0.4774553761875671,False,False,Regular,Maintain standard replenishment review
23147,SINGLE ANTIQUE ROSE HOOK IVORY,1867,2750.7499999999995,260,1.498466924636079,9,8,0,0.0,227.875,207.44444444444446,118.2955590278616,0.5191247790580871,False,False,Regular,Maintain standard replenishment review
23148,MINIATURE ANTIQUE ROSE HOOK IVORY,2131,1809.6699999999998,245,0.9162192094835773,9,8,0,0.0,256.25,236.77777777777777,133.18703283084926,0.5197542744618507,False,False,High-Turnover Stable,Keep stable local warehouse inventory
23149,ANTIQUE IVORY WIRE BOWL SMALL,93,236.51000000000002,20,2.9310714285714288,7,7,0,0.0,13.285714285714286,13.285714285714286,17.336995950032072,1.3049351790346722,False,False,Long-Tail,Limit stock and avoid excessive local warehouse space
23150,IVORY SWEETHEART SOAP DISH,148,390.75000000000006,49,2.9250815696649033,9,8,0,0.0,16.625,16.444444444444443,8.158037228927766,0.4907090062512942,False,False,Regular,Maintain standard replenishment review
23151,ZINC SWEETHEART SOAP DISH,61,114.33000000000001,21,2.660714285714286,8,7,0,0.0,5.0,7.625,4.041451884327381,0.8082903768654761,False,False,Long-Tail,Limit stock and avoid excessive local warehouse space
23152,IVORY SWEETHEART WIRE LETTER RACK,550,2065.65,158,3.9152899892646267,9,8,0,0.0,68.375,61.111111111111114,33.45759576367845,0.48932498374666833,False,False,Regular,Maintain standard replenishment review
23153,ZINC SWEETHEART WIRE LETTER RACK,259,1005.69,89,4.302681790431791,9,8,0,0.0,31.5,28.77777777777778,12.615183595289334,0.4004820188980741,False,False,Regular,Maintain standard replenishment review
23154,SET OF 4 JAM JAR MAGNETS,2652,5740.96,233,2.2192376701255734,10,9,0,0.0,277.3333333333333,265.2,94.33716128864596,0.34015803349271384,False,False,High-Revenue Priority,Prioritize inventory monitoring and avoid stockouts
23155,KNICKERBOCKERGLORY MAGNET ASSORTED,2089,1805.77,132,1.3353062354312353,10,9,0,0.0,231.44444444444446,208.9,109.24183162954463,0.4720002326768611,False,False,High-Turnover Stable,Keep stable local warehouse inventory
23156,SET OF 5 MINI GROCERY MAGNETS,1641,3373.37,203,2.2662012203482793,10,9,0,0.0,176.66666666666666,164.1,70.008928002077,0.39627695095515286,False,False,High-Revenue Priority,Prioritize inventory monitoring and avoid stockouts
23157,SET OF 6 NATIVITY MAGNETS,2317,4699.0599999999995,162,2.890656338426712,10,9,0,0.0,257.3333333333333,231.7,331.67265488731505,1.2888833739144367,False,False,High-Revenue Priority,Prioritize inventory monitoring and avoid stockouts
23158,SET OF 5 LUCKY CAT MAGNETS,2597,5438.95,254,2.642371979800657,10,9,0,0.0,275.3333333333333,259.7,69.37218462755804,0.2519570870250292,False,False,High-Revenue Priority,Prioritize inventory monitoring and avoid stockouts
23159,SET OF 5 PANCAKE DAY MAGNETS,2280,4686.4800000000005,221,2.3375041210214107,9,9,0,0.0,253.33333333333334,253.33333333333334,90.49585625872602,0.3572204852318132,False,False,High-Revenue Priority,Prioritize inventory monitoring and avoid stockouts
23160,REGENCY TEA SPOON,1450,1794.48,76,1.601027129851143,8,7,0,0.0,206.0,181.25,112.92180185125162,0.5481640866565612,False,False,Regular,Maintain standard replenishment review
23161,REGENCY CAKE FORK,1715,2145.3,98,1.6859698996655519,8,7,0,0.0,243.0,214.375,116.88028062936878,0.48098880917435716,False,False,Regular,Maintain standard replenishment review
23162,REGENCY TEA STRAINER,1412,5143.6900000000005,176,4.501340550954682,9,8,0,0.0,169.5,156.88888888888889,109.97921881623168,0.6488449487683285,False,False,High-Revenue Priority,Prioritize inventory monitoring and avoid stockouts
23163,REGENCY SUGAR TONGS,1784,4415.38,208,3.3133836190200925,9,8,0,0.0,212.875,198.22222222222223,105.63337878855204,0.4962225662409961,False,False,High-Revenue Priority,Prioritize inventory monitoring and avoid stockouts
23164,REGENCY CAKE SLICE,578,2718.65,92,5.845110028860029,8,7,0,0.0,81.57142857142857,72.25,41.640753847071274,0.5104820961987722,False,False,Regular,Maintain standard replenishment review
23165,LARGE CERAMIC TOP STORAGE JAR,3052,5048.36,276,2.00346045575825,8,7,0,0.0,406.2857142857143,381.5,119.23745816047668,0.2934817887212858,False,False,High-Revenue Priority,Prioritize inventory monitoring and avoid stockouts
23166,MEDIUM CERAMIC TOP STORAGE JAR,3553,4236.47,242,1.4934799853294844,8,7,0,0.0,478.0,444.125,177.345237695669,0.37101514162273846,False,False,High-Revenue Priority,Prioritize inventory monitoring and avoid stockouts
23167,SMALL CERAMIC TOP STORAGE JAR,5354,4134.0199999999995,228,1.0198296690988222,8,7,0,0.0,705.7142857142857,669.25,621.7506773312795,0.881023226987643,False,False,High-Revenue Priority,Prioritize inventory monitoring and avoid stockouts
23168,CLASSIC CAFE SUGAR DISPENSER,3279,4543.67,336,1.8324538928166187,8,7,0,0.0,451.14285714285717,409.875,103.66199652625606,0.22977643308543141,False,False,High-Revenue Priority,Prioritize inventory monitoring and avoid stockouts
23169,CLASSIC GLASS COOKIE JAR,1524,6530.04,307,4.721708897767683,8,7,0,0.0,212.0,190.5,80.09369513263825,0.37780044873885965,False,False,High-Revenue Priority,Prioritize inventory monitoring and avoid stockouts
23170,REGENCY TEA PLATE ROSES,6749,10938.25,442,2.1729805356690335,8,7,0,0.0,945.5714285714286,843.625,511.1036610913215,0.540523587798648,False,False,High-Revenue Priority,Prioritize inventory monitoring and avoid stockouts
23171,REGENCY TEA PLATE GREEN,6199,9982.39,380,2.2118520954080982,8,7,0,0.0,863.5714285714286,774.875,598.3911366163042,0.692926047363793,False,False,High-Revenue Priority,Prioritize inventory monitoring and avoid stockouts
23172,REGENCY TEA PLATE PINK,3813,6274.8099999999995,304,2.146043640787062,8,7,0,0.0,519.2857142857143,476.625,360.42970386549916,0.6940874627396132,False,False,High-Revenue Priority,Prioritize inventory monitoring and avoid stockouts
23173,REGENCY TEAPOT ROSES,2741,24673.58,414,11.62705233454895,8,7,0,0.0,386.0,342.625,273.07141922947557,0.7074389099209212,False,False,High-Revenue Priority,Prioritize inventory monitoring and avoid stockouts
23174,REGENCY SUGAR BOWL GREEN,3006,12158.28,320,4.94947056636831,8,7,0,0.0,423.42857142857144,375.75,350.32549490574104,0.827354407672128,False,False,High-Revenue Priority,Prioritize inventory monitoring and avoid stockouts
23175,REGENCY MILK JUG PINK,3112,9455.15,328,4.032484035892265,8,7,0,0.0,439.57142857142856,389.0,357.9901568213187,0.8144072465873353,False,False,High-Revenue Priority,Prioritize inventory monitoring and avoid stockouts
23176,ABC TREASURE BOOK BOX,2133,4621.08,220,2.7235731889581887,10,9,0,0.0,233.55555555555554,213.3,157.60243582437988,0.6747963474878301,False,False,High-Revenue Priority,Prioritize inventory monitoring and avoid stockouts
23177,TREASURE ISLAND BOOK BOX,2516,5485.29,264,2.714902691113796,10,9,0,0.0,221.44444444444446,251.6,163.82239705784363,0.7397900519420936,False,False,High-Revenue Priority,Prioritize inventory monitoring and avoid stockouts
23178,JAM CLOCK MAGNET,326,934.0,67,3.3516595238095244,10,9,0,0.0,34.22222222222222,32.6,37.04314301519843,1.0824295036908633,False,False,Regular,Maintain standard replenishment review
23179,CLOCK MAGNET MUM'S KITCHEN,324,930.48,53,3.658220779220779,10,9,0,0.0,35.666666666666664,32.4,45.65358693465389,1.2800071103173989,False,False,Regular,Maintain standard replenishment review
23180,MUM'S KITCHEN CLOCK,121,616.14,48,5.954123809523809,10,9,0,0.0,11.88888888888889,12.1,8.852181149926333,0.7445759845732429,False,False,Regular,Maintain standard replenishment review
23181,BULL DOG BOTTLE TOP WALL CLOCK,201,1733.57,82,9.65773315018315,10,9,0,0.0,21.22222222222222,20.1,6.629060600450447,0.31236411206311004,False,False,Regular,Maintain standard replenishment review
23182,TOILET SIGN OCCUPIED OR VACANT,3741,3688.2099999999996,433,1.54970009526771,10,9,0,0.0,409.77777777777777,374.1,149.9514736321202,0.3659336395577771,False,False,High-Revenue Priority,Prioritize inventory monitoring and avoid stockouts
23183,MOTHER'S KITCHEN SPOON REST,220,944.6700000000001,83,4.756030303030303,10,9,0,0.0,23.77777777777778,22.0,16.467982403574656,0.6925786992157565,False,False,Regular,Maintain standard replenishment review
23184,BULL DOG BOTTLE OPENER,866,4724.9,263,6.447180918945749,10,9,0,0.0,92.0,86.6,41.15519408288582,0.44733906611832414,False,False,High-Revenue Priority,Prioritize inventory monitoring and avoid stockouts
23185,FRENCH STYLE STORAGE JAR JAM,317,114.85,30,0.40875,8,9,2,0.2222222222222222,34.22222222222222,39.625,34.36850948825748,1.0042746279036276,False,False,Regular,Maintain standard replenishment review
23186,FRENCH STYLE STORAGE JAR CAFE,1976,811.9599999999999,69,0.422734375,8,9,2,0.2222222222222222,213.55555555555554,247.0,250.11802769448224,1.1712082462280646,False,False,High-Turnover Volatile,Monitor closely and replenish in smaller batches
23187,FRENCH STYLE STORAGE JAR BONBONS,2332,687.56,73,0.42666666666666664,7,9,2,0.2222222222222222,259.1111111111111,333.14285714285717,297.2206438172004,1.1470779564128661,False,False,High-Turnover Volatile,Monitor closely and replenish in smaller batches
23188,VINTAGE  2 METER FOLDING RULER,3459,6427.969999999999,332,1.9452870678657785,7,6,0,0.0,531.3333333333334,494.14285714285717,313.2447392481902,0.5895446786352387,False,False,High-Revenue Priority,Prioritize inventory monitoring and avoid stockouts
23189,SET OF 12 FORK CANDLES,1249,3507.51,141,3.4667928473715066,5,4,0,0.0,297.25,249.8,89.88279405240284,0.3023811406304553,False,False,High-Revenue Priority,Prioritize inventory monitoring and avoid stockouts
23190,BUNDLE OF 3 SCHOOL EXERCISE BOOKS,1701,2760.2499999999995,201,1.7904655840050574,8,7,0,0.0,237.42857142857142,212.625,101.7920382329534,0.4287269961676738,False,False,Regular,Maintain standard replenishment review
23191,BUNDLE OF 3 RETRO NOTE BOOKS,2200,3627.24,280,1.8850968933027756,8,7,0,0.0,302.57142857142856,275.0,98.32744130854678,0.3249726577714011,False,False,High-Revenue Priority,Prioritize inventory monitoring and avoid stockouts
23192,BUNDLE OF 3 ALPHABET EXERCISE BOOKS,3515,6112.589999999999,344,1.7645509987751267,8,7,0,0.0,470.2857142857143,439.375,133.72947105470593,0.28435792751608185,False,False,High-Revenue Priority,Prioritize inventory monitoring and avoid stockouts
23193,BUFFALO BILL TREASURE BOOK BOX,1912,4056.7799999999997,172,2.7166989650872004,10,9,0,0.0,167.22222222222223,191.2,159.98732588691033,0.9567348391908258,False,False,High-Revenue Priority,Prioritize inventory monitoring and avoid stockouts
23194,GYMKHANA TREASURE BOOK BOX,1817,4036.87,211,2.7012003593628595,10,9,0,0.0,197.77777777777777,181.7,155.3140188278072,0.7852956008147555,False,False,High-Revenue Priority,Prioritize inventory monitoring and avoid stockouts
23196,VINTAGE LEAF MAGNETIC NOTEPAD,1872,2842.24,298,1.834532664763104,7,6,0,0.0,301.3333333333333,267.42857142857144,135.8803395148344,0.4509303302483442,False,False,Regular,Maintain standard replenishment review
23197,SKETCHBOOK MAGNETIC SHOPPING LIST,1465,2284.6499999999996,247,1.9211451453323374,7,6,0,0.0,218.66666666666666,209.28571428571428,97.66609783679631,0.44664374010730024,False,False,Regular,Maintain standard replenishment review
23198,PANTRY MAGNETIC  SHOPPING LIST,3337,5055.35,474,1.7879592267746263,7,6,0,0.0,522.1666666666666,476.7142857142857,206.4658971032908,0.3954022925693409,False,False,High-Revenue Priority,Prioritize inventory monitoring and avoid stockouts
23199,JUMBO BAG APPLES,14286,29336.73,972,2.594383325755894,9,8,0,0.0,1755.75,1587.3333333333333,640.4995260397487,0.3648010969897472,False,False,High-Revenue Priority,Prioritize inventory monitoring and avoid stockouts
23200,JUMBO BAG PEARS,6947,13974.16,594,2.4626284777371574,8,7,0,0.0,975.2857142857143,868.375,321.5984630382605,0.32974794803981594,False,False,High-Revenue Priority,Prioritize inventory monitoring and avoid stockouts
23201,JUMBO BAG ALPHABET,12924,27050.370000000003,898,2.4034840585691892,9,8,0,0.0,1536.625,1436.0,487.3294390274993,0.3171427244952407,False,False,High-Revenue Priority,Prioritize inventory monitoring and avoid stockouts
23202,JUMBO BAG VINTAGE LEAF,10701,21372.13,875,2.323216670450467,8,7,0,0.0,1458.7142857142858,1337.625,321.1976101435139,0.2201922701992554,False,False,High-Revenue Priority,Prioritize inventory monitoring and avoid stockouts
23203,JUMBO BAG VINTAGE DOILY,20144,41413.86,1226,2.28595315418641,8,7,0,0.0,2782.5714285714284,2518.0,868.0531583458963,0.3119607818267417,False,False,High-Revenue Priority,Prioritize inventory monitoring and avoid stockouts
23204,CHARLOTTE BAG APPLES DESIGN,7871,7665.69,581,1.1386096393594594,9,8,0,0.0,938.125,874.5555555555555,319.07475053437156,0.34011965413390705,False,False,High-Revenue Priority,Prioritize inventory monitoring and avoid stockouts
23205,CHARLOTTE BAG VINTAGE ALPHABET,5757,5654.38,466,1.1677114508457178,9,8,0,0.0,696.5,639.6666666666666,167.7370390990442,0.24082848399001322,False,False,High-Revenue Priority,Prioritize inventory monitoring and avoid stockouts
23206,LUNCH BAG APPLE DESIGN,12100,20775.03,1030,2.1367991045285866,9,8,0,0.0,1488.25,1344.4444444444443,319.90657118245366,0.21495486052911383,False,False,High-Revenue Priority,Prioritize inventory monitoring and avoid stockouts
23207,LUNCH BAG ALPHABET DESIGN,7797,13271.1,735,2.043223861273292,9,8,0,0.0,960.5,866.3333333333334,417.76001313125767,0.4349401490174468,False,False,High-Revenue Priority,Prioritize inventory monitoring and avoid stockouts
23208,LUNCH BAG VINTAGE LEAF DESIGN,6298,10425.41,667,1.9555171267879112,9,8,0,0.0,745.875,699.7777777777778,154.25622237970546,0.20681243154644607,False,False,High-Revenue Priority,Prioritize inventory monitoring and avoid stockouts
23209,LUNCH BAG VINTAGE DOILY,13149,21384.170000000002,1096,1.8584073527886935,8,7,0,0.0,1816.142857142857,1643.625,355.05653473375594,0.19550033376357207,False,False,High-Revenue Priority,Prioritize inventory monitoring and avoid stockouts
23210,WHITE ROCKING HORSE HAND PAINTED,2661,3346.77,189,1.4226890042959837,7,6,0,0.0,421.6666666666667,380.14285714285717,324.18986206645434,0.7688297124105636,False,False,High-Revenue Priority,Prioritize inventory monitoring and avoid stockouts
23211,RED ROCKING HORSE HAND PAINTED,2305,2900.5699999999997,159,1.4854450411743645,7,6,0,0.0,362.1666666666667,329.2857142857143,195.73902693808066,0.5404667103674569,False,False,High-Turnover Stable,Keep stable local warehouse inventory
23212,HEART WREATH DECORATION WITH BELL,2236,2785.8900000000003,183,1.4444459771351645,7,6,0,0.0,343.0,319.42857142857144,184.85561933574,0.5389376657018659,False,False,High-Turnover Stable,Keep stable local warehouse inventory
23213,STAR WREATH DECORATION WITH BELL,1670,2123.42,151,1.413495639550119,7,6,0,0.0,261.6666666666667,238.57142857142858,193.41630403527688,0.7391705886698479,False,False,Regular,Maintain standard replenishment review
23214,JINGLE BELL HEART ANTIQUE GOLD,789,1695.0400000000002,103,2.3471753246753244,7,6,0,0.0,125.0,112.71428571428571,96.12699932901266,0.7690159946321014,False,False,Regular,Maintain standard replenishment review
23215,JINGLE BELL HEART ANTIQUE SILVER,3564,7038.400000000001,210,2.2325232161471655,7,6,0,0.0,565.5,509.14285714285717,560.1745263754859,0.9905827168443606,False,False,High-Revenue Priority,Prioritize inventory monitoring and avoid stockouts
23216,LAUREL HEART ANTIQUE GOLD,525,630.73,44,1.357983193277311,7,6,0,0.0,86.66666666666667,75.0,85.89218047451507,0.9910636208597893,False,False,Regular,Maintain standard replenishment review
23217,LAUREL HEART ANTIQUE SILVER,1309,1613.8200000000002,97,1.426319266074088,7,6,0,0.0,189.5,187.0,152.41620648736802,0.8043071582446861,False,False,Regular,Maintain standard replenishment review
23218,LAUREL STAR ANTIQUE GOLD,379,483.03000000000003,40,1.5817362041467304,5,5,1,0.2,74.6,75.8,61.027043185787726,0.8180568791660554,False,False,Regular,Maintain standard replenishment review
23219,LAUREL STAR ANTIQUE SILVER,430,568.6,61,1.4526349206349207,7,6,0,0.0,65.83333333333333,61.42857142857143,62.24923024959157,0.9455579278418973,False,False,Regular,Maintain standard replenishment review
23220,REINDEER HEART DECORATION GOLD,993,869.15,103,1.1491449502878075,7,6,0,0.0,156.16666666666666,141.85714285714286,152.57315185400958,0.976989232789816,False,False,Regular,Maintain standard replenishment review
23221,REINDEER HEART DECORATION SILVER,1488,1323.1999999999998,142,1.1635768398268398,8,7,0,0.0,196.85714285714286,186.0,209.25218323944958,1.062964646354243,False,False,Regular,Maintain standard replenishment review
23222,CHRISTMAS TREE HANGING GOLD,787,708.57,74,0.9706891835016834,6,6,1,0.16666666666666666,122.33333333333333,131.16666666666666,124.820938414461,1.0203346464397358,False,False,Regular,Maintain standard replenishment review
23223,CHRISTMAS TREE HANGING SILVER,801,750.1899999999999,88,1.1885405071119357,7,6,0,0.0,124.0,114.42857142857143,116.31336982479701,0.9380110469741694,False,False,Regular,Maintain standard replenishment review
23224,CHERUB HEART DECORATION GOLD,726,639.0600000000001,70,1.009547060782355,7,6,0,0.0,110.33333333333333,103.71428571428571,108.98379084371523,0.9877684970729477,False,False,Regular,Maintain standard replenishment review
23225,CHERUB HEART DECORATION SILVER,1283,1116.41,85,1.063808547008547,7,6,0,0.0,203.66666666666666,183.28571428571428,198.15717667212226,0.9729484942984727,False,False,Regular,Maintain standard replenishment review
23226,FILIGREE HEART DAISY WHITE,1199,1536.67,97,1.5115071486928104,8,7,0,0.0,166.42857142857142,149.875,105.77469316564202,0.6355560962742439,False,False,Regular,Maintain standard replenishment review
23227,FILIGREE HEART BUTTERFLY WHITE,1642,2070.06,117,1.5410571880067816,8,7,0,0.0,228.85714285714286,205.25,117.5548504194653,0.5136603950912966,False,False,Regular,Maintain standard replenishment review
23228,FILIGREE HEART BIRD WHITE,1348,1810.24,124,1.7664464693204869,8,7,0,0.0,187.0,168.5,91.28709291752769,0.4881662722862443,False,False,Regular,Maintain standard replenishment review
23229,VINTAGE DONKEY TAIL GAME,1862,6713.46,254,4.190972169486099,7,6,0,0.0,283.6666666666667,266.0,120.65598479423501,0.42534424721821973,False,False,High-Revenue Priority,Prioritize inventory monitoring and avoid stockouts
23230,WRAP ALPHABET DESIGN,7926,3196.92,233,0.41783629514607773,12,11,0,0.0,711.4545454545455,660.5,293.55284486319107,0.4126094164956685,False,False,High-Revenue Priority,Prioritize inventory monitoring and avoid stockouts
23231,WRAP DOILEY DESIGN,7277,3008.34,260,0.4192102564102564,12,11,0,0.0,643.3636363636364,606.4166666666666,187.9096978483403,0.29207385563540245,False,False,High-Turnover Stable,Keep stable local warehouse inventory
23232,WRAP VINTAGE LEAF DESIGN,8475,3415.5,235,0.4174991370285488,12,11,0,0.0,747.7272727272727,706.25,299.8863421061689,0.4010638009930526,False,False,High-Revenue Priority,Prioritize inventory monitoring and avoid stockouts
23233,WRAP POPPIES  DESIGN,5150,2095.0,157,0.41874999999999996,12,11,0,0.0,465.90909090909093,429.1666666666667,264.63954902676755,0.568006836935501,False,False,High-Turnover Stable,Keep stable local warehouse inventory
23234,BISCUIT TIN VINTAGE CHRISTMAS,1710,5045.1,275,3.2715403894351263,7,6,0,0.0,267.1666666666667,244.28571428571428,169.49031437420447,0.6343991804399418,False,False,High-Revenue Priority,Prioritize inventory monitoring and avoid stockouts
23235,STORAGE TIN VINTAGE LEAF,735,1947.77,104,2.9946055798837756,7,6,0,0.0,109.16666666666667,105.0,105.98757788848025,0.9708785760776816,False,False,Regular,Maintain standard replenishment review
23236,STORAGE TIN VINTAGE DOILY,2486,7039.74,325,3.397031756083123,7,6,0,0.0,409.6666666666667,355.14285714285717,133.03783922879487,0.3247465562948613,False,False,High-Revenue Priority,Prioritize inventory monitoring and avoid stockouts
23237,SET OF 4 KNICK KNACK TINS LEAF,1046,4245.34,173,4.256549979600163,7,6,0,0.0,167.0,149.42857142857142,49.46109582287882,0.2961742264843043,False,False,High-Revenue Priority,Prioritize inventory monitoring and avoid stockouts
23238,SET OF 4 KNICK KNACK TINS LONDON,1843,7746.71,273,4.756567432407913,7,6,0,0.0,280.6666666666667,263.2857142857143,66.51816794430425,0.23700059837638093,False,False,High-Revenue Priority,Prioritize inventory monitoring and avoid stockouts
23239,SET OF 4 KNICK KNACK TINS POPPIES,824,3279.1400000000003,175,4.336126930713397,7,6,0,0.0,123.16666666666667,117.71428571428571,64.47764470470884,0.5234991450991245,False,False,High-Revenue Priority,Prioritize inventory monitoring and avoid stockouts
23240,SET OF 4 KNICK KNACK TINS DOILY,4164,16946.22,534,4.449255345544232,7,6,0,0.0,666.0,594.8571428571429,109.36909984085997,0.16421786762891888,False,False,High-Revenue Priority,Prioritize inventory monitoring and avoid stockouts
23241,TREASURE TIN GYMKHANA DESIGN,2164,4667.47,362,2.4902515470034303,7,6,0,0.0,338.1666666666667,309.14285714285717,89.36535495742558,0.2642642334867193,False,False,High-Revenue Priority,Prioritize inventory monitoring and avoid stockouts
23242,TREASURE TIN BUFFALO BILL,1469,3022.55,213,2.295729156635431,7,6,0,0.0,220.66666666666666,209.85714285714286,100.56374429518158,0.4557269378935721,False,False,Regular,Maintain standard replenishment review
23243,SET OF TEA COFFEE SUGAR TINS PANTRY,4767,23345.27,466,6.055910359279919,7,6,0,0.0,782.8333333333334,681.0,648.8532705216693,0.8288523787800757,False,False,High-Revenue Priority,Prioritize inventory monitoring and avoid stockouts
23244,ROUND STORAGE TIN VINTAGE LEAF,935,1732.0299999999997,111,2.1406069812540403,7,6,0,0.0,148.33333333333334,133.57142857142858,86.67564056104037,0.5843301610856654,False,False,Regular,Maintain standard replenishment review
23245,SET OF 3 REGENCY CAKE TINS,6319,31002.65,868,5.959443527557242,7,6,0,0.0,1008.0,902.7142857142857,280.0328552152408,0.27781037223734206,False,False,High-Revenue Priority,Prioritize inventory monitoring and avoid stockouts
23247,BISCUIT TIN 50'S CHRISTMAS,2156,6585.830000000001,307,3.206951631322365,7,6,0,0.0,338.0,308.0,278.441376235645,0.8237910539516125,False,False,High-Revenue Priority,Prioritize inventory monitoring and avoid stockouts
23249,VINTAGE RED ENAMEL TRIM PLATE,812,1376.6,79,1.830142857142857,7,6,0,0.0,133.5,116.0,59.24440901891081,0.4437783447109424,False,False,Regular,Maintain standard replenishment review
23250,VINTAGE RED TRIM ENAMEL BOWL,1137,1478.53,107,1.4491471876106765,7,6,0,0.0,175.66666666666666,162.42857142857142,65.43903014766238,0.3725181981840363,False,False,Regular,Maintain standard replenishment review
23251,VINTAGE RED ENAMEL TRIM MUG,1676,2060.75,118,1.360387794198139,7,6,0,0.0,262.6666666666667,239.42857142857142,80.68870222445436,0.30719049070223736,False,False,Regular,Maintain standard replenishment review
23252,VINTAGE RED ENAMEL TRIM JUG,575,2156.61,134,3.978488450404085,7,6,0,0.0,94.83333333333333,82.14285714285714,41.004471300904086,0.4323845831378287,False,False,Regular,Maintain standard replenishment review
23253,16 PIECE CUTLERY SET PANTRY DESIGN,258,3848.8599999999997,70,18.36652380952381,9,8,0,0.0,31.875,28.666666666666668,26.57301262559441,0.8336631411951188,False,False,High-Revenue Priority,Prioritize inventory monitoring and avoid stockouts
23254,CHILDRENS CUTLERY DOLLY GIRL,1686,6832.56,294,4.2925364965095,9,8,0,0.0,206.5,187.33333333333334,99.56046260582417,0.4821329908272357,False,False,High-Revenue Priority,Prioritize inventory monitoring and avoid stockouts
23255,CHILDRENS CUTLERY CIRCUS PARADE,1005,4059.8700000000003,155,4.36745018671094,9,8,0,0.0,121.375,111.66666666666667,52.96882506315794,0.4364063856902817,False,False,High-Revenue Priority,Prioritize inventory monitoring and avoid stockouts
23256,CHILDRENS CUTLERY SPACEBOY,2096,8596.52,363,4.476444702018141,9,8,0,0.0,247.0,232.88888888888889,101.9929969584747,0.41292711319220526,False,False,High-Revenue Priority,Prioritize inventory monitoring and avoid stockouts
23263,SET OF 3 WOODEN HEART DECORATIONS,3839,5117.19,443,1.430725693056937,7,6,0,0.0,605.3333333333334,548.4285714285714,348.27728416689285,0.575347936399052,False,False,High-Revenue Priority,Prioritize inventory monitoring and avoid stockouts
23264,SET OF 3 WOODEN SLEIGH DECORATIONS,1962,2689.56,299,1.4983952774988973,7,6,0,0.0,296.3333333333333,280.2857142857143,278.1651787457709,0.938690141999227,False,False,High-Turnover Stable,Keep stable local warehouse inventory
23265,SET OF 3 WOODEN TREE DECORATIONS,1755,2387.29,292,1.5127435624981078,7,6,0,0.0,269.5,250.71428571428572,253.58450268105895,0.9409443513211835,False,False,Regular,Maintain standard replenishment review
23266,SET OF 3 WOODEN STOCKING DECORATION,2041,2728.82,318,1.4763235444329401,7,6,0,0.0,315.3333333333333,291.57142857142856,257.15261357152616,0.8154945462099139,False,False,High-Turnover Stable,Keep stable local warehouse inventory
23267,SET OF 4 SANTA PLACE SETTINGS,1154,1471.95,107,1.3504290249433109,7,6,0,0.0,183.33333333333334,164.85714285714286,149.5348342917685,0.8156445506823736,False,False,Regular,Maintain standard replenishment review
23268,SET OF 2 CERAMIC CHRISTMAS REINDEER,1435,2000.74,88,1.6864364801864802,6,6,0,0.0,239.16666666666666,239.16666666666666,255.53662490270676,1.0684458184085301,False,False,Regular,Maintain standard replenishment review
23269,SET OF 2 CERAMIC CHRISTMAS TREES,779,1152.98,94,1.7434523809523808,7,6,0,0.0,125.5,111.28571428571429,137.9286047199782,1.0990327069320973,False,False,Regular,Maintain standard replenishment review
23270,SET OF 2 CERAMIC PAINTED HEARTS,1174,1646.32,125,1.527518315018315,7,6,0,0.0,191.83333333333334,167.71428571428572,103.43194219711175,0.5391760670570551,False,False,Regular,Maintain standard replenishment review
23271,CHRISTMAS TABLE SILVER CANDLE SPIKE,1731,1496.8899999999999,104,1.1323561360403465,7,6,0,0.0,274.5,247.28571428571428,262.35300646266666,0.9557486574231936,False,False,Regular,Maintain standard replenishment review
23272,TREE T-LIGHT HOLDER WILLIE WINKIE,364,562.22,44,1.757518315018315,7,6,0,0.0,47.666666666666664,52.0,30.051067646036582,0.6304419785881801,False,False,Regular,Maintain standard replenishment review
23273,HEART T-LIGHT HOLDER WILLIE WINKIE,969,1649.05,112,1.885939003352537,7,6,0,0.0,152.0,138.42857142857142,83.73768566183328,0.5509058267225874,False,False,Regular,Maintain standard replenishment review
23274,STAR T-LIGHT HOLDER WILLIE WINKIE,1180,2004.9999999999998,119,1.927017224803095,7,6,0,0.0,187.33333333333334,168.57142857142858,155.46403657009122,0.8298791987727289,False,False,Regular,Maintain standard replenishment review
23275,SET OF 3 HANGING OWLS OLLIE BEAK,3644,4426.72,322,1.5227704375818327,7,6,0,0.0,558.5,520.5714285714286,499.36149230792716,0.894111893120729,False,False,High-Revenue Priority,Prioritize inventory monitoring and avoid stockouts
23280,FOLDING BUTTERFLY MIRROR HOT PINK,2023,1614.1599999999999,157,1.0469113342131724,8,7,0,0.0,261.14285714285717,252.875,164.00551674809455,0.6280298781382175,False,False,High-Turnover Stable,Keep stable local warehouse inventory
23281,FOLDING BUTTERFLY MIRROR RED,1280,1000.8199999999999,101,0.9709876600008179,8,7,0,0.0,161.85714285714286,160.0,130.63106900916102,0.8070763310362994,False,False,Regular,Maintain standard replenishment review
23282,FOLDING BUTTERFLY MIRROR IVORY,812,757.8599999999999,135,1.2885180650113641,8,7,0,0.0,114.28571428571429,101.5,55.70671499234266,0.4874337561829983,False,False,Regular,Maintain standard replenishment review
23283,DOORMAT VINTAGE LEAF,988,6953.88,232,9.343935882239455,9,8,0,0.0,117.625,109.77777777777777,99.30175872417509,0.8442232410131782,False,False,High-Revenue Priority,Prioritize inventory monitoring and avoid stockouts
23284,DOORMAT KEEP CALM AND COME IN,5269,36580.84,723,8.921276786671102,9,8,0,0.0,635.375,585.4444444444445,440.98264867063807,0.6940509914155232,False,False,High-Revenue Priority,Prioritize inventory monitoring and avoid stockouts
23285,PINK VINTAGE SPOT BEAKER,4807,4572.41,191,1.1245119897959184,7,6,0,0.0,799.8333333333334,686.7142857142857,743.3245365697721,0.9293492851466206,False,False,High-Revenue Priority,Prioritize inventory monitoring and avoid stockouts
23286,BLUE VINTAGE SPOT BEAKER,5040,4740.820000000001,221,1.06460872506439,7,6,0,0.0,835.8333333333334,720.0,703.6307033285761,0.841831349944458,False,False,High-Revenue Priority,Prioritize inventory monitoring and avoid stockouts
23287,RED VINTAGE SPOT BEAKER,1871,1596.5900000000001,197,1.0792530647127587,7,6,0,0.0,308.0,267.2857142857143,203.28305389284174,0.6600099152364991,False,False,Regular,Maintain standard replenishment review
23288,GREEN VINTAGE SPOT BEAKER,4609,4430.63,183,1.0571737786023498,7,6,0,0.0,765.3333333333334,658.4285714285714,746.5723452329764,0.9754865138061538,False,False,High-Revenue Priority,Prioritize inventory monitoring and avoid stockouts
23289,DOLLY GIRL CHILDRENS BOWL,1614,2003.7,190,1.5562904762969016,7,6,0,0.0,265.0,230.57142857142858,103.17751693077325,0.38934912049348397,False,False,Regular,Maintain standard replenishment review
23290,SPACEBOY CHILDRENS BOWL,2422,2880.35,213,1.447070961910637,7,6,0,0.0,373.1666666666667,346.0,87.95775501152055,0.23570635554672767,False,False,High-Turnover Stable,Keep stable local warehouse inventory
23291,DOLLY GIRL CHILDRENS CUP,1625,2047.7800000000002,193,1.5188620836265538,7,6,0,0.0,266.1666666666667,232.14285714285714,102.70621532636994,0.3858718171310079,False,False,Regular,Maintain standard replenishment review
23292,SPACEBOY CHILDRENS CUP,2164,2682.08,219,1.545273059286555,7,6,0,0.0,336.8333333333333,309.14285714285717,72.25072087298967,0.2144999135269362,False,False,High-Turnover Stable,Keep stable local warehouse inventory
23293,SET OF 12 FAIRY CAKE BAKING CASES,8453,6974.6,549,1.0870030035796574,6,5,0,0.0,1584.4,1408.8333333333333,467.22564141964637,0.2948912152358283,False,False,High-Revenue Priority,Prioritize inventory monitoring and avoid stockouts
23294,SET OF 6 SNACK LOAF BAKING CASES,4382,3599.5099999999998,352,1.121780655086666,6,5,0,0.0,858.4,730.3333333333334,355.684270104822,0.4143572578108365,False,False,High-Revenue Priority,Prioritize inventory monitoring and avoid stockouts
23295,SET OF 12 MINI LOAF BAKING CASES,6132,5071.79,443,1.138794452885511,6,5,0,0.0,1184.2,1022.0,230.80554586057937,0.19490419343065307,False,False,High-Revenue Priority,Prioritize inventory monitoring and avoid stockouts
23296,SET OF 6 TEA TIME BAKING CASES,4969,5973.05,376,1.566192262700535,6,5,0,0.0,984.0,828.1666666666666,453.9206979198018,0.46130152227622134,False,False,High-Revenue Priority,Prioritize inventory monitoring and avoid stockouts
23297,SET 40 HEART SHAPE PETIT FOUR CASES,4281,6755.929999999999,158,1.7714784089150286,5,5,0,0.0,856.2,856.2,891.2610167622054,1.0409495640763902,False,False,High-Revenue Priority,Prioritize inventory monitoring and avoid stockouts
23298,SPOTTY BUNTING,8459,43113.53,1144,5.652393449396871,8,7,0,0.0,1188.7142857142858,1057.375,418.8602449050337,0.3523641045950289,False,False,High-Revenue Priority,Prioritize inventory monitoring and avoid stockouts
23299,FOOD COVER WITH BEADS SET 2,1004,3742.8799999999997,144,4.878595777977214,8,7,0,0.0,142.85714285714286,125.5,158.0668936151491,1.1064682553060436,False,False,High-Revenue Priority,Prioritize inventory monitoring and avoid stockouts
23300,GARDENERS KNEELING PAD CUP OF TEA,6665,11567.59,754,1.8997837922550649,8,7,0,0.0,889.1428571428571,833.125,340.4748784523505,0.38292483116427595,False,False,High-Revenue Priority,Prioritize inventory monitoring and avoid stockouts
23301,GARDENERS KNEELING PAD KEEP CALM,8703,16174.949999999999,908,1.935020555847519,8,7,0,0.0,1143.2857142857142,1087.875,733.5531596927642,0.6416184078282331,False,False,High-Revenue Priority,Prioritize inventory monitoring and avoid stockouts
23302,KNEELING MAT HOUSEWORK  DESIGN,1505,2130.27,227,1.8788294583731884,8,7,0,0.0,152.85714285714286,188.125,51.12216926614314,0.33444409800280556,False,False,Regular,Maintain standard replenishment review
23303,SET 4 PICNIC CUTLERY FONDANT,65,126.75,6,1.95,3,2,0,0.0,26.5,21.666666666666668,0.7071067811865476,0.026683274761756512,True,False,Long-Tail,Limit stock and avoid excessive local warehouse space
23304,SET 4 PICNIC CUTLERY CHERRY,71,138.45,9,1.95,3,2,0,0.0,23.5,23.666666666666668,21.920310216782973,0.9327791581609776,True,False,Long-Tail,Limit stock and avoid excessive local warehouse space
23305,SET 4 PICNIC CUTLERY BLUEBERRY,82,159.9,9,1.95,3,2,0,0.0,29.0,27.333333333333332,2.8284271247461903,0.09753196981883415,True,False,Long-Tail,Limit stock and avoid excessive local warehouse space
23306,SET OF 36 DOILIES PANTRY DESIGN,2807,4121.93,276,1.9261134598265486,7,6,0,0.0,467.3333333333333,401.0,328.48663087965497,0.7028957864757239,False,False,High-Revenue Priority,Prioritize inventory monitoring and avoid stockouts
23307,SET OF 60 PANTRY DESIGN CAKE CASES,12024,6358.14,627,0.6937905483402828,7,6,0,0.0,1902.1666666666667,1717.7142857142858,611.0680540387189,0.321248429355324,False,False,High-Revenue Priority,Prioritize inventory monitoring and avoid stockouts
23308,SET OF 60 VINTAGE LEAF CAKE CASES,6139,3272.61,382,0.7055918471739803,7,6,0,0.0,950.1666666666666,877.0,358.1672328210199,0.37695200788039285,False,False,High-Revenue Priority,Prioritize inventory monitoring and avoid stockouts
23309,SET OF 60 I LOVE LONDON CAKE CASES,8227,4469.45,405,0.7435936526024147,7,6,0,0.0,1236.0,1175.2857142857142,369.440116933719,0.29889977098197335,False,False,High-Revenue Priority,Prioritize inventory monitoring and avoid stockouts
23310,BUBBLEGUM RING ASSORTED,12050,4997.28,245,0.4773120936398968,7,6,0,0.0,1927.5,1721.4285714285713,561.0514236680983,0.29107726260342326,False,False,High-Revenue Priority,Prioritize inventory monitoring and avoid stockouts
23311,VINTAGE CHRISTMAS STOCKING,2384,6472.9,343,2.9716812630427487,6,5,0,0.0,431.6,397.3333333333333,360.9671730227002,0.8363465547328549,False,False,High-Revenue Priority,Prioritize inventory monitoring and avoid stockouts
23312,VINTAGE CHRISTMAS GIFT SACK,1422,5960.0,213,4.494537510152265,6,5,0,0.0,261.2,237.0,145.88248695439765,0.5585087555681381,False,False,High-Revenue Priority,Prioritize inventory monitoring and avoid stockouts
23313,VINTAGE CHRISTMAS BUNTING,2977,15734.310000000001,399,5.41533236341932,6,5,0,0.0,528.4,496.1666666666667,446.5941110225257,0.8451818906558018,False,False,High-Revenue Priority,Prioritize inventory monitoring and avoid stockouts
23314,VINTAGE CHRISTMAS TABLECLOTH,403,4962.96,116,13.50571060389658,6,5,0,0.0,75.8,67.16666666666667,42.73991109022105,0.5638510697918344,False,False,High-Revenue Priority,Prioritize inventory monitoring and avoid stockouts
23315,IVORY REFECTORY CLOCK,201,1996.44,85,11.060569340016709,7,6,0,0.0,32.166666666666664,28.714285714285715,14.94545638870445,0.46462558721360986,False,False,Regular,Maintain standard replenishment review
23316,RED REFECTORY CLOCK,250,2501.64,110,11.019607179828453,7,6,0,0.0,39.666666666666664,35.714285714285715,18.726095873584185,0.47208645059455934,False,False,Regular,Maintain standard replenishment review
23317,BLUE REFECTORY CLOCK,173,1777.46,82,11.528037940817354,7,6,0,0.0,27.5,24.714285714285715,12.864680330268609,0.46780655746431304,False,False,Regular,Maintain standard replenishment review
23318,BOX OF 6 MINI VINTAGE CRACKERS,3669,8853.17,373,2.7293105764214918,6,5,0,0.0,688.0,611.5,513.1398444868611,0.7458427972192748,False,False,High-Revenue Priority,Prioritize inventory monitoring and avoid stockouts
23319,BOX OF 6 MINI 50'S CRACKERS,3624,9019.85,401,2.621988605427766,6,5,0,0.0,686.2,604.0,534.8165105903146,0.7793886776308868,False,False,High-Revenue Priority,Prioritize inventory monitoring and avoid stockouts
23320,GIANT 50'S CHRISTMAS CRACKER,2649,7018.89,332,2.7209256554509724,6,5,0,0.0,459.0,441.5,286.0463249195836,0.6231946076679381,False,False,High-Revenue Priority,Prioritize inventory monitoring and avoid stockouts
23321,SMALL WHITE HEART OF WICKER,4699,8410.49,627,1.7506293542188975,7,6,0,0.0,753.6666666666666,671.2857142857143,362.26877683105215,0.4806750687718516,False,False,High-Revenue Priority,Prioritize inventory monitoring and avoid stockouts
23322,LARGE WHITE HEART OF WICKER,3029,8776.210000000001,561,3.171160110040617,7,6,0,0.0,492.6666666666667,432.7142857142857,207.88522474352683,0.42195918418848477,False,False,High-Revenue Priority,Prioritize inventory monitoring and avoid stockouts
23323,WHITE WICKER STAR,1469,3146.78,294,2.374949599220116,7,6,0,0.0,222.16666666666666,209.85714285714286,195.45374559385314,0.8797617956212445,False,False,High-Revenue Priority,Prioritize inventory monitoring and avoid stockouts
23324,RUSTIC STRAWBERRY JAM POT LARGE,387,791.08,43,2.534193181818182,5,4,0,0.0,96.25,77.4,69.84924242013413,0.7257064147546404,False,False,Regular,Maintain standard replenishment review
23325,RUSTIC STRAWBERRY JAM POT SMALL,462,740.9399999999999,35,1.7829166666666667,4,4,0,0.0,115.5,115.5,57.442725097845646,0.49733961123675885,False,False,Regular,Maintain standard replenishment review
23326,HANGING MINI COLOURED BOTTLES,3442,2237.0800000000004,76,2.6616751596229857,5,4,0,0.0,750.5,688.4,459.2228943189425,0.6118892662477582,False,False,High-Turnover Stable,Keep stable local warehouse inventory
23327,HANGING CLEAR MINI BOTTLE,1734,1051.14,41,0.7343463203463203,5,4,0,0.0,432.5,346.8,171.0721095522782,0.3955424498318571,False,False,Regular,Maintain standard replenishment review
23328,SET 6 SCHOOL MILK BOTTLES IN CRATE,2837,13254.49,404,4.925043959484153,5,4,0,0.0,631.75,567.4,193.49310926576516,0.3062811385291099,False,False,High-Revenue Priority,Prioritize inventory monitoring and avoid stockouts
23329,DECORATIVE WICKER HEART LARGE,1767,3038.1899999999996,233,1.7781149155722324,5,4,0,0.0,414.25,353.4,86.05569901716756,0.20773856129672313,False,False,Regular,Maintain standard replenishment review
23330,DECORATIVE WICKER HEART MEDIUM,1794,2286.9700000000003,216,1.3958885361552027,5,4,0,0.0,434.75,358.8,202.52962746225552,0.4658530821443485,False,False,Regular,Maintain standard replenishment review
23331,DECORATIVE WICKER HEART SMALL,1596,1062.28,109,0.7846448717948717,5,4,0,0.0,372.0,319.2,130.34057950871122,0.3503779019051377,False,False,Regular,Maintain standard replenishment review
23332,IVORY WICKER HEART LARGE,2059,3542.7099999999996,287,1.7759541995295418,5,4,0,0.0,474.75,411.8,108.80984943162697,0.22919399564323745,False,False,High-Revenue Priority,Prioritize inventory monitoring and avoid stockouts
23333,IVORY WICKER HEART MEDIUM,2077,2680.45,232,1.3227800854295206,5,4,0,0.0,492.75,415.4,235.4150589915607,0.47775760322995575,False,False,High-Turnover Stable,Keep stable local warehouse inventory
23334,IVORY WICKER HEART SMALL,2271,1491.7500000000002,130,0.7929506514157677,5,4,0,0.0,543.25,454.2,193.613661708052,0.3563988250493364,False,False,High-Turnover Stable,Keep stable local warehouse inventory
23335,EGG FRYING PAN IVORY,365,765.82,94,2.322057823129252,7,6,0,0.0,56.5,52.142857142857146,38.816233717350784,0.6870129861478015,False,False,Regular,Maintain standard replenishment review
23336,EGG FRYING PAN PINK,225,519.25,85,2.577873093681917,7,6,0,0.0,33.166666666666664,32.142857142857146,22.382284661460872,0.6748427536118856,False,False,Regular,Maintain standard replenishment review
23337,EGG FRYING PAN MINT,180,388.75,69,2.3121938775510205,7,6,0,0.0,28.166666666666668,25.714285714285715,18.356651837049878,0.6517154498360903,False,False,Regular,Maintain standard replenishment review
23338,EGG FRYING PAN RED,425,902.9200000000001,108,2.3045830161218093,7,6,0,0.0,55.0,60.714285714285715,25.96150997149434,0.47202745402716983,False,False,Regular,Maintain standard replenishment review
23339,EGG FRYING PAN BLUE,173,400.84000000000003,76,2.490307192807193,7,6,0,0.0,26.166666666666668,24.714285714285715,15.94260539142416,0.6092715436213054,False,False,Regular,Maintain standard replenishment review
23340,VINTAGE CHRISTMAS CAKE FRILL,2500,4034.08,151,1.9861179354667726,6,5,0,0.0,487.6,416.6666666666667,450.32466066161646,0.9235534468039713,False,False,High-Revenue Priority,Prioritize inventory monitoring and avoid stockouts
23341,PINK DINER WALL CLOCK,307,2741.35,121,9.760540507111935,7,6,0,0.0,46.5,43.857142857142854,25.16942589730644,0.54127797628616,False,False,Regular,Maintain standard replenishment review
23342,MINT DINER WALL CLOCK,373,3176.4100000000003,163,8.742595670995671,7,6,0,0.0,60.833333333333336,53.285714285714285,40.41987959737964,0.664436376943227,False,False,High-Revenue Priority,Prioritize inventory monitoring and avoid stockouts
23343,JUMBO BAG VINTAGE CHRISTMAS,5818,13489.91,472,2.577391458480402,7,6,0,0.0,840.1666666666666,831.1428571428571,807.869151946444,0.9615582050542878,False,False,High-Revenue Priority,Prioritize inventory monitoring and avoid stockouts
23344,JUMBO BAG 50'S CHRISTMAS,10025,23289.27,711,2.6110981655702603,7,6,0,0.0,1491.6666666666667,1432.142857142857,1464.598739131871,0.9818539033286287,False,False,High-Revenue Priority,Prioritize inventory monitoring and avoid stockouts
23345,DOLLY GIRL BEAKER,2451,2886.25,174,1.5024786776779677,6,5,0,0.0,474.6,408.5,360.5250338048663,0.7596397678147204,False,False,High-Turnover Stable,Keep stable local warehouse inventory
23346,SPACEBOY BEAKER,2628,3112.34,184,1.516411531007752,6,5,0,0.0,513.6,438.0,341.19906213235697,0.6643283920022527,False,False,High-Turnover Stable,Keep stable local warehouse inventory
23347,I LOVE LONDON BEAKER,832,1042.3,95,1.593621031746032,6,5,0,0.0,159.8,138.66666666666666,153.11009111093887,0.9581357391172645,False,False,Regular,Maintain standard replenishment review
23348,CHILDRENS TOY COOKING UTENSIL SET,734,1608.8500000000001,166,3.4157207376526335,8,8,0,0.0,91.75,91.75,112.64324214084039,1.2277192603906308,False,False,Regular,Maintain standard replenishment review
23349,ROLL WRAP VINTAGE CHRISTMAS,3209,4327.6,336,1.5161010018629837,5,4,0,0.0,733.0,641.8,460.2238585731948,0.6278633814095427,False,False,High-Revenue Priority,Prioritize inventory monitoring and avoid stockouts
23350,ROLL WRAP VINTAGE SPOT,2700,3430.08,304,1.4672897241349778,5,4,0,0.0,618.25,540.0,264.9470072800722,0.4285434812455677,False,False,High-Revenue Priority,Prioritize inventory monitoring and avoid stockouts
23351,ROLL WRAP 50'S CHRISTMAS,3451,4785.77,352,1.5334721195754244,5,4,0,0.0,790.75,690.2,528.6898113891232,0.6685928692875411,False,False,High-Revenue Priority,Prioritize inventory monitoring and avoid stockouts
23352,ROLL WRAP 50'S RED CHRISTMAS,1800,2459.2000000000003,212,1.5261723112892978,5,4,0,0.0,413.0,360.0,192.8419041598584,0.4669295500238702,False,False,Regular,Maintain standard replenishment review
23353,6 GIFT TAGS VINTAGE CHRISTMAS,3995,3500.09,326,0.9888671330534586,5,4,0,0.0,941.5,799.0,438.78202637148513,0.4660456998103931,False,False,High-Revenue Priority,Prioritize inventory monitoring and avoid stockouts
23354,6 GIFT TAGS 50'S CHRISTMAS,3692,3389.56,320,0.9902864869871258,5,4,0,0.0,876.25,738.4,511.36378114476065,0.5835820612208396,False,False,High-Revenue Priority,Prioritize inventory monitoring and avoid stockouts
23355,HOT WATER BOTTLE KEEP CALM,5780,28559.8,779,5.3308024925456525,5,4,0,0.0,1275.0,1156.0,897.1930301408573,0.7036808079536135,False,False,High-Revenue Priority,Prioritize inventory monitoring and avoid stockouts
23356,LOVE HOT WATER BOTTLE,2354,13304.570000000002,476,6.2349982261782895,5,4,0,0.0,551.25,470.8,428.41753387709673,0.7771746646296539,False,False,High-Revenue Priority,Prioritize inventory monitoring and avoid stockouts
23357,HOT WATER BOTTLE SEX BOMB,450,1982.05,102,4.924070995670996,5,4,0,0.0,91.75,90.0,65.4592748712256,0.7134525871523226,False,False,Regular,Maintain standard replenishment review
23358,HOT STUFF HOT WATER BOTTLE,594,2008.38,89,4.119827654203382,5,4,0,0.0,115.0,118.8,88.63783992554572,0.770763825439528,False,False,Regular,Maintain standard replenishment review
23359,SET OF 12 T-LIGHTS VINTAGE DOILY,990,1866.46,79,1.970966112531969,5,4,0,0.0,241.0,198.0,35.270384177096794,0.14635014181367964,False,False,Regular,Maintain standard replenishment review
23360,SET 8 CANDLES VINTAGE DOILY,1182,2286.4,114,2.107532541029994,5,4,0,0.0,292.75,236.4,60.5660796155736,0.20688669381920957,False,False,Regular,Maintain standard replenishment review
23365,SET 12 COLOUR PENCILS LOVE LONDON,1857,1463.0800000000002,169,0.8095846702317291,4,3,0,0.0,597.0,464.25,304.3994086722246,0.5098817565698904,False,False,Regular,Maintain standard replenishment review
23366,SET 12 COLOURING PENCILS DOILY,2249,1667.95,195,0.8182643905320068,4,3,0,0.0,672.0,562.25,483.1676727596746,0.71899951303523,False,False,High-Turnover Stable,Keep stable local warehouse inventory
23367,SET 12 COLOUR PENCILS SPACEBOY,3262,2480.8,281,0.760980235042735,4,3,0,0.0,986.3333333333334,815.5,581.374520712194,0.5894300649329443,False,False,High-Turnover Stable,Keep stable local warehouse inventory
23368,SET 12 COLOUR PENCILS DOLLY GIRL,2379,1679.5500000000002,232,0.8150604509716659,4,3,0,0.0,747.0,594.75,455.2768388574143,0.6094736798626698,False,False,High-Turnover Stable,Keep stable local warehouse inventory
23369,SET 36 COLOUR PENCILS LOVE LONDON,1105,1581.0600000000002,126,1.5111613033943554,4,3,0,0.0,333.6666666666667,276.25,146.50028441383085,0.4390617914500425,False,False,Regular,Maintain standard replenishment review
23370,SET 36 COLOURING PENCILS DOILY,1550,2151.6,151,1.57517706992707,4,3,0,0.0,480.3333333333333,387.5,273.7450151753148,0.5699063466522862,False,False,Regular,Maintain standard replenishment review
23371,SET 36 COLOUR PENCILS SPACEBOY,1705,2304.78,185,1.5555080889787662,4,3,0,0.0,540.0,426.25,326.4368239031865,0.6045126368577528,False,False,Regular,Maintain standard replenishment review
23372,SET 36 COLOUR PENCILS DOLLY GIRL,1373,1730.29,146,1.7132777777777777,4,3,0,0.0,441.3333333333333,343.25,264.9421320464779,0.6003220514648292,False,False,Regular,Maintain standard replenishment review
23373,VINTAGE CHRISTMAS PAPER GIFT BAG,1608,1313.3899999999999,100,0.9252905982905982,5,4,0,0.0,387.5,321.6,258.5272390548689,0.667167068528694,False,False,Regular,Maintain standard replenishment review
23374,RED SPOT PAPER GIFT BAG,2446,1954.63,130,0.8738949407223601,5,4,0,0.0,533.0,489.2,314.35330442036076,0.5897810589500202,False,False,High-Turnover Stable,Keep stable local warehouse inventory
23375,50'S CHRISTMAS PAPER GIFT BAG,1342,1100.6899999999998,103,0.9622406195954583,5,4,0,0.0,326.0,268.4,259.89356795939887,0.797219533617788,False,False,Regular,Maintain standard replenishment review
23376,PACK OF 12 VINTAGE CHRISTMAS TISSUE,3015,1375.55,154,0.5115876325215222,4,3,0,0.0,937.3333333333334,753.75,242.05853286619194,0.2582416780222531,False,False,High-Turnover Stable,Keep stable local warehouse inventory
23377,PACK OF 12 DOLLY GIRL TISSUES,1351,592.4499999999999,133,0.5911769695227143,4,3,0,0.0,433.6666666666667,337.75,127.3355148155193,0.29362532240319594,False,False,Regular,Maintain standard replenishment review
23378,PACK OF 12 50'S CHRISTMAS TISSUES,3997,1840.08,176,0.4714552419354839,4,3,0,0.0,1265.6666666666667,999.25,401.0066499864227,0.31683432972327313,False,False,High-Turnover Stable,Keep stable local warehouse inventory
23379,PACK OF 12 RED APPLE TISSUES,1220,465.35999999999996,76,0.5618657407407408,4,3,0,0.0,396.6666666666667,305.0,304.88741091316535,0.7686237249911732,False,False,Regular,Maintain standard replenishment review
23380,PACK OF 12 VINTAGE DOILY TISSUES,2320,974.1400000000001,120,0.5029569159178434,4,3,0,0.0,725.6666666666666,580.0,339.7710013131393,0.46821911067497385,False,False,High-Turnover Stable,Keep stable local warehouse inventory
23381,PACK OF 12 VINTAGE LEAF TISSUES,1496,562.88,80,0.5012439538149478,4,3,0,0.0,471.6666666666667,374.0,416.7401268576537,0.8835479721363683,False,False,Regular,Maintain standard replenishment review
23382,BOX OF 6 CHRISTMAS CAKE DECORATIONS,1863,7311.18,219,4.763935551294235,3,2,0,0.0,754.0,621.0,74.95331880577403,0.09940758462304249,True,False,High-Revenue Priority,Prioritize inventory monitoring and avoid stockouts
23388,WOODLAND MINI BACKPACK,821,3432.09,154,4.800358107088989,4,3,0,0.0,262.0,205.25,102.50365847129555,0.3912353376767006,False,False,High-Revenue Priority,Prioritize inventory monitoring and avoid stockouts
23389,SPACEBOY MINI BACKPACK,1115,4751.49,237,4.523748274672188,4,3,0,0.0,354.3333333333333,278.75,79.22331306713531,0.2235841384773339,False,False,High-Revenue Priority,Prioritize inventory monitoring and avoid stockouts
23390,DOLLY GIRL MINI BACKPACK,747,3025.59,163,4.459701548451549,4,3,0,0.0,220.66666666666666,186.75,127.45325940647156,0.5775827465550071,False,False,Regular,Maintain standard replenishment review
23391,I LOVE LONDON MINI BACKPACK,389,1628.17,87,4.797891009852217,4,3,0,0.0,121.0,97.25,53.018864567246254,0.43817243444005166,False,False,Regular,Maintain standard replenishment review
23392,SPACEBOY ROCKET LOLLY MAKERS,638,1425.11,112,2.7334059706257983,4,3,0,0.0,203.66666666666666,159.5,21.825062046494466,0.10716069744596302,False,False,Regular,Maintain standard replenishment review
23393,HOME SWEET HOME CUSHION COVER,785,3147.91,227,4.62577814739704,4,3,0,0.0,249.33333333333334,196.25,36.2537354397217,0.14540268224487313,False,False,High-Revenue Priority,Prioritize inventory monitoring and avoid stockouts
23394,POSTE FRANCE CUSHION COVER,435,1877.6499999999999,150,5.190614225698971,4,3,0,0.0,137.33333333333334,108.75,39.01709027251177,0.2841050262561537,False,False,Regular,Maintain standard replenishment review
23395,BELLE JARDINIERE CUSHION COVER,747,3253.33,209,5.1630780542986425,4,3,0,0.0,231.0,186.75,8.717797887081348,0.03773938479255995,False,False,High-Revenue Priority,Prioritize inventory monitoring and avoid stockouts
23396,LE JARDIN BOTANIQUE CUSHION COVER,650,2735.53,195,4.853606301995653,4,3,0,0.0,205.66666666666666,162.5,18.71719352182194,0.09100742393106293,False,False,Regular,Maintain standard replenishment review
23397,FOOT STOOL HOME SWEET HOME,487,5077.75,216,12.8528118084857,4,3,0,0.0,158.66666666666666,121.75,26.57693235370353,0.1675016744981315,False,False,High-Revenue Priority,Prioritize inventory monitoring and avoid stockouts
23398,HANGING HEART BONHEUR,606,535.35,69,1.0544148550724637,4,3,0,0.0,177.66666666666666,151.5,62.69237061503842,0.35286512541297427,False,False,Regular,Maintain standard replenishment review
23399,HOME SWEET HOME HANGING HEART,1914,1745.55,225,1.1775544977080217,4,3,0,0.0,623.6666666666666,478.5,218.59627932179754,0.3505017840541917,False,False,High-Turnover Stable,Keep stable local warehouse inventory
23400,SHELF WITH 4 HOOKS HOME SWEET HOME,459,2396.84,106,6.851132775119617,4,3,0,0.0,152.0,114.75,154.79341071247185,1.0183777020557359,False,False,Regular,Maintain standard replenishment review
23401,RUSTIC MIRROR WITH LACE HEART,459,2354.87,83,7.436193627450981,4,3,0,0.0,101.33333333333333,114.75,81.4636933445405,0.8039180264263865,False,False,Regular,Maintain standard replenishment review
23402,HOME SWEET HOME 3 PEG HANGER,296,1147.28,68,4.789477777777778,4,3,0,0.0,92.66666666666667,74.0,35.444792753426185,0.3824977635261818,False,False,Regular,Maintain standard replenishment review
23403,LETTER HOLDER HOME SWEET HOME,625,2204.11,134,4.615469073324337,4,3,0,0.0,196.0,156.25,59.270566050949775,0.30240084719872334,False,False,Regular,Maintain standard replenishment review
23404,HOME SWEET HOME BLACKBOARD,1005,4532.06,168,6.034422955974843,4,3,0,0.0,273.0,251.25,123.07721153812349,0.45083227669642306,False,False,High-Revenue Priority,Prioritize inventory monitoring and avoid stockouts
23405,HOME SWEET HOME 2 DRAWER CABINET,252,1311.48,70,6.2919833333333335,4,3,0,0.0,77.0,63.0,23.643180835073778,0.3070542965593997,False,False,Regular,Maintain standard replenishment review
23406,HOME SWEET HOME KEY HOLDER,455,2416.41,110,7.085905005991213,4,3,0,0.0,147.0,113.75,71.58212067269312,0.48695320185505525,False,False,Regular,Maintain standard replenishment review
23407,SET OF 2 TRAYS HOME SWEET HOME,260,2659.68,130,10.808256113256112,4,3,0,0.0,78.66666666666667,65.0,2.516611478423585,0.031990823878265906,False,False,Regular,Maintain standard replenishment review
23408,PHOTO FRAME LINEN AND LACE SMALL,298,619.84,57,2.08,4,3,0,0.0,95.0,74.5,34.77067730142742,0.36600712948870967,False,False,Regular,Maintain standard replenishment review
23409,PHOTO FRAME LINEN AND LACE LARGE,209,779.1800000000001,42,3.7875243055555554,4,3,0,0.0,65.66666666666667,52.25,17.214335111567145,0.2621472352015301,False,False,Regular,Maintain standard replenishment review
23410,CURIO CABINET LINEN AND LACE,36,290.1,18,7.914285714285715,3,3,0,0.0,12.0,12.0,7.211102550927978,0.6009252125773316,False,False,Long-Tail,Limit stock and avoid excessive local warehouse space
23411,TRELLIS COAT RACK,226,1113.66,55,5.662,4,3,0,0.0,73.33333333333333,56.5,44.45597072760118,0.6062177826491071,False,False,Regular,Maintain standard replenishment review
23412,HEART MIRROR ANTIQUE WHITE,356,2339.8,75,7.703010664479081,2,3,1,0.3333333333333333,118.66666666666667,178.0,103.58732226162299,0.8729268729912049,False,False,Regular,Maintain standard replenishment review
23413,VINTAGE COFFEE GRINDER BOX,161,849.91,57,6.3038823529411765,4,3,0,0.0,48.0,40.25,13.74772708486752,0.28641098093474,False,False,Regular,Maintain standard replenishment review
23414,ZINC BOX SIGN HOME,137,1338.9499999999998,63,10.065084175084174,3,3,0,0.0,45.666666666666664,45.666666666666664,7.637626158259733,0.16724728813707446,False,False,Regular,Maintain standard replenishment review
23415,HOME SWEET HOME HOOK,328,412.17999999999995,47,1.4135833333333334,4,3,0,0.0,74.33333333333333,82.0,31.53305144341939,0.42421145439577657,False,False,Regular,Maintain standard replenishment review
23416,CHAMBRE HOOK,132,184.67999999999998,25,1.8941666666666668,4,3,0,0.0,30.0,33.0,26.962937525425527,0.8987645841808509,False,False,Regular,Maintain standard replenishment review
23417,BATHROOM HOOK,146,157.5,27,1.756,4,3,0,0.0,23.666666666666668,36.5,9.865765724632496,0.4168633404774294,False,False,Regular,Maintain standard replenishment review
23418,LAVENDER TOILETTE BOTTLE,557,1166.0,79,2.5037491776315792,4,3,0,0.0,175.0,139.25,99.83486364992943,0.5704849351424539,False,False,Regular,Maintain standard replenishment review
23419,HOME SWEET HOME BOTTLE,472,1041.6399999999999,85,2.769199074074074,4,3,0,0.0,149.33333333333334,118.0,43.77594468807422,0.293142486750497,False,False,Regular,Maintain standard replenishment review
23420,PANTRY HOOK TEA STRAINER,164,351.37,32,2.208125,4,3,0,0.0,54.333333333333336,41.0,23.15887159024233,0.42623690043390794,False,False,Regular,Maintain standard replenishment review
23421,PANTRY HOOK SPATULA,160,349.2,33,2.376822916666667,4,3,0,0.0,53.0,40.0,11.357816691600547,0.21429842814340655,False,False,Regular,Maintain standard replenishment review
23422,PANTRY HOOK BALLOON WHISK,213,477.89,47,2.9048809523809522,4,3,0,0.0,69.66666666666667,53.25,18.339392937971894,0.2632448747077305,False,False,Regular,Maintain standard replenishment review
23423,PANTRY 3 HOOK ROLLING PIN HANGER,219,876.9,66,4.822286363636364,4,3,0,0.0,69.66666666666667,54.75,29.569128044860122,0.42443724466306393,False,False,Regular,Maintain standard replenishment review
23424,GINGHAM RECIPE BOOK BOX,462,2509.62,135,6.454574898785426,4,3,0,0.0,144.33333333333334,115.5,26.50157228040128,0.18361366476028598,False,False,Regular,Maintain standard replenishment review
23425,STORAGE TIN HOME SWEET HOME,275,621.44,56,3.0230383403361345,4,3,0,0.0,57.333333333333336,68.75,18.77054430040145,0.32739321454188575,False,False,Regular,Maintain standard replenishment review
23426,METAL SIGN DROP YOUR PANTS,1269,3427.09,205,3.4570099325680808,4,3,0,0.0,399.6666666666667,317.25,28.0416357107308,0.07016255807522302,False,False,High-Revenue Priority,Prioritize inventory monitoring and avoid stockouts
23427,STOOL HOME SWEET HOME,235,2835.58,112,13.029791666666668,4,3,0,0.0,77.33333333333333,58.75,58.28664798505172,0.7537066549791172,False,False,Regular,Maintain standard replenishment review
23428,IVORY RETRO KITCHEN WALL CLOCK,75,659.61,32,9.970625,2,1,0,0.0,39.0,37.5,0.0,0.0,True,False,Long-Tail,Limit stock and avoid excessive local warehouse space
23429,RED RETRO KITCHEN WALL CLOCK,47,400.01,23,8.648823529411764,2,1,0,0.0,31.0,23.5,0.0,0.0,True,False,Long-Tail,Limit stock and avoid excessive local warehouse space
23430,BLUE RETRO KITCHEN WALL CLOCK,36,301.88,18,8.755714285714287,2,1,0,0.0,21.0,18.0,0.0,0.0,True,False,Long-Tail,Limit stock and avoid excessive local warehouse space
23431,NATURAL HANGING QUILTED HEARTS,1437,1161.27,71,1.1334952380952381,5,4,0,0.0,356.25,287.4,200.2171737555664,0.5620131193138705,False,False,Regular,Maintain standard replenishment review
23432,PRETTY HANGING QUILTED HEARTS,1276,1088.36,74,1.2668024132730014,5,4,0,0.0,307.0,255.2,356.11421388837226,1.1599811527308543,False,False,Regular,Maintain standard replenishment review
23433,HANGING QUILTED PATCHWORK APPLES,1222,1078.6999999999998,87,1.2597909407665504,5,4,0,0.0,298.5,244.4,248.896899672669,0.8338254595399297,False,False,Regular,Maintain standard replenishment review
23434,3 RAFFIA RIBBONS 50'S CHRISTMAS,2085,1876.27,198,0.8971641315841157,4,3,0,0.0,643.6666666666666,521.25,207.9286736679993,0.323037815123769,False,False,High-Turnover Stable,Keep stable local warehouse inventory
23435,3 RAFFIA RIBBONS VINTAGE CHRISTMAS,824,732.4200000000001,99,0.9019378284758719,4,3,0,0.0,254.0,206.0,93.37558567420072,0.3676204160401603,False,False,Regular,Maintain standard replenishment review
23436,VINTAGE CHRISTMAS GIFT BAG LARGE,1967,2352.39,113,1.4608722222222221,5,4,0,0.0,478.5,393.4,355.8927741141518,0.7437675530076318,False,False,High-Turnover Stable,Keep stable local warehouse inventory
23437,50'S CHRISTMAS GIFT BAG LARGE,1939,2373.63,131,1.529476746387329,5,4,0,0.0,469.0,387.8,410.94119611772516,0.8762072411891795,False,False,High-Turnover Stable,Keep stable local warehouse inventory
23438,RED SPOT GIFT BAG LARGE,1809,2209.9199999999996,109,1.3925766666666668,5,4,0,0.0,432.0,361.8,303.7081932820823,0.7030282251900053,False,False,Regular,Maintain standard replenishment review
23439,HAND WARMER RED LOVE HEART,3986,8855.51,397,2.1975350179937343,5,4,0,0.0,879.0,797.2,659.1696797234129,0.7499086231210613,False,False,High-Revenue Priority,Prioritize inventory monitoring and avoid stockouts
23440,PAINT YOUR OWN EGGS IN CRATE,164,299.35999999999996,5,2.0075000000000003,2,1,0,0.0,19.0,82.0,0.0,0.0,True,False,Regular,Maintain standard replenishment review
23441,HAND PAINTED HANGING EASTER EGG,22,9.24,3,0.42,2,1,0,0.0,20.0,11.0,0.0,0.0,True,False,Long-Tail,Limit stock and avoid excessive local warehouse space
23442,12 HANGING EGGS HAND PAINTED,40,83.2,7,2.08,2,1,0,0.0,31.0,20.0,0.0,0.0,True,False,Long-Tail,Limit stock and avoid excessive local warehouse space
23445,ICE CREAM BUBBLES,2648,2144.64,100,0.8787813765182186,5,4,0,0.0,622.0,529.6,419.11573580575566,0.6738195109417293,False,False,High-Turnover Stable,Keep stable local warehouse inventory
23446,BLUE BUNNY EASTER EGG BASKET,157,230.25,3,1.5499999999999998,2,2,1,0.5,6.5,78.5,9.192388155425117,1.414213562373095,True,False,Regular,Maintain standard replenishment review
23447,PINK BUNNY EASTER EGG BASKET,158,231.9,4,1.5499999999999998,2,2,1,0.5,7.0,79.0,9.899494936611665,1.4142135623730951,True,False,Regular,Maintain standard replenishment review
23448,CREAM BUNNY EASTER EGG BASKET,25,41.24999999999999,3,1.65,2,2,0,0.0,12.5,12.5,0.7071067811865476,0.0565685424949238,True,False,Long-Tail,Limit stock and avoid excessive local warehouse space
23449,SET OF 6 EASTER RAINBOW CHICKS,12,15.0,1,1.25,1,1,0,0.0,12.0,12.0,0.0,0.0,True,False,Long-Tail,Limit stock and avoid excessive local warehouse space
23451,SQUARE MINI PORTRAIT FRAME,277,556.17,52,2.306200716845878,3,2,0,0.0,118.0,92.33333333333333,60.81118318204309,0.5153490100173143,True,False,Regular,Maintain standard replenishment review
23452,HEART MINI PORTRAIT FRAME,518,1021.76,87,2.1042438513867086,3,2,0,0.0,227.5,172.66666666666666,77.07463914933368,0.33878962263443374,True,False,Regular,Maintain standard replenishment review
23453,OVAL  MINI PORTRAIT FRAME,316,615.98,47,1.9888989441930616,3,2,0,0.0,141.5,105.33333333333333,43.1335136523794,0.3048304851758261,True,False,Regular,Maintain standard replenishment review
23454,THREE MINI HANGING FRAMES,174,733.2,52,4.441904761904762,3,2,0,0.0,76.5,58.0,51.61879502661797,0.6747554905440257,True,False,Regular,Maintain standard replenishment review
23455,SMALL PARLOUR PICTURE FRAME,207,569.43,35,2.8723361823361824,3,2,0,0.0,93.0,69.0,1.4142135623730951,0.01520659744487199,True,False,Regular,Maintain standard replenishment review
23456,MEDIUM PARLOUR PICTURE FRAME,158,634.1,36,4.122820512820513,3,2,0,0.0,75.5,52.666666666666664,2.1213203435596424,0.028096958192842945,True,False,Regular,Maintain standard replenishment review
23457,LARGE PARLOUR PICTURE FRAME,112,549.88,31,5.165208333333333,3,2,0,0.0,47.5,37.333333333333336,21.920310216782973,0.46148021509016784,True,False,Regular,Maintain standard replenishment review
23458,DOLLY CABINET 3 DRAWERS,49,732.55,29,14.949999999999998,3,2,0,0.0,20.0,16.333333333333332,11.313708498984761,0.565685424949238,True,False,Long-Tail,Limit stock and avoid excessive local warehouse space
23459,DOLLY CABINET 2 DRAWERS,31,387.5,18,12.5,3,2,0,0.0,13.0,10.333333333333334,1.4142135623730951,0.10878565864408424,True,False,Long-Tail,Limit stock and avoid excessive local warehouse space
23460,SWEETHEART WALL TIDY,106,987.1799999999998,42,9.774166666666666,3,2,0,0.0,35.5,35.333333333333336,19.091883092036785,0.537799523719346,True,False,Regular,Maintain standard replenishment review
23461,SWEETHEART BIRD HOUSE,843,3024.61,93,4.556492753623189,4,3,0,0.0,66.0,210.75,59.57348403442592,0.9026285459761503,False,False,Regular,Maintain standard replenishment review
23462,ROCOCO WALL MIRROR WHITE,69,1387.59,38,20.54661506707946,3,2,0,0.0,33.5,23.0,7.7781745930520225,0.23218431621050814,True,False,Long-Tail,Limit stock and avoid excessive local warehouse space
23463,VINTAGE ZINC WATERING CAN,13,139.4,8,11.625,3,2,0,0.0,5.0,4.333333333333333,4.242640687119285,0.8485281374238569,True,False,Long-Tail,Limit stock and avoid excessive local warehouse space
23464,VINTAGE ZINC WATERING CAN SMALL,18,99.2,8,6.128333333333333,3,2,0,0.0,6.5,6.0,7.7781745930520225,1.1966422450849266,True,False,Long-Tail,Limit stock and avoid excessive local warehouse space
23465,TUSCAN VILLA BIRD FEEDER,29,247.63,16,11.043333333333331,3,2,0,0.0,14.0,9.666666666666666,2.8284271247461903,0.20203050891044216,True,False,Long-Tail,Limit stock and avoid excessive local warehouse space
23466,TUSCAN VILLA DOVECOTE BIRD FEEDER,55,498.03,27,10.314980158730158,4,3,0,0.0,17.0,13.75,13.45362404707371,0.7913896498278653,False,False,Long-Tail,Limit stock and avoid excessive local warehouse space
23467,VINTAGE ZINC PLANTER,32,120.08000000000001,11,4.178,3,2,0,0.0,10.0,10.666666666666666,2.8284271247461903,0.282842712474619,True,False,Long-Tail,Limit stock and avoid excessive local warehouse space
23468,TUSCAN VILLA BIRD TABLE,19,156.75,11,8.25,2,2,0,0.0,9.5,9.5,2.1213203435596424,0.22329687826943603,True,False,Long-Tail,Limit stock and avoid excessive local warehouse space
23469,CARD HOLDER LOVE BIRD SMALL,332,1355.24,72,4.963181467181467,4,3,0,0.0,106.33333333333333,83.0,102.64664306899341,0.9653289316833237,False,False,Regular,Maintain standard replenishment review
23470,CARD HOLDER LOVE BIRD LARGE,226,1423.0,82,7.029925675675675,3,2,0,0.0,109.0,75.33333333333333,45.254833995939045,0.41518196326549583,True,False,Regular,Maintain standard replenishment review
23471,SIX DRAWER OFFICE TIDY,65,616.79,27,10.026777777777777,4,3,0,0.0,20.666666666666668,16.25,20.132891827388665,0.9741721851962256,False,False,Long-Tail,Limit stock and avoid excessive local warehouse space
23472,NINE DRAWER OFFICE TIDY,58,894.42,33,15.562592592592592,3,2,0,0.0,25.0,19.333333333333332,9.899494936611665,0.3959797974644666,True,False,Long-Tail,Limit stock and avoid excessive local warehouse space
23473,WOODLAND SMALL RED FELT HEART,678,552.02,51,0.9078728070175438,3,2,0,0.0,303.0,226.0,62.22539674441618,0.2053643456911425,True,False,Regular,Maintain standard replenishment review
23474,WOODLAND SMALL BLUE FELT HEART,312,270.96,37,1.00679012345679,3,2,0,0.0,129.0,104.0,123.03657992645927,0.9537719374144129,True,False,Regular,Maintain standard replenishment review
23475,WOODLAND SMALL PINK FELT HEART,286,242.17999999999995,31,0.9615555555555556,3,2,0,0.0,124.0,95.33333333333333,140.0071426749364,1.1290898602817452,True,False,Regular,Maintain standard replenishment review
23476,WOODLAND LARGE RED FELT HEART,205,264.72,22,1.5020833333333334,2,2,0,0.0,102.5,102.5,91.21677477306463,0.8899197538835574,True,False,Regular,Maintain standard replenishment review
23477,WOODLAND LARGE BLUE FELT HEART,92,123.47,13,1.6936666666666667,2,2,0,0.0,46.0,46.0,29.698484809834994,0.6456192349964129,True,False,Long-Tail,Limit stock and avoid excessive local warehouse space
23478,WOODLAND LARGE PINK FELT HEART,285,324.4,13,1.4507407407407407,3,2,0,0.0,136.5,95.0,96.87362902255701,0.7096969159161686,True,False,Regular,Maintain standard replenishment review
23479,WIRE EGG BASKET,113,872.38,44,8.57224074074074,3,2,0,0.0,52.5,37.666666666666664,34.64823227814083,0.6599663291074445,True,False,Regular,Maintain standard replenishment review
23480,MINI LIGHTS WOODLAND MUSHROOMS,1798,6719.14,215,4.4283290665273425,3,2,0,0.0,779.5,599.3333333333334,362.74577874869885,0.4653569964704283,True,False,High-Revenue Priority,Prioritize inventory monitoring and avoid stockouts
23481,PEARLISED IVORY HEART SMALL,228,281.17,29,1.2675438596491226,3,2,0,0.0,102.0,76.0,50.91168824543142,0.49913419848462176,True,False,Regular,Maintain standard replenishment review
23482,PEARLISED IVORY HEART LARGE,418,661.02,39,1.7383208020050125,3,2,0,0.0,190.0,139.33333333333334,89.09545442950498,0.4689234443658157,True,False,Regular,Maintain standard replenishment review
23483,HANGING  BUTTERFLY T-LIGHT HOLDER,1328,1636.36,73,2.4999744572158367,3,2,0,0.0,552.5,442.6666666666667,71.4177848998413,0.12926295909473537,True,False,Regular,Maintain standard replenishment review
23484,HEART TRELLIS TRIPLE T-LIGHT HOLDER,185,547.35,35,3.740625,4,3,0,0.0,57.666666666666664,46.25,53.91041952473876,0.9348627663249496,False,False,Regular,Maintain standard replenishment review
23485,BOTANICAL GARDENS WALL CLOCK,251,5585.719999999999,76,24.720166666666668,3,2,0,0.0,120.0,83.66666666666667,62.22539674441618,0.5185449728701348,True,False,High-Revenue Priority,Prioritize inventory monitoring and avoid stockouts
23486,ANTIQUE HEART SHELF UNIT,265,3991.57,70,17.781443089430894,3,2,0,0.0,52.5,88.33333333333333,23.33452377915607,0.44446711960297275,True,False,High-Revenue Priority,Prioritize inventory monitoring and avoid stockouts
23487,SWEET HEART CAKE CARRIER,74,735.88,41,10.268835978835979,3,2,0,0.0,35.5,24.666666666666668,7.7781745930520225,0.21910350966343725,True,False,Long-Tail,Limit stock and avoid excessive local warehouse space
23489,VINTAGE BELLS GARLAND,913,2709.23,159,3.2737105438401777,3,2,0,0.0,373.5,304.3333333333333,215.667568261897,0.5774232081978501,True,False,Regular,Maintain standard replenishment review
23490,T-LIGHT HOLDER HANGING LOVE BIRD,542,2032.7700000000002,101,4.056070127504554,3,2,0,0.0,249.0,180.66666666666666,135.7645019878171,0.5452389638064944,True,False,Regular,Maintain standard replenishment review
23491,VINTAGE JINGLE BELLS HEART,228,1897.76,78,8.35954248366013,3,2,0,0.0,99.5,76.0,45.96194077712559,0.4619290530364381,True,False,Regular,Maintain standard replenishment review
23492,VINTAGE JINGLE BELLS WREATH,76,635.38,28,8.389666666666667,3,2,0,0.0,34.5,25.333333333333332,23.33452377915607,0.6763630080914802,True,False,Long-Tail,Limit stock and avoid excessive local warehouse space
23493,VINTAGE DOILY TRAVEL SEWING KIT,3964,8497.98,415,2.1592008492924424,4,3,0,0.0,1173.3333333333333,991.0,870.5356588522571,0.7419338001581738,False,False,High-Revenue Priority,Prioritize inventory monitoring and avoid stockouts
23494,VINTAGE DOILY DELUXE SEWING KIT,759,5056.51,200,6.742085959383754,4,3,0,0.0,214.33333333333334,189.75,180.100897647217,0.8402841258812613,False,False,High-Revenue Priority,Prioritize inventory monitoring and avoid stockouts
23495,SET OF 3 PANTRY WOODEN SPOONS,225,306.66,41,1.5976543209876544,3,2,0,0.0,89.5,75.0,119.50104602052653,1.3352072181064416,True,False,Regular,Maintain standard replenishment review
23496,PANTRY KITCHEN THERMOMETER,112,154.51999999999998,31,1.5124561403508772,3,2,0,0.0,41.0,37.333333333333336,52.32590180780452,1.2762415075074274,True,False,Regular,Maintain standard replenishment review
23497,CLASSIC CHROME BICYCLE BELL,2546,3638.62,194,1.5903640920483024,3,2,0,0.0,752.5,848.6666666666666,809.6372644585969,1.0759299195463081,True,False,High-Revenue Priority,Prioritize inventory monitoring and avoid stockouts
23498,CLASSIC BICYCLE CLIPS,1640,2372.68,99,1.6520833333333333,2,1,0,0.0,517.0,820.0,0.0,0.0,True,False,Regular,Maintain standard replenishment review
23499,SET 12 VINTAGE DOILY CHALK,1312,586.23,110,0.489069264069264,3,2,0,0.0,547.0,437.3333333333333,639.224530192639,1.16860060364285,True,False,Regular,Maintain standard replenishment review
23500,KEY RING BASEBALL BOOT ASSORTED,1626,2038.33,98,1.3886293183940241,3,2,0,0.0,675.5,542.0,4.949747468305833,0.00732753141125956,True,False,Regular,Maintain standard replenishment review
23501,KEY RING BASEBALL BOOT UNION JACK,1821,2217.87,112,1.4950333333333334,3,2,0,0.0,669.0,607.0,236.17366491630688,0.3530249101887995,True,False,Regular,Maintain standard replenishment review
23502,PLAYING CARDS VINTAGE DOILY,714,896.41,94,1.3079756542256542,4,3,0,0.0,226.33333333333334,178.5,121.07986345108478,0.5349625778398444,False,False,Regular,Maintain standard replenishment review
23503,PLAYING CARDS KEEP CALM & CARRY ON,3643,4860.55,335,1.2757943800162947,4,3,0,0.0,1142.0,910.75,340.183773863481,0.2978842152920149,False,False,High-Revenue Priority,Prioritize inventory monitoring and avoid stockouts
23504,PLAYING CARDS JUBILEE UNION JACK,1927,2848.89,208,1.3537284598584383,4,3,0,0.0,606.6666666666666,481.75,242.6527010633373,0.39997697977473184,False,False,High-Turnover Stable,Keep stable local warehouse inventory
23505,PLAYING CARDS I LOVE LONDON,1200,1651.29,115,1.3436418650793651,4,3,0,0.0,372.3333333333333,300.0,207.05152337844157,0.5560918264416516,False,False,Regular,Maintain standard replenishment review
23506,MINI PLAYING CARDS SPACEBOY,2723,1129.12,146,0.4851384535005224,4,3,0,0.0,866.0,680.75,948.4086671894137,1.0951601237753046,False,False,High-Turnover Volatile,Monitor closely and replenish in smaller batches
23507,MINI PLAYING CARDS BUFFALO BILL,2882,1155.6699999999998,119,0.48642641614606336,4,3,0,0.0,943.3333333333334,720.5,580.0382171317104,0.6148815022597637,False,False,High-Turnover Stable,Keep stable local warehouse inventory
23508,MINI PLAYING CARDS DOLLY GIRL,2627,1163.45,120,0.47791049104459665,4,3,0,0.0,854.3333333333334,656.75,838.5417898550635,0.9815159459871987,False,False,High-Turnover Stable,Keep stable local warehouse inventory
23509,MINI PLAYING CARDS FUN FAIR,1062,451.46000000000004,65,0.49204973118279566,4,3,0,0.0,349.3333333333333,265.5,405.0263365922435,1.1594265360464986,False,False,Regular,Maintain standard replenishment review
23510,MINI PLAYING CARDS GYMKHANA,2521,1118.8,120,0.519526282051282,4,3,0,0.0,831.0,630.25,609.8696582057514,0.7338985056627574,False,False,High-Turnover Stable,Keep stable local warehouse inventory
23511,EMBROIDERED RIBBON REEL EMILY,571,1252.0100000000002,98,2.461612007168459,4,3,0,0.0,184.0,142.75,119.41105476462387,0.6489731237207819,False,False,Regular,Maintain standard replenishment review
23512,EMBROIDERED RIBBON REEL ROSIE,500,975.2400000000001,57,2.2966815476190474,4,3,0,0.0,162.66666666666666,125.0,182.81228988591914,1.1238460443806506,False,False,Regular,Maintain standard replenishment review
23513,EMBROIDERED RIBBON REEL SUSIE,560,1101.78,69,2.340528846153846,4,3,0,0.0,183.0,140.0,186.20150375332634,1.0174945560291058,False,False,Regular,Maintain standard replenishment review
23514,EMBROIDERED RIBBON REEL SALLY,472,964.91,73,2.2505357142857143,4,3,0,0.0,153.0,118.0,98.04590761474952,0.6408229255865981,False,False,Regular,Maintain standard replenishment review
23515,EMBROIDERED RIBBON REEL DAISY,579,1164.98,71,2.3875714285714285,4,3,0,0.0,186.66666666666666,144.75,185.72650142974572,0.994963400516495,False,False,Regular,Maintain standard replenishment review
23516,EMBROIDERED RIBBON REEL SOPHIE,296,1058.6,42,3.8343939393939395,4,3,0,0.0,94.33333333333333,74.0,106.2512745021599,1.1263385989628258,False,False,Regular,Maintain standard replenishment review
23517,EMBROIDERED RIBBON REEL REBECCA,334,996.38,63,3.487013440860215,4,3,0,0.0,108.66666666666667,83.5,97.96087654432934,0.9014804589968957,False,False,Regular,Maintain standard replenishment review
23518,EMBROIDERED RIBBON REEL RACHEL,355,963.0699999999999,43,3.085892857142857,4,3,0,0.0,116.33333333333333,88.75,134.07957836051443,1.1525465188582904,False,False,Regular,Maintain standard replenishment review
23519,EMBROIDERED RIBBON REEL CLAIRE,224,792.3100000000001,24,4.43052380952381,3,3,0,0.0,74.66666666666667,74.66666666666667,71.38860786801584,0.9560974268037835,False,False,Regular,Maintain standard replenishment review
23520,EMBROIDERED RIBBON REEL RUBY,167,600.55,32,3.9250454545454545,4,3,0,0.0,53.333333333333336,41.75,43.75309512861157,0.8203705336614668,False,False,Regular,Maintain standard replenishment review
23521,WALL ART CAT AND BIRD,413,793.37,44,4.392418300653595,3,2,0,0.0,203.5,137.66666666666666,160.51323932934628,0.7887628468272544,True,False,Regular,Maintain standard replenishment review
23522,WALL ART DOG AND BALL,354,727.4399999999999,32,3.410566239316239,3,2,0,0.0,170.0,118.0,147.07821048680188,0.865165944040011,True,False,Regular,Maintain standard replenishment review
23523,WALL ART TREASURE AHOY,354,1151.3100000000002,40,3.92495670995671,3,2,0,0.0,170.0,118.0,154.14927829866735,0.9067604605803962,True,False,Regular,Maintain standard replenishment review
23524,WALL ART HORSE & PONY,475,1535.13,62,4.449754273504273,3,2,0,0.0,221.0,158.33333333333334,63.63961030678928,0.2879620375872818,True,False,Regular,Maintain standard replenishment review
23525,WALL ART BUFFALO BILL,576,1841.3200000000002,52,4.217666666666666,3,2,0,0.0,277.0,192.0,315.3696244092002,1.1385184996722029,True,False,Regular,Maintain standard replenishment review
23526,WALL ART DOG LICENCE,996,5933.4,141,8.42103674461588,3,2,0,0.0,410.5,332.0,120.91525958289962,0.29455605257710016,True,False,High-Revenue Priority,Prioritize inventory monitoring and avoid stockouts
23527,WALL ART ANIMALS AND NATURE,414,1406.06,47,3.9806499999999994,3,2,0,0.0,199.0,138.0,114.5512985522207,0.5756346660915613,True,False,Regular,Maintain standard replenishment review
23528,WALL ART SPACEBOY,479,1504.49,50,5.290888888888889,3,2,0,0.0,236.0,159.66666666666666,151.32085117392117,0.6411900473471236,True,False,Regular,Maintain standard replenishment review
23529,WALL ART DOLLY GIRL,637,2011.99,37,4.806775362318841,3,2,0,0.0,315.0,212.33333333333334,219.20310216782974,0.6958828640248563,True,False,Regular,Maintain standard replenishment review
23530,WALL ART ONLY ONE PERSON,1056,4436.27,87,5.768720973172587,3,2,0,0.0,414.0,352.0,128.69343417595164,0.3108537057390136,True,False,High-Revenue Priority,Prioritize inventory monitoring and avoid stockouts
23531,WALL ART BIG LOVE,976,5538.259999999999,112,7.678369091226235,3,2,0,0.0,412.0,325.3333333333333,144.2497833620557,0.3501208334030478,True,False,High-Revenue Priority,Prioritize inventory monitoring and avoid stockouts
23532,WALL ART WORK REST AND PLAY,210,901.5800000000002,31,5.1379166666666665,3,2,0,0.0,98.0,70.0,101.82337649086284,1.0390140458251311,True,False,Regular,Maintain standard replenishment review
23533,WALL ART GARDEN HAVEN,215,998.64,36,5.778093434343435,3,2,0,0.0,97.5,71.66666666666667,116.67261889578035,1.1966422450849266,True,False,Regular,Maintain standard replenishment review
23534,WALL ART STOP FOR TEA,1384,8591.05,259,7.887431566613482,3,2,0,0.0,641.5,461.3333333333333,159.0990257669732,0.24801095209193016,True,False,High-Revenue Priority,Prioritize inventory monitoring and avoid stockouts
23535,WALL ART BICYCLE SAFETY,1323,8434.29,214,7.557244876898128,3,2,0,0.0,518.0,441.0,111.72287142747452,0.21568121897195852,True,False,High-Revenue Priority,Prioritize inventory monitoring and avoid stockouts
23536,WALL ART VILLAGE SHOW,622,3418.33,84,7.106729362591431,3,2,0,0.0,296.5,207.33333333333334,211.4249275747777,0.7130688956990816,True,False,High-Revenue Priority,Prioritize inventory monitoring and avoid stockouts
23537,WALL ART I LOVE LONDON,111,581.13,34,6.135855072463767,3,2,0,0.0,55.0,37.0,4.242640687119285,0.077138921583987,True,False,Regular,Maintain standard replenishment review
23538,WALL ART VINTAGE HEART,331,1329.54,32,6.484166666666667,3,2,0,0.0,164.0,110.33333333333333,199.4041122946064,1.2158787335036976,True,False,Regular,Maintain standard replenishment review
23539,WALL ART LOVES' SECRET,247,1227.95,41,7.026590909090909,3,2,0,0.0,120.0,82.33333333333333,118.79393923933998,0.9899494936611665,True,False,Regular,Maintain standard replenishment review
23540,WALL ART THE MAGIC FOREST,150,947.0600000000001,14,6.846666666666667,3,2,0,0.0,74.5,50.0,94.04520189781083,1.2623517033263199,True,False,Regular,Maintain standard replenishment review
23541,WALL ART CLASSIC PUDDINGS,870,6807.41,151,11.642272988505747,3,2,0,0.0,431.0,290.0,166.87720036002523,0.38718607972163627,True,False,High-Revenue Priority,Prioritize inventory monitoring and avoid stockouts
23542,WALL ART 70'S ALPHABET,504,3783.6600000000003,88,10.402482721956405,3,2,0,0.0,183.0,168.0,36.76955262170047,0.2009265170584725,True,False,High-Revenue Priority,Prioritize inventory monitoring and avoid stockouts
23543,WALL ART KEEP CALM,1236,7010.76,103,7.804406805179163,3,2,0,0.0,256.0,412.0,134.35028842544403,0.5248058141618908,True,False,High-Revenue Priority,Prioritize inventory monitoring and avoid stockouts
23544,WALL ART MID CENTURY MODERN,163,1007.53,19,7.096444444444444,3,2,0,0.0,79.5,54.333333333333336,94.04520189781083,1.182958514437872,True,False,Regular,Maintain standard replenishment review
23545,WRAP RED VINTAGE DOILY,2480,1025.6,84,0.4186666666666667,6,5,0,0.0,461.0,413.3333333333333,141.35062787267697,0.306617414040514,False,False,High-Turnover Stable,Keep stable local warehouse inventory
23546,WRAP PAISLEY PARK,3250,1365.0,120,0.42,6,5,0,0.0,615.0,541.6666666666666,153.70426148939399,0.249925628438039,False,False,High-Turnover Stable,Keep stable local warehouse inventory
23547,WRAP FLOWER SHOP,1575,661.5,62,0.42,6,5,0,0.0,290.0,262.5,128.20881404958084,0.44209935879165807,False,False,Regular,Maintain standard replenishment review
23548,WRAP MAGIC FOREST,1075,451.5,43,0.42,6,5,0,0.0,205.0,179.16666666666666,89.09264840602731,0.4345982849074503,False,False,Regular,Maintain standard replenishment review
23549,WRAP BIRD GARDEN,1305,548.1,52,0.42,6,5,0,0.0,256.0,217.5,66.55824516917495,0.25999314519208966,False,False,Regular,Maintain standard replenishment review
23550,WRAP ALPHABET POSTER,1855,763.1,64,0.41904761904761906,6,5,0,0.0,366.0,309.1666666666667,112.21630897512179,0.3066019370904967,False,False,Regular,Maintain standard replenishment review
23551,PACK OF 12 PAISLEY PARK TISSUES,1840,839.84,136,0.5418496206174778,4,3,0,0.0,574.3333333333334,460.0,172.92291153381998,0.30108458189289605,False,False,Regular,Maintain standard replenishment review
23552,BICYCLE PUNCTURE REPAIR KIT,1863,3881.91,116,2.2501751241036954,2,1,0,0.0,623.0,931.5,0.0,0.0,True,False,High-Revenue Priority,Prioritize inventory monitoring and avoid stockouts
23553,LANDMARK FRAME CAMDEN TOWN,568,6444.65,68,13.63612433862434,3,2,0,0.0,214.0,189.33333333333334,193.74725804511402,0.905361018902402,True,False,High-Revenue Priority,Prioritize inventory monitoring and avoid stockouts
23554,LANDMARK FRAME OXFORD STREET,422,4805.530000000001,57,13.77963122605364,3,2,0,0.0,207.0,140.66666666666666,239.00209204105306,1.1545994784591935,True,False,High-Revenue Priority,Prioritize inventory monitoring and avoid stockouts
23555,LANDMARK FRAME NOTTING HILL,421,4780.570000000001,50,13.47275641025641,3,2,0,0.0,205.5,140.33333333333334,238.2949852598665,1.1595863029677203,True,False,High-Revenue Priority,Prioritize inventory monitoring and avoid stockouts
23556,LANDMARK FRAME COVENT GARDEN,436,4937.01,53,13.103303140096621,3,2,0,0.0,212.0,145.33333333333334,237.58787847867995,1.1206975399937733,True,False,High-Revenue Priority,Prioritize inventory monitoring and avoid stockouts
23557,LANDMARK FRAME BAKER STREET,350,3930.27,32,14.07199252136752,3,2,0,0.0,172.5,116.66666666666667,212.83914113715082,1.2338500935487005,True,False,High-Revenue Priority,Prioritize inventory monitoring and avoid stockouts
23558,LANDMARK FRAME LONDON BRIDGE,415,4703.87,52,13.464696969696972,3,2,0,0.0,203.0,138.33333333333334,230.5168106668145,1.1355507914621403,True,False,High-Revenue Priority,Prioritize inventory monitoring and avoid stockouts
23559,WOODLAND BUNNIES LOLLY MAKERS,649,1482.41,124,2.8822984273818117,4,3,0,0.0,187.66666666666666,162.25,62.52466180103122,0.3331687129717472,False,False,Regular,Maintain standard replenishment review
23560,SET OF 6 RIBBONS COUNTRY STYLE,172,499.17999999999995,26,3.491818181818182,2,1,0,0.0,49.0,86.0,0.0,0.0,True,False,Regular,Maintain standard replenishment review
23561,SET OF 6 RIBBONS PARTY,170,475.99999999999994,16,3.235833333333334,2,1,0,0.0,51.0,85.0,0.0,0.0,True,False,Regular,Maintain standard replenishment review
23562,SET OF 6 RIBBONS PERFECTLY PRETTY,251,724.59,43,3.1641935483870967,2,1,0,0.0,33.0,125.5,0.0,0.0,True,False,Regular,Maintain standard replenishment review
23564,EGG CUP MILKMAID INGRID,644,841.31,76,1.8590501792114695,3,2,0,0.0,307.0,214.66666666666666,123.03657992645927,0.40077061865296176,True,False,Regular,Maintain standard replenishment review
23565,EGG CUP MILKMAID HELGA,410,586.31,63,1.9204324045407635,3,2,0,0.0,187.5,136.66666666666666,24.748737341529164,0.13199326582148888,True,False,Regular,Maintain standard replenishment review
23566,EGG CUP MILKMAID HEIDI,881,1156.93,83,1.8426467331118495,3,2,0,0.0,351.5,293.6666666666667,41.71930009000631,0.11868933169276331,True,False,Regular,Maintain standard replenishment review
23567,EGG CUP HENRIETTA HEN PINK,211,291.58000000000004,37,1.8462318840579706,3,2,0,0.0,100.5,70.33333333333333,33.23401871576773,0.3306867533907237,True,False,Regular,Maintain standard replenishment review
23568,EGG CUP HENRIETTA HEN CREAM,630,787.52,48,1.8287301587301588,3,2,0,0.0,238.5,210.0,27.577164466275352,0.11562752396761154,True,False,Regular,Maintain standard replenishment review
23569,TRADTIONAL ALPHABET STAMP SET,954,4717.660000000001,192,5.25284405617739,3,2,0,0.0,348.0,318.0,295.57063453597686,0.849340903839014,True,False,High-Revenue Priority,Prioritize inventory monitoring and avoid stockouts
23570,TRADITIONAL PICK UP STICKS GAME,2772,4931.870000000001,276,1.4067590771773826,3,2,0,0.0,1182.0,924.0,1238.8510806388313,1.0480973609465578,True,False,High-Revenue Priority,Prioritize inventory monitoring and avoid stockouts
23571,TRADITIONAL NAUGHTS & CROSSES,2841,6406.91,257,1.8848999309868875,3,2,0,0.0,1305.5,947.0,1331.482068974269,1.0199020061082107,True,False,High-Revenue Priority,Prioritize inventory monitoring and avoid stockouts
23575,SNACK TRAY PAISLEY PARK,179,367.35,32,2.4575111111111108,2,1,0,0.0,29.0,89.5,0.0,0.0,True,False,Regular,Maintain standard replenishment review
23576,SNACK TRAY RED VINTAGE DOILY,198,400.03999999999996,37,2.2356666666666665,2,1,0,0.0,40.0,99.0,0.0,0.0,True,False,Regular,Maintain standard replenishment review
23578,SNACK TRAY RED GINGHAM,60,125.72,14,2.410222222222222,2,1,0,0.0,19.0,30.0,0.0,0.0,True,False,Long-Tail,Limit stock and avoid excessive local warehouse space
23579,SNACK TRAY I LOVE LONDON,169,358.75,35,2.379814814814815,3,2,0,0.0,15.5,56.333333333333336,12.020815280171307,0.7755364696884715,True,False,Regular,Maintain standard replenishment review
23580,SNACK TRAY HAPPY FOREST,116,234.92,25,2.2043333333333335,2,1,0,0.0,42.0,58.0,0.0,0.0,True,False,Regular,Maintain standard replenishment review
23581,JUMBO BAG PAISLEY PARK,4900,11361.23,336,2.221687690365217,3,2,0,0.0,2105.5,1633.3333333333333,1348.4526317227462,0.6404429502364029,True,False,High-Revenue Priority,Prioritize inventory monitoring and avoid stockouts
23582,VINTAGE DOILY JUMBO BAG RED,4682,9985.81,257,2.1680740248226953,3,2,0,0.0,1290.5,1560.6666666666667,1001.9703089413379,0.7764202316476853,True,False,High-Revenue Priority,Prioritize inventory monitoring and avoid stockouts
23583,LUNCH BAG PAISLEY PARK,3375,5480.83,324,1.8103786378800617,3,2,0,0.0,1493.5,1125.0,1163.1906550518706,0.7788353900581658,True,False,High-Revenue Priority,Prioritize inventory monitoring and avoid stockouts
23597,PAPER BUNTING PAISLEY PARK,243,661.3700000000001,30,3.084545454545455,2,1,0,0.0,104.0,121.5,0.0,0.0,True,False,Regular,Maintain standard replenishment review
23598,PAPER BUNTING VINTAGE PARTY,427,1215.5300000000002,47,3.11952380952381,2,1,0,0.0,217.0,213.5,0.0,0.0,True,False,Regular,Maintain standard replenishment review
23601,SET 10 CARDS SNOWY SNOWDROPS  17100,8,19.92,4,2.49,2,3,1,0.3333333333333333,2.6666666666666665,4.0,3.785938897200183,1.4197270864500686,False,False,Long-Tail,Limit stock and avoid excessive local warehouse space
23602,SET 10 CARDS 3 WISE MEN 17107,1,2.91,1,2.91,1,1,0,0.0,1.0,1.0,0.0,0.0,True,False,Long-Tail,Limit stock and avoid excessive local warehouse space
23603,SET 10 CARD KRAFT REINDEER 17084,20,49.8,14,2.49,3,2,0,0.0,6.5,6.666666666666667,4.949747468305833,0.7614996105085896,True,False,Long-Tail,Limit stock and avoid excessive local warehouse space
23604,SET 10 MINI SANTA & SNOWMAN  17087,4,6.64,2,1.66,1,2,1,0.5,2.0,4.0,2.8284271247461903,1.4142135623730951,True,False,Long-Tail,Limit stock and avoid excessive local warehouse space
23605,SET 10 CARDS 12 DAYS OF XMAS 17059,4,11.64,1,2.91,1,2,1,0.5,2.0,4.0,2.8284271247461903,1.4142135623730951,True,False,Long-Tail,Limit stock and avoid excessive local warehouse space
23607,SET 10 CARDS HATS & STOCKINGS 17081,8,13.28,7,1.66,3,3,0,0.0,2.6666666666666665,2.6666666666666665,1.5275252316519468,0.5728219618694801,False,False,Long-Tail,Limit stock and avoid excessive local warehouse space
23608,SET 10 CARDS RUDOLPHS NOSE 17097,4,11.64,3,2.91,2,1,0,0.0,3.0,2.0,0.0,0.0,True,False,Long-Tail,Limit stock and avoid excessive local warehouse space
23609,SET 10 CARDS SNOWY ROBIN 17099,1,2.91,1,2.91,1,1,0,0.0,1.0,1.0,0.0,0.0,True,False,Long-Tail,Limit stock and avoid excessive local warehouse space
23610,SET 10 CARDS CHRISTMAS ROBIN 17095,3,6.24,3,2.08,2,3,1,0.3333333333333333,1.0,1.5,1.0,1.0,False,False,Long-Tail,Limit stock and avoid excessive local warehouse space
23611,SET 10 CARDS RED RIDING HOOD 17214,40,99.6,16,2.49,4,3,0,0.0,12.0,10.0,8.18535277187245,0.6821127309893709,False,False,Long-Tail,Limit stock and avoid excessive local warehouse space
23612,SET 10 MINICARDS CUTE SNOWMAN 17071,5,8.299999999999999,2,1.66,2,2,0,0.0,2.5,2.5,2.1213203435596424,0.8485281374238569,True,False,Long-Tail,Limit stock and avoid excessive local warehouse space
23613,SET 10 XMAS CARDS & BADGES 17070,11,27.39,6,2.49,2,3,1,0.3333333333333333,3.6666666666666665,5.5,4.041451884327381,1.1022141502711038,False,False,Long-Tail,Limit stock and avoid excessive local warehouse space
23614,SET 10 CARDS 12 DAYS WRAP  17058,26,86.58,11,3.33,4,3,0,0.0,6.0,6.5,6.082762530298219,1.0137937550497031,False,False,Long-Tail,Limit stock and avoid excessive local warehouse space
23615,SET 10 CARDS PRINTED GRAPHIC 17219,4,9.96,4,2.49,3,2,0,0.0,1.5,1.3333333333333333,0.7071067811865476,0.47140452079103173,True,False,Long-Tail,Limit stock and avoid excessive local warehouse space
23616,SET 10 CARDS JINGLE BELLS 17217,8,19.92,7,2.49,2,1,0,0.0,5.0,4.0,0.0,0.0,True,False,Long-Tail,Limit stock and avoid excessive local warehouse space
23617,SET 10 CARDS SWIRLY XMAS TREE 17104,2,5.82,1,2.91,1,1,0,0.0,2.0,2.0,0.0,0.0,True,False,Long-Tail,Limit stock and avoid excessive local warehouse space
23619,SET 10 CARDS POINSETTIA 17093,4,9.96,2,2.49,2,2,0,0.0,2.0,2.0,1.4142135623730951,0.7071067811865476,True,False,Long-Tail,Limit stock and avoid excessive local warehouse space
23620,SET 10 CARDS PERFECT POST 17090,10,24.9,7,2.49,3,3,0,0.0,3.3333333333333335,3.3333333333333335,2.3094010767585034,0.692820323027551,False,False,Long-Tail,Limit stock and avoid excessive local warehouse space
23621,SET 10 CARDS DAVID'S MADONNA 17074,6,14.940000000000001,4,2.49,2,1,0,0.0,2.0,3.0,0.0,0.0,True,False,Long-Tail,Limit stock and avoid excessive local warehouse space
23623,SET 10 CARD CHRISTMAS WELCOME 17112,8,23.28,6,2.91,3,3,0,0.0,2.6666666666666665,2.6666666666666665,1.1547005383792517,0.4330127018922194,False,False,Long-Tail,Limit stock and avoid excessive local warehouse space
23624,SET 10 CARD PERFECT NATIVITY 17089,4,9.96,4,2.49,3,3,0,0.0,1.3333333333333333,1.3333333333333333,0.5773502691896258,0.4330127018922194,False,False,Long-Tail,Limit stock and avoid excessive local warehouse space
23625,SET 6 CARDS SPARKLY REINDEER 17262,9,44.910000000000004,4,4.99,4,3,0,0.0,2.6666666666666665,2.25,2.0816659994661326,0.7806247497997998,False,False,Long-Tail,Limit stock and avoid excessive local warehouse space
23626,SET 10 CARDS DINKY TREE 17076,43,107.07000000000001,16,2.49,3,2,0,0.0,17.5,14.333333333333334,17.67766952966369,1.0101525445522108,True,False,Long-Tail,Limit stock and avoid excessive local warehouse space
23627,SET 10 CARDS XMAS GRAPHIC  17218,7,17.43,2,2.49,1,1,0,0.0,7.0,7.0,0.0,0.0,True,False,Long-Tail,Limit stock and avoid excessive local warehouse space
23628,SET 10 CARDS TRIANGLE ICONS  17220,1,2.91,1,2.91,1,2,1,0.5,0.5,1.0,0.7071067811865476,1.4142135623730951,True,False,Long-Tail,Limit stock and avoid excessive local warehouse space
23629,SET 10 CARDS DRESSING UP 17077,24,59.760000000000005,10,2.49,3,3,0,0.0,8.0,8.0,3.605551275463989,0.45069390943299864,False,False,Long-Tail,Limit stock and avoid excessive local warehouse space
23630,SET 10 CARDS HANGING BAUBLES 17080,2,5.48,2,2.74,2,3,1,0.3333333333333333,0.6666666666666666,1.0,0.5773502691896258,0.8660254037844388,False,False,Long-Tail,Limit stock and avoid excessive local warehouse space
23632,SET 10 CARDS CHEERFUL ROBIN 17065,15,31.200000000000003,10,2.08,3,3,0,0.0,5.0,5.0,5.291502622129181,1.0583005244258363,False,False,Long-Tail,Limit stock and avoid excessive local warehouse space
23633,SET 10 CARDS WORLD CHILDREN 17067,3,7.470000000000001,3,2.49,2,2,0,0.0,1.5,1.5,0.7071067811865476,0.47140452079103173,True,False,Long-Tail,Limit stock and avoid excessive local warehouse space
23634,SET 10 CARDS XMAS CHOIR 17068,5,14.55,5,2.91,4,3,0,0.0,1.3333333333333333,1.25,0.5773502691896257,0.4330127018922193,False,False,Long-Tail,Limit stock and avoid excessive local warehouse space
23635,SET 10 CARDS CHRISTMAS HOLLY  17259,3,12.48,3,4.16,3,2,0,0.0,1.0,1.0,0.0,0.0,True,False,Long-Tail,Limit stock and avoid excessive local warehouse space
23636,SET 10 CARDS WISHING TREE 17116,9,26.19,7,2.91,3,2,0,0.0,1.5,3.0,0.7071067811865476,0.47140452079103173,True,False,Long-Tail,Limit stock and avoid excessive local warehouse space
23637,SET 10 CARDS OUT OF ORDER 17216,11,27.39,9,2.49,4,3,0,0.0,3.3333333333333335,2.75,1.1547005383792515,0.3464101615137754,False,False,Long-Tail,Limit stock and avoid excessive local warehouse space
23638,SET 10 CARDS ROBIN WATERPUMP  17096,2,5.82,2,2.91,2,3,1,0.3333333333333333,0.6666666666666666,1.0,0.5773502691896258,0.8660254037844388,False,False,Long-Tail,Limit stock and avoid excessive local warehouse space
23639,SET 10 CARDS MAGICAL TREE 17086,4,13.32,4,3.33,3,3,0,0.0,1.3333333333333333,1.3333333333333333,0.5773502691896258,0.4330127018922194,False,False,Long-Tail,Limit stock and avoid excessive local warehouse space
23640,SET 10 CARDS SCOTTIE DOG 17211,9,22.41,8,2.49,3,3,1,0.3333333333333333,2.3333333333333335,3.0,2.516611478423583,1.0785477764672498,False,False,Long-Tail,Limit stock and avoid excessive local warehouse space
23643,SET 10 CARDS CHRISTMAS BAUBLE 16954,1,3.33,1,3.33,1,2,1,0.5,0.5,1.0,0.7071067811865476,1.4142135623730951,True,False,Long-Tail,Limit stock and avoid excessive local warehouse space
23644,SET 10 CARDS CHRISTMAS TREE 16955,5,16.65,5,3.33,4,3,0,0.0,1.3333333333333333,1.25,0.5773502691896257,0.4330127018922193,False,False,Long-Tail,Limit stock and avoid excessive local warehouse space
23645,SET 10 CHRISTMAS CARDS HOHOHO 16956,9,22.41,4,2.49,3,2,0,0.0,3.5,3.0,3.5355339059327378,1.0101525445522108,True,False,Long-Tail,Limit stock and avoid excessive local warehouse space
23646,SET 10 CARDS JINGLE BELLS 16957,8,19.92,5,2.49,3,3,0,0.0,2.6666666666666665,2.6666666666666665,2.8867513459481287,1.0825317547305484,False,False,Long-Tail,Limit stock and avoid excessive local warehouse space
23649,SET 10 CARDS DECK THE HALLS 16960,2,4.98,2,2.49,1,1,0,0.0,2.0,2.0,0.0,0.0,True,False,Long-Tail,Limit stock and avoid excessive local warehouse space
23650,SET 10 CARDS FILIGREE BAUBLE 16961,4,9.96,4,2.49,3,3,1,0.3333333333333333,1.0,1.3333333333333333,1.0,1.0,False,False,Long-Tail,Limit stock and avoid excessive local warehouse space
23652,SET 10 CARD CHRISTMAS STAMPS 16963,2,5.82,1,2.91,1,1,0,0.0,2.0,2.0,0.0,0.0,True,False,Long-Tail,Limit stock and avoid excessive local warehouse space
23654,SET 10 CARD SNOWMAN 16965,5,12.450000000000001,4,2.49,3,2,0,0.0,1.5,1.6666666666666667,0.7071067811865476,0.47140452079103173,True,False,Long-Tail,Limit stock and avoid excessive local warehouse space
23660,HENRIETTA HEN MUG,294,514.8599999999999,41,2.3380331262939955,3,2,0,0.0,140.0,98.0,55.154328932550705,0.39395949237536215,True,False,Regular,Maintain standard replenishment review
23661,MILK MAIDS MUG,207,373.78999999999996,32,2.4156613190730836,3,2,0,0.0,97.0,69.0,16.97056274847714,0.17495425513893959,True,False,Regular,Maintain standard replenishment review
23664,FLOWER SHOP DESIGN MUG,1,1.65,1,1.65,1,1,0,0.0,1.0,1.0,0.0,0.0,True,False,Long-Tail,Limit stock and avoid excessive local warehouse space
23681,LUNCH BAG RED VINTAGE DOILY,1576,2525.04,132,1.8944296296296295,2,1,0,0.0,1271.0,788.0,0.0,0.0,True,False,Regular,Maintain standard replenishment review
23691,WRAP KEEP CALM BIRTHDAY,1175,481.5,38,0.41884615384615387,2,1,0,0.0,875.0,587.5,0.0,0.0,True,False,Regular,Maintain standard replenishment review
23692,WRAP A PRETTY THANK YOU,50,21.0,2,0.42,1,1,0,0.0,50.0,50.0,0.0,0.0,True,False,Long-Tail,Limit stock and avoid excessive local warehouse space
23694,PAISLEY PARK CARD,376,165.07999999999998,41,0.5791954022988506,2,1,0,0.0,274.0,188.0,0.0,0.0,True,False,Regular,Maintain standard replenishment review
23695,DOILY THANK YOU CARD,741,313.24,57,0.49978676470588235,2,1,0,0.0,495.0,370.5,0.0,0.0,True,False,Regular,Maintain standard replenishment review
23697,A PRETTY THANK YOU CARD,456,194.57999999999998,35,0.5150384615384616,2,1,0,0.0,358.0,228.0,0.0,0.0,True,False,Regular,Maintain standard replenishment review
23702,HIGH RESOLUTION IMAGE,4,27.0,3,7.125,2,2,0,0.0,2.0,2.0,1.4142135623730951,0.7071067811865476,True,False,Long-Tail,Limit stock and avoid excessive local warehouse space
35001G,HAND OPEN SHAPE GOLD,198,677.34,30,3.8518636363636363,11,12,2,0.16666666666666666,14.25,18.0,16.388049969968417,1.1500385943837486,False,False,Regular,Maintain standard replenishment review
35001W,HAND OPEN SHAPE DECO.WHITE,92,270.02000000000004,5,3.0840000000000005,1,12,11,0.9166666666666666,7.666666666666667,92.0,26.558112382722783,3.464101615137754,False,False,Long-Tail,Limit stock and avoid excessive local warehouse space
35004B,SET OF 3 BLACK FLYING DUCKS,565,2879.01,110,6.073112332112332,13,12,0,0.0,46.25,43.46153846153846,39.54542842214393,0.8550362902085173,False,False,Regular,Maintain standard replenishment review
35004C,SET OF 3 COLOURED  FLYING DUCKS,391,1871.75,38,5.314114832535886,4,12,8,0.6666666666666666,32.583333333333336,97.75,88.75856766156906,2.7240481123755207,False,False,Regular,Maintain standard replenishment review
35004G,SET OF 3 GOLD FLYING DUCKS,127,454.65,21,5.621212121212121,11,12,2,0.16666666666666666,8.5,11.545454545454545,14.286038957349552,1.6807104655705356,False,False,Regular,Maintain standard replenishment review
35004P,SET OF 3 PINK FLYING DUCKS,1,5.45,1,5.45,1,12,11,0.9166666666666666,0.08333333333333333,1.0,0.2886751345948129,3.4641016151377553,False,False,Long-Tail,Limit stock and avoid excessive local warehouse space
35095A,BLUE VICTORIAN FABRIC OVAL BOX,925,388.57,100,0.6911986013986013,13,12,0,0.0,73.0,71.15384615384616,108.96705089988525,1.4926993273956883,False,False,Regular,Maintain standard replenishment review
35095B,RED VICTORIAN FABRIC OVAL BOX,862,352.25,98,0.6523825618825618,13,12,0,0.0,70.41666666666667,66.3076923076923,106.24453640141462,1.5087981500792609,False,False,Regular,Maintain standard replenishment review
35241,ENAMEL BLUE RIM BISCUIT BIN,103,530.49,44,5.779166019166019,6,12,6,0.5,8.583333333333334,17.166666666666668,12.80240271009763,1.491542063312345,False,False,Regular,Maintain standard replenishment review
35265,COLOURFUL FLOWER FRUIT BOWL,17,52.2,12,2.5285714285714285,7,11,4,0.36363636363636365,1.5454545454545454,2.4285714285714284,1.6949121725703882,1.0967078763690747,False,False,Long-Tail,Limit stock and avoid excessive local warehouse space
35271S,GOLD PRINT PAPER BAG,19,3.61,2,0.19,1,12,11,0.9166666666666666,1.5833333333333333,19.0,5.484827557301445,3.464101615137755,False,False,Long-Tail,Limit stock and avoid excessive local warehouse space
35400,WOODEN BOX ADVENT CALENDAR,10,89.5,5,8.95,3,12,9,0.75,0.8333333333333334,3.3333333333333335,1.7494587907710375,2.099350548925245,False,False,Long-Tail,Limit stock and avoid excessive local warehouse space
35443,RASTA IN BATH W SPLIFF ASHTRAY,8,6.8,6,0.85,6,12,6,0.5,0.6666666666666666,1.3333333333333333,0.8876253645985945,1.331438046897892,False,False,Long-Tail,Limit stock and avoid excessive local warehouse space
35471D,SET OF 3 BIRD LIGHT PINK FEATHER,1848,979.11,223,1.3013152996120059,13,12,0,0.0,145.5,142.15384615384616,205.2278113352441,1.4105004215480694,False,False,Regular,Maintain standard replenishment review
35591T,TURQUOISE CHRISTMAS TREE,5,6.25,4,1.25,3,12,9,0.75,0.4166666666666667,1.6666666666666667,0.90033663737852,2.1608079297084477,False,False,Long-Tail,Limit stock and avoid excessive local warehouse space
35597A,DUSTY PINK CHRISTMAS TREE 30CM,1,1.25,1,1.25,1,12,11,0.9166666666666666,0.08333333333333333,1.0,0.2886751345948129,3.4641016151377553,False,False,Long-Tail,Limit stock and avoid excessive local warehouse space
35597B,BLACKCHRISTMAS TREE 30CM,1,1.25,1,1.25,1,12,11,0.9166666666666666,0.08333333333333333,1.0,0.2886751345948129,3.4641016151377553,False,False,Long-Tail,Limit stock and avoid excessive local warehouse space
35597D,PINK/WHITE CHRISTMAS TREE 30CM,46,17.479999999999997,2,0.38,2,4,2,0.5,11.5,23.0,13.30413469565007,1.1568812778826147,False,False,Long-Tail,Limit stock and avoid excessive local warehouse space
35598A,DUSTY PINK CHRISTMAS TREE 60CM,9,26.550000000000004,2,2.95,1,1,0,0.0,9.0,9.0,0.0,0.0,True,False,Long-Tail,Limit stock and avoid excessive local warehouse space
35598B,BLACK CHRISTMAS TREE 60CM,558,460.64,25,2.1911111111111112,6,12,6,0.5,46.5,93.0,93.54483611422046,2.01171690568216,False,False,Regular,Maintain standard replenishment review
35598C,WHITE CHRISTMAS TREE 60CM,2,5.9,2,2.95,1,1,0,0.0,2.0,2.0,0.0,0.0,True,False,Long-Tail,Limit stock and avoid excessive local warehouse space
35598D,PINK/WHITE CHRISTMAS TREE 60CM,684,493.01,42,1.4673484848484848,11,12,2,0.16666666666666666,53.0,62.18181818181818,92.73226368030022,1.7496653524584946,False,False,Regular,Maintain standard replenishment review
35599B,BLACK CHRISTMAS TREE 120CM,217,551.13,27,4.124333333333333,6,12,7,0.5833333333333334,12.083333333333334,36.166666666666664,23.18486313929584,1.918747294286552,False,False,Regular,Maintain standard replenishment review
35599D,PINK AND WHITE CHRISTMAS TREE 120CM,201,553.07,34,3.98,9,12,4,0.3333333333333333,13.333333333333334,22.333333333333332,22.5522961271366,1.691422209535245,False,False,Regular,Maintain standard replenishment review
35607A,PINK FLUFFY CHRISTMAS DECORATION,26,7.82,2,0.9099999999999999,2,12,10,0.8333333333333334,2.1666666666666665,13.0,6.8997145307657926,3.184483629584212,False,False,Long-Tail,Limit stock and avoid excessive local warehouse space
35607B,BLACK FEATHER CHRISTMAS DECORATION,96,18.24,7,0.19,5,9,4,0.4444444444444444,10.666666666666666,19.2,17.153716798408443,1.6081609498507916,False,False,Long-Tail,Limit stock and avoid excessive local warehouse space
35609A,PINK FEATHER CHRISTMAS DECORATION,1,2.51,1,2.51,1,12,11,0.9166666666666666,0.08333333333333333,1.0,0.2886751345948129,3.4641016151377553,False,False,Long-Tail,Limit stock and avoid excessive local warehouse space
35610A,PINK CHRISTMAS FLOCK DROPLET,10,15.02,3,2.09,1,12,11,0.9166666666666666,0.8333333333333334,10.0,2.8867513459481287,3.4641016151377544,False,False,Long-Tail,Limit stock and avoid excessive local warehouse space
35610B,BLACK CHRISTMAS FLOCK DROPLET,24,30.0,1,1.25,1,12,11,0.9166666666666666,2.0,24.0,6.928203230275509,3.4641016151377544,False,False,Long-Tail,Limit stock and avoid excessive local warehouse space
35610C,WHITE CHRISTMAS FLOCK DROPLET,25,32.51,2,1.88,1,12,11,0.9166666666666666,2.0833333333333335,25.0,7.216878364870322,3.4641016151377544,False,False,Long-Tail,Limit stock and avoid excessive local warehouse space
35637A,IVORY STRING CURTAIN WITH POLE,170,440.62,28,6.6365185185185185,9,12,3,0.25,14.166666666666666,18.88888888888889,26.013399810424044,1.8362399866181678,False,False,Regular,Maintain standard replenishment review
35637C,PINK STRING CURTAIN WITH POLE,30,100.85999999999999,9,8.343333333333332,6,11,5,0.45454545454545453,2.727272727272727,5.0,5.081159495448044,1.8630918149976163,False,False,Long-Tail,Limit stock and avoid excessive local warehouse space
35638A,PINK AND BLACK STRING CURTAIN,38,82.1,5,3.55,5,10,5,0.5,3.8,7.6,10.282671507606052,2.705966186212119,False,False,Long-Tail,Limit stock and avoid excessive local warehouse space
35638B,PINK/BLUE STRING CURTAIN,57,128.32999999999998,5,4.0975,4,5,1,0.2,11.4,14.25,20.647033685253678,1.8111433057240067,False,False,Long-Tail,Limit stock and avoid excessive local warehouse space
35645,VINTAGE BEAD PINK JEWEL BOX,4,17.0,3,4.25,2,5,3,0.6,0.8,2.0,1.3038404810405297,1.629800601300662,False,False,Long-Tail,Limit stock and avoid excessive local warehouse space
35646,VINTAGE BEAD PINK EVENING BAG,619,937.25,94,2.0395186507936507,12,12,1,0.08333333333333333,50.333333333333336,51.583333333333336,42.44211744639202,0.8432208764183844,False,False,Regular,Maintain standard replenishment review
35647,VINTAGE BEAD PINK SHADE,13,16.25,2,1.25,2,11,9,0.8181818181818182,1.1818181818181819,6.5,3.6005050150827955,3.046581166608519,False,False,Long-Tail,Limit stock and avoid excessive local warehouse space
35648,VINTAGE BEAD PINK PURSE,955,1046.74,127,1.5994046335745937,11,12,2,0.16666666666666666,78.58333333333333,86.81818181818181,54.86919707703757,0.6982294431860561,False,False,Regular,Maintain standard replenishment review
35649,VINTAGE BEAD COSMETIC BAG,57,156.85,35,2.7895,8,8,1,0.125,6.5,7.125,4.503966505838413,0.6929179239751405,False,False,Long-Tail,Limit stock and avoid excessive local warehouse space
35650,VINTAGE BEAD PINK JEWEL STAND,1,4.95,1,4.95,1,4,3,0.75,0.25,1.0,0.5,2.0,False,False,Long-Tail,Limit stock and avoid excessive local warehouse space
35651,VINTAGE BEAD PINK SCARF,439,966.0399999999998,57,2.4071031746031744,9,12,3,0.25,36.583333333333336,48.77777777777778,40.45302176224874,1.105777360243701,False,False,Regular,Maintain standard replenishment review
35653,VINTAGE BEAD NOTEBOOK,150,433.19,52,3.473307291666667,8,12,4,0.3333333333333333,12.5,18.75,20.174241001832016,1.6139392801465613,False,False,Regular,Maintain standard replenishment review
35809A,ENAMEL PINK TEA CONTAINER,429,525.39,71,2.3848956525930207,7,12,5,0.4166666666666667,35.75,61.285714285714285,51.10617290593094,1.4295432980679983,False,False,Regular,Maintain standard replenishment review
35809B,ENAMEL BLUE RIM TEA CONTAINER,8,9.18,3,1.6766666666666667,1,8,7,0.875,1.0,8.0,2.8284271247461903,2.8284271247461903,False,False,Long-Tail,Limit stock and avoid excessive local warehouse space
35810A,ENAMEL PINK COFFEE CONTAINER,633,640.09,75,1.8541818181818182,11,12,1,0.08333333333333333,52.75,57.54545454545455,45.82402109255482,0.868701821659807,False,False,Regular,Maintain standard replenishment review
35810B,ENAMEL BLUE RIM COFFEE CONTAINER,140,164.13,25,1.5198869047619048,8,12,4,0.3333333333333333,11.666666666666666,17.5,18.016827151473162,1.5442994701262711,False,False,Regular,Maintain standard replenishment review
35815P,"ACRYLIC JEWEL SNOWFLAKE, PINK",162,63.28,5,0.9533333333333335,3,10,7,0.7,16.2,54.0,37.192591854949946,2.295839003391972,False,False,Regular,Maintain standard replenishment review
35816P,"ACRYLIC JEWEL ANGEL,PINK",78,29.64,2,0.38,1,4,3,0.75,19.5,78.0,39.0,2.0,False,False,Long-Tail,Limit stock and avoid excessive local warehouse space
35817P,PINK ACRYLIC JEWEL SNOWFLAKE,18,19.86,2,1.4649999999999999,2,12,10,0.8333333333333334,1.5,9.0,3.729489363048366,2.486326242032244,False,False,Long-Tail,Limit stock and avoid excessive local warehouse space
35818B,"ACRYLIC JEWEL ICICLE, BLUE",31,11.78,3,0.38000000000000006,3,4,1,0.25,7.75,10.333333333333334,11.146748404803978,1.4382901167489004,False,False,Long-Tail,Limit stock and avoid excessive local warehouse space
35818P,"ACRYLIC JEWEL ICICLE, PINK",263,105.83,19,1.2214285714285715,7,12,6,0.5,21.75,37.57142857142857,39.354161152284775,1.809386719645277,False,False,Regular,Maintain standard replenishment review
35819B,"ACRYLIC HANGING JEWEL,BLUE",268,106.05000000000001,24,1.0816666666666668,6,12,6,0.5,22.333333333333332,44.666666666666664,38.89691114946914,1.7416527380359317,False,False,Regular,Maintain standard replenishment review
35819P,"ACRYLIC HANGING JEWEL,PINK",95,66.55000000000001,7,0.6699999999999999,3,3,0,0.0,31.666666666666668,31.666666666666668,16.258331197676263,0.5134209851897767,False,False,Long-Tail,Limit stock and avoid excessive local warehouse space
35833G,4 GOLD FLOCK CHRISTMAS BALLS,2,6.72,1,3.36,1,12,11,0.9166666666666666,0.16666666666666666,2.0,0.5773502691896258,3.4641016151377553,False,False,Long-Tail,Limit stock and avoid excessive local warehouse space
35833P,4 PINK FLOCK CHRISTMAS BALLS,49,88.47,22,2.0404761904761903,7,12,5,0.4166666666666667,4.083333333333333,7.0,6.881573991904803,1.6852834265889316,False,False,Long-Tail,Limit stock and avoid excessive local warehouse space
35909A,RABBIT EASTER DECORATION,8,23.6,3,2.9500000000000006,3,11,8,0.7272727272727273,0.7272727272727273,2.6666666666666665,1.7939291563999449,2.4666525900499243,False,False,Long-Tail,Limit stock and avoid excessive local warehouse space
35909B,PINK FLOWERS RABBIT EASTER,8,23.6,2,2.95,2,10,8,0.8,0.8,4.0,1.9321835661585915,2.4152294576982394,False,False,Long-Tail,Limit stock and avoid excessive local warehouse space
35910A,MULTICOLOUR EASTER RABBIT,20,39.0,4,1.95,3,11,8,0.7272727272727273,1.8181818181818181,6.666666666666667,3.8423477671387793,2.113291271926329,False,False,Long-Tail,Limit stock and avoid excessive local warehouse space
35910B,PINK FLOWERS RABBIT EASTER,13,25.349999999999998,3,1.95,2,9,7,0.7777777777777778,1.4444444444444444,6.5,3.972125095937662,2.749932758726074,False,False,Long-Tail,Limit stock and avoid excessive local warehouse space
35911A,MULTICOLOUR RABBIT EGG WARMER,319,292.07,70,1.3220576563958917,12,12,0,0.0,26.583333333333332,26.583333333333332,34.791478406313374,1.3087703475729169,False,False,Regular,Maintain standard replenishment review
35911B,PINK/FLOWER RABBIT EGG WARMER,119,100.76,15,1.6645454545454548,3,11,8,0.7272727272727273,10.818181818181818,39.666666666666664,30.570633561698333,2.8258568838544678,False,False,Regular,Maintain standard replenishment review
35912B,WHITE/PINK CHICK DECORATION,252,301.26,20,1.4316530612244898,7,11,4,0.36363636363636365,22.90909090909091,36.0,32.476005128262145,1.4176033984558871,False,False,Regular,Maintain standard replenishment review
35913B,WHITE/PINK CHICK EASTER DECORATION,36,35.480000000000004,10,1.0126666666666666,5,11,6,0.5454545454545454,3.272727272727273,7.2,5.587323314269707,1.707237679360188,False,False,Long-Tail,Limit stock and avoid excessive local warehouse space
35914,PINK CHICK EGG WARMER + EGG CUP,195,218.81,40,1.6637938596491229,6,12,6,0.5,16.25,32.5,30.15452626962417,1.8556631550537952,False,False,Regular,Maintain standard replenishment review
35915B,BLUE KNITTED HEN,220,257.22,50,1.2126666666666666,5,12,7,0.5833333333333334,18.333333333333332,44.0,49.644798928045425,2.7078981233479325,False,False,Regular,Maintain standard replenishment review
35915C,PEACH KNITTED HEN,315,316.46,60,1.4212660256410259,4,11,7,0.6363636363636364,28.636363636363637,78.75,52.947658545534814,1.848965853971057,False,False,Regular,Maintain standard replenishment review
35916A,YELLOW FELT HANGING HEART W FLOWER,87,67.39,29,1.06925,8,12,4,0.3333333333333333,7.25,10.875,11.13654916357519,1.5360757467000261,False,False,Long-Tail,Limit stock and avoid excessive local warehouse space
35916B,BLUE FELT HANGING HEART WITH FLOWER,91,76.67999999999999,32,1.210952380952381,7,12,5,0.4166666666666667,7.583333333333333,13.0,11.79721333299701,1.5556764834721333,False,False,Long-Tail,Limit stock and avoid excessive local warehouse space
35916C,PINK FELT HANGING HEART W FLOWER,106,107.72,20,1.070625,8,12,4,0.3333333333333333,8.833333333333334,13.25,11.621557815568705,1.3156480545926834,False,False,Regular,Maintain standard replenishment review
35920,FOUR RABBIT EASTER DECORATIONS,72,104.84,15,1.6475,4,11,7,0.6363636363636364,6.545454545454546,18.0,9.605869417846948,1.4675633832821726,False,False,Long-Tail,Limit stock and avoid excessive local warehouse space
35921,EASTER BUNNY HANGING GARLAND,68,133.23,23,2.6918409090909092,4,11,7,0.6363636363636364,6.181818181818182,17.0,10.675375232919748,1.726898934737018,False,False,Long-Tail,Limit stock and avoid excessive local warehouse space
35922,EASTER BUNNY WREATH,28,138.6,10,4.95,4,11,7,0.6363636363636364,2.5454545454545454,7.0,4.502524544378106,1.7688489281485418,False,False,Long-Tail,Limit stock and avoid excessive local warehouse space
35923,CANDY HEART HANGING DECORATION,1318,690.5200000000001,62,1.049378306878307,12,11,0,0.0,117.63636363636364,109.83333333333333,167.5340399604049,1.4241688095552194,False,False,Regular,Maintain standard replenishment review
35924,HANGING FAIRY CAKE DECORATION,676,1240.9399999999998,72,2.871412087912088,13,12,0,0.0,56.25,52.0,45.936962736499524,0.8166571153155471,False,False,Regular,Maintain standard replenishment review
35933,PINK STOCKING CHRISTMAS DECORATION,226,92.21,19,0.6892857142857143,7,12,5,0.4166666666666667,18.833333333333332,32.285714285714285,35.05536746175666,1.8613469448720352,False,False,Regular,Maintain standard replenishment review
35953,FOLKART STAR CHRISTMAS DECORATIONS,3557,1603.6699999999998,130,1.1758850784632033,8,12,5,0.4166666666666667,263.9166666666667,444.625,582.6877314859499,2.207847419586801,False,False,High-Turnover Volatile,Monitor closely and replenish in smaller batches
35954,SMALL FOLKART STAR CHRISTMAS DEC,1245,350.48,54,0.9932236842105262,8,12,4,0.3333333333333333,103.75,155.625,170.1000374111444,1.6395184328785002,False,False,Regular,Maintain standard replenishment review
35957,SMALLFOLKART BAUBLE CHRISTMAS DEC,592,343.57,40,1.4832336182336183,2,12,10,0.8333333333333334,49.333333333333336,296.0,118.30802119377992,2.398135564738782,False,False,Regular,Maintain standard replenishment review
35958,FOLKART ZINC STAR CHRISTMAS DEC,12,10.2,3,0.85,1,12,11,0.9166666666666666,1.0,12.0,3.4641016151377544,3.4641016151377544,False,False,Long-Tail,Limit stock and avoid excessive local warehouse space
35961,FOLKART ZINC HEART CHRISTMAS DEC,2986,2629.81,244,1.105415423173318,13,12,0,0.0,242.66666666666666,229.69230769230768,132.8405286823493,0.5474197610536372,False,False,High-Turnover Stable,Keep stable local warehouse inventory
35964,FOLKART CLIP ON STARS,783,404.08,100,1.24505,10,12,3,0.25,58.333333333333336,78.3,110.39625597516128,1.892507245288479,False,False,Regular,Maintain standard replenishment review
35965,FOLKART HEART NAPKIN RINGS,342,532.17,68,1.8483868092691622,11,12,1,0.08333333333333333,28.5,31.09090909090909,21.116559637144753,0.7409319170927984,False,False,Regular,Maintain standard replenishment review
35966,FOLKART CHRISTMAS TREE T-LIGHT HOLD,27,10.260000000000002,2,0.38,2,6,4,0.6666666666666666,4.5,13.5,7.035623639735144,1.563471919941143,False,False,Long-Tail,Limit stock and avoid excessive local warehouse space
35967,FOLK ART METAL STAR T-LIGHT HOLDER,485,252.32999999999998,67,0.7286376811594202,10,12,3,0.25,36.583333333333336,48.5,44.61035006961202,1.2194173139757272,False,False,Regular,Maintain standard replenishment review
35968,FOLK ART METAL HEART T-LIGHT HOLDER,163,82.1,19,0.4138095238095238,7,12,5,0.4166666666666667,13.583333333333334,23.285714285714285,15.054195025931739,1.1082842963876125,False,False,Regular,Maintain standard replenishment review
35970,ZINC FOLKART SLEIGH BELLS,4998,9424.85,453,3.295115910665679,13,12,0,0.0,383.9166666666667,384.46153846153845,632.4097432308688,1.6472578508292652,False,False,High-Revenue Priority,Prioritize inventory monitoring and avoid stockouts
35971,ROSE FOLKART HEART DECORATIONS,462,600.93,88,1.826027700429284,13,12,0,0.0,38.0,35.53846153846154,34.87640515253308,0.9178001355929758,False,False,Regular,Maintain standard replenishment review
35972,DAISY FOLKART HEART DECORATION,96,120.0,16,1.25,9,11,2,0.18181818181818182,8.727272727272727,10.666666666666666,12.522706649050829,1.4348934702037408,False,False,Long-Tail,Limit stock and avoid excessive local warehouse space
37327,ASSTD MULTICOLOUR CIRCLES MUG,1578,840.0799999999999,81,1.5169384756657485,11,12,1,0.08333333333333333,131.5,143.45454545454547,111.82494436313476,0.8503798050428499,False,False,Regular,Maintain standard replenishment review
37330,BIG POLKADOT MUG,6,2.34,1,0.39,1,9,8,0.8888888888888888,0.6666666666666666,6.0,2.0,3.0,False,False,Long-Tail,Limit stock and avoid excessive local warehouse space
37333,"RETRO ""TEA FOR ONE""",21,120.99,17,4.423333333333333,6,12,6,0.5,1.75,3.5,2.8643577734887544,1.6367758705650026,False,False,Long-Tail,Limit stock and avoid excessive local warehouse space
37340,MULTICOLOUR SPRING FLOWER MUG,2544,1695.86,135,3.3373239954489953,13,12,0,0.0,208.66666666666666,195.69230769230768,169.78667542394237,0.8136741633735257,False,False,High-Turnover Stable,Keep stable local warehouse inventory
37342,POLKADOT COFFEE CUP & SAUCER PINK,1546,1468.6100000000001,108,1.877626598264137,10,12,2,0.16666666666666666,128.83333333333334,154.6,124.84523752764193,0.9690445344965738,False,False,Regular,Maintain standard replenishment review
37343,POLKADOT MUG PINK,72,123.29999999999998,13,1.5466666666666666,3,12,9,0.75,6.0,24.0,12.030264865216921,2.00504414420282,False,False,Long-Tail,Limit stock and avoid excessive local warehouse space
37351,ORANGE FLOWER MUG,10,9.06,2,0.8200000000000001,2,11,9,0.8181818181818182,0.9090909090909091,5.0,2.0714509627092528,2.278596058980178,False,False,Long-Tail,Limit stock and avoid excessive local warehouse space
37370,RETRO COFFEE MUGS ASSORTED,2567,3839.0099999999998,159,3.61522823371284,10,12,2,0.16666666666666666,213.91666666666666,256.7,251.78687175442406,1.1770325130709345,False,False,High-Revenue Priority,Prioritize inventory monitoring and avoid stockouts
37379A,PINK CHERRY BLOSSOM CUP & SAUCER,6,7.5,1,1.25,1,11,10,0.9090909090909091,0.5454545454545454,6.0,1.8090680674665818,3.3166247903554003,False,False,Long-Tail,Limit stock and avoid excessive local warehouse space
37413,ICON MUG REVOLUTIONARY,703,284.49,81,0.44212121212121214,11,10,0,0.0,67.5,63.90909090909091,57.96981973406507,0.8588121442083714,False,False,Regular,Maintain standard replenishment review
37423,WHITE WITH BLACK CATS PLATE,78,33.18,3,0.5433333333333333,1,9,8,0.8888888888888888,8.666666666666666,78.0,26.0,3.0,False,False,Long-Tail,Limit stock and avoid excessive local warehouse space
37444A,YELLOW BREAKFAST CUP AND SAUCER,53,66.35,18,1.927,8,12,4,0.3333333333333333,4.416666666666667,6.625,7.140897999721339,1.6168070942765296,False,False,Long-Tail,Limit stock and avoid excessive local warehouse space
37444B,BLUE BREAKFAST CUP AND SAUCER,4,11.8,3,2.9500000000000006,3,12,9,0.75,0.3333333333333333,1.3333333333333333,0.6513389472789296,1.954016841836789,False,False,Long-Tail,Limit stock and avoid excessive local warehouse space
37444C,PINK BREAKFAST CUP AND SAUCER,21,42.27,9,2.7544444444444447,3,12,9,0.75,1.75,7.0,3.519426606190792,2.0111009178233097,False,False,Long-Tail,Limit stock and avoid excessive local warehouse space
37446,MINI CAKE STAND WITH HANGING CAKES,1354,1976.09,183,1.7274480436574087,13,12,0,0.0,110.16666666666667,104.15384615384616,57.01807262667343,0.5175619300454471,False,False,Regular,Maintain standard replenishment review
37447,CERAMIC CAKE DESIGN SPOTTED PLATE,820,1313.28,115,2.0952775429698507,13,12,0,0.0,66.25,63.07692307692308,33.57251310765456,0.5067549148325217,False,False,Regular,Maintain standard replenishment review
37448,CERAMIC CAKE DESIGN SPOTTED MUG,1427,2170.87,185,1.8254397661162367,13,12,0,0.0,115.83333333333333,109.76923076923077,70.57018857245257,0.6092390380355618,False,False,Regular,Maintain standard replenishment review
37449,CERAMIC CAKE STAND + HANGING CAKES,553,5017.79,146,9.851564893439893,13,12,0,0.0,45.833333333333336,42.53846153846154,26.648668168437894,0.5814254873113722,False,False,High-Revenue Priority,Prioritize inventory monitoring and avoid stockouts
37450,CERAMIC CAKE BOWL + HANGING CAKES,714,2117.54,134,3.683815628815629,13,12,0,0.0,59.166666666666664,54.92307692307692,31.053716900450638,0.524851553247053,False,False,Regular,Maintain standard replenishment review
37461,FUNKY MONKEY MUG,1,1.25,1,1.25,1,12,11,0.9166666666666666,0.08333333333333333,1.0,0.2886751345948129,3.4641016151377553,False,False,Long-Tail,Limit stock and avoid excessive local warehouse space
37462E,"PET MUG, GOLDFISH",36,13.1,12,0.6077777777777778,9,12,4,0.3333333333333333,2.9166666666666665,4.0,4.621261798043972,1.5844326164722191,False,False,Long-Tail,Limit stock and avoid excessive local warehouse space
37464,ROBOT MUG IN DISPLAY BOX,3,3.75,2,1.25,1,12,11,0.9166666666666666,0.25,3.0,0.8660254037844386,3.4641016151377544,False,False,Long-Tail,Limit stock and avoid excessive local warehouse space
37467,PIG MUG IN TWO COLOUR DESIGNS,159,130.27,17,1.5285185185185184,9,12,3,0.25,13.25,17.666666666666668,14.827033050846993,1.119021362328075,False,False,Regular,Maintain standard replenishment review
37468,HARDMAN MUG 3 ASSORTED,64,32.03,13,1.4000000000000001,7,11,4,0.36363636363636365,5.818181818181818,9.142857142857142,11.452669399036907,1.9684275529594684,False,False,Long-Tail,Limit stock and avoid excessive local warehouse space
37471,MULTICOLOUR POLKADOT PLATE,29,30.43,3,2.776666666666667,3,8,5,0.625,3.625,9.666666666666666,6.5013734812620285,1.7934823396584907,False,False,Long-Tail,Limit stock and avoid excessive local warehouse space
37474,SET/4 2 TONE EGG SHAPE MIXING BOWLS,1,9.95,1,9.95,1,12,11,0.9166666666666666,0.08333333333333333,1.0,0.2886751345948129,3.4641016151377553,False,False,Long-Tail,Limit stock and avoid excessive local warehouse space
37475,SET/4 COLOURFUL MIXING BOWLS,70,661.9799999999999,43,10.130696969696968,11,12,2,0.16666666666666666,5.75,6.363636363636363,5.189587477036897,0.9025369525281559,False,False,Long-Tail,Limit stock and avoid excessive local warehouse space
37476,CONDIMENT TRAY 4 BOWLS AND 4 SPOONS,37,399.02,26,11.867962962962963,9,12,3,0.25,3.0833333333333335,4.111111111111111,3.5280263174995867,1.1442247516214876,False,False,Long-Tail,Limit stock and avoid excessive local warehouse space
37479B,CUBIC MUG FLOCK BLUE ON BROWN,131,78.09,21,1.7249999999999999,6,12,6,0.5,10.916666666666666,21.833333333333332,21.37738113620151,1.9582333865222759,False,False,Regular,Maintain standard replenishment review
37479P,CUBIC MUG FLOCK PINK ON BROWN,163,142.23,32,2.272727272727273,11,12,1,0.08333333333333333,13.583333333333334,14.818181818181818,14.317556503901923,1.0540532395510618,False,False,Regular,Maintain standard replenishment review
37482P,CUBIC MUG PINK POLKADOT,494,349.35,47,4.812548076923077,4,12,8,0.6666666666666666,41.166666666666664,123.5,89.51265358325128,2.174396443317845,False,False,Regular,Maintain standard replenishment review
37487B,YELLOW/ORANGE FLOWER DESIGN PLATE,68,19.72,2,0.29,1,8,7,0.875,8.5,68.0,24.041630560342615,2.82842712474619,False,False,Long-Tail,Limit stock and avoid excessive local warehouse space
37488A,YELLOW PINK FLOWER DESIGN BIG BOWL,28,10.92,3,0.39,2,9,7,0.7777777777777778,3.111111111111111,14.0,8.608781046763305,2.767108193602491,False,False,Long-Tail,Limit stock and avoid excessive local warehouse space
37489A,YELLOW/PINK FLOWER DESIGN BIG MUG,33,14.43,14,0.5633333333333334,9,12,3,0.25,2.75,3.6666666666666665,2.7675062617979584,1.0063659133810758,False,False,Long-Tail,Limit stock and avoid excessive local warehouse space
37489B,BLUE/YELLOW FLOWER DESIGN BIG MUG,31,16.77,12,0.78,8,12,4,0.3333333333333333,2.5833333333333335,3.875,3.058767824804721,1.1840391579889242,False,False,Long-Tail,Limit stock and avoid excessive local warehouse space
37489C,GREEN/BLUE FLOWER DESIGN BIG MUG,23,13.65,8,0.91,6,12,6,0.5,1.9166666666666667,3.8333333333333335,2.7122058561364044,1.4150639249407326,False,False,Long-Tail,Limit stock and avoid excessive local warehouse space
37489D,PINK/GREEN FLOWER DESIGN BIG MUG,40,17.16,16,0.546,10,12,3,0.25,3.1666666666666665,4.0,3.485902343944126,1.1008112665086713,False,False,Long-Tail,Limit stock and avoid excessive local warehouse space
37491A,YELLOW/PINK CERAMIC CANDLE HOLDER,6,19.81,4,3.3075,4,12,8,0.6666666666666666,0.5,1.5,0.7977240352174656,1.5954480704349312,False,False,Long-Tail,Limit stock and avoid excessive local warehouse space
37491B,BLUE/YELLOW CERAMIC CANDLE HOLDER,4,6.6,1,1.65,1,5,4,0.8,0.8,4.0,1.788854381999832,2.23606797749979,False,False,Long-Tail,Limit stock and avoid excessive local warehouse space
37491C,GREEN/BLUE CERAMIC CANDLE HOLDER,8,13.2,1,1.65,1,5,4,0.8,1.6,8.0,3.577708763999664,2.23606797749979,False,False,Long-Tail,Limit stock and avoid excessive local warehouse space
37491D,PURPLE/BLUE CERAMIC CANDLE HOLDER,4,9.879999999999999,2,2.4699999999999998,2,10,8,0.8,0.4,2.0,0.8432740427115679,2.1081851067789197,False,False,Long-Tail,Limit stock and avoid excessive local warehouse space
37495,FAIRY CAKE BIRTHDAY CANDLE SET,400,1472.24,84,3.987861111111111,13,12,0,0.0,33.0,30.76923076923077,16.315079472126946,0.4943963476402105,False,False,Regular,Maintain standard replenishment review
37500,TEA TIME TEAPOT IN GIFT BOX,379,2355.73,112,7.527057692307692,13,12,0,0.0,30.333333333333332,29.153846153846153,23.078259479563457,0.7608217410845096,False,False,Regular,Maintain standard replenishment review
37501,TEA TIME TEA SET IN GIFT BOX,133,906.83,49,6.879639804639805,9,12,3,0.25,11.083333333333334,14.777777777777779,12.464191133244892,1.1245886736762307,False,False,Regular,Maintain standard replenishment review
37509,NEW ENGLAND MUG W GIFT BOX,2,5.1,2,2.55,1,12,11,0.9166666666666666,0.16666666666666666,2.0,0.5773502691896258,3.4641016151377553,False,False,Long-Tail,Limit stock and avoid excessive local warehouse space
40001,WHITE BAMBOO RIBS LAMPSHADE,820,674.38,55,1.0820833333333333,12,12,0,0.0,68.33333333333333,68.33333333333333,56.71513079069871,0.8299775237663226,False,False,Regular,Maintain standard replenishment review
40003,WHITE BAMBOO RIBS LAMPSHADE,155,179.23000000000002,15,1.522857142857143,7,12,5,0.4166666666666667,12.916666666666666,22.142857142857142,27.043595556176708,2.093697720478197,False,False,Regular,Maintain standard replenishment review
40005B,BLUE ORGANDY ROUND LAMPSHADE W BEA,12,10.2,4,0.85,3,12,9,0.75,1.0,4.0,2.593698657761292,2.593698657761292,False,False,Long-Tail,Limit stock and avoid excessive local warehouse space
40016,CHINESE DRAGON PAPER LANTERNS,5556,2136.34,97,2.251869318181818,10,12,2,0.16666666666666666,463.0,555.6,603.1793039613285,1.3027630755104287,False,False,High-Turnover Volatile,Monitor closely and replenish in smaller batches
40046A,RED DAISY PAPER LAMPSHADE,50,62.5,6,1.25,5,11,6,0.5454545454545454,4.545454545454546,10.0,8.041935542686678,1.769225819391069,False,False,Long-Tail,Limit stock and avoid excessive local warehouse space
44089A,PINK GAUZE BUTTERFLY LAMPSHADE,15,6.3,4,0.42,4,10,6,0.6,1.5,3.75,2.6352313834736494,1.7568209223157663,False,False,Long-Tail,Limit stock and avoid excessive local warehouse space
44089C,LILAC GAUZE BUTTERFLY LAMPSHADE,24,10.08,6,0.42,4,10,6,0.6,2.4,6.0,4.005551702879947,1.668979876199978,False,False,Long-Tail,Limit stock and avoid excessive local warehouse space
44091A,BLUE CRUSOE CHECK LAMPSHADE,9,3.78,3,0.42,2,11,9,0.8181818181818182,0.8181818181818182,4.5,2.400757456228422,2.9342591131680713,False,False,Long-Tail,Limit stock and avoid excessive local warehouse space
44092B,BLUE WHITE PLASTIC RINGS LAMPSHADE,14,11.899999999999999,5,0.85,5,10,5,0.5,1.4,2.8,2.0110804171997807,1.4364860122855578,False,False,Long-Tail,Limit stock and avoid excessive local warehouse space
44092C,PURPLE/COPPER HANGING LAMPSHADE,20,17.0,8,0.85,5,10,5,0.5,2.0,4.0,2.449489742783178,1.224744871391589,False,False,Long-Tail,Limit stock and avoid excessive local warehouse space
44228,CANNABIS LEAF BEAD CURTAIN,36,30.599999999999998,2,0.85,2,12,10,0.8333333333333334,3.0,18.0,7.458978726096732,2.486326242032244,False,False,Long-Tail,Limit stock and avoid excessive local warehouse space
44234,ASSORTED CIRCULAR MOBILE,693,154.77,33,0.3481944444444444,12,12,1,0.08333333333333333,57.416666666666664,57.75,133.9962403362215,2.333751645913872,False,False,Regular,Maintain standard replenishment review
44235,ASSORTED COLOURED CIRCLE MOBILE,538,200.04,13,0.414,10,12,3,0.25,44.583333333333336,53.8,122.78396277670596,2.7540328099448064,False,False,Regular,Maintain standard replenishment review
44236,PINK/PURPLE CIRCLE CURTAIN,52,56.52,6,2.0766666666666667,3,10,7,0.7,5.2,17.333333333333332,13.414751416092493,2.5797598877100945,False,False,Long-Tail,Limit stock and avoid excessive local warehouse space
44242A,LILAC FEATHERS CURTAIN,12,9.48,1,0.79,1,5,4,0.8,2.4,12.0,5.366563145999495,2.23606797749979,False,False,Long-Tail,Limit stock and avoid excessive local warehouse space
44242B,PINK FEATHERS CURTAIN,52,50.28,3,1.02,2,8,6,0.75,6.5,26.0,12.455635557564179,1.9162516242406429,False,False,Long-Tail,Limit stock and avoid excessive local warehouse space
44265,M/COLOUR POM-POM CURTAIN,2,8.5,1,4.25,1,10,9,0.9,0.2,2.0,0.6324555320336759,3.162277660168379,False,False,Long-Tail,Limit stock and avoid excessive local warehouse space
45013,FOLDING SHOE TIDY,3,8.850000000000001,2,2.95,2,10,8,0.8,0.3,1.5,0.674948557710553,2.2498285257018433,False,False,Long-Tail,Limit stock and avoid excessive local warehouse space
46000M,POLYESTER FILLER PAD 45X45CM,1020,1581.0,136,1.5500000000000003,13,12,0,0.0,82.83333333333333,78.46153846153847,60.46160815431608,0.7299188107160896,False,False,Regular,Maintain standard replenishment review
46000P,POLYESTER FILLER PAD 65CMX65CM,18,76.5,6,4.25,4,12,8,0.6666666666666666,1.5,4.5,3.1766191290283903,2.117746086018927,False,False,Long-Tail,Limit stock and avoid excessive local warehouse space
46000R,POLYESTER FILLER PAD 45X30CM,103,149.35,38,1.45,12,12,1,0.08333333333333333,8.416666666666666,8.583333333333334,5.401318581998513,0.6417408216235858,False,False,Regular,Maintain standard replenishment review
46000S,POLYESTER FILLER PAD 40X40CM,1512,2192.4,182,1.4499999999999997,13,12,0,0.0,123.08333333333333,116.3076923076923,79.56410603844532,0.6464246936095761,False,False,Regular,Maintain standard replenishment review
46000U,POLYESTER FILLER PAD 30CMX30CM,107,133.75,26,1.25,11,12,2,0.16666666666666666,8.083333333333334,9.727272727272727,10.308498994283868,1.2752782260969733,False,False,Regular,Maintain standard replenishment review
46115B,GREEN POP ART MAO CUSHION COVER,12,2.28,2,0.19,2,12,10,0.8333333333333334,1.0,6.0,2.335496832484569,2.335496832484569,False,False,Long-Tail,Limit stock and avoid excessive local warehouse space
46118,FUNKY MONKEY CUSHION COVER,232,317.17,46,2.7032333333333334,10,12,3,0.25,18.666666666666668,23.2,16.030274388471863,0.8587646993824212,False,False,Regular,Maintain standard replenishment review
46126A,ELVIS WALLHANGING / CURTAIN,52,69.84,8,1.4516666666666669,3,9,6,0.6666666666666666,5.777777777777778,17.333333333333332,11.020183503211026,1.9073394524788314,False,False,Long-Tail,Limit stock and avoid excessive local warehouse space
46138B,BLUE CHENILLE SHAGGY CUSHION COVER,33,34.650000000000006,11,1.2166666666666666,6,12,6,0.5,2.75,5.5,5.344921123663268,1.9436076813320975,False,False,Long-Tail,Limit stock and avoid excessive local warehouse space
46775D,SUNSET COLOUR CHUNKY KNITTED THROW,60,720.93,39,12.198461538461537,13,12,0,0.0,4.833333333333333,4.615384615384615,3.2427074359478554,0.6709049867478322,False,False,Long-Tail,Limit stock and avoid excessive local warehouse space
46776A,WOVEN BUBBLE GUM CUSHION COVER,160,672.6,71,4.189205128205128,13,12,0,0.0,11.666666666666666,12.307692307692308,13.1587049192356,1.1278889930773373,False,False,Regular,Maintain standard replenishment review
46776B,WOVEN BERRIES CUSHION COVER,162,683.8,89,4.258551282051282,13,12,0,0.0,12.166666666666666,12.461538461538462,13.023289162345304,1.0704073284119429,False,False,Regular,Maintain standard replenishment review
46776C,WOVEN FROST CUSHION COVER,117,492.79,59,4.284761904761905,12,12,1,0.08333333333333333,8.5,9.75,8.140806303599618,0.9577419180705433,False,False,Regular,Maintain standard replenishment review
46776D,WOVEN SUNSET CUSHION COVER,89,378.29,37,4.219722222222222,12,12,1,0.08333333333333333,6.0,7.416666666666667,6.0,1.0,False,False,Long-Tail,Limit stock and avoid excessive local warehouse space
46776E,WOVEN CANDY CUSHION COVER,68,292.56,39,4.271729497354497,12,12,1,0.08333333333333333,5.25,5.666666666666667,5.119037551585792,0.975054771730627,False,False,Long-Tail,Limit stock and avoid excessive local warehouse space
46776F,WOVEN ROSE GARDEN CUSHION COVER,217,912.03,90,4.224910256410256,13,12,0,0.0,16.25,16.692307692307693,16.96051564396233,1.043724039628451,False,False,Regular,Maintain standard replenishment review
47013A,WINE BOTTLE DRESSING LT.BLUE,14,3.04,4,0.205,2,9,7,0.7777777777777778,1.5555555555555556,7.0,3.1269438398822866,2.0101781827814698,False,False,Long-Tail,Limit stock and avoid excessive local warehouse space
47013C,WINE BOTTLE DRESSING DARK BLUE,40,11.53,11,0.38437499999999997,4,9,5,0.5555555555555556,4.444444444444445,10.0,7.401201103724839,1.6652702483380886,False,False,Long-Tail,Limit stock and avoid excessive local warehouse space
47016,LIGHT DECORATION BATTERY OPERATED,2,4.2,1,2.1,1,1,0,0.0,2.0,2.0,0.0,0.0,True,False,Long-Tail,Limit stock and avoid excessive local warehouse space
47021G,SET/6 BEAD COASTERS GAUZE BAG GOLD,582,309.29999999999995,27,2.3983537414965985,7,12,5,0.4166666666666667,48.5,83.14285714285714,98.20803522023127,2.024907942685181,False,False,Regular,Maintain standard replenishment review
47310M,SMALL POP BOX FUNKY MONKEY,410,570.4499999999999,121,1.5430865411391728,13,12,0,0.0,31.25,31.53846153846154,23.171789274499673,0.7414972567839896,False,False,Regular,Maintain standard replenishment review
47341A,FUSCHIA TABLE RUN FLOWER,27,38.75,5,1.875,4,10,6,0.6,2.7,6.75,4.762119042797836,1.763747793628828,False,False,Long-Tail,Limit stock and avoid excessive local warehouse space
47341B,BLUE TABLE RUN FLOWER,45,56.25,11,1.25,7,8,1,0.125,5.625,6.428571428571429,8.122939299117213,1.4440780976208378,False,False,Long-Tail,Limit stock and avoid excessive local warehouse space
47343A,FUSCHIA FLOWER PURSE WITH BEADS,159,145.17,14,0.995,6,12,6,0.5,13.25,26.5,20.90726276592984,1.5779066238437616,False,False,Regular,Maintain standard replenishment review
47344B,BLUE FLOWER DES PURSE,44,43.66,6,0.97,4,9,5,0.5555555555555556,4.888888888888889,11.0,9.61046882889233,1.9657777150007036,False,False,Long-Tail,Limit stock and avoid excessive local warehouse space
47348A,FUSCHIA VOILE POINTY SHOE DEC,97,50.31,15,0.78,8,12,4,0.3333333333333333,8.083333333333334,12.125,13.276488674161987,1.6424522071128231,False,False,Long-Tail,Limit stock and avoid excessive local warehouse space
47351B,BLUE  VOILE LAMPSHADE,38,112.10000000000001,8,2.95,8,11,3,0.2727272727272727,3.4545454545454546,4.75,2.5441555126853532,0.7364660694615496,False,False,Long-Tail,Limit stock and avoid excessive local warehouse space
47367B,PAIR PADDED HANGERS PINK CHECK,112,376.27,43,3.416571428571429,10,12,2,0.16666666666666666,9.333333333333334,11.2,10.21881805417057,1.0948733629468468,False,False,Regular,Maintain standard replenishment review
47369A,PINK GREEN EMBROIDERY COSMETIC BAG,33,93.19,20,3.468857142857143,7,12,6,0.5,2.6666666666666665,4.714285714285714,3.60134654951408,1.35050495606778,False,False,Long-Tail,Limit stock and avoid excessive local warehouse space
47369B,BLUE GREEN EMBROIDERY COSMETIC BAG,35,97.13,22,4.3914285714285715,7,12,6,0.5,2.8333333333333335,5.0,6.52036436981489,2.301305071699373,False,False,Long-Tail,Limit stock and avoid excessive local warehouse space
47420,ASSORTED COLOUR SUCTION CUP HOOK,196,37.24,13,0.19,9,12,4,0.3333333333333333,16.25,21.77777777777778,20.21306957931382,1.2438812048808505,False,False,Regular,Maintain standard replenishment review
47421,ASSORTED COLOUR LIZARD SUCTION HOOK,994,393.0,55,0.415032967032967,13,12,0,0.0,80.66666666666667,76.46153846153847,61.42746399887702,0.7614974875893845,False,False,Regular,Maintain standard replenishment review
47422,ASSORTED MONKEY SUCTION CUP HOOK,616,245.76,44,0.4175384615384615,13,12,0,0.0,51.25,47.38461538461539,45.58134586548637,0.8893921144485145,False,False,Regular,Maintain standard replenishment review
47469,ASSORTED SHAPES PHOTO CLIP SILVER,469,238.60999999999999,12,0.635625,8,11,4,0.36363636363636365,42.45454545454545,58.625,93.00791755153283,2.1907646532480967,False,False,Regular,Maintain standard replenishment review
47471,RAINBOW PEGS PHOTO CLIP STRING,290,189.88,39,1.0487857142857142,12,12,1,0.08333333333333333,23.666666666666668,24.166666666666668,37.161400632507075,1.570200026725651,False,False,Regular,Maintain standard replenishment review
47480,HANGING PHOTO CLIP ROPE LADDER,746,1274.1699999999998,86,2.186720642102995,13,12,0,0.0,52.75,57.38461538461539,38.01225878820961,0.7206115410087129,False,False,Regular,Maintain standard replenishment review
47481,50CM METAL STRING WITH  7 CLIPS,225,171.79000000000002,23,1.018409090909091,11,12,1,0.08333333333333333,18.75,20.454545454545453,44.06426092548348,2.3500939160257857,False,False,Regular,Maintain standard replenishment review
47503A,ASS FLORAL PRINT MULTI SCREWDRIVER,2698,1229.04,161,0.7226805555555554,12,12,0,0.0,224.83333333333334,224.83333333333334,177.52072008812397,0.7895658417559257,False,False,High-Turnover Stable,Keep stable local warehouse inventory
47503H,ASS FLORAL PRINT SPIRIT LEVEL,100,110.86,37,1.8739743589743587,13,12,0,0.0,8.25,7.6923076923076925,12.527243039943714,1.5184537018113593,False,False,Long-Tail,Limit stock and avoid excessive local warehouse space
47503J,SET/3 FLORAL GARDEN TOOLS IN BAG,3,23.85,2,7.95,1,12,11,0.9166666666666666,0.25,3.0,0.8660254037844386,3.4641016151377544,False,False,Long-Tail,Limit stock and avoid excessive local warehouse space
47504H,ENGLISH ROSE SPIRIT LEVEL,978,964.38,118,1.9281582196712286,13,12,0,0.0,73.08333333333333,75.23076923076923,95.01814021384006,1.3001341876466144,False,False,Regular,Maintain standard replenishment review
47504K,ENGLISH ROSE GARDEN SECATEURS,2006,2039.18,211,1.7713101473877335,12,12,0,0.0,167.16666666666666,167.16666666666666,169.6503534456749,1.0148575480299595,False,False,High-Turnover Volatile,Monitor closely and replenish in smaller batches
47518F,ICON PLACEMAT POP ART ELVIS,832,134.37,33,0.9154761904761904,12,12,0,0.0,69.33333333333333,69.33333333333333,78.90193376283722,1.1380086600409214,False,False,Regular,Maintain standard replenishment review
47556B,TEA TIME TEA TOWELS,2600,6045.0,2,2.325,2,11,9,0.8181818181818182,236.36363636363637,1300.0,525.8758927213288,2.2248595461286986,False,False,High-Revenue Priority,Prioritize inventory monitoring and avoid stockouts
47559B,TEA TIME OVEN GLOVE,2150,2890.05,313,1.6109895763258517,13,12,0,0.0,172.5,165.3846153846154,91.22848438747826,0.528860779057845,False,False,High-Turnover Stable,Keep stable local warehouse inventory
47563A,RETRO LONGBOARD IRONING BOARD COVER,285,551.51,105,2.68783665895508,12,12,1,0.08333333333333333,21.75,23.75,17.242257814609275,0.7927474857291621,False,False,Regular,Maintain standard replenishment review
47566,PARTY BUNTING,18090,98610.18,1674,5.976796414001489,13,12,0,0.0,1496.1666666666667,1391.5384615384614,983.3643395214331,0.6572558802638518,False,False,High-Revenue Priority,Prioritize inventory monitoring and avoid stockouts
47566B,TEA TIME PARTY BUNTING,2525,12724.07,465,5.970178937757321,13,12,0,0.0,210.33333333333334,194.23076923076923,152.63166199194794,0.7256655879173436,False,False,High-Revenue Priority,Prioritize inventory monitoring and avoid stockouts
47567B,TEA TIME KITCHEN APRON,597,3384.7500000000005,131,6.314977466977467,13,12,0,0.0,48.583333333333336,45.92307692307692,27.327835736856404,0.5624940460416412,False,False,High-Revenue Priority,Prioritize inventory monitoring and avoid stockouts
47570B,TEA TIME TABLE CLOTH,187,1769.25,33,12.238068181818182,4,12,8,0.6666666666666666,15.583333333333334,46.75,32.19954356913473,2.066280870746614,False,False,Regular,Maintain standard replenishment review
47574A,ENGLISH ROSE SCENTED HANGING FLOWER,548,665.2,114,2.1969487012987012,11,12,1,0.08333333333333333,45.666666666666664,49.81818181818182,74.58531824005108,1.6332551439427245,False,False,Regular,Maintain standard replenishment review
47574B,ENGLISH ROSE SCENTED HANGING HEART,4,17.0,2,4.25,1,7,6,0.8571428571428571,0.5714285714285714,4.0,1.511857892036909,2.6457513110645907,False,False,Long-Tail,Limit stock and avoid excessive local warehouse space
47578A,ENGLISH ROSE SMALL SCENTED FLOWER,213,197.43,45,1.0577142857142856,13,12,0,0.0,16.0,16.384615384615383,17.430381000373508,1.0893988125233443,False,False,Regular,Maintain standard replenishment review
47579,TEA TIME BREAKFAST BASKET,1,2.1,1,2.1,1,12,11,0.9166666666666666,0.08333333333333333,1.0,0.2886751345948129,3.4641016151377553,False,False,Long-Tail,Limit stock and avoid excessive local warehouse space
47580,TEA TIME DES TEA COSY,376,1086.12,108,3.1388318764568766,13,12,0,0.0,31.0,28.923076923076923,25.412953032227126,0.8197726784589395,False,False,Regular,Maintain standard replenishment review
47585A,PINK FAIRY CAKE CUSHION COVER,264,1129.44,83,5.191602564102565,13,12,0,0.0,21.666666666666668,20.307692307692307,23.24702652866044,1.0729396859381741,False,False,Regular,Maintain standard replenishment review
47586A,PINK FAIRY CAKE CUSHION COVER,21,53.55,8,2.55,7,12,5,0.4166666666666667,1.75,3.0,2.050498830661811,1.171713617521035,False,False,Long-Tail,Limit stock and avoid excessive local warehouse space
47589,CONGRATULATIONS BUNTING,13,70.85,3,5.45,3,11,8,0.7272727272727273,1.1818181818181819,4.333333333333333,2.7502066038093145,2.3270978955309585,False,False,Long-Tail,Limit stock and avoid excessive local warehouse space
47590A,BLUE HAPPY BIRTHDAY BUNTING,1987,10475.4,389,6.011743823673938,13,12,0,0.0,165.08333333333334,152.84615384615384,100.05585561287376,0.6060930173419914,False,False,High-Revenue Priority,Prioritize inventory monitoring and avoid stockouts
47590B,PINK HAPPY BIRTHDAY BUNTING,2332,12163.25,401,6.012381075056147,13,12,0,0.0,193.0,179.3846153846154,116.22783268610445,0.602216749668935,False,False,High-Revenue Priority,Prioritize inventory monitoring and avoid stockouts
47591B,SCOTTIES CHILDRENS APRON,210,348.92,57,2.26478021978022,4,12,9,0.75,17.416666666666668,52.5,39.99422306768664,2.296319027809759,False,False,Regular,Maintain standard replenishment review
47591D,PINK FAIRY CAKE CHILDRENS APRON,3341,6724.6900000000005,495,2.464886186927553,13,12,0,0.0,270.5833333333333,257.0,148.8027726607107,0.549933252826772,False,False,High-Revenue Priority,Prioritize inventory monitoring and avoid stockouts
47593A,CAROUSEL PONIES BABY BIB,33,14.37,12,1.01,4,12,8,0.6666666666666666,2.75,8.25,7.990050631310736,2.9054729568402675,False,False,Long-Tail,Limit stock and avoid excessive local warehouse space
47593B,SCOTTIE DOGS BABY BIB,1993,951.1099999999999,246,0.7153569128956125,13,12,0,0.0,148.33333333333334,153.30769230769232,112.52986135675141,0.7586282788095601,False,False,High-Turnover Stable,Keep stable local warehouse inventory
47594A,CAROUSEL DESIGN WASHBAG,107,197.89,49,2.002834138486312,9,12,3,0.25,8.916666666666666,11.88888888888889,15.523930695620367,1.741001573340602,False,False,Regular,Maintain standard replenishment review
47594B,SCOTTIES DESIGN WASHBAG,168,310.65,54,1.99591512345679,12,12,0,0.0,14.0,14.0,24.78635988530055,1.7704542775214678,False,False,Regular,Maintain standard replenishment review
47599A,PINK PARTY BAGS,2450,4636.900000000001,164,2.2696200625999388,13,12,0,0.0,203.16666666666666,188.46153846153845,101.97132692650182,0.5019097305652264,False,False,High-Revenue Priority,Prioritize inventory monitoring and avoid stockouts
47599B,BLUE PARTY BAGS,1480,2822.32,118,2.1568951465201467,13,12,0,0.0,122.33333333333333,113.84615384615384,64.92279797551625,0.5307040706445469,False,False,Regular,Maintain standard replenishment review
48111,DOORMAT 3 SMILEY CATS,1170,7692.58,232,9.351417092159794,13,12,0,0.0,96.25,90.0,139.25393743413179,1.4467941551598107,False,False,High-Revenue Priority,Prioritize inventory monitoring and avoid stockouts
48116,DOORMAT MULTICOLOUR STRIPE,1489,9064.78,200,9.459259646462137,13,12,0,0.0,122.58333333333333,114.53846153846153,131.33611172264938,1.071402678906725,False,False,High-Revenue Priority,Prioritize inventory monitoring and avoid stockouts
48129,DOORMAT TOPIARY,891,5918.19,202,8.826822523630215,13,12,0,0.0,72.41666666666667,68.53846153846153,92.66112093717264,1.2795551797998523,False,False,High-Revenue Priority,Prioritize inventory monitoring and avoid stockouts
48138,DOORMAT UNION FLAG,3740,25445.5,610,8.895066361994152,13,12,0,0.0,305.4166666666667,287.6923076923077,198.07411759390993,0.6485373563784227,False,False,High-Revenue Priority,Prioritize inventory monitoring and avoid stockouts
48173C,DOORMAT BLACK FLOCK,1814,10253.61,195,8.446663998394767,13,12,0,0.0,150.58333333333334,139.53846153846155,180.06133214361526,1.195758708203311,False,False,High-Revenue Priority,Prioritize inventory monitoring and avoid stockouts
48184,DOORMAT ENGLISH ROSE,2029,14252.449999999999,404,8.634640924953588,13,12,0,0.0,165.08333333333334,156.07692307692307,126.53023952854716,0.7664628340951871,False,False,High-Revenue Priority,Prioritize inventory monitoring and avoid stockouts
48185,DOORMAT FAIRY CAKE,2941,19318.01,362,9.911682880778532,13,12,0,0.0,244.0,226.23076923076923,249.8257574608933,1.0238760551675954,False,False,High-Revenue Priority,Prioritize inventory monitoring and avoid stockouts
48187,DOORMAT NEW ENGLAND,3805,24092.49,599,8.4752679708072,13,12,0,0.0,313.5833333333333,292.6923076923077,228.72113164420566,0.7293791070237757,False,False,High-Revenue Priority,Prioritize inventory monitoring and avoid stockouts
48188,DOORMAT WELCOME PUPPIES,2061,12083.17,285,8.747178888649476,13,12,0,0.0,171.66666666666666,158.53846153846155,196.47545918156308,1.144517237950853,False,False,High-Revenue Priority,Prioritize inventory monitoring and avoid stockouts
48189,DOORMAT FRIENDSHIP,27,451.10999999999996,17,16.7,5,12,7,0.5833333333333334,2.25,5.4,2.864357773488754,1.2730478993283352,False,False,Long-Tail,Limit stock and avoid excessive local warehouse space
48194,DOORMAT HEARTS,3414,22098.52,591,9.268425078076179,13,12,0,0.0,282.0,262.61538461538464,214.11254474734034,0.7592643430756749,False,False,High-Revenue Priority,Prioritize inventory monitoring and avoid stockouts
51008,AFGHAN SLIPPER SOCK PAIR,519,1690.55,22,3.443055555555556,8,12,4,0.3333333333333333,43.25,64.875,123.3665086421167,2.8524048240951836,False,False,Regular,Maintain standard replenishment review
51014A,"FEATHER PEN,HOT PINK",3770,1938.86,238,0.8158324175824175,13,12,0,0.0,301.75,290.0,308.4041401089869,1.0220518313470983,False,False,High-Turnover Volatile,Monitor closely and replenish in smaller batches
51014C,"FEATHER PEN,COAL BLACK",2675,1401.03,173,0.8405678015192185,13,12,0,0.0,216.58333333333334,205.76923076923077,222.3214128374966,1.0264936337244936,False,False,High-Turnover Volatile,Monitor closely and replenish in smaller batches
51014L,"FEATHER PEN,LIGHT PINK",1975,1003.26,147,0.7771529940647587,13,12,0,0.0,159.58333333333334,151.92307692307693,134.51898029871495,0.8429387799397281,False,False,High-Turnover Stable,Keep stable local warehouse inventory
51020A,SUMMER FUN DESIGN SHOWER CAP,325,116.32999999999998,18,0.866,5,12,7,0.5833333333333334,27.083333333333332,65.0,79.08621111090598,2.9201062564026823,False,False,Regular,Maintain standard replenishment review
51020B,STRIPY DESIGN SHOWER CAP,197,70.57,15,0.77,4,12,8,0.6666666666666666,16.416666666666668,49.25,50.064428187056826,3.0496098388054915,False,False,Regular,Maintain standard replenishment review
62018,SOMBRERO,4415,5716.85,61,1.8338165680473373,13,12,0,0.0,350.4166666666667,339.61538461538464,417.68789094540944,1.191974956324593,False,False,High-Revenue Priority,Prioritize inventory monitoring and avoid stockouts
62043B,BLUE CHECK BAG W HANDLE 34X20CM,17,14.11,5,0.83,2,8,6,0.75,2.125,8.5,4.911720676097125,2.3113979652221763,False,False,Long-Tail,Limit stock and avoid excessive local warehouse space
62074B,ELEPHANT CLIP W SUCTION CUP,16,6.72,4,0.42,4,11,7,0.6363636363636364,1.4545454545454546,4.0,3.012096823265692,2.0708165659951634,False,False,Long-Tail,Limit stock and avoid excessive local warehouse space
62086A,PINK RETRO BIG FLOWER BAG,88,171.6,14,1.95,6,11,5,0.45454545454545453,8.0,14.666666666666666,11.162437009900662,1.3953046262375828,False,False,Long-Tail,Limit stock and avoid excessive local warehouse space
62094B,TURQ ICE CREAM BUM BAG,19,63.21,8,4.178888888888888,3,12,9,0.75,1.5833333333333333,6.333333333333333,3.8009169547583777,2.4005791293210805,False,False,Long-Tail,Limit stock and avoid excessive local warehouse space
62096A,PINK/YELLOW FLOWERS HANDBAG,106,132.5,8,1.25,3,12,9,0.75,8.833333333333334,35.333333333333336,19.21095016027594,2.1748245464463327,False,False,Regular,Maintain standard replenishment review
62096B,PURPLE/TURQ FLOWERS HANDBAG,2,2.5,1,1.25,1,9,8,0.8888888888888888,0.2222222222222222,2.0,0.6666666666666667,3.0000000000000004,False,False,Long-Tail,Limit stock and avoid excessive local warehouse space
62097B,BLUE STRIPES SHOULDER BAG,9,7.469999999999999,3,0.83,2,8,6,0.75,1.125,4.5,2.100170061141308,1.866817832125607,False,False,Long-Tail,Limit stock and avoid excessive local warehouse space
70006,LOVE HEART POCKET WARMER,2702,1863.98,120,1.941102059556605,11,12,2,0.16666666666666666,217.91666666666666,245.63636363636363,464.7543746839601,2.13271605973519,False,False,High-Turnover Volatile,Monitor closely and replenish in smaller batches
70007,HI TEC ALPINE HAND WARMER,829,936.56,106,1.9223130194525544,9,12,4,0.3333333333333333,65.0,92.11111111111111,118.98128195033645,1.830481260774407,False,False,Regular,Maintain standard replenishment review
71038,WHITE HANGING BEADS CANDLE HOLDER,234,1217.7,47,5.377272727272728,11,12,1,0.08333333333333333,19.5,21.272727272727273,10.238075103171582,0.5250294924703375,False,False,Regular,Maintain standard replenishment review
71050,SMALL SINGLE FLAME CANDLE HOLDER,33,11.549999999999997,6,0.35,4,10,7,0.7,2.7,8.25,5.735852159879995,2.1243896888444422,False,False,Long-Tail,Limit stock and avoid excessive local warehouse space
71053,WHITE METAL LANTERN,1931,8370.57,330,4.884952589526595,13,12,0,0.0,159.5,148.53846153846155,67.80654299348458,0.4251193918086808,False,False,High-Revenue Priority,Prioritize inventory monitoring and avoid stockouts
71101E,STANDING FAIRY POLE SUPPORT,346,278.5,22,0.8240000000000001,10,11,1,0.09090909090909091,31.454545454545453,34.6,20.689918493622134,0.6577719752307615,False,False,Regular,Maintain standard replenishment review
71143,SILVER BOOK MARK WITH BEADS,178,196.35999999999999,37,2.0070238095238095,7,12,5,0.4166666666666667,14.833333333333334,25.428571428571427,29.374798516394762,1.9803234954872873,False,False,Regular,Maintain standard replenishment review
71215,METAL BASE FOR CANDLES,11,4.62,2,0.42,2,12,10,0.8333333333333334,0.9166666666666666,5.5,2.874917653629668,3.136273803959638,False,False,Long-Tail,Limit stock and avoid excessive local warehouse space
71270,PHOTO CLIP LINE,236,334.98,49,1.7318589743589743,13,12,0,0.0,19.416666666666668,18.153846153846153,17.143556082432696,0.8829299269922418,False,False,Regular,Maintain standard replenishment review
71279,PINK GLASS CANDLEHOLDER,175,558.37,38,3.57569696969697,11,12,1,0.08333333333333333,14.583333333333334,15.909090909090908,8.857029394609103,0.6073391584874813,False,False,Regular,Maintain standard replenishment review
71403,"PINK/WHITE ""KEEP CLEAN"" BULLET BIN",76,283.96000000000004,33,4.4815,12,12,0,0.0,6.333333333333333,6.333333333333333,6.286107819243281,0.992543339880518,False,False,Long-Tail,Limit stock and avoid excessive local warehouse space
71406C,BLACK ORANGE SQUEEZER,138,57.96,21,0.42,11,12,1,0.08333333333333333,11.5,12.545454545454545,9.968131036640537,0.8667940031861336,False,False,Regular,Maintain standard replenishment review
71459,HANGING JAM JAR T-LIGHT HOLDER,13521,10787.49,438,0.961955715279793,13,12,0,0.0,1118.0833333333333,1040.076923076923,473.63727170854617,0.4236153581652049,False,False,High-Revenue Priority,Prioritize inventory monitoring and avoid stockouts
71477,COLOUR GLASS. STAR T-LIGHT HOLDER,6723,20568.45,315,3.8829707005392486,12,12,1,0.08333333333333333,520.25,560.25,412.23297142183173,0.7923747648665674,False,False,High-Revenue Priority,Prioritize inventory monitoring and avoid stockouts
71495A,CD WALL TIDY BLUE OFFICE,103,40.379999999999995,8,0.7272222222222222,6,12,6,0.5,8.583333333333334,17.166666666666668,19.12855235378556,2.228569206266279,False,False,Regular,Maintain standard replenishment review
71495B,CD WALL TIDY RED FLOWERS,163,61.05,8,0.545,7,12,5,0.4166666666666667,13.583333333333334,23.285714285714285,21.228018934389237,1.5627989399550357,False,False,Regular,Maintain standard replenishment review
71496A,A4 WALL TIDY BLUE OFFICE,127,80.96000000000001,12,1.0705555555555555,9,12,3,0.25,10.583333333333334,14.11111111111111,18.95668907288561,1.7911832194852544,False,False,Regular,Maintain standard replenishment review
71496B,A4 WALL TIDY RED FLOWERS,13,7.37,4,0.57,3,11,8,0.7272727272727273,1.1818181818181819,4.333333333333333,2.5619594773603196,2.1678118654587317,False,False,Long-Tail,Limit stock and avoid excessive local warehouse space
71510,SQUARE METAL CANDLEHOLDER BASE,52,36.519999999999996,8,0.7966666666666667,6,10,4,0.4,5.2,8.666666666666666,7.743097284391793,1.4890571700753448,False,False,Long-Tail,Limit stock and avoid excessive local warehouse space
72024U,LILAC VOTIVE CANDLE,72,15.120000000000001,3,0.21,2,8,6,0.75,9.0,36.0,17.856571419428278,1.9840634910475865,False,False,Long-Tail,Limit stock and avoid excessive local warehouse space
72051S,BAG OF SILVER STONES,130,89.53,13,0.6513333333333333,5,12,7,0.5833333333333334,10.833333333333334,26.0,22.266294680253356,2.0553502781772326,False,False,Regular,Maintain standard replenishment review
72122,COFFEE SCENT PILLAR CANDLE,324,335.78999999999996,61,1.1288942307692307,13,12,0,0.0,25.25,24.923076923076923,19.955063153358985,0.7902995308260984,False,False,Regular,Maintain standard replenishment review
72127,COLUMBIAN CANDLE ROUND,169,210.61,30,1.2630357142857143,10,12,2,0.16666666666666666,14.083333333333334,16.9,20.518099917936464,1.456906503048743,False,False,Regular,Maintain standard replenishment review
72128,COLUMBIAN CANDLE ROUND,193,152.04999999999998,36,0.9278636363636363,11,12,2,0.16666666666666666,15.916666666666666,17.545454545454547,17.578180345030717,1.1043882939286314,False,False,Regular,Maintain standard replenishment review
72130,COLUMBIAN CANDLE ROUND,219,133.34,27,0.7194166666666667,10,12,2,0.16666666666666666,18.25,21.9,20.231051740961334,1.1085507803266483,False,False,Regular,Maintain standard replenishment review
72131,COLUMBIAN CANDLE RECTANGLE,136,236.39999999999998,18,1.9300000000000002,9,12,3,0.25,11.333333333333334,15.11111111111111,28.57313847697243,2.5211592773799203,False,False,Regular,Maintain standard replenishment review
72132,COLUMBIAN CUBE CANDLE,28,54.599999999999994,12,1.95,6,12,6,0.5,2.3333333333333335,4.666666666666667,4.313474308032982,1.8486318462998492,False,False,Long-Tail,Limit stock and avoid excessive local warehouse space
72133,COLUMBIAN CANDLE RECTANGLE,45,63.51,16,1.3844444444444446,9,12,4,0.3333333333333333,3.0833333333333335,5.0,2.7784342658585555,0.9011138159541261,False,False,Long-Tail,Limit stock and avoid excessive local warehouse space
72134,COLUMBIAN  CUBE CANDLE,105,58.62,11,0.9983333333333333,9,12,4,0.3333333333333333,8.416666666666666,11.666666666666666,16.3565851811397,1.9433566551849148,False,False,Regular,Maintain standard replenishment review
72140E,BEST DAD CANDLE LETTERS,31,26.349999999999998,8,0.85,5,10,5,0.5,3.1,6.2,3.8715486421958962,1.2488866587728698,False,False,Long-Tail,Limit stock and avoid excessive local warehouse space
72225C,LAVENDER SCENT CAKE CANDLE,624,165.6,17,0.27799999999999997,10,12,2,0.16666666666666666,52.0,62.4,48.90064137895052,0.9403969495952023,False,False,Regular,Maintain standard replenishment review
72232,FENG SHUI PILLAR CANDLE,3317,630.23,65,0.18999999999999997,13,12,0,0.0,264.4166666666667,255.15384615384616,366.37349505496144,1.3855915350329457,False,False,High-Turnover Volatile,Monitor closely and replenish in smaller batches
72349B,SET/6 PURPLE BUTTERFLY T-LIGHTS,888,2145.2,196,3.054728303747535,13,12,0,0.0,67.83333333333333,68.3076923076923,59.24960043337973,0.8734584830473672,False,False,Regular,Maintain standard replenishment review
72351A,SET/6 TURQUOISE BUTTERFLY T-LIGHTS,1279,2561.02,165,2.397364705053619,13,12,0,0.0,104.91666666666667,98.38461538461539,88.92740484987365,0.8476003639384303,False,False,Regular,Maintain standard replenishment review
72351B,SET/6 PINK  BUTTERFLY T-LIGHTS,2095,4005.75,185,2.3543761341222877,13,12,0,0.0,171.91666666666666,161.15384615384616,133.02252600308876,0.7737616636146705,False,False,High-Revenue Priority,Prioritize inventory monitoring and avoid stockouts
72369A,PINK CLEAR GLASS CANDLE PLATE,30,39.92,5,1.734,5,11,6,0.5454545454545454,2.727272727272727,6.0,5.442258889301557,1.9954949260772377,False,False,Long-Tail,Limit stock and avoid excessive local warehouse space
72586,SET OF 6 HALLOWEEN GHOST T-LIGHTS,655,302.71,82,0.7370314009661835,12,12,1,0.08333333333333333,54.5,54.583333333333336,118.45328960472908,2.173454855132644,False,False,Regular,Maintain standard replenishment review
72598,SET/12 TAPER CANDLES,607,605.89,93,1.3208898207056103,13,12,0,0.0,46.583333333333336,46.69230769230769,69.25769840154081,1.4867484451135773,False,False,Regular,Maintain standard replenishment review
72709,IVORY SCULPTED RND CANDLE,44,37.4,7,0.85,6,12,6,0.5,3.6666666666666665,7.333333333333333,5.646130345536479,1.539853730600858,False,False,Long-Tail,Limit stock and avoid excessive local warehouse space
72741,GRAND CHOCOLATECANDLE,5958,8196.0,292,1.582835556256609,13,12,0,0.0,488.0,458.3076923076923,287.08091985615226,0.5882805734757218,False,False,High-Revenue Priority,Prioritize inventory monitoring and avoid stockouts
72760B,VINTAGE CREAM 3 BASKET CAKE STAND,409,4145.389999999999,153,11.313095579858736,13,12,0,0.0,33.0,31.46153846153846,20.64857468116471,0.6257143842777185,False,False,High-Revenue Priority,Prioritize inventory monitoring and avoid stockouts
72780,BLACK SILOUETTE CANDLE PLATE,137,116.45,20,0.85,12,12,1,0.08333333333333333,10.916666666666666,11.416666666666666,7.051219537760612,0.6459132401002088,False,False,Regular,Maintain standard replenishment review
72783,BLACK SIL'T SQU CANDLE PLATE,16,33.6,2,2.1,2,1,0,0.0,12.0,8.0,0.0,0.0,True,False,Long-Tail,Limit stock and avoid excessive local warehouse space
72798C,SET/4 GARDEN ROSE DINNER CANDLE,7,11.549999999999999,3,1.6499999999999997,3,12,9,0.75,0.5833333333333334,2.3333333333333335,1.2401124093721454,2.125906987495106,False,False,Long-Tail,Limit stock and avoid excessive local warehouse space
72799C,PINK PILLAR CANDLE SILVER FLOCK,81,129.47000000000003,19,2.739166666666667,6,11,6,0.5454545454545454,2.0,13.5,4.427188724235731,2.2135943621178655,False,False,Long-Tail,Limit stock and avoid excessive local warehouse space
72799E,IVORY PILLAR CANDLE SILVER FLOCK,451,916.9900000000001,76,2.968923076923077,13,12,0,0.0,20.25,34.69230769230769,17.6229447544439,0.8702688767626617,False,False,Regular,Maintain standard replenishment review
72799F,IVORY PILLAR CANDLE GOLD FLOCK,144,421.13,30,3.0514646464646464,11,12,1,0.08333333333333333,12.0,13.090909090909092,9.505978979759863,0.7921649149799886,False,False,Regular,Maintain standard replenishment review
72800B,4 PURPLE FLOCK DINNER CANDLES,142,285.7,38,2.4885042735042733,12,12,1,0.08333333333333333,7.75,11.833333333333334,12.856727987534564,1.6589326435528469,False,False,Regular,Maintain standard replenishment review
72800C,4 PINK DINNER CANDLE SILVER FLOCK,130,259.71999999999997,35,2.7750688705234157,11,12,2,0.16666666666666666,6.75,11.818181818181818,8.302518785393875,1.230002783021315,False,False,Regular,Maintain standard replenishment review
72800D,4 BLUE DINNER CANDLES SILVER FLOCK,87,226.67,31,2.8010416666666664,12,12,0,0.0,7.25,7.25,5.863988713867347,0.8088260294989444,False,False,Long-Tail,Limit stock and avoid excessive local warehouse space
72800E,4 IVORY DINNER CANDLES SILVER FLOCK,538,1205.64,136,2.642649719059221,13,12,0,0.0,35.916666666666664,41.38461538461539,32.08924581490966,0.8934360783733548,False,False,Regular,Maintain standard replenishment review
72801C,4 ROSE PINK DINNER CANDLES,184,276.59000000000003,44,2.041263736263736,13,12,0,0.0,14.75,14.153846153846153,13.844099497948248,0.9385830168100507,False,False,Regular,Maintain standard replenishment review
72801D,4 SKY BLUE DINNER CANDLES,150,297.90999999999997,62,2.2472262609185685,13,12,0,0.0,11.583333333333334,11.538461538461538,8.659816640231147,0.7476100696602429,False,False,Regular,Maintain standard replenishment review
72801G,4 BURGUNDY WINE DINNER CANDLES,45,57.46,13,1.3004166666666666,8,12,4,0.3333333333333333,3.75,5.625,5.2591910888549105,1.4024509570279762,False,False,Long-Tail,Limit stock and avoid excessive local warehouse space
72802A,ROSE SCENT CANDLE IN JEWELLED BOX,329,1383.69,64,4.718981684981685,13,12,0,0.0,25.916666666666668,25.307692307692307,22.154245779547676,0.8548262037124504,False,False,Regular,Maintain standard replenishment review
72802B,OCEAN SCENT CANDLE IN JEWELLED BOX,630,1545.48,79,4.238333333333333,12,12,0,0.0,52.5,52.5,88.246040343823,1.680876958929962,False,False,Regular,Maintain standard replenishment review
72802C,VANILLA SCENT CANDLE JEWELLED BOX,892,2120.48,103,4.655313035113035,12,12,0,0.0,74.33333333333333,74.33333333333333,130.0282020691409,1.7492583238001018,False,False,Regular,Maintain standard replenishment review
72803A,ROSE SCENT CANDLE JEWELLED DRAWER,529,722.47,41,4.260681818181818,11,12,1,0.08333333333333333,44.083333333333336,48.09090909090909,117.31345604702373,2.6611748063597065,False,False,Regular,Maintain standard replenishment review
72803B,OCEAN SCENT CANDLE JEWELLED DRAWER,1,8.47,1,8.47,1,12,11,0.9166666666666666,0.08333333333333333,1.0,0.2886751345948129,3.4641016151377553,False,False,Long-Tail,Limit stock and avoid excessive local warehouse space
72807A,SET/3 ROSE CANDLE IN JEWELLED BOX,397,1894.8899999999999,111,5.667456654456654,12,12,0,0.0,33.083333333333336,33.083333333333336,32.05239555175339,0.9688381526978355,False,False,Regular,Maintain standard replenishment review
72807B,SET/3 OCEAN SCENT CANDLE JEWEL BOX,399,1855.37,114,5.487582633053221,12,12,0,0.0,33.25,33.25,27.964669268073372,0.8410426847540864,False,False,Regular,Maintain standard replenishment review
72807C,SET/3 VANILLA SCENTED CANDLE IN BOX,602,2712.2999999999997,160,5.247592499554109,12,12,0,0.0,50.166666666666664,50.166666666666664,29.486000787225155,0.5877608130343885,False,False,Regular,Maintain standard replenishment review
72811,SMALL ZINC/GLASS CANDLEHOLDER,53,78.92999999999999,8,1.585,5,8,4,0.5,6.375,10.6,9.410290719662779,1.4761240344569064,False,False,Long-Tail,Limit stock and avoid excessive local warehouse space
72812,LARGE ZINC GLASS CANDLEHOLDER,34,116.06,11,3.695,7,10,4,0.4,3.2,4.857142857142857,3.359894178227774,1.0499669306961794,False,False,Long-Tail,Limit stock and avoid excessive local warehouse space
72815,3 WICK CHRISTMAS BRIAR CANDLE,3,15.97,2,6.11,2,12,10,0.8333333333333334,0.25,1.5,0.621581560508061,2.486326242032244,False,False,Long-Tail,Limit stock and avoid excessive local warehouse space
72816,SET/3 CHRISTMAS DECOUPAGE CANDLES,868,975.32,68,2.220406026640676,9,12,3,0.25,72.33333333333333,96.44444444444444,150.19522649074457,2.076431702637022,False,False,Regular,Maintain standard replenishment review
72817,SET OF 2 CHRISTMAS DECOUPAGE CANDLE,1188,1202.27,160,1.460608023141418,10,12,2,0.16666666666666666,99.0,118.8,165.36351141981385,1.670338499190039,False,False,Regular,Maintain standard replenishment review
72818,CHRISTMAS DECOUPAGE CANDLE,1809,796.06,75,1.148805194805195,7,12,5,0.4166666666666667,150.75,258.42857142857144,384.10867898646507,2.5479846035586404,False,False,Regular,Maintain standard replenishment review
72819,CUPID DESIGN SCENTED CANDLES,225,509.07,43,2.997240079365079,12,12,1,0.08333333333333333,13.416666666666666,18.75,14.594259975840647,1.0877709298763216,False,False,Regular,Maintain standard replenishment review
72821,CUPID SCENTED CANDLE IN GLASS,11,18.15,4,1.65,2,11,9,0.8181818181818182,1.0,5.5,2.720294101747089,2.720294101747089,False,False,Long-Tail,Limit stock and avoid excessive local warehouse space
75011,BLUE DAISY MOBILE,172,138.76,12,0.805,8,12,4,0.3333333333333333,14.333333333333334,21.5,21.111536412515544,1.4728978892452704,False,False,Regular,Maintain standard replenishment review
75013B,"STRING OF 8 BUTTERFLIES,PINK",25,41.25,6,1.65,2,12,10,0.8333333333333334,2.0833333333333335,12.5,4.9810245994781095,2.3908918077494925,False,False,Long-Tail,Limit stock and avoid excessive local warehouse space
75049L,LARGE CIRCULAR MIRROR MOBILE,7100,6810.48,204,1.7090503405352633,13,12,0,0.0,591.0,546.1538461538462,424.7600392093057,0.7187141103372348,False,False,High-Revenue Priority,Prioritize inventory monitoring and avoid stockouts
75131,METAL TUBE CHIME ON BAMBOO,490,529.21,15,1.7671666666666668,5,12,7,0.5833333333333334,40.833333333333336,98.0,112.39850640655436,2.752616483425821,False,False,Regular,Maintain standard replenishment review
75172,PAINTED SEA SHELL METAL WINDCHIME,93,85.31,8,2.27,4,10,6,0.6,9.3,23.25,26.297655155292208,2.827704855407764,False,False,Long-Tail,Limit stock and avoid excessive local warehouse space
75178,ASSTD COL BUTTERFLY/CRYSTAL W/CHIME,459,218.86999999999998,13,1.3747916666666666,8,12,5,0.4166666666666667,38.166666666666664,57.375,65.70019141155642,1.7214023950626136,False,False,Regular,Maintain standard replenishment review
77079,DOLPHIN WINDMILL,1,2.12,1,2.12,1,6,5,0.8333333333333334,0.16666666666666666,1.0,0.408248290463863,2.4494897427831783,False,False,Long-Tail,Limit stock and avoid excessive local warehouse space
77101A,UNION FLAG WINDSOCK,387,426.94,22,1.4334375,4,12,8,0.6666666666666666,32.25,96.75,96.79042495844496,3.0012534870835648,False,False,Regular,Maintain standard replenishment review
78033,FLAG OF ST GEORGE CHAIR,36,173.4,7,5.4399999999999995,5,9,4,0.4444444444444444,4.0,7.2,5.5901699437494745,1.3975424859373686,False,False,Long-Tail,Limit stock and avoid excessive local warehouse space
78034B,BLUE NETTING STORAGE HANGER,8,15.6,6,1.95,5,12,7,0.5833333333333334,0.6666666666666666,1.6,0.9847319278346618,1.4770978917519928,False,False,Long-Tail,Limit stock and avoid excessive local warehouse space
78124,MAGAZINE RACK GEBRA ASSORTED,198,256.5,18,1.4642857142857142,7,12,5,0.4166666666666667,16.5,28.285714285714285,21.0,1.2727272727272727,False,False,Regular,Maintain standard replenishment review
79000,MOROCCAN TEA GLASS,4162,3357.3399999999997,125,0.9706665001665001,10,12,2,0.16666666666666666,346.8333333333333,416.2,261.1477580128757,0.7529488457843606,False,False,High-Revenue Priority,Prioritize inventory monitoring and avoid stockouts
79026B,"S/4 ICON COASTER,ELVIS LIVES",25,10.61,9,0.6766666666666666,3,9,6,0.6666666666666666,2.7777777777777777,8.333333333333334,6.036923425424944,2.1732924331529797,False,False,Long-Tail,Limit stock and avoid excessive local warehouse space
79030D,TUMBLER BAROQUE,581,350.22999999999996,47,2.2254545454545456,11,12,1,0.08333333333333333,48.416666666666664,52.81818181818182,60.330089482526844,1.2460603679695734,False,False,Regular,Maintain standard replenishment review
79030G,TUMBLER NEW ENGLAND,1403,733.4899999999999,67,3.698189655172414,7,12,5,0.4166666666666667,116.91666666666667,200.42857142857142,250.6770680063145,2.1440661554353344,False,False,Regular,Maintain standard replenishment review
79051A,SMOKEY GREY COLOUR D.O.F. GLASS,823,289.55,41,0.4182222222222222,12,12,1,0.08333333333333333,64.08333333333333,68.58333333333333,72.5840682911682,1.13265126072044,False,False,Regular,Maintain standard replenishment review
79062D,"RETRO TIN ASHTRAY,REVOLUTIONARY",52,19.4,4,0.41,3,10,7,0.7,5.2,17.333333333333332,9.437513796899408,1.8149064994037323,False,False,Long-Tail,Limit stock and avoid excessive local warehouse space
79063C,"RETRO PILL BOX KEY CHAIN,THE KING",235,43.65,14,0.18875,8,9,2,0.2222222222222222,26.0,29.375,33.30540496676177,1.2809771141062218,False,False,Regular,Maintain standard replenishment review
79063D,"RETRO PILL BOX , REVOLUTIONARY",189,35.14,11,0.20833333333333334,6,10,4,0.4,18.9,31.5,33.4247080931324,1.7685030737107093,False,False,Regular,Maintain standard replenishment review
79066K,RETRO MOD TRAY,799,716.26,155,1.106368148442809,13,12,0,0.0,65.83333333333333,61.46153846153846,56.49430113388483,0.858141283046352,False,False,Regular,Maintain standard replenishment review
79067,CORONA MEXICAN TRAY,172,719.69,38,5.865263157894737,1,12,11,0.9166666666666666,14.333333333333334,172.0,49.652123150307816,3.4641016151377544,False,False,Regular,Maintain standard replenishment review
79071B,ENGLISH ROSE METAL WASTE BIN,20,59.0,11,2.9500000000000006,6,11,5,0.45454545454545453,1.8181818181818181,3.3333333333333335,2.2279219832921355,1.2253570908106746,False,False,Long-Tail,Limit stock and avoid excessive local warehouse space
79144B,PAINTED LIGHTBULB STAR+ MOON,180,103.23,53,0.7277628205128205,13,12,0,0.0,14.166666666666666,13.846153846153847,11.945583690091068,0.8432176722417225,False,False,Regular,Maintain standard replenishment review
79144C,PAINTED LIGHTBULB RAINBOW DESIGN,152,98.12,51,0.7778653846153846,13,12,0,0.0,12.166666666666666,11.692307692307692,12.246211535397261,1.0065379344162133,False,False,Regular,Maintain standard replenishment review
79149B,SILICON STAR BULB  BLUE,18,7.56,8,0.42,6,12,7,0.5833333333333334,1.4166666666666667,3.0,3.3967453227875044,2.3977025807911794,False,False,Long-Tail,Limit stock and avoid excessive local warehouse space
79151B,"SILICON CUBE 25W, BLUE",11,4.62,2,0.42,2,12,10,0.8333333333333334,0.9166666666666666,5.5,2.874917653629668,3.136273803959638,False,False,Long-Tail,Limit stock and avoid excessive local warehouse space
79157B,UBO-LIGHT TRIOBASE BLUE,4,3.4,2,0.85,2,2,1,0.5,1.5,2.0,2.1213203435596424,1.414213562373095,True,False,Long-Tail,Limit stock and avoid excessive local warehouse space
79157V,UBO-LIGHT TRIOBASE PURPLE,5,4.25,3,0.85,2,2,0,0.0,2.5,2.5,0.7071067811865476,0.282842712474619,True,False,Long-Tail,Limit stock and avoid excessive local warehouse space
79160,HEART SHAPE WIRELESS DOORBELL,441,789.53,47,2.064722222222222,12,12,1,0.08333333333333333,36.083333333333336,36.75,60.394849770389186,1.6737602707729105,False,False,Regular,Maintain standard replenishment review
79161A,ST GEORGE SET OF 10 PARTY LIGHTS,2,5.9,2,2.95,1,1,0,0.0,2.0,2.0,0.0,0.0,True,False,Long-Tail,Limit stock and avoid excessive local warehouse space
79163,BLACK CHAMPAGNE GLASS,1529,626.55,35,0.6699999999999999,9,12,3,0.25,127.41666666666667,169.88888888888889,150.4057895001104,1.1804247704390611,False,False,Regular,Maintain standard replenishment review
79164,BLACK WINE GLASS,1666,697.6200000000001,19,0.78375,8,12,4,0.3333333333333333,138.83333333333334,208.25,305.63252841319496,2.2014347784863983,False,False,Regular,Maintain standard replenishment review
79190A,RETRO PLASTIC 70'S TRAY,384,179.36,63,0.5989865134865135,13,12,0,0.0,28.75,29.53846153846154,25.683829366141858,0.8933505866484124,False,False,Regular,Maintain standard replenishment review
79190B,RETRO PLASTIC POLKA TRAY,692,282.06,56,0.5809615384615384,13,12,0,0.0,53.916666666666664,53.23076923076923,86.19265770600326,1.5986273453972784,False,False,Regular,Maintain standard replenishment review
79190D,RETRO PLASTIC DAISY TRAY,265,126.98,47,0.5894358974358974,13,12,0,0.0,20.833333333333332,20.384615384615383,11.621557815568705,0.5578347751472978,False,False,Regular,Maintain standard replenishment review
79191B,RETRO PLASTIC POLKA TRAY,147,128.1,29,0.9011538461538462,13,12,0,0.0,11.083333333333334,11.307692307692308,7.153617436251565,0.6454391671805924,False,False,Regular,Maintain standard replenishment review
79191C,RETRO PLASTIC ELEPHANT TRAY,948,679.08,53,0.8326068376068375,13,12,0,0.0,78.0,72.92307692307692,68.70622573352036,0.8808490478656456,False,False,Regular,Maintain standard replenishment review
79191D,RETRO PLASTIC DAISY TRAY,23,27.409999999999997,15,1.3392857142857142,7,12,6,0.5,1.5833333333333333,3.2857142857142856,2.274696116900546,1.4366501790950819,False,False,Long-Tail,Limit stock and avoid excessive local warehouse space
79192A,RETRO PLASTIC 70'S TRAY,3,3.75,2,1.25,2,11,9,0.8181818181818182,0.2727272727272727,1.5,0.6466697906828632,2.3711225658371653,False,False,Long-Tail,Limit stock and avoid excessive local warehouse space
79302M,"ART LIGHTS,FUNK MONKEY",370,1037.54,62,3.4306574074074074,12,12,1,0.08333333333333333,28.333333333333332,30.833333333333332,26.088427714334582,0.9207680369765147,False,False,Regular,Maintain standard replenishment review
79321,CHILLI LIGHTS,10225,53761.61,658,7.017539267829171,13,12,0,0.0,813.5833333333334,786.5384615384615,582.2277683539529,0.7156338441306396,False,False,High-Revenue Priority,Prioritize inventory monitoring and avoid stockouts
79323B,BLACK CHERRY LIGHTS,8,54.0,1,6.75,1,10,9,0.9,0.8,8.0,2.5298221281347035,3.162277660168379,False,False,Long-Tail,Limit stock and avoid excessive local warehouse space
79329,PINK FLOCK GLASS CANDLEHOLDER,12,12.18,2,1.015,2,12,10,0.8333333333333334,1.0,6.0,2.335496832484569,2.335496832484569,False,False,Long-Tail,Limit stock and avoid excessive local warehouse space
79331,PINK FLOCK GLASS CANDLEHOLDER,26,17.5,3,1.015,2,10,8,0.8,2.6,13.0,6.397916327472042,2.4607370490277085,False,False,Long-Tail,Limit stock and avoid excessive local warehouse space
79336,LIGHT PINK FLOCK GLASS CANDLEHOLDER,36,13.679999999999998,3,0.38000000000000006,3,5,2,0.4,7.2,12.0,9.85900603509299,1.3693063937629153,False,False,Long-Tail,Limit stock and avoid excessive local warehouse space
79337,BLUE FLOCK GLASS CANDLEHOLDER,644,259.96,10,0.618125,8,12,4,0.3333333333333333,53.666666666666664,80.5,94.9548537065075,1.769345100121258,False,False,Regular,Maintain standard replenishment review
79403,FROSTED WHITE BASE,95,85.52,15,1.008,10,12,3,0.25,7.833333333333333,9.5,7.246733851546607,0.9251149597719074,False,False,Long-Tail,Limit stock and avoid excessive local warehouse space
79406,FROSTED WHITE BASE,144,34.12,8,0.3725,8,10,3,0.3,14.1,18.0,22.338059201481425,1.584259517835562,False,False,Regular,Maintain standard replenishment review
81950B,FLOWER BLUE CLOCK WITH SUCKER,116,33.63999999999999,8,0.29,2,5,3,0.6,23.2,58.0,49.670917044081236,2.140987803624191,False,False,Regular,Maintain standard replenishment review
81950V,FLOWER PURPLE CLOCK WITH SUCKER,20,8.6,6,0.71,4,12,8,0.6666666666666666,1.6666666666666667,5.0,4.2923469599092785,2.575408175945567,False,False,Long-Tail,Limit stock and avoid excessive local warehouse space
81952B,ROUND BLUE CLOCK WITH SUCKER,200,38.0,9,0.19,1,5,4,0.8,40.0,200.0,89.44271909999158,2.2360679774997894,False,False,Regular,Maintain standard replenishment review
81952V,ROUND PURPLE CLOCK WITH SUCKER,365,69.35,24,0.19,5,5,0,0.0,73.0,73.0,111.66915420114903,1.5297144411116306,False,False,Regular,Maintain standard replenishment review
81953B,ROUND BLUE CLOCK WITH SUCKER,11,2.09,3,0.19,1,5,4,0.8,2.2,11.0,4.919349550499537,2.2360679774997894,False,False,Long-Tail,Limit stock and avoid excessive local warehouse space
81953P,ROUND ARTICULATED PINK CLOCK W/SUCK,28,5.32,3,0.19,1,5,4,0.8,5.6,28.0,12.521980673998822,2.23606797749979,False,False,Long-Tail,Limit stock and avoid excessive local warehouse space
82001S,VINYL RECORD FRAME SILVER,1700,6645.33,153,4.733139922043768,13,12,0,0.0,138.75,130.76923076923077,87.90607073875657,0.6335572665856329,False,False,High-Revenue Priority,Prioritize inventory monitoring and avoid stockouts
82011A,"BATHROOM SCALES, TROPICAL BEACH",18,67.5,12,3.75,9,12,3,0.25,1.5,2.0,1.243163121016122,0.8287754140107481,False,False,Long-Tail,Limit stock and avoid excessive local warehouse space
82011B,BATHROOM SCALES RUBBER DUCKS,43,146.85,21,3.683333333333333,9,12,3,0.25,3.5833333333333335,4.777777777777778,4.481443219916251,1.2506353171859306,False,False,Long-Tail,Limit stock and avoid excessive local warehouse space
82011C,BATHROOM SCALES FOOTPRINTS IN SAND,51,172.05,20,3.6666666666666665,8,12,4,0.3333333333333333,4.25,6.375,5.2591910888549105,1.2374567267893908,False,False,Long-Tail,Limit stock and avoid excessive local warehouse space
82095,HEART BUTTONS JEWELLERY BOX,68,356.11,30,5.251416666666667,6,10,4,0.4,6.8,11.333333333333334,8.638415492567036,1.2703552194951524,False,False,Long-Tail,Limit stock and avoid excessive local warehouse space
82482,WOODEN PICTURE FRAME WHITE FINISH,8767,22514.81,1092,3.1205326544364613,13,12,0,0.0,718.1666666666666,674.3846153846154,214.3916693315948,0.29852634392888583,False,False,High-Revenue Priority,Prioritize inventory monitoring and avoid stockouts
82483,WOOD 2 DRAWER CABINET WHITE FINISH,2284,14504.02,530,7.009704343774666,12,12,1,0.08333333333333333,181.0,190.33333333333334,91.94860224356569,0.5080033273125176,False,False,High-Revenue Priority,Prioritize inventory monitoring and avoid stockouts
82484,WOOD BLACK BOARD ANT WHITE FINISH,5996,35871.520000000004,682,8.411461682648305,13,12,0,0.0,467.1666666666667,461.2307692307692,296.7633992788113,0.6352409545746941,False,False,High-Revenue Priority,Prioritize inventory monitoring and avoid stockouts
82486,WOOD S/3 CABINET ANT WHITE FINISH,2081,17888.47,594,9.17398246166653,13,12,0,0.0,165.83333333333334,160.07692307692307,43.93762796869161,0.26495052041422074,False,False,High-Revenue Priority,Prioritize inventory monitoring and avoid stockouts
82494L,WOODEN FRAME ANTIQUE WHITE,6711,21071.89,964,3.525789433637189,13,12,0,0.0,540.0833333333334,516.2307692307693,267.1004095614209,0.49455406800448243,False,False,High-Revenue Priority,Prioritize inventory monitoring and avoid stockouts
82551,LAUNDRY 15C METAL SIGN,2918,4542.889999999999,351,1.7717867016279008,13,12,0,0.0,239.91666666666666,224.46153846153845,129.3841765886198,0.5392879885597213,False,False,High-Revenue Priority,Prioritize inventory monitoring and avoid stockouts
82552,WASHROOM METAL SIGN,3012,4674.83,364,1.6841442781784068,13,12,0,0.0,245.91666666666666,231.69230769230768,155.50531024743663,0.6323496180851371,False,False,High-Revenue Priority,Prioritize inventory monitoring and avoid stockouts
82567,"AIRLINE LOUNGE,METAL SIGN",711,1408.07,291,2.057998468014305,13,12,0,0.0,54.583333333333336,54.69230769230769,19.080967830100587,0.34957498314688096,False,False,Regular,Maintain standard replenishment review
82578,KITCHEN METAL SIGN,2046,1211.25,304,0.7589775203010498,13,12,0,0.0,145.5,157.3846153846154,58.99845914783015,0.40548769173766425,False,False,High-Turnover Stable,Keep stable local warehouse inventory
82580,BATHROOM METAL SIGN,5592,3346.76,627,0.8364836969583667,13,12,0,0.0,449.5,430.15384615384613,144.31877594723804,0.32106513002722586,False,False,High-Revenue Priority,Prioritize inventory monitoring and avoid stockouts
82581,TOILET METAL SIGN,3870,2148.7400000000002,403,0.7330931202453728,13,12,0,0.0,312.25,297.6923076923077,129.58052954191706,0.41498968628316113,False,False,High-Turnover Stable,Keep stable local warehouse inventory
82582,AREA PATROLLED METAL SIGN,4364,8856.69,436,2.3930571919474177,13,12,0,0.0,346.4166666666667,335.6923076923077,141.3174751680725,0.40794075102643007,False,False,High-Revenue Priority,Prioritize inventory monitoring and avoid stockouts
82583,HOT BATHS METAL SIGN,7234,16895.86,608,3.1816098084805153,13,12,0,0.0,577.0,556.4615384615385,391.0252258777268,0.6776866999613983,False,False,High-Revenue Priority,Prioritize inventory monitoring and avoid stockouts
82599,FANNY'S REST STOPMETAL SIGN,508,1217.73,141,2.7162377525252523,6,12,6,0.5,42.333333333333336,84.66666666666667,57.412911650972944,1.3562105114403058,False,False,Regular,Maintain standard replenishment review
82600,NO SINGING METAL SIGN,5989,12782.78,544,2.516650286036987,13,12,0,0.0,466.25,460.6923076923077,275.5497397765222,0.590991398984498,False,False,High-Revenue Priority,Prioritize inventory monitoring and avoid stockouts
82605,OLD DOC RUSSEL METAL SIGN,14,29.400000000000006,3,2.1,2,12,10,0.8333333333333334,1.1666666666666667,7.0,3.737605780402338,3.2036620974877184,False,False,Long-Tail,Limit stock and avoid excessive local warehouse space
82613A,"METAL SIGN,CUPCAKE SINGLE HOOK",72,94.84,19,1.4264583333333332,8,12,4,0.3333333333333333,6.0,9.0,8.994948077064754,1.4991580128441255,False,False,Long-Tail,Limit stock and avoid excessive local warehouse space
82613B,"METAL SIGN,CUPCAKE SINGLE HOOK",587,510.18,115,1.723969159046082,13,12,0,0.0,48.75,45.15384615384615,71.94331733448847,1.4757603555792507,False,False,Regular,Maintain standard replenishment review
82613C,"METAL SIGN,CUPCAKE SINGLE HOOK",542,455.78,100,1.8039939668174962,13,12,0,0.0,45.083333333333336,41.69230769230769,73.80743782836441,1.637133556266863,False,False,Regular,Maintain standard replenishment review
82613D,METAL SIGN CUPCAKE SINGLE HOOK,696,534.24,111,1.509646223146223,13,12,0,0.0,57.916666666666664,53.53846153846154,111.97114752822657,1.9333147774657826,False,False,Regular,Maintain standard replenishment review
82615,PINK MARSHMALLOW SCARF KNITTING KIT,36,91.8,1,2.55,1,12,11,0.9166666666666666,3.0,36.0,10.392304845413264,3.464101615137755,False,False,Long-Tail,Limit stock and avoid excessive local warehouse space
82616B,FRAPPUCINO SCARF KNITTING KIT,343,502.74,73,1.9846017316017317,11,12,2,0.16666666666666666,27.75,31.181818181818183,30.2808820575263,1.0912029570279747,False,False,Regular,Maintain standard replenishment review
82616C,MIDNIGHT GLAMOUR SCARF KNITTING KIT,324,501.44,85,2.0374301016702976,12,12,1,0.08333333333333333,25.583333333333332,27.0,26.599584184492038,1.0397231603058776,False,False,Regular,Maintain standard replenishment review
84006,MAGIC TREE -PAPER FLOWERS,918,848.6999999999999,105,1.0989338188693027,13,12,0,0.0,70.16666666666667,70.61538461538461,90.8893766502928,1.2953355342084485,False,False,Regular,Maintain standard replenishment review
84012,MAGIC SHEEP WOOL GROWING FROM PAPER,1145,1181.99,114,1.8141153846153844,13,12,0,0.0,85.08333333333333,88.07692307692308,108.4673879210901,1.27483707644768,False,False,Regular,Maintain standard replenishment review
84016,FLAG OF ST GEORGE CAR FLAG,27,12.16,2,0.625,2,8,6,0.75,3.375,13.5,8.765802057671944,2.5972746837546503,False,False,Long-Tail,Limit stock and avoid excessive local warehouse space
84029E,RED WOOLLY HOTTIE WHITE HEART.,4718,21961.73,427,6.1057050084321,13,12,0,0.0,359.75,362.9230769230769,604.8355336182495,1.681266250502431,False,False,High-Revenue Priority,Prioritize inventory monitoring and avoid stockouts
84029G,KNITTED UNION FLAG HOT WATER BOTTLE,3311,16114.04,458,5.749310536398789,13,12,0,0.0,252.58333333333334,254.69230769230768,374.28221203047343,1.481816741790063,False,False,High-Revenue Priority,Prioritize inventory monitoring and avoid stockouts
84030E,ENGLISH ROSE HOT WATER BOTTLE,1605,7292.45,375,5.645592749083374,13,12,0,0.0,126.08333333333333,123.46153846153847,146.89851681492308,1.1650906819425493,False,False,High-Revenue Priority,Prioritize inventory monitoring and avoid stockouts
84031A,CHARLIE+LOLA RED HOT WATER BOTTLE,431,1976.54,165,4.490723712561948,13,12,0,0.0,26.916666666666668,33.15384615384615,35.538604703089064,1.3203196793717298,False,False,Regular,Maintain standard replenishment review
84031B,CHARLIE LOLA BLUE HOT WATER BOTTLE,304,1452.35,143,4.64366976639345,13,12,0,0.0,22.5,23.384615384615383,22.043345728566045,0.9797042546029353,False,False,Regular,Maintain standard replenishment review
84032A,CHARLIE+LOLA PINK HOT WATER BOTTLE,979,3314.1800000000003,312,3.4887690391503776,13,12,0,0.0,68.91666666666667,75.3076923076923,84.23177799525796,1.2222265247195834,False,False,High-Revenue Priority,Prioritize inventory monitoring and avoid stockouts
84032B,CHARLIE + LOLA RED HOT WATER BOTTLE,912,2350.79,254,3.392561320755156,13,12,0,0.0,49.5,70.15384615384616,64.25871005693949,1.2981557587260504,False,False,Regular,Maintain standard replenishment review
84033,FLAG OF ST GEORGE,23,37.95,7,1.6499999999999997,6,11,5,0.45454545454545453,2.090909090909091,3.8333333333333335,3.562430222602134,1.7037709760271076,False,False,Long-Tail,Limit stock and avoid excessive local warehouse space
84050,PINK HEART SHAPE EGG FRYING PAN,3217,4733.73,255,2.0762106677198138,12,12,0,0.0,268.0833333333333,268.0833333333333,267.3473934563021,0.9972548092867968,False,False,High-Revenue Priority,Prioritize inventory monitoring and avoid stockouts
84051,ASS COLOUR GLOWING TIARAS,281,215.20999999999998,25,0.9161363636363636,11,12,2,0.16666666666666666,21.416666666666668,25.545454545454547,37.69364145397213,1.7600143869558968,False,False,Regular,Maintain standard replenishment review
84077,WORLD WAR 2 GLIDERS ASSTD DESIGNS,54711,13744.41,531,0.3161373713853114,13,12,0,0.0,4445.333333333333,4208.538461538462,2506.829012312108,0.56392374302162,False,False,High-Revenue Priority,Prioritize inventory monitoring and avoid stockouts
84078A,SET/4 WHITE RETRO STORAGE CUBES,386,15324.75,149,46.51496753246753,13,12,0,0.0,31.833333333333332,29.692307692307693,15.654411712376994,0.49176162447257576,False,False,High-Revenue Priority,Prioritize inventory monitoring and avoid stockouts
84086B,YELLOW/BLUE RETRO RADIO,16,47.2,7,2.9500000000000006,6,9,4,0.4444444444444444,1.6666666666666667,2.6666666666666665,2.23606797749979,1.3416407864998738,False,False,Long-Tail,Limit stock and avoid excessive local warehouse space
84086C,PINK/PURPLE RETRO RADIO,218,622.27,53,3.276608695652174,10,12,2,0.16666666666666666,18.166666666666668,21.8,22.993411441040447,1.265692372901309,False,False,Regular,Maintain standard replenishment review
84192,ASSORTED COLOUR METAL CAT,111,138.75,25,1.25,10,12,3,0.25,8.833333333333334,11.1,9.925479913593675,1.1236392355011706,False,False,Regular,Maintain standard replenishment review
84199,GLOW IN DARK DOLPHINS,138,28.98,31,0.21,11,12,2,0.16666666666666666,11.083333333333334,12.545454545454545,13.439820976441162,1.212615426445819,False,False,Regular,Maintain standard replenishment review
84201B,HAPPY BIRTHDAY CARD STRIPEY TEDDY,13,2.4699999999999998,2,0.19,2,4,2,0.5,3.25,6.5,5.852349955359813,1.8007230631876348,False,False,Long-Tail,Limit stock and avoid excessive local warehouse space
84201C,HAPPY BIRTHDAY CARD TEDDY/CAKE,5,0.95,1,0.19,1,4,3,0.75,1.25,5.0,2.5,2.0,False,False,Long-Tail,Limit stock and avoid excessive local warehouse space
84206A,3 BLACK CATS W HEARTS BLANK CARD,24,4.5600000000000005,3,0.19,2,4,2,0.5,6.0,12.0,8.48528137423857,1.414213562373095,False,False,Long-Tail,Limit stock and avoid excessive local warehouse space
84206B,CAT WITH SUNGLASSES BLANK CARD,5,0.95,1,0.19,1,1,0,0.0,5.0,5.0,0.0,0.0,True,False,Long-Tail,Limit stock and avoid excessive local warehouse space
84206C,CHAMPAGNE TRAY BLANK CARD,8,1.52,2,0.19,2,6,4,0.6666666666666666,1.3333333333333333,4.0,2.1602468994692865,1.6201851746019649,False,False,Long-Tail,Limit stock and avoid excessive local warehouse space
84212,"ASSORTED FLOWER COLOUR ""LEIS""",10315,4934.87,111,0.8510826103720841,13,12,0,0.0,855.5833333333334,793.4615384615385,495.9522444629914,0.579665621267741,False,False,High-Revenue Priority,Prioritize inventory monitoring and avoid stockouts
84218,BOX/12 CHICK & EGG IN BASKET,123,223.11,41,1.9033333333333333,3,11,8,0.7272727272727273,11.181818181818182,41.0,23.928301994994055,2.1399294467067853,False,False,Regular,Maintain standard replenishment review
84226,HEN HOUSE W FAMILY IN BARN & NEST,51,36.21,10,0.808,5,11,6,0.5454545454545454,4.636363636363637,10.2,10.03267389356125,2.163910055473995,False,False,Long-Tail,Limit stock and avoid excessive local warehouse space
84227,HEN HOUSE W CHICK IN NEST,1,0.42,1,0.42,1,9,8,0.8888888888888888,0.1111111111111111,1.0,0.33333333333333337,3.0000000000000004,False,False,Long-Tail,Limit stock and avoid excessive local warehouse space
84228,HEN HOUSE W CHICK STANDING,297,124.08999999999999,27,0.5297692307692308,6,12,6,0.5,24.75,49.5,44.9122882557061,1.8146379093214586,False,False,Regular,Maintain standard replenishment review
84231,EASTER BUNNY WITH BASKET ON BACK,108,72.63,20,0.7094,5,11,6,0.5454545454545454,9.818181818181818,21.6,14.729685548701857,1.5002457503307447,False,False,Regular,Maintain standard replenishment review
84247E,PACK OF 12 CHRISTMAS FUN CARDS,128,348.69,47,2.7326111111111113,7,12,6,0.5,10.416666666666666,18.285714285714285,14.71213681614502,1.412365134349922,False,False,Regular,Maintain standard replenishment review
84247G,"DECOUPAGE,GREETING CARD,",357,158.63,32,0.4948958333333333,8,12,4,0.3333333333333333,29.75,44.625,28.85425760296358,0.969891011864322,False,False,Regular,Maintain standard replenishment review
84247K,"FOLK ART GREETING CARD,PACK/12",22,64.9,9,2.95,7,12,5,0.4166666666666667,1.8333333333333333,3.142857142857143,3.352972448801845,1.8288940629828245,False,False,Long-Tail,Limit stock and avoid excessive local warehouse space
84247L,FAWN AND MUSHROOM GREETING CARD,128,62.059999999999995,19,0.7176666666666667,4,12,8,0.6666666666666666,10.666666666666666,32.0,26.33122354417533,2.468552207266437,False,False,Regular,Maintain standard replenishment review
84247N,PACK/12 BLUE FOLKART CARDS,22,64.9,18,2.9500000000000006,9,12,3,0.25,1.8333333333333333,2.4444444444444446,1.403458930534474,0.7655230530188041,False,False,Long-Tail,Limit stock and avoid excessive local warehouse space
84249A,"GREETING CARD,SQUARE, DOUGHNUTS",174,80.46,27,0.7038461538461539,13,12,0,0.0,14.416666666666666,13.384615384615385,15.382743184451462,1.0670110879388297,False,False,Regular,Maintain standard replenishment review
84251B,"GREETING CARD, STICKY GORDON",233,68.5,52,0.40728333333333333,10,12,2,0.16666666666666666,19.416666666666668,23.3,18.277946638868748,0.9413534749631973,False,False,Regular,Maintain standard replenishment review
84251C,"GREETING CARD, TWO SISTERS.",127,53.88,40,0.6235185185185185,8,12,4,0.3333333333333333,10.583333333333334,15.875,25.09059343235785,2.3707647337660958,False,False,Regular,Maintain standard replenishment review
84251G,"GREETING CARD, OVERCROWDED POOL.",270,74.7,53,0.4710349821746881,11,12,2,0.16666666666666666,19.5,24.545454545454547,21.163862854145762,1.0853263002126032,False,False,Regular,Maintain standard replenishment review
84270,ASSTD DESIGN BUBBLE GUM RING,17,3.5700000000000003,4,0.21,1,12,11,0.9166666666666666,1.4166666666666667,17.0,4.907477288111819,3.4641016151377544,False,False,Long-Tail,Limit stock and avoid excessive local warehouse space
84279B,CHERRY BLOSSOM DECORATIVE FLASK,186,752.2,67,4.532744891640867,5,10,5,0.5,18.6,37.2,23.824357284090585,1.2808794238758379,False,False,Regular,Maintain standard replenishment review
84279P,CHERRY BLOSSOM  DECORATIVE FLASK,367,1528.21,123,4.9106479439364055,13,12,0,0.0,30.083333333333332,28.23076923076923,14.425093876066573,0.47950450557562013,False,False,Regular,Maintain standard replenishment review
84306,S/3 PINK SQUARE PLANTERS ROSES,10,88.22,9,9.145,2,10,8,0.8,1.0,5.0,2.309401076758503,2.309401076758503,False,False,Long-Tail,Limit stock and avoid excessive local warehouse space
84313B,BLUE TV TRAY TABLE,127,518.61,39,5.351946666666667,5,12,7,0.5833333333333334,10.583333333333334,25.4,17.727525250726668,1.6750417559741733,False,False,Regular,Maintain standard replenishment review
84313C,ORANGE TV TRAY TABLE,504,1165.9099999999999,43,3.83406162464986,7,12,5,0.4166666666666667,42.0,72.0,69.55573304911681,1.656088882121829,False,False,Regular,Maintain standard replenishment review
84341B,SMALL PINK MAGIC CHRISTMAS TREE,645,282.38,40,0.7182993197278912,7,12,5,0.4166666666666667,53.75,92.14285714285714,86.28823263289782,1.6053624675887965,False,False,Regular,Maintain standard replenishment review
84347,ROTATING SILVER ANGELS T-LIGHT HLDR,9461,26425.579999999998,449,3.7347788864055165,13,12,0,0.0,714.1666666666666,727.7692307692307,1102.8805946522978,1.544290214215586,False,False,High-Revenue Priority,Prioritize inventory monitoring and avoid stockouts
84352,SILVER CHRISTMAS TREE BAUBLE STAND,34,577.35,23,17.11759259259259,6,12,6,0.5,2.8333333333333335,5.666666666666667,3.904154741096239,1.3779369674457314,False,False,Long-Tail,Limit stock and avoid excessive local warehouse space
84356,POMPOM CURTAIN,424,2124.15,82,6.223775303643725,13,12,0,0.0,33.666666666666664,32.61538461538461,28.51262346697857,0.8469096079300567,False,False,Regular,Maintain standard replenishment review
84358,FLOOR LAMP SHADE WOOD BASE,33,312.7,13,9.90625,8,12,4,0.3333333333333333,2.75,4.125,2.8959218974902683,1.0530625081782794,False,False,Long-Tail,Limit stock and avoid excessive local warehouse space
84360,TABLE LAMP WHITE SHADE WOOD BASE,78,434.12,20,6.464166666666666,10,12,3,0.25,6.333333333333333,7.8,11.475930014468094,1.8119889496528572,False,False,Long-Tail,Limit stock and avoid excessive local warehouse space
84375,SET OF 20 KIDS COOKIE CUTTERS,4298,9355.85,515,2.511702943911842,13,12,0,0.0,345.4166666666667,330.61538461538464,189.98347216789594,0.550012464659771,False,False,High-Revenue Priority,Prioritize inventory monitoring and avoid stockouts
84378,SET OF 3 HEART COOKIE CUTTERS,6308,8488.4,684,1.63097405384266,13,12,0,0.0,510.5,485.2307692307692,376.9681684174408,0.7384293210919506,False,False,High-Revenue Priority,Prioritize inventory monitoring and avoid stockouts
84380,SET OF 3 BUTTERFLY COOKIE CUTTERS,5748,8089.81,683,1.7154494140788066,13,12,0,0.0,464.5833333333333,442.15384615384613,132.54876175364384,0.2853067517567222,False,False,High-Revenue Priority,Prioritize inventory monitoring and avoid stockouts
84387A,BIRD ON BRANCH CANVAS SCREEN,11,21.45,1,1.95,1,5,4,0.8,2.2,11.0,4.919349550499537,2.2360679774997894,False,False,Long-Tail,Limit stock and avoid excessive local warehouse space
84388,WISE MAN STAR SHAPE EGG PAN,24,13.14,6,1.2299999999999998,3,12,9,0.75,2.0,8.0,6.0151324326084605,3.0075662163042303,False,False,Long-Tail,Limit stock and avoid excessive local warehouse space
84402B,PURPLE DRESS JEWELLERY STAND,61,48.19,3,0.79,1,5,4,0.8,12.2,61.0,27.280029325497434,2.23606797749979,False,False,Long-Tail,Limit stock and avoid excessive local warehouse space
84406B,CREAM CUPID HEARTS COAT HANGER,1987,7536.97,282,4.437678484228884,13,12,0,0.0,162.83333333333334,152.84615384615384,106.78170879571712,0.655773032522316,False,False,High-Revenue Priority,Prioritize inventory monitoring and avoid stockouts
84415A,PINK FLOCK SUEDE CUSHION COVER,12,15.0,2,1.25,1,6,5,0.8333333333333334,2.0,12.0,4.898979485566356,2.449489742783178,False,False,Long-Tail,Limit stock and avoid excessive local warehouse space
84415B,BLUE FLOCK CUSHION COVER,8,20.0,3,2.9166666666666665,3,12,9,0.75,0.6666666666666666,2.6666666666666665,1.3026778945578592,1.954016841836789,False,False,Long-Tail,Limit stock and avoid excessive local warehouse space
84422,PINK/BLUE DISC/MIRROR STRING,566,244.17000000000002,15,1.0808333333333333,8,12,4,0.3333333333333333,47.166666666666664,70.75,152.44422725784804,3.232033086738828,False,False,Regular,Maintain standard replenishment review
84429A,MEDIUM PINK BUDDHA HEAD,54,182.5,21,3.9561111111111114,12,12,1,0.08333333333333333,4.333333333333333,4.5,4.499158170416355,1.038267270096082,False,False,Long-Tail,Limit stock and avoid excessive local warehouse space
84452,METAL RABBIT LADDER EASTER,74,62.89999999999999,16,0.85,4,10,6,0.6,7.4,18.5,9.991107156978261,1.350149615807873,False,False,Long-Tail,Limit stock and avoid excessive local warehouse space
84457,SET/3 RABBITS FLOWER SKIPPPING ROPE,126,112.56,26,1.0264285714285715,7,12,5,0.4166666666666667,10.5,18.0,17.21785542553269,1.6397957548126372,False,False,Regular,Maintain standard replenishment review
84459A,PINK METAL CHICKEN HEART,680,1004.5400000000001,89,2.3154541980894923,10,12,2,0.16666666666666666,56.666666666666664,68.0,90.41252259739377,1.59551510465989,False,False,Regular,Maintain standard replenishment review
84459B,YELLOW METAL CHICKEN HEART,721,1079.67,91,2.0883853238265004,5,12,7,0.5833333333333334,60.083333333333336,144.2,96.82172777686303,1.6114573277702584,False,False,Regular,Maintain standard replenishment review
84461,12 PINK HEN+CHICKS IN BASKET,35,89.25,13,2.55,4,11,7,0.6363636363636364,3.1818181818181817,8.75,6.8966394978740455,2.1675152707604144,False,False,Long-Tail,Limit stock and avoid excessive local warehouse space
84462,3 PINK HEN+CHICKS IN BASKET,12,15.0,6,1.25,4,11,7,0.6363636363636364,1.0909090909090908,3.0,1.7580981459830651,1.611589967151143,False,False,Long-Tail,Limit stock and avoid excessive local warehouse space
84465,15 PINK FLUFFY CHICKS IN BOX,10,29.500000000000004,7,2.95,4,11,7,0.6363636363636364,0.9090909090909091,2.5,1.8140862964338522,1.9954949260772374,False,False,Long-Tail,Limit stock and avoid excessive local warehouse space
84466,TOP SECRET PEN SET,46,57.5,10,1.25,6,10,4,0.4,4.6,7.666666666666667,9.215928240461366,2.0034626609698623,False,False,Long-Tail,Limit stock and avoid excessive local warehouse space
84497,BUTTONS AND STRIPES NOTEBOOK,13,48.75,7,3.75,5,12,7,0.5833333333333334,1.0833333333333333,2.6,1.8319554050414564,1.691035758499806,False,False,Long-Tail,Limit stock and avoid excessive local warehouse space
84499,BLACK FLOWER CANDLE PLATE,7,5.949999999999999,2,0.85,2,12,10,0.8333333333333334,0.5833333333333334,3.5,1.7298624923456323,2.965478558306798,False,False,Long-Tail,Limit stock and avoid excessive local warehouse space
84507B,STRIPES DESIGN MONKEY DOLL,39,118.72999999999999,22,3.10787037037037,9,12,3,0.25,3.25,4.333333333333333,3.1079078025403053,0.9562793238585555,False,False,Long-Tail,Limit stock and avoid excessive local warehouse space
84507C,BLUE CIRCLES DESIGN MONKEY DOLL,60,160.43,27,2.732222222222222,9,12,3,0.25,5.0,6.666666666666667,4.935953440181173,0.9871906880362346,False,False,Long-Tail,Limit stock and avoid excessive local warehouse space
84508A,CAMOUFLAGE DESIGN TEDDY,1631,3448.05,36,2.41125,10,12,2,0.16666666666666666,135.91666666666666,163.1,125.56306516381852,0.9238239006534779,False,False,High-Revenue Priority,Prioritize inventory monitoring and avoid stockouts
84508B,STRIPES DESIGN TEDDY,56,142.8,30,2.55,11,12,1,0.08333333333333333,4.666666666666667,5.090909090909091,2.674231693686086,0.5730496486470185,False,False,Long-Tail,Limit stock and avoid excessive local warehouse space
84508C,BLUE CIRCLES DESIGN TEDDY,56,154.95,25,3.190138888888889,12,12,0,0.0,4.666666666666667,4.666666666666667,4.923659639173309,1.0550699226799947,False,False,Long-Tail,Limit stock and avoid excessive local warehouse space
84509A,SET OF 4 ENGLISH ROSE PLACEMATS,992,4163.12,296,5.370965593879655,13,12,0,0.0,81.08333333333333,76.3076923076923,47.30262021059593,0.5833827775201965,False,False,High-Revenue Priority,Prioritize inventory monitoring and avoid stockouts
84509B,SET OF 4 FAIRY CAKE PLACEMATS,222,843.34,83,4.095513935340023,13,12,0,0.0,17.75,17.076923076923077,14.239030865898142,0.8021989220224306,False,False,Regular,Maintain standard replenishment review
84509C,SET OF 4 POLKADOT PLACEMATS,173,821.16,78,5.569976495726495,13,12,0,0.0,13.916666666666666,13.307692307692308,8.680786865605018,0.6237691160913785,False,False,Regular,Maintain standard replenishment review
84509E,SET OF 4 CAROUSEL PLACEMATS,91,183.45,23,3.6470987654320988,9,12,4,0.3333333333333333,6.416666666666667,10.11111111111111,9.624385064968456,1.49990416596911,False,False,Long-Tail,Limit stock and avoid excessive local warehouse space
84509G,SET OF 4 FAIRY CAKE PLACEMATS,519,965.4100000000001,68,3.4973565323565325,12,12,1,0.08333333333333333,41.416666666666664,43.25,70.05511899190306,1.6914716859212007,False,False,Regular,Maintain standard replenishment review
84510A,SET OF 4 ENGLISH ROSE COASTERS,1249,1760.8,279,1.8289941060362005,13,12,0,0.0,99.0,96.07692307692308,42.695539473217714,0.4312680754870476,False,False,Regular,Maintain standard replenishment review
84510C,SET OF 4 POLKADOT COASTERS,172,310.03000000000003,77,1.9590135718981871,13,12,0,0.0,13.833333333333334,13.23076923076923,9.350093177302696,0.67591035016646,False,False,Regular,Maintain standard replenishment review
84510E,SET OF 4 GREEN CAROUSEL COASTERS,35,50.75,17,1.7298484848484847,11,12,2,0.16666666666666666,2.5,3.1818181818181817,2.7797972457128464,1.1119188982851385,False,False,Long-Tail,Limit stock and avoid excessive local warehouse space
84519A,TOMATO CHARLIE+LOLA COASTER SET,512,905.55,88,2.8528076923076924,13,12,0,0.0,41.583333333333336,39.38461538461539,31.3845889608646,0.754739614289329,False,False,Regular,Maintain standard replenishment review
84519B,CARROT CHARLIE+LOLA COASTER SET,471,773.3,126,2.6434373034373033,13,12,0,0.0,38.083333333333336,36.23076923076923,28.880500919016853,0.7583501335409238,False,False,Regular,Maintain standard replenishment review
84520B,PACK 20 ENGLISH ROSE PAPER NAPKINS,554,508.37,80,1.084935665330402,4,12,8,0.6666666666666666,46.166666666666664,138.5,94.93139468568707,2.056275697162897,False,False,Regular,Maintain standard replenishment review
84522,PINK PARTY SUNGLASSES,20,36.76,12,1.878,8,12,4,0.3333333333333333,1.6666666666666667,2.5,2.0150945537631877,1.2090567322579127,False,False,Long-Tail,Limit stock and avoid excessive local warehouse space
84527,FLAMES SUNGLASSES PINK LENSES,52,95.09999999999998,8,2.2616666666666667,6,11,5,0.45454545454545453,4.7272727272727275,8.666666666666666,8.672841623031163,1.834639574102746,False,False,Long-Tail,Limit stock and avoid excessive local warehouse space
84531A,PINK KNITTED EGG COSY,147,76.69,29,1.1883333333333332,4,12,8,0.6666666666666666,12.25,36.75,28.904623725751435,2.359561120469505,False,False,Regular,Maintain standard replenishment review
84531B,BLUE KNITTED EGG COSY,155,85.61,28,1.208125,4,12,8,0.6666666666666666,12.916666666666666,38.75,28.57989863628991,2.2126373137772837,False,False,Regular,Maintain standard replenishment review
84534B,FAIRY CAKE NOTEBOOK A5 SIZE,55,54.04,12,1.107727272727273,2,12,10,0.8333333333333334,4.583333333333333,27.5,15.564869145455464,3.395971449917556,False,False,Long-Tail,Limit stock and avoid excessive local warehouse space
84535A,ENGLISH ROSE NOTEBOOK A6 SIZE,399,186.56,21,0.6773611111111112,3,9,6,0.6666666666666666,44.333333333333336,133.0,123.83456706428944,2.7932609112245737,False,False,Regular,Maintain standard replenishment review
84535B,FAIRY CAKES NOTEBOOK A6 SIZE,1332,850.2,155,0.909703663003663,13,12,0,0.0,110.41666666666667,102.46153846153847,77.93990497735282,0.7058708375307425,False,False,Regular,Maintain standard replenishment review
84536A,ENGLISH ROSE NOTEBOOK A7 SIZE,3120,1407.52,344,0.5515653055914091,13,12,0,0.0,250.91666666666666,240.0,130.54533056886154,0.520273652217316,False,False,High-Turnover Stable,Keep stable local warehouse inventory
84536B,FAIRY CAKES NOTEBOOK A7 SIZE,2059,872.03,177,0.5733367746483851,13,12,0,0.0,171.0,158.3846153846154,161.54425231045965,0.944703229885729,False,False,High-Turnover Stable,Keep stable local warehouse inventory
84539,KNITTED RABBIT DOLL,26,42.9,2,1.65,2,12,10,0.8333333333333334,2.1666666666666665,13.0,5.219427578041891,2.408966574480873,False,False,Long-Tail,Limit stock and avoid excessive local warehouse space
84548,CROCHET BEAR RED/BLUE  KEYRING,22,36.3,4,1.6499999999999997,3,9,6,0.6666666666666666,2.4444444444444446,7.333333333333333,4.585605497399202,1.8759295216633098,False,False,Long-Tail,Limit stock and avoid excessive local warehouse space
84549,CROCHET WHITE RABBIT KEYRING,38,69.38,7,2.5733333333333337,6,9,3,0.3333333333333333,4.222222222222222,6.333333333333333,7.838650677536564,1.8565225288902387,False,False,Long-Tail,Limit stock and avoid excessive local warehouse space
84550,CROCHET LILAC/RED BEAR KEYRING,1,1.65,1,1.65,1,1,0,0.0,1.0,1.0,0.0,0.0,True,False,Long-Tail,Limit stock and avoid excessive local warehouse space
84551,CROCHET DOG KEYRING,13,21.449999999999996,2,1.65,2,6,4,0.6666666666666666,2.1666666666666665,6.5,4.833908011812665,2.2310344669904607,False,False,Long-Tail,Limit stock and avoid excessive local warehouse space
84558A,3D DOG PICTURE PLAYING CARDS,338,1016.72,86,3.256837301587302,12,12,1,0.08333333333333333,28.0,28.166666666666668,23.21441558405231,0.8290862708590111,False,False,Regular,Maintain standard replenishment review
84559A,3D SHEET OF DOG STICKERS,426,423.99,116,1.2445755616932088,13,12,0,0.0,34.666666666666664,32.76923076923077,20.916862850703772,0.6033710437703012,False,False,Regular,Maintain standard replenishment review
84559B,3D SHEET OF CAT STICKERS,260,255.62,75,1.0972777777777778,12,12,0,0.0,21.666666666666668,21.666666666666668,19.602102546472516,0.9047124252218084,False,False,Regular,Maintain standard replenishment review
84562A,PINK/WHITE RIBBED MELAMINE JUG,3,23.85,3,7.95,2,12,10,0.8333333333333334,0.25,1.5,0.621581560508061,2.486326242032244,False,False,Long-Tail,Limit stock and avoid excessive local warehouse space
84563A,PINK & WHITE BREAKFAST TRAY,96,369.84000000000003,35,5.873562091503268,6,12,6,0.5,8.0,16.0,12.240023767059515,1.5300029708824394,False,False,Long-Tail,Limit stock and avoid excessive local warehouse space
84563B,BLUE & WHITE BREAKFAST TRAY,94,346.3,38,4.398534798534799,7,12,5,0.4166666666666667,7.833333333333333,13.428571428571429,10.94476490327128,1.3972040302048443,False,False,Long-Tail,Limit stock and avoid excessive local warehouse space
84568,GIRLS ALPHABET IRON ON PATCHES,12442,2678.33,147,0.38820173727238944,13,12,0,0.0,1024.6666666666667,957.0769230769231,1068.9655435669258,1.0432324758297908,False,False,High-Turnover Volatile,Monitor closely and replenish in smaller batches
84569A,PACK 3 IRON ON DOG PATCHES,294,355.84,65,1.4441236802413273,13,12,0,0.0,24.333333333333332,22.615384615384617,11.554875659874126,0.4748579038304436,False,False,Regular,Maintain standard replenishment review
84569B,PACK 3 FIRE ENGINE/CAR PATCHES,85,118.4,19,1.760892857142857,4,12,8,0.6666666666666666,7.083333333333333,21.25,12.018609307942818,1.6967448434742802,False,False,Long-Tail,Limit stock and avoid excessive local warehouse space
84569C,PACK 4 FLOWER/BUTTERFLY PATCHES,1,1.25,1,1.25,1,9,8,0.8888888888888888,0.1111111111111111,1.0,0.33333333333333337,3.0000000000000004,False,False,Long-Tail,Limit stock and avoid excessive local warehouse space
84569D,PACK 6 HEART/ICE-CREAM PATCHES,467,560.62,98,1.6885030525030527,13,12,0,0.0,38.833333333333336,35.92307692307692,29.365512652316035,0.7561934588579236,False,False,Regular,Maintain standard replenishment review
84575A,PINK DOG CANNISTER,14,39.3,4,4.616666666666666,3,12,9,0.75,1.1666666666666667,4.666666666666667,3.1574826950748234,2.706413738635563,False,False,Long-Tail,Limit stock and avoid excessive local warehouse space
84576,BLUE CAT BISCUIT BARREL PINK HEART,66,148.32,17,2.7246785714285715,4,8,4,0.5,8.25,16.5,11.016221805008415,1.3352996127282928,False,False,Long-Tail,Limit stock and avoid excessive local warehouse space
84580,MOUSE TOY WITH PINK T-SHIRT,389,1482.43,165,3.8439525890775887,13,12,0,0.0,31.0,29.923076923076923,17.786613965666326,0.5737617408279461,False,False,Regular,Maintain standard replenishment review
84581,DOG TOY WITH PINK CROCHET SKIRT,187,709.71,90,3.8541488903253613,13,12,0,0.0,15.083333333333334,14.384615384615385,10.87497823055989,0.7209930318603242,False,False,Regular,Maintain standard replenishment review
84584,PINK GINGHAM CAT WITH SCARF,144,314.51,30,2.5650416666666667,8,12,4,0.3333333333333333,12.0,18.0,15.988632325385547,1.3323860271154622,False,False,Regular,Maintain standard replenishment review
84592,CROCHET ROSE PURSE WITH SUEDE BACK,76,241.24,22,3.7073333333333336,10,11,1,0.09090909090909091,6.909090909090909,7.6,4.5924839782963955,0.6647016284376361,False,False,Long-Tail,Limit stock and avoid excessive local warehouse space
84593,CROCHET ROSE DES CLOTHES HANGER,5,14.750000000000002,1,2.95,1,9,8,0.8888888888888888,0.5555555555555556,5.0,1.6666666666666667,3.0,False,False,Long-Tail,Limit stock and avoid excessive local warehouse space
84595E,LARGE TORTILLA DESIGN RED BOWL,78,154.67999999999998,22,3.1142176870748304,7,12,5,0.4166666666666667,6.5,11.142857142857142,14.804790379529802,2.2776600583892,False,False,Long-Tail,Limit stock and avoid excessive local warehouse space
84596B,SMALL DOLLY MIX DESIGN ORANGE BOWL,5014,2558.27,526,0.756545941278476,13,12,0,0.0,405.9166666666667,385.6923076923077,217.20432706778584,0.5350958581017101,False,False,High-Turnover Stable,Keep stable local warehouse inventory
84596E,SMALL LICORICE DES PINK BOWL,574,436.78000000000003,85,1.100504018667358,5,12,7,0.5833333333333334,47.833333333333336,114.8,71.10406372907163,1.4864961058342498,False,False,Regular,Maintain standard replenishment review
84596F,SMALL MARSHMALLOWS PINK BOWL,3732,1976.26,446,0.8012492277785022,13,12,0,0.0,299.0833333333333,287.0769230769231,162.67952786960868,0.5439270923475353,False,False,High-Turnover Stable,Keep stable local warehouse inventory
84596G,SMALL CHOCOLATES PINK BOWL,1858,956.46,246,0.7301763331334062,13,12,0,0.0,152.16666666666666,142.92307692307693,96.52774762008104,0.6343554060465348,False,False,Regular,Maintain standard replenishment review
84596J,MIXED NUTS LIGHT GREEN BOWL,568,296.45,68,1.0466812169312167,6,12,6,0.5,47.333333333333336,94.66666666666667,86.7140895894856,1.8319878082285688,False,False,Regular,Maintain standard replenishment review
84596L,BISCUITS SMALL BOWL LIGHT BLUE,1255,631.84,173,0.8207350574411993,10,12,2,0.16666666666666666,104.58333333333333,125.5,109.32641561633287,1.0453521811920274,False,False,Regular,Maintain standard replenishment review
84597B,RETRO BROWN BALL ASHTRAY,41,51.25,5,1.25,5,12,7,0.5833333333333334,3.4166666666666665,8.2,5.264949854433275,1.540960933004861,False,False,Long-Tail,Limit stock and avoid excessive local warehouse space
84597C,RETRO PINK BALL ASHTRAY,46,57.5,13,1.25,7,12,5,0.4166666666666667,3.8333333333333335,6.571428571428571,6.520364369814889,1.7009646182125797,False,False,Long-Tail,Limit stock and avoid excessive local warehouse space
84598,BOYS ALPHABET IRON ON PATCHES,1687,485.56,98,0.3712884615384615,13,12,0,0.0,138.58333333333334,129.76923076923077,144.86762505086767,1.045346663024902,False,False,Regular,Maintain standard replenishment review
84600,NEW BAROQUE JEWELLERY BOX,53,446.89,25,9.966969696969697,11,12,2,0.16666666666666666,3.9166666666666665,4.818181818181818,4.601547829181223,1.1748632755356314,False,False,Long-Tail,Limit stock and avoid excessive local warehouse space
84609,TALL ROCOCO CANDLE HOLDER,93,770.59,20,9.623645833333333,8,12,5,0.4166666666666667,7.416666666666667,11.625,10.604101550672254,1.4297665012142364,False,False,Long-Tail,Limit stock and avoid excessive local warehouse space
84613A,PINK NEW BAROQUE FLOCK CANDLESTICK,6,27.9,3,4.65,3,12,9,0.75,0.5,2.0,1.0,2.0,False,False,Long-Tail,Limit stock and avoid excessive local warehouse space
84613C,BLUE NEW BAROQUE FLOCK CANDLESTICK,1,4.65,1,4.65,1,12,11,0.9166666666666666,0.08333333333333333,1.0,0.2886751345948129,3.4641016151377553,False,False,Long-Tail,Limit stock and avoid excessive local warehouse space
84614A,PINK BAROQUE FLOCK CANDLE HOLDER,2,11.9,1,5.95,1,12,11,0.9166666666666666,0.16666666666666666,2.0,0.5773502691896258,3.4641016151377553,False,False,Long-Tail,Limit stock and avoid excessive local warehouse space
84616,SILVER ROCCOCO CHANDELIER,12,444.42,8,40.34133333333334,5,12,7,0.5833333333333334,1.0,2.4,1.8090680674665818,1.8090680674665818,False,False,Long-Tail,Limit stock and avoid excessive local warehouse space
84617,NEW BAROQUE BLACK BOXES,3,38.25,3,12.75,3,11,8,0.7272727272727273,0.2727272727272727,1.0,0.46709936649691375,1.7126976771553506,False,False,Long-Tail,Limit stock and avoid excessive local warehouse space
84620,BLUE GINGHAM ROSE CUSHION COVER,2,11.9,1,5.95,1,12,11,0.9166666666666666,0.16666666666666666,2.0,0.5773502691896258,3.4641016151377553,False,False,Long-Tail,Limit stock and avoid excessive local warehouse space
84625A,PINK NEW BAROQUECANDLESTICK CANDLE,478,605.48,42,2.252337606837607,12,12,1,0.08333333333333333,37.833333333333336,39.833333333333336,32.39481814155224,0.8562506997767112,False,False,Regular,Maintain standard replenishment review
84625C,BLUE NEW BAROQUE CANDLESTICK CANDLE,449,536.41,35,2.1499030303030304,10,12,2,0.16666666666666666,37.416666666666664,44.9,33.30426763080435,0.8900917852330784,False,False,Regular,Maintain standard replenishment review
84629,WHITE 3 FRAME BIRDS AND TREE,19,145.05,9,16.283333333333335,3,7,4,0.5714285714285714,2.7142857142857144,6.333333333333333,5.9080252119267325,2.176640867551954,False,False,Long-Tail,Limit stock and avoid excessive local warehouse space
84631,FRUIT TREE AND BIRDS WALL PLAQUE,38,324.68,23,8.867962962962963,6,12,6,0.5,3.1666666666666665,6.333333333333333,4.8210397470280455,1.522433604324646,False,False,Long-Tail,Limit stock and avoid excessive local warehouse space
84632,DECORATIVE HANGING SHELVING UNIT,5,299.75,4,59.95000000000001,3,11,8,0.7272727272727273,0.45454545454545453,1.6666666666666667,0.8201995322647244,1.8044389709823938,False,False,Long-Tail,Limit stock and avoid excessive local warehouse space
84637,KITCHEN FLOWER POTS WALL PLAQUE,116,619.59,83,5.7839125,10,12,2,0.16666666666666666,9.666666666666666,11.6,7.667325399895245,0.7931715930926115,False,False,Regular,Maintain standard replenishment review
84638,SMALL KITCHEN FLOWER POTS PLAQUE,50,331.5,37,6.712000000000001,10,12,2,0.16666666666666666,4.166666666666667,5.0,4.041451884327381,0.9699484522385713,False,False,Long-Tail,Limit stock and avoid excessive local warehouse space
84658,WHITE STITCHED CUSHION COVER,57,412.22999999999996,22,7.183259259259259,9,12,4,0.3333333333333333,4.25,6.333333333333333,4.287932326467343,1.0089252532864335,False,False,Long-Tail,Limit stock and avoid excessive local warehouse space
84659A,WHITE TRAVEL ALARM CLOCK,280,676.27,89,2.4942165071770335,12,12,0,0.0,23.333333333333332,23.333333333333332,18.4456613934666,0.790528345434283,False,False,Regular,Maintain standard replenishment review
84660A,WHITE STITCHED WALL CLOCK,847,813.29,44,2.7989814814814817,9,12,3,0.25,70.58333333333333,94.11111111111111,110.597105282958,1.5669011374208925,False,False,Regular,Maintain standard replenishment review
84660B,BLACK STITCHED WALL CLOCK,709,748.36,42,3.116611111111111,10,12,2,0.16666666666666666,59.083333333333336,70.9,74.78874287355056,1.2658179329796992,False,False,Regular,Maintain standard replenishment review
84660C,PINK STITCHED WALL CLOCK,679,828.24,61,4.612465367965368,10,12,2,0.16666666666666666,56.583333333333336,67.9,86.37387897794662,1.5264897610240933,False,False,Regular,Maintain standard replenishment review
84661A,WHITE SQUARE TABLE CLOCK,105,172.75,21,3.3055555555555554,9,11,3,0.2727272727272727,3.727272727272727,11.666666666666666,3.926599268856171,1.0534778526199484,False,False,Regular,Maintain standard replenishment review
84661B,BLACK SQUARE TABLE CLOCK,116,305.2,30,3.911539682539682,9,12,4,0.3333333333333333,8.25,12.88888888888889,14.084969422627925,1.7072690209245969,False,False,Regular,Maintain standard replenishment review
84661C,PINK SQUARE TABLE CLOCK,71,104.84,14,3.3574999999999995,5,11,7,0.6363636363636364,1.8181818181818181,14.2,2.8572077914699108,1.571464285308451,False,False,Long-Tail,Limit stock and avoid excessive local warehouse space
84663A,GRASS HOPPER WOODEN WALL CLOCK,272,374.12,34,3.974,10,12,2,0.16666666666666666,22.666666666666668,27.2,50.570083382701014,2.23103309041328,False,False,Regular,Maintain standard replenishment review
84665,SQUARE CHERRY BLOSSOM CABINET,89,529.55,16,5.95,8,12,4,0.3333333333333333,7.416666666666667,11.125,8.846759379295422,1.192821489343203,False,False,Long-Tail,Limit stock and avoid excessive local warehouse space
84666,SQUARE CHERRY BLOSSOM CABINET,24,94.80000000000001,4,3.9500000000000006,3,12,9,0.75,2.0,8.0,3.908033683673578,1.954016841836789,False,False,Long-Tail,Limit stock and avoid excessive local warehouse space
84673A,PINK FLY SWAT,92,63.72,43,0.6644117647058824,11,12,1,0.08333333333333333,7.666666666666667,8.363636363636363,10.147398532121274,1.3235737215810357,False,False,Long-Tail,Limit stock and avoid excessive local warehouse space
84673B,BLUE FLY SWAT,179,156.63,66,0.9607870370370369,12,12,1,0.08333333333333333,14.833333333333334,14.916666666666666,15.12874045909929,1.019915087130289,False,False,Regular,Maintain standard replenishment review
84674,FLYING PIG WATERING CAN,189,455.15000000000003,46,3.2237777777777783,12,12,1,0.08333333333333333,15.583333333333334,15.75,14.94510155890754,0.9590439503042272,False,False,Regular,Maintain standard replenishment review
84675,FROG KING WATERING CAN,9,26.55,2,2.95,1,11,10,0.9090909090909091,0.8181818181818182,9.0,2.7136021011998728,3.3166247903554,False,False,Long-Tail,Limit stock and avoid excessive local warehouse space
84678,CLASSICAL ROSE SMALL VASE,142,247.04,13,2.708333333333333,4,12,8,0.6666666666666666,11.833333333333334,35.5,19.187274823473896,1.6214598442372306,False,False,Regular,Maintain standard replenishment review
84679,CLASSICAL ROSE TABLE LAMP,6,55.7,2,11.95,2,6,5,0.8333333333333334,0.3333333333333333,3.0,0.816496580927726,2.4494897427831783,False,False,Long-Tail,Limit stock and avoid excessive local warehouse space
84683,CLASSICAL ROSE CANDLESTAND,194,162.20000000000002,12,1.3685416666666668,4,12,8,0.6666666666666666,16.166666666666668,48.5,26.51529004292818,1.6401210335831862,False,False,Regular,Maintain standard replenishment review
84685,BEACH HUT KEY CABINET,33,173.58,20,5.497428571428571,4,12,8,0.6666666666666666,2.75,8.25,4.826536495817114,1.7551041802971326,False,False,Long-Tail,Limit stock and avoid excessive local warehouse space
84686,BEACH HUT MIRROR,49,66.39,8,3.385,4,8,4,0.5,6.125,12.25,14.237149594333431,2.324432586829948,False,False,Long-Tail,Limit stock and avoid excessive local warehouse space
84687,BEACH HUT SHELF W 3 DRAWERS,79,492.53000000000003,30,7.999555555555556,9,10,1,0.1,7.9,8.777777777777779,7.309810759064378,0.9252925011473896,False,False,Long-Tail,Limit stock and avoid excessive local warehouse space
84688,BEACH HUT DESIGN BLACKBOARD,40,198.82,14,6.095000000000001,5,12,7,0.5833333333333334,3.3333333333333335,8.0,4.7736651315188405,1.4320995394556522,False,False,Long-Tail,Limit stock and avoid excessive local warehouse space
84689,S/2 BEACH HUT TREASURE CHESTS,3,9.95,2,3.975,2,8,6,0.75,0.375,1.5,0.7440238091428449,1.9840634910475865,False,False,Long-Tail,Limit stock and avoid excessive local warehouse space
84691,PACK 20 DOLLY PEGS,242,174.5,4,0.7525,4,10,6,0.6,24.2,60.5,38.51060460011848,1.591347297525557,False,False,Regular,Maintain standard replenishment review
84692,BOX OF 24 COCKTAIL PARASOLS,7903,4327.38,583,0.6855024015281129,13,12,0,0.0,640.3333333333334,607.9230769230769,152.4671847455787,0.23810596264275694,False,False,High-Revenue Priority,Prioritize inventory monitoring and avoid stockouts
84705C,PINK FLOCK PHOTO FRAME,12,15.0,1,1.25,1,7,6,0.8571428571428571,1.7142857142857142,12.0,4.535573676110727,2.6457513110645907,False,False,Long-Tail,Limit stock and avoid excessive local warehouse space
84706D,CHERRY BLOSSOM TABLE CLOCK,8,29.599999999999998,4,5.449999999999999,2,12,10,0.8333333333333334,0.6666666666666666,4.0,1.7752507291971888,2.6628760937957834,False,False,Long-Tail,Limit stock and avoid excessive local warehouse space
84706F,RED PEONY TABLE CLOCK,16,47.2,10,2.95,4,5,1,0.2,3.2,4.0,2.2803508501982757,0.7126096406869611,False,False,Long-Tail,Limit stock and avoid excessive local warehouse space
84707A,SILVER JEWELLED MIRROR TRINKET TRAY,95,695.23,45,12.599097222222222,12,12,1,0.08333333333333333,5.25,7.916666666666667,7.411600244334429,1.4117333798732246,False,False,Long-Tail,Limit stock and avoid excessive local warehouse space
84707B,PINK JEWELLED MIRROR TRINKET TRAY,34,210.55,18,8.712952380952382,7,12,6,0.5,1.5833333333333333,4.857142857142857,2.2746961169005466,1.436650179095082,False,False,Long-Tail,Limit stock and avoid excessive local warehouse space
84708B,PINK JEWELLED PHOTO FRAME,62,326.35,19,5.7177,10,10,1,0.1,5.7,6.2,4.24394994210713,0.7445526214223035,False,False,Long-Tail,Limit stock and avoid excessive local warehouse space
84709B,PINK OVAL JEWELLED MIRROR,20,119.0,11,5.95,6,12,6,0.5,1.6666666666666667,3.3333333333333335,2.1033883198882757,1.2620329919329654,False,False,Long-Tail,Limit stock and avoid excessive local warehouse space
84711A,SILVER OVAL SHAPE TRINKET BOX,25,221.8,17,10.541,10,12,3,0.25,2.0,2.5,2.412090756622109,1.2060453783110545,False,False,Long-Tail,Limit stock and avoid excessive local warehouse space
84711B,PINK OVAL SHAPE TRINKET BOX,20,186.64,13,9.492222222222221,9,12,4,0.3333333333333333,1.5833333333333333,2.2222222222222223,1.7816403745544227,1.1252465523501618,False,False,Long-Tail,Limit stock and avoid excessive local warehouse space
84712B,PINK JEWELLED PHOTO FRAME,30,231.56,20,7.743266666666666,10,12,2,0.16666666666666666,2.5,3.0,2.195035721390843,0.8780142885563371,False,False,Long-Tail,Limit stock and avoid excessive local warehouse space
84715,SET OF 6 ICE CREAM SKITTLES,16,47.2,3,2.9500000000000006,3,11,8,0.7272727272727273,1.4545454545454546,5.333333333333333,2.6967994498529686,1.854049621773916,False,False,Long-Tail,Limit stock and avoid excessive local warehouse space
84723,CHERRY BLOSSOM CANVAS ART PICTURE,41,97.95,6,4.95,4,10,6,0.6,4.1,10.25,9.433392225964575,2.3008273721864816,False,False,Long-Tail,Limit stock and avoid excessive local warehouse space
84725,FREESTYLE CANVAS ART PICTURE,41,39.65,18,1.6357142857142857,7,12,5,0.4166666666666667,3.4166666666666665,5.857142857142857,8.16264588713659,2.389067088918026,False,False,Long-Tail,Limit stock and avoid excessive local warehouse space
84731,3 BIRDS CANVAS SCREEN,2,2.04,2,1.02,2,8,6,0.75,0.25,1.0,0.4629100498862757,1.8516401995451028,False,False,Long-Tail,Limit stock and avoid excessive local warehouse space
84732B,CUTE BIRD CEATURE SCREEN,22,8.58,2,0.39,2,5,3,0.6,4.4,11.0,8.763560920082657,1.9917183909278764,False,False,Long-Tail,Limit stock and avoid excessive local warehouse space
84732D,CUTE RABBIT CEATURE SCREEN,11,4.29,2,0.39,2,5,3,0.6,2.2,5.5,3.898717737923586,1.7721444263289026,False,False,Long-Tail,Limit stock and avoid excessive local warehouse space
84741C,CITRUS GARLAND FELT FLOWERS,60,117.0,14,1.95,4,11,7,0.6363636363636364,5.454545454545454,15.0,9.585026200941094,1.7572548035058673,False,False,Long-Tail,Limit stock and avoid excessive local warehouse space
84743C,ORANGE FELT VASE + FLOWERS,1,1.25,1,1.25,1,9,8,0.8888888888888888,0.1111111111111111,1.0,0.33333333333333337,3.0000000000000004,False,False,Long-Tail,Limit stock and avoid excessive local warehouse space
84744,S/6 SEW ON CROCHET FLOWERS,110,140.01999999999998,20,1.285,9,12,3,0.25,9.166666666666666,12.222222222222221,12.342339054382412,1.3464369877508087,False,False,Regular,Maintain standard replenishment review
84745A,PINK HANGING GINGHAM EASTER HEN,32,13.440000000000001,5,0.42,3,11,8,0.7272727272727273,2.909090909090909,10.666666666666666,5.46725791333362,1.879369907708432,False,False,Long-Tail,Limit stock and avoid excessive local warehouse space
84745B,BLUE HANGING GINGHAM EASTER HEN,32,13.440000000000001,5,0.42,3,11,8,0.7272727272727273,2.909090909090909,10.666666666666666,5.46725791333362,1.879369907708432,False,False,Long-Tail,Limit stock and avoid excessive local warehouse space
84746,PINK EASTER HENS+FLOWER,14,38.31,9,2.540625,2,6,4,0.6666666666666666,2.3333333333333335,7.0,4.412104562073146,1.8909019551742052,False,False,Long-Tail,Limit stock and avoid excessive local warehouse space
84748,FOLK FELT HANGING MULTICOL GARLAND,204,570.8599999999999,61,4.415437037037037,9,12,3,0.25,17.0,22.666666666666668,32.104941562433545,1.8885259742607967,False,False,Regular,Maintain standard replenishment review
84750B,BLACK SMALL GLASS CAKE STAND,61,54.99,12,1.56,4,12,8,0.6666666666666666,5.083333333333333,15.25,12.198795270870235,2.3997630041056204,False,False,Long-Tail,Limit stock and avoid excessive local warehouse space
84751B,BLACK MEDIUM GLASS CAKE STAND,17,37.11,8,3.01,4,12,8,0.6666666666666666,1.4166666666666667,4.25,2.7122058561364044,1.914498251390403,False,False,Long-Tail,Limit stock and avoid excessive local warehouse space
84754,S/15 SILVER GLASS BAUBLES IN BAG,414,572.88,61,1.9786596119929452,9,12,3,0.25,34.5,46.0,67.57151094143958,1.9585945200417272,False,False,Regular,Maintain standard replenishment review
84755,COLOUR GLASS T-LIGHT HOLDER HANGING,16368,10465.6,618,0.7414770607033314,13,12,0,0.0,1350.3333333333333,1259.076923076923,761.9920464072304,0.5642992197535649,False,False,High-Revenue Priority,Prioritize inventory monitoring and avoid stockouts
84760S,SMALL HANGING GLASS+ZINC LANTERN,43,62.349999999999994,8,1.45,5,12,7,0.5833333333333334,3.5833333333333335,8.6,5.142661732699294,1.435161413776547,False,False,Long-Tail,Limit stock and avoid excessive local warehouse space
84763,ZINC FINISH 15CM PLANTER POTS,601,748.3400000000001,57,1.4129761904761906,6,12,6,0.5,50.083333333333336,100.16666666666667,68.72138522962695,1.3721408032537825,False,False,Regular,Maintain standard replenishment review
84766,SILVER ROCOCO CANDLE STICK,132,305.4,12,4.283333333333334,6,12,6,0.5,11.0,22.0,21.379684494653073,1.9436076813320975,False,False,Regular,Maintain standard replenishment review
84773,RED ROSE AND LACE C/COVER,3,8.850000000000001,1,2.95,1,12,11,0.9166666666666666,0.25,3.0,0.8660254037844386,3.4641016151377544,False,False,Long-Tail,Limit stock and avoid excessive local warehouse space
84789,ENCHANTED BIRD PLANT CAGE,186,640.72,48,3.9174761904761906,7,12,5,0.4166666666666667,15.5,26.571428571428573,20.102012563196478,1.2969040363352566,False,False,Regular,Maintain standard replenishment review
84792,ENCHANTED BIRD COATHANGER 5 HOOK,833,3974.32,241,5.552078781550275,13,12,0,0.0,67.66666666666667,64.07692307692308,28.404011667155025,0.41976371921903977,False,False,High-Revenue Priority,Prioritize inventory monitoring and avoid stockouts
84795B,SUNSET CHECK HAMMOCK,192,1657.42,62,11.247753246753247,11,12,1,0.08333333333333333,16.0,17.454545454545453,15.421354733556381,0.9638346708472738,False,False,Regular,Maintain standard replenishment review
84795C,OCEAN STRIPE HAMMOCK,2,15.9,1,7.95,1,11,10,0.9090909090909091,0.18181818181818182,2.0,0.6030226891555273,3.3166247903554,False,False,Long-Tail,Limit stock and avoid excessive local warehouse space
84796A,PINK HAWAIIAN PICNIC HAMPER FOR 2,78,709.24,55,9.732797619047618,8,12,5,0.4166666666666667,6.333333333333333,9.75,9.884177745112119,1.5606596439650715,False,False,Long-Tail,Limit stock and avoid excessive local warehouse space
84796B,BLUE SAVANNAH PICNIC HAMPER FOR 2,256,2393.5899999999997,124,12.852089082214082,10,11,1,0.09090909090909091,23.272727272727273,25.6,24.564571679925173,1.0555089393717847,False,False,Regular,Maintain standard replenishment review
84798A,PINK FOXGLOVE ARTIIFCIAL FLOWER,23,58.64999999999999,4,2.55,3,9,6,0.6666666666666666,2.5555555555555554,7.666666666666667,3.8765677832043357,1.5169178282103923,False,False,Long-Tail,Limit stock and avoid excessive local warehouse space
84798B,PURPLE FOXGLOVE ARTIIFCIAL FLOWER,11,28.049999999999997,3,2.55,2,10,8,0.8,1.1,5.5,2.4244128727957572,2.2040117025415973,False,False,Long-Tail,Limit stock and avoid excessive local warehouse space
84799,SPRIG LAVENDER ARTIFICIAL FLOWER,176,140.32,9,1.084,5,12,7,0.5833333333333334,14.666666666666666,35.2,28.84861217186061,1.966950829899587,False,False,Regular,Maintain standard replenishment review
84800L,LARGE WHITE/PINK ROSE ART FLOWER,336,598.8000000000001,21,1.961309523809524,7,12,5,0.4166666666666667,28.0,48.0,33.54508499426894,1.1980387497953193,False,False,Regular,Maintain standard replenishment review
84800M,MEDIUM WHITE/PINK ROSE ART FLOWER,127,174.31,11,1.5383333333333333,6,12,6,0.5,10.583333333333334,21.166666666666668,15.848477605885128,1.497493947012768,False,False,Regular,Maintain standard replenishment review
84800S,SMALL WHITE/PINK ROSE ART FLOWER,107,120.07,9,1.1866666666666668,6,11,5,0.45454545454545453,9.727272727272727,17.833333333333332,13.78470826017663,1.417119540765822,False,False,Regular,Maintain standard replenishment review
84801A,PINK HYDRANGEA ART FLOWER,46,96.60000000000001,5,2.1,5,11,6,0.5454545454545454,4.181818181818182,9.2,5.173358325462906,1.2371074256541732,False,False,Long-Tail,Limit stock and avoid excessive local warehouse space
84801B,WHITE HYDRANGEA ART FLOWER,22,46.2,3,2.1,3,10,7,0.7,2.2,7.333333333333333,4.049691346263318,1.8407687937560533,False,False,Long-Tail,Limit stock and avoid excessive local warehouse space
84802A,WHITE ANEMONE ARTIFICIAL FLOWER,2,3.38,1,1.69,1,12,11,0.9166666666666666,0.16666666666666666,2.0,0.5773502691896258,3.4641016151377553,False,False,Long-Tail,Limit stock and avoid excessive local warehouse space
84802B,PURPLE ANEMONE ARTIFICIAL FLOWER,4,6.76,1,1.69,1,9,8,0.8888888888888888,0.4444444444444444,4.0,1.3333333333333335,3.0000000000000004,False,False,Long-Tail,Limit stock and avoid excessive local warehouse space
84803A,PINK ALLIUM  ARTIFICIAL FLOWER,3,5.07,1,1.69,1,10,9,0.9,0.3,3.0,0.9486832980505138,3.1622776601683795,False,False,Long-Tail,Limit stock and avoid excessive local warehouse space
84803B,WHITE ALLIUM  ARTIFICIAL FLOWER,17,28.73,4,1.69,2,9,7,0.7777777777777778,1.8888888888888888,8.5,4.960958688712406,2.626389894024215,False,False,Long-Tail,Limit stock and avoid excessive local warehouse space
84804A,CREAM DELPHINIUM ARTIFICIAL FLOWER,70,180.58,8,2.641428571428572,7,12,6,0.5,4.833333333333333,10.0,7.3711147958319945,1.5250582336204128,False,False,Long-Tail,Limit stock and avoid excessive local warehouse space
84804B,BLUE DELPHINIUM ARTIFICIAL FLOWER,99,188.37000000000003,6,2.518,5,7,3,0.42857142857142855,7.285714285714286,19.8,9.14174100330066,1.2547487651589142,False,False,Long-Tail,Limit stock and avoid excessive local warehouse space
84805A,CREAM CLIMBING HYDRANGA ART FLOWER,32,60.0,4,2.9166666666666665,3,10,8,0.8,0.8,10.666666666666666,1.9321835661585915,2.4152294576982394,False,False,Long-Tail,Limit stock and avoid excessive local warehouse space
84805B,BLUE CLIMBING HYDRANGA ART FLOWER,38,52.5,3,2.5,2,3,2,0.6666666666666666,0.6666666666666666,19.0,1.1547005383792517,1.7320508075688776,False,False,Long-Tail,Limit stock and avoid excessive local warehouse space
84806A,PINK CANDYSTUFT ARTIFICIAL FLOWER,137,96.88999999999999,11,1.2985714285714285,7,12,6,0.5,3.4166666666666665,19.571428571428573,6.855102059227437,2.0063713344080303,False,False,Regular,Maintain standard replenishment review
84806B,WHITE CANDYSTUFT ARTIFICIAL FLOWER,308,411.56,20,1.345,12,11,0,0.0,25.818181818181817,25.666666666666668,23.194043122397535,0.8983608251632849,False,False,Regular,Maintain standard replenishment review
84809A,WHITE CHRYSANTHEMUMS ART FLOWER,55,115.5,8,2.1,6,12,6,0.5,4.583333333333333,9.166666666666666,6.0371325724196,1.3171925612551856,False,False,Long-Tail,Limit stock and avoid excessive local warehouse space
84809B,PINK CHRYSANTHEMUMS ART FLOWER,18,37.8,1,2.1,1,10,9,0.9,1.8,18.0,5.692099788303083,3.1622776601683795,False,False,Long-Tail,Limit stock and avoid excessive local warehouse space
84813,SET OF 4 DIAMOND NAPKIN RINGS,166,1393.79,38,12.453468253968255,10,12,3,0.25,11.416666666666666,16.6,14.23477389630014,1.2468415091649758,False,False,Regular,Maintain standard replenishment review
84816,DANISH ROSE BEDSIDE CABINET,8,319.6,6,39.95,5,12,7,0.5833333333333334,0.6666666666666666,1.6,0.8876253645985945,1.331438046897892,False,False,Long-Tail,Limit stock and avoid excessive local warehouse space
84817,DANISH ROSE DECORATIVE PLATE,921,647.6400000000001,52,1.747,13,12,0,0.0,59.166666666666664,70.84615384615384,96.14178292627211,1.6249315424158668,False,False,Regular,Maintain standard replenishment review
84818,DANISH ROSE PHOTO FRAME,1370,1397.82,95,1.680573593073593,11,12,1,0.08333333333333333,114.16666666666667,124.54545454545455,121.01377332078086,1.0599746568243578,False,False,Regular,Maintain standard replenishment review
84819,DANISH ROSE ROUND SEWING BOX,808,939.04,61,3.412622423328306,12,12,1,0.08333333333333333,49.166666666666664,67.33333333333333,98.12499758733831,1.9957626627933218,False,False,Regular,Maintain standard replenishment review
84820,DANISH ROSE TRINKET TRAYS,255,459.25,30,4.73230303030303,11,12,2,0.16666666666666666,16.916666666666668,23.181818181818183,32.933702917813356,1.946819876915075,False,False,Regular,Maintain standard replenishment review
84821,DANISH ROSE DELUXE COASTER,923,396.95,39,0.6995970695970696,13,12,0,0.0,72.58333333333333,71.0,96.15466549767461,1.3247485487624517,False,False,Regular,Maintain standard replenishment review
84823,DANISH ROSE FOLDING CHAIR,112,890.4,25,7.95,3,12,9,0.75,9.333333333333334,37.333333333333336,28.16940097899051,3.01815010489184,False,False,Regular,Maintain standard replenishment review
84824,DANISH ROSE UMBRELLA STAND,2,31.9,2,15.95,2,6,4,0.6666666666666666,0.3333333333333333,1.0,0.5163977794943223,1.549193338482967,False,False,Long-Tail,Limit stock and avoid excessive local warehouse space
84826,ASSTD DESIGN 3D PAPER STICKERS,1162,389.38,31,0.6704040404040404,11,12,2,0.16666666666666666,89.16666666666667,105.63636363636364,159.99422338056934,1.7943277388475065,False,False,Regular,Maintain standard replenishment review
84827,ASS DES PHONE SPONGE CRAFT STICKER,509,153.09,14,0.45444444444444443,6,12,7,0.5833333333333334,36.5,84.83333333333333,69.86935861110558,1.9142290030439886,False,False,Regular,Maintain standard replenishment review
84828,JUNGLE POPSICLES ICE LOLLY MOULDS,1075,1506.3600000000001,181,1.7988598605771595,13,12,0,0.0,88.91666666666667,82.6923076923077,86.11774005113669,0.9685219124776385,False,False,Regular,Maintain standard replenishment review
84832,ZINC WILLIE WINKIE  CANDLE STICK,2921,2702.5,267,1.0951094310701246,13,12,0,0.0,229.33333333333334,224.69230769230768,194.9803408893659,0.8502049748082815,False,False,High-Turnover Stable,Keep stable local warehouse inventory
84836,ZINC METAL HEART DECORATION,5925,7403.07,534,1.3843211754171105,13,12,0,0.0,488.0,455.7692307692308,188.7995570102661,0.3868843381357912,False,False,High-Revenue Priority,Prioritize inventory monitoring and avoid stockouts
84840,SWEETHEART CARRY-ALL BASKET,6,76.44,6,11.326666666666668,3,12,9,0.75,0.5,2.0,1.0,2.0,False,False,Long-Tail,Limit stock and avoid excessive local warehouse space
84842,HELLO SAILOR BATHROOM SET,14,52.5,9,3.75,4,9,5,0.5555555555555556,1.5555555555555556,3.5,1.8782379449307742,1.2074386788840692,False,False,Long-Tail,Limit stock and avoid excessive local warehouse space
84843,WHITE SOAP RACK WITH 2 BOTTLES,171,963.85,48,6.544120879120879,13,12,0,0.0,13.916666666666666,13.153846153846153,13.262786854636365,0.9530146242852479,False,False,Regular,Maintain standard replenishment review
84846A,SCENTED CANDLE IN DIGITALIS TIN,56,126.04,13,2.3743000000000003,5,12,7,0.5833333333333334,4.666666666666667,11.2,8.348471099367218,1.7889580927215467,False,False,Long-Tail,Limit stock and avoid excessive local warehouse space
84847,FLORAL BATHROOM SET,20,75.0,11,3.75,8,11,3,0.2727272727272727,1.8181818181818181,2.5,2.1362669223756576,1.1749468073066118,False,False,Long-Tail,Limit stock and avoid excessive local warehouse space
84849A,HELLO SAILOR BLUE SOAP HOLDER,180,344.34000000000003,53,2.381698412698413,12,12,0,0.0,15.0,15.0,10.144411806955143,0.6762941204636762,False,False,Regular,Maintain standard replenishment review
84849B,FAIRY SOAP SOAP HOLDER,266,478.83,76,1.9306103210514975,8,12,4,0.3333333333333333,22.166666666666668,33.25,24.560993958763646,1.1080147650570065,False,False,Regular,Maintain standard replenishment review
84849D,HOT BATHS SOAP HOLDER,494,859.0,114,1.8085488870104254,13,12,0,0.0,41.0,38.0,31.374569899261346,0.7652334121771059,False,False,Regular,Maintain standard replenishment review
84854,GIRLY PINK TOOL SET,5,24.75,1,4.95,1,12,11,0.9166666666666666,0.4166666666666667,5.0,1.4433756729740643,3.4641016151377544,False,False,Long-Tail,Limit stock and avoid excessive local warehouse space
84856L,LARGE TAHITI BEACH BAG,2,17.82,2,8.91,2,12,10,0.8333333333333334,0.16666666666666666,1.0,0.3892494720807615,2.3354968324845693,False,False,Long-Tail,Limit stock and avoid excessive local warehouse space
84856S,SMALL TAHITI BEACH BAG,4,18.6,1,4.65,1,9,8,0.8888888888888888,0.4444444444444444,4.0,1.3333333333333335,3.0000000000000004,False,False,Long-Tail,Limit stock and avoid excessive local warehouse space
84857B,BLUE MONTE CARLO HANDBAG,24,46.8,1,1.95,1,5,4,0.8,4.8,24.0,10.73312629199899,2.23606797749979,False,False,Long-Tail,Limit stock and avoid excessive local warehouse space
84857C,PINK MONTE CARLO HANDBAG,98,232.32999999999998,10,6.638333333333333,6,12,6,0.5,8.166666666666666,16.333333333333332,20.488725650656722,2.508823549060007,False,False,Long-Tail,Limit stock and avoid excessive local warehouse space
84858C,PINK RIVIERA HANDBAG,186,261.68,6,4.807777777777779,3,10,7,0.7,18.6,62.0,48.141458224694446,2.5882504421878734,False,False,Regular,Maintain standard replenishment review
84859A,SILVER DISCO HANDBAG,129,272.99,35,2.851069696969697,10,12,3,0.25,10.583333333333334,12.9,13.77387733972163,1.3014687250130672,False,False,Regular,Maintain standard replenishment review
84859B,BLUE DISCO HANDBAG,31,64.81,11,2.3133333333333335,8,7,0,0.0,4.285714285714286,3.875,3.8606685826112948,0.9008226692759688,False,False,Long-Tail,Limit stock and avoid excessive local warehouse space
84859C,PINK DISCO HANDBAG,84,180.51999999999998,22,2.5521875,8,10,3,0.3,8.3,10.5,9.933668898135158,1.196827578088573,False,False,Long-Tail,Limit stock and avoid excessive local warehouse space
84865,NEW BAROQUE BLACK PHOTO ALBUM,27,146.21,14,7.4322,5,12,7,0.5833333333333334,2.25,5.4,4.614699832649416,2.0509777033997403,False,False,Long-Tail,Limit stock and avoid excessive local warehouse space
84870B,BLUE GEISHA GIRL,44,146.07999999999998,25,4.344214285714286,7,12,5,0.4166666666666667,3.6666666666666665,6.285714285714286,5.5813542399237805,1.522187519979213,False,False,Long-Tail,Limit stock and avoid excessive local warehouse space
84870C,GREEN GEISHA GIRL,46,146.05,28,3.8204375,6,12,6,0.5,3.8333333333333335,7.666666666666667,6.8997145307657926,1.7999255297649892,False,False,Long-Tail,Limit stock and avoid excessive local warehouse space
84872A,TEATIME FUNKY FLOWER BACKPACK FOR 2,66,732.23,53,11.749172932330826,7,12,5,0.4166666666666667,5.5,9.428571428571429,7.329888998291361,1.3327070905984293,False,False,Long-Tail,Limit stock and avoid excessive local warehouse space
84873A,FUNKY FLOWER PICNIC BAG FOR 4,2,33.9,2,16.95,2,7,5,0.7142857142857143,0.2857142857142857,1.0,0.4879500364742666,1.7078251276599332,False,False,Long-Tail,Limit stock and avoid excessive local warehouse space
84874B,BLUE TRAVEL FIRST AID KIT,41,67.50999999999999,14,1.643333333333333,7,12,5,0.4166666666666667,3.4166666666666665,5.857142857142857,6.229815892994435,1.823360749169103,False,False,Long-Tail,Limit stock and avoid excessive local warehouse space
84875B,GREEN SQUARE COMPACT MIRROR,131,203.51,20,2.782328042328042,9,12,4,0.3333333333333333,10.833333333333334,14.555555555555555,15.14675682858355,1.3981621687923276,False,False,Regular,Maintain standard replenishment review
84875D,BLUE SQUARE COMPACT MIRROR,51,63.75,8,1.25,5,8,3,0.375,6.375,10.2,6.906260100186538,1.0833349176763196,False,False,Long-Tail,Limit stock and avoid excessive local warehouse space
84876B,GREEN HEART COMPACT MIRROR,218,315.81,33,3.24784632034632,7,12,5,0.4166666666666667,18.166666666666668,31.142857142857142,22.513968727854,1.2393010308910457,False,False,Regular,Maintain standard replenishment review
84876D,BLUE HEART COMPACT MIRROR,128,217.5,16,3.0603125,8,12,4,0.3333333333333333,10.666666666666666,16.0,15.293096085449404,1.4337277580108818,False,False,Regular,Maintain standard replenishment review
84877A,PINK ROUND COMPACT MIRROR,40,58.16,4,2.27,3,8,5,0.625,5.0,13.333333333333334,9.086882225022428,1.8173764450044856,False,False,Long-Tail,Limit stock and avoid excessive local warehouse space
84877B,GREEN ROUND COMPACT MIRROR,144,210.56,21,2.3701388888888886,8,12,4,0.3333333333333333,12.0,18.0,18.473568341626024,1.5394640284688352,False,False,Regular,Maintain standard replenishment review
84877D,BLUE ROUND COMPACT MIRROR,96,150.92999999999998,18,2.46425,6,12,6,0.5,8.0,16.0,16.028383914452853,2.0035479893066066,False,False,Long-Tail,Limit stock and avoid excessive local warehouse space
84879,ASSORTED COLOUR BIRD ORNAMENT,36333,58878.61,1452,1.7293871304680932,13,12,0,0.0,2916.9166666666665,2794.846153846154,1506.2738166103998,0.5163924749114304,False,False,High-Revenue Priority,Prioritize inventory monitoring and avoid stockouts
84880,WHITE WIRE EGG HOLDER,312,2012.74,76,7.768056776556777,13,12,0,0.0,25.75,24.0,28.926631328241456,1.1233643234268527,False,False,Regular,Maintain standard replenishment review
84881,BLUE WIRE SPIRAL CANDLE HOLDER,12,82.57,6,6.880833333333333,4,12,8,0.6666666666666666,1.0,3.0,1.7580981459830651,1.7580981459830651,False,False,Long-Tail,Limit stock and avoid excessive local warehouse space
84882,GREEN WIRE STANDING CANDLE HOLDER,38,157.34,18,4.615666666666667,10,12,2,0.16666666666666666,3.1666666666666665,3.8,2.657180095628834,0.8391095038827897,False,False,Long-Tail,Limit stock and avoid excessive local warehouse space
84884A,ANT WHITE WIRE HEART SPIRAL,339,1519.63,104,5.482069182953798,13,12,0,0.0,26.833333333333332,26.076923076923077,19.766055997516798,0.7366232048764024,False,False,Regular,Maintain standard replenishment review
84898F,YELLOW FLOWERS FELT HANDBAG KIT,46,98.63000000000001,19,2.269166666666667,4,12,8,0.6666666666666666,3.8333333333333335,11.5,6.726248898340311,1.754673625653994,False,False,Long-Tail,Limit stock and avoid excessive local warehouse space
84905,PINK BUTTERFLY CUSHION COVER,35,173.48,20,4.956666666666667,4,11,7,0.6363636363636364,3.1818181818181817,8.75,4.874796033029112,1.532078753237721,False,False,Long-Tail,Limit stock and avoid excessive local warehouse space
84906,PINK B'FLY C/COVER W BOBBLES,35,123.02,12,4.801333333333334,5,12,7,0.5833333333333334,2.9166666666666665,7.0,4.378840305862092,1.5013166762955745,False,False,Long-Tail,Limit stock and avoid excessive local warehouse space
84907,PINK YELLOW PATCH CUSHION COVER,29,180.93,23,6.5165625,8,11,3,0.2727272727272727,2.6363636363636362,3.625,2.975658826973525,1.1286981757485786,False,False,Long-Tail,Limit stock and avoid excessive local warehouse space
84910A,PINK PAISLEY CUSHION COVER,26,192.14,17,7.103285714285714,5,12,7,0.5833333333333334,2.1666666666666665,5.2,3.3799766898963113,1.5599892414906054,False,False,Long-Tail,Limit stock and avoid excessive local warehouse space
84912A,PINK ROSE WASHBAG,156,560.62,74,3.6237738095238092,10,12,2,0.16666666666666666,13.0,15.6,13.737804508991703,1.0567541929993618,False,False,Regular,Maintain standard replenishment review
84912B,GREEN ROSE WASHBAG,323,1132.8500000000001,160,3.4298126519229757,13,12,0,0.0,26.416666666666668,24.846153846153847,8.511578566691943,0.32220486687792843,False,False,Regular,Maintain standard replenishment review
84913A,SOFT PINK ROSE TOWEL,273,952.83,124,3.629911448400085,11,12,1,0.08333333333333333,22.75,24.818181818181817,18.820322671371642,0.8272669306097425,False,False,Regular,Maintain standard replenishment review
84913B,MINT GREEN ROSE TOWEL,196,754.07,86,4.071726325757576,12,12,1,0.08333333333333333,16.0,16.333333333333332,12.453550059758424,0.7783468787349015,False,False,Regular,Maintain standard replenishment review
84915,HAND TOWEL PINK FLOWER AND DAISY,217,372.33000000000004,23,3.663,7,12,6,0.5,17.75,31.0,42.37307249571682,2.38721535187137,False,False,Regular,Maintain standard replenishment review
84916,HAND TOWEL PALE BLUE W FLOWERS,223,453.39,29,4.4264015151515155,6,12,6,0.5,18.583333333333332,37.166666666666664,44.80961409286533,2.4112796821272826,False,False,Regular,Maintain standard replenishment review
84917,WHITE HAND TOWEL WITH BUTTERFLY,184,466.29999999999995,27,5.106777777777777,5,12,7,0.5833333333333334,15.333333333333334,36.8,28.18875769887812,1.8383972412311818,False,False,Regular,Maintain standard replenishment review
84919,BLUE CUSHION COVER WITH FLOWER,58,381.78000000000003,29,6.6635,8,11,3,0.2727272727272727,5.2727272727272725,7.25,5.06144068602822,0.9599284059708694,False,False,Long-Tail,Limit stock and avoid excessive local warehouse space
84920,PINK FLOWER FABRIC PONY,115,446.23,48,4.3602083333333335,12,12,1,0.08333333333333333,9.333333333333334,9.583333333333334,9.957485382942581,1.066873433886705,False,False,Regular,Maintain standard replenishment review
84921,CREAM AND PINK FLOWERS PONY,11,41.25,5,3.75,4,12,8,0.6666666666666666,0.9166666666666666,2.75,1.8319554050414564,1.9984968054997707,False,False,Long-Tail,Limit stock and avoid excessive local warehouse space
84922,PINK BUTTERFLY WASHBAG,9,42.29,6,4.654,5,12,8,0.6666666666666666,0.6666666666666666,1.8,1.0730867399773196,1.6096301099659795,False,False,Long-Tail,Limit stock and avoid excessive local warehouse space
84923,PINK BUTTERFLY HANDBAG W BOBBLES,162,671.62,98,4.139230769230769,13,12,0,0.0,12.583333333333334,12.461538461538462,8.117974818359265,0.6451370716576899,False,False,Regular,Maintain standard replenishment review
84924A,WAKE UP COCKEREL CALENDAR SIGN,81,348.59000000000003,33,4.951878787878788,11,12,2,0.16666666666666666,6.666666666666667,7.363636363636363,5.245488682206027,0.7868233023309039,False,False,Long-Tail,Limit stock and avoid excessive local warehouse space
84924F,PSYCHEDELIC METAL SIGN CALENDAR,10,7.9,3,0.79,1,5,4,0.8,2.0,10.0,4.47213595499958,2.23606797749979,False,False,Long-Tail,Limit stock and avoid excessive local warehouse space
84925D,LA PALMIERA WALL THERMOMETER,15,38.25,10,2.55,6,12,6,0.5,1.25,2.5,1.864744681524183,1.4917957452193464,False,False,Long-Tail,Limit stock and avoid excessive local warehouse space
84925F,PSYCHEDELIC WALL THERMOMETER,79,109.93,14,2.2985714285714285,7,12,5,0.4166666666666667,6.583333333333333,11.285714285714286,14.56932227370757,2.213061611196087,False,False,Long-Tail,Limit stock and avoid excessive local warehouse space
84926A,WAKE UP COCKEREL TILE COASTER,604,210.51999999999998,35,0.8562121212121212,11,12,2,0.16666666666666666,48.333333333333336,54.90909090909091,68.0472206811141,1.407873531333395,False,False,Regular,Maintain standard replenishment review
84926D,LA PALMIERA TILE COASTER,709,276.53,34,0.8585333333333333,10,12,3,0.25,56.666666666666664,70.9,55.06910259488582,0.9718076928509263,False,False,Regular,Maintain standard replenishment review
84926E,FLOWERS TILE COASTER,968,327.8,39,0.8924242424242425,11,11,1,0.09090909090909091,85.45454545454545,88.0,121.3419660598621,1.4199591772962588,False,False,Regular,Maintain standard replenishment review
84926F,PSYCHEDELIC TILE COASTER,430,195.22,28,1.1509,10,12,3,0.25,35.5,43.0,39.83716857408418,1.1221737626502586,False,False,Regular,Maintain standard replenishment review
84927A,WAKE UP COCKEREL TILE HOOK,50,70.45,18,2.311875,8,12,4,0.3333333333333333,4.166666666666667,6.25,5.441145155760927,1.3058748373826226,False,False,Long-Tail,Limit stock and avoid excessive local warehouse space
84927D,LA PALMIERA TILE HOOK,47,51.86,14,2.737142857142857,7,12,5,0.4166666666666667,3.9166666666666665,6.714285714285714,8.764166021967297,2.2376594098639906,False,False,Long-Tail,Limit stock and avoid excessive local warehouse space
84927E,FLOWERS TILE HOOK,59,80.16000000000001,13,2.0131,5,12,7,0.5833333333333334,4.916666666666667,11.8,8.795229423162343,1.7888602216601375,False,False,Long-Tail,Limit stock and avoid excessive local warehouse space
84927F,PSYCHEDELIC TILE HOOK,299,182.95,44,1.6059956709956709,11,12,2,0.16666666666666666,23.25,27.181818181818183,34.483527029056006,1.483162452862624,False,False,Regular,Maintain standard replenishment review
84929,ASSTD FRUIT+FLOWERS FRIDGE MAGNETS,2406,634.26,64,0.3885454545454545,11,12,1,0.08333333333333333,200.5,218.72727272727272,272.54507550461847,1.3593270598734088,False,False,High-Turnover Volatile,Monitor closely and replenish in smaller batches
84931A,PINK SCOTTIE DOG W FLOWER PATTERN,133,317.44,51,2.8354513888888886,12,12,0,0.0,11.083333333333334,11.083333333333334,12.16147668465944,1.0972760918489721,False,False,Regular,Maintain standard replenishment review
84931B,BLUE SCOTTIE DOG W FLOWER PATTERN,177,424.08,49,2.8714456815114713,13,12,0,0.0,14.666666666666666,13.615384615384615,18.748737331221843,1.2783229998560348,False,False,Regular,Maintain standard replenishment review
84944,SET OF 6 KASHMIR FOLKART BAUBLES,662,1041.06,82,2.61625,8,12,4,0.3333333333333333,55.166666666666664,82.75,116.76381236833558,2.116564574652609,False,False,Regular,Maintain standard replenishment review
84945,MULTI COLOUR SILVER T-LIGHT HOLDER,10509,8713.83,345,0.9410583230803671,13,12,0,0.0,817.75,808.3846153846154,458.0018112310355,0.5600755869532688,False,False,High-Revenue Priority,Prioritize inventory monitoring and avoid stockouts
84946,ANTIQUE SILVER T-LIGHT GLASS,18957,25569.420000000002,901,1.5496434272820363,13,12,0,0.0,1522.0833333333333,1458.2307692307693,653.3788346091044,0.42926613825947185,False,False,High-Revenue Priority,Prioritize inventory monitoring and avoid stockouts
84947,ANTIQUE SILVER TEA GLASS ENGRAVED,8652,10229.77,347,1.481483383761265,13,12,0,0.0,671.5,665.5384615384615,412.67739987020906,0.6145605359198943,False,False,High-Revenue Priority,Prioritize inventory monitoring and avoid stockouts
84949,SILVER HANGING T-LIGHT HOLDER,4723,7513.74,286,1.8816672181645802,13,12,0,0.0,362.6666666666667,363.3076923076923,277.42561110497655,0.7649603247379868,False,False,High-Revenue Priority,Prioritize inventory monitoring and avoid stockouts
84950,ASSORTED COLOUR T-LIGHT HOLDER,3619,2297.0299999999997,120,0.7887761323643676,13,12,0,0.0,294.5833333333333,278.38461538461536,530.8289329535515,1.8019652603798073,False,False,High-Turnover Volatile,Monitor closely and replenish in smaller batches
84951A,SET OF 4 PISTACHIO LOVEBIRD COASTER,451,534.05,92,2.2152150499073575,13,12,0,0.0,37.333333333333336,34.69230769230769,21.993111869332402,0.5891012107856893,False,False,Regular,Maintain standard replenishment review
84951B,SET OF 4 BLACK LOVEBIRD COASTERS,451,554.78,82,2.0043836996336997,13,12,0,0.0,35.25,34.69230769230769,31.600129458883263,0.8964575733016529,False,False,Regular,Maintain standard replenishment review
84952A,CLEAR LOVE BIRD T-LIGHT HOLDER,92,264.46999999999997,26,5.036142857142857,7,12,5,0.4166666666666667,7.666666666666667,13.142857142857142,13.103319033625402,1.7091285696033132,False,False,Long-Tail,Limit stock and avoid excessive local warehouse space
84952B,BLACK LOVE BIRD T-LIGHT HOLDER,183,320.89,28,4.609404761904762,8,12,5,0.4166666666666667,15.166666666666666,22.875,33.26978791454475,2.1936123899699838,False,False,Regular,Maintain standard replenishment review
84952C,MIRROR LOVE BIRD T-LIGHT HOLDER,144,255.0,12,3.707,5,12,7,0.5833333333333334,12.0,28.8,32.082280580917676,2.6735233817431396,False,False,Regular,Maintain standard replenishment review
84963A,PINK PAINTED KASHMIRI CHAIR,4,171.8,1,42.95,1,12,11,0.9166666666666666,0.3333333333333333,4.0,1.1547005383792517,3.4641016151377553,False,False,Long-Tail,Limit stock and avoid excessive local warehouse space
84963B,BLUE PAINTED KASHMIRI CHAIR,3,149.85000000000002,1,49.95,1,4,3,0.75,0.75,3.0,1.5,2.0,False,False,Long-Tail,Limit stock and avoid excessive local warehouse space
84968A,SET OF 16 VINTAGE ROSE CUTLERY,266,3188.13,100,15.652570171208103,13,12,0,0.0,22.083333333333332,20.46153846153846,22.641307115067097,1.0252667372860573,False,False,High-Revenue Priority,Prioritize inventory monitoring and avoid stockouts
84968B,SET OF 16 VINTAGE IVORY CUTLERY,2,25.5,2,12.75,2,9,7,0.7777777777777778,0.2222222222222222,1.0,0.44095855184409843,1.984313483298443,False,False,Long-Tail,Limit stock and avoid excessive local warehouse space
84968C,SET OF 16 VINTAGE PISTACHIO CUTLERY,314,3547.74,103,16.132159340659342,12,12,0,0.0,26.166666666666668,26.166666666666668,52.1934049009213,1.9946524165957185,False,False,High-Revenue Priority,Prioritize inventory monitoring and avoid stockouts
84968D,SET OF 16 VINTAGE RED CUTLERY,159,1723.6,57,15.336128099173555,11,12,2,0.16666666666666666,13.0,14.454545454545455,25.559200442751084,1.9660923417500835,False,False,Regular,Maintain standard replenishment review
84968E,SET OF 16 VINTAGE BLACK CUTLERY,140,1722.74,50,15.45179797979798,11,12,2,0.16666666666666666,11.333333333333334,12.727272727272727,13.452497796680621,1.1869850997071136,False,False,Regular,Maintain standard replenishment review
84968F,SET OF 16 VINTAGE SKY BLUE CUTLERY,178,1931.17,66,13.845424382716049,12,12,0,0.0,14.833333333333334,14.833333333333334,24.255583549635194,1.6352078797506873,False,False,Regular,Maintain standard replenishment review
84969,BOX OF 6 ASSORTED COLOUR TEASPOONS,558,2389.52,210,4.877097388255562,13,12,0,0.0,46.166666666666664,42.92307692307692,22.578482650255282,0.4890646061427137,False,False,Regular,Maintain standard replenishment review
84970L,SINGLE HEART ZINC T-LIGHT HOLDER,6253,6819.099999999999,506,1.4047671239364432,13,12,0,0.0,506.5833333333333,481.0,194.78167653850687,0.3845007597404314,False,False,High-Revenue Priority,Prioritize inventory monitoring and avoid stockouts
84970S,HANGING HEART ZINC T-LIGHT HOLDER,9117,8146.799999999999,603,1.2583398658082798,13,12,0,0.0,730.5,701.3076923076923,301.9007964697856,0.41327966662530535,False,False,High-Revenue Priority,Prioritize inventory monitoring and avoid stockouts
84971L,LARGE HEART FLOWERS HOOK,2,4.92,1,2.46,1,1,0,0.0,2.0,2.0,0.0,0.0,True,False,Long-Tail,Limit stock and avoid excessive local warehouse space
84971S,SMALL HEART FLOWERS HOOK,1761,1540.4499999999998,172,1.0978903707231882,13,12,0,0.0,139.5,135.46153846153845,47.20650956652636,0.33839791803961544,False,False,Regular,Maintain standard replenishment review
84974,S/2 ZINC HEART DESIGN PLANTERS,39,388.05,28,9.95,11,11,0,0.0,3.5454545454545454,3.5454545454545454,2.3817487845545915,0.6717752982077053,False,False,Long-Tail,Limit stock and avoid excessive local warehouse space
84975,HEART SHAPED MIRROR,5,8.45,2,1.69,1,12,11,0.9166666666666666,0.4166666666666667,5.0,1.4433756729740643,3.4641016151377544,False,False,Long-Tail,Limit stock and avoid excessive local warehouse space
84976,RECTANGULAR SHAPED MIRROR,500,436.67,36,1.9016666666666666,11,12,2,0.16666666666666666,40.25,45.45454545454545,79.87049176351334,1.984360043813996,False,False,Regular,Maintain standard replenishment review
84977,WIRE FLOWER T-LIGHT HOLDER,1,1.25,1,1.25,1,9,8,0.8888888888888888,0.1111111111111111,1.0,0.33333333333333337,3.0000000000000004,False,False,Long-Tail,Limit stock and avoid excessive local warehouse space
84978,HANGING HEART JAR T-LIGHT HOLDER,12391,16333.12,723,1.4889744928169342,13,12,0,0.0,1015.25,953.1538461538462,472.15311942400444,0.4650609400876675,False,False,High-Revenue Priority,Prioritize inventory monitoring and avoid stockouts
84984A,GREEN PEONY CUSHION COVER,19,88.35,6,4.65,5,7,2,0.2857142857142857,2.7142857142857144,3.8,2.3603873774083293,0.8696164022030687,False,False,Long-Tail,Limit stock and avoid excessive local warehouse space
84984B,RED PEONY CUSHION COVER,17,79.05,5,4.65,4,7,3,0.42857142857142855,2.4285714285714284,4.25,2.5727509827124,1.059368051705106,False,False,Long-Tail,Limit stock and avoid excessive local warehouse space
84984D,ORIENTAL RED CUSHION COVER,13,60.45,4,4.65,4,5,1,0.2,2.6,3.25,2.1908902300206643,0.8426500884694862,False,False,Long-Tail,Limit stock and avoid excessive local warehouse space
84985A,SET OF 72 GREEN PAPER DOILIES,36,52.2,18,1.45,4,12,8,0.6666666666666666,3.0,9.0,5.477225575051661,1.8257418583505538,False,False,Long-Tail,Limit stock and avoid excessive local warehouse space
84987,SET OF 36 TEATIME PAPER DOILIES,3039,4453.7699999999995,333,1.9491446400247612,13,12,0,0.0,252.75,233.76923076923077,155.84498416987662,0.6165973656572764,False,False,High-Revenue Priority,Prioritize inventory monitoring and avoid stockouts
84988,SET OF 72 PINK HEART PAPER DOILIES,4299,6653.849999999999,509,2.1715556318020357,13,12,0,0.0,356.25,330.6923076923077,136.88490520407015,0.3842383303973899,False,False,High-Revenue Priority,Prioritize inventory monitoring and avoid stockouts
84989A,75 GREEN FAIRY CAKE CASES,69,102.36,42,1.3881410256410258,13,12,0,0.0,5.666666666666667,5.3076923076923075,2.774341308665842,0.4895896427057368,False,False,Long-Tail,Limit stock and avoid excessive local warehouse space
84990,60 GOLD AND SILVER FAIRY CAKE CASES,2,1.1,2,0.55,2,8,6,0.75,0.25,1.0,0.4629100498862757,1.8516401995451028,False,False,Long-Tail,Limit stock and avoid excessive local warehouse space
84991,60 TEATIME FAIRY CAKE CASES,18093,9117.17,824,0.6970003659664346,13,12,0,0.0,1496.4166666666667,1391.7692307692307,534.1338712572368,0.3569419421443917,False,False,High-Revenue Priority,Prioritize inventory monitoring and avoid stockouts
84992,72 SWEETHEART FAIRY CAKE CASES,13189,6461.280000000001,611,0.6847855563048755,13,12,0,0.0,1081.75,1014.5384615384615,428.5413155005117,0.39615559556321855,False,False,High-Revenue Priority,Prioritize inventory monitoring and avoid stockouts
84993A,75 GREEN PETIT FOUR CASES,375,186.25,74,0.6441089743589743,13,12,0,0.0,28.666666666666668,28.846153846153847,18.85993026755321,0.6579045442169724,False,False,Regular,Maintain standard replenishment review
84993B,75 BLACK PETIT FOUR CASES,58,24.36,18,0.42,6,12,6,0.5,4.833333333333333,9.666666666666666,7.004327666564869,1.449171241358249,False,False,Long-Tail,Limit stock and avoid excessive local warehouse space
84997A,CHILDRENS CUTLERY POLKADOT GREEN,2679,10812.62,325,5.315999765990497,13,12,0,0.0,209.66666666666666,206.07692307692307,109.2772398604355,0.5211951026729833,False,False,High-Revenue Priority,Prioritize inventory monitoring and avoid stockouts
84997B,CHILDRENS CUTLERY RETROSPOT RED,4550,18993.89,436,5.073831341352147,13,12,0,0.0,370.25,350.0,194.57231653972863,0.5255160473726634,False,False,High-Revenue Priority,Prioritize inventory monitoring and avoid stockouts
84997C,CHILDRENS CUTLERY POLKADOT BLUE,4067,16871.47,397,5.0477373251860165,13,12,0,0.0,329.0833333333333,312.84615384615387,213.29256831162613,0.6481415091768837,False,False,High-Revenue Priority,Prioritize inventory monitoring and avoid stockouts
84997D,CHILDRENS CUTLERY POLKADOT PINK,5398,22295.989999999998,545,4.9490319955176965,13,12,0,0.0,438.3333333333333,415.2307692307692,231.83588761854534,0.5289031656696852,False,False,High-Revenue Priority,Prioritize inventory monitoring and avoid stockouts
85006,SET 4 NURSERY DES ROUND BOXES,55,57.25,9,2.25,3,12,9,0.75,4.583333333333333,18.333333333333332,14.349268801981344,3.1307495567959296,False,False,Long-Tail,Limit stock and avoid excessive local warehouse space
85008,SET OF 3 CONEY ISLAND OVAL BOXES,13,66.12,8,4.5225,4,12,8,0.6666666666666666,1.0833333333333333,3.25,2.1933093855190746,2.024593278940684,False,False,Long-Tail,Limit stock and avoid excessive local warehouse space
85014A,BLACK/BLUE POLKADOT UMBRELLA,1181,6904.04,292,6.869573830019133,13,12,0,0.0,98.08333333333333,90.84615384615384,63.33526711561308,0.6457291464633449,False,False,High-Revenue Priority,Prioritize inventory monitoring and avoid stockouts
85014B,RED RETROSPOT UMBRELLA,1934,11259.310000000001,372,7.296407730907731,13,12,0,0.0,155.5,148.76923076923077,102.12603621372598,0.6567590753294276,False,False,High-Revenue Priority,Prioritize inventory monitoring and avoid stockouts
85015,SET OF 12  VINTAGE POSTCARD SET,2180,1718.54,143,1.5056869071099839,13,12,0,0.0,179.33333333333334,167.69230769230768,129.9365812676136,0.7245534271428268,False,False,High-Turnover Stable,Keep stable local warehouse inventory
85016,SET OF 6 VINTAGE NOTELETS KIT,563,560.11,42,2.0088703703703703,6,12,6,0.5,46.916666666666664,93.83333333333333,88.73193371388938,1.891266793191248,False,False,Regular,Maintain standard replenishment review
85017A,ENVELOPE 50 ROMANTIC IMAGES,16,13.58,8,0.8466666666666667,3,12,9,0.75,1.3333333333333333,5.333333333333333,2.774341308665842,2.0807559814993817,False,False,Long-Tail,Limit stock and avoid excessive local warehouse space
85017B,ENVELOPE 50 BLOSSOM IMAGES,1065,590.09,157,0.6952327868281816,12,12,0,0.0,88.75,88.75,61.61777340995047,0.6942847708163433,False,False,Regular,Maintain standard replenishment review
85017C,ENVELOPE 50 CURIOUS IMAGES,49,26.169999999999998,10,0.6779999999999999,5,12,7,0.5833333333333334,4.083333333333333,9.8,7.038315053184164,1.72366899261653,False,False,Long-Tail,Limit stock and avoid excessive local warehouse space
85018D,YULETIDE IMAGES S/6 PAPER BOXES,12,30.599999999999998,7,2.55,2,12,10,0.8333333333333334,1.0,6.0,3.1622776601683795,3.1622776601683795,False,False,Long-Tail,Limit stock and avoid excessive local warehouse space
85019A,ROMANTIC IMAGES NOTEBOOK SET,414,564.35,33,2.072361111111111,12,12,1,0.08333333333333333,32.333333333333336,34.5,20.17799581602482,0.6240617262688087,False,False,Regular,Maintain standard replenishment review
85019B,BLOSSOM  IMAGES NOTEBOOK SET,512,682.97,36,1.8552272727272727,11,11,1,0.09090909090909091,46.36363636363637,46.54545454545455,46.506500034452664,1.0030813732921162,False,False,Regular,Maintain standard replenishment review
85019C,CURIOUS  IMAGES NOTEBOOK SET,182,270.72,11,2.48,7,12,5,0.4166666666666667,15.166666666666666,26.0,19.571934142046516,1.290457196178891,False,False,Regular,Maintain standard replenishment review
85020,ROUND PINK HEART MIRROR,85,188.81,22,2.534242424242424,11,12,2,0.16666666666666666,6.083333333333333,7.7272727272727275,5.401318581998513,0.8878879860819474,False,False,Long-Tail,Limit stock and avoid excessive local warehouse space
85023B,EAU DE NILE JEWELLED PHOTOFRAME,33,84.14999999999999,12,2.55,8,12,5,0.4166666666666667,2.6666666666666665,4.125,5.210711578231437,1.954016841836789,False,False,Long-Tail,Limit stock and avoid excessive local warehouse space
85024B,EAU DE NILE JEWELLED PHOTOFRAME,193,289.65,12,1.64,10,11,2,0.18181818181818182,17.454545454545453,19.3,46.15054417092747,2.6440415931260532,False,False,Regular,Maintain standard replenishment review
85024C,PINK SMALL JEWELLED PHOTOFRAME,12,19.799999999999997,9,1.6499999999999997,6,12,6,0.5,1.0,2.0,1.2792042981336627,1.2792042981336627,False,False,Long-Tail,Limit stock and avoid excessive local warehouse space
85025B,EAU DE NILE HEART SHAPE PHOTO FRAME,329,555.12,38,2.436388888888889,12,12,1,0.08333333333333333,27.083333333333332,27.416666666666668,45.382131712689294,1.6756479401608355,False,False,Regular,Maintain standard replenishment review
85025C,PINK HEART SHAPE PHOTO FRAME,321,520.91,39,2.078458553791887,9,12,3,0.25,26.75,35.666666666666664,47.5912998160569,1.7791140118152113,False,False,Regular,Maintain standard replenishment review
85026B,EAU DE NILE JEWELLED T-LIGHT HOLDER,79,70.27,11,0.99625,8,12,5,0.4166666666666667,6.416666666666667,9.875,9.129954030884306,1.4228499788391127,False,False,Long-Tail,Limit stock and avoid excessive local warehouse space
85027L,FRENCH CHATEAU LARGE PLATTER,70,160.5,18,4.95,4,12,8,0.6666666666666666,5.833333333333333,17.5,13.169063840085308,2.2575538011574814,False,False,Long-Tail,Limit stock and avoid excessive local warehouse space
85028L,FRENCH CHATEAU LARGE FRUIT BOWL,10,19.5,4,1.95,2,9,7,0.7777777777777778,1.1111111111111112,5.0,2.260776661041756,2.03469899493758,False,False,Long-Tail,Limit stock and avoid excessive local warehouse space
85028S,FRENCH CHATEAU SMALL FRUITBOWL,24,51.599999999999994,8,2.025,2,9,7,0.7777777777777778,2.6666666666666665,12.0,5.315072906367325,1.9931523398877469,False,False,Long-Tail,Limit stock and avoid excessive local warehouse space
85030,FRENCH CHATEAU OVAL PLATTER,15,29.25,6,1.95,2,9,7,0.7777777777777778,1.6666666666666667,7.5,4.301162633521313,2.580697580112788,False,False,Long-Tail,Limit stock and avoid excessive local warehouse space
85031A,ROMANTIC IMAGES SCRAP BOOK SET,16,45.9,7,4.025,4,12,8,0.6666666666666666,1.3333333333333333,4.0,2.674231693686086,2.005673770264565,False,False,Long-Tail,Limit stock and avoid excessive local warehouse space
85031B,BLOSSOM IMAGES SCRAP BOOK SET,1,4.95,1,4.95,1,12,11,0.9166666666666666,0.08333333333333333,1.0,0.2886751345948129,3.4641016151377553,False,False,Long-Tail,Limit stock and avoid excessive local warehouse space
85031C,CURIOUS IMAGES SCRAP BOOK SET,3,14.85,1,4.95,1,12,11,0.9166666666666666,0.25,3.0,0.8660254037844386,3.4641016151377544,False,False,Long-Tail,Limit stock and avoid excessive local warehouse space
85032A,ROMANTIC IMAGES GIFT WRAP SET,789,776.49,135,1.5927959835509242,11,12,2,0.16666666666666666,64.25,71.72727272727273,60.169646530758044,0.9364925530079073,False,False,Regular,Maintain standard replenishment review
85032B,BLOSSOM IMAGES GIFT WRAP SET,786,739.99,133,1.4308114360387088,11,12,2,0.16666666666666666,60.75,71.45454545454545,36.289555221603614,0.5973589336889483,False,False,Regular,Maintain standard replenishment review
85032C,CURIOUS IMAGES GIFT WRAP SET,671,710.74,139,1.746054131054131,13,12,0,0.0,52.416666666666664,51.61538461538461,45.12902378601589,0.8609670674597627,False,False,Regular,Maintain standard replenishment review
85032D,YULETIDE IMAGES GIFT WRAP SET,687,561.34,93,1.252974358974359,9,12,3,0.25,57.25,76.33333333333333,82.13860237427953,1.4347354126511709,False,False,Regular,Maintain standard replenishment review
85034A,3 GARDENIA MORRIS BOXED CANDLES,501,936.27,77,4.698898071625345,11,12,1,0.08333333333333333,41.75,45.54545454545455,94.26570281535446,2.257861145277951,False,False,Regular,Maintain standard replenishment review
85034B,3 WHITE CHOC MORRIS BOXED CANDLES,946,1637.07,121,3.9155442307692305,10,12,3,0.25,72.58333333333333,94.6,137.0099255418004,1.8876223955242308,False,False,Regular,Maintain standard replenishment review
85034C,3 ROSE MORRIS BOXED CANDLES,1113,1732.0,156,3.866981350413885,10,12,3,0.25,87.66666666666667,111.3,171.63191763630434,1.9577785281707718,False,False,Regular,Maintain standard replenishment review
85035A,GARDENIA 3 WICK MORRIS BOXED CANDLE,274,782.24,82,4.417219047619048,10,12,2,0.16666666666666666,22.833333333333332,27.4,42.62699386610093,1.8668756437708438,False,False,Regular,Maintain standard replenishment review
85035B,CHOCOLATE 3 WICK MORRIS BOX CANDLE,620,1062.57,71,4.81374757033248,10,12,2,0.16666666666666666,51.666666666666664,62.0,119.39798485685922,2.3109287391650173,False,False,Regular,Maintain standard replenishment review
85035C,ROSE 3 WICK MORRIS BOX CANDLE,1138,1769.13,131,3.816381674357284,11,12,1,0.08333333333333333,94.83333333333333,103.45454545454545,146.4065530906277,1.5438300853141762,False,False,Regular,Maintain standard replenishment review
85036A,GARDENIA 1 WICK MORRIS BOXED CANDLE,212,726.68,60,4.4178341307814994,11,12,1,0.08333333333333333,17.666666666666668,19.272727272727273,22.11265920168122,1.2516599548121443,False,False,Regular,Maintain standard replenishment review
85036B,CHOCOLATE 1 WICK MORRIS BOX CANDLE,356,564.4,49,3.414181818181818,11,12,1,0.08333333333333333,29.666666666666668,32.36363636363637,41.94874217061782,1.414002545077005,False,False,Regular,Maintain standard replenishment review
85036C,ROSE 1 WICK MORRIS BOXED CANDLE,561,882.61,82,3.5920000563952175,11,12,1,0.08333333333333333,46.75,51.0,81.86921388298646,1.7512131311868762,False,False,Regular,Maintain standard replenishment review
85038,6 CHOCOLATE LOVE HEART T-LIGHTS,1061,2171.26,142,2.462722877480942,13,12,0,0.0,77.5,81.61538461538461,100.2519553198567,1.293573617030409,False,False,Regular,Maintain standard replenishment review
85039A,SET/4 RED MINI ROSE CANDLE IN BOWL,744,1142.4299999999998,191,1.8533751853140994,13,12,0,0.0,59.833333333333336,57.23076923076923,47.84222808229972,0.7995915556930315,False,False,Regular,Maintain standard replenishment review
85039B,S/4 IVORY MINI ROSE CANDLE IN BOWL,806,1174.6299999999999,172,1.6213810906156105,13,12,0,0.0,64.83333333333333,62.0,48.3111756943432,0.7451595222777871,False,False,Regular,Maintain standard replenishment review
85039C,S/4 BLACK MINI ROSE CANDLE IN BOWL,305,265.77,67,1.5920913715913716,12,12,1,0.08333333333333333,25.25,25.416666666666668,40.497194066660064,1.6038492699667353,False,False,Regular,Maintain standard replenishment review
85040A,S/4 PINK FLOWER CANDLES IN BOWL,915,1704.35,183,2.2429477705704652,13,12,0,0.0,74.41666666666667,70.38461538461539,46.90892206922869,0.6303550558015053,False,False,Regular,Maintain standard replenishment review
85040B,SET/4 BLUE FLOWER CANDLES IN BOWL,137,229.46999999999997,35,1.7354999999999996,5,12,7,0.5833333333333334,11.416666666666666,27.4,14.951183190232094,1.309592688195512,False,False,Regular,Maintain standard replenishment review
85045,GREEN CHRISTMAS TREE STRING 20LIGHT,42,191.1,11,4.891666666666667,6,12,6,0.5,3.5,7.0,7.9486991502898245,2.271056900082807,False,False,Long-Tail,Limit stock and avoid excessive local warehouse space
85047,WHITE BEADED GARLAND STRING 20LIGHT,3,19.049999999999997,2,6.35,1,11,10,0.9090909090909091,0.2727272727272727,3.0,0.9045340337332909,3.3166247903554003,False,False,Long-Tail,Limit stock and avoid excessive local warehouse space
85048,15CM CHRISTMAS GLASS BALL 20 LIGHTS,1355,10878.810000000001,259,10.029612553396454,10,12,3,0.25,108.33333333333333,135.5,196.88729278601517,1.8174211641786016,False,False,High-Revenue Priority,Prioritize inventory monitoring and avoid stockouts
85049A,TRADITIONAL CHRISTMAS RIBBONS,3245,4655.2,359,1.7289449161425579,13,12,0,0.0,255.5,249.6153846153846,324.34367294864586,1.2694468608557568,False,False,High-Revenue Priority,Prioritize inventory monitoring and avoid stockouts
85049B,LUSH GREENS RIBBONS,56,72.42,15,1.855,4,12,8,0.6666666666666666,4.666666666666667,14.0,11.2761480635683,2.416317442193207,False,False,Long-Tail,Limit stock and avoid excessive local warehouse space
85049C,ROMANTIC PINKS RIBBONS,1216,1518.15,225,1.366568951282371,13,12,0,0.0,99.75,93.53846153846153,44.72364637923148,0.448357357185278,False,False,Regular,Maintain standard replenishment review
85049D,BRIGHT BLUES RIBBONS,549,699.91,109,1.2966076923076923,10,12,2,0.16666666666666666,45.75,54.9,45.9527919816532,1.0044326116208349,False,False,Regular,Maintain standard replenishment review
85049E,SCANDINAVIAN REDS RIBBONS,2957,4129.32,450,1.663165044154798,13,12,0,0.0,240.08333333333334,227.46153846153845,202.19453204248327,0.84218479156883,False,False,High-Revenue Priority,Prioritize inventory monitoring and avoid stockouts
85049F,BABY BOOM RIBBONS,378,477.34000000000003,88,1.2823553113553114,10,12,2,0.16666666666666666,31.5,37.8,29.620324717390194,0.9403277688060379,False,False,Regular,Maintain standard replenishment review
85049G,CHOCOLATE BOX RIBBONS,1721,2275.61,309,1.5763113357218013,13,12,0,0.0,137.25,132.3846153846154,75.31162532498492,0.5487185816028045,False,False,Regular,Maintain standard replenishment review
85049H,URBAN BLACK RIBBONS,848,869.1,184,1.2095948170603343,13,12,0,0.0,67.25,65.23076923076923,65.11126840054088,0.9681972996362956,False,False,Regular,Maintain standard replenishment review
85053,FRENCH ENAMEL CANDLEHOLDER,1691,3645.29,316,2.6613284300888043,13,12,0,0.0,128.25,130.07692307692307,84.39100016643309,0.6580194944751118,False,False,High-Revenue Priority,Prioritize inventory monitoring and avoid stockouts
85054,FRENCH ENAMEL POT W LID,586,1427.68,114,3.6022238317238315,12,12,0,0.0,48.833333333333336,48.833333333333336,55.058371229307554,1.1274751787571513,False,False,Regular,Maintain standard replenishment review
85055,FRENCH ENAMEL UTENSIL HOLDER,45,183.70999999999998,16,5.105714285714286,2,12,10,0.8333333333333334,3.75,22.5,9.323723407620916,2.486326242032244,False,False,Long-Tail,Limit stock and avoid excessive local warehouse space
85059,FRENCH ENAMEL WATER BASIN,411,1273.11,128,4.57649687705457,13,12,0,0.0,33.916666666666664,31.615384615384617,50.62420968331857,1.4926056909086556,False,False,Regular,Maintain standard replenishment review
85061W,WHITE JEWELLED HEART DECORATION,2146,1882.1499999999999,162,1.1016690286771258,13,12,0,0.0,172.41666666666666,165.07692307692307,110.20184648950747,0.6391600569715272,False,False,High-Turnover Stable,Keep stable local warehouse inventory
85062,PEARL CRYSTAL PUMPKIN T-LIGHT HLDR,1462,2429.4999999999995,159,1.8109674058972702,13,12,0,0.0,119.5,112.46153846153847,54.7963170627038,0.4585465862987766,False,False,Regular,Maintain standard replenishment review
85064,CREAM SWEETHEART LETTER RACK,215,976.25,30,6.340952380952382,2,12,10,0.8333333333333334,17.916666666666668,107.5,57.796599983882864,3.225856743286485,False,False,Regular,Maintain standard replenishment review
85066,CREAM SWEETHEART MINI CHEST,1762,22313.7,509,14.440865443981922,13,12,0,0.0,136.0,135.53846153846155,73.76005324391689,0.5423533326758595,False,False,High-Revenue Priority,Prioritize inventory monitoring and avoid stockouts
85067,CREAM SWEETHEART WALL CABINET,7,126.65,5,18.7,2,12,10,0.8333333333333334,0.5833333333333334,3.5,1.7298624923456323,2.965478558306798,False,False,Long-Tail,Limit stock and avoid excessive local warehouse space
85071A,BLUE CHARLIE+LOLA PERSONAL DOORSIGN,1039,577.33,110,1.5303418663761803,12,12,1,0.08333333333333333,85.5,86.58333333333333,74.70852452273192,0.8737839125465722,False,False,Regular,Maintain standard replenishment review
85071B,RED CHARLIE+LOLA PERSONAL DOORSIGN,1288,678.72,124,1.4050717607555843,12,12,1,0.08333333333333333,103.83333333333333,107.33333333333333,78.22093806338015,0.7533316667420239,False,False,Regular,Maintain standard replenishment review
85071C,"CHARLIE+LOLA""EXTREMELY BUSY"" SIGN",683,428.0,105,1.9838161375661374,12,12,1,0.08333333333333333,56.25,56.916666666666664,60.745557263661084,1.0799210180206416,False,False,Regular,Maintain standard replenishment review
85071D,CHARLIE+LOLA MY ROOM DOOR SIGN,403,249.49,84,1.5212453703703703,12,12,1,0.08333333333333333,33.333333333333336,33.583333333333336,32.34286020222402,0.9702858060667204,False,False,Regular,Maintain standard replenishment review
85078,SCANDINAVIAN 3 HEARTS NAPKIN RING,1932,696.8,124,1.1496717171717172,12,12,0,0.0,161.0,161.0,162.78764750993295,1.0111034006828135,False,False,High-Turnover Volatile,Monitor closely and replenish in smaller batches
85084,HOLLY TOP CHRISTMAS STOCKING,20,17.0,7,0.85,1,12,11,0.9166666666666666,1.6666666666666667,20.0,5.773502691896257,3.4641016151377544,False,False,Long-Tail,Limit stock and avoid excessive local warehouse space
85086A,CANDY SPOT HEART DECORATION,146,122.07999999999998,50,0.8419327731092437,7,12,5,0.4166666666666667,12.166666666666666,20.857142857142858,20.035574422118334,1.6467595415439726,False,False,Regular,Maintain standard replenishment review
85087,CANDY SPOT CUSHION COVER,339,1129.99,125,4.030163492063492,10,12,2,0.16666666666666666,28.25,33.9,29.811910371527684,1.0552888627089445,False,False,Regular,Maintain standard replenishment review
85088,CANDY SPOT HAND BAG,259,534.83,51,2.6008636363636364,11,12,1,0.08333333333333333,21.583333333333332,23.545454545454547,23.364535414844333,1.082526737367305,False,False,Regular,Maintain standard replenishment review
85089,CANDY SPOT BUNNY,13,38.35,5,2.95,4,11,7,0.6363636363636364,1.1818181818181819,3.25,1.7215215257545762,1.456672060253872,False,False,Long-Tail,Limit stock and avoid excessive local warehouse space
85092,CANDY SPOT TEA COSY,27,40.05,2,2.3,1,10,9,0.9,2.7,27.0,8.538149682454625,3.1622776601683795,False,False,Long-Tail,Limit stock and avoid excessive local warehouse space
85093,CANDY SPOT EGG WARMER HARE,708,475.18,88,1.112385265700483,12,12,0,0.0,59.0,59.0,113.34099795829317,1.9210338636998843,False,False,Regular,Maintain standard replenishment review
85094,CANDY SPOT EGG WARMER RABBIT,640,242.13,90,0.7676098901098901,13,12,0,0.0,52.416666666666664,49.23076923076923,63.22177175817224,1.206138729885639,False,False,Regular,Maintain standard replenishment review
85095,THREE CANVAS LUGGAGE TAGS,150,243.49,48,2.794794372294372,12,12,1,0.08333333333333333,12.333333333333334,12.5,15.692113440911145,1.2723335222360388,False,False,Regular,Maintain standard replenishment review
85096,HILDA CANDY SPOT RABBIT,25,109.23,16,4.475625,8,12,5,0.4166666666666667,2.0,3.125,1.906925178491185,0.9534625892455925,False,False,Long-Tail,Limit stock and avoid excessive local warehouse space
85099B,JUMBO BAG RED RETROSPOT,47490,92601.23,2078,2.5053146017252104,13,12,0,0.0,3866.25,3653.076923076923,1253.2284218260959,0.32414572824470633,False,False,High-Revenue Priority,Prioritize inventory monitoring and avoid stockouts
85099C,JUMBO  BAG BAROQUE BLACK WHITE,13627,27551.8,927,2.6252406156423445,13,12,0,0.0,1113.5,1048.2307692307693,355.5662577303471,0.3193230873195753,False,False,High-Revenue Priority,Prioritize inventory monitoring and avoid stockouts
85099F,JUMBO BAG STRAWBERRY,17062,32336.77,819,2.4225125683741933,13,12,0,0.0,1396.5,1312.4615384615386,734.230394853872,0.5257646937729122,False,False,High-Revenue Priority,Prioritize inventory monitoring and avoid stockouts
85103,SILVER T-LIGHT SETTING,106,704.14,27,8.53347222222222,6,12,6,0.5,8.833333333333334,17.666666666666668,14.664944802507987,1.6601824304726023,False,False,Regular,Maintain standard replenishment review
85104,SILVER GLASS T-LIGHT SET,201,525.75,17,3.1374074074074074,9,12,4,0.3333333333333333,15.583333333333334,22.333333333333332,40.784262413412115,2.617171919577248,False,False,Regular,Maintain standard replenishment review
85106,CUT GLASS HEXAGON T-LIGHT HOLDER,649,1142.31,20,2.703333333333333,7,12,5,0.4166666666666667,54.083333333333336,92.71428571428571,145.27807713818936,2.686189407793948,False,False,Regular,Maintain standard replenishment review
85107,CUT GLASS T-LIGHT HOLDER OCTAGON,249,541.39,27,2.4525499999999996,10,12,3,0.25,16.75,24.9,27.035750741967906,1.614074671162263,False,False,Regular,Maintain standard replenishment review
85109,PINK BOUDOIR T-LIGHT HOLDER,12,10.2,1,0.85,1,12,11,0.9166666666666666,1.0,12.0,3.4641016151377544,3.4641016151377544,False,False,Long-Tail,Limit stock and avoid excessive local warehouse space
85111,SILVER GLITTER FLOWER VOTIVE HOLDER,1409,437.59,57,0.7436060606060605,11,12,2,0.16666666666666666,117.08333333333333,128.0909090909091,168.71086527134543,1.4409468919972563,False,False,Regular,Maintain standard replenishment review
85114A,BLACK ENCHANTED FOREST PLACEMAT,698,1266.91,71,2.2184087024087025,13,12,0,0.0,57.5,53.69230769230769,53.48151762312591,0.9301133499674071,False,False,Regular,Maintain standard replenishment review
85114B,IVORY ENCHANTED FOREST PLACEMAT,511,1018.05,90,2.3674658589273974,13,12,0,0.0,40.916666666666664,39.30769230769231,30.245836177242744,0.7392057721525722,False,False,Regular,Maintain standard replenishment review
85114C,RED ENCHANTED FOREST PLACEMAT,678,1454.8799999999999,110,2.4227362637362635,13,12,0,0.0,54.666666666666664,52.15384615384615,44.75658069101699,0.8187179394698231,False,False,Regular,Maintain standard replenishment review
85115B,S/4 BLACK DISCO PARTITION PANEL,3,24.869999999999997,1,8.29,1,2,1,0.5,1.5,3.0,2.1213203435596424,1.414213562373095,True,False,Long-Tail,Limit stock and avoid excessive local warehouse space
85116,BLACK CANDELABRA T-LIGHT HOLDER,911,1043.88,87,1.3921885602435842,11,12,1,0.08333333333333333,75.91666666666667,82.81818181818181,92.18209087880291,1.214253666899709,False,False,Regular,Maintain standard replenishment review
85118,HEART T-LIGHT HOLDER,146,144.51999999999998,10,1.50875,2,12,10,0.8333333333333334,12.166666666666666,73.0,28.428005824389356,2.336548423922413,False,False,Regular,Maintain standard replenishment review
85119,WATERING CAN SINGLE HOOK PISTACHIO,1,3.36,1,3.36,1,12,11,0.9166666666666666,0.08333333333333333,1.0,0.2886751345948129,3.4641016151377553,False,False,Long-Tail,Limit stock and avoid excessive local warehouse space
85123A,WHITE HANGING HEART T-LIGHT HOLDER,35409,99941.43000000001,2253,3.2300837102101885,13,12,0,0.0,2880.8333333333335,2723.769230769231,1072.2726784590275,0.37220920282060543,False,False,High-Revenue Priority,Prioritize inventory monitoring and avoid stockouts
85124B,BLUE JUICY FRUIT PHOTO FRAME,87,248.76,38,3.002756944444444,12,12,0,0.0,7.25,7.25,6.510481060287606,0.8979973876258768,False,False,Long-Tail,Limit stock and avoid excessive local warehouse space
85124C,GREEN JUICY FRUIT PHOTO FRAME,94,261.89,39,2.82245,10,12,2,0.16666666666666666,7.833333333333333,9.4,10.364566678074025,1.3231361716690246,False,False,Long-Tail,Limit stock and avoid excessive local warehouse space
85125,SMALL ROUND CUT GLASS CANDLESTICK,161,760.39,33,5.564433333333334,10,12,2,0.16666666666666666,13.416666666666666,16.1,14.202805954095725,1.0585942326034081,False,False,Regular,Maintain standard replenishment review
85126,LARGE ROUND CUTGLASS CANDLESTICK,2,27.14,1,13.57,1,12,11,0.9166666666666666,0.16666666666666666,2.0,0.5773502691896258,3.4641016151377553,False,False,Long-Tail,Limit stock and avoid excessive local warehouse space
85127,SMALL SQUARE CUT GLASS CANDLESTICK,182,1081.79,50,7.656038461538462,13,12,0,0.0,15.0,14.0,14.071247279470288,0.9380831519646858,False,False,Regular,Maintain standard replenishment review
85129B,BEADED CRYSTAL HEART GREEN SMALL,119,168.59,31,2.034265873015873,12,12,1,0.08333333333333333,9.833333333333334,9.916666666666666,13.217298123934773,1.344132012603536,False,False,Regular,Maintain standard replenishment review
85129C,BEADED CRYSTAL HEART BLUE SMALL,80,107.31,15,1.8570833333333332,8,12,5,0.4166666666666667,6.583333333333333,10.0,10.228821431562285,1.5537450275790812,False,False,Long-Tail,Limit stock and avoid excessive local warehouse space
85129D,BEADED CRYSTAL HEART PINK SMALL,207,342.74,65,1.9131707875457875,12,12,1,0.08333333333333333,15.5,17.25,18.65719456646441,1.2036899720299619,False,False,Regular,Maintain standard replenishment review
85130A,BEADED PEARL HEART WHITE LARGE,77,127.04999999999998,10,1.65,4,12,8,0.6666666666666666,6.416666666666667,19.25,14.920750245171584,2.3253117265202468,False,False,Long-Tail,Limit stock and avoid excessive local warehouse space
85130B,BEADED CRYSTAL HEART GREEN LARGE,834,760.43,62,1.6596230158730159,12,12,1,0.08333333333333333,69.41666666666667,69.5,92.6777980015939,1.3350943289545338,False,False,Regular,Maintain standard replenishment review
85130C,BEADED CRYSTAL HEART BLUE  LARGE,482,437.22,46,1.2096571428571428,10,11,2,0.18181818181818182,43.09090909090909,48.2,62.663313901284454,1.454211925979175,False,False,Regular,Maintain standard replenishment review
85130D,BEADED CRYSTAL HEART PINK LARGE,565,569.29,62,1.5086630036630038,13,12,0,0.0,46.416666666666664,43.46153846153846,81.51347722737002,1.756125182636338,False,False,Regular,Maintain standard replenishment review
85131A,BEADED PEARL HEART WHITE ON STICK,996,901.48,119,0.9607597222222222,10,12,2,0.16666666666666666,83.0,99.6,75.05876485673197,0.9043224681533972,False,False,Regular,Maintain standard replenishment review
85131B,BEADED CRYSTAL HEART GREEN ON STICK,623,521.11,172,0.8357538461538461,13,12,0,0.0,50.666666666666664,47.92307692307692,28.750757565776603,0.5674491624824329,False,False,Regular,Maintain standard replenishment review
85131C,BEADED CRYSTAL HEART BLUE ON STICK,193,178.85,50,0.8635416666666665,12,12,0,0.0,16.083333333333332,16.083333333333332,11.365484698165865,0.7066622610258569,False,False,Regular,Maintain standard replenishment review
85131D,BEADED CRYSTAL HEART PINK ON STICK,850,725.2599999999999,206,0.8452121212121212,13,12,0,0.0,69.33333333333333,65.38461538461539,36.41511507685519,0.5252180059161806,False,False,Regular,Maintain standard replenishment review
85132A,CHARLIE + LOLA BISCUITS TINS,553,1653.97,118,7.057316144512318,6,12,6,0.5,46.083333333333336,92.16666666666667,91.67279593833447,1.989283094502737,False,False,Regular,Maintain standard replenishment review
85132B,CHARLIE AND LOLA TABLE TINS,538,1230.78,84,6.576277383112954,7,12,5,0.4166666666666667,44.833333333333336,76.85714285714286,80.79022593148633,1.8020124743082453,False,False,Regular,Maintain standard replenishment review
85132C,CHARLIE AND LOLA FIGURES TINS,1522,3585.24,213,5.58936503009186,10,12,2,0.16666666666666666,126.83333333333333,152.2,154.5214508988276,1.2183031608317552,False,False,High-Revenue Priority,Prioritize inventory monitoring and avoid stockouts
85135A,YELLOW DRAGONFLY HELICOPTER,19,151.05,8,7.95,3,12,9,0.75,1.5833333333333333,6.333333333333333,4.316107954950604,2.7259629189161707,False,False,Long-Tail,Limit stock and avoid excessive local warehouse space
85135B,BLUE DRAGONFLY HELICOPTER,65,524.5500000000001,45,7.971666666666668,9,12,3,0.25,5.416666666666667,7.222222222222222,9.519915329391743,1.7575228300415526,False,False,Long-Tail,Limit stock and avoid excessive local warehouse space
85135C,RED DRAGONFLY HELICOPTER,106,856.3800000000001,67,7.983538461538462,13,12,0,0.0,7.833333333333333,8.153846153846153,11.320402605539925,1.4451577794306287,False,False,Regular,Maintain standard replenishment review
85136A,YELLOW SHARK HELICOPTER,71,572.41,53,7.986027777777778,12,12,1,0.08333333333333333,5.416666666666667,5.916666666666667,7.844608262232015,1.4482353714889873,False,False,Long-Tail,Limit stock and avoid excessive local warehouse space
85136B,BLUE SHARK HELICOPTER,2,15.9,2,7.95,1,12,11,0.9166666666666666,0.16666666666666666,2.0,0.5773502691896258,3.4641016151377553,False,False,Long-Tail,Limit stock and avoid excessive local warehouse space
85136C,RED SHARK HELICOPTER,52,421.18000000000006,36,8.07,8,12,5,0.4166666666666667,3.9166666666666665,6.5,7.229464123650626,1.8458206273150535,False,False,Long-Tail,Limit stock and avoid excessive local warehouse space
85141,JARDIN ETCHED GLASS FRUITBOWL,116,604.14,38,7.644458874458875,7,12,5,0.4166666666666667,9.666666666666666,16.571428571428573,16.42798794371325,1.6994470286599916,False,False,Regular,Maintain standard replenishment review
85144,JARDIN ETCHED GLASS CHEESE DISH,220,582.7,41,5.306666666666667,6,12,6,0.5,18.333333333333332,36.666666666666664,38.15597971326104,2.081235257086966,False,False,Regular,Maintain standard replenishment review
85145,JARDIN ETCHED GLASS LARGE BELL JAR,37,163.75,13,8.35,2,9,7,0.7777777777777778,4.111111111111111,18.5,11.60220285597141,2.8221574514525054,False,False,Long-Tail,Limit stock and avoid excessive local warehouse space
85146,JARDIN ETCHED GLASS SMALL BELL JAR,45,171.11,9,5.518,5,12,7,0.5833333333333334,3.75,9.0,7.287910287842213,1.9434427434245902,False,False,Long-Tail,Limit stock and avoid excessive local warehouse space
85150,LADIES & GENTLEMEN METAL SIGN,4037,9383.43,478,3.0438322224459027,11,12,2,0.16666666666666666,327.0833333333333,367.0,237.53907174623004,0.7262341047018498,False,False,High-Revenue Priority,Prioritize inventory monitoring and avoid stockouts
85152,HAND OVER THE CHOCOLATE   SIGN,8198,15847.61,676,2.374275945457805,13,12,0,0.0,609.75,630.6153846153846,288.34326922800005,0.4728876904108242,False,False,High-Revenue Priority,Prioritize inventory monitoring and avoid stockouts
85159A,"BLACK TEA,COFFEE,SUGAR JARS",429,736.55,46,1.9682692307692307,13,12,0,0.0,35.666666666666664,33.0,25.93464980689079,0.7271397142118914,False,False,Regular,Maintain standard replenishment review
85159B,"WHITE TEA,COFFEE,SUGAR JARS",619,1119.85,57,1.945,12,12,0,0.0,51.583333333333336,51.583333333333336,21.07328482542134,0.408528946534824,False,False,Regular,Maintain standard replenishment review
85160A,WHITE BIRD GARDEN DESIGN MUG,7,23.63,2,8.69,2,12,10,0.8333333333333334,0.5833333333333334,3.5,1.7298624923456323,2.965478558306798,False,False,Long-Tail,Limit stock and avoid excessive local warehouse space
85160B,BLACK BIRD GARDEN DESIGN MUG,106,62.239999999999995,16,1.4275,8,11,3,0.2727272727272727,9.636363636363637,13.25,11.404145976553679,1.1834491107744383,False,False,Regular,Maintain standard replenishment review
85161,ACRYLIC GEOMETRIC LAMP,35,568.65,20,21.0403125,8,12,4,0.3333333333333333,2.9166666666666665,4.375,4.66043956829149,1.5978649948427965,False,False,Long-Tail,Limit stock and avoid excessive local warehouse space
85163A,WHITE BAROQUE WALL CLOCK,66,559.0,32,11.925545454545453,10,12,2,0.16666666666666666,5.5,6.6,7.657438451359804,1.3922615366108735,False,False,Long-Tail,Limit stock and avoid excessive local warehouse space
85163B,BLACK BAROQUE WALL CLOCK,84,783.68,36,14.608136363636364,11,12,2,0.16666666666666666,6.916666666666667,7.636363636363637,10.535294217174204,1.5231750675432585,False,False,Long-Tail,Limit stock and avoid excessive local warehouse space
85167B,BLACK GRAND BAROQUE PHOTO FRAME,50,109.94,8,3.57625,4,12,8,0.6666666666666666,4.166666666666667,12.5,10.02572448829268,2.406173877190243,False,False,Long-Tail,Limit stock and avoid excessive local warehouse space
85168B,BLACK BAROQUE CARRIAGE CLOCK,51,432.78999999999996,35,8.528504201680672,7,11,5,0.45454545454545453,4.0,7.285714285714286,6.48074069840786,1.620185174601965,False,False,Long-Tail,Limit stock and avoid excessive local warehouse space
85169A,IVORY LOVE BIRD CANDLE,812,813.0200000000001,88,1.469655586080586,13,12,0,0.0,67.25,62.46153846153846,108.35306347139597,1.6111979698348844,False,False,Regular,Maintain standard replenishment review
85169B,BLACK LOVE BIRD CANDLE,329,356.06,62,1.6971439393939394,12,12,1,0.08333333333333333,27.25,27.416666666666668,44.226945714945394,1.623007182199831,False,False,Regular,Maintain standard replenishment review
85169C,EAU DE NIL LOVE BIRD CANDLE,429,452.86,46,1.3686714513556617,11,12,2,0.16666666666666666,35.416666666666664,39.0,63.578810554422546,1.7951664156542837,False,False,Regular,Maintain standard replenishment review
85169D,PINK LOVE BIRD CANDLE,351,356.08000000000004,50,1.62525,12,12,0,0.0,29.25,29.25,50.042027791193135,1.7108385569638678,False,False,Regular,Maintain standard replenishment review
85170A,SET/6 IVORY BIRD T-LIGHT CANDLES,1,2.1,1,2.1,1,12,11,0.9166666666666666,0.08333333333333333,1.0,0.2886751345948129,3.4641016151377553,False,False,Long-Tail,Limit stock and avoid excessive local warehouse space
85170B,SET/6 BLACK BIRD T-LIGHT CANDLES,215,316.75,39,2.3643181818181818,11,12,1,0.08333333333333333,17.916666666666668,19.545454545454547,24.80637137120342,1.3845416579276326,False,False,Regular,Maintain standard replenishment review
85170C,SET/6 EAU DE NIL BIRD T-LIGHTS,335,608.53,72,2.7813176219205635,13,12,0,0.0,27.75,25.76923076923077,24.54356053298632,0.8844526318193269,False,False,Regular,Maintain standard replenishment review
85170D,SET/6 PINK BIRD T-LIGHT CANDLES,451,796.99,100,2.8076141503424115,13,12,0,0.0,36.833333333333336,34.69230769230769,33.176753453238454,0.9007263380969716,False,False,Regular,Maintain standard replenishment review
85172,HYACINTH BULB T-LIGHT CANDLES,1234,536.08,42,0.5882051282051282,13,12,0,0.0,98.83333333333333,94.92307692307692,116.29573065980095,1.1766853017855072,False,False,Regular,Maintain standard replenishment review
85173,SET/6 FROG PRINCE T-LIGHT CANDLES,479,795.02,86,2.9896125730994147,13,12,0,0.0,36.25,36.84615384615385,35.11053972812152,0.9685666131895593,False,False,Regular,Maintain standard replenishment review
85174,S/4 CACTI CANDLES,613,2927.08,157,7.569157064214035,13,12,0,0.0,50.083333333333336,47.15384615384615,53.3452874860535,1.0651305321674576,False,False,Regular,Maintain standard replenishment review
85175,CACTI T-LIGHT CANDLES,5225,2238.58,141,1.0204727792632204,12,12,0,0.0,435.4166666666667,435.4166666666667,150.4553442256559,0.34554337429815707,False,False,High-Turnover Stable,Keep stable local warehouse inventory
85176,SEWING SUSAN 21 NEEDLE SET,918,880.47,172,1.1833014191690663,13,12,0,0.0,72.75,70.61538461538461,35.50192056264511,0.48799890807759605,False,False,Regular,Maintain standard replenishment review
85177,BASKET OF FLOWERS SEWING KIT,812,644.2099999999999,63,1.0065174825174825,13,12,0,0.0,67.0,62.46153846153846,88.5273455441363,1.321303664837855,False,False,Regular,Maintain standard replenishment review
85178,VICTORIAN SEWING KIT,2374,2642.58,139,1.396707553487501,13,12,0,0.0,194.08333333333334,182.6153846153846,120.73747503897818,0.6220908975816822,False,False,High-Turnover Stable,Keep stable local warehouse inventory
85179A,GREEN BITTY LIGHT CHAIN,194,383.25,60,3.560637854209283,7,12,6,0.5,14.0,27.714285714285715,31.596892827675894,2.256920916262564,False,False,Regular,Maintain standard replenishment review
85179C,PINK BITTY LIGHT CHAIN,106,201.31,36,4.200326797385621,6,12,7,0.5833333333333334,7.083333333333333,17.666666666666668,14.878039541756186,2.100429111777344,False,False,Regular,Maintain standard replenishment review
85180A,RED HEARTS LIGHT CHAIN,497,1014.76,62,5.274118819776715,11,12,2,0.16666666666666666,41.333333333333336,45.18181818181818,82.52749771311305,1.9966330091882187,False,False,Regular,Maintain standard replenishment review
85180B,PINK HEARTS LIGHT CHAIN,271,587.2,48,4.918637931034484,10,12,3,0.25,21.75,27.1,45.639147868708264,2.0983516261475064,False,False,Regular,Maintain standard replenishment review
85183A,CHARLIE & LOLA WASTEPAPER BIN BLUE,667,852.04,86,1.9603939393939394,11,12,2,0.16666666666666666,54.5,60.63636363636363,38.17781364281426,0.7005103420699864,False,False,Regular,Maintain standard replenishment review
85183B,CHARLIE & LOLA WASTEPAPER BIN FLORA,996,1323.37,118,2.3676418581418583,13,12,0,0.0,82.0,76.61538461538461,37.61286046988812,0.45869342036448923,False,False,Regular,Maintain standard replenishment review
85184C,S/4 VALENTINE DECOUPAGE HEART BOX,1654,2997.42,195,3.659098774413992,13,12,0,0.0,136.58333333333334,127.23076923076923,286.25591167641755,2.095833398485058,False,False,Regular,Maintain standard replenishment review
85185B,PINK HORSE SOCK PUPPET,297,900.3900000000001,71,3.2580357142857146,12,12,0,0.0,24.75,24.75,14.232644934030422,0.5750563609709262,False,False,Regular,Maintain standard replenishment review
85185D,FROG SOCK PUPPET,15,44.25000000000001,8,2.95,4,12,8,0.6666666666666666,1.25,3.75,2.050498830661811,1.6403990645294488,False,False,Long-Tail,Limit stock and avoid excessive local warehouse space
85186A,EASTER BUNNY GARLAND OF FLOWERS,567,273.64,79,0.6709579343365253,5,12,7,0.5833333333333334,47.25,113.4,122.25690164567398,2.5874476538766977,False,False,Regular,Maintain standard replenishment review
85186C,BUNNY EGG GARLAND,528,269.17,78,0.6769282195636875,7,11,4,0.36363636363636365,48.0,75.42857142857143,73.35666295572611,1.5282638115776273,False,False,Regular,Maintain standard replenishment review
85187,S/12 MINI RABBIT EASTER,337,556.53,69,1.9140948275862069,8,12,4,0.3333333333333333,28.083333333333332,42.125,47.79018220462771,1.701727556247871,False,False,Regular,Maintain standard replenishment review
85188A,GREEN METAL SWINGING BUNNY,319,278.17,42,1.0094411764705882,4,11,7,0.6363636363636364,29.0,79.75,52.182372502598994,1.7993921552620342,False,False,Regular,Maintain standard replenishment review
85188B,PINK METAL SWINGING BUNNY,78,68.7,10,1.0915,4,12,8,0.6666666666666666,6.5,19.5,14.963592179322815,2.3020911045112022,False,False,Long-Tail,Limit stock and avoid excessive local warehouse space
85189,HANGING BUTTERFLY  EGG,9,7.6499999999999995,3,0.85,2,11,9,0.8181818181818182,0.8181818181818182,4.5,1.9400093720485896,2.371122565837165,False,False,Long-Tail,Limit stock and avoid excessive local warehouse space
85194L,HANGING SPRING FLOWER EGG LARGE,935,812.6899999999999,72,0.9804126984126983,6,12,6,0.5,77.91666666666667,155.83333333333334,118.84249189068647,1.5252512328216445,False,False,Regular,Maintain standard replenishment review
85194S,HANGING SPRING FLOWER EGG SMALL,1172,473.38000000000005,70,0.5212264856355765,11,11,1,0.09090909090909091,100.63636363636364,106.54545454545455,78.39294959021855,0.7789723988187931,False,False,Regular,Maintain standard replenishment review
85195,HANGING HEART BASKET,11,23.1,3,2.1,3,12,9,0.75,0.9166666666666666,3.6666666666666665,2.3143164446679725,2.5247088487286975,False,False,Long-Tail,Limit stock and avoid excessive local warehouse space
85197,SET OF 12 MINI BUNNIES IN A BUCKET,34,71.4,19,2.1,5,11,6,0.5454545454545454,3.090909090909091,6.8,4.570657402486987,1.4787421008046133,False,False,Long-Tail,Limit stock and avoid excessive local warehouse space
85198,ASSORTED FARMYARD ANIMALS IN BUCKET,90,74.58,9,0.93875,4,11,7,0.6363636363636364,8.181818181818182,22.5,15.657702141873703,1.9137191506734526,False,False,Long-Tail,Limit stock and avoid excessive local warehouse space
85199L,LARGE HANGING IVORY & RED WOOD BIRD,965,655.63,94,0.84,13,12,0,0.0,75.41666666666667,74.23076923076923,61.76709676214548,0.8190112277853544,False,False,Regular,Maintain standard replenishment review
85199S,SMALL HANGING IVORY/RED WOOD BIRD,2636,1292.23,260,0.5967636345136345,13,12,0,0.0,198.33333333333334,202.76923076923077,250.74881793733286,1.26427975430588,False,False,High-Turnover Volatile,Monitor closely and replenish in smaller batches
85200,BUNNY EGG BOX,183,228.75,26,1.25,4,11,7,0.6363636363636364,16.636363636363637,45.75,28.25339883013273,1.698291732958798,False,False,Regular,Maintain standard replenishment review
85202,HANGING WOOD AND FELT HEART,672,313.13,106,0.5923697679026626,12,12,0,0.0,56.0,56.0,79.86921127124587,1.426235915557962,False,False,Regular,Maintain standard replenishment review
85203,HANGING WOOD AND FELT BUTTERFLY,895,408.99,127,0.6048934676434676,13,12,0,0.0,72.58333333333333,68.84615384615384,82.24515275391705,1.133113470777273,False,False,Regular,Maintain standard replenishment review
85204,HANGING WOOD AND FELT FLOWER,2050,325.36,104,0.32657342657342653,13,12,0,0.0,170.16666666666666,157.69230769230768,202.7415880256232,1.1914295084757485,False,False,High-Turnover Volatile,Monitor closely and replenish in smaller batches
85205B,PINK FELT EASTER RABBIT GARLAND,122,323.15,29,2.764222222222222,5,12,7,0.5833333333333334,10.166666666666666,24.4,14.800696134324426,1.4558061771466648,False,False,Regular,Maintain standard replenishment review
85206A,CREAM FELT EASTER EGG BASKET,974,1568.9299999999998,114,1.7242276186790506,4,12,8,0.6666666666666666,81.16666666666667,243.5,149.09108462665202,1.8368511452975607,False,False,Regular,Maintain standard replenishment review
85206B,PINK FELT EASTER EGG BASKET,14,23.1,4,1.65,1,11,10,0.9090909090909091,1.2727272727272727,14.0,4.221158824088691,3.3166247903554,False,False,Long-Tail,Limit stock and avoid excessive local warehouse space
85208,SET/12 FUNKY FELT FLOWER PEG IN BAG,223,416.91,48,2.2003787878787877,11,12,1,0.08333333333333333,18.583333333333332,20.272727272727273,26.661031601582977,1.4346743462735234,False,False,Regular,Maintain standard replenishment review
85211,S/4 GROOVY CAT MAGNETS,149,175.15999999999997,24,1.8464603174603174,9,12,3,0.25,12.416666666666666,16.555555555555557,24.366364049026622,1.962391735492077,False,False,Regular,Maintain standard replenishment review
85212,MINI PAINTED GARDEN DECORATION,2451,740.15,79,0.4891269841269841,13,12,0,0.0,202.25,188.53846153846155,202.02885707469883,0.9989065862778681,False,False,High-Turnover Stable,Keep stable local warehouse inventory
85213,MINI  ZINC GARDEN DECORATIONS,828,329.7,32,1.0052272727272726,8,12,4,0.3333333333333333,69.0,103.5,183.97430650649417,2.666294297195568,False,False,Regular,Maintain standard replenishment review
85214,TUB 24 PINK FLOWER PEGS,164,271.03999999999996,58,1.6677018043684708,9,12,3,0.25,13.666666666666666,18.22222222222222,14.649438917790011,1.0719101647163423,False,False,Regular,Maintain standard replenishment review
85215,ASSORTED CHEESE FRIDGE MAGNETS,223,180.71,18,0.948125,8,12,4,0.3333333333333333,18.583333333333332,27.875,23.76574438263203,1.2788741371819927,False,False,Regular,Maintain standard replenishment review
85216,ASSORTED CAKES FRIDGE MAGNETS,55,35.75,8,0.65,6,12,6,0.5,4.583333333333333,9.166666666666666,6.2734408904572145,1.3687507397361196,False,False,Long-Tail,Limit stock and avoid excessive local warehouse space
85224,ASSORTED COLOUR SILK GLASSES CASE,3,6.300000000000001,1,2.1,1,9,8,0.8888888888888888,0.3333333333333333,3.0,1.0,3.0,False,False,Long-Tail,Limit stock and avoid excessive local warehouse space
85225,BLING KEY RING STAND,6,6.25,3,1.125,2,8,7,0.875,0.125,3.0,0.3535533905932738,2.8284271247461903,False,False,Long-Tail,Limit stock and avoid excessive local warehouse space
85227,SET OF 6 3D KIT CARDS FOR KIDS,1477,1359.3999999999999,223,1.0740406968197969,13,12,0,0.0,117.58333333333333,113.61538461538461,58.972194269585195,0.5015353162544454,False,False,Regular,Maintain standard replenishment review
85230A,OPIUM SCENTED VOTIVE CANDLE,840,203.28,18,0.2559259259259259,9,12,4,0.3333333333333333,68.0,93.33333333333333,66.18980970731755,0.9733795545193757,False,False,Regular,Maintain standard replenishment review
85230B,CINNAMON SCENTED VOTIVE CANDLE,1288,333.2,39,0.27305555555555555,12,12,1,0.08333333333333333,105.33333333333333,107.33333333333333,92.98810611464178,0.8827984757719157,False,False,Regular,Maintain standard replenishment review
85230E,STRAWBRY SCENTED VOTIVE CANDLE,1101,267.45,24,0.2617333333333333,10,12,2,0.16666666666666666,91.75,110.1,66.67168541715169,0.7266668710316261,False,False,Regular,Maintain standard replenishment review
85230F,JASMINE VOTIVE CANDLE,338,90.33999999999999,12,0.2833333333333333,7,12,5,0.4166666666666667,28.166666666666668,48.285714285714285,44.300283876236634,1.5727911435350284,False,False,Regular,Maintain standard replenishment review
85230G,ORANGE VOTIVE CANDLE,984,243.11999999999998,24,0.2622222222222222,12,12,1,0.08333333333333333,80.0,82.0,57.28398157822608,0.7160497697278261,False,False,Regular,Maintain standard replenishment review
85231B,CINAMMON SET OF 9 T-LIGHTS,871,782.5,154,1.06355191093736,13,12,0,0.0,70.16666666666667,67.0,64.79314404434712,0.9234177298481774,False,False,Regular,Maintain standard replenishment review
85231G,ORANGE SCENTED SET/9 T-LIGHTS,600,511.05,87,1.0199246981089087,11,12,1,0.08333333333333333,50.0,54.54545454545455,33.412028318610595,0.6682405663722119,False,False,Regular,Maintain standard replenishment review
85232A,SET/3 POLKADOT STACKING TINS,75,374.7,28,5.4013333333333335,6,12,6,0.5,6.25,12.5,11.647278261855469,1.863564521896875,False,False,Long-Tail,Limit stock and avoid excessive local warehouse space
85232B,SET OF 3 BABUSHKA STACKING TINS,271,1341.45,12,4.95,2,12,10,0.8333333333333334,22.583333333333332,135.5,76.36093519753686,3.3812960235071676,False,False,Regular,Maintain standard replenishment review
85232D,SET/3 DECOUPAGE STACKING TINS,190,977.6700000000001,68,5.910641774891775,11,12,2,0.16666666666666666,15.416666666666666,17.272727272727273,14.93293086578868,0.9686225426457523,False,False,Regular,Maintain standard replenishment review
90000A,RASPBERRY ANT COPPER FLOWER NECKLAC,13,77.91,8,6.006,5,10,5,0.5,1.3,2.6,1.70293863659264,1.3099527973789538,False,False,Long-Tail,Limit stock and avoid excessive local warehouse space
90000B,MIDNIGHT BLUE COPPER FLOWER NECKLAC,11,67.83,7,6.16,6,12,6,0.5,0.9166666666666666,1.8333333333333333,1.4433756729740645,1.574591643244434,False,False,Long-Tail,Limit stock and avoid excessive local warehouse space
90000D,COPPER/OLIVE GREEN FLOWER NECKLACE,21,129.85000000000002,14,6.16,10,12,2,0.16666666666666666,1.75,2.1,1.7645499039801522,1.0083142308458013,False,False,Long-Tail,Limit stock and avoid excessive local warehouse space
90001A,ANTIQUE RASPBERRY FLOWER EARRINGS,5,20.950000000000003,4,4.175000000000001,4,10,6,0.6,0.5,1.25,0.7071067811865476,1.4142135623730951,False,False,Long-Tail,Limit stock and avoid excessive local warehouse space
90001B,ANTIQUE MID BLUE FLOWER EARRINGS,5,21.15,3,4.216666666666667,3,6,3,0.5,0.8333333333333334,1.6666666666666667,0.983192080250175,1.17983049630021,False,False,Long-Tail,Limit stock and avoid excessive local warehouse space
90001C,ANTIQUE OPAL WHITE FLOWER EARRINGS,5,21.130000000000003,5,4.2325,4,12,8,0.6666666666666666,0.4166666666666667,1.25,0.6685579234215215,1.6045390162116515,False,False,Long-Tail,Limit stock and avoid excessive local warehouse space
90001D,ANTIQUE OLIVE GREEN FLOWER EARRINGS,7,29.73,5,4.246,5,12,7,0.5833333333333334,0.5833333333333334,1.4,0.7929614610987591,1.3593625047407298,False,False,Long-Tail,Limit stock and avoid excessive local warehouse space
90002D,FLOWER BURST SILVER RING CRYSTAL,13,48.71,9,3.746,5,12,7,0.5833333333333334,1.0833333333333333,2.6,2.0207259421636903,1.8652854850741758,False,False,Long-Tail,Limit stock and avoid excessive local warehouse space
90003B,ROSE COLOUR PAIR HEART HAIR SLIDES,11,41.31,9,3.7550000000000003,6,12,6,0.5,0.9166666666666666,1.8333333333333333,1.2401124093721454,1.3528499011332495,False,False,Long-Tail,Limit stock and avoid excessive local warehouse space
90003C,MIDNIGHT BLUE PAIR HEART HAIR SLIDE,28,104.84,23,3.7427272727272727,11,12,2,0.16666666666666666,2.0,2.5454545454545454,1.4770978917519928,0.7385489458759964,False,False,Long-Tail,Limit stock and avoid excessive local warehouse space
90003D,CRYSTAL PAIR HEART HAIR SLIDES,26,97.25999999999999,15,3.7393333333333327,9,12,3,0.25,2.1666666666666665,2.888888888888889,2.2087978356535665,1.0194451549170307,False,False,Long-Tail,Limit stock and avoid excessive local warehouse space
90003E,GREEN PAIR HEART HAIR SLIDES,19,71.11,13,3.7480952380952384,7,12,6,0.5,1.3333333333333333,2.7142857142857144,2.059714602177749,1.5447859516333118,False,False,Long-Tail,Limit stock and avoid excessive local warehouse space
90005A,JADE GREEN ENAMEL HAIR COMB,14,28.02,10,2.0128571428571425,3,12,9,0.75,1.1666666666666667,4.666666666666667,3.1574826950748234,2.706413738635563,False,False,Long-Tail,Limit stock and avoid excessive local warehouse space
90010A,MIDNIGHT BLUE GLASS/SILVER BRACELET,18,167.3,15,9.282962962962962,9,12,4,0.3333333333333333,1.3333333333333333,2.0,1.3706888336846839,1.028016625263513,False,False,Long-Tail,Limit stock and avoid excessive local warehouse space
90010B,BLACK/WHITE GLASS/SILVER BRACELET,11,100.08999999999999,7,9.052499999999998,4,12,8,0.6666666666666666,0.9166666666666666,2.75,1.5642792899510296,1.706486498128396,False,False,Long-Tail,Limit stock and avoid excessive local warehouse space
90010E,AMBER GLASS/SILVER BRACELET,25,227.89000000000001,16,9.100185185185186,9,12,4,0.3333333333333333,2.0,2.7777777777777777,1.954016841836789,0.9770084209183945,False,False,Long-Tail,Limit stock and avoid excessive local warehouse space
90011A,MIDNIGHT BLUE CRYSTAL DROP EARRINGS,6,17.509999999999998,6,2.9212499999999997,4,12,8,0.6666666666666666,0.5,1.5,0.7977240352174657,1.5954480704349314,False,False,Long-Tail,Limit stock and avoid excessive local warehouse space
90011B,BLACK CRYSTAL DROP EARRINGS,12,35.27,7,2.9324999999999997,6,12,6,0.5,1.0,2.0,1.7056057308448835,1.7056057308448835,False,False,Long-Tail,Limit stock and avoid excessive local warehouse space
90011C,GREEN CRYSTAL DROP EARRINGS,2,5.8,2,2.9,2,5,3,0.6,0.4,1.0,0.5477225575051662,1.3693063937629153,False,False,Long-Tail,Limit stock and avoid excessive local warehouse space
90011D,PURPLE CRYSTAL DROP EARRINGS,3,8.76,3,2.92,3,12,9,0.75,0.25,1.0,0.4522670168666455,1.809068067466582,False,False,Long-Tail,Limit stock and avoid excessive local warehouse space
90011E,AMBER CRYSTAL DROP EARRINGS,3,8.76,3,2.92,3,11,8,0.7272727272727273,0.2727272727272727,1.0,0.4670993664969138,1.7126976771553508,False,False,Long-Tail,Limit stock and avoid excessive local warehouse space
90012A,MIDNIGHT BLUE DROP CRYSTAL NECKLACE,11,53.760000000000005,5,8.2775,4,12,8,0.6666666666666666,0.9166666666666666,2.75,2.274696116900546,2.481486672982414,False,False,Long-Tail,Limit stock and avoid excessive local warehouse space
90012B,BLACK DROP CRYSTAL NECKLACE,13,45.35000000000001,3,5.283333333333333,3,12,9,0.75,1.0833333333333333,4.333333333333333,2.314316444667973,2.1362921027704367,False,False,Long-Tail,Limit stock and avoid excessive local warehouse space
90013A,MIDNIGHT BLUE VINTAGE EARRINGS,44,165.32,31,3.744880952380952,10,12,3,0.25,3.3333333333333335,4.4,3.1430539096216408,0.9429161728864922,False,False,Long-Tail,Limit stock and avoid excessive local warehouse space
90013B,BLACK VINTAGE EARRINGS,36,149.41,31,4.1440909090909095,11,12,1,0.08333333333333333,3.0,3.272727272727273,2.9848100289785457,0.9949366763261819,False,False,Long-Tail,Limit stock and avoid excessive local warehouse space
90013C,GREEN VINTAGE EARRINGS,39,158.08,28,4.073333333333334,11,12,2,0.16666666666666666,2.9166666666666665,3.5454545454545454,2.9063670960444234,0.9964687186438024,False,False,Long-Tail,Limit stock and avoid excessive local warehouse space
90013D,PURPLE VINTAGE EARRINGS,6,25.17,3,4.180000000000001,3,12,9,0.75,0.5,2.0,1.0,2.0,False,False,Long-Tail,Limit stock and avoid excessive local warehouse space
90014A,SILVER/MOP ORBIT NECKLACE,27,217.59,21,9.255972222222223,12,12,1,0.08333333333333333,2.0833333333333335,2.25,1.9286515936521478,0.9257527649530308,False,False,Long-Tail,Limit stock and avoid excessive local warehouse space
90014B,GOLD M PEARL  ORBIT NECKLACE,17,158.74,15,9.350625,8,12,4,0.3333333333333333,1.4166666666666667,2.125,1.2401124093721454,0.8753734654391614,False,False,Long-Tail,Limit stock and avoid excessive local warehouse space
90014C,SILVER AND BLACK ORBIT NECKLACE,5,43.199999999999996,4,8.858333333333333,3,9,6,0.6666666666666666,0.5555555555555556,1.6666666666666667,0.8819171036881969,1.5874507866387544,False,False,Long-Tail,Limit stock and avoid excessive local warehouse space
90016A,SILVER/M.O.P PENDANT ORBIT NECKLACE,17,105.71000000000001,7,7.815714285714286,7,11,4,0.36363636363636365,1.5454545454545454,2.4285714285714284,2.6215886925159086,1.6963220951573528,False,False,Long-Tail,Limit stock and avoid excessive local warehouse space
90016B,GOLD/M.O.P PENDANT ORBIT NECKLACE,22,184.66,19,8.4025,10,11,2,0.18181818181818182,1.8181818181818181,2.2,1.4709304414677,0.8090117428072351,False,False,Long-Tail,Limit stock and avoid excessive local warehouse space
90016C,SILVER/BLACK PENDANT ORBIT NECKLACE,3,24.96,3,8.32,3,9,7,0.7777777777777778,0.2222222222222222,1.0,0.44095855184409843,1.984313483298443,False,False,Long-Tail,Limit stock and avoid excessive local warehouse space
90018A,SILVER M.O.P ORBIT DROP EARRINGS,46,193.33,37,4.195545454545455,11,12,2,0.16666666666666666,3.5833333333333335,4.181818181818182,2.7122058561364044,0.7568946575264384,False,False,Long-Tail,Limit stock and avoid excessive local warehouse space
90018B,GOLD M.O.P ORBIT DROP EARRINGS,22,92.28,17,4.199,10,12,3,0.25,1.6666666666666667,2.2,1.6143297699232972,0.9685978619539783,False,False,Long-Tail,Limit stock and avoid excessive local warehouse space
90018C,SILVER BLACK ORBIT DROP EARRINGS,12,50.400000000000006,9,4.183333333333334,5,7,2,0.2857142857142857,1.7142857142857142,2.4,1.7043362064926932,0.9941961204540711,False,False,Long-Tail,Limit stock and avoid excessive local warehouse space
90019A,SILVER M.O.P ORBIT BRACELET,38,197.09,27,5.2575,12,12,1,0.08333333333333333,3.0833333333333335,3.1666666666666665,2.274696116900546,0.7377392811569339,False,False,Long-Tail,Limit stock and avoid excessive local warehouse space
90019B,GOLD M.O.P ORBIT BRACELET,18,96.52000000000001,18,5.318333333333333,9,12,4,0.3333333333333333,1.3333333333333333,2.0,1.497472618255253,1.1231044636914398,False,False,Long-Tail,Limit stock and avoid excessive local warehouse space
90019C,SILVER BLACK ORBIT BRACELET,13,68.73,11,5.245,8,12,5,0.4166666666666667,0.8333333333333334,1.625,0.9374368665610922,1.1249242398733106,False,False,Long-Tail,Limit stock and avoid excessive local warehouse space
90020,FILIGREE DIAMANTE CHAIN,1,12.48,1,12.48,1,4,3,0.75,0.25,1.0,0.5,2.0,False,False,Long-Tail,Limit stock and avoid excessive local warehouse space
90021,LASER CUT MULTI STRAND NECKLACE,1,11.95,1,11.95,1,8,7,0.875,0.125,1.0,0.3535533905932738,2.8284271247461903,False,False,Long-Tail,Limit stock and avoid excessive local warehouse space
90022,EDWARDIAN DROP EARRINGS JET BLACK,20,75.2,19,3.742380952380952,9,12,4,0.3333333333333333,1.3333333333333333,2.2222222222222223,1.9694638556693236,1.4770978917519928,False,False,Long-Tail,Limit stock and avoid excessive local warehouse space
90023,FILIGREE DIAMANTE EARRINGS,13,55.02,9,4.225714285714286,7,12,5,0.4166666666666667,1.0833333333333333,1.8571428571428572,1.0836246694508316,1.0002689256469215,False,False,Long-Tail,Limit stock and avoid excessive local warehouse space
90024B,NEW BAROQUE B'FLY NECKLACE RED,6,50.28,5,8.365,4,10,7,0.7,0.5,1.5,0.8498365855987975,1.699673171197595,False,False,Long-Tail,Limit stock and avoid excessive local warehouse space
90024C,NEW BAROQUE B'FLY NECKLACE GREEN,4,33.81,3,8.436666666666667,3,12,9,0.75,0.3333333333333333,1.3333333333333333,0.6513389472789296,1.954016841836789,False,False,Long-Tail,Limit stock and avoid excessive local warehouse space
90024D,NEW BAROQUE B'FLY NECKLACE PINK,2,16.82,2,8.41,2,8,6,0.75,0.25,1.0,0.46291004988627577,1.851640199545103,False,False,Long-Tail,Limit stock and avoid excessive local warehouse space
90024E,NEW BAROQUE B'FLY NECKLACE MONTANA,2,16.810000000000002,2,8.405000000000001,2,12,10,0.8333333333333334,0.16666666666666666,1.0,0.3892494720807615,2.3354968324845693,False,False,Long-Tail,Limit stock and avoid excessive local warehouse space
90024F,NEW BAROQUE B'FLY NECKLACE CRYSTAL,5,42.13,4,8.4075,4,12,8,0.6666666666666666,0.4166666666666667,1.25,0.6685579234215214,1.6045390162116513,False,False,Long-Tail,Limit stock and avoid excessive local warehouse space
90025A,BAROQUE BUTTERFLY EARRINGS BLACK,2,7.5,2,3.75,2,8,6,0.75,0.25,1.0,0.4629100498862757,1.8516401995451028,False,False,Long-Tail,Limit stock and avoid excessive local warehouse space
90025B,BAROQUE BUTTERFLY EARRINGS RED,1,3.73,1,3.73,1,8,7,0.875,0.125,1.0,0.3535533905932738,2.8284271247461903,False,False,Long-Tail,Limit stock and avoid excessive local warehouse space
90025D,BAROQUE BUTTERFLY EARRINGS PINK,3,11.19,3,3.73,3,9,6,0.6666666666666666,0.3333333333333333,1.0,0.5,1.5,False,False,Long-Tail,Limit stock and avoid excessive local warehouse space
90025E,BAROQUE BUTTERFLY EARRINGS MONTANA,1,3.73,1,3.73,1,6,5,0.8333333333333334,0.16666666666666666,1.0,0.408248290463863,2.4494897427831783,False,False,Long-Tail,Limit stock and avoid excessive local warehouse space
90025F,BAROQUE BUTTERFLY EARRINGS CRYSTAL,4,14.96,4,3.736666666666667,3,5,2,0.4,0.8,1.3333333333333333,0.8366600265340756,1.0458250331675945,False,False,Long-Tail,Limit stock and avoid excessive local warehouse space
90026A,GLASS BEAD HOOP NECKLACE BLACK,2,17.0,1,8.5,1,6,5,0.8333333333333334,0.3333333333333333,2.0,0.816496580927726,2.4494897427831783,False,False,Long-Tail,Limit stock and avoid excessive local warehouse space
90026B,GLASS BEAD HOOP NECKLACE MONTANA,3,25.32,3,8.455,2,10,8,0.8,0.3,1.5,0.6749485577105528,2.249828525701843,False,False,Long-Tail,Limit stock and avoid excessive local warehouse space
90026C,GLASS BEAD HOOP NECKLACE GREEN,4,33.82,3,8.44,3,10,7,0.7,0.4,1.3333333333333333,0.6992058987801011,1.7480147469502527,False,False,Long-Tail,Limit stock and avoid excessive local warehouse space
90026D,GLASS BEAD HOOP NECKLACE AMETHYST,3,25.5,3,8.5,3,10,7,0.7,0.3,1.0,0.48304589153964794,1.6101529717988265,False,False,Long-Tail,Limit stock and avoid excessive local warehouse space
90027A,GLASS BEAD HOOP EARRINGS BLACK,6,17.66,3,2.9275,2,12,10,0.8333333333333334,0.5,3.0,1.4459976109624424,2.891995221924885,False,False,Long-Tail,Limit stock and avoid excessive local warehouse space
90027B,GLASS BEAD HOOP EARRINGS MONTANA,3,8.76,3,2.92,3,12,9,0.75,0.25,1.0,0.4522670168666455,1.809068067466582,False,False,Long-Tail,Limit stock and avoid excessive local warehouse space
90027C,GLASS BEAD HOOP EARRINGS GREEN,5,14.5,5,2.9,4,11,7,0.6363636363636364,0.45454545454545453,1.25,0.6875516509523286,1.5126136320951231,False,False,Long-Tail,Limit stock and avoid excessive local warehouse space
90027D,GLASS BEAD HOOP EARRINGS AMETHYST,9,28.4,6,3.2275,4,12,9,0.75,0.5833333333333334,2.25,1.2401124093721456,2.1259069874951066,False,False,Long-Tail,Limit stock and avoid excessive local warehouse space
90028,NEW BAROQUE LARGE NECKLACE BLK/WHIT,16,134.16,14,8.394285714285715,7,12,5,0.4166666666666667,1.3333333333333333,2.2857142857142856,2.015094553763188,1.5113209153223912,False,False,Long-Tail,Limit stock and avoid excessive local warehouse space
90029,NEW BAROQUE SMALL NECKLACE BLACK,5,42.14,4,8.41,4,10,6,0.6,0.5,1.25,0.7071067811865476,1.4142135623730951,False,False,Long-Tail,Limit stock and avoid excessive local warehouse space
90030A,SPOTTED WHITE NATURAL SEED NECKLACE,72,72.0,7,1.0,4,5,1,0.2,14.4,18.0,22.289010745208053,1.547847968417226,False,False,Long-Tail,Limit stock and avoid excessive local warehouse space
90030B,RED KUKUI COCONUT SEED NECKLACE,122,190.73000000000002,25,3.3623333333333334,10,12,3,0.25,9.083333333333334,12.2,11.492751338706208,1.2652570281144448,False,False,Regular,Maintain standard replenishment review
90030C,BROWN KUKUI COCONUT SEED NECKLACE,77,91.7,11,2.626666666666667,6,12,6,0.5,6.416666666666667,12.833333333333334,14.993685539606535,2.3366782659127066,False,False,Long-Tail,Limit stock and avoid excessive local warehouse space
90031,BILI NUT AND WOOD NECKLACE,50,59.89,7,2.6483333333333334,6,12,6,0.5,4.166666666666667,8.333333333333334,8.53690739546751,2.0488577749122023,False,False,Long-Tail,Limit stock and avoid excessive local warehouse space
90032,IVORY SHELL HEART NECKLACE,21,103.13,8,5.726666666666667,6,12,6,0.5,1.75,3.5,2.6671401094873817,1.5240800625642181,False,False,Long-Tail,Limit stock and avoid excessive local warehouse space
90033,IVORY SHELL HEART EARRINGS,10,25.07,9,2.4992857142857146,7,12,5,0.4166666666666667,0.8333333333333334,1.4285714285714286,0.834847109936722,1.0018165319240664,False,False,Long-Tail,Limit stock and avoid excessive local warehouse space
90034,WHITE SILVER NECKLACE SHELL GLASS,2,20.17,2,10.085,2,12,10,0.8333333333333334,0.16666666666666666,1.0,0.38924947208076155,2.3354968324845693,False,False,Long-Tail,Limit stock and avoid excessive local warehouse space
90035A,"PEARL & SHELL 42""NECKL. GREEN",5,53.62,3,10.706666666666665,3,12,9,0.75,0.4166666666666667,1.6666666666666667,0.90033663737852,2.1608079297084477,False,False,Long-Tail,Limit stock and avoid excessive local warehouse space
90035C,"PEARL & SHELL 42""NECKL. IVORY",2,21.5,1,10.75,1,7,6,0.8571428571428571,0.2857142857142857,2.0,0.7559289460184545,2.6457513110645907,False,False,Long-Tail,Limit stock and avoid excessive local warehouse space
90036A,FLOWER GARLAND NECKLACE RED,6,47.7,4,7.95,3,7,4,0.5714285714285714,0.8571428571428571,2.0,1.2149857925879117,1.4174834246858972,False,False,Long-Tail,Limit stock and avoid excessive local warehouse space
90036B,"FLOWER GLASS GARLAND NECKL.36""GREEN",4,31.8,2,7.95,2,6,4,0.6666666666666666,0.6666666666666666,2.0,1.2110601416389966,1.816590212458495,False,False,Long-Tail,Limit stock and avoid excessive local warehouse space
90036C,"FLOWER GLASS GARLAND NECKL.36""BLUE",9,71.4,5,7.92,5,8,4,0.5,1.0,1.8,1.3093073414159542,1.3093073414159542,False,False,Long-Tail,Limit stock and avoid excessive local warehouse space
90036D,"FLOWER GLASS GARLAND NECKL.36""BLACK",12,95.35000000000001,5,7.94,5,12,7,0.5833333333333334,1.0,2.4,1.4770978917519928,1.4770978917519928,False,False,Long-Tail,Limit stock and avoid excessive local warehouse space
90036E,"FLOWER GLASS GARLD NECKL36""AMETHYST",14,110.95,11,7.922916666666667,8,12,4,0.3333333333333333,1.1666666666666667,1.75,1.403458930534474,1.2029647976009776,False,False,Long-Tail,Limit stock and avoid excessive local warehouse space
90036F,"FLOWER GLASS GARLD NECKL36""TURQUOIS",8,64.08,5,8.03,3,12,9,0.75,0.6666666666666666,2.6666666666666665,1.3026778945578592,1.954016841836789,False,False,Long-Tail,Limit stock and avoid excessive local warehouse space
90037A,TINY CRYSTAL BRACELET RED,1,2.48,1,2.48,1,11,10,0.9090909090909091,0.09090909090909091,1.0,0.30151134457776363,3.3166247903554,False,False,Long-Tail,Limit stock and avoid excessive local warehouse space
90037B,TINY CRYSTAL BRACELET GREEN,10,25.28,5,2.505,4,11,8,0.7272727272727273,0.8181818181818182,2.5,1.8340219092574557,2.2415823335368903,False,False,Long-Tail,Limit stock and avoid excessive local warehouse space
90037C,TINY CRYSTAL BRACELET BLUE,5,12.52,5,2.495,4,11,8,0.7272727272727273,0.36363636363636365,1.25,0.6741998624632421,1.854049621773916,False,False,Long-Tail,Limit stock and avoid excessive local warehouse space
90038A,GLASS AND PAINTED BEADS BRACELET TO,15,56.15,10,3.7425,8,11,3,0.2727272727272727,1.3636363636363635,1.875,1.689540012709215,1.2389960093200911,False,False,Long-Tail,Limit stock and avoid excessive local warehouse space
90038B,GLASS AND PAINTED BEADS BRACELET OL,13,48.77,8,3.7466666666666666,6,11,6,0.5454545454545454,1.0909090909090908,2.1666666666666665,1.8140862964338522,1.662912438397698,False,False,Long-Tail,Limit stock and avoid excessive local warehouse space
90038C,GLASS AND BEADS BRACELET IVORY,9,33.69,4,3.735,4,9,5,0.5555555555555556,1.0,2.25,1.9364916731037085,1.9364916731037085,False,False,Long-Tail,Limit stock and avoid excessive local warehouse space
90039A,FIRE POLISHED GLASS BRACELET RED,8,29.96,3,3.736666666666667,3,11,9,0.8181818181818182,0.6363636363636364,2.6666666666666665,1.8040358795061298,2.834913524938204,False,False,Long-Tail,Limit stock and avoid excessive local warehouse space
90039B,FIRE POLISHED GLASS BRACELET MONTAN,11,41.31,6,3.758,5,12,7,0.5833333333333334,0.9166666666666666,2.2,1.729862492345632,1.8871227189225077,False,False,Long-Tail,Limit stock and avoid excessive local warehouse space
90039C,FIRE POLISHED GLASS BRACELET BLACK,6,22.48,6,3.75,5,12,8,0.6666666666666666,0.4166666666666667,1.2,0.6685579234215215,1.6045390162116515,False,False,Long-Tail,Limit stock and avoid excessive local warehouse space
90039D,FIRE POLISHED GLASS BRACELET GREEN,21,78.69,9,3.745,8,12,5,0.4166666666666667,1.6666666666666667,2.625,3.3393884397468874,2.0036330638481323,False,False,Long-Tail,Limit stock and avoid excessive local warehouse space
90040A,MURANO STYLE GLASS BRACELET RED,14,54.290000000000006,5,3.84,3,12,9,0.75,1.1666666666666667,4.666666666666667,2.28963408483195,1.9625435012845283,False,False,Long-Tail,Limit stock and avoid excessive local warehouse space
90040B,MURANO STYLE GLASS BRACELET BLACK,18,66.7,11,3.68,4,12,8,0.6666666666666666,1.5,4.5,3.3166247903554,2.2110831935702664,False,False,Long-Tail,Limit stock and avoid excessive local warehouse space
90040C,MURANO STYLE GLASS BRACELET GOLD,15,54.42,10,3.654,5,12,8,0.6666666666666666,1.0833333333333333,3.0,1.8319554050414564,1.691035758499806,False,False,Long-Tail,Limit stock and avoid excessive local warehouse space
90041,PEARL AND CHERRY QUARTZ BRACLET,5,18.27,4,3.6925,4,11,8,0.7272727272727273,0.36363636363636365,1.25,0.6741998624632421,1.854049621773916,False,False,Long-Tail,Limit stock and avoid excessive local warehouse space
90042A,FRESHWATER PEARL BRACELET GOLD,3,7.6499999999999995,2,2.55,2,12,10,0.8333333333333334,0.25,1.5,0.621581560508061,2.486326242032244,False,False,Long-Tail,Limit stock and avoid excessive local warehouse space
90042C,FRESHWATER PEARL BRACELET IVORY,5,12.7,5,2.54,2,12,10,0.8333333333333334,0.4166666666666667,2.5,0.9962049198956218,2.390891807749492,False,False,Long-Tail,Limit stock and avoid excessive local warehouse space
90043,COPPER AND BRASS BAG CHARM,4,24.810000000000002,2,7.455,2,5,3,0.6,0.8,2.0,1.3038404810405297,1.629800601300662,False,False,Long-Tail,Limit stock and avoid excessive local warehouse space
90046,WHITE WITH METAL BAG CHARM,3,14.85,1,4.95,1,5,4,0.8,0.6,3.0,1.3416407864998738,2.23606797749979,False,False,Long-Tail,Limit stock and avoid excessive local warehouse space
90048,GREEN WITH METAL BAG CHARM,3,14.85,1,4.95,1,5,4,0.8,0.6,3.0,1.3416407864998738,2.23606797749979,False,False,Long-Tail,Limit stock and avoid excessive local warehouse space
90049,IVORY GOLD METAL BAG CHARM,5,34.77,3,8.290000000000001,3,5,2,0.4,1.0,1.6666666666666667,1.224744871391589,1.224744871391589,False,False,Long-Tail,Limit stock and avoid excessive local warehouse space
90050,CRACKED GLAZE NECKLACE IVORY,8,55.72,4,6.98,4,12,8,0.6666666666666666,0.6666666666666666,2.0,1.1547005383792515,1.7320508075688772,False,False,Long-Tail,Limit stock and avoid excessive local warehouse space
90051,CRACKED GLAZE NECKLACE RED,10,70.16,7,7.025,4,12,8,0.6666666666666666,0.8333333333333334,2.5,1.3371158468430429,1.6045390162116513,False,False,Long-Tail,Limit stock and avoid excessive local warehouse space
90052,CRACKED GLAZE NECKLACE BROWN,2,14.14,2,7.07,2,4,2,0.5,0.5,1.0,0.5773502691896257,1.1547005383792515,False,False,Long-Tail,Limit stock and avoid excessive local warehouse space
90053,CRACKED GLAZE EARRINGS IVORY,4,9.99,4,2.4975,4,12,8,0.6666666666666666,0.3333333333333333,1.0,0.4923659639173309,1.4770978917519928,False,False,Long-Tail,Limit stock and avoid excessive local warehouse space
90054,CRACKED GLAZE EARRINGS RED,9,22.58,9,2.5124999999999997,6,12,7,0.5833333333333334,0.5833333333333334,1.5,0.7929614610987591,1.3593625047407298,False,False,Long-Tail,Limit stock and avoid excessive local warehouse space
90055,CRACKED GLAZE EARRINGS BROWN,5,12.53,5,2.5125,4,12,9,0.75,0.3333333333333333,1.25,0.6513389472789296,1.954016841836789,False,False,Long-Tail,Limit stock and avoid excessive local warehouse space
90056,CHUNKY CRACKED GLAZE NECKLACE IVORY,4,43.510000000000005,4,10.896666666666667,3,12,10,0.8333333333333334,0.16666666666666666,1.3333333333333333,0.3892494720807615,2.3354968324845693,False,False,Long-Tail,Limit stock and avoid excessive local warehouse space
90057,DIAMANTE RING ASSORTED IN BOX.,1008,1311.3600000000001,22,1.4283333333333335,6,12,7,0.5833333333333334,80.0,168.0,137.04412030105817,1.7130515037632272,False,False,Regular,Maintain standard replenishment review
90058A,CRYSTAL STUD EARRINGS CLEAR DISPLAY,324,123.12,7,0.38,4,7,3,0.42857142857142855,46.285714285714285,81.0,64.78094958065549,1.3995884168660138,False,False,Regular,Maintain standard replenishment review
90058B,CRYSTAL STUD EARRINGS ASSORTED COL,612,232.56,15,0.38000000000000006,6,12,7,0.5833333333333334,48.0,102.0,81.70901808468656,1.7022712100976367,False,False,Regular,Maintain standard replenishment review
90059A,DIAMANTE HAIR GRIP PACK/2 CRYSTAL,39,64.63,26,1.6566666666666665,8,12,5,0.4166666666666667,2.9166666666666665,4.875,3.1754264805429417,1.0887176504718659,False,False,Long-Tail,Limit stock and avoid excessive local warehouse space
90059B,DIAMANTE HAIR GRIP PACK/2 BLACK DIA,10,16.619999999999997,9,1.6593333333333333,5,12,8,0.6666666666666666,0.75,2.0,1.2880570286640687,1.7174093715520915,False,False,Long-Tail,Limit stock and avoid excessive local warehouse space
90059C,DIAMANTE HAIR GRIP PACK/2 MONTANA,9,14.889999999999999,9,1.6566666666666665,6,12,7,0.5833333333333334,0.6666666666666666,1.5,1.1547005383792515,1.7320508075688772,False,False,Long-Tail,Limit stock and avoid excessive local warehouse space
90059D,DIAMANTE HAIR GRIP PACK/2 PERIDOT,19,31.549999999999997,18,1.655333333333333,10,12,3,0.25,1.4166666666666667,1.9,1.3113721705515065,0.9256744733304751,False,False,Long-Tail,Limit stock and avoid excessive local warehouse space
90059E,DIAMANTE HAIR GRIP PACK/2 RUBY,19,31.47,14,1.6538095238095238,7,12,6,0.5,1.3333333333333333,2.7142857142857144,2.229281716090851,1.6719612870681382,False,False,Long-Tail,Limit stock and avoid excessive local warehouse space
90059F,DIAMANTE HAIR GRIP PACK/2 LT ROSE,15,24.79,13,1.6528571428571428,7,11,5,0.45454545454545453,1.1818181818181819,2.142857142857143,1.4012980994907414,1.1857137764921657,False,False,Long-Tail,Limit stock and avoid excessive local warehouse space
90060B,FIRE POLISHED GLASS NECKL GOLD,1,5.95,1,5.95,1,12,11,0.9166666666666666,0.08333333333333333,1.0,0.2886751345948129,3.4641016151377553,False,False,Long-Tail,Limit stock and avoid excessive local warehouse space
90060D,FIRE POLISHED GLASS NECKL BRONZE,3,17.85,3,5.95,1,12,11,0.9166666666666666,0.25,3.0,0.8660254037844386,3.4641016151377544,False,False,Long-Tail,Limit stock and avoid excessive local warehouse space
90060F,FIRE POLISHED GLASS NECKL GREEN,6,35.160000000000004,6,5.868,5,12,7,0.5833333333333334,0.5,1.2,0.674199862463242,1.348399724926484,False,False,Long-Tail,Limit stock and avoid excessive local warehouse space
90062,CARNIVAL BRACELET,44,558.03,26,12.651,5,12,7,0.5833333333333334,3.6666666666666665,8.8,5.262791055796316,1.4353066515808135,False,False,Long-Tail,Limit stock and avoid excessive local warehouse space
90063A,WHITE VINT ART DECO CRYSTAL NECKLAC,12,102.0,8,8.5,6,10,4,0.4,1.2,2.0,1.1352924243950933,0.9460770203292445,False,False,Long-Tail,Limit stock and avoid excessive local warehouse space
90063B,BLACK VINT ART DEC CRYSTAL NECKLACE,9,76.32,6,8.482,5,10,5,0.5,0.9,1.8,1.1005049346146119,1.222783260682902,False,False,Long-Tail,Limit stock and avoid excessive local warehouse space
90064A,WHITE VINTAGE CRYSTAL EARRINGS,10,38.7,6,3.95,4,10,6,0.6,1.0,2.5,1.632993161855452,1.632993161855452,False,False,Long-Tail,Limit stock and avoid excessive local warehouse space
90064B,BLACK VINTAGE  CRYSTAL EARRINGS,11,41.25,6,3.75,4,10,6,0.6,1.1,2.75,1.66332999331662,1.5121181757423816,False,False,Long-Tail,Limit stock and avoid excessive local warehouse space
90065A,WHITE VINTAGE CRYSTAL BRACELET,7,47.25,4,6.75,4,10,6,0.6,0.7,1.75,1.0593499054713802,1.5133570078162575,False,False,Long-Tail,Limit stock and avoid excessive local warehouse space
90065B,BLACK VINT ART DEC CRYSTAL BRACELET,2,13.5,2,6.75,2,2,0,0.0,1.0,1.0,0.0,0.0,True,False,Long-Tail,Limit stock and avoid excessive local warehouse space
90067A,PINK VINTAGE VICTORIAN EARRINGS,14,41.150000000000006,7,2.935,5,12,7,0.5833333333333334,1.1666666666666667,2.8,1.9462473604038075,1.6682120232032636,False,False,Long-Tail,Limit stock and avoid excessive local warehouse space
90067B,BROWN VINTAGE VICTORIAN EARRINGS,2,5.8,2,2.9,1,5,4,0.8,0.4,2.0,0.894427190999916,2.23606797749979,False,False,Long-Tail,Limit stock and avoid excessive local warehouse space
90068,"RUBY GLASS NECKLACE 42""",1,7.5,1,7.5,1,9,8,0.8888888888888888,0.1111111111111111,1.0,0.33333333333333337,3.0000000000000004,False,False,Long-Tail,Limit stock and avoid excessive local warehouse space
90069,RUBY GLASS CLUSTER NECKLACE,2,15.0,1,7.5,1,1,0,0.0,2.0,2.0,0.0,0.0,True,False,Long-Tail,Limit stock and avoid excessive local warehouse space
90070,RUBY GLASS CLUSTER BRACELET,17,104.79,13,6.167777777777778,9,12,3,0.25,1.4166666666666667,1.8888888888888888,1.378954368902449,0.9733795545193757,False,False,Long-Tail,Limit stock and avoid excessive local warehouse space
90071,RUBY GLASS CLUSTER EARRINGS,44,54.62,33,1.2346180555555555,12,12,1,0.08333333333333333,3.5,3.6666666666666665,3.5547663265485725,1.0156475218710208,False,False,Long-Tail,Limit stock and avoid excessive local warehouse space
90072,RUBY DROP CHANDELIER EARRINGS,21,83.42,14,4.0761111111111115,9,12,4,0.3333333333333333,1.6666666666666667,2.3333333333333335,2.0150945537631877,1.2090567322579127,False,False,Long-Tail,Limit stock and avoid excessive local warehouse space
90073,VINTAGE ENAMEL & CRYSTAL EARRINGS,27,134.7,18,4.987,10,12,3,0.25,2.0833333333333335,2.7,2.8749176536296677,1.3799604737422404,False,False,Long-Tail,Limit stock and avoid excessive local warehouse space
90074,BLACK DIAMOND CLUSTER NECKLACE,4,37.239999999999995,3,9.43,3,12,9,0.75,0.3333333333333333,1.3333333333333333,0.6513389472789296,1.954016841836789,False,False,Long-Tail,Limit stock and avoid excessive local warehouse space
90075,MONTANA DIAMOND CLUSTER NECKLACE,4,37.66,3,9.415,2,9,7,0.7777777777777778,0.4444444444444444,2.0,0.881917103688197,1.9843134832984433,False,False,Long-Tail,Limit stock and avoid excessive local warehouse space
90076,MONTANA DIAMOND CLUSTER EARRINGS,9,24.12,4,2.8425,4,12,8,0.6666666666666666,0.75,2.25,1.712255291076124,2.283007054768165,False,False,Long-Tail,Limit stock and avoid excessive local warehouse space
90077,BLACK DIAMOND CLUSTER EARRINGS,3,8.82,3,2.9299999999999997,2,12,10,0.8333333333333334,0.25,1.5,0.6215815605080611,2.4863262420322445,False,False,Long-Tail,Limit stock and avoid excessive local warehouse space
90078,PINK/WHITE GLASS DEMI CHOKER,2,15.0,1,7.5,1,12,11,0.9166666666666666,0.16666666666666666,2.0,0.5773502691896258,3.4641016151377553,False,False,Long-Tail,Limit stock and avoid excessive local warehouse space
90079,VINTAGE ENAMEL & CRYSTAL NECKLACE,10,49.760000000000005,4,4.9925,4,11,7,0.6363636363636364,0.9090909090909091,2.5,1.5782614139961386,1.7360875553957524,False,False,Long-Tail,Limit stock and avoid excessive local warehouse space
90081A,LILY BROOCH AMETHYST COLOUR,15,74.25,8,4.95,7,12,6,0.5,1.0833333333333333,2.142857142857143,1.378954368902449,1.272880955909953,False,False,Long-Tail,Limit stock and avoid excessive local warehouse space
90081B,LILY BROOCH WHITE/SILVER COLOUR,1,4.95,1,4.95,1,7,6,0.8571428571428571,0.14285714285714285,1.0,0.37796447300922725,2.6457513110645907,False,False,Long-Tail,Limit stock and avoid excessive local warehouse space
90081C,LILY BROOCH OLIVE COLOUR,20,99.60000000000001,15,4.979259259259259,9,12,4,0.3333333333333333,1.5833333333333333,2.2222222222222223,1.5050420310248862,0.9505528616999281,False,False,Long-Tail,Limit stock and avoid excessive local warehouse space
90082A,DIAMANTE BOW BROOCH GREEN COLOUR,30,193.2,18,6.490909090909091,11,12,2,0.16666666666666666,2.1666666666666665,2.727272727272727,2.443296332763787,1.1276752305063633,False,False,Long-Tail,Limit stock and avoid excessive local warehouse space
90082B,DIAMANTE BOW BROOCH RED COLOUR,25,158.75,10,6.349999999999999,6,12,7,0.5833333333333334,2.0,4.166666666666667,4.264014327112209,2.1320071635561044,False,False,Long-Tail,Limit stock and avoid excessive local warehouse space
90082D,DIAMANTE BOW BROOCH BLACK COLOUR,9,58.03,5,6.404999999999999,2,12,10,0.8333333333333334,0.75,4.5,2.301185465244935,3.0682472869932464,False,False,Long-Tail,Limit stock and avoid excessive local warehouse space
90083,CRYSTAL CZECH CROSS PHONE CHARM,25,23.47,9,1.45,4,7,4,0.5714285714285714,1.7142857142857142,6.25,2.984084768360628,1.7407161148770331,False,False,Long-Tail,Limit stock and avoid excessive local warehouse space
90084,PINK CRYSTAL GUITAR PHONE CHARM,1,0.85,1,0.85,1,9,8,0.8888888888888888,0.1111111111111111,1.0,0.33333333333333337,3.0000000000000004,False,False,Long-Tail,Limit stock and avoid excessive local warehouse space
90085,CRYSTAL STILETTO PHONE CHARM,34,36.76,10,1.4857142857142858,7,12,6,0.5,1.8333333333333333,4.857142857142857,3.9273709303097952,2.1422023256235248,False,False,Long-Tail,Limit stock and avoid excessive local warehouse space
90086,CRYSTAL FROG PHONE CHARM,102,77.78999999999999,28,1.4825454545454546,11,12,2,0.16666666666666666,3.4166666666666665,9.272727272727273,3.800916954758377,1.1124634989536715,False,False,Regular,Maintain standard replenishment review
90087,CRYSTAL SEA HORSE PHONE CHARM,107,61.459999999999994,25,1.4854545454545454,11,12,2,0.16666666666666666,2.9166666666666665,9.727272727272727,4.055486369964729,1.390452469702193,False,False,Regular,Maintain standard replenishment review
90089,PINK CRYSTAL SKULL PHONE CHARM,20,13.94,9,1.3949999999999998,6,12,7,0.5833333333333334,0.5833333333333334,3.3333333333333335,0.7929614610987591,1.3593625047407298,False,False,Long-Tail,Limit stock and avoid excessive local warehouse space
90092,BLUE CRYSTAL BOOT PHONE CHARM,1,1.66,1,1.66,1,11,10,0.9090909090909091,0.09090909090909091,1.0,0.30151134457776363,3.3166247903554,False,False,Long-Tail,Limit stock and avoid excessive local warehouse space
90093,CLEAR CRYSTAL STAR PHONE CHARM,52,28.57,10,1.2999999999999998,9,12,4,0.3333333333333333,1.6666666666666667,5.777777777777778,3.3120532860594154,1.9872319716356492,False,False,Long-Tail,Limit stock and avoid excessive local warehouse space
90094,NECKLACE+BRACELET SET FRUIT SALAD,14,35.699999999999996,13,2.55,7,12,6,0.5,1.0833333333333333,2.0,1.5642792899510296,1.4439501138009505,False,False,Long-Tail,Limit stock and avoid excessive local warehouse space
90096,NECKLACE+BRACELET SET BLUE BLOSSOM,45,112.21000000000001,26,2.483030303030303,11,12,1,0.08333333333333333,3.75,4.090909090909091,2.8001623329566256,0.7467099554551002,False,False,Long-Tail,Limit stock and avoid excessive local warehouse space
90098,NECKLACE+BRACELET PINK BUTTERFLY,23,58.65,9,2.55,4,6,2,0.3333333333333333,3.8333333333333335,5.75,4.875106836436168,1.271767000809435,False,False,Long-Tail,Limit stock and avoid excessive local warehouse space
90099,NECKLACE+BRACELET SET BLUE HIBISCUS,27,76.38,16,2.828888888888889,6,12,7,0.5833333333333334,2.1666666666666665,4.5,3.7859388972001824,1.747356414092392,False,False,Long-Tail,Limit stock and avoid excessive local warehouse space
90100,NECKLACE+BRACELET SET PINK DAISY,1,2.55,1,2.55,1,10,9,0.9,0.1,1.0,0.31622776601683794,3.162277660168379,False,False,Long-Tail,Limit stock and avoid excessive local warehouse space
90101,WHITE FRANGIPANI NECKLACE,33,82.77,16,2.504722222222222,9,12,4,0.3333333333333333,2.6666666666666665,3.6666666666666665,3.938927711338647,1.4770978917519928,False,False,Long-Tail,Limit stock and avoid excessive local warehouse space
90102,WHITE FRANGIPANI HAIR CLIP,10,8.5,1,0.85,1,6,5,0.8333333333333334,1.6666666666666667,10.0,4.0824829046386295,2.4494897427831774,False,False,Long-Tail,Limit stock and avoid excessive local warehouse space
90103,PURPLE FRANGIPANI NECKLACE,29,72.66,16,2.4998333333333336,6,12,7,0.5833333333333334,2.3333333333333335,4.833333333333333,4.334498677803326,1.8576422904871397,False,False,Long-Tail,Limit stock and avoid excessive local warehouse space
90104,PURPLE FRANGIPANI HAIRCLIP,28,23.16,12,0.8285,4,12,8,0.6666666666666666,2.3333333333333335,7.0,4.396968652757639,1.884415136896131,False,False,Long-Tail,Limit stock and avoid excessive local warehouse space
90108,BLUE BLOSSOM HAIR CLIP,70,81.96000000000001,12,1.7550000000000001,10,12,3,0.25,5.75,7.0,7.978664732214965,1.3875938664721679,False,False,Long-Tail,Limit stock and avoid excessive local warehouse space
90112,PINK DOLLY HAIR CLIPS,2,2.1,1,1.05,1,12,11,0.9166666666666666,0.16666666666666666,2.0,0.5773502691896258,3.4641016151377553,False,False,Long-Tail,Limit stock and avoid excessive local warehouse space
90114,SUMMER DAISIES BAG CHARM,167,417.96,88,2.474944444444444,13,12,0,0.0,13.5,12.846153846153847,14.9453550096221,1.1070633340460814,False,False,Regular,Maintain standard replenishment review
90115,SUMMER BUTTERFLIES BAG CHARM,54,134.52999999999997,31,2.4918461538461534,5,12,7,0.5833333333333334,4.5,10.8,7.692971999287283,1.7095493331749518,False,False,Long-Tail,Limit stock and avoid excessive local warehouse space
90116,FRUIT SALAD BAG CHARM,64,145.52,45,2.407979166666667,12,12,1,0.08333333333333333,4.166666666666667,5.333333333333333,3.325748947320898,0.7981797473570155,False,False,Long-Tail,Limit stock and avoid excessive local warehouse space
90118,PINK DAISY BAG CHARM,24,59.339999999999996,18,2.4655555555555555,9,11,3,0.2727272727272727,2.0,2.6666666666666665,2.4083189157584592,1.2041594578792296,False,False,Long-Tail,Limit stock and avoid excessive local warehouse space
90119,METALIC LEAVES BAG CHARMS,83,205.06,36,2.4680357142857146,10,11,2,0.18181818181818182,6.090909090909091,8.3,7.555852638247327,1.2405131197122476,False,False,Long-Tail,Limit stock and avoid excessive local warehouse space
90120A,PINK MURANO TWIST BRACELET,7,29.73,3,4.245,2,12,10,0.8333333333333334,0.5833333333333334,3.5,1.5050420310248864,2.5800720531855195,False,False,Long-Tail,Limit stock and avoid excessive local warehouse space
90120B,BLUE MURANO TWIST BRACELET,39,164.12,15,4.204545454545454,11,12,2,0.16666666666666666,3.0833333333333335,3.5454545454545454,3.941811612428832,1.2784253878147562,False,False,Long-Tail,Limit stock and avoid excessive local warehouse space
90120C,GREEN MURANO TWIST BRACELET,51,215.2,22,4.19985,10,12,3,0.25,4.0,5.1,4.369314487526514,1.0923286218816286,False,False,Long-Tail,Limit stock and avoid excessive local warehouse space
90120D,WHITE MURANO TWIST BRACELET,10,41.790000000000006,5,4.226666666666667,3,12,9,0.75,0.8333333333333334,3.3333333333333335,2.2896340848319503,2.7475609017983404,False,False,Long-Tail,Limit stock and avoid excessive local warehouse space
90122A,PINK CRYSTAL+GLASS BRACELET,21,104.53000000000002,14,4.988833333333334,8,12,4,0.3333333333333333,1.75,2.625,2.41679727964699,1.3810270169411372,False,False,Long-Tail,Limit stock and avoid excessive local warehouse space
90122B,JADE CRYSTAL+GLASS BRACELET,6,29.93,6,4.993,5,11,6,0.5454545454545454,0.5454545454545454,1.2,0.6875516509523286,1.2605113600792692,False,False,Long-Tail,Limit stock and avoid excessive local warehouse space
90122C,TURQUOISE CRYSTAL+GLASS BRACELET,24,119.23,11,4.973703703703704,9,11,3,0.2727272727272727,2.090909090909091,2.6666666666666665,2.547726259021775,1.2184777760538925,False,False,Long-Tail,Limit stock and avoid excessive local warehouse space
90123A,PINK HEART OF GLASS BRACELET,15,89.12,9,5.9314285714285715,7,11,4,0.36363636363636365,1.3636363636363635,2.142857142857143,1.4333685689819822,1.051136950586787,False,False,Long-Tail,Limit stock and avoid excessive local warehouse space
90123B,TURQUOISE HEART OF GLASS BRACELET,9,53.42,5,5.93375,4,11,7,0.6363636363636364,0.8181818181818182,2.25,1.2504544628399563,1.5283332323599466,False,False,Long-Tail,Limit stock and avoid excessive local warehouse space
90123C,GREEN HEART OF GLASS BRACELET,14,83.29,6,5.949,5,11,6,0.5454545454545454,1.2727272727272727,2.8,1.6180796699117808,1.271348312073542,False,False,Long-Tail,Limit stock and avoid excessive local warehouse space
90123D,WHITE HEART OF GLASS BRACELET,6,35.31,5,5.872,5,11,6,0.5454545454545454,0.5454545454545454,1.2,0.6875516509523286,1.2605113600792692,False,False,Long-Tail,Limit stock and avoid excessive local warehouse space
90124A,PINK MURANO TWIST NECKLACE,8,79.66,6,9.962,5,10,5,0.5,0.8,1.6,1.0327955589886444,1.2909944487358054,False,False,Long-Tail,Limit stock and avoid excessive local warehouse space
90124B,BLUE MURANO TWIST NECKLACE,12,119.89,11,9.995625,8,12,4,0.3333333333333333,1.0,1.5,0.8528028654224418,0.8528028654224418,False,False,Long-Tail,Limit stock and avoid excessive local warehouse space
90124C,GREEN MURANO TWIST NECKLACE,11,109.54,8,9.9625,6,9,3,0.3333333333333333,1.2222222222222223,1.8333333333333333,1.2018504251546631,0.9833321660356333,False,False,Long-Tail,Limit stock and avoid excessive local warehouse space
90125A,PINK BERTIE GLASS BEAD BAG CHARM,115,106.24,10,1.925,4,12,8,0.6666666666666666,9.583333333333334,28.75,19.6628784230282,2.0517786180551165,False,False,Regular,Maintain standard replenishment review
90125B,AQUA BERTIE GLASS BEAD BAG CHARM,30,48.06,12,2.81675,5,12,8,0.6666666666666666,2.0,6.0,5.999999999999999,2.9999999999999996,False,False,Long-Tail,Limit stock and avoid excessive local warehouse space
90125C,TURQUOISE BERTIE GLASS BEAD CHARM,77,69.85,7,1.4775,2,11,9,0.8181818181818182,7.0,38.5,16.26653005407115,2.32379000772445,False,False,Long-Tail,Limit stock and avoid excessive local warehouse space
90125D,PURPLE BERTIE GLASS BEAD BAG CHARM,95,110.03,19,2.8300454545454548,5,12,7,0.5833333333333334,7.916666666666667,19.0,15.715992626697945,1.985178016003951,False,False,Long-Tail,Limit stock and avoid excessive local warehouse space
90125E,AMBER BERTIE GLASS BEAD BAG CHARM,11,21.05,10,2.0122222222222224,2,11,9,0.8181818181818182,1.0,5.5,3.0,3.0,False,False,Long-Tail,Limit stock and avoid excessive local warehouse space
90126A,PINK BERTIE MOBILE PHONE CHARM,1,3.36,1,3.36,1,12,11,0.9166666666666666,0.08333333333333333,1.0,0.2886751345948129,3.4641016151377553,False,False,Long-Tail,Limit stock and avoid excessive local warehouse space
90126C,AMBER BERTIE MOBILE PHONE CHARM,2,6.58,1,3.29,1,5,4,0.8,0.4,2.0,0.894427190999916,2.23606797749979,False,False,Long-Tail,Limit stock and avoid excessive local warehouse space
90127A,PINK BEADS+HAND PHONE CHARM,2,4.92,1,2.46,1,5,4,0.8,0.4,2.0,0.894427190999916,2.23606797749979,False,False,Long-Tail,Limit stock and avoid excessive local warehouse space
90128A,PINK LEAVES AND BEADS PHONE CHARM,3,7.43,2,2.485,2,12,10,0.8333333333333334,0.25,1.5,0.621581560508061,2.486326242032244,False,False,Long-Tail,Limit stock and avoid excessive local warehouse space
90128B,BLUE LEAVES AND BEADS PHONE CHARM,2,3.76,2,1.88,1,12,11,0.9166666666666666,0.16666666666666666,2.0,0.5773502691896258,3.4641016151377553,False,False,Long-Tail,Limit stock and avoid excessive local warehouse space
90128C,GREEN LEAVES AND BEADS PHONE CHARM,2,4.97,2,2.485,2,12,10,0.8333333333333334,0.16666666666666666,1.0,0.3892494720807615,2.3354968324845693,False,False,Long-Tail,Limit stock and avoid excessive local warehouse space
90128D,PURPLE LEAVES AND BEADS PHONE CHAR,2,4.97,2,2.485,2,12,10,0.8333333333333334,0.16666666666666666,1.0,0.3892494720807615,2.3354968324845693,False,False,Long-Tail,Limit stock and avoid excessive local warehouse space
90129A,PINK GLASS TASSLE BAG CHARM,45,82.98,20,1.8466964285714285,8,12,4,0.3333333333333333,3.75,5.625,5.293649711940456,1.4116399231841217,False,False,Long-Tail,Limit stock and avoid excessive local warehouse space
90129B,TURQUOISE GLASS TASSLE BAG CHARM,57,121.38000000000001,20,2.0755,10,12,3,0.25,4.666666666666667,5.7,7.240458716424147,1.5515268678051743,False,False,Long-Tail,Limit stock and avoid excessive local warehouse space
90129C,GREEN GLASS TASSLE BAG CHARM,35,79.76,16,2.1965624999999998,8,12,5,0.4166666666666667,2.8333333333333335,4.375,4.063883796954769,1.4343119283369774,False,False,Long-Tail,Limit stock and avoid excessive local warehouse space
90129D,AMBER GLASS TASSLE BAG CHARM,14,33.44,7,1.9675,4,12,8,0.6666666666666666,1.1666666666666667,3.5,2.367712103711219,2.029467517466759,False,False,Long-Tail,Limit stock and avoid excessive local warehouse space
90129E,PURPLE GLASS TASSLE BAG CHARM,42,77.04,14,1.7285714285714284,7,12,5,0.4166666666666667,3.5,6.0,6.201172909582948,1.771763688452271,False,False,Long-Tail,Limit stock and avoid excessive local warehouse space
90129F,RED GLASS TASSLE BAG CHARM,40,88.03,16,2.267777777777778,9,12,4,0.3333333333333333,3.25,4.444444444444445,4.614699832649416,1.419907640815205,False,False,Long-Tail,Limit stock and avoid excessive local warehouse space
90130A,WHITE STONE/CRYSTAL EARRINGS,6,17.5,6,2.920833333333333,3,5,2,0.4,1.2,2.0,1.6431676725154982,1.3693063937629153,False,False,Long-Tail,Limit stock and avoid excessive local warehouse space
90130B,TURQ STONE/CRYSTAL EARRINGS,39,113.97,31,2.911805555555555,12,12,1,0.08333333333333333,2.9166666666666665,3.25,2.391588796113782,0.8199733015247254,False,False,Long-Tail,Limit stock and avoid excessive local warehouse space
90130C,GREEN STONE/CRYSTAL EARRINGS,14,40.949999999999996,13,2.918125,8,12,5,0.4166666666666667,1.0833333333333333,1.75,1.3113721705515065,1.2104973882013907,False,False,Long-Tail,Limit stock and avoid excessive local warehouse space
90130D,RED STONE/CRYSTAL EARRINGS,3,8.7,3,2.9,2,11,9,0.8181818181818182,0.2727272727272727,1.5,0.6466697906828632,2.3711225658371653,False,False,Long-Tail,Limit stock and avoid excessive local warehouse space
90131,PINK/AMETHYST/GOLD NECKLACE,5,34.870000000000005,2,7.01,2,9,7,0.7777777777777778,0.5555555555555556,2.5,1.3333333333333335,2.4000000000000004,False,False,Long-Tail,Limit stock and avoid excessive local warehouse space
90132,LIGHT TOPAZ TEAL/AQUA COL NECKLACE,3,15.16,3,5.053333333333334,3,12,9,0.75,0.25,1.0,0.4522670168666455,1.809068067466582,False,False,Long-Tail,Limit stock and avoid excessive local warehouse space
90133,TEAL/FUSCHIA COL BEAD NECKLACE,19,94.43,13,4.981333333333334,5,12,8,0.6666666666666666,1.5,3.8,3.4509550720186013,2.3006367146790674,False,False,Long-Tail,Limit stock and avoid excessive local warehouse space
90134,OLD ROSE COMBO BEAD NECKLACE,54,157.5,45,2.9065,12,12,1,0.08333333333333333,4.25,4.5,4.048007366144932,0.9524723214458665,False,False,Long-Tail,Limit stock and avoid excessive local warehouse space
90135,ORANGE/WHT/FUSCHIA STONES NECKLACE,8,39.660000000000004,2,4.965,2,10,8,0.8,0.8,4.0,1.9321835661585915,2.4152294576982394,False,False,Long-Tail,Limit stock and avoid excessive local warehouse space
90135A,ORANGE/FUSCHIA STONES NECKLACE,1,4.98,1,4.98,1,8,7,0.875,0.125,1.0,0.3535533905932738,2.8284271247461903,False,False,Long-Tail,Limit stock and avoid excessive local warehouse space
90136,PALE PINK/AMETHYST STONE NECKLACE,3,29.849999999999998,2,9.95,2,12,10,0.8333333333333334,0.25,1.5,0.621581560508061,2.486326242032244,False,False,Long-Tail,Limit stock and avoid excessive local warehouse space
90137,PINK COMBO MINI CRYSTALS NECKLACE,3,16.310000000000002,3,5.436666666666667,3,11,8,0.7272727272727273,0.2727272727272727,1.0,0.4670993664969138,1.7126976771553508,False,False,Long-Tail,Limit stock and avoid excessive local warehouse space
90138,WHITE/PINK MINI CRYSTALS NECKLACE,10,52.42,7,5.3525,6,12,7,0.5833333333333334,0.75,1.6666666666666667,1.2154310870109941,1.6205747826813255,False,False,Long-Tail,Limit stock and avoid excessive local warehouse space
90140,PINK SWEETIE NECKLACE,2,15.120000000000001,2,7.5600000000000005,2,12,10,0.8333333333333334,0.16666666666666666,1.0,0.38924947208076155,2.3354968324845693,False,False,Long-Tail,Limit stock and avoid excessive local warehouse space
90141A,GREEN PENDANT TRIPLE SHELL NECKLACE,12,63.11,10,5.318333333333333,6,12,6,0.5,1.0,2.0,1.4770978917519928,1.4770978917519928,False,False,Long-Tail,Limit stock and avoid excessive local warehouse space
90141B,IVORY PENDANT TRIPLE SHELL NECKLACE,9,44.86,5,5.0120000000000005,5,12,8,0.6666666666666666,0.6666666666666666,1.8,1.1547005383792515,1.7320508075688772,False,False,Long-Tail,Limit stock and avoid excessive local warehouse space
90141C,TURQ PENDANT TRIPLE SHELL NECKLACE,10,52.31,8,5.242,5,12,7,0.5833333333333334,0.8333333333333334,2.0,1.337115846843043,1.6045390162116515,False,False,Long-Tail,Limit stock and avoid excessive local warehouse space
90141D,ROSE PENDANT TRIPLE SHELL NECKLACE,4,20.36,2,5.23,2,11,9,0.8181818181818182,0.36363636363636365,2.0,0.9244162777371754,2.542144763777232,False,False,Long-Tail,Limit stock and avoid excessive local warehouse space
90141E,ORANGE PENDANT TRIPLE SHELL NECKLAC,5,24.75,2,4.95,2,5,3,0.6,1.0,2.5,1.4142135623730951,1.4142135623730951,False,False,Long-Tail,Limit stock and avoid excessive local warehouse space
90142A,GREEN PENDANT SHELL NECKLACE,1,5.09,1,5.09,1,12,11,0.9166666666666666,0.08333333333333333,1.0,0.2886751345948129,3.4641016151377553,False,False,Long-Tail,Limit stock and avoid excessive local warehouse space
90142D,MOP PENDANT SHELL NECKLACE,10,49.64,4,4.996666666666667,3,12,9,0.75,0.8333333333333334,3.3333333333333335,1.8504708655481241,2.2205650386577487,False,False,Long-Tail,Limit stock and avoid excessive local warehouse space
90143,SILVER BRACELET W PASTEL FLOWER,31,237.18,18,7.698,10,12,3,0.25,2.5,3.1,2.576114057328137,1.0304456229312549,False,False,Long-Tail,Limit stock and avoid excessive local warehouse space
90144,SILVER DROP EARRINGS WITH FLOWER,18,67.36,14,3.742592592592593,9,12,3,0.25,1.5,2.0,1.6787441193290351,1.1191627462193567,False,False,Long-Tail,Limit stock and avoid excessive local warehouse space
90145,SILVER HOOP EARRINGS WITH FLOWER,28,168.0,18,6.005151515151516,11,12,2,0.16666666666666666,2.1666666666666665,2.5454545454545454,1.4668044012461754,0.6769866467290041,False,False,Long-Tail,Limit stock and avoid excessive local warehouse space
90146,FINE SILVER NECKLACE W PASTEL FLOWE,17,95.35000000000001,7,7.075,6,12,7,0.5833333333333334,1.3333333333333333,2.8333333333333335,2.570225788926064,1.9276693416945478,False,False,Long-Tail,Limit stock and avoid excessive local warehouse space
90147,CHUNKY SILVER NECKLACE PASTEL FLOWE,30,304.11,22,10.228240740740741,9,12,3,0.25,2.5,3.3333333333333335,2.3159525823376357,0.9263810329350542,False,False,Long-Tail,Limit stock and avoid excessive local warehouse space
90148,LONG SILVER NECKLACE PASTEL FLOWER,7,88.98,5,12.696000000000002,5,11,6,0.5454545454545454,0.6363636363636364,1.4,0.8090398349558905,1.2713483120735423,False,False,Long-Tail,Limit stock and avoid excessive local warehouse space
90149,SILVER FLOWR PINK SHELL NECKLACE,53,342.76000000000005,4,7.303333333333334,3,7,5,0.7142857142857143,7.428571428571429,17.666666666666668,19.21680811908456,2.5868780160306137,False,False,Long-Tail,Limit stock and avoid excessive local warehouse space
90151,SILVER/NATURAL SHELL NECKLACE,8,68.0,4,8.5,2,12,10,0.8333333333333334,0.6666666666666666,4.0,1.775250729197189,2.662876093795784,False,False,Long-Tail,Limit stock and avoid excessive local warehouse space
90152A,SILVER/NAT SHELL NECKLACE W PENDANT,5,28.76,5,5.752000000000001,5,12,7,0.5833333333333334,0.4166666666666667,1.0,0.5149286505444373,1.2358287613066494,False,False,Long-Tail,Limit stock and avoid excessive local warehouse space
90152B,BLUE/GREEN SHELL NECKLACE W PENDANT,2,11.46,2,5.73,1,12,11,0.9166666666666666,0.16666666666666666,2.0,0.5773502691896258,3.4641016151377553,False,False,Long-Tail,Limit stock and avoid excessive local warehouse space
90152C,BLUE/NAT SHELL NECKLACE W PENDANT,1,5.95,1,5.95,1,10,9,0.9,0.1,1.0,0.31622776601683794,3.162277660168379,False,False,Long-Tail,Limit stock and avoid excessive local warehouse space
90154,LAZER CUT NECKLACE W PASTEL BEADS,57,421.75,5,8.61,5,12,7,0.5833333333333334,4.75,11.4,14.894324727590341,3.1356473110716507,False,False,Long-Tail,Limit stock and avoid excessive local warehouse space
90155,RESIN NECKLACE W PASTEL BEADS,9,67.62,7,7.51,5,11,7,0.6363636363636364,0.7272727272727273,1.8,1.1908743922772957,1.6374522893812815,False,False,Long-Tail,Limit stock and avoid excessive local warehouse space
90156,RESIN BRACELET W PASTEL BEADS,4,19.8,3,4.95,3,11,8,0.7272727272727273,0.36363636363636365,1.3333333333333333,0.6741998624632421,1.854049621773916,False,False,Long-Tail,Limit stock and avoid excessive local warehouse space
90157,RIVIERA NECKLACE,10,49.59,5,4.96875,4,10,6,0.6,1.0,2.5,1.8856180831641267,1.8856180831641267,False,False,Long-Tail,Limit stock and avoid excessive local warehouse space
90158,ST TROPEZ NECKLACE,45,224.12,35,4.984583333333334,12,12,1,0.08333333333333333,3.5,3.75,3.3709993123162105,0.9631426606617745,False,False,Long-Tail,Limit stock and avoid excessive local warehouse space
90159,COTE D'AZURE NECKLACE,6,29.790000000000003,5,4.96875,4,8,4,0.5,0.75,1.5,1.0350983390135313,1.3801311186847085,False,False,Long-Tail,Limit stock and avoid excessive local warehouse space
90160A,PURPLE BOUDICCA LARGE BRACELET,38,264.94,15,6.98,12,12,1,0.08333333333333333,3.0833333333333335,3.1666666666666665,2.574643252722186,0.8350194333153035,False,False,Long-Tail,Limit stock and avoid excessive local warehouse space
90160B,RED BOUDICCA LARGE BRACELET,30,209.73,12,6.98125,8,12,4,0.3333333333333333,2.5,3.75,2.844452335847639,1.1377809343390557,False,False,Long-Tail,Limit stock and avoid excessive local warehouse space
90160C,TURQ+RED BOUDICCA LARGE BRACELET,54,377.04,26,6.998125000000001,12,12,1,0.08333333333333333,4.416666666666667,4.5,3.5537005893558162,0.8046114541937697,False,False,Long-Tail,Limit stock and avoid excessive local warehouse space
90160D,PINK BOUDICCA LARGE BRACELET,38,264.7,12,6.974000000000001,10,12,2,0.16666666666666666,3.1666666666666665,3.8,3.3799766898963113,1.0673610599672563,False,False,Long-Tail,Limit stock and avoid excessive local warehouse space
90161A,ANT COPPER RED BOUDICCA BRACELET,24,119.91,21,4.9806,10,12,3,0.25,1.75,2.4,1.7645499039801518,1.008314230845801,False,False,Long-Tail,Limit stock and avoid excessive local warehouse space
90161B,ANT COPPER TURQ BOUDICCA BRACELET,76,377.88000000000005,37,4.981133333333334,10,12,3,0.25,5.666666666666667,7.6,5.432784876575872,0.9587267429251538,False,False,Long-Tail,Limit stock and avoid excessive local warehouse space
90161C,ANT COPPER LIME BOUDICCA BRACELET,83,412.74,50,4.981255050505051,11,12,2,0.16666666666666666,6.333333333333333,7.545454545454546,6.414944672521748,1.0128860009244864,False,False,Long-Tail,Limit stock and avoid excessive local warehouse space
90161D,ANT COPPER PINK BOUDICCA BRACELET,64,318.89,34,4.984666666666667,10,12,3,0.25,4.333333333333333,6.4,3.821787619172552,0.8819509890398197,False,False,Long-Tail,Limit stock and avoid excessive local warehouse space
90162A,ANT SILVER TURQUOISE BOUDICCA RING,6,17.700000000000003,1,2.95,1,1,0,0.0,6.0,6.0,0.0,0.0,True,False,Long-Tail,Limit stock and avoid excessive local warehouse space
90162B,ANT SILVER LIME GREEN BOUDICCA RING,26,76.70000000000002,9,2.9500000000000006,6,12,6,0.5,2.1666666666666665,4.333333333333333,3.485902343944126,1.608878004897289,False,False,Long-Tail,Limit stock and avoid excessive local warehouse space
90162C,ANT SILVER FUSCHIA BOUDICCA RING,14,41.300000000000004,7,2.95,5,12,7,0.5833333333333334,1.1666666666666667,2.8,1.5275252316519465,1.3093073414159542,False,False,Long-Tail,Limit stock and avoid excessive local warehouse space
90162D,ANT SILVER PURPLE BOUDICCA RING,10,29.500000000000004,5,2.9500000000000006,3,12,9,0.75,0.8333333333333334,3.3333333333333335,1.5275252316519468,1.833030277982336,False,False,Long-Tail,Limit stock and avoid excessive local warehouse space
90163A,PINK ROSEBUD & PEARL NECKLACE,12,90.32000000000001,9,7.516,5,11,7,0.6363636363636364,0.9090909090909091,2.4,1.3751033019046572,1.5126136320951231,False,False,Long-Tail,Limit stock and avoid excessive local warehouse space
90163B,WHITE ROSEBUD & PEARL NECKLACE,7,52.72,5,7.505,4,11,8,0.7272727272727273,0.5454545454545454,1.75,1.0357254813546264,1.8988300491501484,False,False,Long-Tail,Limit stock and avoid excessive local warehouse space
90164A,PINK ROSEBUD PEARL BRACELET,27,130.67,14,6.600555555555555,9,12,4,0.3333333333333333,1.75,3.0,2.454124543035107,1.4023568817343468,False,False,Long-Tail,Limit stock and avoid excessive local warehouse space
90164B,WHITE  ROSEBUD PEARL BRACELET,38,140.98,15,6.357083333333334,8,12,5,0.4166666666666667,3.0833333333333335,4.75,5.6481426284678,1.8318300416652322,False,False,Long-Tail,Limit stock and avoid excessive local warehouse space
90165A,PINK ROSEBUD PEARL EARRINGS,16,39.980000000000004,15,2.4971428571428573,7,12,5,0.4166666666666667,1.3333333333333333,2.2857142857142856,1.3706888336846839,1.028016625263513,False,False,Long-Tail,Limit stock and avoid excessive local warehouse space
90165B,WHITE ROSEBUD  PEARL EARRINGS,19,47.43,18,2.4905555555555554,9,12,4,0.3333333333333333,1.3333333333333333,2.111111111111111,1.6143297699232972,1.210747327442473,False,False,Long-Tail,Limit stock and avoid excessive local warehouse space
90166,PINK & WHITE ROSEBUD RING,21,88.03999999999999,15,4.182222222222222,9,12,4,0.3333333333333333,1.6666666666666667,2.3333333333333335,1.775250729197189,1.0651504375183134,False,False,Long-Tail,Limit stock and avoid excessive local warehouse space
90167,BEADED LOVE HEART JEWELLERY SET,10,8.5,1,0.85,1,12,11,0.9166666666666666,0.8333333333333334,10.0,2.8867513459481287,3.4641016151377544,False,False,Long-Tail,Limit stock and avoid excessive local warehouse space
90168,2 DAISIES HAIR COMB,12,34.86,11,2.91,6,12,7,0.5833333333333334,0.75,2.0,1.1381803659589922,1.5175738212786563,False,False,Long-Tail,Limit stock and avoid excessive local warehouse space
90169,DAISY HAIR COMB,13,32.54,10,2.495,8,12,5,0.4166666666666667,1.0,1.625,1.1281521496355322,1.1281521496355322,False,False,Long-Tail,Limit stock and avoid excessive local warehouse space
90170,DAISY HAIR BAND,73,120.52999999999999,36,1.652,10,12,3,0.25,5.5,7.3,5.962000884388944,1.0840001607979899,False,False,Long-Tail,Limit stock and avoid excessive local warehouse space
90173,PAIR BUTTERFLY HAIR CLIPS,32,120.34,17,3.7464583333333334,8,12,4,0.3333333333333333,2.6666666666666665,4.0,5.297226261035681,1.9864598478883806,False,False,Long-Tail,Limit stock and avoid excessive local warehouse space
90174,BUTTERFLY HAIR BAND,26,64.82,19,2.502222222222222,9,12,4,0.3333333333333333,1.8333333333333333,2.888888888888889,2.443296332763787,1.3327070905984293,False,False,Long-Tail,Limit stock and avoid excessive local warehouse space
90175A,WHITE GLASS CHUNKY CHARM BRACELET,27,245.63,25,9.118939393939394,11,12,2,0.16666666666666666,1.8333333333333333,2.4545454545454546,1.642245321798694,0.8957701755265605,False,False,Long-Tail,Limit stock and avoid excessive local warehouse space
90175B,PINK GLASS CHUNKY CHARM BRACELET,10,91.68,9,9.175555555555556,6,12,6,0.5,0.8333333333333334,1.6666666666666667,1.0298573010888745,1.2358287613066494,False,False,Long-Tail,Limit stock and avoid excessive local warehouse space
90175C,BLUE GLASS CHUNKY CHARM BRACELET,9,80.55,6,8.95,4,12,8,0.6666666666666666,0.75,2.25,1.1381803659589922,1.5175738212786563,False,False,Long-Tail,Limit stock and avoid excessive local warehouse space
90175D,TIGRIS EYE CHUNKY CHARM BRACELET,23,210.04000000000002,20,9.139,10,12,3,0.25,1.4166666666666667,2.3,0.9962049198956219,0.7032034728674977,False,False,Long-Tail,Limit stock and avoid excessive local warehouse space
90176A,CLASSIC DIAMANTE NECKLACE JET,3,22.48,2,7.49,2,10,8,0.8,0.3,1.5,0.6749485577105528,2.249828525701843,False,False,Long-Tail,Limit stock and avoid excessive local warehouse space
90176B,DIAMANTE NECKLACE BLACK,4,30.12,3,7.5649999999999995,2,12,10,0.8333333333333334,0.3333333333333333,2.0,0.8876253645985945,2.662876093795784,False,False,Long-Tail,Limit stock and avoid excessive local warehouse space
90176C,DIAMANTE NECKLACE,3,23.32,2,7.91,2,10,8,0.8,0.3,1.5,0.6749485577105528,2.249828525701843,False,False,Long-Tail,Limit stock and avoid excessive local warehouse space
90176D,DIAMANTE NECKLACE PURPLE,7,52.5,4,7.5,4,6,2,0.3333333333333333,1.1666666666666667,1.75,0.983192080250175,0.8427360687858643,False,False,Long-Tail,Limit stock and avoid excessive local warehouse space
90176E,DIAMANTE NECKLACE GREEN,4,29.98,3,7.493333333333333,3,4,2,0.5,0.75,1.3333333333333333,0.9574271077563381,1.2765694770084508,False,False,Long-Tail,Limit stock and avoid excessive local warehouse space
90177A,CLASSIC DIAMANTE EARRINGS JET,8,23.2,8,2.9,8,10,3,0.3,0.7,1.0,0.48304589153964794,0.6900655593423543,False,False,Long-Tail,Limit stock and avoid excessive local warehouse space
90177B,DROP DIAMANTE EARRINGS BLACK DIAMON,14,41.010000000000005,7,2.9210000000000003,5,12,8,0.6666666666666666,0.9166666666666666,2.8,1.781640374554423,1.9436076813320977,False,False,Long-Tail,Limit stock and avoid excessive local warehouse space
90177C,DROP DIAMANTE EARRINGS CRYSTAL,20,58.53,13,2.9185185185185185,9,12,4,0.3333333333333333,1.5833333333333333,2.2222222222222223,1.7816403745544227,1.1252465523501618,False,False,Long-Tail,Limit stock and avoid excessive local warehouse space
90177D,DROP DIAMANTE EARRINGS PURPLE,19,55.830000000000005,13,2.935185185185185,9,12,4,0.3333333333333333,1.5,2.111111111111111,1.7837651700316894,1.1891767800211264,False,False,Long-Tail,Limit stock and avoid excessive local warehouse space
90177E,DROP DIAMANTE EARRINGS GREEN,8,23.38,8,2.92,6,12,6,0.5,0.6666666666666666,1.3333333333333333,0.778498944161523,1.1677484162422846,False,False,Long-Tail,Limit stock and avoid excessive local warehouse space
90178A,AMBER CHUNKY GLASS+BEAD NECKLACE,8,95.25,8,11.872499999999999,4,12,8,0.6666666666666666,0.6666666666666666,2.0,1.4354811251305468,2.1532216876958206,False,False,Long-Tail,Limit stock and avoid excessive local warehouse space
90178B,PURPLE CHUNKY GLASS+BEAD NECKLACE,1,11.95,1,11.95,1,12,11,0.9166666666666666,0.08333333333333333,1.0,0.2886751345948129,3.4641016151377553,False,False,Long-Tail,Limit stock and avoid excessive local warehouse space
90179A,AMBER FINE BEAD NECKLACE W TASSEL,6,35.31,5,5.86875,4,12,9,0.75,0.4166666666666667,1.5,0.90033663737852,2.1608079297084477,False,False,Long-Tail,Limit stock and avoid excessive local warehouse space
90179B,PURPLE FINE BEAD NECKLACE W TASSEL,3,17.59,3,5.8525,2,1,0,0.0,1.0,1.5,0.0,0.0,True,False,Long-Tail,Limit stock and avoid excessive local warehouse space
90179C,BLACK FINE BEAD NECKLACE W TASSEL,6,35.44,6,5.911,5,12,8,0.6666666666666666,0.4166666666666667,1.2,0.6685579234215215,1.6045390162116515,False,False,Long-Tail,Limit stock and avoid excessive local warehouse space
90180A,BLACK+WHITE NECKLACE W TASSEL,17,127.24,9,8.958571428571428,7,12,5,0.4166666666666667,1.4166666666666667,2.4285714285714284,2.0207259421636903,1.4263947827037813,False,False,Long-Tail,Limit stock and avoid excessive local warehouse space
90180B,PURPLE AMETHYST NECKLACE W TASSEL,5,49.81,5,9.96125,4,10,7,0.7,0.3,1.25,0.48304589153964794,1.6101529717988265,False,False,Long-Tail,Limit stock and avoid excessive local warehouse space
90181A,AMBER GLASS/SHELL/PEARL NECKLACE,7,64.03999999999999,7,9.174666666666667,5,11,6,0.5454545454545454,0.6363636363636364,1.4,0.9244162777371755,1.4526541507298472,False,False,Long-Tail,Limit stock and avoid excessive local warehouse space
90181B,AMETHYST GLASS/SHELL/PEARL NECKLACE,15,137.63,14,9.17375,8,12,5,0.4166666666666667,1.0833333333333333,1.875,1.0836246694508316,1.0002689256469215,False,False,Long-Tail,Limit stock and avoid excessive local warehouse space
90181C,BLACK GLASS/SHELL/PEARL NECKLACE,1,9.15,1,9.15,1,8,7,0.875,0.125,1.0,0.3535533905932738,2.8284271247461903,False,False,Long-Tail,Limit stock and avoid excessive local warehouse space
90182A,AMBER 3 BEAD DROP EARRINGS,8,23.2,8,2.9,5,5,1,0.2,1.4,1.6,1.5165750888103102,1.0832679205787932,False,False,Long-Tail,Limit stock and avoid excessive local warehouse space
90182B,AMETHYST 3 BEAD DROP EARRINGS,5,14.5,5,2.9,3,9,7,0.7777777777777778,0.4444444444444444,1.6666666666666667,1.0137937550497031,2.2810359488618324,False,False,Long-Tail,Limit stock and avoid excessive local warehouse space
90182C,BLACK 3 BEAD DROP EARRINGS,8,23.259999999999998,8,2.91,6,11,6,0.5454545454545454,0.45454545454545453,1.3333333333333333,0.5222329678670935,1.1489125293076057,False,False,Long-Tail,Limit stock and avoid excessive local warehouse space
90183A,AMBER DROP EARRINGS W LONG BEADS,34,99.53999999999999,22,2.9175833333333334,10,12,3,0.25,2.4166666666666665,3.4,3.5537005893558162,1.4704967955955102,False,False,Long-Tail,Limit stock and avoid excessive local warehouse space
90183B,AMETHYST DROP EARRINGS W LONG BEADS,21,61.08,17,2.908888888888889,9,12,4,0.3333333333333333,1.5833333333333333,2.3333333333333335,1.5642792899510296,0.9879658673374925,False,False,Long-Tail,Limit stock and avoid excessive local warehouse space
90183C,BLACK DROP EARRINGS W LONG BEADS,10,29.05,10,2.908333333333333,6,11,6,0.5454545454545454,0.8181818181818182,1.6666666666666667,1.4709304414677,1.7978038729049666,False,False,Long-Tail,Limit stock and avoid excessive local warehouse space
90184A,AMBER CHUNKY BEAD BRACELET W STRAP,13,117.72999999999999,9,9.07111111111111,6,12,6,0.5,1.0833333333333333,2.1666666666666665,1.5642792899510296,1.4439501138009505,False,False,Long-Tail,Limit stock and avoid excessive local warehouse space
90184B,AMETHYST CHUNKY BEAD BRACELET W STR,33,297.94,21,9.058703703703705,9,12,4,0.3333333333333333,2.4166666666666665,3.6666666666666665,2.4664414311581235,1.0205964542723271,False,False,Long-Tail,Limit stock and avoid excessive local warehouse space
90184C,BLACK CHUNKY BEAD BRACELET W STRAP,22,199.67,18,9.105,10,12,3,0.25,1.75,2.2,1.4847711791873706,0.8484406738213546,False,False,Long-Tail,Limit stock and avoid excessive local warehouse space
90185A,AMBER DIAMANTE EXPANDABLE RING,25,105.53,12,4.193333333333333,6,12,6,0.5,2.0833333333333335,4.166666666666667,3.776923551668939,1.8129233048010907,False,False,Long-Tail,Limit stock and avoid excessive local warehouse space
90185B,AMETHYST DIAMANTE EXPANDABLE RING,17,71.52,11,4.168095238095239,7,12,6,0.5,1.3333333333333333,2.4285714285714284,2.3868325657594203,1.7901244243195653,False,False,Long-Tail,Limit stock and avoid excessive local warehouse space
90185C,BLACK DIAMANTE EXPANDABLE RING,20,84.59,9,4.189333333333334,5,12,7,0.5833333333333334,1.6666666666666667,4.0,3.4728383291777436,2.083702997506646,False,False,Long-Tail,Limit stock and avoid excessive local warehouse space
90185D,CRYSTAL DIAMANTE EXPANDABLE RING,35,148.63,11,4.229333333333334,5,12,7,0.5833333333333334,2.9166666666666665,7.0,4.420167280531222,1.5154859247535621,False,False,Long-Tail,Limit stock and avoid excessive local warehouse space
90186A,AMETHYST HOOP EARRING FLORAL LEAF,11,32.16,9,2.917222222222222,6,12,6,0.5,0.9166666666666666,1.8333333333333333,1.3113721705515065,1.4305878224198252,False,False,Long-Tail,Limit stock and avoid excessive local warehouse space
90186B,CRYSTAL HOOP EARRING FLORAL LEAF,22,64.58000000000001,15,2.9302083333333333,8,12,4,0.3333333333333333,1.8333333333333333,2.75,3.613946051147701,1.9712433006260188,False,False,Long-Tail,Limit stock and avoid excessive local warehouse space
90187A,BLUE DROP EARRINGS W BEAD CLUSTER,1,3.32,1,3.32,1,10,9,0.9,0.1,1.0,0.31622776601683794,3.162277660168379,False,False,Long-Tail,Limit stock and avoid excessive local warehouse space
90187B,GREEN DROP EARRINGS W BEAD CLUSTER,12,40.03,8,3.334285714285714,7,12,6,0.5,0.75,1.7142857142857142,1.1381803659589922,1.5175738212786563,False,False,Long-Tail,Limit stock and avoid excessive local warehouse space
90188,DROP EARRINGS W FLOWER & LEAF,9,22.58,7,2.5233333333333334,6,12,7,0.5833333333333334,0.5,1.5,0.674199862463242,1.348399724926484,False,False,Long-Tail,Limit stock and avoid excessive local warehouse space
90189A,SILVER 2 STRAND NECKLACE-LEAF CHARM,2,15.0,2,7.5,2,2,0,0.0,1.0,1.0,0.0,0.0,True,False,Long-Tail,Limit stock and avoid excessive local warehouse space
90190A,SILVER/CRYSTAL DROP EARRINGS W LEAF,16,46.760000000000005,10,2.9133333333333336,6,11,5,0.45454545454545453,1.4545454545454546,2.6666666666666665,2.018099916438052,1.3874436925511606,False,False,Long-Tail,Limit stock and avoid excessive local warehouse space
90190B,GOLD/AMBER DROP EARRINGS W LEAF,13,38.18,7,2.924285714285714,7,12,5,0.4166666666666667,1.0833333333333333,1.8571428571428572,1.6764862244009227,1.5475257456008518,False,False,Long-Tail,Limit stock and avoid excessive local warehouse space
90190C,SILVER/AMETHYST DROP EARRINGS LEAF,20,58.43,19,2.912591836734694,7,12,5,0.4166666666666667,1.6666666666666667,2.857142857142857,2.3868325657594203,1.4320995394556522,False,False,Long-Tail,Limit stock and avoid excessive local warehouse space
90191,SILVER LARIAT 40CM,26,163.82,10,10.607083333333334,8,11,4,0.36363636363636365,2.1818181818181817,3.25,3.970344615223767,1.81974128197756,False,False,Long-Tail,Limit stock and avoid excessive local warehouse space
90192,JADE DROP EARRINGS W FILIGREE,42,209.1,25,4.976590909090909,11,12,2,0.16666666666666666,3.25,3.8181818181818183,2.527125567985025,0.7775770978415462,False,False,Long-Tail,Limit stock and avoid excessive local warehouse space
90194,SILVER LARIAT BLACK STONE EARRINGS,16,67.87,10,4.232083333333333,6,12,6,0.5,1.3333333333333333,2.6666666666666665,1.775250729197189,1.331438046897892,False,False,Long-Tail,Limit stock and avoid excessive local warehouse space
90195A,PURPLE GEMSTONE BRACELET,19,122.84,10,6.5325,6,12,7,0.5833333333333334,1.0833333333333333,3.1666666666666665,2.0207259421636903,1.8652854850741758,False,False,Long-Tail,Limit stock and avoid excessive local warehouse space
90195B,BLACK GEMSTONE BRACELET,4,29.98,4,7.010000000000001,3,12,9,0.75,0.3333333333333333,1.3333333333333333,0.6513389472789296,1.954016841836789,False,False,Long-Tail,Limit stock and avoid excessive local warehouse space
90196A,PURPLE GEMSTONE NECKLACE 45CM,8,102.0,5,12.75,3,12,9,0.75,0.6666666666666666,2.6666666666666665,1.497472618255253,2.2462089273828796,False,False,Long-Tail,Limit stock and avoid excessive local warehouse space
90196B,BLACK GEMSTONE NECKLACE 45CM,5,63.480000000000004,5,12.660000000000002,3,12,9,0.75,0.4166666666666667,1.6666666666666667,0.7929614610987591,1.9031075066370218,False,False,Long-Tail,Limit stock and avoid excessive local warehouse space
90197B,BLACK GLASS BRACELET W HEART CHARMS,35,174.73000000000002,27,4.991515151515151,11,12,2,0.16666666666666666,2.75,3.1818181818181817,2.927145677649443,1.0644166100543428,False,False,Long-Tail,Limit stock and avoid excessive local warehouse space
90198A,VINTAGE ROSE BEAD BRACELET RASPBERR,75,315.73,44,4.20140873015873,12,12,1,0.08333333333333333,5.333333333333333,6.25,5.58135423992378,1.0465039199857087,False,False,Long-Tail,Limit stock and avoid excessive local warehouse space
90198B,VINTAGE ROSE BEAD BRACELET BLACK,36,152.4,17,4.216666666666667,12,12,1,0.08333333333333333,2.8333333333333335,3.0,2.9797294975866313,1.0516692344423404,False,False,Long-Tail,Limit stock and avoid excessive local warehouse space
90199A,5 STRAND GLASS NECKLACE BLACK,11,69.63,6,6.304,5,12,7,0.5833333333333334,0.9166666666666666,2.2,1.378954368902449,1.5043138569844898,False,False,Long-Tail,Limit stock and avoid excessive local warehouse space
90199B,5 STRAND GLASS NECKLACE AMETHYST,9,56.59,8,6.28,4,12,9,0.75,0.5833333333333334,2.25,1.0836246694508316,1.8576422904871397,False,False,Long-Tail,Limit stock and avoid excessive local warehouse space
90199C,5 STRAND GLASS NECKLACE CRYSTAL,18,113.94,9,6.32,6,12,6,0.5,1.5,3.0,2.23606797749979,1.4907119849998598,False,False,Long-Tail,Limit stock and avoid excessive local warehouse space
90199D,5 STRAND GLASS NECKLACE AMBER,6,37.620000000000005,6,6.2780000000000005,5,12,7,0.5833333333333334,0.5,1.2,0.674199862463242,1.348399724926484,False,False,Long-Tail,Limit stock and avoid excessive local warehouse space
90200A,PURPLE SWEETHEART BRACELET,78,328.44,50,4.188376068376068,13,12,0,0.0,4.666666666666667,6.0,3.773913650631695,0.8086957822782204,False,False,Long-Tail,Limit stock and avoid excessive local warehouse space
90200B,BLACK SWEETHEART BRACELET,92,388.58,46,4.212197802197802,13,12,0,0.0,6.75,7.076923076923077,4.180582821482278,0.6193456031825597,False,False,Long-Tail,Limit stock and avoid excessive local warehouse space
90200C,BLUE SWEETHEART BRACELET,50,211.43,26,4.207321428571429,4,12,8,0.6666666666666666,4.166666666666667,12.5,8.547549710917513,2.051411930620203,False,False,Long-Tail,Limit stock and avoid excessive local warehouse space
90200D,PINK SWEETHEART BRACELET,175,725.32,78,4.18763031839955,13,12,0,0.0,12.833333333333334,13.461538461538462,9.523495665824061,0.7420905713629138,False,False,Regular,Maintain standard replenishment review
90200E,GREEN SWEETHEART BRACELET,103,423.41,44,4.188462301587301,12,12,1,0.08333333333333333,7.5,8.583333333333334,7.90281882966739,1.0537091772889853,False,False,Regular,Maintain standard replenishment review
90201A,PURPLE ENAMEL FLOWER RING,69,202.51000000000002,28,2.922954545454546,11,12,2,0.16666666666666666,5.583333333333333,6.2727272727272725,7.354137157636736,1.3171588939050871,False,False,Long-Tail,Limit stock and avoid excessive local warehouse space
90201B,BLACK ENAMEL FLOWER RING,80,235.20000000000002,22,2.927638888888889,12,12,1,0.08333333333333333,6.083333333333333,6.666666666666667,6.934214687571574,1.1398709075460123,False,False,Long-Tail,Limit stock and avoid excessive local warehouse space
90201C,RED ENAMEL FLOWER RING,57,167.72000000000003,20,2.930909090909091,11,12,2,0.16666666666666666,4.583333333333333,5.181818181818182,6.229815892994435,1.3592325584715133,False,False,Long-Tail,Limit stock and avoid excessive local warehouse space
90201D,GREEN ENAMEL FLOWER RING,77,225.84,31,2.920576923076923,13,12,0,0.0,6.333333333333333,5.923076923076923,7.03670032864492,1.1110579466281454,False,False,Long-Tail,Limit stock and avoid excessive local warehouse space
90202A,PURPLE ENAMEL FLOWER HAIR TIE,16,46.58,14,2.9125,6,12,7,0.5833333333333334,1.1666666666666667,2.6666666666666665,1.7494587907710375,1.4995361063751749,False,False,Long-Tail,Limit stock and avoid excessive local warehouse space
90202B,WHITE ENAMEL FLOWER HAIR TIE,11,31.949999999999996,9,2.908333333333333,6,11,6,0.5454545454545454,0.9090909090909091,1.8333333333333333,1.2210278829367864,1.3431306712304651,False,False,Long-Tail,Limit stock and avoid excessive local warehouse space
90202C,GREEN ENAMEL FLOWER HAIR TIE,14,41.01,13,2.9214285714285713,7,12,6,0.5,1.0,2.0,1.348399724926484,1.348399724926484,False,False,Long-Tail,Limit stock and avoid excessive local warehouse space
90202D,PINK ENAMEL FLOWER HAIR TIE,16,46.760000000000005,10,2.915714285714286,7,12,6,0.5,1.1666666666666667,2.2857142857142856,1.80067327475704,1.5434342355060342,False,False,Long-Tail,Limit stock and avoid excessive local warehouse space
90204,PAIR OF ENAMEL BUTTERFLY HAIRCLIP,25,83.46,17,3.3375,8,12,5,0.4166666666666667,1.9166666666666667,3.125,2.574643252722186,1.3432921318550535,False,False,Long-Tail,Limit stock and avoid excessive local warehouse space
90205A,LARGE MINT DIAMANTE HAIRSLIDE,31,51.51,16,1.6588888888888889,9,12,3,0.25,2.5833333333333335,3.4444444444444446,2.7122058561364044,1.0498861378592532,False,False,Long-Tail,Limit stock and avoid excessive local warehouse space
90205C,LARGE CRYSTAL DIAMANTE HAIRSLIDE,29,48.209999999999994,15,1.658,10,12,2,0.16666666666666666,2.4166666666666665,2.9,2.3143164446679725,0.9576481840005404,False,False,Long-Tail,Limit stock and avoid excessive local warehouse space
90206A,GOLD DIAMANTE STAR BROOCH,12,59.8,9,4.988333333333333,6,12,7,0.5833333333333334,0.9166666666666666,2.0,1.2401124093721456,1.3528499011332498,False,False,Long-Tail,Limit stock and avoid excessive local warehouse space
90206C,CRYSTAL DIAMANTE STAR BROOCH,45,224.73000000000002,31,4.988376623376624,11,12,2,0.16666666666666666,3.25,4.090909090909091,2.800162332956625,0.8615884101405,False,False,Long-Tail,Limit stock and avoid excessive local warehouse space
90208,PAIR OF PINK FLOWER CLUSTER SLIDE,47,117.4,36,2.500003787878788,8,12,5,0.4166666666666667,3.25,5.875,3.768891807222045,1.1596590176067831,False,False,Long-Tail,Limit stock and avoid excessive local warehouse space
90209A,PURPLE ENAMEL+GLASS HAIR COMB,78,151.2,3,2.0125,2,4,2,0.5,19.5,39.0,22.531459488161584,1.1554594609313633,False,False,Long-Tail,Limit stock and avoid excessive local warehouse space
90209B,GREEN ENAMEL+GLASS HAIR COMB,184,355.64,54,2.061389010989011,10,12,2,0.16666666666666666,15.333333333333334,18.4,18.021872233147107,1.1753394934661157,False,False,Regular,Maintain standard replenishment review
90209C,PINK ENAMEL+GLASS HAIR COMB,260,474.2,30,2.035775,10,12,2,0.16666666666666666,21.666666666666668,26.0,40.4774535071593,1.8681901618688905,False,False,Regular,Maintain standard replenishment review
90210A,GREY ACRYLIC FACETED BANGLE,34,57.55,10,2.5825,5,12,8,0.6666666666666666,2.75,6.8,7.162084511191874,2.604394367706136,False,False,Long-Tail,Limit stock and avoid excessive local warehouse space
90210B,CLEAR ACRYLIC FACETED BANGLE,41,61.56,7,1.869375,4,12,9,0.75,2.5833333333333335,10.25,5.053501636279421,1.9561941817855821,False,False,Long-Tail,Limit stock and avoid excessive local warehouse space
90210C,RED   ACRYLIC FACETED BANGLE,99,130.51,10,2.5140000000000002,5,12,8,0.6666666666666666,6.416666666666667,19.8,20.978163249754097,3.26932414281882,False,False,Long-Tail,Limit stock and avoid excessive local warehouse space
90210D,PURPLE ACRYLIC FACETED BANGLE,107,132.05,8,1.775,4,12,8,0.6666666666666666,8.916666666666666,26.75,24.29537304745806,2.7247147342943623,False,False,Regular,Maintain standard replenishment review
90211A,DIAMOND LAS VEGAS NECKLACE 45CM,12,70.97,8,5.904166666666667,4,12,9,0.75,0.9166666666666666,3.0,1.7816403745544227,1.9436076813320975,False,False,Long-Tail,Limit stock and avoid excessive local warehouse space
90211B,JET BLACK LAS VEGAS NECKLACE 45CM,7,41.36,5,5.8825,4,12,8,0.6666666666666666,0.5833333333333334,1.75,0.9962049198956219,1.7077798626782088,False,False,Long-Tail,Limit stock and avoid excessive local warehouse space
90212B,JET BLACK LAS VEGAS BRACELET ROUND,10,37.62,8,3.7487500000000002,4,12,8,0.6666666666666666,0.8333333333333334,2.5,1.7494587907710375,2.099350548925245,False,False,Long-Tail,Limit stock and avoid excessive local warehouse space
90212C,PURPLE LAS VEGAS BRACELET ROUND,7,26.25,3,3.75,3,12,9,0.75,0.5833333333333334,2.3333333333333335,1.1645001528813148,1.9962859763679681,False,False,Long-Tail,Limit stock and avoid excessive local warehouse space
90214A,"LETTER ""A"" BLING KEY RING",130,111.66,56,0.8896923076923076,13,12,0,0.0,8.75,10.0,5.658862719021135,0.6467271678881298,False,False,Regular,Maintain standard replenishment review
90214B,"LETTER ""B"" BLING KEY RING",37,24.77,22,0.7885,10,12,3,0.25,2.0833333333333335,3.7,1.831955405041456,0.8793385944198988,False,False,Long-Tail,Limit stock and avoid excessive local warehouse space
90214C,"LETTER ""C"" BLING KEY RING",91,72.77,33,0.8846666666666666,12,12,1,0.08333333333333333,5.333333333333333,7.583333333333333,7.190060479368007,1.3481363398815014,False,False,Long-Tail,Limit stock and avoid excessive local warehouse space
90214D,"LETTER ""D"" BLING KEY RING",68,49.9,32,0.8694615384615384,13,12,0,0.0,3.6666666666666665,5.230769230769231,2.774341308665842,0.7566385387270478,False,False,Long-Tail,Limit stock and avoid excessive local warehouse space
90214E,"LETTER ""E"" BLING KEY RING",72,53.2,30,0.8552727272727272,11,12,2,0.16666666666666666,3.9166666666666665,6.545454545454546,3.7040109300185615,0.9457049183026115,False,False,Long-Tail,Limit stock and avoid excessive local warehouse space
90214F,"LETTER ""F"" BLING KEY RING",27,15.43,15,0.7779999999999999,10,12,3,0.25,1.1666666666666667,2.7,0.937436866561092,0.8035173141952217,False,False,Long-Tail,Limit stock and avoid excessive local warehouse space
90214G,"LETTER ""G"" BLING KEY RING",60,40.199999999999996,30,0.8506153846153846,13,12,0,0.0,2.9166666666666665,4.615384615384615,2.0207259421636903,0.692820323027551,False,False,Long-Tail,Limit stock and avoid excessive local warehouse space
90214H,"LETTER ""H"" BLING KEY RING",48,36.76,30,0.8336363636363636,11,12,2,0.16666666666666666,2.9166666666666665,4.363636363636363,2.6784776318353725,0.9183351880578421,False,False,Long-Tail,Limit stock and avoid excessive local warehouse space
90214I,"LETTER ""I"" BLING KEY RING",38,29.62,13,0.8188888888888889,9,12,4,0.3333333333333333,2.0833333333333335,4.222222222222222,3.315482505220657,1.5914316025059152,False,False,Long-Tail,Limit stock and avoid excessive local warehouse space
90214J,"LETTER ""J"" BLING KEY RING",71,57.209999999999994,41,0.8478571428571429,12,12,1,0.08333333333333333,4.833333333333333,5.916666666666667,3.010084062049773,0.6227760128378841,False,False,Long-Tail,Limit stock and avoid excessive local warehouse space
90214K,"LETTER ""K"" BLING KEY RING",78,60.7,38,0.9241608391608391,13,12,0,0.0,4.333333333333333,6.0,4.163331998932265,0.9607689228305228,False,False,Long-Tail,Limit stock and avoid excessive local warehouse space
90214L,"LETTER ""L"" BLING KEY RING",94,65.03999999999999,37,0.8133636363636363,11,12,2,0.16666666666666666,4.833333333333333,8.545454545454545,3.9962103260085007,0.8268021364155519,False,False,Long-Tail,Limit stock and avoid excessive local warehouse space
90214M,"LETTER ""M"" BLING KEY RING",60,49.82,28,0.8453999999999999,10,12,3,0.25,4.0,6.0,4.30644337539164,1.07661084384791,False,False,Long-Tail,Limit stock and avoid excessive local warehouse space
90214N,"LETTER ""N"" BLING KEY RING",41,29.23,24,0.8741666666666666,12,12,1,0.08333333333333333,2.1666666666666665,3.4166666666666665,1.5859229221975182,0.7319644256296238,False,False,Long-Tail,Limit stock and avoid excessive local warehouse space
90214O,"LETTER ""O"" BLING KEY RING",16,6.819999999999999,5,0.7675,4,12,9,0.75,0.25,4.0,0.4522670168666455,1.809068067466582,False,False,Long-Tail,Limit stock and avoid excessive local warehouse space
90214P,"LETTER ""P"" BLING KEY RING",39,20.229999999999997,16,0.9046666666666667,10,12,3,0.25,1.1666666666666667,3.9,1.1934162828797101,1.0229282424683228,False,False,Long-Tail,Limit stock and avoid excessive local warehouse space
90214R,"LETTER ""R"" BLING KEY RING",41,28.009999999999998,25,0.8291111111111111,9,12,4,0.3333333333333333,2.3333333333333335,4.555555555555555,2.6400183654090306,1.131436442318156,False,False,Long-Tail,Limit stock and avoid excessive local warehouse space
90214S,"LETTER ""S"" BLING KEY RING",94,71.0,41,0.8306666666666667,12,12,1,0.08333333333333333,5.75,7.833333333333333,3.744693214767703,0.651250993872644,False,False,Long-Tail,Limit stock and avoid excessive local warehouse space
90214T,"LETTER ""T"" BLING KEY RING",24,13.459999999999999,11,0.7722222222222221,9,12,4,0.3333333333333333,1.0,2.6666666666666665,0.8528028654224417,0.8528028654224417,False,False,Long-Tail,Limit stock and avoid excessive local warehouse space
90214U,"LETTER ""U"" BLING KEY RING",12,3.4799999999999995,1,0.29,1,0,0,,0.0,12.0,0.0,0.0,True,True,Long-Tail,Limit stock and avoid excessive local warehouse space
90214V,"LETTER ""V"" BLING KEY RING",26,15.98,14,0.82,10,12,3,0.25,1.1666666666666667,2.6,0.8348471099367217,0.7155832370886186,False,False,Long-Tail,Limit stock and avoid excessive local warehouse space
90214W,"LETTER ""W"" BLING KEY RING",16,6.819999999999999,5,0.726,5,11,7,0.6363636363636364,0.36363636363636365,3.2,0.504524979109513,1.3874436925511606,False,False,Long-Tail,Limit stock and avoid excessive local warehouse space
90214Y,"LETTER ""Y"" BLING KEY RING",66,22.839999999999996,8,0.8166666666666665,6,12,7,0.5833333333333334,0.5,11.0,0.674199862463242,1.348399724926484,False,False,Long-Tail,Limit stock and avoid excessive local warehouse space
90214Z,"LETTER ""Z"" BLING KEY RING",22,11.84,10,0.765,8,12,5,0.4166666666666667,0.8333333333333334,2.75,0.937436866561092,1.1249242398733104,False,False,Long-Tail,Limit stock and avoid excessive local warehouse space
DCGS0003,BOXED GLASS ASHTRAY,4,9.94,4,2.4766666666666666,3,12,9,0.75,0.3333333333333333,1.3333333333333333,0.6513389472789296,1.954016841836789,False,False,Long-Tail,Limit stock and avoid excessive local warehouse space
DCGS0004,HAYNES CAMPER SHOULDER BAG,1,16.63,1,16.63,1,8,7,0.875,0.125,1.0,0.3535533905932738,2.8284271247461903,False,False,Long-Tail,Limit stock and avoid excessive local warehouse space
DCGS0069,OOH LA LA DOGS COLLAR,1,15.79,1,15.79,1,11,10,0.9090909090909091,0.09090909090909091,1.0,0.30151134457776363,3.3166247903554,False,False,Long-Tail,Limit stock and avoid excessive local warehouse space
DCGS0070,CAMOUFLAGE DOG COLLAR,1,12.72,1,12.72,1,12,11,0.9166666666666666,0.08333333333333333,1.0,0.2886751345948129,3.4641016151377553,False,False,Long-Tail,Limit stock and avoid excessive local warehouse space
DCGS0076,SUNJAR LED NIGHT NIGHT LIGHT,3,48.39,2,16.13,1,12,11,0.9166666666666666,0.25,3.0,0.8660254037844386,3.4641016151377544,False,False,Long-Tail,Limit stock and avoid excessive local warehouse space
DCGSSBOY,BOYS PARTY BAG,47,150.54999999999998,11,3.1442857142857146,7,10,4,0.4,4.6,6.714285714285714,7.260241808033058,1.5783134365289258,False,False,Long-Tail,Limit stock and avoid excessive local warehouse space
DCGSSGIRL,GIRLS PARTY BAG,47,144.43,13,3.035,8,10,2,0.2,4.7,5.875,7.775317071062475,1.6543227810771224,False,False,Long-Tail,Limit stock and avoid excessive local warehouse space
