stock_code,description,sku_class,avg_monthly_units,current_inventory,inventory_coverage_days,inventory_risk,warehouse_strategy
85231b,CINAMMON SET OF 9 T-LIGHTS,Long-Tail,1.0,119,3570.0,Overstock Risk,Overstock Review / Reduce Replenishment
23602,SET 10 CARDS 3 WISE MEN 17107,Long-Tail,1.0,119,3570.0,Overstock Risk,Overstock Review / Reduce Replenishment
35650,VINTAGE BEAD PINK JEWEL STAND,Long-Tail,1.0,116,3480.0,Overstock Risk,Overstock Review / Reduce Replenishment
90034,WHITE SILVER NECKLACE SHELL GLASS,Long-Tail,1.0,114,3420.0,Overstock Risk,Overstock Review / Reduce Replenishment
84731,3 BIRDS CANVAS SCREEN,Long-Tail,1.0,113,3390.0,Overstock Risk,Overstock Review / Reduce Replenishment
90025E,BAROQUE BUTTERFLY EARRINGS MONTANA,Long-Tail,1.0,112,3360.0,Overstock Risk,Overstock Review / Reduce Replenishment
21009,ETCHED GLASS STAR TREE DECORATION,Long-Tail,1.0,112,3360.0,Overstock Risk,Overstock Review / Reduce Replenishment
23638,SET 10 CARDS ROBIN WATERPUMP  17096,Long-Tail,1.0,111,3330.0,Overstock Risk,Overstock Review / Reduce Replenishment
84617,NEW BAROQUE BLACK BOXES,Long-Tail,1.0,110,3300.0,Overstock Risk,Overstock Review / Reduce Replenishment
21160,KEEP OUT GIRLS DOOR HANGER,Long-Tail,1.0,109,3270.0,Overstock Risk,Overstock Review / Reduce Replenishment
90011E,AMBER CRYSTAL DROP EARRINGS,Long-Tail,1.0,108,3240.0,Overstock Risk,Overstock Review / Reduce Replenishment
21839,MUMMY MOUSE RED GINGHAM RIBBON,Long-Tail,1.0,107,3210.0,Overstock Risk,Overstock Review / Reduce Replenishment
51014c,"FEATHER PEN,COAL BLACK",Long-Tail,1.0,107,3210.0,Overstock Risk,Overstock Review / Reduce Replenishment
85179a,GREEN BITTY LIGHT CHAIN,Long-Tail,1.0,107,3210.0,Overstock Risk,Overstock Review / Reduce Replenishment
84661a,WHITE SQUARE TABLE CLOCK,Long-Tail,1.0,107,3210.0,Overstock Risk,Overstock Review / Reduce Replenishment
22323,PINK POLKADOT KIDS BAG,Long-Tail,1.0,105,3150.0,Overstock Risk,Overstock Review / Reduce Replenishment
85119,WATERING CAN SINGLE HOOK PISTACHIO,Long-Tail,1.0,102,3060.0,Overstock Risk,Overstock Review / Reduce Replenishment
90152A,SILVER/NAT SHELL NECKLACE W PENDANT,Long-Tail,1.0,101,3030.0,Overstock Risk,Overstock Review / Reduce Replenishment
90100,NECKLACE+BRACELET SET PINK DAISY,Long-Tail,1.0,98,2940.0,Overstock Risk,Overstock Review / Reduce Replenishment
DCGS0070,CAMOUFLAGE DOG COLLAR,Long-Tail,1.0,98,2940.0,Overstock Risk,Overstock Review / Reduce Replenishment
84510e,SET OF 4 GREEN CAROUSEL COASTERS,Long-Tail,1.0,97,2910.0,Overstock Risk,Overstock Review / Reduce Replenishment
S,SAMPLES,Long-Tail,1.0,97,2910.0,Overstock Risk,Overstock Review / Reduce Replenishment
15060b,FAIRY CAKE DESIGN UMBRELLA,Long-Tail,1.0,96,2880.0,Overstock Risk,Overstock Review / Reduce Replenishment
90001C,ANTIQUE OPAL WHITE FLOWER EARRINGS,Long-Tail,1.25,119,2856.0,Overstock Risk,Overstock Review / Reduce Replenishment
35597B,BLACKCHRISTMAS TREE 30CM,Long-Tail,1.0,95,2850.0,Overstock Risk,Overstock Review / Reduce Replenishment
90084,PINK CRYSTAL GUITAR PHONE CHARM,Long-Tail,1.0,94,2820.0,Overstock Risk,Overstock Review / Reduce Replenishment
84613C,BLUE NEW BAROQUE FLOCK CANDLESTICK,Long-Tail,1.0,94,2820.0,Overstock Risk,Overstock Review / Reduce Replenishment
84856L,LARGE TAHITI BEACH BAG,Long-Tail,1.0,92,2760.0,Overstock Risk,Overstock Review / Reduce Replenishment
90068,"RUBY GLASS NECKLACE 42""",Long-Tail,1.0,92,2760.0,Overstock Risk,Overstock Review / Reduce Replenishment
90184c,BLACK CHUNKY BEAD BRACELET W STRAP,Long-Tail,1.0,92,2760.0,Overstock Risk,Overstock Review / Reduce Replenishment
47518f,ICON PLACEMAT POP ART ELVIS,Long-Tail,1.25,114,2736.0,Overstock Risk,Overstock Review / Reduce Replenishment
85035b,CHOCOLATE 3 WICK MORRIS BOX CANDLE,Long-Tail,1.0,91,2730.0,Overstock Risk,Overstock Review / Reduce Replenishment
90183c,BLACK DROP EARRINGS W LONG BEADS,Long-Tail,1.0,91,2730.0,Overstock Risk,Overstock Review / Reduce Replenishment
90027C,GLASS BEAD HOOP EARRINGS GREEN,Long-Tail,1.25,113,2712.0,Overstock Risk,Overstock Review / Reduce Replenishment
90053,CRACKED GLAZE EARRINGS IVORY,Long-Tail,1.0,90,2700.0,Overstock Risk,Overstock Review / Reduce Replenishment
90074,BLACK DIAMOND CLUSTER NECKLACE,Long-Tail,1.3333333333333333,119,2677.5000000000005,Overstock Risk,Overstock Review / Reduce Replenishment
90152C,BLUE/NAT SHELL NECKLACE W PENDANT,Long-Tail,1.0,88,2640.0,Overstock Risk,Overstock Review / Reduce Replenishment
90025B,BAROQUE BUTTERFLY EARRINGS RED,Long-Tail,1.0,88,2640.0,Overstock Risk,Overstock Review / Reduce Replenishment
90181C,BLACK GLASS/SHELL/PEARL NECKLACE,Long-Tail,1.0,87,2610.0,Overstock Risk,Overstock Review / Reduce Replenishment
23634,SET 10 CARDS XMAS CHOIR 17068,Long-Tail,1.25,108,2592.0,Overstock Risk,Overstock Review / Reduce Replenishment
90037A,TINY CRYSTAL BRACELET RED,Long-Tail,1.0,86,2580.0,Overstock Risk,Overstock Review / Reduce Replenishment
90060B,FIRE POLISHED GLASS NECKL GOLD,Long-Tail,1.0,86,2580.0,Overstock Risk,Overstock Review / Reduce Replenishment
20860,GOLD COSMETICS BAG WITH BUTTERFLY,Long-Tail,1.0,86,2580.0,Overstock Risk,Overstock Review / Reduce Replenishment
47570b,TEA TIME TABLE CLOTH,Long-Tail,1.0,85,2550.0,Overstock Risk,Overstock Review / Reduce Replenishment
85034a,3 GARDENIA MORRIS BOXED CANDLES,Long-Tail,1.0,85,2550.0,Overstock Risk,Overstock Review / Reduce Replenishment
90126A,PINK BERTIE MOBILE PHONE CHARM,Long-Tail,1.0,84,2520.0,Overstock Risk,Overstock Review / Reduce Replenishment
90025A,BAROQUE BUTTERFLY EARRINGS BLACK,Long-Tail,1.0,83,2490.0,Overstock Risk,Overstock Review / Reduce Replenishment
22146,EASTER CRAFT IVY WREATH WITH CHICK,Long-Tail,1.0,83,2490.0,Overstock Risk,Overstock Review / Reduce Replenishment
85049d,BRIGHT BLUES RIBBONS,Long-Tail,1.0,83,2490.0,Overstock Risk,Overstock Review / Reduce Replenishment
37474,SET/4 2 TONE EGG SHAPE MIXING BOWLS,Long-Tail,1.0,83,2490.0,Overstock Risk,Overstock Review / Reduce Replenishment
22206,"MUG , DOTCOMGIFTSHOP.COM",Long-Tail,1.0,82,2460.0,Overstock Risk,Overstock Review / Reduce Replenishment
90029,NEW BAROQUE SMALL NECKLACE BLACK,Long-Tail,1.25,102,2448.0,Overstock Risk,Overstock Review / Reduce Replenishment
90056,CHUNKY CRACKED GLAZE NECKLACE IVORY,Long-Tail,1.3333333333333333,108,2430.0000000000005,Overstock Risk,Overstock Review / Reduce Replenishment
35597A,DUSTY PINK CHRISTMAS TREE 30CM,Long-Tail,1.0,81,2430.0,Overstock Risk,Overstock Review / Reduce Replenishment
PADS,PADS TO MATCH ALL CUSHIONS,Long-Tail,1.0,81,2430.0,Overstock Risk,Overstock Review / Reduce Replenishment
90060F,FIRE POLISHED GLASS NECKL GREEN,Long-Tail,1.2,97,2425.0,Overstock Risk,Overstock Review / Reduce Replenishment
90016C,SILVER/BLACK PENDANT ORBIT NECKLACE,Long-Tail,1.0,79,2370.0,Overstock Risk,Overstock Review / Reduce Replenishment
90025D,BAROQUE BUTTERFLY EARRINGS PINK,Long-Tail,1.0,78,2340.0,Overstock Risk,Overstock Review / Reduce Replenishment
90176A,CLASSIC DIAMANTE NECKLACE JET,Long-Tail,1.5,117,2340.0,Overstock Risk,Overstock Review / Reduce Replenishment
37461,FUNKY MONKEY MUG,Long-Tail,1.0,78,2340.0,Overstock Risk,Overstock Review / Reduce Replenishment
85184c,SET 4 VALENTINE DECOUPAGE HEART BOX,Long-Tail,1.0,77,2310.0,Overstock Risk,Overstock Review / Reduce Replenishment
90180B,PURPLE AMETHYST NECKLACE W TASSEL,Long-Tail,1.25,96,2304.0,Overstock Risk,Overstock Review / Reduce Replenishment
90077,BLACK DIAMOND CLUSTER EARRINGS,Long-Tail,1.5,115,2300.0,Overstock Risk,Overstock Review / Reduce Replenishment
84509b,SET OF 4 FAIRY CAKE PLACEMATS,Long-Tail,1.25,94,2256.0,Overstock Risk,Overstock Review / Reduce Replenishment
gift_0001_30,DOTCOMGIFTSHOP GIFT VOUCHER £30.00,Long-Tail,1.4,105,2250.0000000000005,Overstock Risk,Overstock Review / Reduce Replenishment
35609A,PINK FEATHER CHRISTMAS DECORATION,Long-Tail,1.0,75,2250.0,Overstock Risk,Overstock Review / Reduce Replenishment
21491,SET OF THREE VINTAGE GIFT WRAPS,Long-Tail,1.0,74,2220.0,Overstock Risk,Overstock Review / Reduce Replenishment
90011D,PURPLE CRYSTAL DROP EARRINGS,Long-Tail,1.0,74,2220.0,Overstock Risk,Overstock Review / Reduce Replenishment
72815,3 WICK CHRISTMAS BRIAR CANDLE,Long-Tail,1.5,109,2180.0,Overstock Risk,Overstock Review / Reduce Replenishment
90130D,RED STONE/CRYSTAL EARRINGS,Long-Tail,1.5,107,2140.0,Overstock Risk,Overstock Review / Reduce Replenishment
90132,LIGHT TOPAZ TEAL/AQUA COL NECKLACE,Long-Tail,1.0,71,2130.0,Overstock Risk,Overstock Review / Reduce Replenishment
21416,CLAM SHELL LARGE,Long-Tail,1.6666666666666667,118,2124.0,Overstock Risk,Overstock Review / Reduce Replenishment
45013,FOLDING SHOE TIDY,Long-Tail,1.5,106,2120.0,Overstock Risk,Overstock Review / Reduce Replenishment
84977,WIRE FLOWER T-LIGHT HOLDER,Long-Tail,1.0,70,2100.0,Overstock Risk,Overstock Review / Reduce Replenishment
84596l,BISCUITS SMALL BOWL LIGHT BLUE,Long-Tail,1.0,70,2100.0,Overstock Risk,Overstock Review / Reduce Replenishment
m,MANUAL,Long-Tail,1.0,70,2100.0,Overstock Risk,Overstock Review / Reduce Replenishment
90025F,BAROQUE BUTTERFLY EARRINGS CRYSTAL,Long-Tail,1.3333333333333333,92,2070.0000000000005,Overstock Risk,Overstock Review / Reduce Replenishment
90021,LASER CUT MULTI STRAND NECKLACE,Long-Tail,1.0,69,2070.0,Overstock Risk,Overstock Review / Reduce Replenishment
46776b,WOVEN BERRIES CUSHION COVER,Long-Tail,1.0,69,2070.0,Overstock Risk,Overstock Review / Reduce Replenishment
90024B,NEW BAROQUE B'FLY NECKLACE RED,Long-Tail,1.6,109,2043.7499999999998,Overstock Risk,Overstock Review / Reduce Replenishment
85160a,WHITE BIRD GARDEN DESIGN MUG,Long-Tail,1.0,68,2040.0,Overstock Risk,Overstock Review / Reduce Replenishment
90024F,NEW BAROQUE B'FLY NECKLACE CRYSTAL,Long-Tail,1.25,85,2040.0,Overstock Risk,Overstock Review / Reduce Replenishment
DCGS0069,OOH LA LA DOGS COLLAR,Long-Tail,1.0,68,2040.0,Overstock Risk,Overstock Review / Reduce Replenishment
gift_0001_10,DOTCOMGIFTSHOP GIFT VOUCHER £10.00,Long-Tail,1.5,102,2040.0,Overstock Risk,Overstock Review / Reduce Replenishment
72807c,SET/3 VANILLA SCENTED CANDLE IN BOX,Long-Tail,1.6666666666666667,113,2033.9999999999998,Overstock Risk,Overstock Review / Reduce Replenishment
90148,LONG SILVER NECKLACE PASTEL FLOWER,Long-Tail,1.3333333333333333,89,2002.5000000000002,Overstock Risk,Overstock Review / Reduce Replenishment
35809a,ENAMEL PINK TEA CONTAINER,Long-Tail,1.5,99,1980.0,Overstock Risk,Overstock Review / Reduce Replenishment
90033,IVORY SHELL HEART EARRINGS,Long-Tail,1.4285714285714286,93,1952.9999999999998,Overstock Risk,Overstock Review / Reduce Replenishment
90189A,SILVER 2 STRAND NECKLACE-LEAF CHARM,Long-Tail,1.0,65,1950.0,Overstock Risk,Overstock Review / Reduce Replenishment
23644,SET 10 CARDS CHRISTMAS TREE 16955,Long-Tail,1.25,81,1944.0,Overstock Risk,Overstock Review / Reduce Replenishment
84562A,PINK/WHITE RIBBED MELAMINE JUG,Long-Tail,1.5,97,1940.0,Overstock Risk,Overstock Review / Reduce Replenishment
gift_0001_50,DOTCOMGIFTSHOP GIFT VOUCHER £50.00,Long-Tail,1.3333333333333333,86,1935.0000000000002,Overstock Risk,Overstock Review / Reduce Replenishment
23610,SET 10 CARDS CHRISTMAS ROBIN 17095,Long-Tail,1.5,95,1900.0,Overstock Risk,Overstock Review / Reduce Replenishment
90124A,PINK MURANO TWIST NECKLACE,Long-Tail,1.6,101,1893.7499999999998,Overstock Risk,Overstock Review / Reduce Replenishment
84689,S/2 BEACH HUT TREASURE CHESTS,Long-Tail,1.5,94,1880.0,Overstock Risk,Overstock Review / Reduce Replenishment
23639,SET 10 CARDS MAGICAL TREE 17086,Long-Tail,1.3333333333333333,83,1867.5000000000002,Overstock Risk,Overstock Review / Reduce Replenishment
47591b,SCOTTIES CHILDRENS APRON,Long-Tail,1.0,62,1860.0,Overstock Risk,Overstock Review / Reduce Replenishment
90054,CRACKED GLAZE EARRINGS RED,Long-Tail,1.5,93,1860.0,Overstock Risk,Overstock Review / Reduce Replenishment
90122B,JADE CRYSTAL+GLASS BRACELET,Long-Tail,1.2,73,1825.0,Overstock Risk,Overstock Review / Reduce Replenishment
23615,SET 10 CARDS PRINTED GRAPHIC 17219,Long-Tail,1.3333333333333333,80,1800.0000000000002,Overstock Risk,Overstock Review / Reduce Replenishment
90052,CRACKED GLAZE NECKLACE BROWN,Long-Tail,1.0,60,1800.0,Overstock Risk,Overstock Review / Reduce Replenishment
84031a,CHARLIE+LOLA RED HOT WATER BOTTLE,Long-Tail,1.0,60,1800.0,Overstock Risk,Overstock Review / Reduce Replenishment
90141D,ROSE PENDANT TRIPLE SHELL NECKLACE,Long-Tail,2.0,119,1785.0,Overstock Risk,Overstock Review / Reduce Replenishment
84613A,PINK NEW BAROQUE FLOCK CANDLESTICK,Long-Tail,2.0,118,1770.0,Overstock Risk,Overstock Review / Reduce Replenishment
21895,POTTING SHED SOW 'N' GROW SET,Long-Tail,2.0,117,1755.0,Overstock Risk,Overstock Review / Reduce Replenishment
35833G,4 GOLD FLOCK CHRISTMAS BALLS,Long-Tail,2.0,117,1755.0,Overstock Risk,Overstock Review / Reduce Replenishment
23617,SET 10 CARDS SWIRLY XMAS TREE 17104,Long-Tail,2.0,116,1740.0,Overstock Risk,Overstock Review / Reduce Replenishment
90206A,GOLD DIAMANTE STAR BROOCH,Long-Tail,2.0,116,1740.0,Overstock Risk,Overstock Review / Reduce Replenishment
90130C,GREEN STONE/CRYSTAL EARRINGS,Long-Tail,1.75,101,1731.4285714285713,Overstock Risk,Overstock Review / Reduce Replenishment
21667,GLASS CAKE COVER AND PLATE,Long-Tail,2.0,115,1725.0,Overstock Risk,Overstock Review / Reduce Replenishment
90081B,LILY BROOCH WHITE/SILVER COLOUR,Long-Tail,1.0,57,1710.0,Overstock Risk,Overstock Review / Reduce Replenishment
77079,DOLPHIN WINDMILL,Long-Tail,1.0,57,1710.0,Overstock Risk,Overstock Review / Reduce Replenishment
90176C,DIAMANTE NECKLACE,Long-Tail,1.5,85,1700.0,Overstock Risk,Overstock Review / Reduce Replenishment
90035A,"PEARL & SHELL 42""NECKL. GREEN",Long-Tail,1.6666666666666667,94,1691.9999999999998,Overstock Risk,Overstock Review / Reduce Replenishment
23654,SET 10 CARD SNOWMAN 16965,Long-Tail,1.6666666666666667,94,1691.9999999999998,Overstock Risk,Overstock Review / Reduce Replenishment
90128B,BLUE LEAVES AND BEADS PHONE CHARM,Long-Tail,2.0,111,1665.0,Overstock Risk,Overstock Review / Reduce Replenishment
21268,VINTAGE BLUE TINSEL REEL,Long-Tail,2.0,110,1650.0,Overstock Risk,Overstock Review / Reduce Replenishment
84614A,PINK BAROQUE FLOCK CANDLE HOLDER,Long-Tail,2.0,110,1650.0,Overstock Risk,Overstock Review / Reduce Replenishment
20703,BLUE PADDED SOFT MOBILE,Long-Tail,1.0,55,1650.0,Overstock Risk,Overstock Review / Reduce Replenishment
90127A,PINK BEADS+HAND PHONE CHARM,Long-Tail,2.0,110,1650.0,Overstock Risk,Overstock Review / Reduce Replenishment
90094,NECKLACE+BRACELET SET FRUIT SALAD,Long-Tail,2.0,110,1650.0,Overstock Risk,Overstock Review / Reduce Replenishment
79192A,RETRO PLASTIC 70'S TRAY,Long-Tail,1.5,82,1640.0,Overstock Risk,Overstock Review / Reduce Replenishment
37491A,YELLOW/PINK CERAMIC CANDLE HOLDER,Long-Tail,1.5,82,1640.0,Overstock Risk,Overstock Review / Reduce Replenishment
37491D,PURPLE/BLUE CERAMIC CANDLE HOLDER,Long-Tail,2.0,109,1635.0,Overstock Risk,Overstock Review / Reduce Replenishment
90199D,5 STRAND GLASS NECKLACE AMBER,Long-Tail,1.2,65,1625.0,Overstock Risk,Overstock Review / Reduce Replenishment
90142A,GREEN PENDANT SHELL NECKLACE,Long-Tail,1.0,54,1620.0,Overstock Risk,Overstock Review / Reduce Replenishment
90130A,WHITE STONE/CRYSTAL EARRINGS,Long-Tail,2.0,108,1620.0,Overstock Risk,Overstock Review / Reduce Replenishment
21761,WOOD AND GLASS MEDICINE CABINET,Long-Tail,1.1111111111111112,60,1619.9999999999998,Overstock Risk,Overstock Review / Reduce Replenishment
90065A,WHITE VINTAGE CRYSTAL BRACELET,Long-Tail,1.75,94,1611.4285714285713,Overstock Risk,Overstock Review / Reduce Replenishment
90182B,AMETHYST 3 BEAD DROP EARRINGS,Long-Tail,1.6666666666666667,89,1602.0,Overstock Risk,Overstock Review / Reduce Replenishment
90063B,BLACK VINT ART DEC CRYSTAL NECKLACE,Long-Tail,1.8,95,1583.3333333333333,Overstock Risk,Overstock Review / Reduce Replenishment
90165B,WHITE ROSEBUD  PEARL EARRINGS,Long-Tail,2.111111111111111,111,1577.3684210526314,Overstock Risk,Overstock Review / Reduce Replenishment
90010A,MIDNIGHT BLUE GLASS/SILVER BRACELET,Long-Tail,2.0,105,1575.0,Overstock Risk,Overstock Review / Reduce Replenishment
90141B,IVORY PENDANT TRIPLE SHELL NECKLACE,Long-Tail,1.8,94,1566.6666666666665,Overstock Risk,Overstock Review / Reduce Replenishment
84227,HEN HOUSE W CHICK IN NEST,Long-Tail,1.0,52,1560.0,Overstock Risk,Overstock Review / Reduce Replenishment
90024C,NEW BAROQUE B'FLY NECKLACE GREEN,Long-Tail,1.3333333333333333,69,1552.5000000000002,Overstock Risk,Overstock Review / Reduce Replenishment
90181A,AMBER GLASS/SHELL/PEARL NECKLACE,Long-Tail,1.4,72,1542.8571428571431,Overstock Risk,Overstock Review / Reduce Replenishment
90026D,GLASS BEAD HOOP NECKLACE AMETHYST,Long-Tail,1.0,51,1530.0,Overstock Risk,Overstock Review / Reduce Replenishment
90140,PINK SWEETIE NECKLACE,Long-Tail,1.0,51,1530.0,Overstock Risk,Overstock Review / Reduce Replenishment
84824,DANISH ROSE UMBRELLA STAND,Long-Tail,1.0,51,1530.0,Overstock Risk,Overstock Review / Reduce Replenishment
90177E,DROP DIAMANTE EARRINGS GREEN,Long-Tail,2.0,101,1515.0,Overstock Risk,Overstock Review / Reduce Replenishment
DCGS0003,BOXED GLASS ASHTRAY,Long-Tail,1.3333333333333333,67,1507.5000000000002,Overstock Risk,Overstock Review / Reduce Replenishment
20695,FLORAL BLUE MONSTER,Long-Tail,1.25,62,1488.0,Overstock Risk,Overstock Review / Reduce Replenishment
37509,NEW ENGLAND MUG W GIFT BOX,Long-Tail,2.0,99,1485.0,Overstock Risk,Overstock Review / Reduce Replenishment
90123D,WHITE HEART OF GLASS BRACELET,Long-Tail,1.2,59,1475.0,Overstock Risk,Overstock Review / Reduce Replenishment
gift_0001_40,DOTCOMGIFTSHOP GIFT VOUCHER £40.00,Long-Tail,1.0,49,1470.0,Overstock Risk,Overstock Review / Reduce Replenishment
21331,MOROCCAN BEATEN METAL DISH LARGE,Long-Tail,2.0,98,1470.0,Overstock Risk,Overstock Review / Reduce Replenishment
84550,CROCHET LILAC/RED BEAR KEYRING,Long-Tail,1.0,49,1470.0,Overstock Risk,Overstock Review / Reduce Replenishment
90027D,GLASS BEAD HOOP EARRINGS AMETHYST,Long-Tail,2.25,110,1466.6666666666667,Overstock Risk,Overstock Review / Reduce Replenishment
85231g,ORANGE SCENTED SET/9 T-LIGHTS,Long-Tail,1.5,73,1460.0,Overstock Risk,Overstock Review / Reduce Replenishment
23633,SET 10 CARDS WORLD CHILDREN 17067,Long-Tail,1.5,73,1460.0,Overstock Risk,Overstock Review / Reduce Replenishment
90023,FILIGREE DIAMANTE EARRINGS,Long-Tail,1.8571428571428572,90,1453.8461538461538,Overstock Risk,Overstock Review / Reduce Replenishment
35598C,WHITE CHRISTMAS TREE 60CM,Long-Tail,2.0,96,1440.0,Overstock Risk,Overstock Review / Reduce Replenishment
90181B,AMETHYST GLASS/SHELL/PEARL NECKLACE,Long-Tail,1.875,90,1440.0,Overstock Risk,Overstock Review / Reduce Replenishment
90128C,GREEN LEAVES AND BEADS PHONE CHARM,Long-Tail,1.0,48,1440.0,Overstock Risk,Overstock Review / Reduce Replenishment
85031B,BLOSSOM IMAGES SCRAP BOOK SET,Long-Tail,1.0,48,1440.0,Overstock Risk,Overstock Review / Reduce Replenishment
22823,CHEST NATURAL WOOD 20 DRAWERS,Long-Tail,2.4,115,1437.5,Overstock Risk,Overstock Review / Reduce Replenishment
90180A,BLACK+WHITE NECKLACE W TASSEL,Long-Tail,2.4285714285714284,116,1432.9411764705885,Overstock Risk,Overstock Review / Reduce Replenishment
90182A,AMBER 3 BEAD DROP EARRINGS,Long-Tail,1.6,76,1425.0,Overstock Risk,Overstock Review / Reduce Replenishment
90161A,ANT COPPER RED BOUDICCA BRACELET,Long-Tail,2.4,114,1425.0,Overstock Risk,Overstock Review / Reduce Replenishment
90042C,FRESHWATER PEARL BRACELET IVORY,Long-Tail,2.5,118,1416.0,Overstock Risk,Overstock Review / Reduce Replenishment
90081A,LILY BROOCH AMETHYST COLOUR,Long-Tail,2.142857142857143,101,1414.0,Overstock Risk,Overstock Review / Reduce Replenishment
20861,GOLD COSMETIC BAG PINK STAR,Long-Tail,2.0,94,1410.0,Overstock Risk,Overstock Review / Reduce Replenishment
90178B,PURPLE CHUNKY GLASS+BEAD NECKLACE,Long-Tail,1.0,47,1410.0,Overstock Risk,Overstock Review / Reduce Replenishment
90175D,TIGRIS EYE CHUNKY CHARM BRACELET,Long-Tail,2.3,108,1408.6956521739132,Overstock Risk,Overstock Review / Reduce Replenishment
90159,COTE D'AZURE NECKLACE,Long-Tail,1.5,70,1400.0,Overstock Risk,Overstock Review / Reduce Replenishment
90038B,GLASS AND PAINTED BEADS BRACELET OL,Long-Tail,2.1666666666666665,101,1398.4615384615386,Overstock Risk,Overstock Review / Reduce Replenishment
90041,PEARL AND CHERRY QUARTZ BRACLET,Long-Tail,1.25,58,1392.0,Overstock Risk,Overstock Review / Reduce Replenishment
90128A,PINK LEAVES AND BEADS PHONE CHARM,Long-Tail,1.5,69,1380.0,Overstock Risk,Overstock Review / Reduce Replenishment
90212C,PURPLE LAS VEGAS BRACELET ROUND,Long-Tail,2.3333333333333335,107,1375.7142857142858,Overstock Risk,Overstock Review / Reduce Replenishment
90202B,WHITE ENAMEL FLOWER HAIR TIE,Long-Tail,2.4285714285714284,111,1371.1764705882354,Overstock Risk,Overstock Review / Reduce Replenishment
90055,CRACKED GLAZE EARRINGS BROWN,Long-Tail,1.25,57,1368.0,Overstock Risk,Overstock Review / Reduce Replenishment
90043,COPPER AND BRASS BAG CHARM,Long-Tail,2.0,91,1365.0,Overstock Risk,Overstock Review / Reduce Replenishment
84247N,PACK/12 BLUE FOLKART CARDS,Long-Tail,2.4444444444444446,111,1362.2727272727273,Overstock Risk,Overstock Review / Reduce Replenishment
90042A,FRESHWATER PEARL BRACELET GOLD,Long-Tail,1.5,68,1360.0,Overstock Risk,Overstock Review / Reduce Replenishment
15056p,EDWARDIAN PARASOL PINK,Long-Tail,2.5384615384615383,115,1359.0909090909092,Overstock Risk,Overstock Review / Reduce Replenishment
21594,DR. JAM'S AROUZER STRESS BALL,Long-Tail,1.0,45,1350.0,Overstock Risk,Overstock Review / Reduce Replenishment
90000A,RASPBERRY ANT COPPER FLOWER NECKLAC,Long-Tail,2.6,117,1350.0,Overstock Risk,Overstock Review / Reduce Replenishment
23643,SET 10 CARDS CHRISTMAS BAUBLE 16954,Long-Tail,1.0,44,1320.0,Overstock Risk,Overstock Review / Reduce Replenishment
90011A,MIDNIGHT BLUE CRYSTAL DROP EARRINGS,Long-Tail,1.5,66,1320.0,Overstock Risk,Overstock Review / Reduce Replenishment
85132c,CHARLIE AND LOLA FIGURES TINS,Long-Tail,1.5,66,1320.0,Overstock Risk,Overstock Review / Reduce Replenishment
84925D,LA PALMIERA WALL THERMOMETER,Long-Tail,2.5,108,1296.0,Overstock Risk,Overstock Review / Reduce Replenishment
90000B,MIDNIGHT BLUE COPPER FLOWER NECKLAC,Long-Tail,1.8333333333333333,79,1292.7272727272727,Overstock Risk,Overstock Review / Reduce Replenishment
85036b,CHOCOLATE 1 WICK MORRIS BOX CANDLE,Long-Tail,1.0,43,1290.0,Overstock Risk,Overstock Review / Reduce Replenishment
23624,SET 10 CARD PERFECT NATIVITY 17089,Long-Tail,1.3333333333333333,57,1282.5000000000002,Overstock Risk,Overstock Review / Reduce Replenishment
90184A,AMBER CHUNKY BEAD BRACELET W STRAP,Long-Tail,2.1666666666666665,91,1260.0000000000002,Overstock Risk,Overstock Review / Reduce Replenishment
21661,VINTAGE GLASS TEA CADDY,Long-Tail,1.5,63,1260.0,Overstock Risk,Overstock Review / Reduce Replenishment
DCGS0004,HAYNES CAMPER SHOULDER BAG,Long-Tail,1.0,42,1260.0,Overstock Risk,Overstock Review / Reduce Replenishment
90010B,BLACK/WHITE GLASS/SILVER BRACELET,Long-Tail,2.75,115,1254.5454545454547,Overstock Risk,Overstock Review / Reduce Replenishment
84968B,SET OF 16 VINTAGE IVORY CUTLERY,Long-Tail,1.0,41,1230.0,Overstock Risk,Overstock Review / Reduce Replenishment
22218,CAKE STAND LACE WHITE,Long-Tail,1.0,41,1230.0,Overstock Risk,Overstock Review / Reduce Replenishment
90184C,BLACK CHUNKY BEAD BRACELET W STRAP,Long-Tail,2.1,86,1228.5714285714284,Overstock Risk,Overstock Review / Reduce Replenishment
90190C,SILVER/AMETHYST DROP EARRINGS LEAF,Long-Tail,2.857142857142857,116,1218.0,Overstock Risk,Overstock Review / Reduce Replenishment
85036a,GARDENIA 1 WICK MORRIS BOXED CANDLE,Long-Tail,2.0,81,1215.0,Overstock Risk,Overstock Review / Reduce Replenishment
90165A,PINK ROSEBUD PEARL EARRINGS,Long-Tail,2.2857142857142856,92,1207.5,Overstock Risk,Overstock Review / Reduce Replenishment
90176D,DIAMANTE NECKLACE PURPLE,Long-Tail,1.75,70,1200.0,Overstock Risk,Overstock Review / Reduce Replenishment
90124B,BLUE MURANO TWIST NECKLACE,Long-Tail,1.5,60,1200.0,Overstock Risk,Overstock Review / Reduce Replenishment
90016A,SILVER/M.O.P PENDANT ORBIT NECKLACE,Long-Tail,2.4285714285714284,97,1198.2352941176473,Overstock Risk,Overstock Review / Reduce Replenishment
84509g,SET OF 4 FAIRY CAKE PLACEMATS,Long-Tail,2.0,79,1185.0,Overstock Risk,Overstock Review / Reduce Replenishment
90155,RESIN NECKLACE W PASTEL BEADS,Long-Tail,1.8,71,1183.3333333333333,Overstock Risk,Overstock Review / Reduce Replenishment
84963B,BLUE PAINTED KASHMIRI CHAIR,Long-Tail,3.0,117,1170.0,Overstock Risk,Overstock Review / Reduce Replenishment
90036B,"FLOWER GLASS GARLAND NECKL.36""GREEN",Long-Tail,2.0,78,1170.0,Overstock Risk,Overstock Review / Reduce Replenishment
90190B,GOLD/AMBER DROP EARRINGS W LEAF,Long-Tail,1.8571428571428572,72,1163.076923076923,Overstock Risk,Overstock Review / Reduce Replenishment
84773,RED ROSE AND LACE C/COVER,Long-Tail,3.0,116,1160.0,Overstock Risk,Overstock Review / Reduce Replenishment
90079,VINTAGE ENAMEL & CRYSTAL NECKLACE,Long-Tail,2.5,96,1152.0,Overstock Risk,Overstock Review / Reduce Replenishment
90157,RIVIERA NECKLACE,Long-Tail,2.5,96,1152.0,Overstock Risk,Overstock Review / Reduce Replenishment
90037B,TINY CRYSTAL BRACELET GREEN,Long-Tail,2.5,96,1152.0,Overstock Risk,Overstock Review / Reduce Replenishment
23702,HIGH RESOLUTION IMAGE,Long-Tail,2.0,76,1140.0,Overstock Risk,Overstock Review / Reduce Replenishment
22528,GARDENERS KNEELING PAD,Long-Tail,1.0,38,1140.0,Overstock Risk,Overstock Review / Reduce Replenishment
85049c,ROMANTIC PINKS RIBBONS,Long-Tail,1.0,38,1140.0,Overstock Risk,Overstock Review / Reduce Replenishment
90186B,CRYSTAL HOOP EARRING FLORAL LEAF,Long-Tail,2.75,104,1134.5454545454547,Overstock Risk,Overstock Review / Reduce Replenishment
90211B,JET BLACK LAS VEGAS NECKLACE 45CM,Long-Tail,2.25,85,1133.3333333333335,Overstock Risk,Overstock Review / Reduce Replenishment
21344,MOROCCAN BEATEN METAL DISH,Long-Tail,3.0,113,1130.0,Overstock Risk,Overstock Review / Reduce Replenishment
23607,SET 10 CARDS HATS & STOCKINGS 17081,Long-Tail,2.6666666666666665,100,1125.0000000000002,Overstock Risk,Overstock Review / Reduce Replenishment
72807b,SET/3 OCEAN SCENT CANDLE JEWEL BOX,Long-Tail,1.3333333333333333,50,1125.0000000000002,Overstock Risk,Overstock Review / Reduce Replenishment
90214V,"LETTER ""V"" BLING KEY RING",Long-Tail,2.6,97,1119.2307692307693,Overstock Risk,Overstock Review / Reduce Replenishment
90024D,NEW BAROQUE B'FLY NECKLACE PINK,Long-Tail,1.0,37,1110.0,Overstock Risk,Overstock Review / Reduce Replenishment
90175C,BLUE GLASS CHUNKY CHARM BRACELET,Long-Tail,2.25,83,1106.6666666666667,Overstock Risk,Overstock Review / Reduce Replenishment
44092B,BLUE WHITE PLASTIC RINGS LAMPSHADE,Long-Tail,2.8,103,1103.5714285714287,Overstock Risk,Overstock Review / Reduce Replenishment
90177B,DROP DIAMANTE EARRINGS BLACK DIAMON,Long-Tail,2.8,103,1103.5714285714287,Overstock Risk,Overstock Review / Reduce Replenishment
84922,PINK BUTTERFLY WASHBAG,Long-Tail,1.8,66,1100.0,Overstock Risk,Overstock Review / Reduce Replenishment
85132a,CHARLIE + LOLA BISCUITS TINS,Long-Tail,2.0,73,1095.0,Overstock Risk,Overstock Review / Reduce Replenishment
21275,ZINC TOP  2 DOOR WOODEN SHELF,Long-Tail,2.1666666666666665,79,1093.846153846154,Overstock Risk,Overstock Review / Reduce Replenishment
90039A,FIRE POLISHED GLASS BRACELET RED,Long-Tail,2.6666666666666665,97,1091.2500000000002,Overstock Risk,Overstock Review / Reduce Replenishment
21364,PEACE SMALL WOOD LETTERS,Long-Tail,3.0,109,1090.0,Overstock Risk,Overstock Review / Reduce Replenishment
35265,COLOURFUL FLOWER FRUIT BOWL,Long-Tail,2.4285714285714284,88,1087.058823529412,Overstock Risk,Overstock Review / Reduce Replenishment
90168,2 DAISIES HAIR COMB,Long-Tail,2.5714285714285716,93,1085.0,Overstock Risk,Overstock Review / Reduce Replenishment
23650,SET 10 CARDS FILIGREE BAUBLE 16961,Long-Tail,1.3333333333333333,48,1080.0000000000002,Overstock Risk,Overstock Review / Reduce Replenishment
90026C,GLASS BEAD HOOP NECKLACE GREEN,Long-Tail,1.3333333333333333,48,1080.0000000000002,Overstock Risk,Overstock Review / Reduce Replenishment
20670,VIP HOLIDAY PURSE,Long-Tail,1.75,63,1080.0,Overstock Risk,Overstock Review / Reduce Replenishment
84031b,CHARLIE LOLA BLUE HOT WATER BOTTLE,Long-Tail,1.0,36,1080.0,Overstock Risk,Overstock Review / Reduce Replenishment
85031C,CURIOUS IMAGES SCRAP BOOK SET,Long-Tail,3.0,108,1080.0,Overstock Risk,Overstock Review / Reduce Replenishment
90137,PINK COMBO MINI CRYSTALS NECKLACE,Long-Tail,1.0,36,1080.0,Overstock Risk,Overstock Review / Reduce Replenishment
21461,BLUE EASTER EGG HUNT START POST,Long-Tail,3.3333333333333335,119,1071.0,Overstock Risk,Overstock Review / Reduce Replenishment
17191A,ROSE FLOWER CANDLE+INCENSE 16X16CM,Long-Tail,2.0,71,1065.0,Overstock Risk,Overstock Review / Reduce Replenishment
90011B,BLACK CRYSTAL DROP EARRINGS,Long-Tail,2.0,71,1065.0,Overstock Risk,Overstock Review / Reduce Replenishment
90026A,GLASS BEAD HOOP NECKLACE BLACK,Long-Tail,2.0,71,1065.0,Overstock Risk,Overstock Review / Reduce Replenishment
90039D,FIRE POLISHED GLASS BRACELET GREEN,Long-Tail,2.625,93,1062.857142857143,Overstock Risk,Overstock Review / Reduce Replenishment
90177C,DROP DIAMANTE EARRINGS CRYSTAL,Long-Tail,2.6,92,1061.5384615384614,Overstock Risk,Overstock Review / Reduce Replenishment
37444B,BLUE BREAKFAST CUP AND SAUCER,Long-Tail,1.3333333333333333,47,1057.5000000000002,Overstock Risk,Overstock Review / Reduce Replenishment
90092,BLUE CRYSTAL BOOT PHONE CHARM,Long-Tail,1.0,35,1050.0,Overstock Risk,Overstock Review / Reduce Replenishment
21277,FRENCH STYLE EMBOSSED HEART CABINET,Long-Tail,2.6,91,1050.0,Overstock Risk,Overstock Review / Reduce Replenishment
22016,DOTCOMGIFTSHOP GIFT VOUCHER £100.00,Long-Tail,1.0,35,1050.0,Overstock Risk,Overstock Review / Reduce Replenishment
85014b,RED RETROSPOT UMBRELLA,Long-Tail,2.5,87,1044.0,Overstock Risk,Overstock Review / Reduce Replenishment
90003D,CRYSTAL PAIR HEART HAIR SLIDES,Long-Tail,3.3333333333333335,116,1044.0,Overstock Risk,Overstock Review / Reduce Replenishment
23612,SET 10 MINICARDS CUTE SNOWMAN 17071,Long-Tail,2.5,87,1044.0,Overstock Risk,Overstock Review / Reduce Replenishment
85096,HILDA CANDY SPOT RABBIT,Long-Tail,3.125,107,1027.2,Overstock Risk,Overstock Review / Reduce Replenishment
90002D,FLOWER BURST SILVER RING CRYSTAL,Long-Tail,2.6,89,1026.923076923077,Overstock Risk,Overstock Review / Reduce Replenishment
90048,GREEN WITH METAL BAG CHARM,Long-Tail,3.0,102,1020.0,Overstock Risk,Overstock Review / Reduce Replenishment
85225,BLING KEY RING STAND,Long-Tail,3.0,102,1020.0,Overstock Risk,Overstock Review / Reduce Replenishment
84795C,OCEAN STRIPE HAMMOCK,Long-Tail,2.0,68,1020.0,Overstock Risk,Overstock Review / Reduce Replenishment
84086B,YELLOW/BLUE RETRO RADIO,Long-Tail,2.6666666666666665,90,1012.5000000000001,Overstock Risk,Overstock Review / Reduce Replenishment
35443,RASTA IN BATH W SPLIFF ASHTRAY,Long-Tail,1.3333333333333333,45,1012.5000000000001,Overstock Risk,Overstock Review / Reduce Replenishment
90014C,SILVER/BLACK ORBIT NECKLACE,Long-Tail,1.6666666666666667,56,1007.9999999999999,Overstock Risk,Overstock Review / Reduce Replenishment
23640,SET 10 CARDS SCOTTIE DOG 17211,Long-Tail,3.0,100,1000.0,Overstock Risk,Overstock Review / Reduce Replenishment
84462,3 PINK HEN+CHICKS IN BASKET,Long-Tail,3.0,100,1000.0,Overstock Risk,Overstock Review / Reduce Replenishment
23620,SET 10 CARDS PERFECT POST 17090,Long-Tail,3.3333333333333335,111,998.9999999999999,Overstock Risk,Overstock Review / Reduce Replenishment
90081C,LILY BROOCH OLIVE COLOUR,Long-Tail,2.2222222222222223,74,998.9999999999999,Overstock Risk,Overstock Review / Reduce Replenishment
90187B,GREEN DROP EARRINGS W BEAD CLUSTER,Long-Tail,1.7142857142857142,57,997.5,Overstock Risk,Overstock Review / Reduce Replenishment
90202C,GREEN ENAMEL FLOWER HAIR TIE,Long-Tail,2.5,83,996.0,Overstock Risk,Overstock Review / Reduce Replenishment
23625,SET 6 CARDS SPARKLY REINDEER 17262,Long-Tail,2.25,74,986.6666666666667,Overstock Risk,Overstock Review / Reduce Replenishment
90144,SILVER DROP EARRINGS WITH FLOWER,Long-Tail,2.0,65,975.0,Overstock Risk,Overstock Review / Reduce Replenishment
90194,SILVER LARIAT BLACK STONE EARRINGS,Long-Tail,2.6666666666666665,86,967.5000000000001,Overstock Risk,Overstock Review / Reduce Replenishment
90175A,WHITE GLASS CHUNKY CHARM BRACELET,Long-Tail,2.4545454545454546,79,965.5555555555555,Overstock Risk,Overstock Review / Reduce Replenishment
90120D,WHITE MURANO TWIST BRACELET,Long-Tail,3.3333333333333335,107,962.9999999999999,Overstock Risk,Overstock Review / Reduce Replenishment
72803b,OCEAN SCENT CANDLE JEWELLED DRAWER,Long-Tail,1.0,32,960.0,Overstock Risk,Overstock Review / Reduce Replenishment
90142D,MOP PENDANT SHELL NECKLACE,Long-Tail,3.3333333333333335,106,953.9999999999999,Overstock Risk,Overstock Review / Reduce Replenishment
16244B,MAXWELL 2 TONE BLUE 60 PAGE PHOTO A,Long-Tail,3.5,111,951.4285714285714,Overstock Risk,Overstock Review / Reduce Replenishment
90141E,ORANGE PENDANT TRIPLE SHELL NECKLAC,Long-Tail,2.5,79,948.0,Overstock Risk,Overstock Review / Reduce Replenishment
90075,MONTANA DIAMOND CLUSTER NECKLACE,Long-Tail,2.0,63,945.0,Overstock Risk,Overstock Review / Reduce Replenishment
90035C,"PEARL & SHELL 42""NECKL. IVORY",Long-Tail,2.0,63,945.0,Overstock Risk,Overstock Review / Reduce Replenishment
90067B,BROWN VINTAGE VICTORIAN EARRINGS,Long-Tail,2.0,63,945.0,Overstock Risk,Overstock Review / Reduce Replenishment
85115B,S/4 BLACK DISCO PARTITION PANEL,Long-Tail,3.0,94,940.0,Overstock Risk,Overstock Review / Reduce Replenishment
23574,PACKING CHARGE,Long-Tail,2.3333333333333335,73,938.5714285714286,Overstock Risk,Overstock Review / Reduce Replenishment
23621,SET 10 CARDS DAVID'S MADONNA 17074,Long-Tail,3.0,93,930.0,Overstock Risk,Overstock Review / Reduce Replenishment
21595,DAD'S CAB ELECTRONIC METER,Long-Tail,2.0,62,930.0,Overstock Risk,Overstock Review / Reduce Replenishment
90013D,PURPLE VINTAGE EARRINGS,Long-Tail,2.0,62,930.0,Overstock Risk,Overstock Review / Reduce Replenishment
90158,ST TROPEZ NECKLACE,Long-Tail,3.75,116,928.0,Overstock Risk,Overstock Review / Reduce Replenishment
90162B,ANT SILVER LIME GREEN BOUDICCA RING,Long-Tail,3.857142857142857,119,925.5555555555554,Overstock Risk,Overstock Review / Reduce Replenishment
90195B,BLACK GEMSTONE BRACELET,Long-Tail,1.3333333333333333,41,922.5000000000001,Overstock Risk,Overstock Review / Reduce Replenishment
90199B,5 STRAND GLASS NECKLACE AMETHYST,Long-Tail,2.25,69,920.0,Overstock Risk,Overstock Review / Reduce Replenishment
84795b,SUNSET CHECK HAMMOCK,Long-Tail,1.7777777777777777,54,911.2500000000001,Overstock Risk,Overstock Review / Reduce Replenishment
90036F,"FLOWER GLASS GARLD NECKL36""TURQUOIS",Long-Tail,2.6666666666666665,81,911.2500000000001,Overstock Risk,Overstock Review / Reduce Replenishment
90060D,FIRE POLISHED GLASS NECKL BRONZE,Long-Tail,3.0,91,910.0,Overstock Risk,Overstock Review / Reduce Replenishment
21375,LARGE CAMPHOR WOOD FIELD MUSHROOM,Long-Tail,3.1538461538461537,95,903.6585365853658,Overstock Risk,Overstock Review / Reduce Replenishment
90188,DROP EARRINGS W FLOWER & LEAF,Long-Tail,1.5,45,900.0,Overstock Risk,Overstock Review / Reduce Replenishment
90011C,GREEN CRYSTAL DROP EARRINGS,Long-Tail,1.0,30,900.0,Overstock Risk,Overstock Review / Reduce Replenishment
21310,CAPIZ CHANDELIER,Long-Tail,1.0,30,900.0,Overstock Risk,Overstock Review / Reduce Replenishment
84660c,PINK STITCHED WALL CLOCK,Long-Tail,2.25,67,893.3333333333334,Overstock Risk,Overstock Review / Reduce Replenishment
84802A,WHITE ANEMONE ARTIFICIAL FLOWER,Long-Tail,2.0,59,885.0,Overstock Risk,Overstock Review / Reduce Replenishment
82613b,"METAL SIGN,CUPCAKE SINGLE HOOK",Long-Tail,1.3333333333333333,39,877.5000000000001,Overstock Risk,Overstock Review / Reduce Replenishment
84706F,RED PEONY TABLE CLOCK,Long-Tail,4.0,117,877.5,Overstock Risk,Overstock Review / Reduce Replenishment
90214P,"LETTER ""P"" BLING KEY RING",Long-Tail,3.9,114,876.9230769230769,Overstock Risk,Overstock Review / Reduce Replenishment
90018C,SILVER BLACK ORBIT DROP EARRINGS,Long-Tail,2.4,70,875.0,Overstock Risk,Overstock Review / Reduce Replenishment
84990,60 GOLD AND SILVER FAIRY CAKE CASES,Long-Tail,1.0,29,870.0,Overstock Risk,Overstock Review / Reduce Replenishment
84661b,BLACK SQUARE TABLE CLOCK,Long-Tail,1.0,29,870.0,Overstock Risk,Overstock Review / Reduce Replenishment
90211A,DIAMOND LAS VEGAS NECKLACE 45CM,Long-Tail,3.0,87,870.0,Overstock Risk,Overstock Review / Reduce Replenishment
84743C,ORANGE FELT VASE + FLOWERS,Long-Tail,1.0,29,870.0,Overstock Risk,Overstock Review / Reduce Replenishment
20820,SILVER LOOKING MIRROR,Long-Tail,2.5,72,864.0,Overstock Risk,Overstock Review / Reduce Replenishment
35591T,TURQUOISE CHRISTMAS TREE,Long-Tail,1.6666666666666667,48,863.9999999999999,Overstock Risk,Overstock Review / Reduce Replenishment
84968e,SET OF 16 VINTAGE BLACK CUTLERY,Long-Tail,1.6,46,862.5,Overstock Risk,Overstock Review / Reduce Replenishment
90177D,DROP DIAMANTE EARRINGS PURPLE,Long-Tail,2.7777777777777777,79,853.2,Overstock Risk,Overstock Review / Reduce Replenishment
90214Z,"LETTER ""Z"" BLING KEY RING",Long-Tail,2.75,78,850.909090909091,Overstock Risk,Overstock Review / Reduce Replenishment
84247K,"FOLK ART GREETING CARD,PACK/12",Long-Tail,3.142857142857143,89,849.5454545454545,Overstock Risk,Overstock Review / Reduce Replenishment
84842,HELLO SAILOR BATHROOM SET,Long-Tail,3.5,99,848.5714285714286,Overstock Risk,Overstock Review / Reduce Replenishment
90038A,GLASS AND PAINTED BEADS BRACELET TO,Long-Tail,1.875,53,848.0,Overstock Risk,Overstock Review / Reduce Replenishment
90206C,CRYSTAL DIAMANTE STAR BROOCH,Long-Tail,4.090909090909091,115,843.3333333333334,Overstock Risk,Overstock Review / Reduce Replenishment
23608,SET 10 CARDS RUDOLPHS NOSE 17097,Long-Tail,2.0,56,840.0,Overstock Risk,Overstock Review / Reduce Replenishment
23630,SET 10 CARDS HANGING BAUBLES 17080,Long-Tail,1.0,28,840.0,Overstock Risk,Overstock Review / Reduce Replenishment
90174,BUTTERFLY HAIR BAND,Long-Tail,4.222222222222222,117,831.3157894736842,Overstock Risk,Overstock Review / Reduce Replenishment
85224,ASSORTED COLOUR SILK GLASSES CASE,Long-Tail,3.0,83,830.0,Overstock Risk,Overstock Review / Reduce Replenishment
90130B,TURQ STONE/CRYSTAL EARRINGS,Long-Tail,3.25,89,821.5384615384615,Overstock Risk,Overstock Review / Reduce Replenishment
23601,SET 10 CARDS SNOWY SNOWDROPS  17100,Long-Tail,4.0,109,817.5,Overstock Risk,Overstock Review / Reduce Replenishment
90001A,ANTIQUE RASPBERRY FLOWER EARRINGS,Long-Tail,1.25,34,816.0,Overstock Risk,Overstock Review / Reduce Replenishment
16206B,RED PURSE WITH PINK HEART,Long-Tail,3.5,95,814.2857142857142,Overstock Risk,Overstock Review / Reduce Replenishment
90019C,SILVER BLACK ORBIT BRACELET,Long-Tail,1.625,44,812.3076923076923,Overstock Risk,Overstock Review / Reduce Replenishment
90214F,"LETTER ""F"" BLING KEY RING",Long-Tail,2.7,73,811.111111111111,Overstock Risk,Overstock Review / Reduce Replenishment
84596f,SMALL MARSHMALLOWS PINK BOWL,Long-Tail,2.6666666666666665,72,810.0000000000001,Overstock Risk,Overstock Review / Reduce Replenishment
23646,SET 10 CARDS JINGLE BELLS 16957,Long-Tail,2.6666666666666665,72,810.0000000000001,Overstock Risk,Overstock Review / Reduce Replenishment
84632,DECORATIVE HANGING SHELVING UNIT,Long-Tail,2.0,54,810.0,Overstock Risk,Overstock Review / Reduce Replenishment
90089,PINK CRYSTAL SKULL PHONE CHARM,Long-Tail,3.3333333333333335,90,810.0,Overstock Risk,Overstock Review / Reduce Replenishment
22761,CHEST 7 DRAWER MA CAMPAGNE,Long-Tail,3.0,81,810.0,Overstock Risk,Overstock Review / Reduce Replenishment
90160B,RED BOUDICCA LARGE BRACELET,Long-Tail,3.75,101,808.0,Overstock Risk,Overstock Review / Reduce Replenishment
47586A,PINK FAIRY CAKE CUSHION COVER,Long-Tail,3.0,80,800.0,Overstock Risk,Overstock Review / Reduce Replenishment
21681,GIANT MEDINA STAMPED METAL BOWL,Long-Tail,2.0,53,795.0,Overstock Risk,Overstock Review / Reduce Replenishment
90069,RUBY GLASS CLUSTER NECKLACE,Long-Tail,2.0,53,795.0,Overstock Risk,Overstock Review / Reduce Replenishment
90049,IVORY GOLD METAL BAG CHARM,Long-Tail,1.6666666666666667,44,792.0,Overstock Risk,Overstock Review / Reduce Replenishment
90040C,MURANO STYLE GLASS BRACELET GOLD,Long-Tail,3.0,79,790.0,Overstock Risk,Overstock Review / Reduce Replenishment
84968d,SET OF 16 VINTAGE RED CUTLERY,Long-Tail,1.0,26,780.0,Overstock Risk,Overstock Review / Reduce Replenishment
84660b,BLACK STITCHED WALL CLOCK,Long-Tail,1.0,26,780.0,Overstock Risk,Overstock Review / Reduce Replenishment
90187A,BLUE DROP EARRINGS W BEAD CLUSTER,Long-Tail,1.0,26,780.0,Overstock Risk,Overstock Review / Reduce Replenishment
44265,M/COLOUR POM-POM CURTAIN,Long-Tail,2.0,52,780.0,Overstock Risk,Overstock Review / Reduce Replenishment
90199A,5 STRAND GLASS NECKLACE BLACK,Long-Tail,2.2,57,777.2727272727273,Overstock Risk,Overstock Review / Reduce Replenishment
90059F,DIAMANTE HAIR GRIP PACK/2 LT ROSE,Long-Tail,2.625,68,777.1428571428572,Overstock Risk,Overstock Review / Reduce Replenishment
20697,LITTLE GREEN MONSTER SOFT TOY,Long-Tail,3.1666666666666665,82,776.8421052631579,Overstock Risk,Overstock Review / Reduce Replenishment
79323P,PINK CHERRY LIGHTS,Long-Tail,4.0,103,772.5,Overstock Risk,Overstock Review / Reduce Replenishment
90163B,WHITE ROSEBUD & PEARL NECKLACE,Long-Tail,1.75,45,771.4285714285714,Overstock Risk,Overstock Review / Reduce Replenishment
90177A,CLASSIC DIAMANTE EARRINGS JET,Long-Tail,1.5555555555555556,40,771.4285714285714,Overstock Risk,Overstock Review / Reduce Replenishment
37489B,BLUE/YELLOW FLOWER DESIGN BIG MUG,Long-Tail,3.875,99,766.4516129032257,Overstock Risk,Overstock Review / Reduce Replenishment
90122C,TURQUOISE CRYSTAL+GLASS BRACELET,Long-Tail,2.6666666666666665,68,765.0000000000001,Overstock Risk,Overstock Review / Reduce Replenishment
90012A,MIDNIGHT BLUE DROP CRYSTAL NECKLACE,Long-Tail,2.75,70,763.6363636363637,Overstock Risk,Overstock Review / Reduce Replenishment
90129D,AMBER GLASS TASSLE BAG CHARM,Long-Tail,3.5,89,762.8571428571429,Overstock Risk,Overstock Review / Reduce Replenishment
90212B,JET BLACK LAS VEGAS BRACELET ROUND,Long-Tail,2.5,63,756.0,Overstock Risk,Overstock Review / Reduce Replenishment
90070,RUBY GLASS CLUSTER BRACELET,Long-Tail,2.0,50,750.0,Overstock Risk,Overstock Review / Reduce Replenishment
90012B,BLACK DROP CRYSTAL NECKLACE,Long-Tail,4.333333333333333,108,747.6923076923077,Overstock Risk,Overstock Review / Reduce Replenishment
90129C,GREEN GLASS TASSLE BAG CHARM,Long-Tail,4.375,109,747.4285714285713,Overstock Risk,Overstock Review / Reduce Replenishment
44089A,PINK GAUZE BUTTERFLY LAMPSHADE,Long-Tail,3.75,93,744.0,Overstock Risk,Overstock Review / Reduce Replenishment
84993a,75 GREEN PETIT FOUR CASES,Long-Tail,2.909090909090909,72,742.5,Overstock Risk,Overstock Review / Reduce Replenishment
90179A,AMBER FINE BEAD NECKLACE W TASSEL,Long-Tail,1.5,37,740.0,Overstock Risk,Overstock Review / Reduce Replenishment
84558a,3D DOG PICTURE PLAYING CARDS,Long-Tail,1.6666666666666667,41,738.0,Overstock Risk,Overstock Review / Reduce Replenishment
90036E,"FLOWER GLASS GARLD NECKL36""AMETHYST",Long-Tail,1.75,43,737.1428571428571,Overstock Risk,Overstock Review / Reduce Replenishment
20678,LARGE BLACK DIAMANTE HAIRSLIDE,Long-Tail,4.0,98,735.0,Overstock Risk,Overstock Review / Reduce Replenishment
23619,SET 10 CARDS POINSETTIA 17093,Long-Tail,2.0,49,735.0,Overstock Risk,Overstock Review / Reduce Replenishment
90059C,DIAMANTE HAIR GRIP PACK/2 MONTANA,Long-Tail,2.142857142857143,52,728.0,Overstock Risk,Overstock Review / Reduce Replenishment
84859B,BLUE DISCO HANDBAG,Long-Tail,3.875,94,727.7419354838709,Overstock Risk,Overstock Review / Reduce Replenishment
90003C,MIDNIGHT BLUE PAIR HEART HAIR SLIDE,Long-Tail,2.909090909090909,70,721.875,Overstock Risk,Overstock Review / Reduce Replenishment
20698,LITTLE PINK MONSTER SOFT TOY,Long-Tail,4.25,102,720.0,Overstock Risk,Overstock Review / Reduce Replenishment
gift_0001_20,DOTCOMGIFTSHOP GIFT VOUCHER £20.00,Long-Tail,1.6666666666666667,40,720.0,Overstock Risk,Overstock Review / Reduce Replenishment
90122A,PINK CRYSTAL+GLASS BRACELET,Long-Tail,2.625,63,720.0,Overstock Risk,Overstock Review / Reduce Replenishment
90026B,GLASS BEAD HOOP NECKLACE MONTANA,Long-Tail,1.5,36,720.0,Overstock Risk,Overstock Review / Reduce Replenishment
90126C,AMBER BERTIE MOBILE PHONE CHARM,Long-Tail,2.0,48,720.0,Overstock Risk,Overstock Review / Reduce Replenishment
21376,LARGE  TALL CAMPHOR WOOD TOADSTOOL,Long-Tail,3.0,72,720.0,Overstock Risk,Overstock Review / Reduce Replenishment
84559a,3D SHEET OF DOG STICKERS,Long-Tail,4.833333333333333,115,713.7931034482759,Overstock Risk,Overstock Review / Reduce Replenishment
90164B,WHITE  ROSEBUD PEARL BRACELET,Long-Tail,4.75,113,713.6842105263158,Overstock Risk,Overstock Review / Reduce Replenishment
21420,OYSTER TRINKET BOX,Long-Tail,4.416666666666667,105,713.2075471698113,Overstock Risk,Overstock Review / Reduce Replenishment
90163A,PINK ROSEBUD & PEARL NECKLACE,Long-Tail,2.4,57,712.5,Overstock Risk,Overstock Review / Reduce Replenishment
84559b,3D SHEET OF CAT STICKERS,Long-Tail,2.875,68,709.5652173913043,Overstock Risk,Overstock Review / Reduce Replenishment
84358,FLOOR LAMP SHADE WOOD BASE,Long-Tail,4.125,97,705.4545454545454,Overstock Risk,Overstock Review / Reduce Replenishment
20818,GOLD TEDDY BEAR,Long-Tail,5.0,117,702.0,Overstock Risk,Overstock Review / Reduce Replenishment
90183C,BLACK DROP EARRINGS W LONG BEADS,Long-Tail,1.8,42,700.0,Overstock Risk,Overstock Review / Reduce Replenishment
90202D,PINK ENAMEL FLOWER HAIR TIE,Long-Tail,2.75,64,698.1818181818182,Overstock Risk,Overstock Review / Reduce Replenishment
90205A,LARGE MINT DIAMANTE HAIRSLIDE,Long-Tail,3.4444444444444446,80,696.774193548387,Overstock Risk,Overstock Review / Reduce Replenishment
90059D,DIAMANTE HAIR GRIP PACK/2 PERIDOT,Long-Tail,2.5,58,696.0,Overstock Risk,Overstock Review / Reduce Replenishment
84975,HEART SHAPED MIRROR,Long-Tail,5.0,116,696.0,Overstock Risk,Overstock Review / Reduce Replenishment
10123C,HEARTS WRAPPING TAPE,Long-Tail,2.5,58,696.0,Overstock Risk,Overstock Review / Reduce Replenishment
21269,ANTIQUE CREAM CUTLERY SHELF,Long-Tail,2.9,67,693.1034482758621,Overstock Risk,Overstock Review / Reduce Replenishment
90195A,PURPLE GEMSTONE BRACELET,Long-Tail,3.1666666666666665,73,691.578947368421,Overstock Risk,Overstock Review / Reduce Replenishment
90082B,DIAMANTE BOW BROOCH RED COLOUR,Long-Tail,4.166666666666667,96,691.1999999999999,Overstock Risk,Overstock Review / Reduce Replenishment
90141A,GREEN PENDANT TRIPLE SHELL NECKLACE,Long-Tail,2.0,46,690.0,Overstock Risk,Overstock Review / Reduce Replenishment
84974,S/2 ZINC HEART DESIGN PLANTERS,Long-Tail,3.5454545454545454,81,685.3846153846154,Overstock Risk,Overstock Review / Reduce Replenishment
90036C,"FLOWER GLASS GARLAND NECKL.36""BLUE",Long-Tail,1.8,41,683.3333333333333,Overstock Risk,Overstock Review / Reduce Replenishment
20964,POLYESTER FILLER PAD 60X40CM,Long-Tail,2.0,45,675.0,Overstock Risk,Overstock Review / Reduce Replenishment
90152B,BLUE/GREEN SHELL NECKLACE W PENDANT,Long-Tail,2.0,45,675.0,Overstock Risk,Overstock Review / Reduce Replenishment
84596g,SMALL CHOCOLATES PINK BOWL,Long-Tail,3.0,67,670.0,Overstock Risk,Overstock Review / Reduce Replenishment
90016B,GOLD/M.O.P PENDANT ORBIT NECKLACE,Long-Tail,2.2,49,668.1818181818181,Overstock Risk,Overstock Review / Reduce Replenishment
20933,YELLOW POT PLANT CANDLE,Long-Tail,3.8333333333333335,85,665.2173913043478,Overstock Risk,Overstock Review / Reduce Replenishment
16162L,THE KING GIFT BAG,Long-Tail,4.0,88,660.0,Overstock Risk,Overstock Review / Reduce Replenishment
85126,LARGE ROUND CUTGLASS CANDLESTICK,Long-Tail,2.0,44,660.0,Overstock Risk,Overstock Review / Reduce Replenishment
90118,PINK DAISY BAG CHARM,Long-Tail,3.0,66,660.0,Overstock Risk,Overstock Review / Reduce Replenishment
20847,ZINC HEART LATTICE CHARGER LARGE,Long-Tail,4.7272727272727275,104,659.9999999999999,Overstock Risk,Overstock Review / Reduce Replenishment
72351a,SET/6 TURQUOISE BUTTERFLY T-LIGHTS,Long-Tail,2.142857142857143,47,658.0,Overstock Risk,Overstock Review / Reduce Replenishment
84033,FLAG OF ST GEORGE,Long-Tail,3.8333333333333335,84,657.391304347826,Overstock Risk,Overstock Review / Reduce Replenishment
85189,HANGING BUTTERFLY  EGG,Long-Tail,4.5,98,653.3333333333334,Overstock Risk,Overstock Review / Reduce Replenishment
62074B,ELEPHANT CLIP W SUCTION CUP,Long-Tail,4.0,87,652.5,Overstock Risk,Overstock Review / Reduce Replenishment
23605,SET 10 CARDS 12 DAYS OF XMAS 17059,Long-Tail,4.0,87,652.5,Overstock Risk,Overstock Review / Reduce Replenishment
85161,ACRYLIC GEOMETRIC LAMP,Long-Tail,4.375,95,651.4285714285713,Overstock Risk,Overstock Review / Reduce Replenishment
10124G,ARMY CAMO BOOKCOVER TAPE,Long-Tail,4.25,92,649.4117647058823,Overstock Risk,Overstock Review / Reduce Replenishment
84706D,CHERRY BLOSSOM TABLE CLOCK,Long-Tail,4.0,86,645.0,Overstock Risk,Overstock Review / Reduce Replenishment
20785,FUSCHIA RETRO BAR STOOL,Long-Tail,3.5,75,642.8571428571429,Overstock Risk,Overstock Review / Reduce Replenishment
79149B,SILICON STAR BULB  BLUE,Long-Tail,3.0,64,640.0,Overstock Risk,Overstock Review / Reduce Replenishment
90125E,AMBER BERTIE GLASS BEAD BAG CHARM,Long-Tail,5.5,117,638.1818181818182,Overstock Risk,Overstock Review / Reduce Replenishment
35637C,PINK STRING CURTAIN WITH POLE,Long-Tail,5.0,106,636.0,Overstock Risk,Overstock Review / Reduce Replenishment
90013B,BLACK VINTAGE EARRINGS,Long-Tail,3.272727272727273,69,632.5,Overstock Risk,Overstock Review / Reduce Replenishment
21414,SCALLOP SHELL SOAP DISH,Long-Tail,1.0,21,630.0,Overstock Risk,Overstock Review / Reduce Replenishment
85031A,ROMANTIC IMAGES SCRAP BOOK SET,Long-Tail,4.0,84,630.0,Overstock Risk,Overstock Review / Reduce Replenishment
90027B,GLASS BEAD HOOP EARRINGS MONTANA,Long-Tail,1.0,21,630.0,Overstock Risk,Overstock Review / Reduce Replenishment
90175B,PINK GLASS CHUNKY CHARM BRACELET,Long-Tail,1.6666666666666667,35,630.0,Overstock Risk,Overstock Review / Reduce Replenishment
21410,COUNTRY COTTAGE  DOORSTOP GREEN,Long-Tail,1.0,21,630.0,Overstock Risk,Overstock Review / Reduce Replenishment
90000D,COPPER/OLIVE GREEN FLOWER NECKLACE,Long-Tail,2.1,44,628.5714285714286,Overstock Risk,Overstock Review / Reduce Replenishment
90145,SILVER HOOP EARRINGS WITH FLOWER,Long-Tail,2.5454545454545454,53,624.6428571428571,Overstock Risk,Overstock Review / Reduce Replenishment
90085,CRYSTAL STILETTO PHONE CHARM,Long-Tail,4.857142857142857,101,623.8235294117648,Overstock Risk,Overstock Review / Reduce Replenishment
16248B,BLUE HOLE PUNCH,Long-Tail,2.6,54,623.0769230769231,Overstock Risk,Overstock Review / Reduce Replenishment
90183B,AMETHYST DROP EARRINGS W LONG BEADS,Long-Tail,2.3333333333333335,48,617.1428571428571,Overstock Risk,Overstock Review / Reduce Replenishment
48189,DOORMAT FRIENDSHIP,Long-Tail,5.4,111,616.6666666666666,Overstock Risk,Overstock Review / Reduce Replenishment
21628,TRIANGULAR POUFFE VINTAGE,Long-Tail,5.7272727272727275,117,612.8571428571428,Overstock Risk,Overstock Review / Reduce Replenishment
20935,ROUND CACTUS CANDLE,Long-Tail,3.0,61,610.0,Overstock Risk,Overstock Review / Reduce Replenishment
47574B,ENGLISH ROSE SCENTED HANGING HEART,Long-Tail,4.0,81,607.5,Overstock Risk,Overstock Review / Reduce Replenishment
20667,CHERRY BLOSSOM PURSE,Long-Tail,5.0,101,606.0,Overstock Risk,Overstock Review / Reduce Replenishment
21758,VINTAGE SHELLS PRINT,Long-Tail,4.166666666666667,84,604.8,Overstock Risk,Overstock Review / Reduce Replenishment
37489C,GREEN/BLUE FLOWER DESIGN BIG MUG,Long-Tail,3.8333333333333335,77,602.6086956521739,Overstock Risk,Overstock Review / Reduce Replenishment
22875,NUMBER TILE COTTAGE GARDEN 7,Long-Tail,5.7272727272727275,115,602.3809523809524,Overstock Risk,Overstock Review / Reduce Replenishment
20748,KENSINGTON COFFEE SET,Long-Tail,5.181818181818182,104,602.1052631578947,Overstock Risk,Overstock Review / Reduce Replenishment
17090D,VANILLA INCENSE 40 CONES IN TIN,Long-Tail,4.833333333333333,97,602.0689655172414,Overstock Risk,Overstock Review / Reduce Replenishment
90179B,PURPLE FINE BEAD NECKLACE W TASSEL,Long-Tail,1.5,30,600.0,Overstock Risk,Overstock Review / Reduce Replenishment
21120,*BOOMBOX IPOD CLASSIC,Long-Tail,1.0,20,600.0,Overstock Risk,Overstock Review / Reduce Replenishment
84873A,FUNKY FLOWER PICNIC BAG FOR 4,Long-Tail,1.0,20,600.0,Overstock Risk,Overstock Review / Reduce Replenishment
90214O,"LETTER ""O"" BLING KEY RING",Long-Tail,4.0,80,600.0,Overstock Risk,Overstock Review / Reduce Replenishment
78034B,BLUE NETTING STORAGE HANGER,Long-Tail,1.6,32,600.0,Overstock Risk,Overstock Review / Reduce Replenishment
84465,15 PINK FLUFFY CHICKS IN BOX,Long-Tail,2.5,50,600.0,Overstock Risk,Overstock Review / Reduce Replenishment
90160A,PURPLE BOUDICCA LARGE BRACELET,Long-Tail,3.1666666666666665,63,596.8421052631579,Overstock Risk,Overstock Review / Reduce Replenishment
90204,PAIR OF ENAMEL BUTTERFLY HAIRCLIP,Long-Tail,3.2222222222222223,64,595.8620689655172,Overstock Risk,Overstock Review / Reduce Replenishment
20848,ZINC HEART LATTICE CHARGER SMALL,Long-Tail,2.625,52,594.2857142857143,Overstock Risk,Overstock Review / Reduce Replenishment
20663,QUEEN OF THE SKIES HOLIDAY PURSE,Long-Tail,2.7777777777777777,55,594.0,Overstock Risk,Overstock Review / Reduce Replenishment
90096,NECKLACE+BRACELET SET BLUE BLOSSOM,Long-Tail,4.090909090909091,81,594.0,Overstock Risk,Overstock Review / Reduce Replenishment
90036D,"FLOWER GLASS GARLAND NECKL.36""BLACK",Long-Tail,2.4,47,587.5,Overstock Risk,Overstock Review / Reduce Replenishment
90064B,BLACK VINTAGE  CRYSTAL EARRINGS,Long-Tail,2.4,47,587.5,Overstock Risk,Overstock Review / Reduce Replenishment
84620,BLUE GINGHAM ROSE CUSHION COVER,Long-Tail,2.0,39,585.0,Overstock Risk,Overstock Review / Reduce Replenishment
72801c,4 ROSE PINK DINNER CANDLES,Long-Tail,3.25,63,581.5384615384615,Overstock Risk,Overstock Review / Reduce Replenishment
90184B,AMETHYST CHUNKY BEAD BRACELET W STR,Long-Tail,3.6666666666666665,71,580.9090909090909,Overstock Risk,Overstock Review / Reduce Replenishment
44089C,LILAC GAUZE BUTTERFLY LAMPSHADE,Long-Tail,6.0,116,580.0,Overstock Risk,Overstock Review / Reduce Replenishment
21349,IVY HEART WREATH,Long-Tail,6.0,116,580.0,Overstock Risk,Overstock Review / Reduce Replenishment
84575A,PINK DOG CANNISTER,Long-Tail,4.666666666666667,90,578.5714285714286,Overstock Risk,Overstock Review / Reduce Replenishment
85039a,SET/4 RED MINI ROSE CANDLE IN BOWL,Long-Tail,3.636363636363636,70,577.5000000000001,Overstock Risk,Overstock Review / Reduce Replenishment
90003E,GREEN PAIR HEART HAIR SLIDES,Long-Tail,2.875,55,573.9130434782609,Overstock Risk,Overstock Review / Reduce Replenishment
90196A,PURPLE GEMSTONE NECKLACE 45CM,Long-Tail,2.6666666666666665,51,573.7500000000001,Overstock Risk,Overstock Review / Reduce Replenishment
20851,ZINC HEART LATTICE TRAY OVAL,Long-Tail,2.25,43,573.3333333333334,Overstock Risk,Overstock Review / Reduce Replenishment
90186A,AMETHYST HOOP EARRING FLORAL LEAF,Long-Tail,1.8333333333333333,35,572.7272727272727,Overstock Risk,Overstock Review / Reduce Replenishment
16207B,PINK HEART RED HANDBAG,Long-Tail,4.833333333333333,92,571.0344827586207,Overstock Risk,Overstock Review / Reduce Replenishment
23664,FLOWER SHOP DESIGN MUG,Long-Tail,1.0,19,570.0,Overstock Risk,Overstock Review / Reduce Replenishment
84971l,LARGE HEART FLOWERS HOOK,Long-Tail,2.0,38,570.0,Overstock Risk,Overstock Review / Reduce Replenishment
37462E,"PET MUG, GOLDFISH",Long-Tail,4.0,76,570.0,Overstock Risk,Overstock Review / Reduce Replenishment
22824,3 TIER SWEETHEART GARDEN SHELF,Long-Tail,4.583333333333333,87,569.4545454545455,Overstock Risk,Overstock Review / Reduce Replenishment
23463,VINTAGE ZINC WATERING CAN,Long-Tail,4.333333333333333,82,567.6923076923077,Overstock Risk,Overstock Review / Reduce Replenishment
90129F,RED GLASS TASSLE BAG CHARM,Long-Tail,4.444444444444445,84,566.9999999999999,Overstock Risk,Overstock Review / Reduce Replenishment
90125B,AQUA BERTIE GLASS BEAD BAG CHARM,Long-Tail,6.0,113,565.0,Overstock Risk,Overstock Review / Reduce Replenishment
84510c,SET OF 4 POLKADOT COASTERS,Long-Tail,4.0,75,562.5,Overstock Risk,Overstock Review / Reduce Replenishment
20780,BLACK EAR MUFF HEADPHONES,Long-Tail,5.875,110,561.7021276595744,Overstock Risk,Overstock Review / Reduce Replenishment
90160D,PINK BOUDICCA LARGE BRACELET,Long-Tail,3.8,71,560.5263157894738,Overstock Risk,Overstock Review / Reduce Replenishment
21757,LIGHTHOUSE PRINTED METAL SIGN,Long-Tail,3.0,56,560.0,Overstock Risk,Overstock Review / Reduce Replenishment
72132,COLUMBIAN CUBE CANDLE,Long-Tail,4.666666666666667,87,559.2857142857142,Overstock Risk,Overstock Review / Reduce Replenishment
82011B,BATHROOM SCALES RUBBER DUCKS,Long-Tail,4.777777777777778,89,558.8372093023255,Overstock Risk,Overstock Review / Reduce Replenishment
20954,*USB OFFICE MIRROR BALL,Long-Tail,2.0,37,555.0,Overstock Risk,Overstock Review / Reduce Replenishment
22764,"RUSTIC WOODEN CABINET, GLASS DOORS",Long-Tail,2.5,46,552.0,Overstock Risk,Overstock Review / Reduce Replenishment
46776a,WOVEN BUBBLE GUM CUSHION COVER,Long-Tail,5.0,92,552.0,Overstock Risk,Overstock Review / Reduce Replenishment
90208,PAIR OF PINK FLOWER CLUSTER SLIDE,Long-Tail,5.888888888888889,108,550.188679245283,Overstock Risk,Overstock Review / Reduce Replenishment
84508B,STRIPES DESIGN TEDDY,Long-Tail,5.090909090909091,92,542.1428571428571,Overstock Risk,Overstock Review / Reduce Replenishment
84600,NEW BAROQUE JEWELLERY BOX,Long-Tail,4.818181818181818,87,541.6981132075472,Overstock Risk,Overstock Review / Reduce Replenishment
35004P,SET OF 3 PINK FLYING DUCKS,Long-Tail,1.0,18,540.0,Overstock Risk,Overstock Review / Reduce Replenishment
47579,TEA TIME BREAKFAST BASKET,Long-Tail,1.0,18,540.0,Overstock Risk,Overstock Review / Reduce Replenishment
90176B,DIAMANTE NECKLACE BLACK,Long-Tail,2.0,36,540.0,Overstock Risk,Overstock Review / Reduce Replenishment
90065B,BLACK VINT ART DEC CRYSTAL BRACELET,Long-Tail,1.0,18,540.0,Overstock Risk,Overstock Review / Reduce Replenishment
37379A,PINK CHERRY BLOSSOM CUP & SAUCER,Long-Tail,6.0,107,535.0,Overstock Risk,Overstock Review / Reduce Replenishment
22825,DECORATIVE PLANT POT WITH FRIEZE,Long-Tail,6.083333333333333,108,532.6027397260274,Overstock Risk,Overstock Review / Reduce Replenishment
37489A,YELLOW/PINK FLOWER DESIGN BIG MUG,Long-Tail,3.6666666666666665,65,531.8181818181819,Overstock Risk,Overstock Review / Reduce Replenishment
84910A,PINK PAISLEY CUSHION COVER,Long-Tail,5.2,92,530.7692307692307,Overstock Risk,Overstock Review / Reduce Replenishment
84508C,BLUE CIRCLES DESIGN TEDDY,Long-Tail,4.666666666666667,82,527.1428571428571,Overstock Risk,Overstock Review / Reduce Replenishment
44092C,PURPLE/COPPER HANGING LAMPSHADE,Long-Tail,4.0,70,525.0,Overstock Risk,Overstock Review / Reduce Replenishment
22872,NUMBER TILE COTTAGE GARDEN 4,Long-Tail,6.0,105,525.0,Overstock Risk,Overstock Review / Reduce Replenishment
37351,ORANGE FLOWER MUG,Long-Tail,5.0,87,522.0,Overstock Risk,Overstock Review / Reduce Replenishment
21827,EIGHT PIECE CREEPY CRAWLIE SET,Long-Tail,3.0,52,520.0,Overstock Risk,Overstock Review / Reduce Replenishment
90046,WHITE WITH METAL BAG CHARM,Long-Tail,3.0,52,520.0,Overstock Risk,Overstock Review / Reduce Replenishment
84872a,TEATIME FUNKY FLOWER BACKPACK FOR 2,Long-Tail,5.2,90,519.2307692307692,Overstock Risk,Overstock Review / Reduce Replenishment
90059B,DIAMANTE HAIR GRIP PACK/2 BLACK DIA,Long-Tail,2.6666666666666665,46,517.5000000000001,Overstock Risk,Overstock Review / Reduce Replenishment
85089,CANDY SPOT BUNNY,Long-Tail,3.25,56,516.9230769230769,Overstock Risk,Overstock Review / Reduce Replenishment
90201D,GREEN ENAMEL FLOWER RING,Long-Tail,5.923076923076923,102,516.6233766233765,Overstock Risk,Overstock Review / Reduce Replenishment
20696,FLORAL SOFT CAR TOY,Long-Tail,6.0,103,515.0,Overstock Risk,Overstock Review / Reduce Replenishment
84352,SILVER CHRISTMAS TREE BAUBLE STAND,Long-Tail,5.666666666666667,97,513.5294117647059,Overstock Risk,Overstock Review / Reduce Replenishment
84707B,PINK JEWELLED MIRROR TRINKET TRAY,Long-Tail,4.857142857142857,83,512.6470588235295,Overstock Risk,Overstock Review / Reduce Replenishment
85035c,ROSE 3 WICK MORRIS BOX CANDLE,Long-Tail,1.0,17,510.0,Overstock Risk,Overstock Review / Reduce Replenishment
85024C,PINK SMALL JEWELLED PHOTOFRAME,Long-Tail,2.0,34,510.0,Overstock Risk,Overstock Review / Reduce Replenishment
85034b,3 WHITE CHOC MORRIS BOXED CANDLES,Long-Tail,1.0,17,510.0,Overstock Risk,Overstock Review / Reduce Replenishment
72802c,VANILLA SCENT CANDLE JEWELLED BOX,Long-Tail,1.0,17,510.0,Overstock Risk,Overstock Review / Reduce Replenishment
84534b,FAIRY CAKE NOTEBOOK A5 SIZE,Long-Tail,2.0,34,510.0,Overstock Risk,Overstock Review / Reduce Replenishment
23628,SET 10 CARDS TRIANGLE ICONS  17220,Long-Tail,1.0,17,510.0,Overstock Risk,Overstock Review / Reduce Replenishment
90214N,"LETTER ""N"" BLING KEY RING",Long-Tail,3.4166666666666665,58,509.2682926829268,Overstock Risk,Overstock Review / Reduce Replenishment
21476,STEEL SWEETHEART ROUND TABLE CREAM,Long-Tail,4.555555555555555,77,507.0731707317073,Overstock Risk,Overstock Review / Reduce Replenishment
47589,CONGRATULATIONS BUNTING,Long-Tail,4.333333333333333,73,505.3846153846154,Overstock Risk,Overstock Review / Reduce Replenishment
21629,SQUARE FLOOR CUSHION VINTAGE RED,Long-Tail,5.461538461538462,92,505.3521126760564,Overstock Risk,Overstock Review / Reduce Replenishment
84206C,CHAMPAGNE TRAY BLANK CARD,Long-Tail,4.0,67,502.5,Overstock Risk,Overstock Review / Reduce Replenishment
90214J,"LETTER ""J"" BLING KEY RING",Long-Tail,5.916666666666667,99,501.97183098591546,Overstock Risk,Overstock Review / Reduce Replenishment
21360,JOY LARGE WOOD LETTERS,Long-Tail,5.571428571428571,93,500.76923076923083,Overstock Risk,Overstock Review / Reduce Replenishment
85132b,CHARLIE AND LOLA TABLE TINS,Long-Tail,3.0,50,500.0,Overstock Risk,Overstock Review / Reduce Replenishment
90197B,BLACK GLASS BRACELET W HEART CHARMS,Long-Tail,3.1818181818181817,53,499.7142857142858,Overstock Risk,Overstock Review / Reduce Replenishment
22887,NUMBER TILE VINTAGE FONT 8,Long-Tail,6.5,108,498.46153846153845,Overstock Risk,Overstock Review / Reduce Replenishment
90176E,DIAMANTE NECKLACE GREEN,Long-Tail,1.3333333333333333,22,495.00000000000006,Overstock Risk,Overstock Review / Reduce Replenishment
22879,NUMBER TILE VINTAGE FONT 0,Long-Tail,7.0,115,492.85714285714283,Overstock Risk,Overstock Review / Reduce Replenishment
90199C,5 STRAND GLASS NECKLACE CRYSTAL,Long-Tail,3.1666666666666665,52,492.63157894736844,Overstock Risk,Overstock Review / Reduce Replenishment
90124C,GREEN MURANO TWIST NECKLACE,Long-Tail,1.8333333333333333,30,490.90909090909093,Overstock Risk,Overstock Review / Reduce Replenishment
47341B,BLUE TABLE RUN FLOWER,Long-Tail,6.428571428571429,105,489.99999999999994,Overstock Risk,Overstock Review / Reduce Replenishment
82613c,"METAL SIGN,CUPCAKE SINGLE HOOK",Long-Tail,1.6666666666666667,27,485.99999999999994,Overstock Risk,Overstock Review / Reduce Replenishment
84497,BUTTONS AND STRIPES NOTEBOOK,Long-Tail,2.6,42,484.6153846153846,Overstock Risk,Overstock Review / Reduce Replenishment
46776e,WOVEN CANDY CUSHION COVER,Long-Tail,1.0,16,480.0,Overstock Risk,Overstock Review / Reduce Replenishment
84569C,PACK 4 FLOWER/BUTTERFLY PATCHES,Long-Tail,1.0,16,480.0,Overstock Risk,Overstock Review / Reduce Replenishment
84679,CLASSICAL ROSE TABLE LAMP,Long-Tail,3.0,48,480.0,Overstock Risk,Overstock Review / Reduce Replenishment
23635,SET 10 CARDS CHRISTMAS HOLLY  17259,Long-Tail,1.0,16,480.0,Overstock Risk,Overstock Review / Reduce Replenishment
90120C,GREEN MURANO TWIST BRACELET,Long-Tail,5.1,81,476.47058823529414,Overstock Risk,Overstock Review / Reduce Replenishment
22802,FAUX FUR CHOCOLATE THROW,Long-Tail,7.25,113,467.58620689655174,Overstock Risk,Overstock Review / Reduce Replenishment
82605,OLD DOC RUSSEL METAL SIGN,Long-Tail,7.0,109,467.1428571428571,Overstock Risk,Overstock Review / Reduce Replenishment
90116,FRUIT SALAD BAG CHARM,Long-Tail,5.333333333333333,83,466.87500000000006,Overstock Risk,Overstock Review / Reduce Replenishment
84874B,BLUE TRAVEL FIRST AID KIT,Long-Tail,5.857142857142857,91,466.0975609756098,Overstock Risk,Overstock Review / Reduce Replenishment
84927A,WAKE UP COCKEREL TILE HOOK,Long-Tail,6.25,97,465.59999999999997,Overstock Risk,Overstock Review / Reduce Replenishment
84907,PINK YELLOW PATCH CUSHION COVER,Long-Tail,3.625,56,463.44827586206895,Overstock Risk,Overstock Review / Reduce Replenishment
84592,CROCHET ROSE PURSE WITH SUEDE BACK,Long-Tail,7.6,117,461.842105263158,Overstock Risk,Overstock Review / Reduce Replenishment
90161B,ANT COPPER TURQ BOUDICCA BRACELET,Long-Tail,7.6,117,461.842105263158,Overstock Risk,Overstock Review / Reduce Replenishment
85114b,IVORY ENCHANTED FOREST PLACEMAT,Long-Tail,4.0,61,457.5,Overstock Risk,Overstock Review / Reduce Replenishment
90151,SILVER/NATURAL SHELL NECKLACE,Long-Tail,4.0,61,457.5,Overstock Risk,Overstock Review / Reduce Replenishment
81950V,FLOWER PURPLE CLOCK W/SUCKER,Long-Tail,5.0,76,456.0,Overstock Risk,Overstock Review / Reduce Replenishment
20657,TROPICAL LUGGAGE TAG,Long-Tail,6.083333333333333,92,453.6986301369863,Overstock Risk,Overstock Review / Reduce Replenishment
90038C,GLASS AND BEADS BRACELET IVORY,Long-Tail,2.25,34,453.33333333333337,Overstock Risk,Overstock Review / Reduce Replenishment
16207A,PINK STRAWBERRY HANDBAG,Long-Tail,7.5,113,452.0,Overstock Risk,Overstock Review / Reduce Replenishment
21763,VINTAGE WOODEN BAR STOOL,Long-Tail,2.0,30,450.0,Overstock Risk,Overstock Review / Reduce Replenishment
20793,BLUE TILED TRAY,Long-Tail,2.0,30,450.0,Overstock Risk,Overstock Review / Reduce Replenishment
85028L,FRENCH CHATEAU LARGE FRUIT BOWL,Long-Tail,5.0,75,450.0,Overstock Risk,Overstock Review / Reduce Replenishment
21336,GOLD WASHBAG,Long-Tail,6.75,101,448.88888888888886,Overstock Risk,Overstock Review / Reduce Replenishment
23637,SET 10 CARDS OUT OF ORDER 17216,Long-Tail,2.75,41,447.2727272727273,Overstock Risk,Overstock Review / Reduce Replenishment
72709,IVORY SCULPTED RND CANDLE,Long-Tail,7.333333333333333,109,445.90909090909093,Overstock Risk,Overstock Review / Reduce Replenishment
37330,BIG POLKADOT MUG,Long-Tail,6.0,89,445.0,Overstock Risk,Overstock Review / Reduce Replenishment
20819,SILVER TEDDY BEAR,Long-Tail,7.111111111111111,105,442.96875000000006,Overstock Risk,Overstock Review / Reduce Replenishment
46775D,SUNSET COLOUR CHUNKY KNITTED THROW,Long-Tail,4.615384615384615,68,442.00000000000006,Overstock Risk,Overstock Review / Reduce Replenishment
20617,FIRST CLASS PASSPORT COVER,Regular,7.75,114,441.2903225806451,Overstock Risk,Overstock Review / Reduce Replenishment
84924A,WAKE UP COCKEREL CALENDAR SIGN,Long-Tail,7.363636363636363,108,440.0,Overstock Risk,Overstock Review / Reduce Replenishment
23623,SET 10 CARD CHRISTMAS WELCOME 17112,Long-Tail,2.6666666666666665,39,438.75000000000006,Overstock Risk,Overstock Review / Reduce Replenishment
84989a,75 GREEN FAIRY CAKE CASES,Long-Tail,4.666666666666667,68,437.1428571428571,Overstock Risk,Overstock Review / Reduce Replenishment
90104,PURPLE FRANGIPANI HAIRCLIP,Long-Tail,7.0,102,437.1428571428571,Overstock Risk,Overstock Review / Reduce Replenishment
84631,FRUIT TREE AND BIRDS WALL PLAQUE,Long-Tail,6.666666666666667,97,436.49999999999994,Overstock Risk,Overstock Review / Reduce Replenishment
84796a,PINK HAWAIIAN PICNIC HAMPER FOR 2,Long-Tail,2.8333333333333335,41,434.1176470588235,Overstock Risk,Overstock Review / Reduce Replenishment
20795,LARGE BLUE PROVENCAL CERAMIC BALL,Long-Tail,8.166666666666666,118,433.4693877551021,Overstock Risk,Overstock Review / Reduce Replenishment
23603,SET 10 CARD KRAFT REINDEER 17084,Long-Tail,6.666666666666667,96,431.99999999999994,Overstock Risk,Overstock Review / Reduce Replenishment
90196B,BLACK GEMSTONE NECKLACE 45CM,Long-Tail,1.6666666666666667,24,431.99999999999994,Overstock Risk,Overstock Review / Reduce Replenishment
20941,FROG CANDLE,Long-Tail,8.0,115,431.25,Overstock Risk,Overstock Review / Reduce Replenishment
90120A,PINK MURANO TWIST BRACELET,Long-Tail,3.5,50,428.57142857142856,Overstock Risk,Overstock Review / Reduce Replenishment
90185B,AMETHYST DIAMANTE EXPANDABLE RING,Long-Tail,2.875,41,427.8260869565217,Overstock Risk,Overstock Review / Reduce Replenishment
35909B,PINK FLOWERS RABBIT EASTER,Long-Tail,4.0,57,427.5,Overstock Risk,Overstock Review / Reduce Replenishment
84921,CREAM AND PINK FLOWERS PONY,Long-Tail,2.75,39,425.4545454545455,Overstock Risk,Overstock Review / Reduce Replenishment
37444C,PINK BREAKFAST CUP AND SAUCER,Long-Tail,7.0,99,424.2857142857143,Overstock Risk,Overstock Review / Reduce Replenishment
21000,ROSE DU SUD COSMETICS BAG,Regular,8.0,113,423.75,Overstock Risk,Overstock Review / Reduce Replenishment
37476,CONDIMENT TRAY 4 BOWLS AND 4 SPOONS,Long-Tail,4.111111111111111,58,423.24324324324334,Overstock Risk,Overstock Review / Reduce Replenishment
84658,WHITE STITCHED CUSHION COVER,Long-Tail,6.333333333333333,89,421.57894736842104,Overstock Risk,Overstock Review / Reduce Replenishment
23652,SET 10 CARD CHRISTMAS STAMPS 16963,Long-Tail,2.0,28,420.0,Overstock Risk,Overstock Review / Reduce Replenishment
90182C,BLACK 3 BEAD DROP EARRINGS,Long-Tail,2.0,28,420.0,Overstock Risk,Overstock Review / Reduce Replenishment
21128,GOLD FISHING GNOME,Long-Tail,5.666666666666667,79,418.235294117647,Overstock Risk,Overstock Review / Reduce Replenishment
22878,NUMBER TILE COTTAGE GARDEN NO,Long-Tail,6.25,87,417.59999999999997,Overstock Risk,Overstock Review / Reduce Replenishment
90031,BILI NUT AND WOOD NECKLACE,Long-Tail,8.333333333333334,116,417.59999999999997,Overstock Risk,Overstock Review / Reduce Replenishment
35649,VINTAGE BEAD COSMETIC BAG,Long-Tail,7.125,99,416.8421052631579,Overstock Risk,Overstock Review / Reduce Replenishment
84415B,BLUE FLOCK CUSHION COVER,Long-Tail,2.6666666666666665,37,416.25000000000006,Overstock Risk,Overstock Review / Reduce Replenishment
84732D,CUTE RABBIT CEATURE SCREEN,Long-Tail,5.5,76,414.54545454545456,Overstock Risk,Overstock Review / Reduce Replenishment
84798B,PURPLE FOXGLOVE ARTIIFCIAL FLOWER,Long-Tail,5.5,76,414.54545454545456,Overstock Risk,Overstock Review / Reduce Replenishment
90099,NECKLACE+BRACELET SET BLUE HIBISCUS,Long-Tail,4.5,62,413.33333333333337,Overstock Risk,Overstock Review / Reduce Replenishment
90014A,SILVER/MOP ORBIT NECKLACE,Long-Tail,2.25,31,413.33333333333337,Overstock Risk,Overstock Review / Reduce Replenishment
71510,SQUARE METAL CANDLEHOLDER BASE,Long-Tail,8.666666666666666,119,411.92307692307696,Overstock Risk,Overstock Review / Reduce Replenishment
82011C,BATHROOM SCALES FOOTPRINTS IN SAND,Long-Tail,6.375,87,409.4117647058824,Overstock Risk,Overstock Review / Reduce Replenishment
20694,FLORAL PINK MONSTER,Long-Tail,4.777777777777778,65,408.1395348837209,Overstock Risk,Overstock Review / Reduce Replenishment
20934,SET/3 POT PLANT CANDLES,Long-Tail,6.181818181818182,84,407.64705882352945,Overstock Risk,Overstock Review / Reduce Replenishment
84919,BLUE CUSHION COVER WITH FLOWER,Long-Tail,7.25,98,405.51724137931035,Overstock Risk,Overstock Review / Reduce Replenishment
20892,SET/3 TALL GLASS CANDLE HOLDER PINK,Long-Tail,4.0,54,405.0,Overstock Risk,Overstock Review / Reduce Replenishment
90178A,AMBER CHUNKY GLASS+BEAD NECKLACE,Long-Tail,2.0,27,405.0,Overstock Risk,Overstock Review / Reduce Replenishment
85067,CREAM SWEETHEART WALL CABINET,Long-Tail,3.5,47,402.85714285714283,Overstock Risk,Overstock Review / Reduce Replenishment
84673A,PINK FLY SWAT,Regular,8.363636363636363,112,401.7391304347827,Overstock Risk,Overstock Review / Reduce Replenishment
22125,UNION JACK HOT WATER BOTTLE,Long-Tail,6.5,87,401.53846153846155,Overstock Risk,Overstock Review / Reduce Replenishment
20906,VINTAGE NOTEBOOK BEAUTY GIRL,Long-Tail,1.5,20,400.0,Overstock Risk,Overstock Review / Reduce Replenishment
20763,DAISY SKETCHBOOK,Long-Tail,6.083333333333333,81,399.45205479452056,Overstock Risk,Overstock Review / Reduce Replenishment
71215,METAL BASE FOR CANDLES,Long-Tail,5.5,73,398.1818181818182,Overstock Risk,Overstock Review / Reduce Replenishment
22869,NUMBER TILE COTTAGE GARDEN 1,Regular,8.0,106,397.5,Overstock Risk,Overstock Review / Reduce Replenishment
79157V,UBO-LIGHT TRIOBASE PURPLE,Long-Tail,2.5,33,396.0,Overstock Risk,Overstock Review / Reduce Replenishment
90214K,"LETTER ""K"" BLING KEY RING",Long-Tail,6.0,79,395.0,Overstock Risk,Overstock Review / Reduce Replenishment
72783,BLACK SIL'T SQU CANDLE PLATE,Long-Tail,8.0,105,393.75,Overstock Risk,Overstock Review / Reduce Replenishment
90161D,ANT COPPER PINK BOUDICCA BRACELET,Long-Tail,6.4,84,393.75,Overstock Risk,Overstock Review / Reduce Replenishment
85018D,YULETIDE IMAGES S/6 PAPER BOXES,Long-Tail,6.0,78,390.0,Overstock Risk,Overstock Review / Reduce Replenishment
85035a,GARDENIA 3 WICK MORRIS BOXED CANDLE,Long-Tail,2.0,26,390.0,Overstock Risk,Overstock Review / Reduce Replenishment
90129A,PINK GLASS TASSLE BAG CHARM,Long-Tail,5.625,73,389.3333333333333,Overstock Risk,Overstock Review / Reduce Replenishment
85014a,BLACK/BLUE POLKADOT UMBRELLA,Long-Tail,2.25,29,386.6666666666667,Overstock Risk,Overstock Review / Reduce Replenishment
84616,SILVER ROCCOCO CHANDELIER,Long-Tail,2.3333333333333335,30,385.7142857142857,Overstock Risk,Overstock Review / Reduce Replenishment
90093,CLEAR CRYSTAL STAR PHONE CHARM,Long-Tail,5.777777777777778,74,384.2307692307692,Overstock Risk,Overstock Review / Reduce Replenishment
85135B,BLUE DRAGONFLY HELICOPTER,Long-Tail,7.222222222222222,92,382.15384615384613,Overstock Risk,Overstock Review / Reduce Replenishment
DCGSSGIRL,GIRLS PARTY BAG,Long-Tail,5.875,74,377.87234042553195,Overstock Risk,Overstock Review / Reduce Replenishment
84708B,PINK JEWELLED PHOTO FRAME,Long-Tail,6.2,78,377.4193548387097,Overstock Risk,Overstock Review / Reduce Replenishment
84675,FROG KING WATERING CAN,Long-Tail,9.0,113,376.6666666666667,Overstock Risk,Overstock Review / Reduce Replenishment
84927D,LA PALMIERA TILE HOOK,Long-Tail,6.714285714285714,84,375.3191489361702,Overstock Risk,Overstock Review / Reduce Replenishment
84802B,PURPLE ANEMONE ARTIFICIAL FLOWER,Long-Tail,4.0,50,375.0,Overstock Risk,Overstock Review / Reduce Replenishment
90183A,AMBER DROP EARRINGS W LONG BEADS,Long-Tail,4.0,50,375.0,Overstock Risk,Overstock Review / Reduce Replenishment
90013A,MIDNIGHT BLUE VINTAGE EARRINGS,Long-Tail,5.2,65,375.0,Overstock Risk,Overstock Review / Reduce Replenishment
82011A,"BATHROOM SCALES, TROPICAL BEACH",Long-Tail,2.0,25,375.0,Overstock Risk,Overstock Review / Reduce Replenishment
35645,VINTAGE BEAD PINK JEWEL BOX,Long-Tail,2.0,25,375.0,Overstock Risk,Overstock Review / Reduce Replenishment
90076,MONTANA DIAMOND CLUSTER EARRINGS,Long-Tail,2.25,28,373.33333333333337,Overstock Risk,Overstock Review / Reduce Replenishment
20756,GREEN FERN POCKET BOOK,Long-Tail,7.875,98,373.3333333333333,Overstock Risk,Overstock Review / Reduce Replenishment
37333,"RETRO ""TEA FOR ONE""",Long-Tail,3.5,43,368.57142857142856,Overstock Risk,Overstock Review / Reduce Replenishment
84801B,WHITE HYDRANGEA ART FLOWER,Long-Tail,7.333333333333333,90,368.1818181818182,Overstock Risk,Overstock Review / Reduce Replenishment
90039B,FIRE POLISHED GLASS BRACELET MONTAN,Long-Tail,2.2,27,368.1818181818182,Overstock Risk,Overstock Review / Reduce Replenishment
90214D,"LETTER ""D"" BLING KEY RING",Long-Tail,5.230769230769231,64,367.05882352941177,Overstock Risk,Overstock Review / Reduce Replenishment
84854,GIRLY PINK TOOL SET,Long-Tail,5.0,61,366.0,Overstock Risk,Overstock Review / Reduce Replenishment
22194,BLACK DINER WALL CLOCK,Long-Tail,7.333333333333333,89,364.0909090909091,Overstock Risk,Overstock Review / Reduce Replenishment
72801d,4 SKY BLUE DINNER CANDLES,Long-Tail,5.769230769230769,70,364.0,Overstock Risk,Overstock Review / Reduce Replenishment
21413,PERIWINKLE T-LIGHT HOLDER,Long-Tail,6.857142857142857,83,363.125,Overstock Risk,Overstock Review / Reduce Replenishment
90214L,"LETTER ""L"" BLING KEY RING",Regular,8.545454545454545,103,361.59574468085106,Overstock Risk,Overstock Review / Reduce Replenishment
85124C,GREEN JUICY FRUIT PHOTO FRAME,Regular,9.4,113,360.6382978723404,Overstock Risk,Overstock Review / Reduce Replenishment
16254,TRANSPARENT ACRYLIC TAPE DISPENSER,Long-Tail,6.666666666666667,80,360.0,Overstock Risk,Overstock Review / Reduce Replenishment
90112,PINK DOLLY HAIR CLIPS,Long-Tail,2.0,24,360.0,Overstock Risk,Overstock Review / Reduce Replenishment
84206B,CAT WITH SUNGLASSES BLANK CARD,Long-Tail,5.0,60,360.0,Overstock Risk,Overstock Review / Reduce Replenishment
84551,CROCHET DOG KEYRING,Long-Tail,6.5,78,360.0,Overstock Risk,Overstock Review / Reduce Replenishment
90037C,TINY CRYSTAL BRACELET BLUE,Long-Tail,1.25,15,360.0,Overstock Risk,Overstock Review / Reduce Replenishment
84984D,ORIENTAL RED CUSHION COVER,Long-Tail,3.25,39,360.0,Overstock Risk,Overstock Review / Reduce Replenishment
84712B,PINK JEWELLED PHOTO FRAME,Long-Tail,3.0,36,360.0,Overstock Risk,Overstock Review / Reduce Replenishment
90019A,SILVER M.O.P ORBIT BRACELET,Long-Tail,3.1666666666666665,38,360.0,Overstock Risk,Overstock Review / Reduce Replenishment
84751B,BLACK MEDIUM GLASS CAKE STAND,Long-Tail,4.25,51,360.0,Overstock Risk,Overstock Review / Reduce Replenishment
22881,NUMBER TILE VINTAGE FONT 2,Regular,7.846153846153846,94,359.4117647058823,Overstock Risk,Overstock Review / Reduce Replenishment
90010E,AMBER GLASS/SILVER BRACELET,Long-Tail,2.7777777777777777,33,356.40000000000003,Overstock Risk,Overstock Review / Reduce Replenishment
90169,DAISY HAIR COMB,Long-Tail,2.111111111111111,25,355.2631578947368,Overstock Risk,Overstock Review / Reduce Replenishment
85135A,YELLOW DRAGONFLY HELICOPTER,Long-Tail,6.333333333333333,75,355.2631578947368,Overstock Risk,Overstock Review / Reduce Replenishment
90059E,DIAMANTE HAIR GRIP PACK/2 RUBY,Long-Tail,3.125,37,355.2,Overstock Risk,Overstock Review / Reduce Replenishment
21943,CAKES AND RABBITS DESIGN FLANNEL,Regular,9.916666666666666,117,353.9495798319328,Overstock Risk,Overstock Review / Reduce Replenishment
90123C,GREEN HEART OF GLASS BRACELET,Long-Tail,2.8,33,353.5714285714286,Overstock Risk,Overstock Review / Reduce Replenishment
23047,PAPER LANTERN 5 POINT SEQUIN STAR,Long-Tail,8.285714285714286,97,351.2068965517241,Overstock Risk,Overstock Review / Reduce Replenishment
40046A,RED DAISY PAPER LAMPSHADE,Long-Tail,10.0,117,351.0,Overstock Risk,Overstock Review / Reduce Replenishment
90214R,"LETTER ""R"" BLING KEY RING",Long-Tail,4.555555555555555,53,349.0243902439025,Overstock Risk,Overstock Review / Reduce Replenishment
21460,GREEN EASTER EGG HUNT START POST,Long-Tail,9.333333333333334,108,347.1428571428571,Overstock Risk,Overstock Review / Reduce Replenishment
85040a,S/4 PINK FLOWER CANDLES IN BOWL,Long-Tail,3.2,37,346.875,Overstock Risk,Overstock Review / Reduce Replenishment
84429A,MEDIUM PINK BUDDHA HEAD,Long-Tail,4.5,52,346.6666666666667,Overstock Risk,Overstock Review / Reduce Replenishment
21132,SILVER STANDING GNOME,Long-Tail,4.0,46,345.0,Overstock Risk,Overstock Review / Reduce Replenishment
79157B,UBO-LIGHT TRIOBASE BLUE,Long-Tail,2.0,23,345.0,Overstock Risk,Overstock Review / Reduce Replenishment
20671,BLUE TEATIME PRINT BOWL,Long-Tail,10.0,114,342.0,Overstock Risk,Overstock Review / Reduce Replenishment
84510a,SET OF 4 ENGLISH ROSE COASTERS,Long-Tail,7.571428571428571,86,340.7547169811321,Overstock Risk,Overstock Review / Reduce Replenishment
23069,EDWARDIAN PHOTO FRAME,Regular,9.77777777777778,111,340.56818181818176,Overstock Risk,Overstock Review / Reduce Replenishment
90200B,BLACK SWEETHEART BRACELET,Regular,7.153846153846154,81,339.6774193548387,Overstock Risk,Overstock Review / Reduce Replenishment
21418,STARFISH SOAP DISH,Long-Tail,6.7272727272727275,76,338.9189189189189,Overstock Risk,Overstock Review / Reduce Replenishment
35833P,4 PINK FLOCK CHRISTMAS BALLS,Long-Tail,7.0,79,338.57142857142856,Overstock Risk,Overstock Review / Reduce Replenishment
90013C,GREEN VINTAGE EARRINGS,Long-Tail,3.5454545454545454,40,338.46153846153845,Overstock Risk,Overstock Review / Reduce Replenishment
20960,WATERMELON BATH SPONGE,Long-Tail,9.666666666666666,109,338.2758620689656,Overstock Risk,Overstock Review / Reduce Replenishment
22415,WHITE TISSUE REAM,Long-Tail,9.5,107,337.89473684210526,Overstock Risk,Overstock Review / Reduce Replenishment
79403,FROSTED WHITE BASE,Regular,9.5,107,337.89473684210526,Overstock Risk,Overstock Review / Reduce Replenishment
85197,SET OF 12 MINI BUNNIES IN A BUCKET,Long-Tail,6.8,76,335.29411764705884,Overstock Risk,Overstock Review / Reduce Replenishment
79323B,BLACK CHERRY LIGHTS,Long-Tail,8.0,89,333.75,Overstock Risk,Overstock Review / Reduce Replenishment
44091A,BLUE CRUSOE CHECK LAMPSHADE,Long-Tail,4.5,50,333.33333333333337,Overstock Risk,Overstock Review / Reduce Replenishment
85163A,WHITE BAROQUE WALL CLOCK,Long-Tail,6.6,73,331.8181818181818,Overstock Risk,Overstock Review / Reduce Replenishment
72801D,4 SKY BLUE DINNER CANDLES,Long-Tail,8.333333333333334,92,331.2,Overstock Risk,Overstock Review / Reduce Replenishment
72811,SMALL ZINC/GLASS CANDLEHOLDER,Long-Tail,10.6,117,331.1320754716981,Overstock Risk,Overstock Review / Reduce Replenishment
90098,NECKLACE+BRACELET PINK BUTTERFLY,Long-Tail,5.8,64,331.0344827586207,Overstock Risk,Overstock Review / Reduce Replenishment
35922,EASTER BUNNY WREATH,Long-Tail,7.0,77,330.0,Overstock Risk,Overstock Review / Reduce Replenishment
20910,VINTAGE PHOTO ALBUM PARIS DAYS,Long-Tail,8.0,88,330.0,Overstock Risk,Overstock Review / Reduce Replenishment
84536a,ENGLISH ROSE NOTEBOOK A7 SIZE,Long-Tail,7.0,77,330.0,Overstock Risk,Overstock Review / Reduce Replenishment
84801A,PINK HYDRANGEA ART FLOWER,Long-Tail,9.2,101,329.34782608695656,Overstock Risk,Overstock Review / Reduce Replenishment
35647,VINTAGE BEAD PINK SHADE,Long-Tail,6.5,71,327.6923076923077,Overstock Risk,Overstock Review / Reduce Replenishment
84920,PINK FLOWER FABRIC PONY,Regular,9.583333333333334,104,325.5652173913043,Overstock Risk,Overstock Review / Reduce Replenishment
90179C,BLACK FINE BEAD NECKLACE W TASSEL,Long-Tail,1.2,13,325.0,Overstock Risk,Overstock Review / Reduce Replenishment
84711A,SILVER OVAL SHAPE TRINKET BOX,Long-Tail,2.5,27,324.0,Overstock Risk,Overstock Review / Reduce Replenishment
21377,SMALL CAMPHOR WOOD FIELD  MUSHROOM,Regular,9.307692307692308,100,322.31404958677683,Overstock Risk,Overstock Review / Reduce Replenishment
72798C,SET/4 GARDEN ROSE DINNER CANDLE,Long-Tail,2.3333333333333335,25,321.42857142857144,Overstock Risk,Overstock Review / Reduce Replenishment
21332,MOROCCAN BEATEN METAL MIRROR,Long-Tail,2.7142857142857144,29,320.5263157894737,Overstock Risk,Overstock Review / Reduce Replenishment
90027A,GLASS BEAD HOOP EARRINGS BLACK,Long-Tail,3.0,32,320.0,Overstock Risk,Overstock Review / Reduce Replenishment
23015,CORDIAL GLASS JUG,Long-Tail,6.666666666666667,71,319.5,Overstock Risk,Overstock Review / Reduce Replenishment
35910A,MULTICOLOUR EASTER RABBIT,Long-Tail,6.666666666666667,71,319.5,Overstock Risk,Overstock Review / Reduce Replenishment
84666,SQUARE CHERRY BLOSSOM CABINET,Long-Tail,8.0,85,318.75,Overstock Risk,Overstock Review / Reduce Replenishment
84306,S/3 PINK SQUARE PLANTERS ROSES,Long-Tail,5.0,53,318.0,Overstock Risk,Overstock Review / Reduce Replenishment
90198A,VINTAGE ROSE BEAD BRACELET RASPBERR,Long-Tail,6.25,66,316.8,Overstock Risk,Overstock Review / Reduce Replenishment
20794,BLUE  TILE HOOK,Regular,8.25,87,316.3636363636363,Overstock Risk,Overstock Review / Reduce Replenishment
47367B,PAIR PADDED HANGERS PINK CHECK,Regular,11.2,118,316.0714285714286,Overstock Risk,Overstock Review / Reduce Replenishment
47341A,FUSCHIA TABLE RUN FLOWER,Long-Tail,6.75,71,315.55555555555554,Overstock Risk,Overstock Review / Reduce Replenishment
84805A,CREAM CLIMBING HYDRANGA ART FLOWER,Long-Tail,10.666666666666666,112,315.00000000000006,Overstock Risk,Overstock Review / Reduce Replenishment
21657,MILK BOTTLE WITH GLASS STOPPER,Long-Tail,10.0,105,315.0,Overstock Risk,Overstock Review / Reduce Replenishment
84856S,SMALL TAHITI BEACH BAG,Long-Tail,4.0,42,315.0,Overstock Risk,Overstock Review / Reduce Replenishment
21750,LARGE SKULL WINDMILL,Regular,10.0,105,315.0,Overstock Risk,Overstock Review / Reduce Replenishment
90162A,ANT SILVER TURQUOISE BOUDICCA RING,Long-Tail,6.0,63,315.0,Overstock Risk,Overstock Review / Reduce Replenishment
84597B,RETRO BROWN BALL ASHTRAY,Long-Tail,8.2,86,314.6341463414634,Overstock Risk,Overstock Review / Reduce Replenishment
46000P,POLYESTER FILLER PAD 65CMX65CM,Long-Tail,4.5,47,313.33333333333337,Overstock Risk,Overstock Review / Reduce Replenishment
85168B,BLACK BAROQUE CARRIAGE CLOCK,Long-Tail,7.285714285714286,76,312.94117647058823,Overstock Risk,Overstock Review / Reduce Replenishment
90147,CHUNKY SILVER NECKLACE PASTEL FLOWE,Long-Tail,3.5555555555555554,37,312.1875,Overstock Risk,Overstock Review / Reduce Replenishment
84865,NEW BAROQUE BLACK PHOTO ALBUM,Long-Tail,5.4,56,311.1111111111111,Overstock Risk,Overstock Review / Reduce Replenishment
90071,RUBY GLASS CLUSTER EARRINGS,Long-Tail,3.6666666666666665,38,310.90909090909093,Overstock Risk,Overstock Review / Reduce Replenishment
23614,SET 10 CARDS 12 DAYS WRAP  17058,Long-Tail,6.5,67,309.2307692307692,Overstock Risk,Overstock Review / Reduce Replenishment
90032,IVORY SHELL HEART NECKLACE,Long-Tail,3.5,36,308.57142857142856,Overstock Risk,Overstock Review / Reduce Replenishment
20766,GARDEN PATH SKETCHBOOK,Regular,9.384615384615383,96,306.8852459016394,Overstock Risk,Overstock Review / Reduce Replenishment
35004G,SET OF 3 GOLD FLYING DUCKS,Regular,11.545454545454543,118,306.61417322834654,Overstock Risk,Overstock Review / Reduce Replenishment
84924F,PSYCHEDELIC METAL SIGN CALENDAR,Long-Tail,10.0,101,303.0,Overstock Risk,Overstock Review / Reduce Replenishment
84387A,BIRD ON BRANCH CANVAS SCREEN,Long-Tail,11.0,111,302.72727272727275,Overstock Risk,Overstock Review / Reduce Replenishment
20997,ROSE DU SUD CUSHION COVER,Long-Tail,6.555555555555555,66,302.0338983050848,Overstock Risk,Overstock Review / Reduce Replenishment
90214C,"LETTER ""C"" BLING KEY RING",Regular,7.583333333333333,76,300.65934065934067,Overstock Risk,Overstock Review / Reduce Replenishment
84984A,GREEN PEONY CUSHION COVER,Long-Tail,3.8,38,300.00000000000006,Overstock Risk,Overstock Review / Reduce Replenishment
90131,PINK/AMETHYST/GOLD NECKLACE,Long-Tail,2.5,25,300.0,Overstock Risk,Overstock Review / Reduce Replenishment
90064A,WHITE VINTAGE CRYSTAL EARRINGS,Long-Tail,2.5,25,300.0,Overstock Risk,Overstock Review / Reduce Replenishment
23459,DOLLY CABINET 2 DRAWERS,Long-Tail,11.0,110,300.0,Overstock Risk,Overstock Review / Reduce Replenishment
90136,PALE PINK/AMETHYST STONE NECKLACE,Long-Tail,1.5,15,300.0,Overstock Risk,Overstock Review / Reduce Replenishment
47016,LIGHT DECORATION BATTERY OPERATED,Long-Tail,2.0,20,300.0,Overstock Risk,Overstock Review / Reduce Replenishment
90020,FILIGREE DIAMANTE CHAIN,Long-Tail,1.0,10,300.0,Overstock Risk,Overstock Review / Reduce Replenishment
90129E,PURPLE GLASS TASSLE BAG CHARM,Long-Tail,6.0,60,300.0,Overstock Risk,Overstock Review / Reduce Replenishment
90164A,PINK ROSEBUD PEARL BRACELET,Long-Tail,3.0,30,300.0,Overstock Risk,Overstock Review / Reduce Replenishment
21904,HOUSE WRECKING METAL SIGN,Long-Tail,8.333333333333334,83,298.8,Overstock Risk,Overstock Review / Reduce Replenishment
90214S,"LETTER ""S"" BLING KEY RING",Regular,7.833333333333333,78,298.7234042553191,Overstock Risk,Overstock Review / Reduce Replenishment
23019,SMALL APOTHECARY MEASURING JAR,Long-Tail,11.571428571428571,115,298.14814814814815,Overstock Risk,Overstock Review / Reduce Replenishment
21722,SWEET PUDDING STICKER SHEET,Regular,8.166666666666666,81,297.5510204081633,Overstock Risk,Overstock Review / Reduce Replenishment
84906,PINK B'FLY C/COVER W BOBBLES,Long-Tail,7.0,69,295.7142857142857,Overstock Risk,Overstock Review / Reduce Replenishment
21473,SWEETHEART CREAM STEEL TABLE RECT,Long-Tail,2.4545454545454546,24,293.3333333333333,Overstock Risk,Overstock Review / Reduce Replenishment
84360,TABLE LAMP WHITE SHADE WOOD BASE,Long-Tail,7.8,76,292.3076923076923,Overstock Risk,Overstock Review / Reduce Replenishment
47348A,FUSCHIA VOILE POINTY SHOE DEC,Regular,12.125,118,291.9587628865979,Overstock Risk,Overstock Review / Reduce Replenishment
84638,SMALL KITCHEN FLOWER POTS PLAQUE,Long-Tail,5.0,48,288.0,Overstock Risk,Overstock Review / Reduce Replenishment
20936,FORKED CACTUS CANDLE,Regular,10.0,96,288.0,Overstock Risk,Overstock Review / Reduce Replenishment
84968a,SET OF 16 VINTAGE ROSE CUTLERY,Long-Tail,1.6666666666666667,16,288.0,Overstock Risk,Overstock Review / Reduce Replenishment
20775,DAISY NOTEBOOK,Regular,11.166666666666666,107,287.4626865671642,Overstock Risk,Overstock Review / Reduce Replenishment
35916A,YELLOW FELT HANGING HEART W FLOWER,Long-Tail,10.875,104,286.89655172413796,Overstock Risk,Overstock Review / Reduce Replenishment
90082A,DIAMANTE BOW BROOCH GREEN COLOUR,Long-Tail,2.727272727272727,26,286.00000000000006,Overstock Risk,Overstock Review / Reduce Replenishment
84466,TOP SECRET PEN SET,Long-Tail,7.666666666666667,73,285.65217391304344,Overstock Risk,Overstock Review / Reduce Replenishment
22282,12 EGG HOUSE PAINTED WOOD,Regular,11.461538461538462,109,285.3020134228188,Overstock Risk,Overstock Review / Reduce Replenishment
23017,APOTHECARY MEASURING JAR,Long-Tail,9.571428571428571,91,285.22388059701495,Overstock Risk,Overstock Review / Reduce Replenishment
21253,SET OF PICTURE FRAME  STICKERS,Regular,10.307692307692308,98,285.2238805970149,Overstock Risk,Overstock Review / Reduce Replenishment
90050,CRACKED GLAZE NECKLACE IVORY,Long-Tail,2.0,19,285.0,Overstock Risk,Overstock Review / Reduce Replenishment
79329,PINK FLOCK GLASS CANDLEHOLDER,Long-Tail,6.0,57,285.0,Overstock Risk,Overstock Review / Reduce Replenishment
90200A,PURPLE SWEETHEART BRACELET,Long-Tail,6.0,57,285.0,Overstock Risk,Overstock Review / Reduce Replenishment
21425,SKULLS STORAGE BOX LARGE,Long-Tail,7.909090909090909,75,284.4827586206897,Overstock Risk,Overstock Review / Reduce Replenishment
72821,CUPID SCENTED CANDLE IN GLASS,Long-Tail,5.5,52,283.6363636363637,Overstock Risk,Overstock Review / Reduce Replenishment
20759,CHRYSANTHEMUM POCKET BOOK,Long-Tail,5.818181818181818,55,283.59375,Overstock Risk,Overstock Review / Reduce Replenishment
22877,NUMBER TILE COTTAGE GARDEN 9,Long-Tail,6.3,59,280.95238095238096,Overstock Risk,Overstock Review / Reduce Replenishment
90115,SUMMER BUTTERFLIES BAG CHARM,Long-Tail,10.8,101,280.55555555555554,Overstock Risk,Overstock Review / Reduce Replenishment
20782,CAMOUFLAGE EAR MUFF HEADPHONES,Long-Tail,5.888888888888889,55,280.188679245283,Overstock Risk,Overstock Review / Reduce Replenishment
48173c,DOORMAT BLACK FLOCK,Long-Tail,3.75,35,280.0,Overstock Risk,Overstock Review / Reduce Replenishment
23018,LARGE APOTHECARY MEASURING JAR,Long-Tail,8.5,79,278.8235294117647,Overstock Risk,Overstock Review / Reduce Replenishment
20898,VINTAGE NOTEBOOK TRAVELOGUE,Long-Tail,9.5,88,277.89473684210526,Overstock Risk,Overstock Review / Reduce Replenishment
21850,BLUE  DIAMANTE PEN IN GIFT BOX,Regular,11.727272727272728,108,276.27906976744185,Overstock Risk,Overstock Review / Reduce Replenishment
90051,CRACKED GLAZE NECKLACE RED,Long-Tail,2.5,23,276.0,Overstock Risk,Overstock Review / Reduce Replenishment
90146,FINE SILVER NECKLACE W PASTEL FLOWE,Long-Tail,2.8333333333333335,26,275.2941176470588,Overstock Risk,Overstock Review / Reduce Replenishment
84870C,GREEN GEISHA GIRL,Long-Tail,7.666666666666667,70,273.9130434782608,Overstock Risk,Overstock Review / Reduce Replenishment
22486,PLASMATRONIC LAMP,Long-Tail,8.875,81,273.80281690140845,Overstock Risk,Overstock Review / Reduce Replenishment
90030C,BROWN KUKUI COCONUT SEED NECKLACE,Long-Tail,12.833333333333334,117,273.5064935064935,Overstock Risk,Overstock Review / Reduce Replenishment
23467,VINTAGE ZINC PLANTER,Long-Tail,10.666666666666666,96,270.00000000000006,Overstock Risk,Overstock Review / Reduce Replenishment
90190A,SILVER/CRYSTAL DROP EARRINGS W LEAF,Long-Tail,2.6666666666666665,24,270.00000000000006,Overstock Risk,Overstock Review / Reduce Replenishment
84840,SWEETHEART CARRY-ALL BASKET,Long-Tail,2.0,18,270.0,Overstock Risk,Overstock Review / Reduce Replenishment
84881,BLUE WIRE SPIRAL CANDLE HOLDER,Long-Tail,3.0,27,270.0,Overstock Risk,Overstock Review / Reduce Replenishment
20845,ZINC HEART LATTICE 2 WALL PLANTER,Long-Tail,3.8,34,268.42105263157896,Overstock Risk,Overstock Review / Reduce Replenishment
90014B,GOLD M PEARL  ORBIT NECKLACE,Long-Tail,2.125,19,268.2352941176471,Overstock Risk,Overstock Review / Reduce Replenishment
21814,HEART T-LIGHT HOLDER,Long-Tail,12.333333333333334,110,267.56756756756755,Overstock Risk,Overstock Review / Reduce Replenishment
22769,CHALKBOARD KITCHEN ORGANISER,Long-Tail,5.5,49,267.2727272727273,Overstock Risk,Overstock Review / Reduce Replenishment
22880,NUMBER TILE VINTAGE FONT 1,Regular,8.083333333333334,72,267.2164948453608,Overstock Risk,Overstock Review / Reduce Replenishment
85124B,BLUE JUICY FRUIT PHOTO FRAME,Regular,7.75,69,267.09677419354836,Overstock Risk,Overstock Review / Reduce Replenishment
90040B,MURANO STYLE GLASS BRACELET BLACK,Long-Tail,4.5,40,266.6666666666667,Overstock Risk,Overstock Review / Reduce Replenishment
20769,DAISY JOURNAL,Long-Tail,8.0,71,266.25,Overstock Risk,Overstock Review / Reduce Replenishment
84609,TALL ROCOCO CANDLE HOLDER,Regular,11.625,103,265.80645161290323,Overstock Risk,Overstock Review / Reduce Replenishment
20821,GOLDIE LOOKING MIRROR,Long-Tail,2.8333333333333335,25,264.70588235294116,Overstock Risk,Overstock Review / Reduce Replenishment
90200E,GREEN SWEETHEART BRACELET,Regular,8.583333333333334,75,262.13592233009706,Overstock Risk,Overstock Review / Reduce Replenishment
90101,WHITE FRANGIPANI NECKLACE,Long-Tail,3.9,34,261.53846153846155,Overstock Risk,Overstock Review / Reduce Replenishment
84746,PINK EASTER HENS+FLOWER,Long-Tail,7.0,61,261.42857142857144,Overstock Risk,Overstock Review / Reduce Replenishment
22512,DOORSTOP RACING CAR DESIGN,Regular,13.555555555555555,118,261.1475409836066,Overstock Risk,Overstock Review / Reduce Replenishment
84877A,PINK ROUND COMPACT MIRROR,Long-Tail,13.333333333333334,115,258.75,Overstock Risk,Overstock Review / Reduce Replenishment
85114a,BLACK ENCHANTED FOREST PLACEMAT,Long-Tail,8.166666666666666,70,257.14285714285717,Overstock Risk,Overstock Review / Reduce Replenishment
84507B,STRIPES DESIGN MONKEY DOLL,Long-Tail,4.333333333333333,37,256.1538461538462,Overstock Risk,Overstock Review / Reduce Replenishment
85030,FRENCH CHATEAU OVAL PLATTER,Long-Tail,7.5,64,256.0,Overstock Risk,Overstock Review / Reduce Replenishment
20771,CHRYSANTHEMUM  JOURNAL,Regular,9.272727272727272,79,255.5882352941177,Overstock Risk,Overstock Review / Reduce Replenishment
72807a,SET/3 ROSE CANDLE IN JEWELLED BOX,Long-Tail,4.0,34,255.0,Overstock Risk,Overstock Review / Reduce Replenishment
17028J,INCENSE BAZAAR PEACH,Long-Tail,6.0,51,255.0,Overstock Risk,Overstock Review / Reduce Replenishment
21031,SPACE CADET BLACK,Long-Tail,6.5,55,253.84615384615384,Overstock Risk,Overstock Review / Reduce Replenishment
21324,HANGING MEDINA LANTERN SMALL,Long-Tail,13.5,114,253.33333333333331,Overstock Risk,Overstock Review / Reduce Replenishment
20758,ABSTRACT CIRCLES POCKET BOOK,Regular,12.23076923076923,103,252.64150943396226,Overstock Risk,Overstock Review / Reduce Replenishment
21392,RED POLKADOT PUDDING BOWL,Long-Tail,11.333333333333334,95,251.4705882352941,Overstock Risk,Overstock Review / Reduce Replenishment
23137,ZINC WIRE SWEETHEART LETTER TRAY,Long-Tail,9.22222222222222,77,250.48192771084345,Overstock Risk,Overstock Review / Reduce Replenishment
23449,SET OF 6 EASTER RAINBOW CHICKS,Long-Tail,12.0,100,250.0,Overstock Risk,Overstock Review / Reduce Replenishment
85026B,EAU DE NILE JEWELLED T-LIGHT HOLDER,Long-Tail,9.875,82,249.1139240506329,Overstock Risk,Overstock Review / Reduce Replenishment
16202A,PASTEL PINK PHOTO ALBUM,Long-Tail,3.5,29,248.57142857142856,Overstock Risk,Overstock Review / Reduce Replenishment
85045,GREEN CHRISTMAS TREE STRING 20LIGHT,Long-Tail,7.0,58,248.57142857142856,Overstock Risk,Overstock Review / Reduce Replenishment
90022,EDWARDIAN DROP EARRINGS JET BLACK,Long-Tail,2.6666666666666665,22,247.50000000000003,Overstock Risk,Overstock Review / Reduce Replenishment
37491B,BLUE/YELLOW CERAMIC CANDLE HOLDER,Long-Tail,4.0,33,247.5,Overstock Risk,Overstock Review / Reduce Replenishment
84984B,RED PEONY CUSHION COVER,Long-Tail,4.25,35,247.05882352941177,Overstock Risk,Overstock Review / Reduce Replenishment
35607A,PINK FLUFFY CHRISTMAS DECORATION,Long-Tail,13.0,107,246.9230769230769,Overstock Risk,Overstock Review / Reduce Replenishment
90161C,ANT COPPER LIME BOUDICCA BRACELET,Long-Tail,7.545454545454546,62,246.50602409638554,Overstock Risk,Overstock Review / Reduce Replenishment
20654,FIRST CLASS LUGGAGE TAG,Regular,11.692307692307692,96,246.31578947368422,Overstock Risk,Overstock Review / Reduce Replenishment
22868,NUMBER TILE COTTAGE GARDEN 0,Long-Tail,5.7272727272727275,47,246.19047619047618,Overstock Risk,Overstock Review / Reduce Replenishment
90059A,DIAMANTE HAIR GRIP PACK/2 CRYSTAL,Long-Tail,5.0,41,246.0,Overstock Risk,Overstock Review / Reduce Replenishment
72800B,4 PURPLE FLOCK DINNER CANDLES,Regular,11.833333333333334,97,245.91549295774647,Overstock Risk,Overstock Review / Reduce Replenishment
84688,BEACH HUT DESIGN BLACKBOARD,Long-Tail,8.2,67,245.1219512195122,Overstock Risk,Overstock Review / Reduce Replenishment
20666,ECONOMY HOLIDAY PURSE,Long-Tail,6.0,49,245.0,Overstock Risk,Overstock Review / Reduce Replenishment
22803,IVORY EMBROIDERED QUILT,Long-Tail,4.909090909090909,40,244.44444444444446,Overstock Risk,Overstock Review / Reduce Replenishment
22447,PIN CUSHION BABUSHKA BLUE,Regular,11.416666666666666,93,244.37956204379563,Overstock Risk,Overstock Review / Reduce Replenishment
21468,BUTTERFLY CROCHET FOOD COVER,Regular,13.454545454545457,109,243.04054054054052,Overstock Risk,Overstock Review / Reduce Replenishment
90019B,GOLD M.O.P ORBIT BRACELET,Long-Tail,2.0,16,240.0,Overstock Risk,Overstock Review / Reduce Replenishment
90191,SILVER LARIAT 40CM,Long-Tail,3.25,26,240.0,Overstock Risk,Overstock Review / Reduce Replenishment
21630,FLOOR CUSHION ELEPHANT CARNIVAL,Long-Tail,5.75,46,239.99999999999997,Overstock Risk,Overstock Review / Reduce Replenishment
84595E,LARGE TORTILLA DESIGN RED BOWL,Long-Tail,11.142857142857142,89,239.61538461538464,Overstock Risk,Overstock Review / Reduce Replenishment
72349b,SET/6 PURPLE BUTTERFLY T-LIGHTS,Regular,14.454545454545457,115,238.67924528301884,Overstock Risk,Overstock Review / Reduce Replenishment
21040,MODERN VINTAGE COTTON SHOPPING BAG,Long-Tail,7.333333333333333,58,237.27272727272728,Overstock Risk,Overstock Review / Reduce Replenishment
22408,MONEY BOX CONFECTIONERY DESIGN,Regular,13.181818181818182,104,236.6896551724138,Overstock Risk,Overstock Review / Reduce Replenishment
23136,IVORY WIRE SWEETHEART LETTER TRAY,Regular,15.0,117,234.0,Overstock Risk,Overstock Review / Reduce Replenishment
21270,ANTIQUE CREAM CUTLERY CUPBOARD,Long-Tail,5.0,39,234.0,Overstock Risk,Overstock Review / Reduce Replenishment
84931A,PINK SCOTTIE DOG W FLOWER PATTERN,Regular,11.083333333333334,86,232.78195488721803,Overstock Risk,Overstock Review / Reduce Replenishment
84206A,3 BLACK CATS W HEARTS BLANK CARD,Long-Tail,12.0,93,232.5,Overstock Risk,Overstock Review / Reduce Replenishment
84997a,GREEN 3 PIECE POLKADOT CUTLERY SET,Regular,8.833333333333334,68,230.94339622641508,Overstock Risk,Overstock Review / Reduce Replenishment
23016,GLASS TWIST BON BON JAR,Long-Tail,10.571428571428571,81,229.8648648648649,Overstock Risk,Overstock Review / Reduce Replenishment
20897,VINTAGE NOTEBOOK PARIS DAYS,Regular,15.285714285714286,117,229.62616822429902,Overstock Risk,Overstock Review / Reduce Replenishment
21707,FOLDING UMBRELLA BLACKBLUE POLKADOT,Regular,13.333333333333334,102,229.49999999999997,Overstock Risk,Overstock Review / Reduce Replenishment
84674,FLYING PIG WATERING CAN,Regular,14.846153846153848,113,228.34196891191706,Overstock Risk,Overstock Review / Reduce Replenishment
84723,CHERRY BLOSSOM CANVAS ART PICTURE,Long-Tail,10.25,78,228.29268292682926,Overstock Risk,Overstock Review / Reduce Replenishment
84593,CROCHET ROSE DES CLOTHES HANGER,Long-Tail,5.0,38,228.0,Overstock Risk,Overstock Review / Reduce Replenishment
22526,WHEELBARROW FOR CHILDREN,Regular,9.615384615384617,73,227.76,Overstock Risk,Overstock Review / Reduce Replenishment
20757,RED DAISY POCKET BOOK,Regular,14.363636363636363,109,227.6582278481013,Overstock Risk,Overstock Review / Reduce Replenishment
22884,NUMBER TILE VINTAGE FONT 5,Regular,8.25,62,225.45454545454544,Overstock Risk,Overstock Review / Reduce Replenishment
10124A,SPOTS ON RED BOOKCOVER TAPE,Long-Tail,4.0,30,225.0,Overstock Risk,Overstock Review / Reduce Replenishment
84637,KITCHEN FLOWER POTS WALL PLAQUE,Regular,11.6,87,225.0,Overstock Risk,Overstock Review / Reduce Replenishment
35400,WOODEN BOX ADVENT CALENDAR,Long-Tail,3.3333333333333335,25,224.99999999999997,Overstock Risk,Overstock Review / Reduce Replenishment
21738,COSY SLIPPER SHOES SMALL  RED,Long-Tail,5.75,43,224.3478260869565,Overstock Risk,Overstock Review / Reduce Replenishment
90119,METALIC LEAVES BAG CHARMS,Long-Tail,8.3,62,224.09638554216866,Overstock Risk,Overstock Review / Reduce Replenishment
21769,VINTAGE POST OFFICE CABINET,Long-Tail,11.0,82,223.63636363636365,Overstock Risk,Overstock Review / Reduce Replenishment
85216,ASSORTED CAKES FRIDGE MAGNETS,Long-Tail,9.166666666666666,68,222.54545454545456,Overstock Risk,Overstock Review / Reduce Replenishment
79066k,RETRO MOD TRAY,Long-Tail,2.4285714285714284,18,222.3529411764706,Overstock Risk,Overstock Review / Reduce Replenishment
21692,SILVER LATTICE VANILLA CANDLE POT,Long-Tail,5.666666666666667,42,222.35294117647055,Overstock Risk,Overstock Review / Reduce Replenishment
85232A,SET/3 POLKADOT STACKING TINS,Long-Tail,13.0,96,221.53846153846152,Overstock Risk,Overstock Review / Reduce Replenishment
90214G,"LETTER ""G"" BLING KEY RING",Long-Tail,4.615384615384615,34,221.00000000000003,Overstock Risk,Overstock Review / Reduce Replenishment
37464,ROBOT MUG IN DISPLAY BOX,Long-Tail,3.0,22,220.0,Overstock Risk,Overstock Review / Reduce Replenishment
90202A,PURPLE ENAMEL FLOWER HAIR TIE,Long-Tail,3.142857142857143,23,219.54545454545453,Overstock Risk,Overstock Review / Reduce Replenishment
21711,FOLDING UMBRELLA WHITE/RED POLKADOT,Regular,9.454545454545457,69,218.94230769230762,Overstock Risk,Overstock Review / Reduce Replenishment
71050,SMALL SINGLE FLAME CANDLE HOLDER,Long-Tail,8.25,60,218.18181818181816,Overstock Risk,Overstock Review / Reduce Replenishment
84745B,BLUE HANGING GINGHAM EASTER HEN,Long-Tail,10.666666666666666,77,216.56250000000003,Overstock Risk,Overstock Review / Reduce Replenishment
85167B,BLACK GRAND BAROQUE PHOTO FRAME,Long-Tail,12.5,90,216.0,Overstock Risk,Overstock Review / Reduce Replenishment
21228,"POCKET MIRROR ""GLAMOROUS""",Long-Tail,2.5,18,216.0,Overstock Risk,Overstock Review / Reduce Replenishment
22763,KEY CABINET MA CAMPAGNE,Regular,15.846153846153848,114,215.82524271844656,Overstock Risk,Overstock Review / Reduce Replenishment
84249A,"GREETING CARD,SQUARE, DOUGHNUTS",Regular,13.384615384615383,96,215.17241379310346,Overstock Risk,Overstock Review / Reduce Replenishment
15056bl,EDWARDIAN PARASOL BLACK,Long-Tail,6.6923076923076925,48,215.17241379310343,Overstock Risk,Overstock Review / Reduce Replenishment
22353,LUNCH BOX WITH CUTLERY FAIRY CAKES,Long-Tail,15.0,107,214.0,Overstock Risk,Overstock Review / Reduce Replenishment
84872A,TEATIME FUNKY FLOWER BACKPACK FOR 2,Long-Tail,8.0,57,213.75,Overstock Risk,Overstock Review / Reduce Replenishment
84388,WISE MAN STAR SHAPE EGG PAN,Long-Tail,8.0,57,213.75,Overstock Risk,Overstock Review / Reduce Replenishment
84989A,75 GREEN FAIRY CAKE CASES,Long-Tail,3.375,24,213.33333333333331,Overstock Risk,Overstock Review / Reduce Replenishment
20661,BLUE POLKADOT PURSE,Long-Tail,5.5,39,212.72727272727275,Overstock Risk,Overstock Review / Reduce Replenishment
84539,KNITTED RABBIT DOLL,Long-Tail,13.0,92,212.3076923076923,Overstock Risk,Overstock Review / Reduce Replenishment
21682,LARGE MEDINA STAMPED METAL BOWL,Regular,14.0,99,212.14285714285714,Overstock Risk,Overstock Review / Reduce Replenishment
84510E,SET OF 4 GREEN CAROUSEL COASTERS,Long-Tail,3.4,24,211.76470588235296,Overstock Risk,Overstock Review / Reduce Replenishment
72800D,4 BLUE DINNER CANDLES SILVER FLOCK,Long-Tail,7.25,51,211.0344827586207,Overstock Risk,Overstock Review / Reduce Replenishment
90173,PAIR BUTTERFLY HAIR CLIPS,Long-Tail,4.0,28,210.0,Overstock Risk,Overstock Review / Reduce Replenishment
22034,ROBIN CHRISTMAS CARD,Long-Tail,5.0,35,210.0,Overstock Risk,Overstock Review / Reduce Replenishment
90063A,WHITE VINT ART DECO CRYSTAL NECKLAC,Long-Tail,2.0,14,210.0,Overstock Risk,Overstock Review / Reduce Replenishment
46000U,POLYESTER FILLER PAD 30CMX30CM,Regular,9.727272727272728,68,209.71962616822427,Overstock Risk,Overstock Review / Reduce Replenishment
23141,TRIPLE WIRE HOOK PINK HEART,Long-Tail,9.875,69,209.62025316455697,Overstock Risk,Overstock Review / Reduce Replenishment
21357,TOAST ITS - DINOSAUR,Long-Tail,6.333333333333333,44,208.42105263157896,Overstock Risk,Overstock Review / Reduce Replenishment
84549,CROCHET WHITE RABBIT KEYRING,Long-Tail,6.333333333333333,44,208.42105263157896,Overstock Risk,Overstock Review / Reduce Replenishment
85141,JARDIN ETCHED GLASS FRUITBOWL,Regular,17.142857142857142,119,208.25,Overstock Risk,Overstock Review / Reduce Replenishment
85049e,SCANDINAVIAN REDS RIBBONS,Regular,9.083333333333334,63,208.07339449541283,Overstock Risk,Overstock Review / Reduce Replenishment
85185D,FROG SOCK PUPPET,Long-Tail,3.75,26,208.0,Overstock Risk,Overstock Review / Reduce Replenishment
47559b,TEA TIME OVEN GLOVE,Regular,14.714285714285714,102,207.9611650485437,Overstock Risk,Overstock Review / Reduce Replenishment
84461,12 PINK HEN+CHICKS IN BASKET,Long-Tail,10.25,71,207.8048780487805,Overstock Risk,Overstock Review / Reduce Replenishment
84527,FLAMES SUNGLASSES PINK LENSES,Long-Tail,8.666666666666666,60,207.6923076923077,Overstock Risk,Overstock Review / Reduce Replenishment
16046,TEATIME PEN CASE & PENS,Long-Tail,6.5,45,207.69230769230768,Overstock Risk,Overstock Review / Reduce Replenishment
21973,SET OF 36 MUSHROOM PAPER DOILIES,Regular,14.454545454545457,100,207.54716981132074,Overstock Risk,Overstock Review / Reduce Replenishment
44242A,LILAC FEATHERS CURTAIN,Long-Tail,12.0,83,207.5,Overstock Risk,Overstock Review / Reduce Replenishment
21528,DAIRY MAID TRADITIONAL TEAPOT,Regular,16.53846153846154,114,206.7906976744186,Overstock Risk,Overstock Review / Reduce Replenishment
90200C,BLUE SWEETHEART BRACELET,Long-Tail,12.5,86,206.39999999999998,Overstock Risk,Overstock Review / Reduce Replenishment
75013B,"STRING OF 8 BUTTERFLIES,PINK",Long-Tail,12.5,86,206.39999999999998,Overstock Risk,Overstock Review / Reduce Replenishment
84596b,SMALL DOLLY MIX DESIGN ORANGE BOWL,Long-Tail,7.0,48,205.71428571428572,Overstock Risk,Overstock Review / Reduce Replenishment
84686,BEACH HUT MIRROR,Long-Tail,12.25,84,205.71428571428572,Overstock Risk,Overstock Review / Reduce Replenishment
20901,VINTAGE KEEPSAKE BOX PINK FLOWER,Long-Tail,9.5,65,205.26315789473685,Overstock Risk,Overstock Review / Reduce Replenishment
84661A,WHITE SQUARE TABLE CLOCK,Regular,11.555555555555555,79,205.09615384615384,Overstock Risk,Overstock Review / Reduce Replenishment
20980,36 PENCILS TUBE POSY,Long-Tail,13.166666666666666,90,205.0632911392405,Overstock Risk,Overstock Review / Reduce Replenishment
72369A,PINK CLEAR GLASS CANDLE PLATE,Long-Tail,6.0,41,205.0,Overstock Risk,Overstock Review / Reduce Replenishment
22391,PAPERWEIGHT HOME SWEET HOME,Regular,14.363636363636363,98,204.68354430379748,Overstock Risk,Overstock Review / Reduce Replenishment
81953B,ROUND BLUE CLOCK WITH SUCKER,Long-Tail,11.0,75,204.54545454545456,Overstock Risk,Overstock Review / Reduce Replenishment
90162C,ANT SILVER FUSCHIA BOUDICCA RING,Long-Tail,2.8,19,203.57142857142858,Overstock Risk,Overstock Review / Reduce Replenishment
35817P,"ACRYLIC JEWEL SNOWFLAKE,PINK",Long-Tail,9.0,61,203.33333333333334,Overstock Risk,Overstock Review / Reduce Replenishment
20932,PINK POT PLANT CANDLE,Regular,17.0,115,202.94117647058823,Overstock Risk,Overstock Review / Reduce Replenishment
90214B,"LETTER ""B"" BLING KEY RING",Long-Tail,3.7,25,202.7027027027027,Overstock Risk,Overstock Review / Reduce Replenishment
79144C,PAINTED LIGHTBULB RAINBOW DESIGN,Regular,11.692307692307692,79,202.69736842105263,Overstock Risk,Overstock Review / Reduce Replenishment
23629,SET 10 CARDS DRESSING UP 17077,Long-Tail,8.0,54,202.5,Overstock Risk,Overstock Review / Reduce Replenishment
84711B,PINK OVAL SHAPE TRINKET BOX,Long-Tail,2.2222222222222223,15,202.49999999999997,Overstock Risk,Overstock Review / Reduce Replenishment
21054,NURSE'S BAG SOFT TOY,Long-Tail,8.75,59,202.28571428571428,Overstock Risk,Overstock Review / Reduce Replenishment
21462,"NURSERY A,B,C PAINTED LETTERS",Regular,16.5,111,201.8181818181818,Overstock Risk,Overstock Review / Reduce Replenishment
90087,CRYSTAL SEA HORSE PHONE CHARM,Regular,9.727272727272728,65,200.46728971962614,Overstock Risk,Overstock Review / Reduce Replenishment
84803A,PINK ALLIUM  ARTIFICIAL FLOWER,Long-Tail,3.0,20,200.0,Overstock Risk,Overstock Review / Reduce Replenishment
82095,HEART BUTTONS JEWELLERY BOX,Long-Tail,11.333333333333334,75,198.52941176470586,Overstock Risk,Overstock Review / Reduce Replenishment
22762,CUPBOARD 3 DRAWER MA CAMPAGNE,Regular,13.153846153846152,87,198.421052631579,Overstock Risk,Overstock Review / Reduce Replenishment
84913B,MINT GREEN ROSE TOWEL,Regular,16.333333333333332,108,198.36734693877554,Overstock Risk,Overstock Review / Reduce Replenishment
79071B,ENGLISH ROSE METAL WASTE BIN,Long-Tail,3.3333333333333335,22,198.0,Overstock Risk,Overstock Review / Reduce Replenishment
84709B,PINK OVAL JEWELLED MIRROR,Long-Tail,3.3333333333333335,22,198.0,Overstock Risk,Overstock Review / Reduce Replenishment
18097A,PINK TALL PORCELAIN T-LIGHT HOLDER,Long-Tail,1.6666666666666667,11,198.0,Overstock Risk,Overstock Review / Reduce Replenishment
21708,FOLDING UMBRELLA CREAM POLKADOT,Regular,17.272727272727273,114,197.99999999999997,Overstock Risk,Overstock Review / Reduce Replenishment
21415,CLAM SHELL SMALL,Regular,16.846153846153847,111,197.67123287671234,Overstock Risk,Overstock Review / Reduce Replenishment
21910,WAY OUT METAL SIGN,Long-Tail,12.0,79,197.5,Overstock Risk,Overstock Review / Reduce Replenishment
84707A,SILVER JEWELLED MIRROR TRINKET TRAY,Regular,7.916666666666667,52,197.05263157894737,Overstock Risk,Overstock Review / Reduce Replenishment
84563A,PINK & WHITE BREAKFAST TRAY,Regular,16.0,105,196.875,Overstock Risk,Overstock Review / Reduce Replenishment
84661C,PINK SQUARE TABLE CLOCK,Long-Tail,14.2,93,196.4788732394366,Overstock Risk,Overstock Review / Reduce Replenishment
21333,CLASSIC WHITE FRAME,Long-Tail,11.2,73,195.5357142857143,Overstock Risk,Overstock Review / Reduce Replenishment
22770,MIRROR CORNICE,Regular,7.230769230769231,47,195.0,Overstock Risk,Overstock Review / Reduce Replenishment
71270,PHOTO CLIP LINE,Regular,18.153846153846153,118,195.0,Overstock Risk,Overstock Review / Reduce Replenishment
23649,SET 10 CARDS DECK THE HALLS 16960,Long-Tail,2.0,13,195.0,Overstock Risk,Overstock Review / Reduce Replenishment
85109,PINK BOUDOIR T-LIGHT HOLDER,Long-Tail,12.0,78,195.0,Overstock Risk,Overstock Review / Reduce Replenishment
21279,VINTAGE KITCHEN PRINT FRUITS,Long-Tail,9.444444444444445,61,193.76470588235293,Overstock Risk,Overstock Review / Reduce Replenishment
16162M,THE KING GIFT BAG 25X24X12CM,Long-Tail,9.333333333333334,60,192.85714285714286,Overstock Risk,Overstock Review / Reduce Replenishment
21082,SET/20 FRUIT SALAD PAPER NAPKINS,Regular,14.666666666666666,94,192.27272727272728,Overstock Risk,Overstock Review / Reduce Replenishment
72133,COLUMBIAN CANDLE RECTANGLE,Long-Tail,5.0,32,192.0,Overstock Risk,Overstock Review / Reduce Replenishment
84804A,CREAM DELPHINIUM ARTIFICIAL FLOWER,Long-Tail,10.0,64,192.0,Overstock Risk,Overstock Review / Reduce Replenishment
23448,CREAM BUNNY EASTER EGG BASKET,Long-Tail,12.5,80,192.0,Overstock Risk,Overstock Review / Reduce Replenishment
90214I,"LETTER ""I"" BLING KEY RING",Long-Tail,4.222222222222222,27,191.8421052631579,Overstock Risk,Overstock Review / Reduce Replenishment
20659,ECONOMY LUGGAGE TAG,Regular,13.166666666666666,84,191.39240506329114,Overstock Risk,Overstock Review / Reduce Replenishment
23441,HAND PAINTED HANGING EASTER EGG,Long-Tail,11.0,70,190.90909090909093,Overstock Risk,Overstock Review / Reduce Replenishment
84685,BEACH HUT KEY CABINET,Long-Tail,8.5,54,190.58823529411765,Overstock Risk,Overstock Review / Reduce Replenishment
21131,GOLD STANDING GNOME,Regular,9.636363636363637,61,189.9056603773585,Overstock Risk,Overstock Review / Reduce Replenishment
35638A,PINK AND BLACK STRING CURTAIN,Long-Tail,7.6,48,189.47368421052633,Overstock Risk,Overstock Review / Reduce Replenishment
84877D,BLUE ROUND COMPACT MIRROR,Regular,16.0,101,189.375,Overstock Risk,Overstock Review / Reduce Replenishment
84629,WHITE 3 FRAME BIRDS AND TREE,Long-Tail,6.666666666666667,42,189.0,Overstock Risk,Overstock Review / Reduce Replenishment
85125,SMALL ROUND CUT GLASS CANDLESTICK,Regular,16.1,101,188.19875776397512,Overstock Risk,Overstock Review / Reduce Replenishment
90143,SILVER BRACELET W PASTEL FLOWER,Long-Tail,3.2,20,187.5,Overstock Risk,Overstock Review / Reduce Replenishment
84016,FLAG OF ST GEORGE CAR FLAG,Long-Tail,13.5,84,186.66666666666666,Overstock Risk,Overstock Review / Reduce Replenishment
21351,CINAMMON & ORANGE WREATH,Regular,14.857142857142858,92,185.76923076923077,Overstock Risk,Overstock Review / Reduce Replenishment
85160B,BLACK BIRD GARDEN DESIGN MUG,Regular,13.25,82,185.66037735849056,Overstock Risk,Overstock Review / Reduce Replenishment
85027L,FRENCH CHATEAU LARGE PLATTER,Long-Tail,17.5,108,185.14285714285714,Overstock Risk,Overstock Review / Reduce Replenishment
21378,SMALL TALL CAMPHOR WOOD TOADSTOOL,Regular,11.833333333333334,73,185.07042253521124,Overstock Risk,Overstock Review / Reduce Replenishment
84687,BEACH HUT SHELF W 3 DRAWERS,Long-Tail,9.0,55,183.33333333333334,Overstock Risk,Overstock Review / Reduce Replenishment
23611,SET 10 CARDS RED RIDING HOOD 17214,Long-Tail,10.0,61,183.0,Overstock Risk,Overstock Review / Reduce Replenishment
21851,LILAC DIAMANTE PEN IN GIFT BOX,Regular,10.846153846153848,66,182.55319148936164,Overstock Risk,Overstock Review / Reduce Replenishment
90083,CRYSTAL CZECH CROSS PHONE CHARM,Long-Tail,6.25,38,182.4,Overstock Risk,Overstock Review / Reduce Replenishment
20704,MR ROBOT SOFT TOY,Regular,16.615384615384617,101,182.36111111111111,Overstock Risk,Overstock Review / Reduce Replenishment
21379,CAMPHOR WOOD PORTOBELLO MUSHROOM,Regular,13.692307692307692,83,181.85393258426967,Overstock Risk,Overstock Review / Reduce Replenishment
84199,GLOW IN DARK DOLPHINS,Regular,12.545454545454543,76,181.73913043478265,Overstock Risk,Overstock Review / Reduce Replenishment
22320,BIRDS MOBILE VINTAGE DESIGN,Regular,14.538461538461538,88,181.5873015873016,Overstock Risk,Overstock Review / Reduce Replenishment
23151,ZINC SWEETHEART SOAP DISH,Long-Tail,7.625,46,180.98360655737707,Overstock Risk,Overstock Review / Reduce Replenishment
