stock_code,description,first_sale_date,last_sale_date,total_units,total_revenue,avg_unit_price,description_count
10002,INFLATABLE POLITICAL GLOBE,2010-12-01 08:45:00,2011-04-18 12:56:00,860,759.89,1.086619718309859,1
10080,GROOVY CACTUS INFLATABLE,2011-02-27 13:47:00,2011-11-21 17:04:00,303,119.08999999999999,0.41090909090909095,1
10120,DOGGY RUBBER,2010-12-03 11:19:00,2011-12-04 13:15:00,192,40.32,0.21,1
10123C,HEARTS WRAPPING TAPE,2010-12-03 11:19:00,2011-03-31 13:14:00,5,3.25,0.65,1
10124A,SPOTS ON RED BOOKCOVER TAPE,2010-12-06 13:13:00,2011-11-06 13:00:00,16,6.72,0.42000000000000004,1
10124G,ARMY CAMO BOOKCOVER TAPE,2010-12-02 13:14:00,2011-11-06 13:00:00,17,7.14,0.42,1
10125,MINI FUNKY DESIGN TAPES,2010-12-01 12:23:00,2011-12-09 10:13:00,1295,993.99,0.8597849462365591,1
10133,COLOURING PENCILS BROWN TUBE,2010-12-01 12:15:00,2011-09-07 10:07:00,2846,1535.4,0.6537435897435897,1
10135,COLOURING PENCILS BROWN TUBE,2010-12-01 17:06:00,2011-12-08 09:28:00,2229,2204.89,1.4128813559322033,1
11001,ASSTD DESIGN RACING CAR PEN,2010-12-01 14:32:00,2011-12-06 16:26:00,1615,2389.44,1.89,1
15030,FAN BLACK FRAME,2011-03-24 13:37:00,2011-12-06 12:21:00,143,41.47,0.29,1
15034,PAPER POCKET TRAVELING FAN,2010-12-05 13:55:00,2011-12-08 09:28:00,5247,735.86,0.3779411764705882,1
15036,ASSORTED COLOURS SILK FAN,2010-12-02 15:03:00,2011-12-09 10:03:00,23802,18549.92,1.068223938223938,1
15039,SANDALWOOD FAN,2010-12-05 12:43:00,2011-12-09 10:03:00,2070,1961.6399999999999,1.245,1
15044A,PINK PAPER PARASOL,2010-12-21 14:26:00,2011-12-05 17:17:00,458,1439.0200000000002,3.6700000000000004,1
15044B,BLUE PAPER PARASOL,2010-12-01 12:54:00,2011-09-28 15:50:00,321,946.83,3.506666666666667,1
15044C,PURPLE PAPER PARASOL,2010-12-06 10:08:00,2011-12-06 14:23:00,313,1022.9900000000001,3.851818181818182,1
15044D,RED PAPER PARASOL,2010-12-06 16:57:00,2011-12-05 16:03:00,644,1819.76,3.3333333333333335,1
15056BL,EDWARDIAN PARASOL BLACK,2010-12-01 09:41:00,2011-12-09 10:26:00,2804,16280.070000000002,7.425315789473685,1
15056N,EDWARDIAN PARASOL NATURAL,2010-12-01 09:41:00,2011-12-09 10:20:00,4038,23505.920000000002,7.8137037037037045,1
15056P,EDWARDIAN PARASOL PINK,2010-12-01 16:01:00,2011-12-08 13:50:00,803,4731.7,7.300414201183432,1
15058A,BLUE POLKADOT GARDEN PARASOL,2010-12-10 11:11:00,2011-11-23 12:48:00,198,1652.59,9.223295454545454,1
15058B,PINK POLKADOT GARDEN PARASOL,2010-12-10 13:27:00,2011-11-17 12:55:00,228,1885.27,9.890927835051546,1
15058C,ICE CREAM DESIGN GARDEN PARASOL,2011-02-03 14:41:00,2011-12-09 10:03:00,240,1429.82,9.33361111111111,1
15060B,FAIRY CAKE DESIGN UMBRELLA,2010-12-02 14:30:00,2011-11-20 13:58:00,453,1828.67,5.0767669172932335,1
16008,SMALL FOLDING SCISSOR(POINTED EDGE),2010-12-09 14:10:00,2011-12-09 08:48:00,2892,360.71,0.13614285714285712,1
16010,FOLDING CAMPING SCISSOR W/KNIF & S,2010-12-05 16:41:00,2011-03-28 14:27:00,30,3.5999999999999996,0.12,1
16011,ANIMAL STICKERS,2010-12-05 12:53:00,2011-12-07 12:41:00,1749,367.29,0.21,1
16012,FOOD/DRINK SPONGE STICKERS,2010-12-02 13:32:00,2011-12-05 14:49:00,1220,256.2,0.21,1
16014,SMALL CHINESE STYLE SCISSOR,2010-12-01 12:15:00,2011-12-09 08:48:00,13328,4335.76,0.4014814814814815,1
16015,MEDIUM CHINESE STYLE SCISSOR,2010-12-09 14:10:00,2011-11-17 17:34:00,662,289.98,0.48833333333333334,1
16016,LARGE CHINESE STYLE SCISSOR,2010-12-01 12:15:00,2011-12-09 12:31:00,1273,1053.45,0.8460000000000001,1
16020C,CLEAR STATIONERY BOX SET,2011-03-02 17:33:00,2011-07-05 17:09:00,84,69.89999999999999,0.8335294117647059,1
16033,MINI HIGHLIGHTER PENS,2010-12-12 10:48:00,2011-02-17 15:40:00,840,100.79999999999998,0.12,1
16043,POP ART PUSH DOWN RUBBER,2011-06-07 10:44:00,2011-06-09 19:33:00,98,11.759999999999998,0.12,1
16045,POPART WOODEN PENCILS ASST,2010-12-22 14:28:00,2011-12-05 12:08:00,8900,380.0,0.043478260869565216,1
16046,TEATIME PEN CASE & PENS,2010-12-02 11:35:00,2011-11-28 11:26:00,65,55.25,0.85,1
16048,TEATIME ROUND PENCIL SHARPENER,2010-12-10 09:51:00,2011-12-08 09:28:00,1460,205.29999999999998,0.3280882352941176,1
16049,TEATIME GEL PENS ASST,2011-04-26 11:51:00,2011-05-25 11:44:00,504,82.08,0.24,1
16052,TEATIME PUSH DOWN RUBBER,2010-12-07 15:28:00,2011-06-09 19:33:00,479,115.3,0.5892307692307692,1
16054,POPART RECT PENCIL SHARPENER ASST,2010-12-10 11:33:00,2011-12-04 13:59:00,1166,140.52,0.1290909090909091,1
16151A,FLOWERS HANDBAG BLUE AND ORANGE,2011-05-11 12:32:00,2011-05-25 10:02:00,49,61.25,1.25,1
16156L,WRAP CAROUSEL,2011-01-07 09:40:00,2011-12-02 10:22:00,475,199.5,0.42,2
16156S,WRAP PINK FAIRY CAKES,2010-12-02 13:44:00,2011-12-08 12:29:00,5800,2331.0,0.4168862275449102,1
16161G,WRAP BAD HAIR DAY,2011-03-15 11:45:00,2011-11-24 11:19:00,700,70.0,0.1,1
16161M,WRAP  PINK FLOCK,2010-12-02 18:15:00,2010-12-02 18:15:00,25,10.5,0.42,1
16161P,WRAP ENGLISH ROSE,2010-12-02 18:08:00,2011-12-07 11:43:00,7176,2969.92,0.41943319838056675,1
16161U,WRAP SUKI AND FRIENDS,2010-12-05 14:45:00,2011-12-02 16:34:00,4050,1677.0,0.4195488721804511,1
16162L,THE KING GIFT BAG,2011-01-11 14:46:00,2011-09-13 11:14:00,20,13.0,0.65,1
16162M,THE KING GIFT BAG 25X24X12CM,2011-07-19 12:47:00,2011-11-27 13:26:00,28,11.76,0.42,1
16168M,FUNKY MONKEY GIFT BAG MEDIUM,2010-12-01 17:06:00,2011-12-08 16:22:00,371,173.12,0.6314634146341463,1
16169E,WRAP 50'S  CHRISTMAS,2011-07-21 13:06:00,2011-12-09 10:20:00,4438,1839.96,0.4191891891891892,1
16169K,WRAP FOLK ART,2010-12-06 15:54:00,2011-09-28 16:07:00,200,84.0,0.42,1
16169M,WRAP DAISY CARPET,2011-01-05 13:40:00,2011-12-02 10:22:00,660,277.2,0.42,1
16169N,WRAP BLUE RUSSIAN FOLKART,2010-12-06 12:06:00,2010-12-06 12:06:00,25,10.5,0.42,1
16169P,WRAP GREEN RUSSIAN FOLKART,2010-12-10 11:24:00,2010-12-19 11:35:00,50,21.0,0.42,1
16202A,PASTEL PINK PHOTO ALBUM,2011-03-11 14:35:00,2011-04-17 13:43:00,7,3.5,0.5,1
16202B,PASTEL BLUE PHOTO ALBUM,2011-04-17 13:43:00,2011-04-19 14:49:00,29,14.5,0.5,1
16202E,BLACK PHOTO ALBUM,2011-04-04 16:36:00,2011-04-17 13:43:00,15,7.5,0.5,1
16206B,RED PURSE WITH PINK HEART,2010-12-23 16:06:00,2011-01-26 12:29:00,7,8.75,1.25,1
16207A,PINK STRAWBERRY HANDBAG,2010-12-19 14:41:00,2011-11-06 16:14:00,60,163.1,2.751764705882353,1
16207B,PINK HEART RED HANDBAG,2011-01-11 12:41:00,2011-08-30 10:49:00,29,76.14,2.6994444444444445,1
16216,LETTER SHAPE PENCIL SHARPENER,2010-12-12 13:47:00,2011-12-07 12:41:00,3333,234.0,0.15244444444444444,1
16218,CARTOON  PENCIL SHARPENERS,2010-12-03 11:36:00,2011-12-09 10:03:00,3821,283.31,0.26984375,1
16219,HOUSE SHAPE PENCIL SHARPENER,2010-12-07 15:28:00,2011-12-08 09:20:00,3000,404.84,0.5218181818181817,1
16225,RATTLE SNAKE EGGS,2010-12-03 11:36:00,2011-12-09 10:03:00,813,689.35,1.4634313725490198,1
16235,RECYCLED PENCIL WITH RABBIT ERASER,2010-12-02 12:16:00,2011-12-09 10:03:00,3068,695.4,0.3164880952380952,1
16236,KITTY PENCIL ERASERS,2010-12-01 14:32:00,2011-12-08 11:43:00,1438,320.09,0.30455882352941177,1
16237,SLEEPING CAT ERASERS,2010-12-01 11:41:00,2011-12-09 10:03:00,4931,1035.33,0.29877133105802045,1
16238,PARTY TIME PENCIL ERASERS,2010-12-01 11:45:00,2011-12-08 11:43:00,1396,321.67,0.3123880597014925,1
16244B,MAXWELL 2 TONE BLUE 60 PAGE PHOTO A,2011-04-26 16:45:00,2011-05-11 15:16:00,7,7.85,1.225,1
16248B,BLUE HOLE PUNCH,2011-03-07 17:52:00,2011-10-30 15:55:00,13,16.25,1.25,1
16254,TRANSPARENT ACRYLIC TAPE DISPENSER,2011-06-15 11:56:00,2011-11-30 14:17:00,40,42.58,1.3088235294117647,1
16258A,SWIRLY CIRCULAR RUBBERS IN BAG,2010-12-01 12:23:00,2011-12-08 09:39:00,471,178.54999999999998,0.5943103448275862,1
16259,PIECE OF CAMO STATIONERY SET,2011-03-17 15:03:00,2011-11-13 11:55:00,3272,317.92,0.09733333333333333,1
17001,HEAVENS SCENT FRAGRANCE OILS ASSTD,2011-02-28 14:48:00,2011-02-28 14:48:00,72,20.88,0.29,1
17003,BROCADE RING PURSE,2010-12-01 14:32:00,2011-12-08 16:30:00,23020,6025.95,0.363402489626556,1
17007B,S/3 POT POURI CUSHIONS BLUE COLOURS,2010-12-06 13:01:00,2011-06-08 14:35:00,24,50.400000000000006,2.1,1
17011F,ORIGAMI SANDLEWOOD INCENSE+FLOWER,2010-12-01 14:32:00,2011-05-19 12:10:00,81,66.36000000000001,1.5728571428571427,1
17012A,ORIGAMI VANILLA INCENSE/CANDLE SET,2010-12-01 14:32:00,2011-12-02 14:25:00,323,375.93,1.9546969696969696,1
17012B,ORIGAMI JASMINE INCENSE/CANDLE SET,2010-12-01 14:32:00,2011-11-30 14:17:00,525,595.85,1.8828235294117646,1
17012C,ORIGAMI LAVENDER INCENSE/CANDL SET,2010-12-01 14:32:00,2011-12-08 12:50:00,420,481.79999999999995,1.7676470588235293,1
17012D,ORIGAMI ROSE INCENSE/CANDLE SET,2010-12-01 14:32:00,2011-12-08 16:30:00,461,547.24,1.8228865979381443,1
17012E,ORIGAMI OPIUM INCENSE/CANDLE SET,2010-12-01 14:32:00,2010-12-15 15:34:00,44,62.64,2.3169999999999997,1
17012F,ORIGAMI SANDLEWOOD INCENSE/CAND SET,2010-12-01 14:32:00,2011-12-08 19:24:00,448,530.6,1.7973404255319148,1
17013D,ORIGAMI ROSE INCENSE IN TUBE,2010-12-08 14:25:00,2011-06-07 10:05:00,535,267.82,1.2453846153846153,1
17014A,ORIGAMI VANILLA INCENSE CONES,2010-12-01 17:06:00,2011-06-27 13:58:00,155,71.19,0.9512499999999999,1
17021,NAMASTE SWAGAT INCENSE,2010-12-01 12:12:00,2011-12-05 12:59:00,2391,632.34,0.29411764705882354,1
17028J,INCENSE BAZAAR PEACH,2011-01-31 15:27:00,2011-01-31 15:27:00,6,2.52,0.42,1
17038,PORCELAIN BUDAH INCENSE HOLDER,2010-12-07 13:50:00,2011-12-09 10:03:00,1525,158.06,0.42,1
17084A,TRANQUILITY MASALA INCENSE,2011-01-31 15:27:00,2011-09-13 14:53:00,200,42.0,0.21,1
17084J,LOVE POTION MASALA INCENSE,2010-12-07 14:30:00,2011-09-13 14:53:00,225,47.25,0.21,1
17084N,FAIRY DREAMS INCENSE,2010-12-01 17:06:00,2011-12-09 10:03:00,1264,313.31,0.3538613861386139,1
17084P,DRAGONS BLOOD INCENSE,2010-12-01 17:06:00,2011-12-08 16:30:00,423,104.44,0.3507692307692308,1
17084R,ASSORTED INCENSE PACK,2010-12-03 11:48:00,2011-12-05 12:30:00,4032,760.3199999999999,0.20259259259259257,1
17090A,LAVENDER INCENSE 40 CONES IN TIN,2010-12-02 13:11:00,2011-11-24 10:24:00,109,107.44999999999999,1.17,1
17090D,VANILLA INCENSE 40 CONES IN TIN,2010-12-02 13:11:00,2011-07-11 11:38:00,29,36.25,1.25,1
17091A,LAVENDER INCENSE IN TIN,2010-12-01 11:21:00,2011-05-18 11:58:00,171,98.91,0.7976000000000001,1
17091J,VANILLA INCENSE IN TIN,2010-12-03 11:48:00,2011-12-09 11:20:00,2084,920.67,0.7027272727272726,1
17096,ASSORTED LAQUERED INCENSE HOLDERS,2010-12-08 14:25:00,2011-07-19 15:30:00,2545,455.9800000000001,0.3025,1
17107D,"FLOWER FAIRY,5 SUMMER B'DRAW LINERS",2010-12-03 12:24:00,2011-12-05 15:51:00,170,433.5,2.55,3
17109D,FLOWER FAIRY INCENSE BOUQUET,2010-12-05 10:45:00,2011-04-21 12:34:00,61,32.349999999999994,0.9039999999999999,1
17129F,BLUE GLASS GEMS IN BAG,2010-12-01 14:32:00,2011-12-05 17:24:00,588,553.8299999999999,1.37,1
17136A,BLUE STONES ON WIRE FOR CANDLE,2011-02-01 13:25:00,2011-11-03 18:49:00,352,29.59,0.10294117647058823,1
17164B,ASS COL SMALL SAND GECKO P'WEIGHT,2010-12-01 12:54:00,2011-01-26 14:51:00,27,11.34,0.42,1
17165D,ASS COL LARGE SAND FROG P'WEIGHT,2010-12-10 11:01:00,2011-01-12 15:22:00,27,28.35,1.05,1
17174,ASSTD RASTA KEY-CHAINS,2011-01-16 13:04:00,2011-11-24 15:01:00,9,3.7800000000000002,0.42,1
17191A,ROSE FLOWER CANDLE+INCENSE 16X16CM,2011-11-13 11:39:00,2011-12-04 10:51:00,4,15.0,3.75,1
18007,ESSENTIAL BALM 3.5G TIN IN ENVELOPE,2010-12-06 10:18:00,2011-07-20 16:12:00,5884,395.61,0.27483870967741936,1
18094C,WHITE AND BLUE CERAMIC OIL BURNER,2010-12-06 13:47:00,2011-10-07 13:17:00,192,283.93,1.955952380952381,1
18097A,PINK TALL PORCELAIN T-LIGHT HOLDER,2010-12-02 13:49:00,2011-06-22 16:16:00,5,12.75,2.55,1
18097C,WHITE TALL PORCELAIN T-LIGHT HOLDER,2010-12-02 13:49:00,2011-12-08 16:30:00,407,1029.4099999999999,3.1319117647058823,1
18098C,PORCELAIN BUTTERFLY OIL BURNER,2010-12-01 14:32:00,2011-08-08 13:11:00,265,921.87,3.9436507936507934,1
20615,BLUE POLKADOT PASSPORT COVER,2010-12-02 19:18:00,2011-12-08 20:01:00,309,466.99,2.5613684210526313,1
20616,CHERRY BLOSSOM PASSPORT COVER,2010-12-01 14:41:00,2011-12-08 20:01:00,194,243.53,1.8074647887323942,1
20617,FIRST CLASS PASSPORT COVER,2010-12-01 17:06:00,2011-12-08 16:30:00,93,194.94,2.251860465116279,1
20618,QUEEN OF THE SKIES PASSPORT COVER,2010-12-08 12:46:00,2011-12-06 16:21:00,148,286.39,2.0278947368421054,1
20619,TROPICAL PASSPORT COVER,2010-12-01 17:06:00,2011-12-05 17:24:00,262,439.65,2.136767676767677,1
20622,VIPPASSPORT COVER,2010-12-01 14:32:00,2011-12-05 17:24:00,185,303.7,2.4062745098039215,2
20652,BLUE POLKADOT LUGGAGE TAG,2010-12-03 14:54:00,2011-12-08 20:01:00,265,346.86,1.575897435897436,1
20653,CHERRY BLOSSOM LUGGAGE TAG,2010-12-01 17:06:00,2011-12-05 17:17:00,73,95.17999999999999,1.4815151515151515,1
20654,FIRST CLASS LUGGAGE TAG,2010-12-10 11:01:00,2011-12-08 16:30:00,152,193.59,1.385,1
20655,QUEEN OF SKIES LUGGAGE TAG,2010-12-03 11:28:00,2011-12-04 13:32:00,197,292.29,1.7224242424242426,1
20657,TROPICAL LUGGAGE TAG,2010-12-03 14:54:00,2011-11-11 09:05:00,73,105.91,1.720909090909091,1
20658,RED RETROSPOT LUGGAGE TAG,2010-12-01 14:32:00,2011-09-26 13:57:00,433,652.11,1.7522429906542056,1
20659,ECONOMY LUGGAGE TAG,2010-12-05 15:12:00,2011-12-09 10:03:00,158,246.84,1.63984375,1
20661,BLUE POLKADOT PURSE,2010-12-03 14:54:00,2011-12-01 16:22:00,44,141.15,3.397878787878788,1
20662,FIRST CLASS HOLIDAY PURSE,2010-12-01 14:32:00,2011-10-24 17:07:00,31,90.42,2.879,1
20663,QUEEN OF THE SKIES HOLIDAY PURSE,2010-12-07 18:36:00,2011-10-17 13:31:00,25,66.26,2.693,1
20664,TROPICAL HOLIDAY PURSE,2010-12-12 12:08:00,2011-08-30 10:39:00,32,81.66,2.5416666666666665,1
20665,RED RETROSPOT PURSE,2010-12-01 17:06:00,2011-12-09 10:03:00,461,1546.2700000000002,4.068333333333333,1
20666,ECONOMY HOLIDAY PURSE,2010-12-12 12:26:00,2011-07-20 16:12:00,30,41.53,1.7123529411764706,1
20667,CHERRY BLOSSOM PURSE,2011-05-31 11:39:00,2011-08-30 10:39:00,20,49.69,2.490625,1
20668,DISCO BALL CHRISTMAS DECORATION,2010-12-01 10:19:00,2011-12-09 10:51:00,12883,1501.4,0.16444954128440367,1
20669,RED HEART LUGGAGE TAG,2010-12-01 11:45:00,2011-12-09 10:26:00,304,447.34,1.6915841584158415,1
20670,VIP HOLIDAY PURSE,2010-12-12 12:08:00,2011-11-15 16:38:00,14,44.04,3.2436363636363637,1
20671,BLUE TEATIME PRINT BOWL,2010-12-05 13:55:00,2010-12-09 13:34:00,10,12.5,1.25,1
20674,GREEN POLKADOT BOWL,2010-12-02 11:21:00,2011-12-08 15:31:00,1563,2016.23,1.5633009708737866,1
20675,BLUE POLKADOT BOWL,2010-12-02 12:47:00,2011-12-08 15:31:00,3116,3978.12,1.588018575851393,1
20676,RED RETROSPOT BOWL,2010-12-01 14:32:00,2011-12-08 15:31:00,5011,6359.81,1.6325999999999998,1
20677,PINK POLKADOT BOWL,2010-12-02 12:50:00,2011-12-08 15:31:00,3669,4741.09,1.6513392857142857,1
20678,LARGE BLACK DIAMANTE HAIRSLIDE,2011-09-23 14:49:00,2011-09-23 14:49:00,4,6.6,1.65,1
20679,EDWARDIAN PARASOL RED,2010-12-01 09:02:00,2011-12-09 10:26:00,1704,9985.720000000001,7.006901840490798,1
20681,PINK POLKADOT CHILDRENS UMBRELLA,2010-12-01 17:06:00,2011-03-07 10:12:00,139,503.71,4.226521739130434,1
20682,RED RETROSPOT CHILDRENS UMBRELLA,2010-12-01 17:06:00,2011-12-08 09:20:00,1234,4168.08,4.021729957805907,1
20684,STRAWBERRY DREAM CHILDS UMBRELLA,2010-12-01 14:32:00,2011-07-22 10:52:00,80,270.56,3.5517142857142856,1
20685,DOORMAT RED RETROSPOT,2010-12-01 11:41:00,2011-12-09 12:49:00,4023,27598.37,8.969971056439942,1
20686,DOLLY MIXTURE CHILDREN'S UMBRELLA,2010-12-03 11:36:00,2011-12-08 13:50:00,267,922.67,3.8718181818181816,1
20694,FLORAL PINK MONSTER,2010-12-17 14:54:00,2011-11-22 15:41:00,43,187.54,5.078235294117647,1
20695,FLORAL BLUE MONSTER,2010-12-08 15:17:00,2011-11-17 15:08:00,5,21.25,4.25,1
20696,FLORAL SOFT CAR TOY,2010-12-01 17:06:00,2011-11-11 13:06:00,54,230.81,4.7219999999999995,1
20697,LITTLE GREEN MONSTER SOFT TOY,2010-12-01 14:37:00,2011-11-23 12:20:00,19,48.449999999999996,2.55,1
20698,LITTLE PINK MONSTER SOFT TOY,2011-01-11 12:41:00,2011-11-23 12:20:00,17,43.349999999999994,2.55,1
20699,MOUSEY LONG LEGS SOFT TOY,2010-12-01 17:06:00,2011-12-05 17:36:00,97,266.03,3.0048780487804874,1
20700,GREEN CAT FLORAL CUSHION COVER,2010-12-01 17:06:00,2011-09-28 16:13:00,73,345.17,4.981111111111112,1
20701,PINK CAT FLORAL CUSHION COVER,2010-12-23 16:06:00,2011-06-30 15:56:00,25,100.97,4.066666666666666,1
20702,PINK PADDED MOBILE,2010-12-05 13:42:00,2011-10-26 13:07:00,134,573.54,4.346190476190476,1
20704,MR ROBOT SOFT TOY,2010-12-13 11:21:00,2011-12-09 10:46:00,216,697.7,5.847727272727273,1
20705,MRS ROBOT SOFT TOY,2010-12-14 12:59:00,2011-12-06 12:19:00,143,428.85,4.807142857142857,1
20707,CRAZY DAISY HEART DECORATION,2010-12-01 12:43:00,2011-12-05 17:17:00,464,468.39,1.0885906040268456,1
20711,JUMBO BAG TOYS,2010-12-01 14:11:00,2011-12-01 16:22:00,4997,10995.12,3.1289674952198854,1
20712,JUMBO BAG WOODLAND ANIMALS,2010-12-01 13:04:00,2011-12-09 10:26:00,9541,21681.89,2.9312254335260115,1
20713,JUMBO BAG OWLS,2010-12-01 11:45:00,2011-12-09 12:19:00,11187,22585.26,2.7842922374429224,1
20716,PARTY FOOD SHOPPER BAG,2010-12-06 09:58:00,2011-06-29 11:46:00,400,469.63,1.3158108108108109,1
20717,STRAWBERRY SHOPPER BAG,2010-12-01 11:45:00,2011-12-09 10:26:00,2845,3549.48,1.6740384615384616,1
20718,RED RETROSPOT SHOPPER BAG,2010-12-01 17:06:00,2011-12-09 10:26:00,4759,6591.79,1.7792894280762566,1
20719,WOODLAND CHARLOTTE BAG,2010-12-01 14:32:00,2011-12-09 10:23:00,13210,16680.35,1.212305854241338,1
20723,STRAWBERRY CHARLOTTE BAG,2010-12-01 09:37:00,2011-12-09 10:23:00,9783,12539.65,1.202703448275862,1
20724,RED RETROSPOT CHARLOTTE BAG,2010-12-01 14:32:00,2011-12-09 10:23:00,17650,21692.04,1.1471757925072046,1
20725,LUNCH BAG RED RETROSPOT,2010-12-01 09:37:00,2011-12-09 12:23:00,19010,35246.06,2.134377382465057,2
20726,LUNCH BAG WOODLAND,2010-12-01 11:21:00,2011-12-09 10:26:00,9848,18183.13,2.1839181286549705,1
20727,LUNCH BAG  BLACK SKULL.,2010-12-01 11:29:00,2011-12-09 11:34:00,12142,22259.51,2.109907335907336,1
20728,LUNCH BAG CARS BLUE,2010-12-01 11:29:00,2011-12-09 10:26:00,11743,21628.53,2.0653673292999137,1
20731,POSY CANDY BAG,2010-12-06 12:15:00,2011-06-20 14:48:00,92,109.96,1.0925,1
20733,GOLD MINI TAPE MEASURE,2010-12-01 14:32:00,2011-12-09 10:03:00,934,740.36,0.8464878048780488,1
20734,SILVER MINI TAPE MEASURE,2010-12-03 14:27:00,2011-04-06 11:14:00,158,271.21999999999997,1.7962962962962963,1
20735,BLACK MINI TAPE MEASURE,2010-12-01 14:32:00,2011-12-06 14:23:00,623,625.8,1.1194642857142856,1
20748,KENSINGTON COFFEE SET,2010-12-05 13:42:00,2011-11-28 13:06:00,57,751.17,13.468235294117648,1
20749,ASSORTED COLOUR MINI CASES,2010-12-01 11:21:00,2011-12-09 09:38:00,1757,12510.82,8.066204188481676,1
20750,RED RETROSPOT MINI CASES,2010-12-01 11:49:00,2011-12-09 11:59:00,1743,12603.18,8.122734375,1
20751,FUNKY WASHING UP GLOVES ASSORTED,2010-12-02 15:46:00,2011-12-04 12:32:00,971,2041.5200000000002,2.3687192118226603,1
20752,BLUE POLKADOT WASHING UP GLOVES,2010-12-01 17:06:00,2011-11-27 14:50:00,406,918.35,2.419387755102041,1
20754,RETROSPOT RED WASHING UP GLOVES,2010-12-01 12:43:00,2011-11-20 14:43:00,1456,3086.76,2.514607843137255,1
20755,BLUE PAISLEY POCKET BOOK,2010-12-01 17:35:00,2011-12-07 12:26:00,306,271.16999999999996,0.9903225806451613,1
20756,GREEN FERN POCKET BOOK,2011-01-20 14:13:00,2011-11-22 15:45:00,63,53.55,0.85,1
20757,RED DAISY POCKET BOOK,2010-12-02 14:09:00,2011-11-27 12:13:00,158,136.64,0.9188235294117647,1
20758,ABSTRACT CIRCLES POCKET BOOK,2010-12-09 14:19:00,2011-12-07 13:53:00,159,135.15,0.85,1
20759,CHRYSANTHEMUM POCKET BOOK,2010-12-02 14:09:00,2011-12-07 13:53:00,64,54.4,0.85,1
20760,GARDEN PATH POCKET BOOK,2010-12-02 14:09:00,2011-11-24 14:09:00,69,58.65,0.85,1
20761,BLUE PAISLEY SKETCHBOOK,2010-12-01 17:06:00,2011-12-07 12:21:00,120,505.97,4.461746031746031,1
20762,GREEN FERN SKETCHBOOK,2010-12-06 10:08:00,2011-12-06 12:56:00,106,420.08,4.153214285714286,1
20763,DAISY SKETCHBOOK,2010-12-07 15:28:00,2011-12-06 12:15:00,73,205.04,3.9829629629629633,1
20764,ABSTRACT CIRCLES SKETCHBOOK,2010-12-05 13:00:00,2011-12-08 09:20:00,142,603.3100000000001,4.66961038961039,1
20765,CHRYSANTHEMUM SKETCHBOOK,2010-12-01 17:24:00,2011-12-05 17:17:00,102,416.05,4.255762711864407,1
20766,GARDEN PATH SKETCHBOOK,2010-12-02 15:46:00,2011-12-04 15:00:00,122,493.57,4.450862068965517,1
20767,BLUE PAISLEY JOURNAL,2010-12-03 11:19:00,2011-12-06 14:35:00,250,656.06,2.8722784810126583,1
20768,GREEN FERN JOURNAL,2010-12-01 16:57:00,2011-12-06 15:43:00,176,438.57,2.647272727272727,1
20769,DAISY JOURNAL,2010-12-06 12:06:00,2011-12-06 15:43:00,80,217.55999999999997,2.7467647058823528,1
20770,ABSTRACT CIRCLE JOURNAL,2010-12-01 14:32:00,2011-11-27 11:47:00,184,447.25,2.4995833333333333,1
20771,CHRYSANTHEMUM  JOURNAL,2010-12-05 16:41:00,2011-12-06 12:56:00,102,267.13,2.7685,1
20772,GARDEN PATH JOURNAL,2010-12-01 12:43:00,2011-12-08 19:28:00,246,618.64,2.7553125,1
20773,BLUE PAISLEY NOTEBOOK,2010-12-01 12:15:00,2011-09-12 13:43:00,56,92.39999999999999,1.6499999999999997,1
20774,GREEN FERN NOTEBOOK,2010-12-01 12:15:00,2011-10-04 16:33:00,86,141.23999999999998,1.6406666666666667,1
20775,DAISY NOTEBOOK,2010-12-06 12:44:00,2011-12-05 17:24:00,134,233.54,1.7179687499999998,1
20777,CHRYSANTHEMUM NOTEBOOK,2010-12-01 12:15:00,2011-12-09 10:03:00,169,282.48999999999995,1.7029999999999998,1
20778,GARDEN PATH NOTEBOOK,2010-12-09 14:19:00,2011-04-26 13:22:00,15,24.75,1.65,1
20780,BLACK EAR MUFF HEADPHONES,2010-12-01 16:57:00,2011-12-08 16:30:00,47,312.7,7.693793103448276,1
20781,GOLD EAR MUFF HEADPHONES,2010-12-06 08:34:00,2011-12-07 14:12:00,35,212.26,6.073200000000001,1
20782,CAMOUFLAGE EAR MUFF HEADPHONES,2010-12-06 09:58:00,2011-12-09 10:03:00,53,368.08,7.535185185185185,1
20785,FUSCHIA RETRO BAR STOOL,2011-01-05 15:56:00,2011-04-06 12:08:00,14,523.3000000000001,39.15,1
20793,BLUE TILED TRAY,2010-12-12 12:01:00,2011-09-08 10:35:00,3,20.25,6.75,1
20794,BLUE  TILE HOOK,2010-12-07 18:36:00,2011-12-06 16:26:00,91,262.39,3.611851851851852,1
20795,LARGE BLUE PROVENCAL CERAMIC BALL,2011-01-18 15:19:00,2011-12-05 17:24:00,49,113.05000000000001,2.653636363636364,1
20796,SMALL BLUE PROVENCAL CERAMIC BALL,2011-03-01 17:32:00,2011-11-10 12:01:00,62,103.93999999999998,1.832222222222222,1
20798,CLEAR MILKSHAKE GLASS,2010-12-02 12:28:00,2011-01-25 13:38:00,36,75.60000000000001,2.1,1
20801,LARGE PINK GLASS SUNDAE DISH,2010-12-07 15:28:00,2011-05-25 16:08:00,997,1145.8,1.621358024691358,1
20802,SMALL GLASS SUNDAE DISH CLEAR,2010-12-06 08:34:00,2011-11-28 10:31:00,739,984.4699999999999,1.942063492063492,1
20803,SMALL PINK GLASS SUNDAE DISH,2010-12-06 10:08:00,2011-05-01 13:45:00,903,461.26,1.165128205128205,1
20816,GOLD FLOWER CUSHION COVER,2011-04-28 13:17:00,2011-04-28 19:53:00,8,15.6,1.95,1
20818,GOLD TEDDY BEAR,2010-12-13 11:21:00,2011-05-04 13:36:00,15,42.7,5.54,1
20819,SILVER TEDDY BEAR,2010-12-06 15:13:00,2011-11-30 11:17:00,64,244.72,4.016666666666667,1
20820,SILVER LOOKING MIRROR,2010-12-01 11:21:00,2011-03-01 17:28:00,5,24.75,4.95,1
20821,GOLDIE LOOKING MIRROR,2011-03-30 12:04:00,2011-11-23 15:53:00,11,54.45,4.95,1
20823,GOLD WINE GOBLET,2011-04-19 14:49:00,2011-06-09 14:23:00,164,129.56,0.79,1
20826,SILVER APERITIF GLASS,2010-12-13 15:12:00,2011-05-18 11:08:00,276,128.4,0.8225,1
20827,GOLD APERITIF GLASS,2011-04-19 14:49:00,2011-04-21 12:34:00,88,34.32,0.39,1
20828,GLITTER BUTTERFLY CLIPS,2010-12-02 13:32:00,2011-12-08 09:28:00,1128,3074.7799999999997,3.1662903225806454,1
20829,GLITTER HANGING BUTTERFLY STRING,2010-12-03 17:20:00,2011-12-08 16:30:00,1312,2718.75,2.453838383838384,1
20830,SILVER PHOTO FRAME,2010-12-12 10:48:00,2011-10-02 15:33:00,136,409.83,3.0435135135135134,1
20831,GOLD PHOTO FRAME,2010-12-12 10:48:00,2011-12-09 10:20:00,216,466.53000000000003,2.737948717948718,1
20832,RED FLOCK LOVE HEART PHOTO FRAME,2010-12-02 12:16:00,2011-12-09 12:25:00,1067,572.67,0.7425301204819278,1
20835,FRENCH LATTICE CUSHION COVER,2010-12-01 14:32:00,2011-11-10 15:23:00,67,65.8,2.10375,1
20836,FRENCH PAISLEY CUSHION COVER,2011-05-03 10:43:00,2011-11-24 11:52:00,158,131.14,0.83,1
20837,FRENCH FLORAL CUSHION COVER,2011-02-17 14:51:00,2011-11-20 11:06:00,141,142.47,0.9713333333333334,1
20838,FRENCH LATTICE CUSHION COVER,2011-04-27 17:23:00,2011-12-05 17:28:00,373,451.25,1.8957142857142857,1
20839,FRENCH PAISLEY CUSHION COVER,2010-12-01 14:32:00,2011-12-08 16:30:00,575,840.4399999999999,2.385047619047619,1
20840,FRENCH FLORAL CUSHION COVER,2010-12-01 14:32:00,2011-12-08 16:30:00,521,622.12,2.0195945945945946,1
20845,ZINC HEART LATTICE 2 WALL PLANTER,2011-01-18 13:05:00,2011-08-16 13:13:00,19,120.64999999999999,6.35,1
20846,ZINC HEART LATTICE T-LIGHT HOLDER,2010-12-01 17:06:00,2011-12-07 09:22:00,716,957.32,1.6134831460674157,1
20847,ZINC HEART LATTICE CHARGER LARGE,2010-12-06 09:58:00,2011-11-25 11:54:00,52,217.57999999999998,4.592222222222222,1
20848,ZINC HEART LATTICE CHARGER SMALL,2010-12-13 15:12:00,2011-11-06 14:45:00,21,61.95,2.95,1
20851,ZINC HEART LATTICE TRAY OVAL,2011-01-30 13:48:00,2011-04-27 16:54:00,9,53.550000000000004,5.95,1
20854,BLUE PATCH PURSE PINK HEART,2010-12-01 14:32:00,2011-02-20 12:01:00,228,359.91999999999996,1.6864999999999999,1
20856,DENIM PATCH PURSE PINK BUTTERFLY,2010-12-01 14:32:00,2011-08-09 14:18:00,206,340.78999999999996,1.6706666666666665,1
20857,BLUE ROSE PATCH PURSE PINK BUTTERFL,2010-12-07 10:06:00,2011-02-17 13:28:00,17,28.049999999999997,1.65,1
20860,GOLD COSMETICS BAG WITH BUTTERFLY,2010-12-13 16:46:00,2010-12-13 16:46:00,1,2.1,2.1,1
20861,GOLD COSMETIC BAG PINK STAR,2010-12-06 12:55:00,2010-12-10 11:24:00,2,4.2,2.1,1
20866,BLUE ROSE FABRIC MIRROR,2010-12-01 12:23:00,2011-12-08 16:30:00,477,582.5,1.4934831460674156,1
20867,PINK ROSE FABRIC MIRROR,2010-12-01 13:51:00,2011-12-06 12:21:00,331,393.46999999999997,1.3503225806451613,1
20868,SILVER FABRIC MIRROR,2010-12-10 11:12:00,2011-12-08 19:24:00,458,219.35000000000002,0.7071739130434783,1
20869,GOLD FABRIC MIRROR,2010-12-17 14:54:00,2011-12-08 19:24:00,180,86.76,0.716,1
20871,OPULENT VELVET SET/3 CANDLES,2010-12-14 15:52:00,2010-12-14 15:52:00,2,8.42,4.21,1
20878,SET/9 CHRISTMAS T-LIGHTS SCENTED,2010-12-01 12:23:00,2010-12-05 16:24:00,24,30.0,1.25,1
20886,BOX OF 9 PEBBLE CANDLES,2010-12-03 11:27:00,2011-11-07 12:06:00,479,974.53,2.481650485436893,1
20892,SET/3 TALL GLASS CANDLE HOLDER PINK,2010-12-07 15:28:00,2010-12-21 15:19:00,4,89.22,21.243333333333332,1
20893,HANGING BAUBLE T-LIGHT HOLDER SMALL,2010-12-02 10:17:00,2011-12-04 12:13:00,268,609.02,3.0580769230769227,1
20894,HANGING BAUBLE T-LIGHT HOLDER LARGE,2010-12-02 13:49:00,2011-12-01 08:51:00,33,108.71000000000001,3.707333333333333,1
20897,VINTAGE NOTEBOOK PARIS DAYS,2010-12-06 11:10:00,2011-08-30 10:29:00,101,280.57,3.1917391304347826,1
20898,VINTAGE NOTEBOOK TRAVELOGUE,2011-01-27 15:51:00,2011-10-23 13:49:00,32,88.03,2.6107692307692307,1
20901,VINTAGE KEEPSAKE BOX PINK FLOWER,2011-06-07 17:12:00,2011-11-14 14:39:00,17,72.43,4.288571428571428,1
20902,VINTAGE KEEPSAKE BOX PARIS DAYS,2010-12-01 14:03:00,2011-08-10 16:51:00,112,686.86,6.938035714285715,1
20903,VINTAGE KEEPSAKE BOX TRAVELOGUE,2010-12-06 11:10:00,2011-10-23 13:49:00,82,441.89,5.576964285714285,1
20906,VINTAGE NOTEBOOK BEAUTY GIRL,2010-12-08 13:23:00,2011-04-03 15:07:00,3,8.850000000000001,2.95,1
20910,VINTAGE PHOTO ALBUM PARIS DAYS,2010-12-03 14:35:00,2010-12-16 11:53:00,8,50.8,6.349999999999999,1
20914,SET/5 RED RETROSPOT LID GLASS BOWLS,2010-12-01 11:32:00,2011-12-09 10:03:00,6315,18234.850000000002,3.290900900900901,2
20931,BLUE POT PLANT CANDLE,2010-12-01 17:06:00,2011-12-09 10:03:00,299,1060.9,5.06,1
20932,PINK POT PLANT CANDLE,2010-12-10 09:51:00,2011-12-08 16:30:00,204,628.7900000000001,4.676,1
20933,YELLOW POT PLANT CANDLE,2011-01-05 15:56:00,2011-12-08 11:15:00,23,71.05,3.127777777777778,1
20934,SET/3 POT PLANT CANDLES,2010-12-17 16:59:00,2011-11-04 14:54:00,63,397.21000000000004,7.18741935483871,1
20935,ROUND CACTUS CANDLE,2011-09-23 13:48:00,2011-11-16 16:08:00,6,17.700000000000003,2.95,1
20936,FORKED CACTUS CANDLE,2010-12-05 11:12:00,2011-12-09 11:34:00,100,319.66,3.7341176470588238,1
20941,FROG CANDLE,2010-12-03 11:13:00,2011-07-06 15:15:00,64,83.78,1.376,1
20954,*USB OFFICE MIRROR BALL,2010-12-17 14:54:00,2010-12-17 17:08:00,2,16.94,8.47,1
20956,PORCELAIN T-LIGHT HOLDERS ASSORTED,2010-12-01 14:32:00,2011-12-06 17:23:00,822,1146.52,1.7798039215686274,1
20960,WATERMELON BATH SPONGE,2010-12-03 14:27:00,2011-03-07 10:12:00,29,72.49,2.4899999999999998,1
20961,STRAWBERRY BATH SPONGE,2010-12-01 11:21:00,2011-12-09 10:26:00,1182,1682.93,1.796140350877193,1
20963,APPLE BATH SPONGE,2010-12-01 11:21:00,2011-12-09 10:26:00,1336,1911.17,1.8230172413793104,1
20964,POLYESTER FILLER PAD 60X40CM,2011-05-06 11:36:00,2011-05-06 11:36:00,2,5.1,2.55,1
20966,SANDWICH BATH SPONGE,2010-12-01 11:21:00,2011-08-24 10:22:00,719,1022.8,1.9605154639175257,1
20967,GREY FLORAL FELTCRAFT SHOULDER BAG,2010-12-02 11:35:00,2011-10-26 14:42:00,265,1027.94,4.115301204819277,1
20969,RED FLORAL FELTCRAFT SHOULDER BAG,2010-12-01 14:32:00,2011-12-08 16:30:00,1816,6741.27,4.271442622950819,1
20970,PINK FLORAL FELTCRAFT SHOULDER BAG,2010-12-01 17:06:00,2011-12-09 10:03:00,1115,4228.38,4.195343511450382,1
20971,PINK BLUE FELT CRAFT TRINKET BOX,2010-12-01 14:32:00,2011-12-09 10:03:00,9673,12424.34,1.4220650095602294,1
20972,PINK CREAM FELT CRAFT TRINKET BOX,2010-12-01 12:49:00,2011-12-09 10:03:00,7325,9113.06,1.4248470209339774,1
20973,12 PENCIL SMALL TUBE WOODLAND,2010-12-01 12:54:00,2011-12-09 10:03:00,4497,3210.27,0.7885479452054794,1
20974,12 PENCILS SMALL TUBE SKULL,2010-12-01 12:54:00,2011-12-09 12:20:00,6928,4496.2300000000005,0.7526243093922652,1
20975,12 PENCILS SMALL TUBE RED RETROSPOT,2010-12-01 14:32:00,2011-12-08 13:50:00,6513,4305.27,0.738839779005525,1
20977,36 PENCILS TUBE WOODLAND,2010-12-01 12:27:00,2011-11-07 17:42:00,1675,2248.64,1.5161202185792348,1
20978,36 PENCILS TUBE SKULLS,2010-12-01 16:57:00,2011-12-09 10:03:00,1779,2375.05,1.6195849056603773,1
20979,36 PENCILS TUBE RED RETROSPOT,2010-12-01 12:27:00,2011-12-09 10:03:00,3637,4602.4800000000005,1.596194968553459,1
20980,36 PENCILS TUBE POSY,2010-12-05 13:05:00,2011-08-08 14:53:00,79,76.91,1.061,1
20981,12 PENCILS TALL TUBE WOODLAND,2010-12-01 14:32:00,2011-12-09 08:59:00,1961,1729.52,0.9640725806451613,1
20982,12 PENCILS TALL TUBE SKULLS,2010-12-01 11:41:00,2011-12-09 10:03:00,2150,1879.82,0.9575193798449612,1
20983,12 PENCILS TALL TUBE RED RETROSPOT,2010-12-02 11:41:00,2011-12-09 10:03:00,2737,2374.81,0.9340072202166064,1
20984,12 PENCILS TALL TUBE POSY,2010-12-02 13:32:00,2011-10-17 12:50:00,3761,1159.11,0.3865714285714285,1
20985,HEART CALCULATOR,2010-12-05 15:12:00,2011-12-09 10:03:00,1167,1525.59,1.6488888888888888,1
20986,BLUE CALCULATOR RULER,2010-12-02 12:16:00,2011-12-09 10:03:00,654,829.74,1.5937068965517243,1
20992,JAZZ HEARTS PURSE NOTEBOOK,2010-12-01 11:21:00,2011-12-08 13:50:00,4425,1944.6299999999999,0.5452577319587628,1
20996,JAZZ HEARTS ADDRESS BOOK,2010-12-01 14:32:00,2011-12-08 19:24:00,3191,726.8900000000001,0.3208407079646018,1
20997,ROSE DU SUD CUSHION COVER,2011-04-19 15:37:00,2011-12-08 09:28:00,59,257.61,4.274705882352941,1
20998,ROSE DU SUD OVEN GLOVE,2010-12-03 11:35:00,2011-10-14 13:54:00,185,505.20000000000005,2.66231884057971,1
21000,ROSE DU SUD COSMETICS BAG,2010-12-01 14:32:00,2011-12-09 10:03:00,96,360.84,3.6173076923076923,1
21001,ROSE DU SUD WASHBAG,2010-12-06 16:57:00,2011-12-08 09:20:00,73,348.19,4.6192,1
21002,ROSE DU SUD DRAWSTRING BAG,2010-12-01 17:06:00,2011-10-23 11:42:00,125,428.66,3.3995454545454544,1
21003,ROSE DU SUD CUSHION COVER,2011-01-07 16:32:00,2011-12-08 09:28:00,78,460.58,5.887391304347826,1
21009,ETCHED GLASS STAR TREE DECORATION,2010-12-17 17:30:00,2010-12-17 17:30:00,1,1.25,1.25,1
21011,GLITTER SNOW PEAR TREE DECORATION,2010-12-05 10:45:00,2010-12-21 10:35:00,20,28.999999999999996,1.45,1
21012,ANTIQUE ALL GLASS CANDLESTICK,2010-12-01 14:32:00,2011-12-09 12:00:00,1169,2614.05,2.3111940298507463,1
21014,SWISS CHALET TREE DECORATION,2010-12-01 15:35:00,2011-11-23 13:27:00,1385,598.8199999999999,0.6728455284552844,1
21015,DARK BIRD HOUSE TREE DECORATION,2010-12-01 17:06:00,2011-12-09 10:03:00,1483,589.55,0.6625174825174824,1
21018,BIRD BOX CHRISTMAS TREE DECORATION,2010-12-01 15:35:00,2010-12-17 17:30:00,24,22.06,1.087142857142857,1
21025,SPACE FROG,2010-12-02 15:46:00,2011-12-06 16:26:00,174,233.52,1.5507142857142857,1
21026,SPACE OWL,2010-12-02 15:46:00,2011-12-09 10:03:00,255,315.75,1.5561764705882353,1
21027,NINJA RABBIT PINK,2010-12-03 12:01:00,2011-11-21 12:05:00,167,187.79,1.1130232558139534,1
21028,NINJA RABBIT BLACK,2010-12-06 16:57:00,2011-12-08 16:30:00,187,239.24,1.5422413793103449,1
21030,SPACE CADET RED,2010-12-02 15:46:00,2011-11-21 12:05:00,131,159.7,1.1894117647058824,1
21031,SPACE CADET BLACK,2010-12-02 15:46:00,2011-11-16 12:18:00,52,64.24,1.2942105263157895,1
21032,SPACE CADET WHITE,2010-12-02 15:46:00,2011-11-30 11:48:00,97,117.78,1.3816666666666668,1
21033,JUMBO BAG CHARLIE AND LOLA TOYS,2010-12-01 09:37:00,2011-09-08 13:53:00,1931,4849.65,3.2066555183946486,1
21034,REX CASH+CARRY JUMBO SHOPPER,2010-12-01 11:49:00,2011-12-08 18:42:00,1867,1773.6499999999999,0.95,1
21035,SET/2 RED RETROSPOT TEA TOWELS,2010-12-01 08:45:00,2011-12-09 10:03:00,2399,7986.85,4.559670886075949,1
21038,SET/4 MODERN VINTAGE COTTON NAPKINS,2010-12-01 13:21:00,2011-05-04 13:52:00,75,80.85000000000001,1.0845454545454545,1
21039,RED RETROSPOT SHOPPING BAG,2010-12-02 18:08:00,2011-12-06 12:56:00,517,1338.3899999999999,3.0937078651685392,1
21040,MODERN VINTAGE COTTON SHOPPING BAG,2010-12-03 15:19:00,2011-03-15 15:37:00,22,29.7,1.67,1
21041,RED RETROSPOT OVEN GLOVE DOUBLE,2010-12-01 12:49:00,2011-11-23 14:07:00,914,3888.98,4.408677042801556,1
21042,RED RETROSPOT APRON,2010-12-02 08:52:00,2011-12-08 10:53:00,332,2187.6200000000003,7.244135338345865,1
21043,APRON MODERN VINTAGE COTTON,2010-12-16 13:02:00,2011-06-07 17:09:00,492,1139.86,2.9795555555555553,1
21051,RIBBONS PURSE,2010-12-03 11:36:00,2011-12-08 09:47:00,192,377.2,2.0466666666666664,1
21054,NURSE'S BAG SOFT TOY,2010-12-03 15:10:00,2011-11-14 12:45:00,70,634.53,9.226896551724137,1
21055,TOOL BOX SOFT TOY,2010-12-01 14:05:00,2011-12-08 19:57:00,172,1710.9399999999998,10.469903846153844,1
21056,DOCTOR'S BAG SOFT TOY,2010-12-01 14:05:00,2011-12-08 09:28:00,182,1747.5,10.156857142857142,1
21058,PARTY INVITES WOODLAND,2010-12-02 10:27:00,2011-12-08 09:28:00,1142,955.4599999999999,0.9731707317073169,1
21059,PARTY INVITES DINOSAURS,2010-12-02 17:12:00,2011-12-08 09:28:00,599,518.03,0.9239784946236559,1
21060,PARTY INVITES BALLOON GIRL,2010-12-02 10:27:00,2011-12-05 17:24:00,405,359.28999999999996,0.946619718309859,1
21061,PARTY INVITES FOOTBALL,2010-12-01 11:29:00,2011-12-04 14:15:00,488,451.7,1.0548192771084337,1
21062,PARTY INVITES SPACEMAN,2010-12-01 11:29:00,2011-12-02 13:20:00,538,457.38,0.8575675675675676,1
21063,PARTY INVITES JAZZ HEARTS,2010-12-01 11:29:00,2011-12-06 09:48:00,528,458.31,0.9322549019607843,1
21064,BOOM BOX SPEAKER BOYS,2010-12-02 12:16:00,2011-12-09 10:03:00,296,1281.2,4.858349514563107,1
21065,BOOM BOX SPEAKER GIRLS,2010-12-01 11:45:00,2011-12-09 10:03:00,562,1160.58,4.37054347826087,1
21066,VINTAGE RED MUG,2010-12-03 11:13:00,2011-12-01 11:53:00,702,693.47,1.533148148148148,1
21067,VINTAGE RED TEATIME MUG,2010-12-01 17:06:00,2011-10-04 13:25:00,294,479.77,1.7992105263157896,1
21068,VINTAGE BILLBOARD LOVE/HATE MUG,2010-12-01 09:02:00,2011-12-08 16:30:00,1638,1890.33,1.669396984924623,1
21069,VINTAGE BILLBOARD TEA MUG,2010-12-01 14:32:00,2011-08-17 15:05:00,1248,1507.46,1.7515294117647058,1
21070,VINTAGE BILLBOARD MUG,2010-12-01 14:32:00,2011-12-08 16:30:00,1106,1184.98,1.6324074074074075,1
21071,VINTAGE BILLBOARD DRINK ME MUG,2010-12-01 09:02:00,2011-10-31 14:41:00,985,1373.92,1.71438202247191,1
21078,SET/20 STRAWBERRY PAPER NAPKINS,2010-12-03 11:35:00,2011-10-13 14:33:00,2769,2531.04,1.2559047619047619,1
21080,SET/20 RED RETROSPOT PAPER NAPKINS,2010-12-01 10:19:00,2011-12-08 16:30:00,13190,11302.36,1.0938147410358565,1
21082,SET/20 FRUIT SALAD PAPER NAPKINS,2011-01-14 14:28:00,2011-06-28 15:44:00,88,143.44,1.63,1
21084,SET/6 COLLAGE PAPER CUPS,2011-01-07 12:28:00,2011-12-07 12:41:00,2586,768.58,0.5027868852459015,1
21086,SET/6 RED SPOTTY PAPER CUPS,2010-12-01 10:19:00,2011-12-06 14:22:00,7121,4851.5,0.9603908045977011,1
21087,SET/6 POSIES PAPER CUPS,2011-02-18 16:12:00,2011-04-19 14:49:00,141,74.57000000000001,0.6025,1
21088,SET/6 FRUIT SALAD PAPER CUPS,2011-01-07 12:28:00,2011-12-08 16:30:00,1678,428.28000000000003,0.41398058252427183,1
21089,SET/6 GREEN SPRING PAPER CUPS,2010-12-06 12:41:00,2011-08-17 14:25:00,233,48.99,0.2844,1
21090,SET/6 COLLAGE PAPER PLATES,2010-12-05 12:42:00,2011-12-07 12:41:00,2377,1260.1499999999999,0.6416744186046512,1
21094,SET/6 RED SPOTTY PAPER PLATES,2010-12-01 09:37:00,2011-12-08 09:20:00,8758,6933.259999999999,0.9860338345864661,1
21095,SET/6 POSIES PAPER PLATES,2010-12-03 12:01:00,2011-06-16 19:59:00,125,118.72999999999999,0.9614285714285714,1
21096,SET/6 FRUIT SALAD  PAPER PLATES,2011-01-07 12:28:00,2011-12-08 09:20:00,1259,581.09,0.5745714285714285,1
21098,CHRISTMAS TOILET ROLL,2010-12-01 12:49:00,2011-12-09 10:03:00,3719,5078.76,1.6951538461538462,1
21100,CHARLIE AND LOLA CHARLOTTE BAG,2010-12-03 11:28:00,2011-03-22 16:56:00,65,162.20999999999998,3.4099999999999997,1
21106,CREAM SLICE FLANNEL CHOCOLATE SPOT,2010-12-01 12:51:00,2011-12-02 16:39:00,237,702.51,3.8114814814814815,1
21107,CREAM SLICE FLANNEL PINK SPOT,2010-12-01 12:51:00,2011-12-06 16:26:00,901,2492.71,3.8324489795918364,1
21108,FAIRY CAKE FLANNEL ASSORTED COLOUR,2010-12-01 11:21:00,2011-12-09 11:26:00,7091,11464.86,2.3260384615384613,1
21109,LARGE CAKE TOWEL CHOCOLATE SPOTS,2010-12-01 17:06:00,2011-12-09 11:26:00,936,2763.2,5.704310344827586,2
21110,LARGE CAKE TOWEL PINK SPOTS,2010-12-01 17:06:00,2011-11-25 15:23:00,1105,3815.7,6.258814814814814,1
21111,"SWISS ROLL TOWEL, CHOCOLATE  SPOTS",2010-12-01 12:43:00,2011-12-09 11:26:00,900,1651.02,2.9389473684210525,1
21112,"SWISS ROLL TOWEL, PINK  SPOTS",2010-12-03 11:36:00,2011-12-05 11:58:00,1359,2885.13,3.0414634146341464,2
21114,LAVENDER SCENTED FABRIC HEART,2010-12-02 19:18:00,2011-12-04 13:55:00,1331,1765.58,1.9449275362318839,1
21115,ROSE CARAVAN DOORSTOP,2010-12-01 09:59:00,2011-12-09 10:26:00,562,3162.24,7.511472392638037,1
21116,OWL DOORSTOP,2010-12-01 11:45:00,2011-12-05 17:24:00,695,4051.79,6.7411111111111115,1
21117,BLOND DOLL DOORSTOP,2011-01-13 15:11:00,2011-11-23 13:46:00,109,141.75,1.6428571428571428,1
21120,*BOOMBOX IPOD CLASSIC,2010-12-09 14:09:00,2010-12-09 14:09:00,1,16.98,16.98,1
21121,SET/10 RED POLKADOT PARTY CANDLES,2010-12-01 12:22:00,2011-12-09 12:19:00,6558,7938.85,1.371784776902887,1
21122,SET/10 PINK POLKADOT PARTY CANDLES,2010-12-01 11:21:00,2011-12-09 12:16:00,5277,6428.54,1.373706896551724,1
21123,SET/10 IVORY POLKADOT PARTY CANDLES,2010-12-01 12:43:00,2011-12-09 10:03:00,1119,1350.84,1.1855128205128205,1
21124,SET/10 BLUE POLKADOT PARTY CANDLES,2010-12-01 12:23:00,2011-12-09 12:16:00,3963,4803.05,1.2986666666666666,1
21125,SET 6 FOOTBALL CELEBRATION CANDLES,2010-12-01 11:29:00,2011-12-09 10:26:00,656,829.73,1.3209708737864079,1
21126,SET OF 6 GIRLS CELEBRATION CANDLES,2010-12-01 11:29:00,2011-12-09 10:03:00,592,748.95,1.3354330708661417,1
21128,GOLD FISHING GNOME,2010-12-01 17:06:00,2011-12-07 15:56:00,68,546.6,10.019166666666667,1
21129,SILVER FISHING GNOME,2011-01-04 15:50:00,2011-11-29 11:48:00,52,419.52000000000004,9.361851851851853,1
21131,GOLD STANDING GNOME,2010-12-10 10:49:00,2011-12-06 14:23:00,106,398.02,5.6049999999999995,1
21132,SILVER STANDING GNOME,2010-12-09 14:50:00,2011-12-08 15:31:00,44,217.35999999999999,5.079090909090909,1
21135,VICTORIAN  METAL POSTCARD SPRING,2010-12-01 12:58:00,2011-12-08 10:40:00,2577,3084.04,1.9035555555555554,1
21136,PAINTED METAL PEARS ASSORTED,2010-12-01 16:52:00,2011-12-08 13:50:00,4679,7779.62,1.8066133333333334,1
21137,BLACK RECORD COVER FRAME,2010-12-01 12:27:00,2011-12-09 12:00:00,11639,40588.38,4.219329758713137,1
21143,ANTIQUE GLASS HEART DECORATION,2010-12-01 13:54:00,2011-08-22 14:38:00,327,707.23,2.474736842105263,1
21144,PINK POODLE HANGING DECORATION,2010-12-09 16:27:00,2010-12-21 15:19:00,5,16.8,3.36,1
21145,ANTIQUE GLASS PLACE SETTING,2010-12-13 15:12:00,2011-11-16 13:25:00,122,152.5,1.25,1
21147,JINGLE BELLS TREE DECORATION,2010-12-01 14:32:00,2011-12-05 17:24:00,203,415.77,2.046493506493506,1
21154,RED RETROSPOT OVEN GLOVE,2010-12-01 12:12:00,2011-12-09 10:03:00,3824,6096.01,1.9495394736842107,1
21155,RED RETROSPOT PEG BAG,2010-12-02 14:30:00,2011-12-09 10:26:00,3128,9232.85,3.1398144329896907,1
21156,RETROSPOT CHILDRENS APRON,2010-12-01 12:15:00,2011-12-08 16:30:00,3154,6059.9,2.377262569832402,1
21157,RED RETROSPOT WASHBAG,2010-12-02 18:08:00,2011-10-25 17:31:00,78,225.5,3.3058823529411767,1
21158,MOODY GIRL DOOR HANGER,2010-12-01 14:32:00,2011-12-09 10:03:00,1445,772.51,0.9755747126436781,1
21159,MOODY BOY  DOOR HANGER,2010-12-02 11:41:00,2011-12-09 08:48:00,1126,601.79,1.0303225806451612,1
21160,KEEP OUT GIRLS DOOR HANGER,2010-12-14 15:52:00,2010-12-14 15:52:00,1,3.36,3.36,1
21161,KEEP OUT BOYS DOOR HANGER,2010-12-02 11:41:00,2011-06-08 12:44:00,143,229.92,1.7833333333333334,1
21162,TOXIC AREA  DOOR HANGER,2010-12-06 11:26:00,2011-12-09 10:03:00,1462,792.98,0.9853658536585366,1
21163,DO NOT TOUCH MY STUFF DOOR HANGER,2010-12-02 11:41:00,2011-10-28 12:34:00,1196,680.55,1.0219847328244274,1
21164,HOME SWEET HOME METAL SIGN,2010-12-01 17:06:00,2011-12-08 14:39:00,1760,5138.280000000001,3.2938162544169614,1
21165,BEWARE OF THE CAT METAL SIGN,2010-12-01 14:32:00,2011-12-07 10:35:00,4142,6915.42,2.157929515418502,1
21166,COOK WITH WINE METAL SIGN,2010-12-01 09:41:00,2011-12-09 10:26:00,10264,20768.36,2.39,1
21167,WHITE SAGE INCENSE,2010-12-05 16:41:00,2011-12-08 19:24:00,1432,337.14,0.34253731343283583,1
21169,YOU'RE CONFUSING ME METAL SIGN,2010-12-01 09:41:00,2011-12-09 12:00:00,4401,7281.49,2.247186813186813,1
21171,BATHROOM METAL SIGN,2010-12-06 16:57:00,2011-08-11 10:14:00,438,613.14,1.7678082191780824,1
21172,PARTY METAL SIGN,2010-12-02 08:52:00,2011-12-09 10:03:00,3473,5321.23,2.023657505285412,1
21174,POTTERING IN THE SHED METAL SIGN,2010-12-01 14:32:00,2011-12-09 10:26:00,4175,9405.76,2.6952573529411765,1
21175,GIN + TONIC DIET METAL SIGN,2010-12-01 09:41:00,2011-12-09 10:03:00,10183,23268.77,2.7711124845488255,2
21179,NO JUNK MAIL METAL SIGN,2010-12-01 13:21:00,2011-09-12 16:23:00,1940,1313.79,1.1986764705882353,1
21181,PLEASE ONE PERSON METAL SIGN,2010-12-01 15:08:00,2011-12-09 10:26:00,12202,25086.280000000002,2.4275058548009367,1
21186,WHITE DOVE HONEYCOMB PAPER GARLAND,2010-12-14 15:52:00,2010-12-14 15:52:00,2,6.72,3.36,1
21187,WHITE BELL HONEYCOMB PAPER GARLAND,2010-12-05 13:00:00,2011-08-04 16:32:00,369,648.4499999999999,2.120408163265306,1
21188,3D HEARTS  HONEYCOMB PAPER GARLAND,2010-12-01 17:06:00,2011-08-03 10:56:00,326,1021.9000000000001,3.834705882352941,1
21189,WHITE HONEYCOMB PAPER GARLAND,2010-12-01 14:32:00,2011-12-08 16:30:00,355,888.67,2.5816438356164384,1
21190,PINK HEARTS PAPER GARLAND,2010-12-01 12:31:00,2011-11-25 12:20:00,118,172.70000000000002,1.6166666666666665,1
21191,LARGE WHITE HONEYCOMB PAPER BELL,2010-12-01 14:32:00,2011-12-08 09:28:00,562,1451.82,3.066421052631579,1
21192,WHITE BELL HONEYCOMB PAPER,2010-12-01 12:49:00,2011-11-27 13:26:00,1092,1923.2899999999997,2.4459340659340656,1
21194,PINK  HONEYCOMB PAPER FAN,2010-12-13 09:35:00,2011-12-09 11:34:00,498,555.97,1.6775757575757575,1
21195,PINK  HONEYCOMB PAPER BALL,2010-12-01 14:32:00,2011-05-17 16:09:00,693,1308.56,2.8253086419753086,1
21196,ROUND WHITE CONFETTI IN TUBE,2010-12-15 16:32:00,2011-12-07 11:42:00,108,189.67999999999998,2.0014285714285713,1
21197,MULTICOLOUR  CONFETTI IN TUBE,2010-12-01 12:49:00,2011-12-02 10:22:00,284,382.9599999999999,1.6192592592592592,1
21198,WHITE HEART CONFETTI IN TUBE,2010-12-20 10:48:00,2011-12-07 11:42:00,956,947.06,1.4569565217391305,1
21199,PINK  HEART CONFETTI IN TUBE,2010-12-13 11:21:00,2011-12-02 10:22:00,918,868.17,1.6028205128205129,1
21200,MULTICOLOUR HONEYCOMB PAPER GARLAND,2010-12-03 11:36:00,2011-12-09 10:03:00,1119,1531.1399999999999,1.9658666666666667,1
21201,TROPICAL  HONEYCOMB PAPER GARLAND,2010-12-03 11:28:00,2011-12-09 10:03:00,1240,2987.82,3.166153846153846,1
21202,DOLLY HONEYCOMB GARLAND,2010-12-05 16:24:00,2011-11-17 11:02:00,474,485.46,1.7524000000000002,1
21204,DAISIES  HONEYCOMB GARLAND,2010-12-06 16:57:00,2011-12-07 12:41:00,499,868.4399999999999,1.9561176470588233,1
21205,MULTICOLOUR 3D BALLS GARLAND,2010-12-03 11:13:00,2011-12-02 14:30:00,241,646.5899999999999,2.815714285714286,1
21206,STRAWBERRY HONEYCOMB  GARLAND,2010-12-02 12:50:00,2011-11-23 13:34:00,1290,1610.9199999999998,1.9194594594594594,1
21207,SKULL AND CROSSBONES  GARLAND,2010-12-01 14:32:00,2011-12-05 17:24:00,1067,1684.85,1.6689473684210525,1
21208,PASTEL COLOUR HONEYCOMB FAN,2010-12-01 17:06:00,2011-12-09 11:34:00,940,697.77,1.2677380952380952,1
21209,MULTICOLOUR HONEYCOMB FAN,2010-12-05 12:42:00,2011-12-09 10:51:00,1224,886.24,1.396629213483146,1
21210,SET OF 72 RETROSPOT PAPER  DOILIES,2010-12-01 11:41:00,2011-12-08 15:54:00,5687,8212.14,1.789086859688196,1
21211,SET OF 72 SKULL PAPER  DOILIES,2010-12-02 13:14:00,2011-11-28 13:26:00,883,1270.07,1.7360576923076922,1
21212,PACK OF 72 RETROSPOT CAKE CASES,2010-12-01 09:37:00,2011-12-09 10:23:00,36228,21154.05,0.7619896065330365,1
21213,PACK OF 72 SKULL CAKE CASES,2010-12-01 11:29:00,2011-12-09 10:03:00,15121,8388.19,0.797492537313433,1
21215,IVORY PAPER CUP CAKE CASES,2010-12-02 10:27:00,2011-12-08 09:20:00,1087,744.35,0.9225396825396827,1
21216,"SET 3 RETROSPOT TEA,COFFEE,SUGAR",2010-12-01 14:32:00,2011-12-09 10:26:00,2124,11363.01,7.414803695150114,1
21217,RED RETROSPOT ROUND CAKE TINS,2010-12-01 14:32:00,2011-12-09 12:49:00,1085,11492.59,12.598797653958943,1
21218,RED SPOTTY BISCUIT TIN,2010-12-01 14:32:00,2011-12-09 10:26:00,2409,10038.49,5.916347607052897,1
21219,SET/4 BADGES BALLOON GIRL,2010-12-03 11:36:00,2011-12-08 09:20:00,448,561.84,1.4985555555555556,1
21220,SET/4 BADGES DOGS,2010-12-01 17:06:00,2011-12-09 11:34:00,338,445.01,1.5551685393258428,1
21221,SET/4 BADGES CUTE CREATURES,2010-12-01 17:35:00,2011-12-08 09:20:00,261,340.22,1.3612962962962964,1
21222,SET/4 BADGES BEETLES,2010-12-06 16:57:00,2011-12-09 11:34:00,265,348.19,1.5762162162162163,1
21224,SET/4 SKULL BADGES,2010-12-03 11:36:00,2011-12-09 11:34:00,908,1072.5,1.0923493975903613,1
21226,POCKET MIRROR WOODLAND,2010-12-06 12:23:00,2011-11-25 11:12:00,93,80.55,0.914,1
21228,"POCKET MIRROR ""GLAMOROUS""",2011-02-08 10:32:00,2011-03-09 13:56:00,5,6.25,1.25,1
21231,SWEETHEART CERAMIC TRINKET BOX,2010-12-01 14:32:00,2011-12-08 16:30:00,5982,7527.280000000001,1.57397233201581,1
21232,STRAWBERRY CERAMIC TRINKET BOX,2010-12-01 10:52:00,2011-12-09 10:26:00,11758,16143.800000000001,1.678832731648616,2
21238,RED RETROSPOT CUP,2010-12-01 14:32:00,2011-12-09 10:23:00,3949,3471.44,1.0699743589743589,1
21239,PINK  POLKADOT CUP,2010-12-02 12:47:00,2011-12-09 10:26:00,2996,2690.34,1.1218122977346279,1
21240,BLUE POLKADOT CUP,2010-12-02 17:17:00,2011-12-08 11:21:00,3550,3093.2599999999998,1.1140184049079753,1
21242,RED RETROSPOT PLATE,2010-12-01 11:49:00,2011-12-09 10:23:00,3351,5662.53,2.0882450331125826,1
21243,PINK  POLKADOT PLATE,2010-12-01 11:49:00,2011-12-08 16:30:00,2277,3813.64,2.130904761904762,2
21244,BLUE POLKADOT PLATE,2010-12-01 11:49:00,2011-12-06 10:05:00,2277,3780.87,2.0608673469387755,1
21245,GREEN POLKADOT PLATE,2010-12-01 11:49:00,2011-12-07 10:12:00,1075,1787.1999999999998,2.006124031007752,1
21246,RED RETROSPOT BIG BOWL,2010-12-08 12:45:00,2011-09-04 16:09:00,286,1336.78,4.550833333333333,1
21248,DOOR HANGER  MUM + DADS ROOM,2010-12-12 16:05:00,2011-12-09 08:48:00,205,330.71999999999997,1.8424242424242423,1
21249,WOODLAND  HEIGHT CHART STICKERS,2010-12-01 14:32:00,2011-12-08 09:20:00,724,2160.0,3.8703361344537814,1
21250,SET OF SKULL WALL STICKERS,2010-12-03 12:24:00,2011-11-30 15:13:00,95,274.37,3.3560000000000003,1
21251,DINOSAUR HEIGHT CHART STICKER SET,2010-12-06 16:57:00,2011-11-30 15:13:00,182,568.98,3.5830434782608696,1
21253,SET OF PICTURE FRAME  STICKERS,2010-12-06 10:08:00,2011-12-08 20:01:00,134,590.4200000000001,5.0358064516129035,1
21257,VICTORIAN SEWING BOX MEDIUM,2010-12-01 12:22:00,2011-12-09 12:09:00,686,6885.52,11.288076923076924,1
21258,VICTORIAN SEWING BOX LARGE,2010-12-01 09:09:00,2011-12-09 12:09:00,531,7662.049999999999,17.20456790123457,1
21259,VICTORIAN SEWING BOX SMALL,2010-12-01 12:22:00,2011-12-09 10:03:00,1176,7059.35,7.0213074204947,1
21260,FIRST AID TIN,2010-12-01 12:23:00,2011-12-08 13:50:00,1121,3592.23,3.582994011976048,1
21261,GREEN GOOSE FEATHER CHRISTMAS TREE,2010-12-03 11:36:00,2011-12-06 12:21:00,187,672.09,5.107777777777778,1
21262,WHITE GOOSE FEATHER CHRISTMAS TREE,2010-12-01 14:32:00,2011-12-08 12:07:00,332,1233.21,4.546025641025642,1
21263,GREEN GOOSE FEATHER TREE 60CM,2010-12-03 11:36:00,2011-12-06 17:26:00,165,345.27,2.5100000000000002,1
21264,WHITE GOOSE FEATHER TREE 60CM,2010-12-09 14:09:00,2011-12-06 12:56:00,281,567.75,2.371276595744681,1
21265,PINK GOOSE FEATHER TREE 60CM,2010-12-06 10:08:00,2011-12-07 15:52:00,131,267.21,2.568947368421053,1
21268,VINTAGE BLUE TINSEL REEL,2010-12-02 15:46:00,2010-12-02 15:46:00,2,0.84,0.42,1
21269,ANTIQUE CREAM CUTLERY SHELF,2010-12-07 18:36:00,2011-11-22 14:43:00,29,254.98000000000002,8.946315789473683,1
21270,ANTIQUE CREAM CUTLERY CUPBOARD,2010-12-23 13:26:00,2011-12-05 12:03:00,50,530.19,11.344722222222224,1
21272,SALLE DE BAIN HOOK,2010-12-01 17:06:00,2011-08-11 10:14:00,548,777.5699999999999,1.752952380952381,1
21275,ZINC TOP  2 DOOR WOODEN SHELF,2010-12-17 14:49:00,2011-11-10 18:04:00,12,253.13,21.470909090909092,1
21277,FRENCH STYLE EMBOSSED HEART CABINET,2010-12-05 15:12:00,2011-11-23 15:44:00,24,527.53,22.286499999999997,1
21278,VINTAGE KITCHEN PRINT PUDDINGS,2011-01-06 14:53:00,2011-07-15 14:05:00,31,79.05,2.55,1
21279,VINTAGE KITCHEN PRINT FRUITS,2010-12-01 17:06:00,2011-12-04 14:55:00,85,266.15,3.9972413793103443,1
21280,VINTAGE KITCHEN PRINT VEGETABLES,2011-01-10 15:51:00,2011-11-09 17:47:00,65,165.75,2.55,1
21281,VINTAGE KITCHEN PRINT SEAFOOD,2010-12-01 17:06:00,2011-11-09 17:47:00,43,129.63,3.9771428571428564,1
21284,RETROSPOT CANDLE  SMALL,2010-12-09 14:09:00,2011-12-08 17:12:00,403,374.49,2.0392857142857146,1
21285,RETROSPOT CANDLE  MEDIUM,2010-12-08 14:25:00,2011-12-08 17:12:00,365,413.88,2.175581395348837,1
21286,RETROSPOT CANDLE  LARGE,2010-12-03 11:36:00,2011-12-08 15:54:00,273,362.12,2.675,1
21287,SCENTED VELVET LOUNGE CANDLE,2010-12-03 15:45:00,2011-12-06 12:26:00,1790,760.15,0.5452727272727272,1
21288,STRIPEY CHOCOLATE NESTING BOXES,2010-12-01 17:06:00,2011-12-08 09:28:00,331,1000.21,3.321376146788991,1
21289,LARGE STRIPES CHOCOLATE GIFT BAG,2010-12-06 10:36:00,2011-12-08 09:28:00,567,708.75,1.25,1
21291,SMALL POLKADOT CHOCOLATE GIFT BAG,2010-12-06 09:58:00,2011-11-28 14:37:00,943,819.64,1.0317307692307691,1
21292,SMALL STRIPES CHOCOLATE GIFT BAG,2010-12-01 12:43:00,2011-12-06 15:10:00,867,594.51,0.874642857142857,1
21293,MIRRORED DOVE WALL DECORATION,2010-12-13 11:21:00,2011-12-05 17:17:00,116,276.72,2.6748000000000003,1
21294,ETCHED GLASS COASTER,2010-12-05 12:26:00,2011-10-26 14:42:00,1618,825.49,0.8383561643835616,1
21306,SET/4 DAISY MIRROR MAGNETS,2010-12-05 15:12:00,2011-12-05 11:49:00,493,190.64,1.0197674418604652,1
21307,SET/4 BUTTERFLY MIRROR MAGNETS,2010-12-05 15:12:00,2011-07-13 12:06:00,79,39.199999999999996,1.2646153846153847,1
21310,CAPIZ CHANDELIER,2011-05-24 13:22:00,2011-05-24 13:22:00,1,29.95,29.95,1
21311,SET/4 BIRD MIRROR MAGNETS,2010-12-05 15:12:00,2011-12-04 15:19:00,459,181.32999999999998,0.9040384615384615,1
21313,GLASS HEART T-LIGHT HOLDER,2010-12-01 14:32:00,2011-12-09 12:00:00,3320,2893.1299999999997,1.1515492957746478,1
21314,SMALL GLASS HEART TRINKET POT,2010-12-01 10:47:00,2011-12-09 12:00:00,4236,9780.480000000001,2.8433641404805914,1
21316,SMALL CHUNKY GLASS ROMAN  BOWL,2010-12-07 15:28:00,2011-04-10 13:36:00,159,214.73000000000002,3.048666666666667,1
21317,GLASS SPHERE CANDLE STAND MEDIUM,2010-12-09 16:27:00,2011-12-06 10:27:00,111,684.08,6.655142857142858,1
21318,GLASS CHALICE BLUE SMALL,2010-12-10 14:59:00,2011-05-09 16:30:00,694,421.78,1.318,1
21319,GLASS CHALICE GREEN  SMALL,2010-12-06 09:58:00,2011-04-10 13:36:00,161,175.78,1.9857894736842103,1
21320,GLASS CHALICE GREEN  LARGE,2011-01-20 18:01:00,2011-04-07 13:09:00,197,364.22,2.941,1
21324,HANGING MEDINA LANTERN SMALL,2010-12-01 09:53:00,2011-05-09 16:37:00,81,259.67,3.4785714285714286,1
21326,AGED GLASS SILVER T-LIGHT HOLDER,2010-12-01 11:45:00,2011-12-09 11:56:00,10535,6859.27,0.8200289017341041,1
21327,SKULLS WRITING SET,2010-12-01 12:23:00,2011-12-09 10:26:00,864,1484.1299999999999,1.9820703124999999,1
21328,BALLOONS  WRITING SET,2010-12-01 11:21:00,2011-12-09 11:34:00,1337,2410.43,2.2488218390804597,1
21329,DINOSAURS  WRITING SET,2010-12-01 12:23:00,2011-12-09 11:34:00,941,1723.6899999999998,2.1594791666666664,1
21331,MOROCCAN BEATEN METAL DISH LARGE,2010-12-13 15:12:00,2011-11-16 15:52:00,12,165.74,14.3425,1
21332,MOROCCAN BEATEN METAL MIRROR,2011-01-09 15:13:00,2011-08-15 14:51:00,19,268.1,16.092307692307692,1
21333,CLASSIC WHITE FRAME,2010-12-01 13:23:00,2011-04-05 12:37:00,56,168.16000000000003,3.1350000000000002,1
21336,GOLD WASHBAG,2010-12-06 14:46:00,2011-06-29 15:58:00,27,54.57,2.026,1
21340,CLASSIC METAL BIRDCAGE PLANT HOLDER,2010-12-01 09:53:00,2011-12-07 12:55:00,956,11105.369999999999,13.412020905923345,1
21344,MOROCCAN BEATEN METAL DISH,2011-01-26 16:43:00,2011-12-08 12:54:00,15,160.09,11.756666666666666,1
21348,PINK SPOTS CHOCOLATE NESTING BOXES,2010-12-16 10:38:00,2011-01-26 10:51:00,140,361.55999999999995,3.31,1
21349,IVY HEART WREATH,2010-12-01 14:32:00,2011-11-01 15:55:00,14,128.6,8.796000000000001,1
21351,CINAMMON & ORANGE WREATH,2010-12-01 15:35:00,2011-12-09 12:20:00,104,672.88,6.652222222222222,1
21352,EUCALYPTUS & PINECONE  WREATH,2010-12-01 14:32:00,2011-11-15 16:42:00,372,1470.7600000000002,5.11421052631579,1
21354,TOAST ITS - BEST MUM,2010-12-01 14:32:00,2011-12-01 11:18:00,799,1007.71,1.5822105263157895,1
21355,TOAST ITS - I LOVE YOU,2010-12-02 10:39:00,2011-12-09 11:34:00,789,992.58,1.3647967479674796,1
21356,TOAST ITS - FAIRY FLOWER,2010-12-01 17:06:00,2011-12-09 10:03:00,642,703.3,1.219078947368421,1
21357,TOAST ITS - DINOSAUR,2010-12-02 15:46:00,2011-03-28 12:52:00,19,23.75,1.25,1
21358,TOAST ITS - HAPPY BIRTHDAY,2010-12-01 12:43:00,2011-12-08 09:20:00,411,493.29,1.1811111111111112,1
21359,RELAX LARGE WOOD LETTERS,2010-12-06 09:58:00,2011-08-11 14:54:00,128,828.33,10.440357142857142,1
21360,JOY LARGE WOOD LETTERS,2010-12-02 09:44:00,2011-06-06 15:31:00,39,236.17,9.0825,1
21361,LOVE LARGE WOOD LETTERS,2010-12-03 11:13:00,2011-07-22 17:21:00,104,1480.46,15.471470588235293,1
21363,HOME SMALL WOOD LETTERS,2010-12-01 09:59:00,2011-09-25 14:33:00,233,1354.44,6.5459523809523805,1
21364,PEACE SMALL WOOD LETTERS,2010-12-02 08:52:00,2011-10-13 12:38:00,29,216.21,7.343043478260869,1
21365,MIRRORED WALL ART STARS,2010-12-01 14:32:00,2011-12-08 19:24:00,363,447.09000000000003,1.972962962962963,1
21366,MIRRORED WALL ART PHOTO FRAMES,2010-12-01 14:32:00,2011-12-07 15:07:00,89,470.16999999999996,5.890851063829787,1
21367,MIRRORED WALL ART GENTS,2010-12-01 12:31:00,2011-12-05 17:17:00,171,199.48999999999998,2.19953488372093,1
21368,MIRRORED WALL ART LADIES,2011-01-16 11:07:00,2011-12-05 11:31:00,163,143.28,1.2448484848484849,1
21369,MIRRORED WALL ART SPLODGES,2010-12-01 14:32:00,2011-12-05 11:31:00,101,161.49,2.515,1
21370,MIRRORED WALL ART FOXY,2010-12-01 12:31:00,2011-12-07 16:56:00,16,100.66000000000001,5.775555555555556,1
21371,MIRRORED WALL ART POPPIES,2011-01-13 09:30:00,2011-12-08 19:24:00,287,319.71,1.6355263157894737,1
21372,MIRRORED WALL ART TABLE LAMP,2010-12-01 14:32:00,2011-11-28 15:54:00,75,107.75,1.9772727272727273,1
21373,MIRRORED WALL ART SNOWFLAKES,2011-06-10 17:25:00,2011-12-07 15:07:00,500,380.04,0.8595652173913043,1
21374,MIRRORED WALL ART SKULLS,2010-12-01 16:21:00,2011-12-01 11:10:00,304,463.79,2.366739130434783,1
21375,LARGE CAMPHOR WOOD FIELD MUSHROOM,2010-12-06 16:57:00,2011-12-04 10:11:00,41,312.77,8.400357142857143,1
21376,LARGE  TALL CAMPHOR WOOD TOADSTOOL,2010-12-08 12:46:00,2011-12-04 10:11:00,33,192.81,6.459411764705883,1
21377,SMALL CAMPHOR WOOD FIELD  MUSHROOM,2010-12-03 12:24:00,2011-12-08 09:28:00,121,215.67999999999998,2.4429268292682926,1
21378,SMALL TALL CAMPHOR WOOD TOADSTOOL,2010-12-12 11:26:00,2011-12-09 10:03:00,142,217.89,2.119705882352941,1
21379,CAMPHOR WOOD PORTOBELLO MUSHROOM,2010-12-03 12:24:00,2011-12-09 10:03:00,178,246.82999999999998,1.8538,1
21380,WOODEN HAPPY BIRTHDAY GARLAND,2010-12-01 17:35:00,2011-12-02 10:22:00,2165,6307.51,3.49,1
21381,MINI WOODEN HAPPY BIRTHDAY GARLAND,2010-12-02 11:41:00,2011-12-06 11:58:00,1786,3088.99,2.3840624999999998,1
21382,SET/4 SPRING FLOWER DECORATION,2010-12-09 13:03:00,2011-12-01 12:01:00,1143,1376.53,2.0197674418604654,1
21383,PACK OF 12 STICKY BUNNIES,2010-12-02 11:41:00,2011-12-09 10:03:00,991,751.28,1.0253254437869823,1
21385,IVORY HANGING DECORATION  HEART,2010-12-01 14:32:00,2011-12-08 09:28:00,3883,3442.45,1.1086196319018404,1
21386,IVORY HANGING DECORATION  EGG,2010-12-15 10:17:00,2011-12-04 12:32:00,709,285.64,0.5614545454545454,1
21389,IVORY HANGING DECORATION  BIRD,2010-12-06 10:08:00,2011-12-04 13:55:00,1113,964.2299999999999,0.9474626865671641,1
21390,FILIGRIS HEART WITH BUTTERFLY,2010-12-02 11:41:00,2011-12-08 09:20:00,3900,4844.38,1.473256880733945,1
21391,FRENCH LAVENDER SCENT HEART,2010-12-06 10:08:00,2011-11-21 11:57:00,1066,1049.29,1.5049532710280373,1
21392,RED POLKADOT PUDDING BOWL,2010-12-02 15:46:00,2011-03-17 19:01:00,34,46.39,1.7125000000000001,1
21393,BLUE POLKADOT PUDDING BOWL,2010-12-02 15:46:00,2011-03-28 12:23:00,29,38.67,1.45875,1
21394,RED POLKADOT BEAKER,2010-12-23 11:46:00,2011-11-13 11:55:00,3847,1596.75,0.6090697674418604,1
21395,BLUE POLKADOT BEAKER,2011-03-11 16:21:00,2011-11-03 16:56:00,2832,1136.72,0.5432584269662921,1
21397,BLUE POLKADOT EGG CUP,2010-12-06 09:58:00,2011-05-09 16:30:00,1075,550.43,1.0604615384615383,1
21398,RED POLKADOT COFFEE  MUG,2010-12-01 16:57:00,2011-04-19 16:52:00,1532,729.6,1.2461904761904763,1
21399,BLUE POLKADOT COFFEE MUG,2010-12-02 15:46:00,2011-06-05 10:50:00,1958,832.17,0.8091304347826087,1
21400,RED PUDDING SPOON,2010-12-16 11:53:00,2011-12-08 16:30:00,881,128.63,0.25069444444444444,1
21401,BLUE PUDDING SPOON,2010-12-05 15:12:00,2011-12-08 16:30:00,1052,151.19,0.24349397590361446,1
21402,RED  EGG  SPOON,2010-12-17 16:59:00,2011-12-09 10:03:00,1369,185.51999999999998,0.25717391304347825,1
21403,BLUE EGG  SPOON,2010-12-06 10:08:00,2011-12-08 16:30:00,1857,322.18,0.25075471698113205,1
21407,BROWN CHECK CAT DOORSTOP,2010-12-01 14:32:00,2011-11-22 11:18:00,289,1416.86,5.457372262773722,1
21408,SPOTTY PINK DUCK DOORSTOP,2010-12-01 14:32:00,2011-12-09 10:03:00,285,1282.81,5.934786324786325,1
21410,COUNTRY COTTAGE  DOORSTOP GREEN,2010-12-07 15:32:00,2010-12-07 15:32:00,1,8.47,8.47,1
21411,GINGHAM HEART  DOORSTOP RED,2010-12-01 09:59:00,2011-12-09 10:26:00,779,2936.33,4.920247933884298,1
21413,PERIWINKLE T-LIGHT HOLDER,2010-12-05 12:42:00,2011-11-13 15:29:00,48,75.02,1.7658823529411765,1
21414,SCALLOP SHELL SOAP DISH,2011-02-22 16:13:00,2011-02-22 16:13:00,1,2.1,2.1,1
21415,CLAM SHELL SMALL,2010-12-02 13:49:00,2011-12-08 15:31:00,219,446.02000000000004,2.722391304347826,1
21416,CLAM SHELL LARGE,2010-12-02 13:49:00,2011-03-22 16:08:00,5,18.75,3.75,1
21417,COCKLE SHELL DISH,2010-12-02 13:49:00,2011-12-09 11:56:00,340,629.8000000000001,2.994264705882353,1
21418,STARFISH SOAP DISH,2010-12-10 14:59:00,2011-12-07 13:53:00,74,189.75,3.488076923076923,1
21420,OYSTER TRINKET BOX,2010-12-10 14:59:00,2011-12-07 16:47:00,53,120.41,3.8560000000000003,1
21421,PORCELAIN ROSE LARGE,2010-12-02 07:48:00,2011-05-24 14:00:00,299,348.43000000000006,1.3821428571428573,1
21422,PORCELAIN ROSE SMALL,2010-12-02 07:48:00,2011-11-28 15:54:00,1607,1295.0,1.104285714285714,1
21424,WOODLAND STORAGE BOX LARGE,2010-12-17 15:58:00,2011-10-25 17:31:00,346,1401.02,5.450571428571429,1
21425,SKULLS STORAGE BOX LARGE,2010-12-16 13:33:00,2011-12-06 16:34:00,87,320.49,4.644,1
21426,WOODLAND STORAGE BOX SMALL,2010-12-02 15:46:00,2011-12-05 11:48:00,256,624.58,3.8434042553191494,1
21427,SKULLS STORAGE BOX SMALL,2010-12-01 12:43:00,2011-12-06 16:34:00,95,254.34,3.254,1
21428,SET3 BOOK BOX GREEN GINGHAM FLOWER,2010-12-02 11:22:00,2011-12-06 14:35:00,1201,5138.13,5.4474230769230765,1
21429,RED GINGHAM ROSE JEWELLERY BOX,2010-12-01 14:03:00,2011-12-08 16:30:00,1740,3391.1499999999996,2.321786941580756,1
21430,SET/3 RED GINGHAM ROSE STORAGE BOX,2010-12-02 11:41:00,2011-12-09 10:26:00,3006,11809.59,4.936813417190776,1
21439,BASKET OF TOADSTOOLS,2010-12-01 17:06:00,2011-12-08 13:50:00,1022,1334.67,1.5776923076923077,1
21441,BLUE BIRDHOUSE DECORATION,2010-12-01 12:36:00,2011-12-08 14:53:00,421,292.03,1.0741935483870966,1
21442,GREEN BIRDHOUSE DECORATION,2010-12-08 14:25:00,2011-12-08 15:54:00,437,307.94,1.0454237288135593,1
21445,12 PINK ROSE PEG PLACE SETTINGS,2010-12-05 12:15:00,2011-07-22 13:53:00,210,262.5,1.25,1
21446,12 RED ROSE PEG PLACE SETTINGS,2010-12-03 11:36:00,2011-12-08 19:28:00,449,630.92,1.5815315315315317,1
21447,12 IVORY ROSE PEG PLACE SETTINGS,2010-12-01 17:06:00,2011-09-21 15:43:00,968,1476.85,1.7170270270270271,1
21448,12 DAISY PEGS IN WOOD BOX,2010-12-01 11:49:00,2011-10-16 12:06:00,344,592.6199999999999,1.9166666666666667,1
21452,TOADSTOOL MONEY BOX,2010-12-01 13:17:00,2011-12-08 16:30:00,810,2528.46,3.665489130434783,1
21454,PAINTED PINK RABBIT,2010-12-10 13:27:00,2011-12-08 09:20:00,572,485.15999999999997,0.8598561151079136,1
21455,PAINTED YELLOW WOODEN DAISY,2010-12-17 14:54:00,2011-12-07 13:12:00,612,516.79,0.8565833333333333,1
21456,2 PICTURE BOOK EGGS EASTER CHICKS,2011-01-23 13:58:00,2011-12-07 14:39:00,171,222.22,1.492,1
21457,2 PICTURE BOOK EGGS EASTER DUCKS,2011-01-23 13:25:00,2011-11-09 15:09:00,124,165.89,1.6856,1
21458,2 PICTURE BOOK EGGS EASTER BUNNY,2011-01-17 15:19:00,2011-11-09 15:09:00,182,256.54,1.8213888888888887,1
21459,YELLOW EASTER EGG HUNT START POST,2011-01-14 09:52:00,2011-04-18 14:50:00,76,150.38,2.064736842105263,1
21460,GREEN EASTER EGG HUNT START POST,2011-01-14 09:52:00,2011-03-23 11:48:00,28,56.779999999999994,2.148181818181818,1
21461,BLUE EASTER EGG HUNT START POST,2011-01-16 16:23:00,2011-04-06 17:08:00,9,21.91,2.822,1
21462,"NURSERY A,B,C PAINTED LETTERS",2010-12-01 15:35:00,2011-12-09 10:20:00,198,932.4,6.4089041095890416,1
21463,MIRRORED DISCO BALL,2010-12-01 11:21:00,2011-12-07 10:11:00,609,3229.05,5.798046875,1
21464,DISCO BALL ROTATOR BATTERY OPERATED,2010-12-01 11:21:00,2011-12-01 14:38:00,241,1021.25,4.245098039215686,1
21465,PINK FLOWER CROCHET FOOD COVER,2010-12-02 13:32:00,2011-12-01 12:55:00,237,897.8,3.934430379746835,1
21466,RED FLOWER CROCHET FOOD COVER,2010-12-01 13:54:00,2011-12-08 16:30:00,304,1116.89,3.8950892857142856,1
21467,CHERRY CROCHET FOOD COVER,2010-12-01 13:54:00,2011-12-09 10:03:00,264,1004.39,3.990096153846154,1
21468,BUTTERFLY CROCHET FOOD COVER,2010-12-05 12:29:00,2011-11-29 13:06:00,148,572.23,4.010606060606061,1
21469,POLKA DOT RAFFIA FOOD COVER,2010-12-01 13:54:00,2011-12-07 08:45:00,290,1085.32,3.8392134831460676,1
21470,FLOWER VINE RAFFIA FOOD COVER,2010-12-02 13:32:00,2011-12-08 09:20:00,381,1470.32,4.109357142857142,1
21471,STRAWBERRY RAFFIA FOOD COVER,2010-12-01 13:54:00,2011-12-09 10:03:00,639,2220.59,3.6676073619631904,1
21472,LADYBIRD + BEE RAFFIA FOOD COVER,2010-12-01 17:15:00,2011-07-15 15:32:00,123,476.41,4.1597297297297295,1
21473,SWEETHEART CREAM STEEL TABLE RECT,2010-12-13 15:26:00,2011-11-20 15:35:00,27,618.66,23.759999999999998,1
21476,STEEL SWEETHEART ROUND TABLE CREAM,2011-01-25 14:33:00,2011-10-19 13:58:00,41,699.63,18.561666666666664,1
21479,WHITE SKULL HOT WATER BOTTLE,2010-12-01 10:52:00,2011-12-09 11:56:00,3915,20582.2,4.986313725490196,1
21481,FAWN BLUE HOT WATER BOTTLE,2010-12-01 12:08:00,2011-12-09 11:59:00,3247,11278.07,4.116585858585859,1
21484,CHICK GREY HOT WATER BOTTLE,2010-12-01 10:47:00,2011-12-09 10:23:00,1835,8389.22,5.193251833740831,1
21485,RETROSPOT HEART HOT WATER BOTTLE,2010-12-01 10:19:00,2011-12-09 11:26:00,3519,17639.23,5.638996865203762,1
21486,PINK HEART DOTS HOT WATER BOTTLE,2010-12-01 12:43:00,2010-12-07 18:36:00,36,147.88,4.042727272727273,1
21488,RED WHITE SCARF  HOT WATER BOTTLE,2010-12-01 12:35:00,2011-03-01 09:55:00,69,566.1700000000001,7.61125,1
21491,SET OF THREE VINTAGE GIFT WRAPS,2010-12-16 17:31:00,2010-12-16 17:31:00,1,1.95,1.95,1
21494,ROTATING LEAVES T-LIGHT HOLDER,2010-12-01 11:58:00,2011-12-09 10:26:00,1928,3571.33,2.6051265822784813,1
21495,SKULLS AND CROSSBONES WRAP,2010-12-01 14:41:00,2011-12-08 15:03:00,5775,2345.5,0.4176829268292683,1
21497,FANCY FONTS BIRTHDAY WRAP,2010-12-01 13:23:00,2011-12-09 12:16:00,8550,3409.0,0.4182608695652174,1
21498,RED RETROSPOT WRAP,2010-12-01 13:23:00,2011-12-08 15:03:00,10476,4290.92,0.4180239520958084,1
21499,BLUE POLKADOT WRAP,2010-12-02 15:19:00,2011-12-08 12:29:00,6702,2726.84,0.4172093023255814,1
21500,PINK POLKADOT WRAP,2010-12-02 15:00:00,2011-12-05 09:03:00,6350,2593.0,0.4169014084507042,1
21503,TOYBOX  WRAP,2010-12-19 14:41:00,2011-11-30 16:43:00,725,288.5,0.4163636363636364,1
21504,SKULLS GREETING CARD,2010-12-02 13:14:00,2011-12-07 13:46:00,1891,778.89,0.4853043478260869,1
21506,"FANCY FONT BIRTHDAY CARD,",2010-12-01 10:39:00,2011-12-09 12:16:00,4910,2080.85,0.5102484472049689,1
21507,"ELEPHANT, BIRTHDAY CARD,",2010-12-01 14:32:00,2011-12-09 12:16:00,3296,1410.16,0.5315384615384615,2
21508,VINTAGE KID DOLLY CARD,2010-12-02 15:19:00,2011-12-09 10:03:00,2466,1036.9,0.5558018867924528,1
21509,COWBOYS AND INDIANS BIRTHDAY CARD,2010-12-01 16:21:00,2011-12-09 10:03:00,3741,1572.28,0.5317883211678832,1
21518,BANK ACCOUNT  GREETING  CARD,2010-12-02 10:39:00,2011-07-12 16:11:00,318,132.44,0.47526315789473683,1
21519,GIN & TONIC DIET GREETING CARD,2010-12-01 13:23:00,2011-12-08 17:12:00,3263,1374.1,0.5117283950617284,1
21520,BOOZE & WOMEN GREETING CARD,2010-12-01 13:24:00,2011-12-05 17:28:00,504,214.19,0.5127586206896552,1
21523,DOORMAT FANCY FONT HOME SWEET HOME,2010-12-01 09:41:00,2011-12-09 10:26:00,3241,21561.94,9.52108,1
21524,DOORMAT SPOTTY HOME SWEET HOME,2010-12-01 13:54:00,2011-12-08 20:01:00,1746,13523.16,9.211171548117154,1
21527,RED RETROSPOT TRADITIONAL TEAPOT,2010-12-02 11:41:00,2011-05-15 16:02:00,474,3701.1400000000003,8.533776223776224,1
21528,DAIRY MAID TRADITIONAL TEAPOT,2010-12-02 19:18:00,2011-12-09 10:03:00,213,1543.67,7.718623853211009,1
21530,DAIRY MAID TOASTRACK,2010-12-02 19:18:00,2011-12-08 16:30:00,740,740.34,1.63921568627451,1
21531,RED RETROSPOT SUGAR JAM BOWL,2010-12-02 18:08:00,2011-12-07 08:03:00,1514,3677.07,2.9056910569105687,1
21533,RETROSPOT LARGE MILK JUG,2010-12-01 09:41:00,2011-12-09 08:48:00,1336,6585.870000000001,5.307455621301775,1
21534,DAIRY MAID LARGE MILK JUG,2010-12-06 10:08:00,2011-12-07 11:42:00,364,1849.48,5.469607843137255,1
21535,RED RETROSPOT SMALL MILK JUG,2010-12-09 14:25:00,2011-12-08 17:24:00,2487,5986.01,2.7591618497109827,1
21537,RED RETROSPOT PUDDING BOWL,2010-12-01 17:06:00,2011-12-07 08:45:00,331,1383.71,4.508666666666667,1
21538,DAIRY MAID  PUDDING BOWL,2010-12-02 11:41:00,2010-12-09 13:34:00,5,18.75,3.75,1
21539,RED RETROSPOT BUTTER DISH,2010-12-02 15:18:00,2011-11-01 14:54:00,966,4729.05,5.481181434599156,1
21544,SKULLS  WATER TRANSFER TATTOOS,2010-12-01 11:41:00,2011-12-09 10:03:00,1972,1687.6799999999998,1.1164,1
21547,CERAMIC BIRDHOUSE CRESTED TIT SMALL,2010-12-01 17:06:00,2011-03-22 13:11:00,79,253.53000000000003,3.7117391304347827,1
21555,CERAMIC STRAWBERRY TRINKET TRAY,2010-12-05 11:57:00,2011-12-06 16:26:00,137,350.46999999999997,2.590869565217391,1
21556,CERAMIC STRAWBERRY MONEY BOX,2010-12-01 12:08:00,2011-11-23 12:20:00,977,2515.52,3.316695652173913,1
21557,SET OF 6 FUNKY BEAKERS,2010-12-01 09:41:00,2011-12-09 10:26:00,551,1843.6100000000001,4.164846625766871,1
21558,SKULL LUNCH BOX WITH CUTLERY,2010-12-03 11:28:00,2011-12-09 10:26:00,2131,5550.219999999999,3.376298076923077,1
21559,STRAWBERRY LUNCH BOX WITH CUTLERY,2010-12-01 09:37:00,2011-12-09 10:13:00,3932,9732.83,3.131448275862069,1
21561,DINOSAUR LUNCH BOX WITH CUTLERY,2010-12-02 12:28:00,2011-12-08 16:30:00,1281,3127.38,3.0350467289719627,1
21562,HAWAIIAN GRASS SKIRT,2010-12-10 09:33:00,2011-11-21 12:53:00,324,380.36,1.4353571428571428,1
21563,RED HEART SHAPE LOVE BUCKET,2010-12-01 14:32:00,2011-12-09 10:46:00,1395,2803.13,3.200062893081761,1
21564,PINK  HEART SHAPE LOVE BUCKET,2010-12-01 14:32:00,2011-12-09 10:46:00,1042,1831.6200000000001,3.216341463414634,1
21576,LETS GO SHOPPING COTTON TOTE BAG,2010-12-01 14:05:00,2011-12-08 11:25:00,252,585.34,2.5892307692307694,1
21577,SAVE THE PLANET COTTON TOTE BAG,2010-12-01 12:31:00,2011-12-08 16:30:00,714,1651.3999999999999,2.72132183908046,1
21578,WOODLAND DESIGN  COTTON TOTE BAG,2010-12-02 15:46:00,2011-12-05 11:48:00,746,1657.76,2.5840944881889762,1
21579,LOLITA  DESIGN  COTTON TOTE BAG,2010-12-01 14:05:00,2011-12-06 12:19:00,168,391.72,2.5875,1
21580,RABBIT  DESIGN  COTTON TOTE BAG,2010-12-05 13:21:00,2011-12-08 09:20:00,181,444.07,2.890483870967742,1
21581,SKULLS  DESIGN  COTTON TOTE BAG,2010-12-02 15:46:00,2011-12-08 10:53:00,252,590.67,2.8841772151898732,1
21584,RETROSPOT SMALL TUBE MATCHES,2010-12-01 12:23:00,2011-12-07 12:21:00,1059,1743.35,1.6487012987012986,1
21586,KINGS CHOICE GIANT TUBE MATCHES,2010-12-01 12:15:00,2011-11-07 11:16:00,743,1721.85,2.5029850746268654,1
21587,COSY HOUR GIANT TUBE MATCHES,2010-12-01 11:21:00,2011-10-18 10:53:00,195,475.65,2.5344827586206895,1
21588,RETROSPOT GIANT TUBE MATCHES,2010-12-01 12:43:00,2011-12-08 11:43:00,1494,3442.5,2.5266666666666664,1
21591,COSY HOUR CIGAR BOX MATCHES,2010-12-01 12:15:00,2011-12-09 11:34:00,1374,1996.1399999999999,1.2598692810457515,1
21592,RETROSPOT CIGAR BOX MATCHES,2010-12-01 11:21:00,2011-12-08 14:39:00,2149,2149.07,1.1326008968609864,1
21594,DR. JAM'S AROUZER STRESS BALL,2010-12-01 17:06:00,2011-01-14 14:06:00,2,8.34,4.17,1
21595,DAD'S CAB ELECTRONIC METER,2010-12-06 16:57:00,2010-12-07 15:28:00,2,16.94,8.47,1
21609,SET 12 LAVENDER  BOTANICAL T-LIGHTS,2010-12-01 11:45:00,2011-08-30 14:09:00,763,2086.69,3.0362337662337664,1
21613,S/12 VANILLA  BOTANICAL T-LIGHTS,2010-12-05 16:24:00,2011-10-27 13:33:00,227,661.9300000000001,3.1461904761904766,1
21614,SET OF 12 ROSE BOTANICAL T-LIGHTS,2011-03-31 16:43:00,2011-05-31 10:43:00,51,153.29000000000002,3.2655555555555558,1
21615,4 LAVENDER BOTANICAL DINNER CANDLES,2010-12-09 12:20:00,2011-12-09 10:03:00,891,1347.92,2.023623188405797,1
21616,4 PEAR BOTANICAL DINNER CANDLES,2010-12-05 15:12:00,2011-12-09 10:03:00,822,1288.34,1.964507042253521,1
21617,4 LILY  BOTANICAL DINNER CANDLES,2010-12-06 17:16:00,2011-11-21 15:18:00,525,1009.26,2.438653846153846,1
21618,4 WILDFLOWER BOTANICAL CANDLES,2010-12-06 10:08:00,2011-11-14 17:40:00,404,768.37,2.4651546391752577,1
21619,4 VANILLA BOTANICAL CANDLES,2010-12-03 11:36:00,2011-12-08 13:50:00,974,1476.4,1.9874545454545456,1
21620,SET OF 4 ROSE BOTANICAL CANDLES,2010-12-01 16:57:00,2011-12-09 11:26:00,881,1429.49,2.0507185628742515,1
21621,VINTAGE UNION JACK BUNTING,2010-12-01 12:31:00,2011-12-06 13:20:00,2759,24287.83,9.453887733887733,1
21622,VINTAGE UNION JACK CUSHION COVER,2010-12-01 10:03:00,2011-12-07 14:12:00,372,1943.04,5.856274509803922,1
21623,VINTAGE UNION JACK MEMOBOARD,2010-12-02 13:32:00,2011-12-08 13:18:00,3268,22970.29,10.376318181818181,1
21624,VINTAGE UNION JACK DOORSTOP,2010-12-01 17:29:00,2011-12-08 16:30:00,214,1319.66,6.651666666666667,1
21625,VINTAGE UNION JACK APRON,2010-12-01 13:21:00,2011-12-07 15:07:00,407,2939.51,8.065411764705884,1
21626,VINTAGE UNION JACK PENNANT,2010-12-05 11:04:00,2011-11-21 16:24:00,777,1551.6499999999999,2.2830612244897956,1
21627,ELEPHANT CARNIVAL POUFFE,2010-12-06 09:58:00,2011-10-24 14:47:00,63,1299.83,21.961489361702128,1
21628,TRIANGULAR POUFFE VINTAGE,2010-12-09 11:48:00,2011-12-08 11:25:00,61,1131.75,21.96125,1
21629,SQUARE FLOOR CUSHION VINTAGE RED,2010-12-01 16:57:00,2011-12-08 19:28:00,71,672.05,10.515714285714285,1
21630,FLOOR CUSHION ELEPHANT CARNIVAL,2010-12-05 13:17:00,2011-12-07 12:19:00,68,709.1899999999999,12.192647058823528,1
21631,HIPPY CHIC DECORATIVE PARASOL,2010-12-14 12:59:00,2011-11-17 14:24:00,169,896.01,8.337407407407408,1
21632,VINTAGE PINK DECORATIVE PARASOL,2010-12-06 09:58:00,2011-01-18 17:34:00,88,489.74,8.200000000000001,1
21633,SUNFLOWER DECORATIVE PARASOL,2010-12-16 17:43:00,2011-11-21 10:27:00,125,895.46,10.163571428571428,1
21634,ASSORTED MINI MADRAS NOTEBOOK,2010-12-01 14:32:00,2011-10-16 15:13:00,976,481.95,0.8446428571428571,1
21635,MADRAS NOTEBOOK LARGE,2010-12-05 12:42:00,2011-07-13 11:00:00,271,374.96000000000004,2.263125,1
21636,MADRAS NOTEBOOK MEDIUM,2011-02-10 09:21:00,2011-12-05 14:29:00,913,705.16,0.8541333333333334,1
21637,ASSORTED SANSKRIT MINI NOTEBOOK,2011-03-20 15:02:00,2011-10-10 15:27:00,109,136.25,1.25,1
21638,ASSORTED TUTTI FRUTTI NOTEBOOK,2010-12-01 17:06:00,2011-12-08 13:50:00,247,547.76,2.56675,1
21640,ASSORTED TUTTI FRUTTI  FOB NOTEBOOK,2010-12-03 11:36:00,2011-12-08 13:50:00,650,633.8299999999999,1.138452380952381,1
21641,ASSORTED TUTTI FRUTTI KEYRING BALL,2010-12-01 14:32:00,2011-09-16 13:32:00,1153,451.59,1.0971428571428572,1
21642,ASSORTED TUTTI FRUTTI PEN,2010-12-03 14:54:00,2011-12-09 10:03:00,2399,809.8499999999999,0.497843137254902,1
21643,ASSORTED TUTTI FRUTTI MIRROR,2010-12-01 16:57:00,2011-11-15 14:32:00,538,728.31,1.8501694915254236,1
21644,ASSORTED TUTTI FRUTTI HEART BOX,2010-12-06 13:13:00,2011-11-27 16:27:00,214,267.5,1.25,1
21647,ASSORTED TUTTI FRUTTI LARGE PURSE,2010-12-06 12:41:00,2011-11-27 12:00:00,106,222.60000000000002,2.1,1
21648,ASSORTED TUTTI FRUTTI SMALL PURSE,2010-12-01 17:06:00,2011-12-09 10:03:00,729,982.79,1.878939393939394,1
21650,ASSORTED TUTTI FRUTTI BRACELET,2010-12-05 12:53:00,2011-12-09 10:03:00,2526,688.29,0.5040579710144928,1
21651,HANGING GLASS ETCHED TEALIGHT,2010-12-01 12:15:00,2011-02-21 13:51:00,127,198.57,1.7690909090909093,1
21654,RIDGED GLASS FINGER BOWL,2010-12-01 13:21:00,2011-09-18 12:21:00,974,504.68,0.9606666666666667,1
21655,HANGING RIDGE GLASS T-LIGHT HOLDER,2011-02-11 13:53:00,2011-02-11 13:53:00,24,40.56,1.69,1
21656,RIDGED GLASS POSY VASE,2010-12-01 17:06:00,2011-05-03 16:06:00,219,444.58,2.208085106382979,1
21657,MILK BOTTLE WITH GLASS STOPPER,2010-12-01 13:21:00,2011-02-20 13:18:00,30,223.46,7.830000000000001,1
21658,GLASS  BEURRE DISH,2010-12-01 13:21:00,2011-08-11 10:14:00,874,3693.98,5.652190476190476,1
21661,VINTAGE GLASS TEA CADDY,2011-01-04 11:34:00,2011-02-22 13:20:00,3,17.85,5.95,1
21662,VINTAGE GLASS COFFEE CADDY,2010-12-01 13:21:00,2011-08-15 14:17:00,86,557.3000000000001,8.161538461538461,1
21664,RIDGED GLASS STORAGE JAR CREAM LID,2010-12-01 12:49:00,2011-10-17 12:22:00,98,350.22,3.7310526315789474,1
21666,RIDGED GLASS T-LIGHT HOLDER,2010-12-07 15:28:00,2011-12-06 11:39:00,412,283.51,0.8558139534883721,1
21668,RED STRIPE CERAMIC DRAWER KNOB,2010-12-01 15:21:00,2011-12-09 11:34:00,5470,7448.76,1.6728473804100228,1
21669,BLUE STRIPE CERAMIC DRAWER KNOB,2010-12-02 10:39:00,2011-12-09 11:34:00,5215,7040.1,1.5974418604651162,1
21670,BLUE SPOT CERAMIC DRAWER KNOB,2010-12-01 14:41:00,2011-12-09 11:34:00,4309,6059.04,1.7126612903225806,1
21671,RED SPOT CERAMIC DRAWER KNOB,2010-12-01 17:06:00,2011-12-09 10:23:00,4376,6019.89,1.7333060109289617,1
21672,WHITE SPOT RED CERAMIC DRAWER KNOB,2010-12-01 09:41:00,2011-12-09 10:23:00,4954,6728.5,1.693941605839416,1
21673,WHITE SPOT BLUE CERAMIC DRAWER KNOB,2010-12-02 10:39:00,2011-12-09 11:34:00,4314,5968.7,1.6889863013698632,1
21675,BUTTERFLIES STICKERS,2010-12-03 11:36:00,2011-12-09 10:03:00,616,558.06,1.1413761467889907,1
21676,FLOWERS  STICKERS,2010-12-01 11:45:00,2011-12-05 17:24:00,257,245.35999999999999,1.159344262295082,1
21677,HEARTS  STICKERS,2010-12-03 12:24:00,2011-12-09 10:03:00,823,727.64,1.0348305084745764,1
21678,PAISLEY PATTERN  STICKERS,2010-12-01 11:45:00,2011-12-09 10:03:00,125,111.86,1.0071875,1
21679,SKULLS  STICKERS,2010-12-01 14:32:00,2011-12-07 13:53:00,1140,1028.58,1.12731884057971,1
21680,WOODLAND  STICKERS,2010-12-06 15:13:00,2011-12-09 10:03:00,868,786.31,1.2149514563106796,1
21681,GIANT MEDINA STAMPED METAL BOWL,2011-02-14 13:19:00,2011-02-22 15:00:00,2,19.9,9.95,1
21682,LARGE MEDINA STAMPED METAL BOWL,2010-12-05 12:42:00,2011-12-04 13:00:00,182,930.96,5.496545454545455,1
21683,MEDIUM MEDINA STAMPED METAL BOWL,2010-12-05 13:49:00,2011-12-05 16:05:00,310,948.7000000000002,3.3927586206896554,1
21684,SMALL MEDINA STAMPED METAL BOWL,2010-12-01 17:06:00,2011-12-09 12:31:00,771,612.1,1.258723404255319,1
21686,MEDINA STAMPED METAL STOOL,2010-12-08 12:08:00,2011-10-02 15:33:00,34,1311.69,39.86526315789474,1
21688,SILVER PLATE CANDLE BOWL SMALL,2010-12-01 13:51:00,2011-11-30 09:53:00,348,1101.2800000000002,3.8033333333333337,1
21689,SILVER VANILLA  FLOWER CANDLE POT,2010-12-07 15:39:00,2011-12-06 12:45:00,95,369.87,4.273846153846154,1
21690,SILVER  CANDLEPOT JARDIN,2010-12-01 13:54:00,2011-01-30 15:48:00,22,82.5,3.75,1
21692,SILVER LATTICE VANILLA CANDLE POT,2010-12-06 12:41:00,2011-02-25 11:56:00,17,63.75,3.75,1
21693,SMALL HAMMERED SILVER CANDLEPOT,2010-12-05 16:24:00,2011-12-06 12:45:00,361,1107.91,3.35,1
21694,SMALL REGAL  SILVER CANDLEPOT,2010-12-01 13:51:00,2011-12-05 14:03:00,307,840.33,3.395,1
21695,SMALL SILVER FLOWER CANDLE POT,2010-12-05 14:25:00,2011-12-08 09:28:00,284,857.6800000000001,3.365609756097561,1
21696,SMALL SILVER TRELLIS CANDLEPOT,2010-12-05 13:03:00,2011-11-23 14:35:00,212,637.0000000000001,3.3125,1
21698,MOCK LOBSTER FRIDGE MAGNET,2010-12-01 17:06:00,2011-12-07 16:47:00,296,164.17,1.0622222222222222,1
21700,BIG DOUGHNUT FRIDGE MAGNETS,2010-12-01 17:06:00,2011-12-07 13:46:00,1690,2304.3399999999997,3.972763819095477,1
21703,BAG 125G SWIRLY MARBLES,2010-12-01 14:32:00,2011-12-09 10:03:00,9306,3493.61,0.4965084745762712,1
21704,BAG 250G SWIRLY MARBLES,2010-12-01 14:32:00,2011-12-09 10:03:00,5144,4039.2799999999997,1.0033734939759036,1
21705,BAG 500G SWIRLY MARBLES,2010-12-01 11:41:00,2011-12-09 11:26:00,1447,1442.37,1.8411267605633803,1
21706,FOLDING UMBRELLA RED/WHITE POLKADOT,2010-12-01 11:49:00,2011-12-07 10:35:00,346,1616.81,4.997333333333334,1
21707,FOLDING UMBRELLA BLACKBLUE POLKADOT,2010-12-15 15:14:00,2011-12-06 08:55:00,160,763.6600000000001,4.881351351351352,1
21708,FOLDING UMBRELLA CREAM POLKADOT,2010-12-01 11:49:00,2011-12-05 17:28:00,189,858.1600000000001,4.306349206349206,1
21709,FOLDING UMBRELLA CHOCOLATE POLKADOT,2010-12-01 17:35:00,2011-12-04 13:45:00,133,607.23,4.667118644067797,1
21710,FOLDING UMBRELLA PINKWHITE POLKADOT,2010-12-01 11:49:00,2011-11-25 11:41:00,107,501.98,4.822666666666667,1
21711,FOLDING UMBRELLA WHITE/RED POLKADOT,2010-12-01 11:49:00,2011-11-24 14:40:00,104,513.02,5.247777777777778,1
21713,CITRONELLA CANDLE FLOWERPOT,2010-12-06 08:34:00,2011-12-06 16:26:00,786,1817.74,2.5079874213836475,1
21714,CITRONELLA CANDLE GARDEN POT,2010-12-02 15:46:00,2011-12-09 10:23:00,1651,3010.65,1.8948458149779734,1
21715,GIRLS VINTAGE TIN SEASIDE BUCKET,2010-12-01 12:03:00,2011-12-08 13:50:00,1330,3507.17,3.261293103448276,1
21716,BOYS VINTAGE TIN SEASIDE BUCKET,2010-12-01 12:03:00,2011-12-09 10:03:00,1425,3872.92,3.385204918032787,1
21717,EASTER TIN BUCKET,2010-12-08 14:25:00,2011-03-22 11:05:00,408,946.93,2.684878048780488,1
21718,RED METAL BEACH SPADE,2010-12-01 12:03:00,2011-12-09 10:03:00,1493,2113.39,1.7087826086956521,1
21719,LOVELY BONBON STICKER SHEET,2010-12-02 10:27:00,2011-12-05 17:28:00,345,307.44,1.0569491525423729,1
21720,CAKE SHOP  STICKER SHEET,2010-12-06 10:19:00,2011-07-26 09:51:00,57,48.449999999999996,0.85,1
21721,CANDY SHOP  STICKER SHEET,2010-12-01 14:32:00,2011-12-02 16:39:00,195,179.45999999999998,1.102857142857143,1
21722,SWEET PUDDING STICKER SHEET,2010-12-01 14:32:00,2011-12-08 09:20:00,98,95.52999999999999,1.1297222222222223,1
21723,ALPHABET HEARTS STICKER SHEET,2010-12-05 13:00:00,2011-12-05 17:28:00,397,350.08,1.0294915254237287,1
21724,PANDA AND BUNNIES STICKER SHEET,2010-12-01 08:45:00,2011-12-09 10:03:00,408,355.83,0.9703703703703703,1
21725,SWEETIES  STICKERS,2010-12-03 11:36:00,2011-11-17 14:26:00,301,277.24,1.1344,1
21726,MULTI HEARTS  STICKERS,2010-12-03 17:20:00,2011-12-07 13:35:00,237,204.69,0.927142857142857,1
21730,GLASS STAR FROSTED T-LIGHT HOLDER,2010-12-01 08:26:00,2011-12-07 16:56:00,517,2514.4300000000003,5.356641221374046,1
21731,RED TOADSTOOL LED NIGHT LIGHT,2010-12-01 08:45:00,2011-12-09 10:46:00,13964,23858.73,2.393913043478261,1
21733,RED HANGING HEART T-LIGHT HOLDER,2010-12-01 09:32:00,2011-12-08 14:38:00,7831,23091.09,3.1623733333333335,1
21735,TWO DOOR CURIO CABINET,2010-12-02 14:47:00,2011-09-16 13:53:00,188,2303.85,12.550632911392405,1
21736,GOLD SCROLL GLASS T-LIGHT HOLDER,2010-12-12 16:14:00,2011-04-06 12:08:00,80,137.22000000000003,1.8150000000000002,1
21738,COSY SLIPPER SHOES SMALL  RED,2010-12-01 11:49:00,2011-10-20 12:43:00,46,144.58,3.3360869565217395,1
21739,COSY SLIPPER SHOES SMALL GREEN,2010-12-01 11:49:00,2011-12-09 10:03:00,254,703.08,2.763153153153153,1
21741,COSY SLIPPER SHOES LARGE GREEN,2010-12-02 12:09:00,2011-11-16 12:08:00,147,480.1700000000001,3.8230000000000004,1
21742,LARGE ROUND WICKER PLATTER,2010-12-01 12:49:00,2011-12-08 16:18:00,194,1167.58,6.092795698924731,1
21743,STAR PORTABLE TABLE LIGHT,2010-12-01 11:21:00,2011-09-13 11:24:00,299,887.6500000000001,3.8757142857142854,1
21744,SNOWFLAKE PORTABLE TABLE LIGHT,2010-12-01 11:21:00,2011-11-24 13:40:00,529,1557.65,3.042093023255814,1
21745,GAOLERS KEYS DECORATIVE GARDEN,2010-12-01 17:06:00,2011-12-07 11:43:00,931,3460.73,3.9690654205607476,1
21746,SMALL RED RETROSPOT WINDMILL,2010-12-06 13:41:00,2011-11-29 08:07:00,3063,3751.93,1.470044052863436,1
21747,SMALL SKULL WINDMILL,2010-12-19 14:41:00,2011-11-30 14:00:00,473,630.61,1.5166037735849056,1
21749,LARGE RED RETROSPOT WINDMILL,2010-12-08 14:25:00,2011-11-29 16:33:00,1957,3864.4900000000002,2.5341007194244605,1
21750,LARGE SKULL WINDMILL,2010-12-08 14:25:00,2011-11-08 18:41:00,90,207.51000000000002,2.6954166666666666,1
21754,HOME BUILDING BLOCK WORD,2010-12-01 08:34:00,2011-12-09 10:26:00,2755,16899.670000000002,6.631052631578948,1
21755,LOVE BUILDING BLOCK WORD,2010-12-01 08:34:00,2011-12-09 12:00:00,2008,12418.01,6.696382306477094,1
21756,BATH BUILDING BLOCK WORD,2010-12-01 08:35:00,2011-12-08 13:22:00,809,5006.26,6.620036900369003,1
21757,LIGHTHOUSE PRINTED METAL SIGN,2011-01-09 11:34:00,2011-02-17 12:29:00,6,29.700000000000003,4.95,1
21758,VINTAGE SHELLS PRINT,2010-12-01 14:32:00,2011-12-01 16:22:00,50,427.46000000000004,9.839375,1
21761,WOOD AND GLASS MEDICINE CABINET,2010-12-01 15:35:00,2011-12-04 13:20:00,10,299.5,29.95,1
21763,VINTAGE WOODEN BAR STOOL,2011-01-05 15:56:00,2011-07-06 16:40:00,6,169.75,27.4625,1
21769,VINTAGE POST OFFICE CABINET,2010-12-02 12:18:00,2010-12-07 16:43:00,11,607.6500000000001,66.36,1
21770,OPEN CLOSED METAL SIGN,2011-03-24 12:11:00,2011-12-08 17:37:00,1632,7894.2300000000005,5.525927835051546,1
21773,DECORATIVE ROSE BATHROOM BOTTLE,2010-12-01 14:32:00,2011-12-08 10:53:00,1170,1154.17,1.7692073170731706,1
21774,DECORATIVE CATS BATHROOM BOTTLE,2010-12-01 14:32:00,2011-12-09 10:03:00,1095,1152.4,1.9209625668449197,1
21775,DECORATIVE FLORE BATHROOM BOTTLE,2010-12-01 17:06:00,2011-12-08 16:30:00,515,716.86,1.8763309352517985,1
21777,RECIPE BOX WITH METAL HEART,2010-12-01 08:34:00,2010-12-06 10:08:00,12,95.4,7.95,1
21781,MA CAMPAGNE CUTLERY BOX,2010-12-01 15:35:00,2011-07-10 16:18:00,164,2602.0,16.89041237113402,1
21784,SHOE SHINE BOX,2010-12-02 13:08:00,2011-09-01 13:40:00,57,633.0699999999999,11.448181818181817,1
21785,RAIN PONCHO,2010-12-05 12:53:00,2011-02-15 14:44:00,411,268.76,0.9719999999999999,1
21786,POLKADOT RAIN HAT,2010-12-01 10:19:00,2011-12-09 10:03:00,1937,916.99,0.6697835497835498,1
21787,RAIN PONCHO RETROSPOT,2010-12-01 14:32:00,2011-12-09 10:03:00,8347,6741.1,1.0564897959183672,1
21788,KIDS RAIN MAC BLUE,2010-12-02 16:38:00,2011-12-06 11:39:00,1293,1029.24,0.9096511627906977,1
21789,KIDS RAIN MAC PINK,2010-12-01 16:57:00,2011-12-02 16:39:00,924,802.8,0.9430434782608694,1
21790,VINTAGE SNAP CARDS,2010-12-01 11:57:00,2011-12-09 12:20:00,14449,12448.81,1.0161307609860664,1
21791,VINTAGE HEADS AND TAILS CARD GAME,2010-12-01 08:45:00,2011-12-09 10:03:00,7828,10459.4,1.5070559210526315,1
21792,CLASSIC FRENCH STYLE BASKET GREEN,2010-12-07 18:36:00,2011-08-03 12:58:00,343,1493.77,5.0556,1
21793,CLASSIC FRENCH STYLE BASKET BROWN,2010-12-19 13:31:00,2011-12-01 16:22:00,304,1296.6100000000001,4.584533333333334,1
21794,CLASSIC FRENCH STYLE BASKET NATURAL,2010-12-01 12:43:00,2011-10-25 15:34:00,522,2213.42,4.930754716981132,1
21801,CHRISTMAS TREE DECORATION WITH BELL,2010-12-01 14:32:00,2011-10-30 11:22:00,1215,515.14,0.4229838709677419,1
21802,CHRISTMAS TREE HEART DECORATION,2010-12-01 14:32:00,2011-11-21 11:55:00,2122,919.14,0.4531868131868132,1
21803,CHRISTMAS TREE STAR DECORATION,2010-12-01 14:32:00,2011-12-09 12:20:00,2353,1016.02,0.4511111111111111,1
21804,WHITE CHRISTMAS GARLAND STARS TREES,2010-12-01 12:43:00,2011-12-02 11:28:00,225,830.03,3.7701515151515155,1
21807,WHITE CHRISTMAS STAR DECORATION,2010-12-03 09:31:00,2011-11-22 15:43:00,438,189.0,0.4694117647058823,1
21808,"CHRISTMAS GARLAND STARS,TREES",2010-12-01 15:35:00,2011-12-09 10:03:00,180,637.83,3.535625,1
21809,CHRISTMAS HANGING TREE WITH BELL,2010-12-01 14:32:00,2011-12-09 12:20:00,1964,1117.92,0.9476859504132231,1
21810,CHRISTMAS HANGING STAR WITH BELL,2010-12-01 12:49:00,2011-12-09 10:51:00,5781,2908.0899999999997,0.7407662835249043,1
21811,HANGING HEART WITH BELL,2010-12-01 11:45:00,2011-11-23 12:45:00,4802,2663.68,0.9976190476190476,2
21812,GARLAND WITH HEARTS AND BELLS,2010-12-06 10:08:00,2011-12-09 10:03:00,379,1676.97,5.1864948453608255,1
21813,GARLAND WITH STARS AND BELLS,2010-12-01 15:35:00,2011-12-09 10:03:00,543,2250.77,4.658928571428571,1
21814,HEART T-LIGHT HOLDER,2010-12-01 12:23:00,2011-11-29 11:23:00,74,111.77,1.7293749999999999,1
21815,STAR  T-LIGHT HOLDER,2010-12-01 12:23:00,2011-11-23 12:58:00,158,270.22999999999996,2.007,1
21816,CHRISTMAS TREE T-LIGHT HOLDER,2010-12-01 12:23:00,2011-11-27 13:00:00,33,47.849999999999994,1.45,1
21817,GLITTER CHRISTMAS TREE,2010-12-01 15:35:00,2011-11-09 15:17:00,906,410.91,0.5645901639344262,1
21818,GLITTER HEART DECORATION,2010-12-01 15:08:00,2011-12-07 16:56:00,2737,1320.41,0.6024157303370786,2
21819,GLITTER CHRISTMAS STAR,2010-12-05 14:45:00,2011-12-08 14:38:00,2470,1066.65,0.544812030075188,1
21820,GLITTER HEART GARLAND WITH BELLS,2010-12-01 17:06:00,2011-12-05 16:05:00,299,1255.97,5.08438202247191,1
21821,GLITTER STAR GARLAND WITH BELLS,2010-12-01 14:32:00,2011-12-05 11:58:00,239,992.05,5.088387096774194,1
21822,GLITTER CHRISTMAS TREE WITH BELLS,2010-12-01 14:32:00,2011-12-09 10:03:00,698,719.3,1.324059405940594,1
21823,PAINTED METAL HEART WITH HOLLY BELL,2010-12-01 11:45:00,2011-11-15 12:02:00,1372,854.3499999999999,0.9436538461538462,1
21824,PAINTED METAL STAR WITH HOLLY BELLS,2010-12-01 11:45:00,2011-11-15 12:02:00,1892,1067.62,0.7677310924369748,1
21826,EIGHT PIECE DINOSAUR SET,2010-12-01 12:54:00,2011-03-16 13:00:00,125,185.18,1.6913513513513514,1
21827,EIGHT PIECE CREEPY CRAWLIE SET,2010-12-06 12:55:00,2011-03-29 17:23:00,6,7.5,1.25,1
21828,EIGHT PIECE SNAKE  SET,2010-12-03 11:36:00,2011-12-09 10:03:00,330,435.79,1.4801176470588235,1
21829,DINOSAUR KEYRINGS ASSORTED,2010-12-03 11:36:00,2011-10-20 12:07:00,6657,1438.06,0.2633333333333333,1
21830,ASSORTED CREEPY CRAWLIES,2010-12-01 17:06:00,2011-11-23 13:39:00,2573,1086.91,0.4705050505050505,1
21832,CHOCOLATE CALCULATOR,2010-12-01 09:45:00,2011-12-09 10:03:00,954,1790.1,2.34964824120603,1
21833,CAMOUFLAGE LED TORCH,2010-12-01 14:05:00,2011-12-09 10:03:00,2702,4553.87,2.11185628742515,1
21836,GINGHAM OVEN GLOVE RED HEART,2010-12-05 12:29:00,2011-01-20 15:22:00,5,26.490000000000002,5.04,1
21839,MUMMY MOUSE RED GINGHAM RIBBON,2011-03-27 14:28:00,2011-03-27 14:28:00,1,5.45,5.45,1
21841,BABY MOUSE RED GINGHAM DRESS,2011-03-07 17:52:00,2011-11-29 10:57:00,73,310.25,4.25,1
21843,RED RETROSPOT CAKE STAND,2010-12-01 13:31:00,2011-12-09 10:26:00,1759,19597.35,12.67841603053435,1
21844,RED RETROSPOT MUG,2010-12-01 10:52:00,2011-12-06 14:30:00,1847,5167.6900000000005,3.3125477707006374,1
21845,DAIRY MAID STRIPE MUG,2010-12-03 14:54:00,2011-11-28 11:27:00,1906,1720.3000000000002,1.101219512195122,1
21846,PINK DIAMANTE PEN IN GIFT BOX,2010-12-01 17:06:00,2011-12-08 19:28:00,412,1147.57,4.085,1
21847,GREEN  DIAMANTE PEN IN GIFT BOX,2010-12-06 10:08:00,2011-11-16 15:23:00,76,178.89,2.7533333333333334,1
21849,SILVER DIAMANTE PEN IN GIFT BOX,2010-12-02 13:32:00,2011-12-04 14:45:00,173,548.93,3.803823529411765,1
21850,BLUE  DIAMANTE PEN IN GIFT BOX,2010-12-01 16:57:00,2011-12-06 12:56:00,93,335.13,4.302452830188679,1
21851,LILAC DIAMANTE PEN IN GIFT BOX,2010-12-01 14:32:00,2011-12-05 17:24:00,141,454.99,4.154603174603174,1
21864,UNION JACK FLAG PASSPORT COVER,2010-12-01 16:01:00,2011-12-09 10:26:00,828,2041.69,2.863763440860215,1
21865,PINK UNION JACK  PASSPORT COVER,2010-12-03 11:28:00,2011-12-08 12:07:00,271,618.9300000000001,2.5725233644859813,1
21866,UNION JACK FLAG LUGGAGE TAG,2010-12-01 11:45:00,2011-12-08 12:07:00,747,1292.38,1.9597938144329896,1
21867,PINK UNION JACK  LUGGAGE TAG,2010-12-01 11:45:00,2011-12-08 20:01:00,348,480.25,1.5743076923076922,1
21868,POTTING SHED TEA MUG,2010-12-01 17:06:00,2011-12-05 17:17:00,2453,3229.75,1.7590066225165564,1
21870,I CAN ONLY PLEASE ONE PERSON MUG,2010-12-01 13:24:00,2011-08-24 09:36:00,1383,1821.46,1.5799386503067483,1
21871,SAVE THE PLANET MUG,2010-12-01 09:02:00,2011-12-09 10:20:00,4805,5992.68,1.817047353760446,1
21872,GLAMOROUS  MUG,2010-12-02 11:45:00,2011-12-09 08:48:00,1292,1454.98,1.6714685314685316,1
21873,IF YOU CAN'T STAND THE HEAT MUG,2010-12-01 13:24:00,2011-12-08 13:59:00,1534,1742.98,1.6182456140350876,1
21874,GIN AND TONIC MUG,2010-12-01 13:24:00,2011-12-09 10:26:00,2962,4126.179999999999,2.0168027210884354,1
21875,KINGS CHOICE MUG,2010-12-01 17:06:00,2011-12-09 09:08:00,2031,2399.38,1.8379729729729728,1
21876,POTTERING MUG,2010-12-03 11:13:00,2011-12-09 10:26:00,3762,4786.8099999999995,2.098429003021148,1
21877,HOME SWEET HOME MUG,2010-12-01 17:24:00,2011-12-09 10:20:00,4415,5872.46,1.7260115606936417,1
21878,PACK OF 6 SANDCASTLE FLAGS ASSORTED,2010-12-03 10:43:00,2011-12-08 13:50:00,2511,2162.0,1.0926431718061673,1
21879,HEARTS GIFT TAPE,2010-12-01 14:32:00,2011-12-09 10:03:00,1176,385.47,0.5863157894736841,1
21880,RED RETROSPOT TAPE,2010-12-01 11:49:00,2011-12-07 17:05:00,1891,850.98,0.483375,1
21881,CUTE CATS TAPE,2010-12-02 10:27:00,2011-12-08 10:53:00,1102,383.11,0.6788607594936709,1
21882,SKULLS TAPE,2010-12-03 11:19:00,2011-11-28 13:26:00,704,251.17000000000002,0.6367605633802818,1
21883,STARS GIFT TAPE,2010-12-01 08:45:00,2011-12-07 17:05:00,1653,725.4200000000001,0.6445864661654136,1
21884,CAKES AND BOWS GIFT  TAPE,2010-12-01 14:32:00,2011-12-04 11:45:00,1166,413.76,0.761505376344086,1
21888,BINGO SET,2010-12-01 14:32:00,2011-12-05 11:58:00,1685,6648.29,4.729920212765958,1
21889,WOODEN BOX OF DOMINOES,2010-12-01 10:29:00,2011-12-09 10:03:00,6366,8817.29,1.5795317725752507,1
21890,S/6 WOODEN SKITTLES IN COTTON BAG,2010-12-01 12:03:00,2011-12-09 10:26:00,1147,3674.11,3.8581196581196586,1
21891,TRADITIONAL WOODEN SKIPPING ROPE,2010-12-01 10:29:00,2011-12-08 18:22:00,8094,10455.05,1.5939860139860138,1
21892,TRADITIONAL WOODEN CATCH CUP GAME,2010-12-01 12:03:00,2011-12-09 10:03:00,3180,4302.16,1.6059712230215826,1
21894,POTTING SHED SEED ENVELOPES,2010-12-01 12:31:00,2011-12-08 13:50:00,592,902.08,1.8283969465648853,1
21895,POTTING SHED SOW 'N' GROW SET,2010-12-01 12:31:00,2010-12-09 16:31:00,2,12.72,6.36,1
21896,POTTING SHED TWINE,2010-12-01 17:06:00,2011-12-06 09:09:00,980,2272.79,2.417927927927928,1
21897,POTTING SHED CANDLE CITRONELLA,2011-01-14 10:12:00,2011-04-27 11:47:00,405,1268.1899999999998,3.85,1
21898,POTTING SHED ROSE CANDLE,2011-02-14 09:41:00,2011-04-27 11:47:00,493,1541.11,2.6156,1
21899,GARAGE KEY FOB,2010-12-01 17:06:00,2011-12-08 16:18:00,2679,1757.97,0.880391459074733,2
21900,"KEY FOB , SHED",2010-12-02 15:55:00,2011-12-09 10:03:00,3228,2197.17,0.9522252010723861,1
21901,"KEY FOB , BACK DOOR",2010-12-02 14:09:00,2011-12-09 10:03:00,1828,1277.89,0.8934285714285715,1
21902,"KEY FOB , FRONT  DOOR",2010-12-02 14:09:00,2011-12-09 10:03:00,1954,1257.17,0.8854716981132076,1
21903,MAN FLU METAL SIGN,2010-12-03 11:36:00,2011-12-08 15:51:00,1148,2464.9300000000003,2.5078212290502795,1
21904,HOUSE WRECKING METAL SIGN,2010-12-05 13:55:00,2011-05-25 17:31:00,50,105.0,2.1,1
21905,MORE BUTTER METAL SIGN,2010-12-03 12:43:00,2011-12-09 10:03:00,760,821.61,1.401625,1
21906,PHARMACIE FIRST AID TIN,2010-12-01 17:06:00,2011-12-09 10:03:00,578,4450.5599999999995,9.69593023255814,1
21907,I'M ON HOLIDAY METAL SIGN,2010-12-01 11:21:00,2011-12-07 15:56:00,2359,5001.9800000000005,2.3009809264305177,1
21908,CHOCOLATE THIS WAY METAL SIGN,2010-12-01 17:06:00,2011-12-09 08:48:00,3747,7701.820000000001,2.5365605095541404,1
21910,WAY OUT METAL SIGN,2010-12-05 16:24:00,2011-02-16 16:57:00,36,59.39999999999999,1.65,1
21911,GARDEN METAL SIGN,2010-12-01 14:32:00,2011-04-15 10:42:00,102,183.40999999999997,2.189642857142857,1
21912,VINTAGE SNAKES & LADDERS,2010-12-01 09:45:00,2011-12-09 10:26:00,1786,7047.7,4.942045454545455,1
21913,VINTAGE SEASIDE JIGSAW PUZZLES,2010-12-01 08:45:00,2011-12-08 09:28:00,396,1558.33,4.373469387755102,1
21914,BLUE HARMONICA IN BOX,2010-12-01 11:41:00,2011-12-09 12:16:00,7864,10324.81,1.43183908045977,1
21915,RED  HARMONICA IN BOX,2010-12-01 11:41:00,2011-12-07 15:07:00,21855,26234.08,1.4266363636363637,1
21916,SET 12 RETRO WHITE CHALK STICKS,2010-12-01 11:57:00,2011-12-09 12:31:00,4575,1963.41,0.5463736263736264,1
21917,SET 12 KIDS  WHITE CHALK STICKS,2010-12-01 14:34:00,2011-12-08 15:03:00,4150,1701.51,0.4979017857142857,1
21918,SET 12 KIDS COLOUR  CHALK STICKS,2010-12-02 09:44:00,2011-12-09 12:16:00,7198,2949.83,0.5198652291105121,1
21922,UNION STRIPE WITH FRINGE  HAMMOCK,2010-12-01 14:32:00,2011-12-08 09:28:00,898,6944.360000000001,9.187081339712918,1
21925,UNION STRIPE CUSHION COVER,2010-12-02 17:41:00,2011-12-06 17:49:00,399,498.75,1.25,1
21926,RED/CREAM STRIPE CUSHION COVER,2011-01-19 15:20:00,2011-12-08 12:07:00,402,494.9,1.2467796610169493,1
21927,BLUE/CREAM STRIPE CUSHION COVER,2010-12-02 17:41:00,2011-12-01 19:42:00,587,726.15,1.247956989247312,1
21928,JUMBO BAG SCANDINAVIAN BLUE PAISLEY,2010-12-01 14:11:00,2011-12-09 10:26:00,10258,20766.91,2.700322580645161,2
21929,JUMBO BAG PINK VINTAGE PAISLEY,2010-12-01 09:37:00,2011-12-09 12:19:00,10793,22809.32,2.683475750577367,1
21930,JUMBO STORAGE BAG SKULLS,2010-12-01 12:43:00,2011-12-09 10:26:00,6437,14004.12,2.787980364656381,1
21931,JUMBO STORAGE BAG SUKI,2010-12-01 09:37:00,2011-12-09 12:19:00,13340,30209.13,2.7501934398654333,1
21932,SCANDINAVIAN PAISLEY PICNIC BAG,2010-12-03 12:24:00,2011-12-09 10:03:00,2690,4945.88,2.0708017817371935,1
21933,PINK VINTAGE PAISLEY PICNIC BAG,2010-12-03 12:24:00,2011-12-08 16:30:00,2671,4955.78,2.069807692307692,1
21934,SKULL SHOULDER BAG,2010-12-01 09:41:00,2011-12-09 10:26:00,2411,4463.78,2.141824817518248,1
21935,SUKI  SHOULDER BAG,2010-12-01 14:32:00,2011-12-09 10:26:00,3392,6296.96,2.3382075471698114,1
21936,RED RETROSPOT PICNIC BAG,2010-12-03 11:36:00,2011-12-09 10:03:00,3984,11662.24,3.711280602636535,1
21937,STRAWBERRY   PICNIC BAG,2010-12-03 15:19:00,2011-12-04 12:32:00,1697,4869.349999999999,3.4092000000000002,1
21942,SKULLS DESIGN FLANNEL,2010-12-01 14:32:00,2011-12-09 10:26:00,275,302.81,1.338529411764706,1
21943,CAKES AND RABBITS DESIGN FLANNEL,2010-12-06 10:08:00,2011-12-08 09:20:00,119,134.48999999999998,1.2856,1
21944,KITTENS DESIGN FLANNEL,2010-12-01 14:32:00,2011-12-08 19:57:00,337,310.19,1.1922772277227722,1
21945,STRAWBERRIES  DESIGN FLANNEL,2010-12-03 11:27:00,2011-12-09 10:03:00,358,373.34,1.3124528301886793,1
21946,PARTY TIME DESIGN FLANNEL,2010-12-12 12:08:00,2011-12-08 09:20:00,86,75.35,1.0136,1
21947,SET OF 6 HEART CHOPSTICKS,2010-12-03 17:20:00,2011-12-09 10:03:00,811,1139.65,1.6988535031847132,1
21948,SET OF 6 CAKE CHOPSTICKS,2010-12-02 14:09:00,2011-12-07 10:35:00,640,978.23,1.904258064516129,1
21949,SET OF 6 STRAWBERRY CHOPSTICKS,2010-12-01 14:32:00,2011-12-09 10:03:00,801,1054.44,1.8067586206896553,1
21955,DOORMAT UNION JACK GUNS AND ROSES,2010-12-01 11:45:00,2011-12-09 10:26:00,1228,7580.82,9.168653846153846,1
21967,PACK OF 12 SKULL TISSUES,2010-12-01 13:24:00,2011-12-09 10:03:00,5271,1582.1499999999999,0.44693617021276594,1
21972,SET OF 36 DINOSAUR PAPER DOILIES,2010-12-13 09:35:00,2011-12-01 16:22:00,335,499.08,1.6887692307692308,1
21973,SET OF 36 MUSHROOM PAPER DOILIES,2010-12-06 11:26:00,2011-11-28 11:18:00,159,230.54999999999998,1.45,1
21974,SET OF 36 PAISLEY FLOWER DOILIES,2010-12-01 17:06:00,2011-12-08 10:53:00,2158,3457.1499999999996,2.1561581920903956,1
21975,PACK OF 60 DINOSAUR CAKE CASES,2010-12-01 09:37:00,2011-12-08 12:43:00,12288,6089.31,0.6265960912052118,1
21976,PACK OF 60 MUSHROOM CAKE CASES,2010-12-01 11:57:00,2011-12-09 10:03:00,5175,2856.7000000000003,0.8410579345088162,1
21977,PACK OF 60 PINK PAISLEY CAKE CASES,2010-12-01 09:37:00,2011-12-09 10:26:00,24748,12186.720000000001,0.7453591790193843,1
21980,PACK OF 12 RED RETROSPOT TISSUES,2010-12-01 10:52:00,2011-12-09 10:03:00,6613,2100.2999999999997,0.4071043771043771,1
21981,PACK OF 12 WOODLAND TISSUES,2010-12-01 13:24:00,2011-12-09 10:03:00,5468,1651.3,0.48146520146520144,1
21982,PACK OF 12 SUKI TISSUES,2010-12-01 13:24:00,2011-12-09 10:03:00,7173,2215.6099999999997,0.4738251366120218,1
21983,PACK OF 12 BLUE PAISLEY TISSUES,2010-12-01 13:24:00,2011-12-09 10:26:00,2301,777.67,0.44819354838709674,1
21984,PACK OF 12 PINK PAISLEY TISSUES,2010-12-01 13:24:00,2011-12-09 10:03:00,3458,1112.6,0.4711214953271028,1
21985,PACK OF 12 HEARTS DESIGN TISSUES,2010-12-01 12:23:00,2011-12-08 19:28:00,8775,2729.5099999999998,0.4177389277389277,1
21986,PACK OF 12 PINK POLKADOT TISSUES,2010-12-01 11:57:00,2011-12-09 10:03:00,4067,1197.73,0.4273298429319371,1
21987,PACK OF 6 SKULL PAPER CUPS,2010-12-02 12:47:00,2011-12-09 10:26:00,2101,1338.8500000000001,0.7711428571428571,1
21988,PACK OF 6 SKULL PAPER PLATES,2010-12-02 12:47:00,2011-12-06 14:23:00,2321,1862.75,1.0186153846153847,1
21989,PACK OF 20 SKULL PAPER NAPKINS,2010-12-02 12:47:00,2011-12-09 10:26:00,2409,2233.1,1.1530088495575221,1
21990,MODERN FLORAL STATIONERY SET,2010-12-01 14:32:00,2011-12-09 11:34:00,1672,2870.0,1.9954200542005418,1
21991,BOHEMIAN COLLAGE STATIONERY SET,2010-12-01 14:32:00,2011-12-08 16:30:00,623,1065.82,2.00781990521327,1
21992,VINTAGE PAISLEY STATIONERY SET,2010-12-01 12:23:00,2011-11-15 14:48:00,1901,3510.72,2.065475113122172,1
21993,FLORAL FOLK STATIONERY SET,2010-12-01 14:32:00,2011-12-09 10:03:00,1925,3340.84,2.026643192488263,1
22021,BLUE FELT EASTER EGG BASKET,2010-12-05 12:01:00,2011-03-21 11:24:00,365,610.4499999999999,1.73986301369863,1
22023,EMPIRE BIRTHDAY CARD,2010-12-02 10:39:00,2011-12-08 09:20:00,1194,533.68,0.6010958904109588,1
22024,RAINY LADIES BIRTHDAY CARD,2010-12-01 12:35:00,2011-12-09 10:03:00,2394,1018.6899999999999,0.5883962264150944,1
22025,RING OF ROSES BIRTHDAY CARD,2010-12-01 16:21:00,2011-12-09 10:03:00,1823,756.01,0.5526923076923076,1
22026,BANQUET BIRTHDAY  CARD,2010-12-07 14:41:00,2011-12-09 10:03:00,1632,707.04,0.5742138364779874,1
22027,TEA PARTY BIRTHDAY CARD,2010-12-02 10:39:00,2011-12-09 10:03:00,4200,1811.79,0.5347368421052632,1
22028,PENNY FARTHING BIRTHDAY CARD,2010-12-02 10:39:00,2011-12-09 10:03:00,3042,1304.1399999999999,0.5452091254752851,1
22029,SPACEBOY BIRTHDAY CARD,2010-12-02 09:44:00,2011-12-09 10:03:00,8149,3382.5299999999997,0.5246299810246678,1
22030,SWALLOWS GREETING CARD,2010-12-01 16:52:00,2011-12-08 19:57:00,5527,2237.89,0.4638181818181818,1
22031,BOTANICAL LAVENDER BIRTHDAY CARD,2010-12-02 16:12:00,2011-12-09 10:03:00,492,220.55,0.520126582278481,1
22032,BOTANICAL LILY GREETING CARD,2010-12-15 13:24:00,2011-11-25 10:20:00,427,181.98,0.4485,1
22033,BOTANICAL ROSE GREETING CARD,2010-12-15 13:24:00,2011-11-22 15:41:00,337,141.95,0.43863636363636366,1
22034,ROBIN CHRISTMAS CARD,2010-12-05 13:03:00,2011-11-25 15:23:00,10,5.02,0.625,1
22035,VINTAGE CARAVAN GREETING CARD,2010-12-03 12:24:00,2011-10-31 14:41:00,1452,617.3199999999999,0.575036496350365,1
22037,ROBOT BIRTHDAY CARD,2010-12-01 14:32:00,2011-12-09 10:03:00,3929,1695.32,0.5297183098591549,1
22038,BOTANICAL LAVENDER GIFT WRAP,2011-02-02 14:37:00,2011-12-06 12:15:00,475,199.5,0.42,1
22039,BOTANICAL LILY GIFT WRAP,2011-04-10 15:15:00,2011-10-25 13:46:00,225,94.5,0.42,1
22040,BOTANICAL ROSE GIFT WRAP,2010-12-16 10:30:00,2011-11-17 10:01:00,725,304.5,0.42,1
22041,"RECORD FRAME 7"" SINGLE SIZE",2010-12-01 12:27:00,2011-12-09 10:26:00,4343,11275.51,3.6858287292817677,1
22042,CHRISTMAS CARD SINGING ANGEL,2010-12-02 16:59:00,2011-12-06 11:33:00,387,163.29,0.43342105263157893,1
22043,CHRISTMAS CARD SCREEN PRINT,2010-12-01 14:32:00,2011-12-02 13:35:00,1238,304.5,0.29765625,1
22044,CHRISTMAS CARD STACK OF PRESENTS,2010-12-02 09:44:00,2011-11-07 12:29:00,816,196.44,0.2602777777777778,1
22045,SPACEBOY GIFT WRAP,2010-12-02 13:32:00,2011-12-08 12:29:00,6477,2652.34,0.4186407766990291,1
22046,TEA PARTY  WRAPPING PAPER,2010-12-23 12:58:00,2011-12-08 10:24:00,2225,918.5,0.4189189189189189,1
22047,EMPIRE GIFT WRAP,2010-12-13 13:32:00,2011-12-05 17:09:00,3350,1363.0,0.41790476190476183,1
22048,BIRTHDAY BANQUET GIFT WRAP,2010-12-08 10:38:00,2011-12-05 15:51:00,950,383.0,0.4174193548387097,1
22049,WRAP CHRISTMAS SCREEN PRINT,2010-12-01 13:23:00,2011-10-20 10:34:00,1050,291.5,0.2736363636363636,1
22050,PINK PAISLEY ROSE GIFT WRAP,2010-12-06 15:00:00,2011-12-05 15:51:00,1200,488.0,0.41794871794871796,1
22051,BLUE SCANDINAVIAN PAISLEY WRAP,2010-12-08 10:45:00,2011-11-24 17:06:00,975,409.5,0.42,1
22052,VINTAGE CARAVAN GIFT WRAP,2010-12-06 08:34:00,2011-07-11 14:10:00,625,262.5,0.42,1
22053,EMPIRE DESIGN ROSETTE,2010-12-10 10:21:00,2011-11-08 12:58:00,4244,3606.4199999999996,1.227857142857143,1
22055,MINI CAKE STAND  HANGING STRAWBERY,2010-12-10 12:50:00,2011-12-08 15:44:00,1364,2065.04,2.09009009009009,1
22057,CERAMIC PLATE STRAWBERRY DESIGN,2010-12-08 10:40:00,2011-12-08 15:54:00,548,614.28,1.412,1
22059,CERAMIC STRAWBERRY DESIGN MUG,2010-12-01 12:12:00,2011-12-09 11:20:00,1780,2081.54,1.6124293785310733,1
22060,LARGE CAKE STAND HANGING HEARTS,2010-12-02 18:08:00,2011-05-23 14:11:00,231,1111.05,5.28,1
22061,LARGE CAKE STAND  HANGING STRAWBERY,2010-12-02 18:08:00,2011-12-09 12:49:00,581,4208.11,10.291931034482758,1
22062,CERAMIC BOWL WITH LOVE HEART DESIGN,2010-12-16 10:28:00,2011-10-14 11:08:00,583,677.86,1.6003846153846153,1
22063,CERAMIC BOWL WITH STRAWBERRY DESIGN,2010-12-08 13:11:00,2011-12-08 10:39:00,582,1364.5,3.667377049180328,1
22064,PINK DOUGHNUT TRINKET POT,2010-12-01 10:52:00,2011-12-09 10:03:00,1726,2542.9999999999995,2.146747967479675,1
22065,CHRISTMAS PUDDING TRINKET POT,2010-12-01 14:32:00,2011-12-09 10:03:00,6729,3462.25,1.0662948207171314,1
22066,LOVE HEART TRINKET POT,2010-12-20 14:59:00,2011-12-06 16:21:00,2239,1044.81,0.6829496402877698,1
22067,CHOC TRUFFLE GOLD TRINKET POT,2010-12-01 14:32:00,2011-12-08 19:24:00,406,635.3199999999999,2.0785714285714287,1
22068,BLACK PIRATE TREASURE CHEST,2010-12-01 11:21:00,2011-12-09 11:34:00,514,836.5899999999999,2.387132867132867,1
22069,BROWN  PIRATE TREASURE CHEST,2010-12-01 14:32:00,2011-12-09 11:20:00,414,993.5,3.196938775510204,1
22070,SMALL RED RETROSPOT MUG IN BOX,2010-12-02 11:41:00,2011-12-09 10:03:00,654,2025.3600000000001,4.257894736842105,1
22071,SMALL WHITE RETROSPOT MUG IN BOX,2010-12-01 14:32:00,2011-12-09 10:03:00,449,1226.3,3.943372093023256,1
22072,RED RETROSPOT TEA CUP AND SAUCER,2010-12-03 12:29:00,2011-12-09 09:07:00,848,2811.17,3.9930120481927713,1
22073,RED RETROSPOT STORAGE JAR,2010-12-06 09:52:00,2011-05-04 13:17:00,324,1298.64,4.9957142857142856,1
22074,6 RIBBONS SHIMMERING PINKS,2010-12-01 11:45:00,2011-12-09 12:09:00,1390,1219.87,1.3996984924623117,1
22075,6 RIBBONS ELEGANT CHRISTMAS,2010-12-01 11:45:00,2011-12-09 12:20:00,1761,2469.23,1.7746268656716417,1
22076,6 RIBBONS EMPIRE,2010-12-01 14:32:00,2011-12-09 10:20:00,1259,1667.8799999999999,1.611858407079646,1
22077,6 RIBBONS RUSTIC CHARM,2010-12-01 11:49:00,2011-12-09 12:09:00,9159,17165.17,2.212396694214876,1
22078,RIBBON REEL LACE DESIGN,2010-12-01 17:06:00,2011-12-09 08:59:00,1369,2923.21,2.6293401015228426,1
22079,RIBBON REEL HEARTS DESIGN,2010-12-05 11:02:00,2011-12-07 14:12:00,1867,3275.79,2.0459752321981424,1
22080,RIBBON REEL POLKADOTS,2010-12-01 14:32:00,2011-12-09 12:16:00,1196,1986.98,1.9791025641025641,1
22081,RIBBON REEL FLORA + FAUNA,2010-12-01 14:32:00,2011-12-09 12:16:00,634,1160.0,2.3183333333333334,1
22082,RIBBON REEL STRIPES DESIGN,2010-12-01 12:23:00,2011-12-07 14:12:00,2660,4628.88,1.9870702179176756,1
22083,PAPER CHAIN KIT RETROSPOT,2010-12-01 09:41:00,2011-12-09 12:19:00,4616,14051.640000000001,3.7658756137479545,1
22084,PAPER CHAIN KIT EMPIRE,2010-12-01 17:06:00,2011-12-08 15:01:00,5176,15084.62,3.2735746606334843,1
22085,PAPER CHAIN KIT SKULLS,2010-12-06 14:05:00,2011-12-09 10:03:00,548,1566.99,3.175714285714286,1
22086,PAPER CHAIN KIT 50'S CHRISTMAS,2010-12-01 09:00:00,2011-12-09 12:19:00,18922,63834.94,3.3671768707482994,1
22087,PAPER BUNTING WHITE LACE,2010-12-01 12:31:00,2011-12-09 10:51:00,4037,11739.83,3.4014984709480123,1
22088,PAPER BUNTING COLOURED LACE,2010-12-01 13:54:00,2011-07-06 10:41:00,1838,5514.8,3.596890756302521,1
22089,PAPER BUNTING VINTAGE PAISLEY,2010-12-02 16:59:00,2011-12-05 09:03:00,1423,4457.43,3.5026277372262773,1
22090,PAPER BUNTING RETROSPOT,2010-12-01 14:32:00,2011-12-08 10:24:00,7493,22597.510000000002,3.7855081555834382,1
22091,EMPIRE TISSUE BOX,2010-12-01 17:06:00,2011-12-09 10:03:00,1983,1030.1000000000001,0.958502994011976,1
22092,BLUE PAISLEY TISSUE BOX,2010-12-01 12:43:00,2011-12-08 12:07:00,670,321.40000000000003,0.5719780219780219,1
22093,MOTORING TISSUE BOX,2010-12-05 13:42:00,2011-12-06 16:21:00,1830,822.13,0.6054938271604938,1
22094,RED RETROSPOT TISSUE BOX,2010-12-01 13:24:00,2011-12-08 14:39:00,2130,1120.96,1.069950495049505,1
22095,LADS ONLY TISSUE BOX,2010-12-01 13:24:00,2011-12-09 11:34:00,1643,1605.96,1.1489333333333334,1
22096,PINK PAISLEY SQUARE TISSUE BOX,2010-12-01 12:43:00,2011-12-08 14:39:00,1366,584.09,0.6522314049586777,1
22097,SWALLOW SQUARE TISSUE BOX,2010-12-01 13:21:00,2011-12-08 13:50:00,1596,732.39,0.6958169934640523,1
22098,BOUDOIR SQUARE TISSUE BOX,2010-12-01 11:21:00,2011-12-08 14:39:00,1956,987.51,0.9642372881355932,1
22099,CARAVAN SQUARE TISSUE BOX,2010-12-01 12:43:00,2011-12-09 10:26:00,1440,800.59,0.9591139240506329,1
22100,SKULLS SQUARE TISSUE BOX,2010-12-01 11:21:00,2011-12-06 09:31:00,755,354.82,1.1886440677966101,1
22101,MIRROR MOSAIC VOTIVE HOLDER,2010-12-06 16:57:00,2011-12-08 16:30:00,1114,1926.81,2.293529411764706,1
22102,MIRROR MOSAIC T-LIGHT HOLDER,2010-12-10 15:56:00,2011-11-28 14:44:00,902,551.04,2.1126666666666667,1
22103,MIRROR MOSAIC T-LIGHT HOLDER ROUND,2011-01-12 13:30:00,2011-10-24 17:03:00,768,705.92,2.2116666666666664,1
22104,MIRROR MOSAIC CANDLE PLATE,2010-12-06 10:08:00,2011-12-09 10:03:00,288,343.71,1.58,1
22105,MIRROR MOSAIC GOBLET CANDLE HOLDER,2010-12-03 11:36:00,2011-12-08 09:20:00,334,619.82,4.070625,1
22106,MIRROR MOSAIC HURRICANE LAMP,2010-12-06 09:58:00,2011-12-09 10:03:00,229,748.38,5.216304347826087,1
22107,PIZZA PLATE IN BOX,2010-12-01 12:43:00,2011-12-09 10:03:00,588,2138.06,4.241602209944752,1
22108,PING! MICROWAVE PLATE,2010-12-06 09:58:00,2011-12-09 10:03:00,152,415.09000000000003,3.1066666666666665,1
22109,FULL ENGLISH BREAKFAST PLATE,2010-12-01 11:45:00,2011-12-09 10:03:00,1636,6906.15,5.504395973154362,1
22110,BIRD HOUSE HOT WATER BOTTLE,2010-12-01 11:21:00,2011-12-09 10:23:00,1172,4912.14,4.051458333333333,1
22111,SCOTTIE DOG HOT WATER BOTTLE,2010-12-01 10:52:00,2011-12-09 11:26:00,4654,24450.440000000002,5.806397435897436,1
22112,CHOCOLATE HOT WATER BOTTLE,2010-12-01 10:52:00,2011-12-09 11:26:00,5993,32724.58,6.077301951779564,1
22113,GREY HEART HOT WATER BOTTLE,2010-12-01 12:03:00,2011-12-09 12:31:00,3216,12748.08,4.405524956970741,1
22114,HOT WATER BOTTLE TEA AND SYMPATHY,2010-12-01 09:32:00,2011-12-09 10:26:00,5708,32851.840000000004,5.029797822706065,1
22115,METAL SIGN EMPIRE TEA,2010-12-01 12:03:00,2011-12-08 15:31:00,1549,2020.91,2.34704347826087,1
22116,METAL SIGN HIS DINNER IS SERVED,2010-12-03 13:43:00,2011-12-09 10:03:00,563,610.22,1.4746938775510203,1
22117,METAL SIGN HER DINNER IS SERVED,2010-12-01 11:21:00,2011-12-06 17:23:00,1320,3896.4500000000003,2.9212631578947374,1
22118,JOY WOODEN BLOCK LETTERS,2010-12-01 13:38:00,2011-12-09 08:39:00,230,895.26,5.188426966292135,1
22119,PEACE WOODEN BLOCK LETTERS,2010-12-01 13:38:00,2011-12-09 08:39:00,344,1727.92,6.31373831775701,1
22120,WELCOME  WOODEN BLOCK LETTERS,2010-12-01 13:21:00,2011-12-05 17:28:00,511,5127.69,11.010913978494623,1
22121,NOEL WOODEN BLOCK LETTERS,2010-12-01 13:38:00,2011-12-09 10:03:00,352,2159.7000000000003,6.868805970149254,1
22123,PING MICROWAVE APRON,2010-12-05 12:29:00,2011-12-09 10:03:00,508,1068.3799999999999,3.0187804878048783,1
22124,SET OF 2 TEA TOWELS PING MICROWAVE,2010-12-01 17:06:00,2011-12-09 10:03:00,149,306.16,2.4578947368421056,1
22125,UNION JACK HOT WATER BOTTLE,2011-01-21 15:01:00,2011-11-23 13:53:00,13,139.86,10.453333333333333,1
22127,PARTY CONES CARNIVAL ASSORTED,2010-12-01 10:29:00,2011-03-23 12:24:00,404,504.88,2.227826086956522,1
22128,PARTY CONES CANDY ASSORTED,2010-12-01 10:29:00,2011-11-18 12:07:00,1750,2112.53,1.3978666666666668,1
22129,PARTY CONES CANDY DECORATION,2010-12-05 13:42:00,2011-12-09 10:03:00,1188,1226.4199999999998,1.9918,2
22130,PARTY CONE CHRISTMAS DECORATION,2010-12-01 11:57:00,2011-12-08 19:57:00,2277,2664.6299999999997,1.7685840707964602,1
22131,FOOD CONTAINER SET 3 LOVE HEART,2010-12-02 11:41:00,2011-12-08 10:53:00,2030,3934.64,2.81535593220339,1
22132,RED LOVE HEART SHAPE CUP,2010-12-03 11:28:00,2011-12-08 13:50:00,1026,928.8299999999999,1.2077124183006536,1
22133,PINK LOVE HEART SHAPE CUP,2010-12-03 11:27:00,2011-12-08 09:28:00,816,770.73,1.286390977443609,1
22134,MINI LADLE LOVE HEART RED,2010-12-01 14:32:00,2011-12-09 10:03:00,889,419.0,0.6503067484662577,2
22135,MINI LADLE LOVE HEART PINK,2010-12-01 14:32:00,2011-12-09 10:03:00,567,322.38,0.6762569832402234,2
22136,LOVE HEART SOCK HANGER,2010-12-01 16:57:00,2011-12-08 10:53:00,378,679.28,2.3049999999999997,1
22137,BATHROOM SET LOVE HEART DESIGN,2010-12-03 14:18:00,2011-08-11 11:45:00,82,237.98000000000002,3.1242857142857146,1
22138,BAKING SET 9 PIECE RETROSPOT,2010-12-21 14:26:00,2011-12-09 12:50:00,4900,24002.120000000003,5.357489224137931,1
22139,RETROSPOT TEA SET CERAMIC 11 PC,2010-12-01 09:41:00,2011-12-09 11:59:00,4506,22808.86,5.734041666666667,1
22141,CHRISTMAS CRAFT TREE TOP ANGEL,2010-12-01 11:49:00,2011-12-09 11:59:00,2791,6463.790000000001,2.6021551724137932,1
22142,CHRISTMAS CRAFT WHITE FAIRY,2010-12-01 12:15:00,2011-12-09 10:26:00,3247,4946.19,1.7504663212435232,1
22144,CHRISTMAS CRAFT LITTLE FRIENDS,2010-12-01 11:49:00,2011-12-09 12:20:00,4061,9637.08,2.581141304347826,1
22145,CHRISTMAS CRAFT HEART STOCKING,2010-12-08 14:43:00,2010-12-08 14:43:00,30,63.0,2.1,1
22146,EASTER CRAFT IVY WREATH WITH CHICK,2011-01-25 13:15:00,2011-01-25 13:15:00,1,1.95,1.95,1
22147,FELTCRAFT BUTTERFLY HEARTS,2010-12-01 11:57:00,2011-12-01 11:18:00,5373,7552.29,1.64,1
22148,EASTER CRAFT 4 CHICKS,2010-12-20 10:14:00,2011-12-04 11:50:00,1921,3894.0499999999997,2.2567021276595742,1
22149,FELTCRAFT 6 FLOWER FRIENDS,2010-12-01 11:57:00,2011-11-10 18:46:00,5464,11234.480000000001,2.4570417422867514,1
22150,3 STRIPEY MICE FELTCRAFT,2010-12-01 10:29:00,2011-12-09 10:03:00,3014,5894.19,2.277063829787234,1
22151,PLACE SETTING WHITE HEART,2010-12-01 12:43:00,2011-12-09 10:10:00,14670,6156.61,0.5790801186943619,1
22152,PLACE SETTING WHITE STAR,2010-12-01 12:15:00,2011-12-05 12:16:00,2407,1053.08,0.5537614678899082,1
22153,ANGEL DECORATION STARS ON DRESS,2010-12-01 11:45:00,2011-12-09 10:51:00,2593,1109.05,0.5472058823529412,1
22154,ANGEL DECORATION 3 BUTTONS,2010-12-01 14:32:00,2011-12-09 10:03:00,3745,1636.67,0.5443373493975904,1
22155,STAR DECORATION RUSTIC,2010-12-01 14:32:00,2011-12-09 10:51:00,2404,1113.45,0.579527027027027,1
22156,HEART DECORATION WITH PEARLS,2010-12-01 14:32:00,2011-12-09 10:03:00,2159,2081.81,1.172123552123552,1
22157,ANGEL DECORATION WITH LACE PADDED,2010-12-05 16:24:00,2011-08-31 14:28:00,212,180.2,0.85,1
22158,3 HEARTS HANGING DECORATION RUSTIC,2010-12-03 10:43:00,2011-12-08 16:30:00,3413,11797.380000000001,3.352964169381108,1
22161,HEART DECORATION RUSTIC HANGING,2010-12-01 14:32:00,2011-12-09 10:26:00,5059,1641.19,0.5993258426966293,1
22162,HEART GARLAND RUSTIC PADDED,2010-12-01 14:32:00,2011-11-24 09:26:00,256,817.64,3.2380219780219783,1
22163,HEART STRING MEMO HOLDER HANGING,2010-12-03 11:36:00,2011-12-09 10:03:00,851,1023.82,1.7953658536585364,1
22164,STRING OF STARS CARD HOLDER,2010-12-01 13:20:00,2011-11-28 12:14:00,78,250.22000000000003,3.5340000000000003,1
22165,"DIAMANTE HEART SHAPED WALL MIRROR,",2010-12-01 17:06:00,2011-12-09 10:46:00,414,3315.45,11.867123287671232,1
22166,WALL MIRROR RECTANGLE DIAMANTE PINK,2010-12-03 11:28:00,2011-12-08 10:53:00,206,1606.45,12.09674418604651,1
22167,OVAL WALL MIRROR DIAMANTE,2010-12-03 11:13:00,2011-12-09 10:03:00,234,2371.22,10.78564935064935,1
22168,ORGANISER WOOD ANTIQUE WHITE,2010-12-01 09:56:00,2011-04-12 11:58:00,139,1171.3,8.488513513513514,1
22169,FAMILY ALBUM WHITE PICTURE FRAME,2010-12-01 14:32:00,2011-12-08 16:30:00,1178,10191.06,10.186876712328766,1
22170,PICTURE FRAME WOOD TRIPLE PORTRAIT,2010-12-02 11:21:00,2011-12-09 10:03:00,1055,6899.45,7.750608365019011,1
22171,3 HOOK PHOTO SHELF ANTIQUE WHITE,2010-12-01 14:03:00,2011-12-09 11:26:00,1768,13401.01,10.055588235294117,1
22173,METAL 4 HOOK HANGER FRENCH CHATEAU,2010-12-01 12:58:00,2011-12-09 10:26:00,2347,7500.85,3.844222222222222,1
22174,PHOTO CUBE,2010-12-01 10:19:00,2011-12-09 10:26:00,3218,5978.78,2.596676923076923,1
22175,PINK OWL SOFT TOY,2010-12-03 11:36:00,2011-12-09 11:59:00,876,2591.28,3.465058823529412,1
22176,BLUE OWL SOFT TOY,2010-12-01 09:41:00,2011-10-31 11:10:00,512,1536.88,3.312735042735043,1
22178,VICTORIAN GLASS HANGING T-LIGHT,2010-12-01 11:41:00,2011-12-09 12:31:00,24125,32950.92,1.6460154738878143,1
22179,SET 10 NIGHT OWL LIGHTS,2010-12-01 11:49:00,2011-12-09 10:26:00,961,7192.45,9.000896551724137,2
22180,RETROSPOT LAMP,2010-12-01 10:37:00,2011-11-07 12:06:00,325,3471.79,11.55615894039735,1
22181,SNOWSTORM PHOTO FRAME FRIDGE MAGNET,2010-12-02 15:46:00,2011-11-29 14:20:00,567,480.51,1.0025,1
22182,CAKE STAND VICTORIAN FILIGREE SMALL,2010-12-01 14:32:00,2011-12-09 09:46:00,372,1420.58,4.323770491803279,1
22183,CAKE STAND VICTORIAN FILIGREE MED,2010-12-01 11:45:00,2011-11-13 12:19:00,321,1913.01,5.98046875,1
22184,CAKE STAND VICTORIAN FILIGREE LARGE,2010-12-01 17:06:00,2011-01-27 11:05:00,56,471.86,8.427142857142856,1
22185,SLATE TILE NATURAL HANGING,2010-12-01 13:21:00,2011-12-09 11:26:00,1472,2235.9399999999996,1.9492073170731707,1
22186,RED STAR CARD HOLDER,2010-12-01 11:57:00,2011-12-09 10:26:00,848,1997.48,3.0438666666666667,1
22187,GREEN CHRISTMAS TREE CARD HOLDER,2010-12-01 13:20:00,2011-12-09 10:26:00,1264,3237.18,3.938290155440414,1
22188,BLACK HEART CARD HOLDER,2010-12-01 10:47:00,2011-12-08 18:43:00,4869,12479.27,4.352393617021277,1
22189,CREAM HEART CARD HOLDER,2010-12-01 09:53:00,2011-12-08 18:43:00,8279,23416.07,4.4546374045801524,1
22190,LOCAL CAFE MUG,2010-12-01 14:32:00,2011-12-09 10:20:00,676,1057.71,2.180769230769231,1
22191,IVORY DINER WALL CLOCK,2010-12-01 10:03:00,2011-12-08 18:03:00,1433,11809.65,8.858373786407768,1
22192,BLUE DINER WALL CLOCK,2010-12-01 10:03:00,2011-12-08 18:03:00,938,8063.49,9.050635359116022,1
22193,RED DINER WALL CLOCK,2010-12-01 10:03:00,2011-12-09 10:26:00,1382,11714.27,9.249780701754386,1
22194,BLACK DINER WALL CLOCK,2010-12-01 13:23:00,2011-08-11 10:14:00,64,608.6899999999999,9.820232558139535,1
22195,LARGE HEART MEASURING SPOONS,2010-12-01 10:03:00,2011-12-09 10:26:00,1976,3720.66,2.3564285714285713,1
22196,SMALL HEART MEASURING SPOONS,2010-12-01 10:03:00,2011-12-09 10:26:00,2823,2733.7599999999998,1.2245492662473796,1
22197,POPCORN HOLDER,2010-12-01 10:19:00,2011-12-09 12:19:00,56676,51171.77,1.0440565371024735,2
22198,LARGE POPCORN HOLDER,2010-12-01 10:19:00,2011-02-21 11:35:00,1025,1870.9099999999999,2.2325581395348837,1
22199,FRYING PAN RED RETROSPOT,2010-12-06 16:57:00,2011-12-09 11:20:00,459,1892.59,5.308424242424242,2
22200,FRYING PAN PINK POLKADOT,2010-12-03 11:13:00,2011-12-09 11:20:00,394,1792.48,5.919,1
22201,FRYING PAN BLUE POLKADOT,2010-12-09 14:09:00,2011-12-08 14:38:00,192,712.55,4.300116279069767,1
22202,MILK PAN PINK POLKADOT,2010-12-02 12:16:00,2011-05-05 19:16:00,64,319.35,5.68972972972973,1
22203,MILK PAN RED RETROSPOT,2010-12-01 14:32:00,2011-12-08 14:38:00,403,1483.13,4.484551724137931,1
22204,MILK PAN BLUE POLKADOT,2010-12-14 13:31:00,2011-12-08 14:38:00,193,654.54,3.7049367088607594,1
22206,"MUG , DOTCOMGIFTSHOP.COM",2010-12-17 14:54:00,2011-11-21 15:18:00,5,4.17,0.834,1
22207,FRYING PAN UNION FLAG,2010-12-01 14:32:00,2011-12-09 10:26:00,1261,5563.59,6.192222222222222,1
22208,WOOD STAMP SET THANK YOU,2010-12-01 17:06:00,2011-12-08 19:57:00,1497,1561.53,1.2795087719298244,1
22209,WOOD STAMP SET HAPPY BIRTHDAY,2010-12-02 11:41:00,2011-12-09 10:03:00,933,954.2599999999999,1.2071098265895952,1
22210,WOOD STAMP SET BEST WISHES,2010-12-02 11:41:00,2011-12-08 13:50:00,1017,958.04,1.130362694300518,1
22211,WOOD STAMP SET FLOWERS,2010-12-07 14:41:00,2011-12-08 13:50:00,960,1052.79,1.29005,1
22212,FOUR HOOK  WHITE LOVEBIRDS,2010-12-01 14:41:00,2011-12-09 10:03:00,1602,3686.2400000000002,2.8431094527363188,1
22214,CANDLE PLATE LACE WHITE,2010-12-13 13:52:00,2011-12-06 14:23:00,193,416.59999999999997,2.6326785714285714,1
22215,CAKE STAND WHITE TWO TIER LACE,2010-12-02 12:33:00,2011-12-09 10:20:00,342,2462.89,8.5136,1
22216,T-LIGHT HOLDER WHITE LACE,2010-12-03 11:36:00,2011-12-09 08:39:00,588,512.93,1.1177941176470587,1
22217,T-LIGHT HOLDER HANGING LACE,2010-12-01 12:50:00,2011-12-09 08:39:00,839,831.26,1.318170731707317,1
22218,CAKE STAND LACE WHITE,2010-12-15 16:50:00,2010-12-15 16:50:00,1,4.25,4.25,1
22219,LOVEBIRD HANGING DECORATION WHITE,2010-12-01 11:41:00,2011-12-09 10:03:00,4109,4013.33,1.1833212341197823,1
22220,CAKE STAND LOVEBIRD 2 TIER WHITE,2010-12-01 17:35:00,2011-12-09 10:20:00,214,1697.5,10.036463414634147,1
22221,CAKE STAND LOVEBIRD 2 TIER PINK,2010-12-06 09:58:00,2011-12-08 12:50:00,131,1104.54,10.617450980392157,1
22222,CAKE PLATE LOVEBIRD WHITE,2010-12-01 13:20:00,2011-12-08 16:30:00,1057,3880.2,5.441216216216216,1
22223,CAKE PLATE LOVEBIRD PINK,2010-12-06 09:58:00,2011-12-06 16:26:00,441,1821.6100000000001,5.30493670886076,1
22224,WHITE LOVEBIRD LANTERN,2010-12-01 09:53:00,2011-12-09 10:03:00,832,2758.1600000000003,3.7402439024390244,1
22227,HANGING HEART MIRROR DECORATION,2010-12-01 12:50:00,2011-12-09 12:00:00,2340,1707.42,0.8926000000000001,1
22228,BUNNY WOODEN PAINTED WITH BIRD,2010-12-10 11:24:00,2011-12-08 12:57:00,1000,777.78,0.9306802721088435,1
22229,BUNNY WOODEN PAINTED WITH FLOWER,2010-12-10 11:24:00,2011-12-05 12:30:00,568,432.46,0.9327184466019417,1
22230,JIGSAW TREE WITH WATERING CAN,2010-12-12 11:44:00,2011-12-04 15:19:00,1047,480.62999999999994,0.792135922330097,1
22231,JIGSAW TREE WITH BIRDHOUSE,2010-12-05 13:26:00,2011-12-08 12:57:00,974,992.92,1.223103448275862,1
22232,JIGSAW TOADSTOOLS 3 PIECE,2010-12-12 11:44:00,2011-12-07 14:12:00,626,549.74,1.0720512820512822,1
22233,JIGSAW RABBIT AND BIRDHOUSE,2010-12-06 11:38:00,2011-12-07 14:12:00,590,597.24,1.2894392523364486,1
22236,CAKE STAND 3 TIER MAGIC GARDEN,2010-12-09 12:20:00,2011-11-23 16:34:00,268,3179.3999999999996,12.552439024390244,1
22241,GARLAND WOODEN HAPPY EASTER,2010-12-01 12:43:00,2011-11-23 10:39:00,1950,2606.93,1.6120416666666666,1
22242,5 HOOK HANGER MAGIC TOADSTOOL,2010-12-01 09:59:00,2011-02-16 10:32:00,616,954.7799999999999,1.9881818181818183,1
22243,5 HOOK HANGER RED MAGIC TOADSTOOL,2010-12-01 11:49:00,2011-11-30 11:31:00,3092,4741.74,1.9282575757575757,1
22244,3 HOOK HANGER MAGIC GARDEN,2010-12-01 13:04:00,2011-09-28 15:50:00,1703,3276.2099999999996,2.8271249999999997,1
22245,"HOOK, 1 HANGER ,MAGIC GARDEN",2010-12-01 17:06:00,2011-09-01 13:40:00,1262,1070.0,1.1806060606060607,1
22246,MAGIC GARDEN FELT GARLAND,2010-12-01 17:06:00,2011-11-24 09:50:00,419,939.3699999999999,2.825056179775281,1
22247,BUNNY DECORATION MAGIC GARDEN,2010-12-23 13:26:00,2011-11-25 14:53:00,668,591.4399999999999,1.0199137931034483,1
22248,DECORATION  PINK CHICK MAGIC GARDEN,2010-12-03 11:36:00,2011-12-05 17:24:00,577,511.49,1.042090909090909,1
22249,DECORATION WHITE CHICK MAGIC GARDEN,2010-12-17 09:52:00,2011-12-08 09:20:00,928,812.86,1.007364864864865,1
22250,DECORATION  BUTTERFLY  MAGIC GARDEN,2010-12-03 11:36:00,2011-12-08 16:30:00,819,730.9499999999999,1.0487837837837837,1
22251,BIRDHOUSE DECORATION MAGIC GARDEN,2010-12-03 11:36:00,2011-12-08 16:30:00,712,889.49,1.529136690647482,1
22252,BIRDCAGE DECORATION TEALIGHT HOLDER,2010-12-05 14:52:00,2011-12-09 10:10:00,637,754.07,1.236029411764706,1
22254,FELT TOADSTOOL LARGE,2010-12-09 12:16:00,2011-12-07 14:39:00,657,836.8000000000001,1.6237704918032787,1
22255,FELT TOADSTOOL  SMALL,2010-12-03 11:36:00,2011-12-07 14:39:00,629,602.63,1.185844155844156,1
22256,FELT FARM ANIMAL CHICKEN,2010-12-05 11:49:00,2011-09-07 16:48:00,286,387.9,1.6088235294117645,1
22257,FELT FARM ANIMAL SHEEP,2010-12-15 11:53:00,2011-10-30 11:09:00,373,280.42,1.0997727272727273,1
22258,FELT FARM ANIMAL RABBIT,2010-12-15 11:53:00,2011-11-25 14:53:00,912,743.89,1.325194805194805,1
22259,FELT FARM ANIMAL HEN,2010-12-15 11:53:00,2011-04-26 13:05:00,481,332.84,1.0475555555555556,1
22260,FELT EGG COSY BLUE RABBIT,2010-12-01 16:57:00,2011-12-09 10:03:00,548,574.04,1.2799056603773584,1
22261,FELT EGG COSY WHITE RABBIT,2010-12-01 09:41:00,2011-12-09 10:03:00,579,544.7099999999999,1.1352727272727272,1
22262,FELT EGG COSY CHICKEN,2010-12-01 09:41:00,2011-12-06 12:59:00,1023,950.4599999999999,1.1047887323943661,1
22263,FELT EGG COSY LADYBIRD,2010-12-10 09:51:00,2011-12-08 09:20:00,326,195.97,1.0479245283018868,1
22264,FELT FARM ANIMAL WHITE BUNNY,2010-12-02 15:39:00,2011-12-09 10:03:00,1561,736.98,1.0378571428571428,1
22265,EASTER DECORATION NATURAL CHICK,2010-12-01 14:32:00,2011-11-29 13:12:00,536,363.55,0.7798571428571429,1
22266,EASTER DECORATION HANGING BUNNY,2011-01-07 16:32:00,2011-12-07 12:55:00,1887,595.85,0.5661616161616162,1
22267,EASTER DECORATION EGG BUNNY,2011-01-07 16:32:00,2011-12-05 15:59:00,836,673.17,1.094470588235294,1
22268,DECORATION SITTING BUNNY,2011-01-05 11:30:00,2011-11-10 15:32:00,2009,802.34,0.7259259259259259,2
22269,EGG CUP NATURAL CHICKEN,2010-12-09 14:09:00,2011-12-07 16:56:00,932,621.49,1.0416666666666667,1
22270,HAPPY EASTER HANGING DECORATION,2010-12-14 12:58:00,2011-11-22 17:21:00,239,927.1999999999999,4.430370370370371,1
22271,FELTCRAFT DOLL ROSIE,2010-12-01 11:49:00,2011-11-25 08:55:00,1701,5007.35,3.38049504950495,1
22272,FELTCRAFT DOLL MARIA,2010-12-02 08:52:00,2011-05-22 11:51:00,196,564.9200000000001,3.0626530612244904,1
22273,FELTCRAFT DOLL MOLLY,2010-12-01 11:49:00,2011-12-09 10:03:00,3069,8509.59,3.2718126888217522,1
22274,FELTCRAFT DOLL EMILY,2010-12-01 11:49:00,2011-12-08 09:20:00,1340,3953.4800000000005,3.327977528089888,1
22275,WEEKEND BAG VINTAGE ROSE PAISLEY,2010-12-02 16:51:00,2010-12-02 16:51:00,69,527.85,7.65,1
22276,WASH BAG VINTAGE ROSE PAISLEY,2010-12-01 14:32:00,2011-12-08 13:50:00,290,838.86,3.3250588235294116,1
22277,COSMETIC BAG VINTAGE ROSE PAISLEY,2010-12-01 13:51:00,2011-12-09 10:03:00,417,897.74,2.6088,1
22278,OVERNIGHT BAG VINTAGE ROSE PAISLEY,2010-12-01 14:41:00,2011-12-09 10:26:00,400,2679.6,7.384833333333333,1
22279,POCKET BAG BLUE PAISLEY RED SPOT,2010-12-06 10:03:00,2011-12-09 10:03:00,831,1003.4,1.4172307692307693,1
22280,POCKET BAG PINK PAISELY BROWN SPOT,2010-12-06 10:03:00,2011-12-09 10:03:00,468,509.59,1.2945833333333334,1
22281,EASTER TREE YELLOW BIRDS,2010-12-13 09:35:00,2011-12-07 13:12:00,131,929.44,8.020793650793651,1
22282,12 EGG HOUSE PAINTED WOOD,2010-12-06 09:58:00,2011-12-08 15:54:00,149,2378.52,17.214646464646464,1
22283,6 EGG HOUSE PAINTED WOOD,2010-12-01 17:06:00,2011-12-08 15:54:00,295,2694.63,9.970653594771242,1
22284,HEN HOUSE DECORATION,2010-12-02 11:41:00,2011-12-05 14:51:00,915,1577.2699999999998,2.0391603053435112,1
22285,HANGING HEN ON NEST DECORATION,2010-12-02 11:41:00,2011-12-05 17:24:00,870,1493.2499999999998,2.0395121951219513,2
22286,DECORATION WOBBLY RABBIT METAL,2010-12-10 14:59:00,2011-12-01 12:01:00,1123,1022.4899999999999,1.6037391304347828,2
22287,DECORATION WOBBLY CHICKEN,2010-12-10 14:59:00,2011-12-01 12:01:00,794,716.8599999999999,1.5314999999999999,2
22288,HANGING METAL RABBIT DECORATION,2010-12-03 11:36:00,2011-12-06 09:48:00,474,616.95,1.6053225806451612,1
22289,HANGING METAL CHICKEN DECORATION,2010-12-13 11:21:00,2011-11-22 11:18:00,148,193.52,1.4934285714285713,1
22291,HANGING CHICK CREAM DECORATION,2010-12-10 11:01:00,2011-11-25 14:53:00,1265,1871.2199999999998,1.6350413223140496,1
22292,HANGING CHICK  YELLOW DECORATION,2010-12-02 13:14:00,2011-11-25 14:53:00,1136,1604.51,1.5945689655172415,1
22293,HANGING CHICK GREEN DECORATION,2010-12-07 15:28:00,2011-11-22 11:18:00,903,1335.87,1.7224,1
22294,HEART FILIGREE DOVE  SMALL,2010-12-01 12:15:00,2011-12-08 16:30:00,5433,6775.08,1.4540196078431373,1
22295,HEART FILIGREE DOVE LARGE,2010-12-01 12:23:00,2011-12-08 12:57:00,2789,4613.969999999999,1.9075984251968503,1
22296,HEART IVORY TRELLIS LARGE,2010-12-01 11:29:00,2011-12-08 09:20:00,3140,5247.719999999999,1.8795412844036699,1
22297,HEART IVORY TRELLIS SMALL,2010-12-01 11:29:00,2011-12-08 10:53:00,4164,5459.91,1.746631853785901,1
22299,PIG KEYRING WITH LIGHT & SOUND,2010-12-01 14:32:00,2011-12-09 10:46:00,1355,1356.97,1.729493670886076,1
22300,COFFEE MUG DOG + BALL DESIGN,2010-12-01 14:32:00,2011-12-09 10:03:00,1522,3393.91,3.123025641025641,1
22301,COFFEE MUG CAT + BIRD DESIGN,2010-12-01 14:32:00,2011-12-09 10:26:00,2198,4962.98,3.1915999999999998,1
22302,COFFEE MUG PEARS  DESIGN,2010-12-15 16:03:00,2011-12-09 10:26:00,2323,5118.99,2.727405660377358,1
22303,COFFEE MUG APPLES DESIGN,2010-12-14 15:52:00,2011-12-09 10:26:00,2774,6247.35,2.765730769230769,1
22304,COFFEE MUG BLUE PAISLEY DESIGN,2010-12-01 17:06:00,2011-12-09 10:26:00,761,1352.88,3.118360655737705,1
22305,COFFEE MUG PINK PAISLEY DESIGN,2010-12-05 11:12:00,2011-12-07 17:05:00,693,1604.58,3.0107843137254897,1
22306,SILVER MUG BONE CHINA TREE OF LIFE,2010-12-03 14:26:00,2011-12-06 12:26:00,1150,1392.45,1.8449107142857142,1
22307,GOLD MUG BONE CHINA TREE OF LIFE,2010-12-03 15:45:00,2011-12-09 10:03:00,740,933.28,2.251232876712329,1
22308,TEA COSY BLUE STRIPE,2010-12-01 17:06:00,2011-12-09 10:26:00,250,877.38,4.214476190476191,1
22309,TEA COSY RED  STRIPE,2010-12-01 14:32:00,2011-12-09 10:03:00,369,1091.05,3.744262295081967,1
22310,IVORY KNITTED MUG COSY,2010-12-01 08:34:00,2011-12-08 17:57:00,668,1296.23,2.583693693693694,1
22311,OFFICE MUG WARMER BLACK+SILVER,2010-12-01 13:38:00,2011-12-06 16:33:00,1131,3400.81,4.09013986013986,1
22312,OFFICE MUG WARMER POLKADOT,2010-12-01 12:23:00,2011-12-08 09:28:00,645,1950.4900000000002,3.6210526315789475,1
22313,OFFICE MUG WARMER PINK,2010-12-01 15:08:00,2011-12-09 10:20:00,565,1564.8300000000002,3.51179104477612,1
22314,OFFICE MUG WARMER CHOC+BLUE,2010-12-01 14:32:00,2011-12-09 10:20:00,570,1759.1200000000001,3.962148148148148,1
22315,200 RED + WHITE BENDY STRAWS,2010-12-01 13:24:00,2011-12-08 09:20:00,916,1218.93,1.4587861271676301,1
22316,200 BENDY SKULL STRAWS,2010-12-02 12:47:00,2011-12-06 14:23:00,660,742.37,1.3725454545454545,1
22317,FIVE CATS HANGING DECORATION,2010-12-01 17:06:00,2011-11-29 11:23:00,286,879.6700000000001,3.65561797752809,1
22318,FIVE HEART HANGING DECORATION,2010-12-01 09:59:00,2011-12-05 17:28:00,455,1520.9700000000003,3.9993617021276595,1
22319,HAIRCLIPS FORTIES FABRIC ASSORTED,2010-12-09 14:49:00,2011-12-09 10:46:00,1322,572.26,0.5670491803278689,1
22320,BIRDS MOBILE VINTAGE DESIGN,2010-12-02 12:28:00,2011-12-08 19:28:00,182,1105.6200000000001,6.274571428571429,1
22321,BIRD DECORATION RED RETROSPOT,2010-12-01 11:57:00,2011-12-08 16:30:00,893,860.93,1.2836363636363637,1
22322,BIRD DECORATION GREEN POLKADOT,2010-12-06 10:08:00,2011-11-11 13:06:00,808,737.61,1.1384057971014492,1
22323,PINK POLKADOT KIDS BAG,2011-01-12 13:19:00,2011-01-12 13:19:00,1,1.95,1.95,1
22324,BLUE POLKADOT KIDS BAG,2010-12-01 17:06:00,2011-12-09 10:03:00,286,688.3,3.4390666666666667,1
22325,MOBILE VINTAGE HEARTS,2010-12-01 17:06:00,2011-11-29 13:37:00,246,1131.5,5.086521739130435,1
22326,ROUND SNACK BOXES SET OF4 WOODLAND,2010-12-01 08:45:00,2011-12-09 12:09:00,8516,24308.82,3.4716186556927298,1
22327,ROUND SNACK BOXES SET OF 4 SKULLS,2010-12-01 11:49:00,2011-12-09 10:26:00,1159,4280.650000000001,4.349372822299651,1
22328,ROUND SNACK BOXES SET OF 4 FRUITS,2010-12-01 11:49:00,2011-12-09 12:09:00,6824,19062.52,3.276998284734134,1
22329,ROUND CONTAINER SET OF 5 RETROSPOT,2010-12-06 09:58:00,2011-12-09 10:03:00,1591,2642.0899999999997,2.0705462184873946,1
22331,WOODLAND PARTY BAG + STICKER SET,2010-12-01 17:06:00,2011-12-09 11:59:00,1840,2975.14,2.0058469945355193,1
22332,SKULLS PARTY BAG + STICKER SET,2010-12-02 12:47:00,2011-12-05 09:03:00,1023,1663.1499999999999,1.8007482993197277,1
22333,RETROSPOT PARTY BAG + STICKER SET,2010-12-01 12:23:00,2011-12-07 12:48:00,4452,6977.94,1.879245283018868,1
22334,DINOSAUR PARTY BAG + STICKER SET,2010-12-02 17:48:00,2011-12-07 12:48:00,707,1160.7099999999998,1.7907843137254902,1
22335,HEART DECORATION PAINTED ZINC,2010-12-01 14:32:00,2011-12-08 09:28:00,2380,1668.89,0.9153478260869565,1
22336,DOVE DECORATION PAINTED ZINC,2010-12-01 14:32:00,2011-10-14 14:54:00,2381,754.0300000000001,0.6304878048780488,1
22337,ANGEL DECORATION PAINTED ZINC,2010-12-03 15:16:00,2011-12-02 12:52:00,912,574.5400000000001,0.7082051282051283,1
22338,STAR DECORATION PAINTED ZINC,2010-12-01 10:29:00,2011-12-09 10:03:00,4661,1222.21,0.4454594594594594,1
22339,CHRISTMAS TREE PAINTED ZINC,2010-12-03 15:16:00,2011-11-20 10:15:00,2468,683.3100000000001,0.43829545454545454,1
22340,NOEL GARLAND PAINTED ZINC,2010-12-06 10:08:00,2011-12-09 10:03:00,1386,769.81,0.7609448818897638,1
22341,LOVE GARLAND PAINTED ZINC,2010-12-02 15:18:00,2011-12-08 10:53:00,453,827.6299999999999,2.4683333333333333,1
22342,HOME GARLAND PAINTED ZINC,2010-12-01 17:06:00,2011-12-09 10:03:00,961,1071.3799999999999,1.8494444444444444,1
22343,PARTY PIZZA DISH RED RETROSPOT,2010-12-02 13:49:00,2011-12-08 18:15:00,1956,858.03,0.6002150537634409,1
22344,PARTY PIZZA DISH PINK POLKADOT,2010-12-05 15:21:00,2011-12-08 18:15:00,1225,459.81,0.6346052631578947,1
22345,PARTY PIZZA DISH BLUE POLKADOT,2010-12-01 14:32:00,2011-12-08 18:15:00,1099,383.75,0.5945833333333334,1
22346,PARTY PIZZA DISH GREEN POLKADOT,2010-12-05 15:21:00,2011-12-08 18:15:00,1034,381.09,0.5978333333333333,1
22348,TEA BAG PLATE RED RETROSPOT,2010-12-01 14:32:00,2011-12-09 10:03:00,4072,3573.0899999999997,1.0856388888888888,1
22349,DOG BOWL CHASING BALL DESIGN,2010-12-01 10:39:00,2011-12-05 17:28:00,1366,5381.5199999999995,4.129848484848485,1
22350,ILLUSTRATED CAT BOWL,2010-12-01 17:06:00,2011-12-08 17:57:00,1409,3819.5699999999997,3.1439166666666667,1
22351,DOTCOMGIFTSHOP TEA TOWEL,2011-02-18 14:18:00,2011-06-29 15:58:00,13,23.089999999999996,2.4699999999999998,1
22352,LUNCH BOX WITH CUTLERY RETROSPOT,2010-12-01 09:37:00,2011-12-09 10:26:00,3082,7845.67,3.32351966873706,1
22353,LUNCH BOX WITH CUTLERY FAIRY CAKES,2011-02-06 11:29:00,2011-05-08 12:58:00,60,153.0,2.55,1
22354,RETROSPOT PADDED SEAT CUSHION,2010-12-05 12:42:00,2011-12-06 16:26:00,750,2860.98,4.555903614457831,1
22355,CHARLOTTE BAG SUKI DESIGN,2010-12-01 14:05:00,2011-12-09 10:23:00,18014,29173.649999999998,1.217578828828829,1
22356,CHARLOTTE BAG PINK POLKADOT,2010-12-01 14:32:00,2011-12-09 10:23:00,9571,11307.49,1.2565729585006693,1
22357,KINGS CHOICE BISCUIT TIN,2010-12-01 12:03:00,2011-12-09 10:26:00,464,2158.04,5.339944134078213,1
22358,KINGS CHOICE TEA CADDY,2010-12-01 12:03:00,2011-12-09 10:26:00,697,2548.27,4.333372549019608,1
22359,GLASS JAR KINGS CHOICE,2010-12-01 14:32:00,2011-12-06 12:56:00,183,605.7700000000001,3.6571604938271607,1
22360,GLASS JAR ENGLISH CONFECTIONERY,2010-12-01 13:21:00,2011-12-08 12:43:00,974,3086.62,3.9516981132075473,1
22361,GLASS JAR DAISY FRESH COTTON WOOL,2010-12-01 14:32:00,2011-12-09 10:03:00,727,2592.33,4.470148698884758,1
22362,GLASS JAR PEACOCK BATH SALTS,2010-12-03 15:19:00,2011-12-09 10:03:00,408,1329.44,4.104586466165413,1
22363,GLASS JAR MARMALADE,2010-12-03 11:36:00,2011-12-08 11:15:00,354,1057.1,3.8176543209876543,1
22364,GLASS JAR DIGESTIVE BISCUITS,2010-12-01 13:21:00,2011-12-08 19:28:00,610,1983.6200000000001,4.179024390243902,1
22365,DOORMAT RESPECTABLE HOUSE,2010-12-02 09:29:00,2011-12-08 16:30:00,787,5738.13,9.936404494382023,1
22366,DOORMAT AIRMAIL,2010-12-01 14:54:00,2011-12-08 17:57:00,773,5841.13,9.842073732718895,1
22367,CHILDRENS APRON SPACEBOY DESIGN,2010-12-01 11:57:00,2011-12-09 12:50:00,3732,7475.43,2.4280545454545455,1
22371,AIRLINE BAG VINTAGE TOKYO 78,2010-12-01 11:41:00,2011-12-09 10:26:00,1080,5047.82,5.22002557544757,1
22372,AIRLINE BAG VINTAGE WORLD CHAMPION,2010-12-01 12:31:00,2011-12-09 10:03:00,278,1285.24,5.007006802721088,1
22374,AIRLINE BAG VINTAGE JET SET RED,2010-12-02 11:57:00,2011-12-09 10:26:00,542,2410.52,4.777239819004524,1
22375,AIRLINE BAG VINTAGE JET SET BROWN,2010-12-01 14:32:00,2011-12-08 16:30:00,346,1626.54,5.227005988023952,1
22376,AIRLINE BAG VINTAGE JET SET WHITE,2010-12-01 12:31:00,2011-12-08 09:28:00,252,1133.2,4.723548387096774,1
22377,BOTTLE BAG RETROSPOT,2010-12-06 10:08:00,2011-12-08 09:28:00,1322,2154.73,2.425388349514563,1
22378,WALL TIDY RETROSPOT,2010-12-01 14:32:00,2011-12-09 10:26:00,2283,3638.5699999999997,3.022176870748299,1
22379,RECYCLING BAG RETROSPOT,2010-12-01 09:45:00,2011-12-09 10:26:00,6895,15605.49,3.1904939919893187,1
22380,TOY TIDY SPACEBOY,2010-12-01 14:32:00,2011-12-09 10:03:00,1302,2794.46,2.693719298245614,1
22381,TOY TIDY PINK POLKADOT,2010-12-01 09:45:00,2011-12-09 10:26:00,3429,7412.74,3.0222033898305085,1
22382,LUNCH BAG SPACEBOY DESIGN,2010-12-01 11:21:00,2011-12-08 16:30:00,10416,18013.16,2.0137177280550773,1
22383,LUNCH BAG SUKI DESIGN,2010-12-01 11:29:00,2011-12-09 10:23:00,12406,22321.54,2.169554873369148,2
22384,LUNCH BAG PINK POLKADOT,2010-12-01 11:21:00,2011-12-09 10:26:00,10463,17349.39,2.033318140382862,1
22385,JUMBO BAG SPACEBOY DESIGN,2010-12-02 11:57:00,2011-12-08 16:30:00,8555,16871.01,2.65833091436865,1
22386,JUMBO BAG PINK POLKADOT,2010-12-01 09:37:00,2011-12-09 12:19:00,21004,41607.39,2.603515944399019,1
22389,PAPERWEIGHT SAVE THE PLANET,2010-12-06 08:34:00,2011-12-08 19:24:00,238,431.54999999999995,2.5938636363636363,1
22390,PAPERWEIGHT CHILDHOOD MEMORIES,2010-12-05 11:57:00,2011-12-08 15:54:00,266,440.34,2.7905555555555552,1
22391,PAPERWEIGHT HOME SWEET HOME,2010-12-10 14:53:00,2011-12-08 15:54:00,158,245.57999999999998,2.8731034482758617,1
22393,PAPERWEIGHT VINTAGE COLLAGE,2010-12-01 17:06:00,2011-12-08 16:58:00,510,736.88,2.9073239436619716,1
22394,PAPERWEIGHT KINGS CHOICE,2010-12-01 14:32:00,2011-12-09 11:20:00,168,230.67999999999998,2.640869565217391,1
22395,PAPERWEIGHT VINTAGE PAISLEY,2010-12-03 11:36:00,2011-12-08 16:58:00,152,220.04,3.3184848484848484,1
22396,MAGNETS PACK OF 4 RETRO PHOTO,2010-12-01 14:32:00,2011-12-09 10:03:00,1220,622.87,0.7448818897637794,1
22398,MAGNETS PACK OF 4 SWALLOWS,2010-12-03 14:54:00,2011-12-09 12:31:00,2497,1491.62,0.7653413654618474,1
22399,MAGNETS PACK OF 4 CHILDHOOD MEMORY,2010-12-01 15:00:00,2011-12-02 10:47:00,1134,1324.58,1.3283333333333334,1
22400,MAGNETS PACK OF 4 HOME SWEET HOME,2010-12-01 15:00:00,2011-12-07 13:38:00,1393,729.09,0.6709868421052632,1
22402,MAGNETS PACK OF 4 VINTAGE COLLAGE,2010-12-01 15:00:00,2011-12-08 13:50:00,1713,1025.66,0.6809933774834437,1
22403,MAGNETS PACK OF 4 VINTAGE LABELS,2010-12-05 11:10:00,2011-12-07 12:17:00,1316,681.78,0.892016129032258,1
22405,MONEY BOX POCKET MONEY DESIGN,2010-12-01 17:06:00,2011-12-08 15:54:00,372,415.36,1.431857142857143,1
22406,MONEY BOX KINGS CHOICE DESIGN,2010-12-02 16:38:00,2011-12-08 15:31:00,346,403.46,1.5136904761904764,1
22407,MONEY BOX FIRST ADE DESIGN,2010-12-17 10:12:00,2011-12-07 09:35:00,94,99.28,1.2791666666666666,2
22408,MONEY BOX CONFECTIONERY DESIGN,2010-12-02 16:38:00,2011-12-06 12:11:00,145,162.44,1.496551724137931,1
22409,MONEY BOX BISCUITS DESIGN,2010-12-01 17:06:00,2011-12-06 12:56:00,228,299.72,1.5082456140350877,1
22410,MONEY BOX HOUSEKEEPING DESIGN,2010-12-16 18:18:00,2011-12-08 15:54:00,237,247.42000000000002,1.4191379310344827,1
22411,JUMBO SHOPPER VINTAGE RED PAISLEY,2010-12-01 09:41:00,2011-12-09 12:19:00,12237,27985.97,2.6933390119250427,1
22412,METAL SIGN NEIGHBOURHOOD WITCH,2010-12-03 11:13:00,2011-11-10 16:15:00,911,1931.8500000000001,2.5650675675675676,1
22413,METAL SIGN TAKE IT OR LEAVE IT,2010-12-01 11:21:00,2011-12-08 13:47:00,3756,11042.84,3.35133171912833,1
22414,DOORMAT NEIGHBOURHOOD WITCH,2010-12-03 13:42:00,2011-12-08 10:53:00,277,2022.19,10.135698924731184,1
22415,WHITE TISSUE REAM,2010-12-05 11:45:00,2011-01-26 11:27:00,19,151.05,7.950000000000001,1
22416,SET OF 36 DOILIES SPACEBOY DESIGN,2010-12-06 09:58:00,2011-12-04 11:45:00,868,1210.82,1.5871052631578946,2
22417,PACK OF 60 SPACEBOY CAKE CASES,2010-12-01 11:29:00,2011-12-08 12:43:00,8396,4550.04,0.7678136882129277,1
22418,10 COLOUR SPACEBOY PEN,2010-12-01 11:41:00,2011-12-09 10:03:00,6410,5454.549999999999,1.0599041533546325,1
22419,LIPSTICK PEN RED,2010-12-01 14:32:00,2011-12-09 10:03:00,3338,1673.1,0.6032490974729242,1
22420,LIPSTICK PEN BABY PINK,2010-12-01 17:06:00,2011-12-09 10:03:00,1333,611.3,0.5912499999999999,1
22421,LIPSTICK PEN FUSCHIA,2010-12-01 16:33:00,2011-12-09 10:03:00,2597,1347.1,0.6121395348837209,1
22422,TOOTHPASTE TUBE PEN,2010-12-01 14:32:00,2011-12-09 10:26:00,1273,776.1,1.0353846153846153,1
22423,REGENCY CAKESTAND 3 TIER,2010-12-01 12:27:00,2011-12-09 10:23:00,13505,170216.63999999998,14.014618126272913,1
22424,ENAMEL BREAD BIN CREAM,2010-12-01 09:53:00,2011-12-09 10:26:00,849,12066.73,15.998477272727273,1
22425,ENAMEL COLANDER CREAM,2010-12-01 17:06:00,2011-12-08 10:53:00,457,2331.27,5.724606060606061,1
22426,ENAMEL WASH BOWL CREAM,2010-12-02 13:45:00,2011-12-08 11:21:00,734,2825.21,4.9143961352657,1
22427,ENAMEL FLOWER JUG CREAM,2010-12-01 09:53:00,2011-10-20 09:28:00,2075,12468.810000000001,6.576613545816733,1
22428,ENAMEL FIRE BUCKET CREAM,2010-12-01 09:53:00,2011-12-08 09:28:00,246,1854.76,8.209649122807017,1
22429,ENAMEL MEASURING JUG CREAM,2010-12-01 12:54:00,2011-12-09 10:26:00,1256,5481.68,4.85304,1
22430,ENAMEL WATERING CAN CREAM,2010-12-01 14:32:00,2011-12-08 12:07:00,600,3157.19,5.780312500000001,1
22431,WATERING CAN BLUE ELEPHANT,2010-12-02 10:39:00,2011-12-08 18:15:00,2052,3987.0099999999998,2.32,1
22432,WATERING CAN PINK BUNNY,2010-12-01 14:32:00,2011-12-08 18:15:00,1704,3319.4199999999996,2.25,1
22433,WATERING CAN GREEN DINOSAUR,2010-12-02 10:39:00,2011-12-08 18:15:00,1394,2667.5,2.2754148471615716,1
22434,BALLOON PUMP WITH 10 BALLOONS,2010-12-02 10:17:00,2011-12-08 15:03:00,777,1539.21,2.1278861788617887,1
22435,SET OF 9 HEART SHAPED BALLOONS,2010-12-01 11:21:00,2011-12-07 13:38:00,2745,3430.5,1.464007490636704,1
22436,12 COLOURED PARTY BALLOONS,2010-12-02 13:32:00,2011-12-07 12:48:00,2114,1385.51,0.7046060606060607,1
22437,SET OF 9 BLACK SKULL BALLOONS,2010-12-01 14:32:00,2011-12-09 10:03:00,2828,2417.24,1.0173127753303963,1
22438,BALLOON ART MAKE YOUR OWN FLOWERS,2010-12-01 09:41:00,2011-12-08 15:31:00,1009,1034.9,1.7488,1
22439,6 ROCKET BALLOONS,2010-12-02 14:23:00,2011-12-08 16:30:00,1834,1251.6200000000001,0.7737185929648241,1
22440,BALLOON WATER BOMB PACK OF 35,2010-12-02 10:17:00,2011-12-06 11:58:00,6010,2375.04,0.4556050955414013,1
22441,GROW YOUR OWN BASIL IN ENAMEL MUG,2010-12-01 11:21:00,2011-12-09 10:03:00,1047,2292.9100000000003,2.5595475113122172,1
22442,GROW YOUR OWN FLOWERS SET OF 3,2010-12-02 12:18:00,2011-12-09 11:26:00,292,1209.5,6.740666666666667,1
22443,GROW YOUR OWN HERBS SET OF 3,2010-12-02 19:59:00,2011-08-05 15:38:00,162,1375.8400000000001,8.763409090909091,1
22444,GROW YOUR OWN PLANT IN A CAN,2010-12-01 13:24:00,2011-05-19 10:47:00,838,1106.62,1.7921052631578949,1
22445,PENCIL CASE LIFE IS BEAUTIFUL,2010-12-01 13:17:00,2011-12-08 14:39:00,534,1615.91,3.5214074074074078,1
22446,PIN CUSHION BABUSHKA PINK,2010-12-01 17:06:00,2011-12-09 10:03:00,439,1135.18,2.8105882352941176,1
22447,PIN CUSHION BABUSHKA BLUE,2010-12-01 17:06:00,2011-12-09 10:46:00,137,410.81,3.2939999999999996,1
22448,PIN CUSHION BABUSHKA RED,2010-12-01 17:06:00,2011-12-06 12:56:00,201,656.4300000000001,3.8984444444444444,1
22449,SILK PURSE BABUSHKA PINK,2010-12-01 10:52:00,2011-11-24 11:52:00,485,1563.8500000000001,3.249300699300699,1
22450,SILK PURSE BABUSHKA BLUE,2010-12-02 13:14:00,2011-11-28 15:34:00,194,657.76,3.5171186440677964,1
22451,SILK PURSE BABUSHKA RED,2010-12-01 11:21:00,2011-05-13 11:12:00,222,775.8000000000001,4.14686274509804,1
22452,MEASURING TAPE BABUSHKA PINK,2010-12-02 15:19:00,2011-12-06 14:23:00,722,1760.3100000000002,2.3233561643835614,1
22453,MEASURING TAPE BABUSHKA BLUE,2010-12-01 13:17:00,2011-12-08 15:03:00,442,1185.79,2.7555696202531643,1
22454,MEASURING TAPE BABUSHKA RED,2010-12-01 13:17:00,2011-11-16 11:05:00,266,757.0200000000001,3.0623809523809524,1
22456,NATURAL SLATE CHALKBOARD LARGE,2010-12-03 11:27:00,2011-12-09 10:26:00,1698,9391.12,6.703496801705757,1
22457,NATURAL SLATE HEART CHALKBOARD,2010-12-01 09:53:00,2011-12-09 10:26:00,9106,27953.260000000002,3.591565495207668,1
22458,CAST IRON HOOK GARDEN FORK,2010-12-01 17:06:00,2011-04-20 11:05:00,523,1421.83,3.5356521739130433,1
22459,CAST IRON HOOK GARDEN TROWEL,2010-12-01 17:06:00,2011-04-27 11:47:00,386,1018.19,3.5335999999999994,1
22460,EMBOSSED GLASS TEALIGHT HOLDER,2010-12-02 10:39:00,2011-12-09 12:31:00,2546,3273.5,1.5488151658767773,1
22461,SAVOY ART DECO CLOCK,2010-12-05 16:24:00,2011-08-12 12:37:00,237,1428.0800000000002,10.297647058823529,1
22464,HANGING METAL HEART LANTERN,2010-12-01 09:53:00,2011-12-09 11:56:00,3294,5321.829999999999,1.9463142857142859,1
22465,HANGING METAL STAR LANTERN,2010-12-01 11:41:00,2011-12-09 11:56:00,2041,3124.14,1.8781909547738693,1
22466,FAIRY TALE COTTAGE NIGHT LIGHT,2010-12-01 09:58:00,2011-12-09 12:31:00,3069,5605.79,2.4860189573459714,2
22467,GUMBALL COAT RACK,2010-12-01 11:21:00,2011-12-09 10:03:00,7850,18637.27,2.88312865497076,1
22468,BABUSHKA LIGHTS STRING OF 10,2010-12-01 10:52:00,2011-12-08 10:53:00,515,3619.67,8.314342105263158,1
22469,HEART OF WICKER SMALL,2010-12-01 09:53:00,2011-12-09 11:34:00,17963,32094.6,1.959712879409352,1
22470,HEART OF WICKER LARGE,2010-12-01 09:53:00,2011-12-08 17:54:00,9883,30086.31,3.285401069518717,1
22471,TV DINNER TRAY AIR HOSTESS,2010-12-01 14:32:00,2011-12-09 10:26:00,419,1502.02,5.730857142857143,1
22472,TV DINNER TRAY DOLLY GIRL,2010-12-01 11:57:00,2011-12-08 15:54:00,320,1527.01,6.182429906542056,1
22473,TV DINNER TRAY VINTAGE PAISLEY,2010-12-01 11:21:00,2011-12-08 15:54:00,503,1623.04,5.063124999999999,1
22474,SPACEBOY TV DINNER TRAY,2010-12-02 13:49:00,2011-12-09 10:26:00,303,1636.27,6.867651515151515,1
22475,SKULL DESIGN TV DINNER TRAY,2010-12-05 15:12:00,2011-12-08 17:54:00,313,1590.82,5.9325179856115104,1
22476,EMPIRE UNION JACK TV DINNER TRAY,2010-12-01 14:32:00,2011-12-09 09:07:00,872,2799.61,6.928709677419355,1
22477,WATERING CAN GARDEN MARKER,2010-12-01 14:32:00,2011-12-08 16:30:00,1364,1967.9,1.7803937007874016,1
22478,BIRDHOUSE GARDEN MARKER,2010-12-01 14:32:00,2011-12-09 10:03:00,1537,2210.62,1.7830000000000001,1
22479,DAISY GARDEN MARKER,2010-12-01 14:32:00,2011-12-08 16:30:00,1139,1658.57,1.7758163265306122,1
22480,RED TEA TOWEL CLASSIC DESIGN,2010-12-01 12:15:00,2011-08-28 16:09:00,630,755.96,1.2952054794520547,1
22481,BLACK TEA TOWEL CLASSIC DESIGN,2010-12-01 12:49:00,2011-12-09 12:31:00,825,747.3,1.076846153846154,1
22482,BLUE TEA TOWEL CLASSIC DESIGN,2010-12-01 14:34:00,2011-07-05 13:07:00,478,565.86,1.2656603773584905,1
22483,RED GINGHAM TEDDY BEAR,2010-12-03 11:36:00,2011-12-08 16:30:00,769,2299.9900000000002,3.604047619047619,1
22485,SET OF 2 WOODEN MARKET CRATES,2010-12-01 12:40:00,2011-12-09 09:08:00,522,7139.349999999999,15.029902912621358,1
22486,PLASMATRONIC LAMP,2010-12-06 12:06:00,2011-12-09 10:03:00,66,382.7,7.734347826086956,1
22487,WHITE WOOD GARDEN PLANT LADDER,2010-12-01 13:20:00,2011-12-08 12:28:00,768,7755.88,10.900983213429257,1
22488,NATURAL SLATE RECTANGLE CHALKBOARD,2010-12-01 11:41:00,2011-12-09 10:26:00,3167,5527.48,2.0746135265700483,1
22489,PACK OF 12 TRADITIONAL CRAYONS,2010-12-01 13:24:00,2011-12-09 10:03:00,9719,4072.13,0.5406053811659193,1
22491,PACK OF 12 COLOURED PENCILS,2010-12-02 10:35:00,2011-12-09 09:38:00,3935,3173.43,0.9127727272727273,1
22492,MINI PAINT SET VINTAGE,2010-12-01 08:45:00,2011-12-08 16:29:00,26489,16844.22,0.7864627659574468,1
22493,PAINT YOUR OWN CANVAS SET,2010-12-01 14:05:00,2011-12-08 16:29:00,2461,3986.64,1.9142342342342342,1
22494,EMERGENCY FIRST AID TIN,2010-12-01 13:24:00,2011-12-08 09:28:00,1061,1538.52,1.9159090909090908,1
22495,SET OF 2 ROUND TINS CAMEMBERT,2010-12-06 10:08:00,2011-12-09 10:46:00,276,731.12,3.6555670103092788,1
22496,SET OF 2 ROUND TINS DUTCH CHEESE,2010-12-01 15:35:00,2011-12-09 09:07:00,253,535.11,3.0289873417721522,1
22497,SET OF 2 TINS VINTAGE BATHROOM,2010-12-01 14:32:00,2011-12-05 14:19:00,224,1140.9,5.889399999999999,1
22498,WOODEN REGATTA BUNTING,2010-12-07 11:59:00,2011-12-09 10:26:00,333,2116.04,6.843999999999999,1
22499,WOODEN UNION JACK BUNTING,2010-12-01 17:06:00,2011-12-07 10:35:00,2091,12792.25,6.789317073170731,1
22500,SET OF 2 TINS JARDIN DE PROVENCE,2010-12-01 12:23:00,2011-12-09 11:20:00,248,967.05,4.889270833333334,1
22501,PICNIC BASKET WICKER LARGE,2010-12-01 12:43:00,2011-11-06 15:01:00,1592,19202.76,14.441972789115646,1
22502,PICNIC BASKET WICKER SMALL,2010-12-01 10:29:00,2011-09-25 14:33:00,1809,12094.17,8.949220779220779,2
22503,CABIN BAG VINTAGE PAISLEY,2010-12-01 17:06:00,2011-11-27 11:22:00,87,1710.72,22.436969696969697,1
22504,CABIN BAG VINTAGE RETROSPOT,2010-12-03 09:49:00,2011-12-05 16:37:00,247,4674.62,22.484117647058824,1
22505,MEMO BOARD COTTAGE DESIGN,2010-12-02 13:14:00,2011-12-09 11:59:00,1456,7079.47,5.6677884615384615,1
22507,MEMO BOARD RETROSPOT  DESIGN,2010-12-02 09:29:00,2011-12-09 10:26:00,2958,14183.45,6.301487964989058,1
22508,DOORSTOP RETROSPOT HEART,2010-12-01 12:08:00,2011-12-08 16:30:00,1578,6465.88,4.570136054421768,1
22509,SEWING BOX RETROSPOT DESIGN,2010-12-03 16:02:00,2011-12-08 18:03:00,193,1885.34,13.235595238095238,1
22510,GINGHAM BABUSHKA DOORSTOP,2010-12-08 13:03:00,2011-12-08 13:47:00,210,402.74,2.394285714285714,1
22511,RETROSPOT BABUSHKA DOORSTOP,2010-12-01 12:08:00,2011-12-08 13:47:00,251,495.2,2.802037037037037,1
22512,DOORSTOP RACING CAR DESIGN,2010-12-07 18:36:00,2011-12-06 13:45:00,122,269.71,3.3035135135135136,1
22513,DOORSTOP FOOTBALL DESIGN,2010-12-07 15:34:00,2011-12-09 09:07:00,152,539.9,4.666716417910448,1
22514,CHILDS GARDEN SPADE BLUE,2010-12-02 13:14:00,2011-12-08 16:30:00,302,704.45,2.528888888888889,1
22515,CHILDS GARDEN SPADE PINK,2010-12-01 14:32:00,2011-12-06 14:23:00,266,608.95,2.6092857142857144,1
22516,CHILDS GARDEN RAKE BLUE,2010-12-07 15:32:00,2011-12-08 16:30:00,206,494.89000000000004,2.73421875,1
22517,CHILDS GARDEN RAKE PINK,2010-12-01 14:32:00,2011-12-06 13:20:00,199,447.63000000000005,2.5105797101449276,1
22518,CHILDS GARDEN BRUSH BLUE,2010-12-03 11:28:00,2011-05-16 13:35:00,363,783.5400000000001,2.668024691358025,1
22519,CHILDS GARDEN BRUSH PINK,2010-12-01 14:32:00,2011-06-07 07:49:00,411,906.7500000000001,2.6006818181818185,1
22520,CHILDS GARDEN TROWEL BLUE,2010-12-14 12:30:00,2011-05-17 11:02:00,719,622.0999999999999,0.9045217391304348,1
22521,CHILDS GARDEN TROWEL PINK,2010-12-06 10:08:00,2011-05-05 15:47:00,609,525.51,0.9174285714285714,1
22522,CHILDS GARDEN FORK BLUE,2010-12-14 12:30:00,2011-12-08 13:50:00,918,762.39,0.8975968992248061,1
22523,CHILDS GARDEN FORK PINK,2010-12-06 10:08:00,2011-12-08 09:28:00,852,740.6099999999999,0.9491791044776119,1
22524,CHILDRENS GARDEN GLOVES BLUE,2010-12-01 17:24:00,2011-05-24 08:49:00,642,883.1999999999999,1.616829268292683,1
22525,CHILDRENS GARDEN GLOVES PINK,2010-12-03 11:13:00,2011-04-18 16:31:00,489,648.97,1.7722972972972975,1
22526,WHEELBARROW FOR CHILDREN,2010-12-09 14:09:00,2011-12-09 10:26:00,121,1669.26,14.49155844155844,1
22528,GARDENERS KNEELING PAD,2010-12-07 15:31:00,2010-12-07 15:31:00,1,3.36,3.36,1
22529,MAGIC DRAWING SLATE GO TO THE FAIR,2010-12-01 11:57:00,2011-12-08 19:57:00,851,349.03,0.46014285714285713,1
22530,MAGIC DRAWING SLATE DOLLY GIRL,2010-12-01 11:57:00,2011-12-08 16:29:00,3604,1506.38,0.5006410256410256,1
22531,MAGIC DRAWING SLATE CIRCUS PARADE,2010-12-01 11:45:00,2011-12-08 15:03:00,3382,1412.41,0.48830845771144277,1
22532,MAGIC DRAWING SLATE LEAP FROG,2010-12-05 12:35:00,2011-12-08 15:03:00,1072,366.75,0.4473333333333333,1
22533,MAGIC DRAWING SLATE BAKE A CAKE,2010-12-01 11:41:00,2011-12-08 13:50:00,1758,634.31,0.45804597701149424,1
22534,MAGIC DRAWING SLATE SPACEBOY,2010-12-01 11:57:00,2011-12-08 13:50:00,4496,1871.12,0.5057142857142857,1
22535,MAGIC DRAWING SLATE BUNNIES,2010-12-06 15:25:00,2011-12-02 13:54:00,1715,649.59,0.48443609022556383,1
22536,MAGIC DRAWING SLATE PURDEY,2010-12-01 17:06:00,2011-12-08 16:29:00,4752,1803.95,0.44031847133757956,1
22537,MAGIC DRAWING SLATE DINOSAUR,2010-12-01 11:41:00,2011-12-05 12:16:00,1881,823.84,0.49220930232558135,1
22538,MINI JIGSAW GO TO THE FAIR,2010-12-08 14:25:00,2011-12-05 12:33:00,402,164.42000000000002,0.55875,1
22539,MINI JIGSAW DOLLY GIRL,2010-12-01 13:24:00,2011-12-09 10:20:00,2918,1129.32,0.56,1
22540,MINI JIGSAW CIRCUS PARADE,2010-12-01 08:45:00,2011-12-09 10:03:00,2519,960.86,0.5225,1
22541,MINI JIGSAW LEAP FROG,2010-12-08 14:25:00,2011-12-06 16:26:00,503,201.95,0.5651428571428571,1
22543,MINI JIGSAW BAKE A CAKE,2010-12-01 13:24:00,2011-12-08 19:28:00,1453,530.8,0.502,1
22544,MINI JIGSAW SPACEBOY,2010-12-01 08:45:00,2011-12-09 10:46:00,4518,1714.9199999999998,0.5311363636363636,1
22545,MINI JIGSAW BUNNIES,2010-12-01 14:32:00,2011-12-09 10:46:00,1141,435.25,0.5645945945945946,1
22546,MINI JIGSAW PURDEY,2010-12-03 11:36:00,2011-12-08 16:58:00,2102,799.56,0.5368235294117647,1
22547,MINI JIGSAW DINOSAUR,2010-12-01 13:24:00,2011-12-08 16:58:00,809,338.23,0.6317647058823529,1
22548,HEADS AND TAILS SPORTING FUN,2010-12-01 12:54:00,2011-11-13 13:42:00,1975,2348.94,1.4097641509433962,1
22549,PICTURE DOMINOES,2010-12-01 11:21:00,2011-12-09 12:16:00,3188,4798.38,1.9796408839779005,1
22550,HOLIDAY FUN LUDO,2010-12-01 14:32:00,2011-12-08 13:04:00,1162,4194.89,4.441428571428571,1
22551,PLASTERS IN TIN SPACEBOY,2010-12-01 11:57:00,2011-12-09 10:13:00,8062,13582.31,1.8643382352941176,1
22553,PLASTERS IN TIN SKULLS,2010-12-01 11:41:00,2011-12-09 10:26:00,4194,7052.919999999999,1.9768253968253966,1
22554,PLASTERS IN TIN WOODLAND ANIMALS,2010-12-01 11:57:00,2011-12-09 10:13:00,7779,13288.669999999998,1.9120786516853931,1
22555,PLASTERS IN TIN STRONGMAN,2010-12-01 13:24:00,2011-12-09 12:50:00,5998,9822.029999999999,1.8513193116634798,1
22556,PLASTERS IN TIN CIRCUS PARADE,2010-12-01 13:24:00,2011-12-09 12:50:00,6077,10002.46,1.7869163763066203,1
22557,PLASTERS IN TIN VINTAGE PAISLEY,2010-12-01 11:57:00,2011-12-09 10:26:00,4712,7762.239999999999,1.900190972222222,1
22558,CLOTHES PEGS RETROSPOT PACK 24,2010-12-01 10:39:00,2011-12-09 10:03:00,8652,13288.189999999999,1.8346701164294956,1
22559,SEASIDE FLYING DISC,2010-12-02 11:35:00,2011-12-05 17:28:00,505,626.53,1.5980246913580247,1
22560,TRADITIONAL MODELLING CLAY,2010-12-01 14:32:00,2011-12-09 10:03:00,8144,9572.32,1.4223907455012852,1
22561,WOODEN SCHOOL COLOURING SET,2010-12-01 13:24:00,2011-12-09 11:34:00,5859,9701.97,1.7783181818181817,1
22562,MONSTERS STENCIL CRAFT,2010-12-02 15:46:00,2011-12-08 13:50:00,1413,1763.3700000000001,1.366824644549763,1
22563,HAPPY STENCIL CRAFT,2010-12-05 11:10:00,2011-12-08 16:30:00,2823,3348.1800000000003,1.3495070422535211,1
22564,ALPHABET STENCIL CRAFT,2010-12-02 10:17:00,2011-12-08 13:50:00,2265,2599.35,1.358756756756757,1
22565,FELTCRAFT HAIRBANDS PINK AND WHITE,2010-12-01 11:57:00,2011-12-09 10:03:00,933,872.67,1.1069127516778523,1
22566,FELTCRAFT HAIRBAND PINK AND PURPLE,2010-12-01 11:57:00,2011-12-09 10:03:00,873,789.78,1.0496078431372549,1
22567,20 DOLLY PEGS RETROSPOT,2010-12-01 13:24:00,2011-12-09 12:20:00,2436,3236.6,1.5710762331838564,1
22568,FELTCRAFT CUSHION OWL,2010-12-01 11:45:00,2011-12-07 13:46:00,3224,11906.98,4.166361702127659,1
22569,FELTCRAFT CUSHION BUTTERFLY,2010-12-01 11:49:00,2011-10-25 09:31:00,2567,9459.95,4.280687679083095,1
22570,FELTCRAFT CUSHION RABBIT,2010-12-01 11:49:00,2011-11-18 14:14:00,2841,10372.62,4.302875647668394,1
22571,ROCKING HORSE RED CHRISTMAS,2010-12-01 12:27:00,2011-12-09 10:03:00,2338,2116.36,1.0814396887159534,1
22572,ROCKING HORSE GREEN CHRISTMAS,2010-12-01 15:35:00,2011-11-29 16:23:00,1380,1244.6699999999998,1.0617032967032967,1
22573,STAR WOODEN CHRISTMAS DECORATION,2010-12-01 12:23:00,2011-12-09 10:51:00,2684,2423.0,1.121936936936937,1
22574,HEART WOODEN CHRISTMAS DECORATION,2010-12-01 13:54:00,2011-12-09 10:03:00,2333,2199.5899999999997,1.113125,1
22575,METAL MERRY CHRISTMAS WREATH,2010-12-01 12:43:00,2011-12-05 16:03:00,636,1216.22,2.208021978021978,1
22576,SWALLOW WOODEN CHRISTMAS DECORATION,2010-12-01 15:35:00,2011-12-09 10:51:00,1538,1414.4599999999998,1.0933333333333333,1
22577,WOODEN HEART CHRISTMAS SCANDINAVIAN,2010-12-01 12:23:00,2011-12-09 10:03:00,10608,4075.3599999999997,0.4979783393501805,1
22578,WOODEN STAR CHRISTMAS SCANDINAVIAN,2010-12-01 15:40:00,2011-12-09 10:03:00,10460,3876.5399999999995,0.46971698113207544,1
22579,WOODEN TREE CHRISTMAS SCANDINAVIAN,2010-12-01 15:35:00,2011-11-28 15:54:00,5167,1988.0199999999998,0.5163896848137536,1
22580,ADVENT CALENDAR GINGHAM SACK,2010-12-01 11:57:00,2011-12-09 10:03:00,1311,6848.1900000000005,5.728536585365854,1
22581,WOOD STOCKING CHRISTMAS SCANDISPOT,2010-12-01 15:35:00,2011-12-09 10:03:00,1569,1137.28,0.8756043956043955,1
22582,PACK OF 6 SWEETIE GIFT BOXES,2010-12-01 12:23:00,2011-12-08 11:43:00,1049,2618.75,3.1349514563106795,1
22583,PACK OF 6 HANDBAG GIFT BOXES,2010-12-01 12:43:00,2011-12-08 16:30:00,572,1567.85,3.295405405405405,1
22584,PACK OF 6 PANNETONE GIFT BOXES,2010-12-01 13:17:00,2011-12-08 16:22:00,2330,5946.96,3.1074111675126903,2
22585,PACK OF 6 BIRDY GIFT TAGS,2010-12-01 12:08:00,2011-12-09 12:16:00,6196,7516.64,1.4767654320987655,1
22586,FELTCRAFT HAIRBAND PINK AND BLUE,2010-12-01 17:06:00,2011-12-09 10:03:00,855,773.6999999999999,1.0640993788819875,1
22587,FELTCRAFT HAIRBAND RED AND BLUE,2010-12-01 11:57:00,2011-12-08 16:30:00,918,830.52,1.0437037037037036,1
22588,CARD HOLDER GINGHAM HEART,2010-12-01 12:43:00,2011-12-08 16:30:00,684,2141.32,3.5053977272727277,1
22589,CARDHOLDER GINGHAM STAR,2010-12-01 14:32:00,2011-12-09 10:03:00,379,1212.82,3.6482716049382713,1
22591,CARDHOLDER GINGHAM CHRISTMAS TREE,2010-12-08 16:34:00,2011-12-09 10:03:00,413,1509.41,4.486511627906976,1
22592,CARDHOLDER HOLLY WREATH METAL,2010-12-01 14:41:00,2011-12-09 10:03:00,658,3021.12,5.085037037037037,1
22593,CHRISTMAS GINGHAM STAR,2010-12-01 11:57:00,2011-12-09 10:03:00,2263,2085.64,1.12425,1
22594,CHRISTMAS GINGHAM TREE,2010-12-01 11:57:00,2011-12-09 10:03:00,2006,1905.7699999999998,1.1763959390862944,1
22595,GINGHAM HEART DECORATION,2010-12-01 11:57:00,2011-12-08 13:59:00,6788,5720.21,1.0276793248945149,2
22596,CHRISTMAS STAR WISH LIST CHALKBOARD,2011-06-13 13:44:00,2011-12-09 10:51:00,3464,4095.42,1.2993181818181818,1
22597,MUSICAL ZINC HEART DECORATION,2010-12-01 14:38:00,2011-12-09 10:03:00,2787,1218.59,0.6854255319148935,2
22598,CHRISTMAS MUSICAL ZINC TREE,2010-12-05 12:35:00,2011-12-09 10:03:00,984,441.09999999999997,0.661578947368421,1
22599,CHRISTMAS MUSICAL ZINC STAR,2010-12-01 14:38:00,2011-12-09 10:03:00,1929,947.3599999999999,0.6469918699186992,1
22600,CHRISTMAS RETROSPOT STAR WOOD,2010-12-01 13:54:00,2011-12-09 10:03:00,1698,1543.2299999999998,1.070969387755102,1
22601,CHRISTMAS RETROSPOT ANGEL WOOD,2010-12-01 13:54:00,2011-12-09 10:03:00,2479,2219.83,1.0747029702970297,1
22602,RETROSPOT WOODEN HEART DECORATION,2010-12-01 17:06:00,2011-12-09 10:03:00,2215,2023.87,1.1233214285714286,2
22603,CHRISTMAS RETROSPOT TREE WOOD,2010-12-01 12:23:00,2011-12-08 16:30:00,1387,1235.3799999999999,1.078125,1
22604,SET OF 4 NAPKIN CHARMS CUTLERY,2010-12-01 12:43:00,2011-12-08 11:43:00,1251,3039.66,2.8548837209302325,1
22605,WOODEN CROQUET GARDEN SET,2010-12-01 14:32:00,2011-12-08 18:22:00,781,11261.26,16.229163879598662,1
22606,WOODEN SKITTLES GARDEN SET,2010-12-06 11:01:00,2011-12-08 18:42:00,307,4542.76,16.485071428571427,1
22607,WOODEN ROUNDERS GARDEN SET,2010-12-01 13:17:00,2011-12-08 18:22:00,1327,12531.57,10.739052924791086,1
22608,PENS ASSORTED FUNKY JEWELED,2010-12-07 15:28:00,2011-12-09 10:03:00,5211,1114.6399999999999,0.33034722222222224,1
22609,PENS ASSORTED SPACEBALL,2010-12-03 11:36:00,2011-12-08 09:28:00,5838,1361.26,0.4201290322580645,1
22610,PENS ASSORTED FUNNY FACE,2010-12-01 11:41:00,2011-12-07 12:55:00,9572,2571.4,0.38857142857142857,1
22611,VINTAGE UNION JACK SHOPPING BAG,2010-12-07 18:36:00,2011-11-25 11:58:00,225,1077.03,5.553829787234043,1
22613,PACK OF 20 SPACEBOY NAPKINS,2010-12-06 09:58:00,2011-12-09 12:50:00,1538,1222.61,1.0078231292517008,1
22614,PACK OF 12 SPACEBOY TISSUES,2010-12-01 13:24:00,2011-12-09 10:03:00,3020,1019.5399999999998,0.45190045248868776,1
22615,PACK OF 12 CIRCUS PARADE TISSUES,2010-12-01 13:24:00,2011-12-09 10:03:00,2061,655.4699999999999,0.49514851485148514,1
22616,PACK OF 12 LONDON TISSUES,2010-12-01 11:57:00,2011-12-09 10:03:00,26107,7971.3,0.44837164750957853,1
22617,BAKING SET SPACEBOY DESIGN,2010-12-02 07:48:00,2011-12-09 09:38:00,2197,10685.65,5.472112068965517,1
22618,COOKING SET RETROSPOT,2010-12-01 12:15:00,2011-05-06 19:37:00,69,671.53,10.612857142857141,1
22619,SET OF 6 SOLDIER SKITTLES,2010-12-01 10:29:00,2011-12-09 10:26:00,2476,9880.04,4.666179775280899,1
22620,4 TRADITIONAL SPINNING TOPS,2010-12-01 11:41:00,2011-12-09 10:03:00,4889,6782.21,1.6602857142857141,1
22621,TRADITIONAL KNITTING NANCY,2010-12-03 10:26:00,2011-12-09 12:09:00,6100,9993.65,1.8828155339805823,1
22622,BOX OF VINTAGE ALPHABET BLOCKS,2010-12-01 08:34:00,2011-12-09 12:16:00,1330,13791.91,12.396615969581749,1
22623,BOX OF VINTAGE JIGSAW BLOCKS,2010-12-01 08:34:00,2011-12-07 13:35:00,922,5156.06,6.221991341991342,1
22624,IVORY KITCHEN SCALES,2010-12-01 12:58:00,2011-12-09 12:08:00,1879,16344.710000000001,9.46524682651622,1
22625,RED KITCHEN SCALES,2010-12-01 12:58:00,2011-12-09 11:56:00,1613,14022.7,9.802859778597785,1
22626,BLACK KITCHEN SCALES,2010-12-01 12:58:00,2011-12-08 17:24:00,509,4333.86,9.179387755102042,1
22627,MINT KITCHEN SCALES,2010-12-01 13:20:00,2011-12-09 12:08:00,846,7470.89,9.547932011331445,1
22628,PICNIC BOXES SET OF 3 RETROSPOT,2010-12-03 11:28:00,2011-12-09 08:48:00,957,4581.31,5.6749206349206345,1
22629,SPACEBOY LUNCH BOX,2010-12-01 08:45:00,2011-12-09 12:50:00,14249,25719.02,2.193337016574586,1
22630,DOLLY GIRL LUNCH BOX,2010-12-01 11:49:00,2011-12-09 10:03:00,11588,21292.989999999998,2.3323220536756124,1
22631,CIRCUS PARADE LUNCH BOX,2010-12-01 08:45:00,2011-12-09 12:50:00,3665,7176.169999999999,2.616558603491272,1
22632,HAND WARMER RED RETROSPOT,2010-12-01 08:28:00,2011-12-09 10:26:00,4462,8971.730000000001,2.2131909547738693,2
22633,HAND WARMER UNION JACK,2010-12-01 08:28:00,2011-12-09 10:20:00,4839,9998.52,2.1976016260162603,1
22634,CHILDS BREAKFAST SET SPACEBOY,2010-12-01 13:17:00,2011-12-09 10:03:00,751,7053.5,10.32443438914027,1
22635,CHILDS BREAKFAST SET DOLLY GIRL,2010-12-01 13:17:00,2011-12-07 14:43:00,674,6342.679999999999,10.376858638743455,1
22636,CHILDS BREAKFAST SET CIRCUS PARADE,2010-12-02 15:46:00,2011-12-08 15:03:00,591,4975.56,8.9297461928934,1
22637,PIGGY BANK RETROSPOT,2010-12-01 09:41:00,2011-11-27 11:22:00,2758,7106.08,3.1161280487804874,1
22638,SET OF 4 NAPKIN CHARMS CROWNS,2010-12-01 15:35:00,2011-12-08 13:50:00,300,481.88,2.2776923076923077,1
22639,SET OF 4 NAPKIN CHARMS HEARTS,2010-12-01 14:32:00,2011-12-08 09:20:00,805,1935.1599999999999,2.7926490066225167,1
22640,SET OF 4 NAPKIN CHARMS 3 KEYS,2010-12-01 15:35:00,2011-12-08 09:20:00,237,446.84,2.5242105263157892,1
22641,SET OF 4 NAPKIN CHARMS INSTRUMENT,2010-12-01 15:35:00,2011-12-07 15:07:00,139,303.72999999999996,2.5927027027027023,1
22642,SET OF 4 NAPKIN CHARMS STARS,2010-12-01 12:43:00,2011-12-08 13:50:00,269,596.36,2.645283018867924,1
22643,SET OF 4 NAPKIN CHARMS LEAVES,2010-12-01 12:43:00,2011-12-08 13:50:00,238,441.83,2.1975,1
22644,CERAMIC CHERRY CAKE MONEY BANK,2010-12-01 09:41:00,2011-12-09 11:20:00,2214,2986.97,2.1284420289855075,1
22645,CERAMIC HEART FAIRY CAKE MONEY BANK,2010-12-01 12:08:00,2011-12-09 11:20:00,2342,4692.34,2.2738418079096046,1
22646,CERAMIC STRAWBERRY CAKE MONEY BANK,2010-12-01 09:41:00,2011-12-09 11:20:00,4159,5682.72,2.0560714285714288,1
22647,CERAMIC LOVE HEART MONEY BANK,2010-12-08 14:25:00,2011-12-08 15:54:00,720,448.78,1.404090909090909,1
22649,STRAWBERRY FAIRY CAKE TEAPOT,2010-12-01 17:06:00,2011-12-05 11:58:00,785,4083.38,6.052686567164178,1
22650,CERAMIC PIRATE CHEST MONEY BANK,2010-12-01 12:08:00,2011-12-09 10:03:00,851,1320.6999999999998,1.9219580419580418,1
22651,GENTLEMAN SHIRT REPAIR KIT,2010-12-01 12:31:00,2011-12-09 10:03:00,2166,1837.4699999999998,1.1379411764705882,1
22652,TRAVEL SEWING KIT,2010-12-01 10:39:00,2011-11-15 16:38:00,5081,8595.57,1.9715565031982942,1
22653,BUTTON BOX,2010-12-01 12:43:00,2011-12-09 10:03:00,1866,3359.0,1.9483333333333333,1
22654,DELUXE SEWING KIT,2010-12-01 10:19:00,2011-12-09 10:26:00,1398,9815.65,7.774263803680983,1
22655,VINTAGE RED KITCHEN CABINET,2010-12-02 18:06:00,2011-11-01 15:06:00,52,6615.0,130.9375,1
22656,VINTAGE BLUE KITCHEN CABINET,2010-12-13 15:44:00,2011-10-12 13:14:00,23,3310.0,150.58823529411765,1
22659,LUNCH BOX I LOVE LONDON,2010-12-01 08:45:00,2011-12-09 10:26:00,11435,20657.899999999998,2.318882681564246,1
22660,DOORMAT I LOVE LONDON,2010-12-01 15:35:00,2011-12-07 12:48:00,364,2678.96,9.895098039215686,1
22661,CHARLOTTE BAG DOLLY GIRL DESIGN,2010-12-01 08:45:00,2011-12-08 16:30:00,5184,4206.45,0.9773923444976077,1
22662,LUNCH BAG DOLLY GIRL DESIGN,2010-12-01 09:56:00,2011-12-09 10:03:00,6706,11060.88,1.9342608695652173,1
22663,JUMBO BAG DOLLY GIRL DESIGN,2010-12-01 09:56:00,2011-12-09 10:26:00,3409,7031.7,2.5771333333333333,1
22664,TOY TIDY DOLLY GIRL DESIGN,2010-12-01 11:45:00,2011-12-09 10:20:00,703,1451.85,2.8740993788819877,1
22665,RECIPE BOX BLUE SKETCHBOOK DESIGN,2010-12-01 13:24:00,2011-11-25 11:36:00,1509,5171.43,4.0589265536723165,1
22666,RECIPE BOX PANTRY YELLOW DESIGN,2010-12-01 13:24:00,2011-12-09 10:26:00,8218,26079.100000000002,3.709991007194245,1
22667,RECIPE BOX RETROSPOT,2010-12-01 13:24:00,2011-12-09 08:48:00,2826,7889.5,3.0395689655172418,1
22668,PINK BABY BUNTING,2010-12-01 17:06:00,2011-12-08 12:43:00,2119,6520.969999999999,4.133859649122807,1
22669,RED BABY BUNTING,2010-12-01 14:32:00,2011-12-08 12:43:00,1078,3431.5,3.773004291845494,1
22670,FRENCH WC SIGN BLUE METAL,2010-12-01 12:22:00,2011-12-09 08:48:00,1882,2516.75,1.6347194719471947,1
22671,FRENCH LAUNDRY SIGN BLUE METAL,2010-12-03 17:28:00,2011-12-08 16:30:00,962,1608.6999999999998,2.1616666666666666,1
22672,FRENCH BATHROOM SIGN BLUE METAL,2010-12-02 10:45:00,2011-12-08 16:18:00,1464,2491.4199999999996,2.089681818181818,1
22673,FRENCH GARDEN SIGN BLUE METAL,2010-12-01 17:06:00,2011-12-08 12:26:00,779,1001.08,1.4923664122137406,1
22674,FRENCH TOILET SIGN BLUE METAL,2010-12-05 12:57:00,2011-12-08 17:37:00,1334,1677.72,1.519259259259259,1
22675,FRENCH KITCHEN SIGN BLUE METAL,2010-12-01 14:32:00,2011-12-08 16:30:00,1216,1525.16,1.5576219512195122,1
22676,FRENCH BLUE METAL DOOR SIGN 1,2010-12-02 10:45:00,2011-12-09 10:26:00,1144,1564.64,1.6384343434343436,1
22677,FRENCH BLUE METAL DOOR SIGN 2,2010-12-06 10:08:00,2011-12-02 17:12:00,990,1375.32,1.7327272727272727,1
22678,FRENCH BLUE METAL DOOR SIGN 3,2010-12-01 14:41:00,2011-12-08 16:30:00,833,1139.06,1.6737735849056603,1
22679,FRENCH BLUE METAL DOOR SIGN 4,2010-12-07 15:34:00,2011-12-08 16:30:00,730,1010.53,1.727615894039735,1
22680,FRENCH BLUE METAL DOOR SIGN 5,2010-12-06 11:26:00,2011-12-08 09:28:00,812,1120.29,1.657124183006536,1
22681,FRENCH BLUE METAL DOOR SIGN 6,2010-12-06 13:41:00,2011-12-05 17:24:00,699,959.4,1.6875396825396825,1
22682,FRENCH BLUE METAL DOOR SIGN 7,2010-12-06 10:08:00,2011-12-06 15:36:00,667,884.25,1.5982300884955751,1
22683,FRENCH BLUE METAL DOOR SIGN 8,2010-12-06 11:26:00,2011-12-02 11:53:00,634,858.99,1.6522689075630252,1
22684,FRENCH BLUE METAL DOOR SIGN 9,2010-12-05 13:17:00,2011-12-09 10:26:00,521,713.57,1.7085858585858587,1
22685,FRENCH BLUE METAL DOOR SIGN 0,2010-12-06 11:26:00,2011-12-08 16:30:00,584,768.3,1.5512244897959184,1
22686,FRENCH BLUE METAL DOOR SIGN NO,2010-12-01 14:41:00,2011-12-08 15:31:00,981,1293.38,1.8969426751592355,1
22687,DOORMAT CHRISTMAS VILLAGE,2011-03-17 18:18:00,2011-12-08 09:28:00,590,3354.22,11.319807692307693,1
22688,DOORMAT PEACE ON EARTH BLUE,2010-12-01 13:23:00,2011-12-08 14:38:00,705,3519.6600000000003,9.140625,1
22689,DOORMAT MERRY CHRISTMAS RED,2010-12-09 12:32:00,2011-11-28 15:54:00,671,5159.75,10.211369863013697,1
22690,DOORMAT HOME SWEET HOME BLUE,2010-12-05 16:24:00,2011-12-08 19:29:00,1614,9903.65,8.346431095406361,1
22691,DOORMAT WELCOME SUNRISE,2010-12-06 11:26:00,2011-12-08 13:36:00,368,2654.92,9.389491525423729,1
22692,DOORMAT WELCOME TO OUR HOME,2010-12-01 17:06:00,2011-12-08 17:57:00,1520,11523.16,9.601877828054299,1
22693,GROW A FLYTRAP OR SUNFLOWER IN TIN,2010-12-06 17:26:00,2011-12-09 10:03:00,16172,17837.45,1.4874917491749173,1
22694,WICKER STAR,2010-12-01 11:57:00,2011-12-09 11:34:00,1802,4167.72,2.550439024390244,1
22695,WICKER WREATH SMALL,2010-12-01 11:57:00,2011-12-09 12:20:00,741,1001.49,1.74696,1
22696,WICKER WREATH LARGE,2010-12-01 15:37:00,2011-12-07 12:19:00,729,1452.55,2.3487179487179484,1
22697,GREEN REGENCY TEACUP AND SAUCER,2010-12-01 12:51:00,2011-12-09 10:26:00,7209,22571.15,3.840984251968504,1
22698,PINK REGENCY TEACUP AND SAUCER,2010-12-09 11:28:00,2011-12-09 12:20:00,5720,17264.16,3.713722149410223,1
22699,ROSES REGENCY TEACUP AND SAUCER,2010-12-01 12:50:00,2011-12-09 10:26:00,9674,28563.62,3.6675211267605636,1
22700,BLACK AND WHITE DOG BOWL,2010-12-06 13:13:00,2011-10-07 13:17:00,1193,2593.33,2.6286274509803924,1
22701,PINK DOG BOWL,2010-12-03 15:19:00,2011-12-09 10:03:00,539,893.39,2.589557522123894,1
22702,BLACK AND WHITE CAT BOWL,2010-12-03 11:35:00,2011-12-02 16:39:00,1363,2684.6499999999996,2.037755102040816,1
22703,PINK CAT BOWL,2010-12-08 17:20:00,2011-12-09 10:03:00,360,583.33,1.754390243902439,1
22704,WRAP RED APPLES,2010-12-01 13:23:00,2011-12-09 12:20:00,5203,2137.26,0.4190697674418605,1
22705,WRAP GREEN PEARS,2010-12-02 14:42:00,2011-12-06 12:18:00,1858,780.36,0.42,1
22706,WRAP COWBOYS,2010-12-01 11:41:00,2011-12-07 10:12:00,2032,837.44,0.4188571428571429,1
22707,WRAP MONSTER FUN,2010-12-19 14:41:00,2011-12-02 10:22:00,1257,527.94,0.42,1
22708,WRAP DOLLY GIRL,2010-12-08 10:38:00,2011-12-08 10:24:00,2775,1149.5,0.41919191919191917,1
22709,WRAP WEDDING DAY,2011-01-05 13:57:00,2011-12-08 11:25:00,1325,528.5,0.41641025641025636,1
22710,WRAP I LOVE LONDON,2010-12-08 10:45:00,2011-12-06 11:39:00,4476,1763.92,0.4163106796116504,1
22711,WRAP CIRCUS PARADE,2010-12-14 12:11:00,2011-12-09 12:16:00,2877,1192.34,0.4192156862745098,1
22712,CARD DOLLY GIRL,2010-12-01 12:35:00,2011-12-09 10:03:00,4411,1812.12,0.5494533762057877,1
22713,CARD I LOVE LONDON,2010-12-01 12:31:00,2011-12-09 10:03:00,3441,1437.36,0.5413761467889908,1
22714,CARD BIRTHDAY COWBOY,2010-12-01 11:41:00,2011-12-09 10:03:00,3475,1410.69,0.5438839285714285,1
22715,CARD WEDDING DAY,2010-12-06 10:08:00,2011-11-27 13:26:00,1543,645.64,0.5171538461538462,1
22716,CARD CIRCUS PARADE,2010-12-01 11:41:00,2011-12-09 10:13:00,3201,1360.91,0.5248611111111111,1
22717,CARD DOG AND BALL,2010-12-02 10:39:00,2011-12-09 10:03:00,1229,535.78,0.5551908396946565,1
22718,CARD CAT AND TREE,2010-12-02 10:39:00,2011-12-07 17:05:00,1609,707.15,0.5783132530120482,1
22719,GUMBALL MONOCHROME COAT RACK,2010-12-01 09:41:00,2011-05-10 15:03:00,620,895.72,2.0745454545454542,1
22720,SET OF 3 CAKE TINS PANTRY DESIGN,2010-12-13 15:13:00,2011-12-09 10:03:00,7458,37985.14,5.840753077480087,1
22721,SET OF 3 CAKE TINS SKETCHBOOK,2010-12-14 11:48:00,2011-12-09 12:20:00,1020,4671.81,5.396275167785235,1
22722,SET OF 6 SPICE TINS PANTRY DESIGN,2010-12-13 15:13:00,2011-12-09 10:26:00,5949,24369.11,4.68083135391924,1
22723,SET OF 6 HERB TINS SKETCHBOOK,2010-12-13 15:13:00,2011-12-09 08:39:00,1163,4258.87,4.302390572390572,1
22725,ALARM CLOCK BAKELIKE CHOCOLATE,2010-12-01 16:25:00,2011-12-09 10:23:00,1967,8104.85,4.793255813953488,1
22726,ALARM CLOCK BAKELIKE GREEN,2010-12-01 08:45:00,2011-12-09 12:50:00,6407,27110.28,4.5468463886063075,1
22727,ALARM CLOCK BAKELIKE RED,2010-12-01 08:45:00,2011-12-09 12:50:00,7786,30592.37,4.400559241706161,1
22728,ALARM CLOCK BAKELIKE PINK,2010-12-01 08:45:00,2011-12-09 12:50:00,5348,20642.15,4.5840533672172805,1
22729,ALARM CLOCK BAKELIKE ORANGE,2010-12-01 10:47:00,2011-12-04 14:51:00,2311,9023.95,4.522997762863534,1
22730,ALARM CLOCK BAKELIKE IVORY,2010-12-01 10:47:00,2011-12-09 12:50:00,2871,11400.9,4.4227816901408445,1
22731,3D CHRISTMAS STAMPS STICKERS,2010-12-01 12:23:00,2011-12-07 12:48:00,1172,1536.24,1.5102083333333334,1
22732,3D VINTAGE CHRISTMAS STICKERS,2010-12-03 12:11:00,2011-12-07 13:53:00,1645,2162.75,1.5677894736842104,1
22733,3D TRADITIONAL CHRISTMAS STICKERS,2010-12-02 11:35:00,2011-12-09 10:26:00,1583,2095.08,1.5160696517412937,1
22734,SET OF 6 RIBBONS VINTAGE CHRISTMAS,2010-12-01 14:32:00,2011-12-09 10:51:00,3231,10523.34,3.51642523364486,1
22735,RIBBON REEL SOCKS AND MITTENS,2010-12-01 12:23:00,2011-12-09 10:23:00,741,1379.21,2.5397857142857143,1
22736,RIBBON REEL MAKING SNOWMEN,2010-12-01 11:41:00,2011-12-09 12:16:00,1212,2280.6,2.3876106194690268,1
22737,RIBBON REEL CHRISTMAS PRESENT,2010-12-01 12:23:00,2011-12-08 11:25:00,1348,2628.15,2.3461363636363637,1
22738,RIBBON REEL SNOWY VILLAGE,2010-12-01 11:57:00,2011-12-09 10:23:00,2043,3639.17,2.3420363636363635,1
22739,RIBBON REEL CHRISTMAS SOCK BAUBLE,2010-12-01 11:57:00,2011-12-08 16:30:00,1808,3540.47,2.37040625,1
22740,POLKADOT PEN,2010-12-01 13:31:00,2011-09-26 13:57:00,6842,5793.62,1.1349411764705881,1
22741,FUNKY DIVA PEN,2010-12-01 14:32:00,2011-12-09 10:03:00,8499,7323.0599999999995,1.1090128755364805,1
22742,MAKE YOUR OWN PLAYTIME CARD KIT,2010-12-01 12:23:00,2011-12-08 15:54:00,639,1323.5700000000002,3.0383168316831686,1
22743,MAKE YOUR OWN FLOWERPOWER CARD KIT,2010-12-01 13:17:00,2011-12-08 16:30:00,930,2408.54,3.649323671497585,1
22744,MAKE YOUR OWN MONSOON CARD KIT,2010-12-01 12:23:00,2011-12-08 20:01:00,861,2067.15,3.1243352601156067,1
22745,POPPY'S PLAYHOUSE BEDROOM,2010-12-01 08:34:00,2011-12-09 10:03:00,2009,4636.59,2.548416075650118,1
22746,POPPY'S PLAYHOUSE LIVINGROOM,2010-12-01 17:06:00,2011-12-08 16:30:00,1435,3211.34,2.5177370030581043,1
22747,POPPY'S PLAYHOUSE BATHROOM,2010-12-01 17:06:00,2011-12-09 08:59:00,954,2080.85,2.4989956331877727,1
22748,POPPY'S PLAYHOUSE KITCHEN,2010-12-01 08:34:00,2011-12-09 10:03:00,2104,4853.530000000001,2.4842889908256884,1
22749,FELTCRAFT PRINCESS CHARLOTTE DOLL,2010-12-01 08:34:00,2011-12-09 10:03:00,2362,9216.16,4.118048245614035,1
22750,FELTCRAFT PRINCESS LOLA DOLL,2010-12-01 11:57:00,2011-12-08 15:36:00,1997,7476.83,4.062096385542168,1
22751,FELTCRAFT PRINCESS OLIVIA DOLL,2010-12-01 11:49:00,2011-12-09 10:03:00,1561,5793.97,4.237594501718213,1
22752,SET 7 BABUSHKA NESTING BOXES,2010-12-01 08:26:00,2011-12-08 18:22:00,1667,13509.970000000001,9.806315789473684,1
22753,SMALL YELLOW BABUSHKA NOTEBOOK,2010-12-01 14:41:00,2011-12-09 11:20:00,1010,758.13,0.9668036529680365,1
22754,SMALL RED BABUSHKA NOTEBOOK,2010-12-01 12:43:00,2011-12-09 11:20:00,1951,1350.4699999999998,1.0024253731343282,1
22755,SMALL PURPLE BABUSHKA NOTEBOOK,2010-12-01 14:32:00,2011-12-09 11:20:00,1687,1187.96,0.9793280632411067,1
22756,LARGE YELLOW BABUSHKA NOTEBOOK,2010-12-01 17:06:00,2011-12-08 18:03:00,599,656.52,1.4316260162601626,1
22757,LARGE RED BABUSHKA NOTEBOOK,2010-12-01 14:32:00,2011-12-09 10:03:00,1096,1167.74,1.5376073619631903,1
22758,LARGE PURPLE BABUSHKA NOTEBOOK,2010-12-01 14:32:00,2011-12-09 10:03:00,1195,1110.25,1.4949720670391062,1
22759,SET OF 3 NOTEBOOKS IN PARCEL,2010-12-01 11:49:00,2011-11-30 11:08:00,5423,9007.64,2.0516550116550114,1
22760,"TRAY, BREAKFAST IN BED",2010-12-01 12:43:00,2011-09-05 10:00:00,273,3466.3599999999997,14.76102564102564,1
22761,CHEST 7 DRAWER MA CAMPAGNE,2010-12-02 11:45:00,2011-12-02 15:25:00,36,895.38,25.533846153846152,1
22762,CUPBOARD 3 DRAWER MA CAMPAGNE,2010-12-03 11:36:00,2011-12-07 11:06:00,157,2594.33,17.82233644859813,1
22763,KEY CABINET MA CAMPAGNE,2010-12-02 17:41:00,2011-12-09 10:03:00,201,2126.5699999999997,11.350571428571428,1
22764,"RUSTIC WOODEN CABINET, GLASS DOORS",2011-01-25 10:45:00,2011-03-25 12:10:00,4,149.82,37.455,1
22765,NEWSPAPER STAND,2010-12-01 15:35:00,2010-12-09 14:09:00,27,316.95000000000005,19.874000000000002,1
22766,PHOTO FRAME CORNICE,2010-12-01 11:21:00,2011-12-08 15:54:00,3257,9725.59,3.2154455445544556,1
22767,TRIPLE PHOTO FRAME CORNICE,2010-12-01 11:21:00,2011-12-08 15:54:00,764,7074.049999999999,10.280469483568075,1
22768,FAMILY PHOTO FRAME CORNICE,2010-12-01 11:21:00,2011-12-09 10:03:00,846,8049.639999999999,11.00484,1
22769,CHALKBOARD KITCHEN ORGANISER,2010-12-01 14:32:00,2011-01-04 13:25:00,11,366.73,37.61,1
22770,MIRROR CORNICE,2010-12-05 13:49:00,2011-12-04 14:55:00,91,1470.83,16.358813559322034,1
22771,CLEAR DRAWER KNOB ACRYLIC EDWARDIAN,2010-12-01 09:41:00,2011-12-08 09:20:00,6527,8915.44,1.568273542600897,1
22772,PINK DRAWER KNOB ACRYLIC EDWARDIAN,2010-12-01 11:29:00,2011-12-08 09:28:00,3793,5116.7,1.66984375,1
22773,GREEN DRAWER KNOB ACRYLIC EDWARDIAN,2010-12-01 11:29:00,2011-12-07 12:49:00,2075,2739.4,1.5244102564102564,1
22774,RED DRAWER KNOB ACRYLIC EDWARDIAN,2010-12-01 09:41:00,2011-12-07 11:42:00,2254,2871.75,1.5968794326241134,1
22775,PURPLE DRAWERKNOB ACRYLIC EDWARDIAN,2010-12-01 11:57:00,2011-12-08 16:30:00,3105,4469.37,1.743677685950413,1
22776,SWEETHEART CAKESTAND 3 TIER,2010-12-01 12:49:00,2011-12-09 10:26:00,1215,12807.63,11.481809523809524,3
22777,GLASS CLOCHE LARGE,2010-12-02 10:53:00,2011-07-21 18:21:00,352,2951.53,10.673793103448277,2
22778,GLASS CLOCHE SMALL,2010-12-02 10:53:00,2011-11-24 12:48:00,774,3025.96,4.934475524475524,2
22779,WOODEN OWLS LIGHT GARLAND,2010-12-01 09:58:00,2011-12-08 12:57:00,1533,5772.85,4.183066666666667,1
22780,LIGHT GARLAND BUTTERFILES PINK,2010-12-01 09:58:00,2011-12-08 12:57:00,1338,5010.34,4.1843939393939396,1
22781,GUMBALL MAGAZINE RACK,2010-12-01 13:51:00,2011-12-08 16:30:00,612,5122.16,9.883964757709252,1
22782,SET 3 WICKER STORAGE BASKETS,2010-12-13 15:46:00,2011-12-07 11:42:00,241,3399.95,19.355405405405406,1
22783,SET 3 WICKER OVAL BASKETS W LIDS,2010-12-01 09:45:00,2011-06-14 11:28:00,463,5961.25,14.623939393939393,1
22784,LANTERN CREAM GAZEBO,2010-12-01 12:36:00,2011-12-08 19:55:00,1263,6316.4400000000005,5.682733333333333,1
22785,SQUARECUSHION COVER PINK UNION JACK,2010-12-01 11:45:00,2011-12-09 10:46:00,245,1087.57,7.300540540540541,2
22786,CUSHION COVER PINK UNION JACK,2010-12-01 14:41:00,2011-12-07 14:12:00,123,764.63,7.620212765957446,1
22788,BROCANTE COAT RACK,2010-12-01 17:06:00,2011-06-15 13:05:00,217,1996.11,12.132413793103447,1
22789,T-LIGHT HOLDER SWEETHEART HANGING,2010-12-07 15:28:00,2011-12-08 14:38:00,844,1657.02,2.159928057553957,1
22791,T-LIGHT GLASS FLUTED ANTIQUE,2010-12-01 13:54:00,2011-12-09 08:59:00,7799,9706.24,1.5164139941690962,1
22792,FLUTED ANTIQUE CANDLE HOLDER,2010-12-01 14:32:00,2011-12-08 16:30:00,2773,2612.73,1.1545365853658536,1
22794,SWEETHEART WIRE MAGAZINE RACK,2010-12-01 14:41:00,2011-12-09 12:00:00,323,2761.05,9.037888888888888,1
22795,SWEETHEART RECIPE BOOK STAND,2010-12-01 14:41:00,2011-12-09 10:26:00,1195,8463.25,8.118509485094851,1
22796,PHOTO FRAME 3 CLASSIC HANGING,2010-12-02 11:35:00,2011-12-08 15:54:00,543,5416.799999999999,10.501136363636364,1
22797,CHEST OF DRAWERS GINGHAM HEART,2010-12-01 13:31:00,2011-12-07 08:38:00,153,2681.86,19.109759036144577,1
22798,ANTIQUE GLASS DRESSING TABLE POT,2010-12-01 09:45:00,2011-12-09 10:20:00,1790,5537.7,3.7844360902255643,1
22799,SWEETHEART WIRE FRUIT BOWL,2010-12-05 11:12:00,2011-12-06 12:26:00,207,1623.08,8.717191011235956,1
22800,ANTIQUE TALL SWIRLGLASS TRINKET POT,2010-12-01 13:51:00,2011-12-09 10:03:00,870,3560.74,4.955615763546798,1
22801,ANTIQUE GLASS PEDESTAL BOWL,2010-12-01 13:51:00,2011-12-08 16:30:00,1026,4200.14,4.733497757847533,1
22802,FAUX FUR CHOCOLATE THROW,2010-12-01 14:48:00,2011-12-07 12:19:00,87,1474.74,18.740408163265304,1
22803,IVORY EMBROIDERED QUILT,2010-12-01 10:51:00,2011-11-13 14:44:00,54,2038.0900000000001,38.972903225806455,1
22804,CANDLEHOLDER PINK HANGING HEART,2010-12-01 11:21:00,2011-12-08 10:59:00,2965,7677.25,3.181066945606695,2
22805,BLUE DRAWER KNOB ACRYLIC EDWARDIAN,2010-12-01 11:29:00,2011-12-09 10:23:00,1877,2559.78,1.680259067357513,1
22806,SET OF 6 T-LIGHTS WEDDING CAKE,2010-12-02 13:06:00,2011-12-08 12:07:00,260,677.0400000000001,3.388421052631579,1
22807,SET OF 6 T-LIGHTS TOADSTOOLS,2010-12-01 11:57:00,2011-12-09 10:46:00,818,2417.73,3.7699492385786804,1
22808,SET OF 6 T-LIGHTS EASTER CHICKS,2010-12-05 13:42:00,2011-12-09 10:46:00,345,1038.8700000000001,3.601466666666667,1
22809,SET OF 6 T-LIGHTS SANTA,2010-12-01 11:21:00,2011-12-09 10:03:00,1228,3745.8,3.5066829268292685,1
22810,SET OF 6 T-LIGHTS SNOWMEN,2010-12-01 11:21:00,2011-12-05 17:36:00,896,2899.6800000000003,3.6040606060606066,1
22811,SET OF 6 T-LIGHTS CACTI,2010-12-03 11:36:00,2011-12-09 10:46:00,881,2419.29,3.8372477064220183,1
22812,PACK 3 BOXES CHRISTMAS PANNETONE,2010-12-01 11:41:00,2011-12-05 16:04:00,1713,3584.8999999999996,2.824920634920635,2
22813,PACK 3 BOXES BIRD PANNETONE,2010-12-01 11:41:00,2011-12-09 10:26:00,2372,4640.78,2.645229357798165,2
22814,CARD PARTY GAMES,2010-12-01 13:24:00,2011-12-09 10:03:00,2129,888.47,0.4929361702127659,1
22815,CARD PSYCHEDELIC APPLES,2010-12-01 13:17:00,2011-12-09 10:03:00,2628,1118.84,0.4901492537313432,1
22816,CARD MOTORBIKE SANTA,2010-12-01 14:32:00,2011-12-09 12:20:00,3987,1691.76,0.4599253731343283,1
22817,CARD SUKI BIRTHDAY,2010-12-05 14:45:00,2011-12-09 10:03:00,2639,1114.81,0.48220689655172416,1
22818,CARD CHRISTMAS VILLAGE,2010-12-01 14:32:00,2011-12-09 10:03:00,3537,1510.08,0.46141078838174276,1
22819,"BIRTHDAY CARD, RETRO SPOT",2010-12-01 13:23:00,2011-12-09 10:03:00,2608,1104.81,0.4670740740740741,1
22820,GIFT BAG BIRTHDAY,2010-12-08 15:38:00,2011-12-02 16:39:00,940,575.4200000000001,0.6137179487179487,1
22821,GIFT BAG PSYCHEDELIC APPLES,2010-12-02 14:40:00,2011-12-09 10:03:00,1159,714.87,0.7055072463768116,1
22822,CREAM WALL PLANTER HEART SHAPED,2010-12-01 14:32:00,2011-12-08 14:39:00,433,2582.75,6.442974683544304,1
22823,CHEST NATURAL WOOD 20 DRAWERS,2010-12-21 10:26:00,2011-11-15 12:09:00,24,2745.0,118.07692307692308,1
22824,3 TIER SWEETHEART GARDEN SHELF,2010-12-09 14:50:00,2011-11-23 08:17:00,54,1902.3000000000002,35.66428571428572,1
22825,DECORATIVE PLANT POT WITH FRIEZE,2010-12-01 13:31:00,2011-11-27 14:30:00,71,568.47,8.498888888888889,1
22826,LOVE SEAT ANTIQUE WHITE METAL,2010-12-10 15:45:00,2011-11-23 12:13:00,55,5735.0,110.52631578947368,1
22827,RUSTIC  SEVENTEEN DRAWER SIDEBOARD,2010-12-01 10:29:00,2011-11-06 14:06:00,32,4920.0,157.17391304347825,1
22828,REGENCY MIRROR WITH SHUTTERS,2010-12-08 16:11:00,2011-11-16 09:32:00,10,1530.0,156.42857142857142,1
22829,SWEETHEART WIRE WALL TIDY,2010-12-01 12:08:00,2011-11-11 14:50:00,217,2207.5299999999997,10.903551401869157,1
22830,UTILTY CABINET WITH HOOKS,2010-12-05 13:08:00,2011-01-16 13:25:00,131,2610.29,21.771666666666665,1
22831,WHITE BROCANTE SOAP DISH,2010-12-01 17:06:00,2011-12-01 15:11:00,706,2070.9,3.319105691056911,1
22832,BROCANTE SHELF WITH HOOKS,2010-12-02 11:20:00,2011-11-29 14:58:00,158,1738.82,11.554324324324323,1
22833,HALL CABINET WITH 3 DRAWERS,2010-12-05 16:24:00,2011-02-03 11:39:00,76,2603.5299999999997,56.508,1
22834,HAND WARMER BABUSHKA DESIGN,2010-12-01 11:57:00,2011-12-09 11:59:00,4773,6872.53,2.2372972972972973,1
22835,HOT WATER BOTTLE I AM SO POORLY,2010-12-01 10:52:00,2011-12-09 10:23:00,3097,16426.56,5.895562310030395,1
22837,HOT WATER BOTTLE BABUSHKA,2010-12-01 11:22:00,2011-09-25 14:37:00,1136,5500.280000000001,5.577119565217392,2
22838,3 TIER CAKE TIN RED AND CREAM,2010-12-01 09:45:00,2011-12-09 10:26:00,571,8238.61,17.41575,1
22839,3 TIER CAKE TIN GREEN AND CREAM,2010-12-01 09:45:00,2011-12-08 09:28:00,439,6891.97,18.69172588832487,1
22840,ROUND CAKE TIN VINTAGE RED,2010-12-02 11:22:00,2011-12-08 16:18:00,900,6800.4400000000005,8.378669201520912,1
22841,ROUND CAKE TIN VINTAGE GREEN,2010-12-01 17:06:00,2011-12-08 12:07:00,520,4030.2200000000003,8.453365384615385,1
22842,BISCUIT TIN VINTAGE RED,2010-12-01 13:24:00,2011-12-05 17:28:00,577,3742.21,7.241096774193547,1
22843,BISCUIT TIN VINTAGE GREEN,2010-12-05 14:02:00,2011-12-05 11:58:00,445,2870.77,7.282682926829268,1
22844,VINTAGE CREAM DOG FOOD CONTAINER,2010-12-01 14:32:00,2011-12-09 10:26:00,982,9493.02,10.853647342995169,1
22845,VINTAGE CREAM CAT FOOD CONTAINER,2010-12-01 14:32:00,2011-12-09 10:26:00,799,5377.88,7.856126984126983,1
22846,BREAD BIN DINER STYLE RED,2010-12-01 15:00:00,2011-12-08 10:33:00,649,10413.42,17.74078947368421,1
22847,BREAD BIN DINER STYLE IVORY,2010-12-01 14:32:00,2011-12-08 14:38:00,886,14075.289999999999,17.433185595567867,1
22848,BREAD BIN DINER STYLE PINK,2010-12-01 11:21:00,2011-10-30 13:51:00,314,5063.9,18.290491803278687,1
22849,BREAD BIN DINER STYLE MINT,2010-12-02 13:08:00,2011-10-20 10:41:00,318,4950.98,16.932677165354328,1
22851,SET 20 NAPKINS FAIRY CAKES DESIGN,2010-12-01 11:21:00,2011-12-07 17:05:00,2729,2358.44,1.0010198300283286,1
22852,DOG BOWL VINTAGE CREAM,2010-12-10 15:45:00,2011-12-08 15:24:00,386,1740.8799999999999,4.639919354838709,1
22853,CAT BOWL VINTAGE CREAM,2010-12-05 10:45:00,2011-12-08 15:24:00,466,1636.46,3.631913043478261,1
22854,CREAM SWEETHEART EGG HOLDER,2010-12-01 12:48:00,2011-09-22 12:23:00,767,3708.52,5.392760736196319,1
22855,FINE WICKER HEART,2010-12-01 15:40:00,2011-08-30 16:43:00,2630,3286.73,1.5280168776371308,1
22856,ASSORTED EASTER DECORATIONS  BELLS,2010-12-10 09:35:00,2011-11-20 11:50:00,550,705.82,4.051923076923076,1
22857,ASSORTED EASTER GIFT TAGS,2010-12-12 11:44:00,2011-10-24 14:10:00,1145,965.8599999999999,1.338360655737705,1
22858,EASTER TIN KEEPSAKE,2010-12-12 11:44:00,2011-10-06 18:08:00,1123,1855.83,1.9455882352941174,1
22859,EASTER TIN BUNNY BOUQUET,2010-12-05 13:42:00,2011-11-15 16:34:00,1179,1963.4699999999998,1.9287261146496815,1
22860,EASTER TIN CHICKS PINK DAISY,2010-12-05 13:42:00,2011-11-18 14:50:00,589,1017.7699999999999,1.9718691588785044,1
22861,EASTER TIN CHICKS IN GARDEN,2010-12-12 11:44:00,2011-04-21 16:17:00,305,522.93,2.0107999999999997,1
22862,LOVE HEART NAPKIN BOX,2010-12-01 14:32:00,2011-01-25 13:46:00,171,826.95,5.413235294117648,1
22863,SOAP DISH BROCANTE,2010-12-01 17:06:00,2011-12-06 12:18:00,707,2035.3300000000002,3.2986238532110095,1
22865,HAND WARMER OWL DESIGN,2010-12-01 10:39:00,2011-12-09 10:26:00,8332,17561.43,2.3617602427921094,1
22866,HAND WARMER SCOTTY DOG DESIGN,2010-12-01 10:39:00,2011-12-09 10:26:00,6515,14188.920000000002,2.337379679144385,1
22867,HAND WARMER BIRD DESIGN,2010-12-01 10:47:00,2011-12-09 10:03:00,6397,13986.29,2.402956989247312,1
22868,NUMBER TILE COTTAGE GARDEN 0,2010-12-15 15:47:00,2011-11-21 15:18:00,63,144.65,3.04,1
22869,NUMBER TILE COTTAGE GARDEN 1,2010-12-15 15:47:00,2011-11-29 15:39:00,96,246.14,3.1904545454545454,1
22870,NUMBER TILE COTTAGE GARDEN 2,2010-12-01 17:06:00,2011-11-29 15:08:00,93,240.29,3.2600000000000002,1
22871,NUMBER TILE COTTAGE GARDEN 3,2010-12-15 15:47:00,2011-11-16 15:16:00,67,163.35,3.258,1
22872,NUMBER TILE COTTAGE GARDEN 4,2010-12-15 15:47:00,2011-12-08 09:20:00,72,177.46,3.1853333333333333,1
22873,NUMBER TILE COTTAGE GARDEN 5,2010-12-07 18:36:00,2011-11-25 14:25:00,60,145.5,3.0461538461538464,1
22874,NUMBER TILE COTTAGE GARDEN 6,2010-12-15 15:47:00,2011-11-09 16:14:00,65,150.81,2.944545454545455,1
22875,NUMBER TILE COTTAGE GARDEN 7,2010-12-07 15:34:00,2011-12-08 09:20:00,63,149.09,2.9124,1
22876,NUMBER TILE COTTAGE GARDEN 8,2010-12-01 14:32:00,2011-09-27 18:41:00,61,138.81,2.943,1
22877,NUMBER TILE COTTAGE GARDEN 9,2010-12-15 15:47:00,2011-10-04 16:37:00,63,138.10999999999999,2.638421052631579,1
22878,NUMBER TILE COTTAGE GARDEN NO,2010-12-15 15:47:00,2011-11-16 15:16:00,75,204.19,3.453333333333333,1
22879,NUMBER TILE VINTAGE FONT 0,2010-12-14 12:59:00,2011-10-04 16:37:00,70,102.46,2.8674999999999997,1
22880,NUMBER TILE VINTAGE FONT 1,2010-12-07 15:28:00,2011-11-15 12:25:00,97,196.69,3.299375,1
22881,NUMBER TILE VINTAGE FONT 2,2010-12-14 12:59:00,2011-12-09 10:03:00,102,197.56,3.2152941176470584,1
22882,NUMBER TILE VINTAGE FONT 3,2010-12-03 11:36:00,2011-12-05 14:40:00,107,211.75,3.0543902439024393,1
22883,NUMBER TILE VINTAGE FONT 4,2010-12-07 15:28:00,2011-12-05 17:28:00,99,189.53,3.337741935483871,1
22884,NUMBER TILE VINTAGE FONT 5,2010-12-03 11:36:00,2011-11-30 12:32:00,99,194.04999999999998,3.086666666666667,1
22885,NUMBER TILE VINTAGE FONT 6,2010-12-09 16:31:00,2011-12-09 10:03:00,95,170.82999999999998,3.1396296296296295,1
22886,NUMBER TILE VINTAGE FONT 7,2010-12-14 12:59:00,2011-12-01 19:42:00,87,146.43,2.8827999999999996,1
22887,NUMBER TILE VINTAGE FONT 8,2010-12-13 09:35:00,2011-12-05 14:40:00,78,126.78,2.967391304347826,1
22888,NUMBER TILE VINTAGE FONT 9,2010-12-14 12:59:00,2011-12-09 10:03:00,76,124.97999999999999,3.1642857142857146,1
22889,NUMBER TILE VINTAGE FONT NO,2010-12-07 15:28:00,2011-12-05 11:48:00,169,263.8,3.626969696969697,1
22890,NOVELTY BISCUITS CAKE STAND 3 TIER,2010-12-01 17:06:00,2011-12-09 10:03:00,375,3840.37,11.3426875,1
22891,TEA FOR ONE POLKADOT,2010-12-03 11:27:00,2011-12-09 10:26:00,404,2040.18,5.891614906832298,1
22892,SET OF SALT AND PEPPER TOADSTOOLS,2010-12-03 13:59:00,2011-11-22 11:34:00,2448,2991.6,1.2451776649746193,1
22893,MINI CAKE STAND T-LIGHT HOLDER,2010-12-02 13:06:00,2011-12-08 12:07:00,1866,928.5,0.6421830985915493,1
22894,TABLECLOTH RED APPLES DESIGN,2010-12-05 12:42:00,2011-12-09 12:20:00,305,3027.3799999999997,10.172682926829268,1
22895,SET OF 2 TEA TOWELS APPLE AND PEARS,2010-12-01 12:35:00,2011-12-09 10:23:00,2052,6316.6,3.6050877192982456,1
22896,PEG BAG APPLES DESIGN,2010-12-02 11:35:00,2011-12-09 10:23:00,1566,3997.46,3.208159722222222,2
22897,OVEN MITT APPLES DESIGN,2010-12-01 17:06:00,2011-12-08 20:01:00,1330,1984.1,1.8182380952380952,1
22898,CHILDRENS APRON APPLES DESIGN,2010-12-01 17:06:00,2011-12-09 10:23:00,2414,5150.92,2.5617983651226157,1
22899,CHILDREN'S APRON DOLLY GIRL,2010-12-01 11:57:00,2011-12-09 12:50:00,2069,4326.43,2.442825396825397,1
22900,SET 2 TEA TOWELS I LOVE LONDON,2010-12-01 08:45:00,2011-12-09 10:26:00,4874,14831.18,3.739089219330855,1
22902,TOTE BAG I LOVE LONDON,2010-12-01 11:49:00,2011-12-08 16:30:00,1264,2582.88,2.6758955223880596,1
22903,CALENDAR FAMILY FAVOURITES,2010-12-07 14:41:00,2011-12-08 16:30:00,193,550.6,3.033728813559322,1
22904,CALENDAR PAPER CUT DESIGN,2010-12-01 12:43:00,2011-11-17 12:43:00,1834,5467.26,3.353065693430657,1
22905,CALENDAR IN SEASON DESIGN,2010-12-01 12:43:00,2011-12-09 10:03:00,581,1502.2900000000002,2.78990990990991,1
22906,12 MESSAGE CARDS WITH ENVELOPES,2010-12-01 12:43:00,2011-12-09 12:20:00,1733,2947.87,2.0496899224806198,1
22907,PACK OF 20 NAPKINS PANTRY DESIGN,2010-12-01 12:49:00,2011-12-09 12:16:00,6549,5649.599999999999,0.9903768115942029,1
22908,PACK OF 20 NAPKINS RED APPLES,2010-12-03 11:36:00,2011-12-09 12:20:00,4380,3569.58,0.9678851174934725,1
22909,SET OF 20 VINTAGE CHRISTMAS NAPKINS,2010-12-01 11:57:00,2011-12-09 11:34:00,8760,7882.54,0.9915594855305466,1
22910,PAPER CHAIN KIT VINTAGE CHRISTMAS,2010-12-01 10:19:00,2011-12-09 12:19:00,10308,32096.14,3.371174334140436,1
22911,PAPER CHAIN KIT LONDON,2010-12-01 13:17:00,2011-12-05 09:15:00,463,1358.0900000000001,3.2443157894736845,1
22912,YELLOW COAT RACK PARIS FASHION,2010-12-01 08:34:00,2011-11-28 14:06:00,287,1342.39,5.285841584158416,1
22913,RED COAT RACK PARIS FASHION,2010-12-01 08:34:00,2011-12-05 17:28:00,352,1673.15,5.552053571428572,1
22914,BLUE COAT RACK PARIS FASHION,2010-12-01 08:34:00,2011-12-09 10:03:00,467,2261.21,5.506387096774193,1
22915,ASSORTED BOTTLE TOP  MAGNETS,2010-12-01 09:59:00,2011-12-09 12:31:00,3134,1398.86,1.1756830601092896,1
22916,HERB MARKER THYME,2010-12-01 12:43:00,2011-12-08 16:30:00,1893,1306.41,0.8510373443983402,1
22917,HERB MARKER ROSEMARY,2010-12-01 12:43:00,2011-12-08 16:30:00,1925,1332.42,0.852,1
22918,HERB MARKER PARSLEY,2010-12-01 12:43:00,2011-12-08 16:30:00,1857,1267.5500000000002,0.8514583333333333,1
22919,HERB MARKER MINT,2010-12-01 12:43:00,2011-12-08 16:30:00,1741,1214.0600000000002,0.8421074380165289,1
22920,HERB MARKER BASIL,2010-12-01 12:43:00,2011-12-08 16:30:00,1896,1312.29,0.8624793388429752,1
22921,HERB MARKER CHIVES,2010-12-01 12:43:00,2011-12-08 16:30:00,1704,1173.0700000000002,0.8441626794258373,1
22922,FRIDGE MAGNETS US DINER ASSORTED,2010-12-01 09:59:00,2011-12-09 10:03:00,1449,1321.1999999999998,1.7963636363636364,1
22923,FRIDGE MAGNETS LES ENFANTS ASSORTED,2010-12-01 09:59:00,2011-12-08 15:31:00,1234,1039.27,1.0014102564102565,1
22924,FRIDGE MAGNETS LA VIE EN ROSE,2010-12-02 11:02:00,2011-12-09 10:03:00,1169,1063.1,1.3941176470588235,1
22925,BLUE GIANT GARDEN THERMOMETER,2010-12-01 12:22:00,2011-10-28 12:09:00,444,2727.7200000000003,6.516685082872928,1
22926,IVORY GIANT GARDEN THERMOMETER,2010-12-01 09:45:00,2011-05-10 10:00:00,586,3609.25,6.293041237113402,1
22927,GREEN GIANT GARDEN THERMOMETER,2010-12-01 12:22:00,2011-12-05 11:48:00,426,2680.9100000000003,6.691020408163266,1
22928,YELLOW GIANT GARDEN THERMOMETER,2010-12-01 14:32:00,2011-12-09 10:03:00,288,1993.75,7.784695652173913,1
22929,SCHOOL DESK AND CHAIR,2010-12-17 14:21:00,2011-10-26 13:46:00,16,1004.75,63.71818181818182,1
22930,BAKING MOULD HEART MILK CHOCOLATE,2010-12-08 10:40:00,2011-12-08 14:38:00,1012,2645.2,3.0784736842105263,1
22931,BAKING MOULD HEART WHITE CHOCOLATE,2010-12-08 10:40:00,2011-12-08 13:47:00,813,1963.3,2.8299999999999996,1
22932,BAKING MOULD TOFFEE CUP CHOCOLATE,2010-12-08 10:40:00,2011-12-08 13:47:00,788,1799.28,2.7170422535211265,2
22933,BAKING MOULD EASTER EGG MILK CHOC,2010-12-09 12:20:00,2011-12-05 17:28:00,784,2248.1200000000003,3.5046280991735537,1
22934,BAKING MOULD EASTER EGG WHITE CHOC,2010-12-10 09:35:00,2011-11-11 13:06:00,589,1707.47,3.2253846153846157,1
22935,BAKING MOULD ROSE MILK CHOCOLATE,2010-12-08 10:46:00,2011-12-08 13:47:00,618,1868.82,3.82125,1
22936,BAKING MOULD ROSE WHITE CHOCOLATE,2010-12-08 10:46:00,2011-12-08 13:47:00,207,697.97,4.357058823529412,1
22937,BAKING MOULD CHOCOLATE CUPCAKES,2010-12-08 10:40:00,2011-12-07 08:45:00,966,2547.94,2.9238650306748464,3
22938,CUPCAKE LACE PAPER SET 6,2010-12-01 11:58:00,2011-12-08 16:30:00,2331,4418.429999999999,2.0955135135135134,1
22939,APRON APPLE DELIGHT,2010-12-05 12:29:00,2011-12-06 09:31:00,457,2333.27,6.029677419354838,2
22940,FELTCRAFT CHRISTMAS FAIRY,2010-12-01 11:49:00,2011-12-09 10:03:00,1899,7822.25,4.550923076923077,1
22941,CHRISTMAS LIGHTS 10 REINDEER,2010-12-01 10:03:00,2011-12-09 12:19:00,1656,13676.92,9.972362459546925,1
22942,CHRISTMAS LIGHTS 10 SANTAS,2010-12-01 11:57:00,2011-12-09 10:46:00,591,4316.04,8.3344,1
22943,CHRISTMAS LIGHTS 10 VINTAGE BAUBLES,2010-12-01 12:50:00,2011-12-09 10:23:00,1346,6710.92,6.27695652173913,1
22944,CHRISTMAS METAL POSTCARD WITH BELLS,2010-12-01 17:06:00,2011-12-08 09:28:00,3363,1838.96,1.3270796460176992,1
22945,CHRISTMAS METAL TAGS ASSORTED,2010-12-01 12:23:00,2011-12-08 09:28:00,2841,2900.14,2.2275722543352603,1
22946,WOODEN ADVENT CALENDAR CREAM,2010-12-01 15:35:00,2011-12-08 14:39:00,453,7030.22,18.158260869565215,1
22947,WOODEN ADVENT CALENDAR RED,2010-12-01 13:20:00,2011-11-30 15:33:00,744,8680.34,13.084264705882353,1
22948,METAL DECORATION NAUGHTY CHILDREN,2010-12-01 14:32:00,2011-12-09 10:03:00,1593,1598.1899999999998,1.6826241134751774,1
22949,36 DOILIES DOLLY GIRL,2010-12-01 14:32:00,2011-12-06 16:26:00,944,1400.1499999999999,1.7220192307692308,2
22950,36 DOILIES VINTAGE CHRISTMAS,2011-06-08 14:29:00,2011-11-07 11:33:00,4885,6719.349999999999,1.5924725274725273,2
22951,60 CAKE CASES DOLLY GIRL DESIGN,2010-12-01 11:57:00,2011-12-09 10:03:00,7361,3924.2000000000003,0.6763157894736842,1
22952,60 CAKE CASES VINTAGE CHRISTMAS,2010-12-01 11:57:00,2011-12-09 10:51:00,15792,9398.07,0.7655625990491285,2
22953,BIRTHDAY PARTY CORDON BARRIER TAPE,2010-12-01 14:41:00,2011-12-08 12:07:00,502,647.11,1.3605050505050504,2
22954,HEN PARTY CORDON BARRIER TAPE,2010-12-13 13:25:00,2011-11-24 14:40:00,197,241.38,1.3907500000000002,1
22955,36 FOIL STAR CAKE CASES,2010-12-01 12:43:00,2011-12-09 10:03:00,1040,2053.3500000000004,2.3133823529411766,1
22956,36 FOIL HEART CAKE CASES,2010-12-01 12:23:00,2011-12-09 11:34:00,1900,3704.3900000000003,2.2277889447236183,1
22957,SET 3 PAPER VINTAGE CHICK PAPER EGG,2011-01-14 14:11:00,2011-09-29 13:38:00,1775,5014.650000000001,3.115555555555556,1
22959,WRAP CHRISTMAS VILLAGE,2010-12-03 11:41:00,2011-12-06 14:52:00,4601,1888.42,0.41841726618705033,1
22960,JAM MAKING SET WITH JARS,2010-12-01 08:34:00,2011-12-09 10:26:00,8614,36755.88,5.087867975022301,1
22961,JAM MAKING SET PRINTED,2010-12-01 09:41:00,2011-12-09 10:26:00,16173,25352.829999999998,1.9074438687392057,1
22962,JAM JAR WITH PINK LID,2010-12-01 10:19:00,2011-12-09 10:03:00,3896,3288.11,1.058187134502924,1
22963,JAM JAR WITH GREEN LID,2010-12-01 10:19:00,2011-12-09 10:03:00,3272,2762.69,1.0843648208469054,2
22964,3 PIECE SPACEBOY COOKIE CUTTER SET,2010-12-01 11:29:00,2011-12-09 10:03:00,2617,5457.990000000001,2.532849604221636,1
22965,3 TRADITIONAL BISCUIT CUTTERS  SET,2010-12-01 16:17:00,2011-12-09 10:03:00,1359,2885.4100000000003,2.3504237288135594,2
22966,GINGERBREAD MAN COOKIE CUTTER,2010-12-01 13:24:00,2011-12-09 10:26:00,7435,9195.9,1.452720588235294,1
22967,SET 3 SONG BIRD PAPER EGGS ASSORTED,2011-01-14 14:11:00,2011-12-07 14:39:00,1165,3253.71,3.0124817518248177,1
22968,ROSE COTTAGE KEEPSAKE BOX,2010-12-01 10:19:00,2011-12-08 16:30:00,789,7802.23,12.008817204301074,1
22969,HOMEMADE JAM SCENTED CANDLES,2010-12-01 09:59:00,2011-12-09 10:03:00,12472,18701.55,1.7941057542768273,1
22970,LONDON BUS COFFEE MUG,2010-12-15 17:28:00,2011-12-08 15:03:00,4334,10140.6,2.730219435736677,1
22971,QUEENS GUARD COFFEE MUG,2010-12-16 10:52:00,2011-12-08 12:30:00,2431,5849.29,2.7821167883211677,1
22972,CHILDREN'S SPACEBOY MUG,2010-12-01 11:45:00,2011-12-08 13:36:00,1783,3047.8399999999997,1.9884716157205238,2
22973,CHILDREN'S CIRCUS PARADE MUG,2010-12-01 13:04:00,2011-12-07 15:16:00,1236,2104.66,2.0387412587412586,1
22974,CHILDRENS DOLLY GIRL MUG,2010-12-01 13:17:00,2011-12-08 09:28:00,1586,2709.89,2.0463235294117648,1
22975,SPACEBOY CHILDRENS EGG CUP,2010-12-01 11:45:00,2011-12-09 10:03:00,1204,1624.63,1.544627659574468,1
22976,CIRCUS PARADE CHILDRENS EGG CUP,2010-12-01 14:32:00,2011-12-09 12:16:00,1054,1374.01,1.5158041958041957,1
22977,DOLLY GIRL CHILDRENS EGG CUP,2010-12-01 17:06:00,2011-12-09 10:03:00,950,1252.61,1.4786029411764705,1
22978,PANTRY ROLLING PIN,2011-02-17 13:28:00,2011-12-08 16:30:00,2410,9371.119999999999,4.361163793103448,1
22979,PANTRY WASHING UP BRUSH,2011-03-02 08:26:00,2011-12-09 10:03:00,4006,6284.42,1.8208923884514436,1
22980,PANTRY SCRUBBING BRUSH,2011-02-16 13:02:00,2011-12-09 10:03:00,2291,3800.8099999999995,1.9271821305841923,1
22981,PANTRY APPLE CORER,2011-03-03 15:02:00,2011-12-07 14:43:00,470,702.68,1.874018691588785,1
22982,PANTRY PASTRY BRUSH,2011-03-02 12:18:00,2011-12-09 10:03:00,1130,1513.77,1.6409047619047619,1
22983,CARD BILLBOARD FONT,2010-12-01 12:35:00,2011-12-09 10:03:00,5157,2207.96,0.5257142857142857,1
22984,CARD GINGHAM ROSE,2010-12-05 15:46:00,2011-12-09 10:03:00,2693,1096.09,0.47944785276073615,1
22985,WRAP BILLBOARD FONTS DESIGN,2010-12-02 14:40:00,2011-12-09 11:34:00,3782,1500.44,0.4183838383838384,2
22986,WRAP GINGHAM ROSE,2010-12-02 13:32:00,2011-12-08 12:29:00,4080,1701.6,0.41961038961038966,2
22987,WRAP SUMMER ROSE DESIGN,2011-05-03 10:30:00,2011-10-10 16:36:00,102,42.84,0.42000000000000004,1
22988,SOLDIERS EGG CUP,2010-12-01 11:49:00,2011-12-09 10:03:00,9001,10768.31,1.5001913875598087,1
22989,SET 2 PANTRY DESIGN TEA TOWELS,2011-02-03 17:01:00,2011-12-09 10:03:00,2787,8921.27,3.6909358288770058,1
22990,COTTON APRON PANTRY DESIGN,2011-02-06 14:33:00,2011-12-08 19:57:00,517,2413.23,5.3357861635220125,1
22991,GIRAFFE WOODEN RULER,2011-02-17 12:01:00,2011-12-09 12:16:00,3581,7094.589999999999,2.278260869565217,1
22992,REVOLVER WOODEN RULER,2011-02-17 12:01:00,2011-12-09 12:16:00,4927,9860.09,2.275909090909091,1
22993,SET OF 4 PANTRY JELLY MOULDS,2011-02-17 12:51:00,2011-12-09 12:19:00,12589,16403.48,1.4989308755760369,1
22994,TRAVEL CARD WALLET RETROSPOT,2011-02-16 16:56:00,2011-12-09 08:48:00,2170,946.86,0.5288073394495413,1
22995,TRAVEL CARD WALLET SUKI,2011-02-17 12:51:00,2011-12-09 10:03:00,2333,1038.48,0.5428571428571429,1
22996,TRAVEL CARD WALLET VINTAGE TICKET,2011-02-17 12:51:00,2011-12-09 10:03:00,4797,2093.25,0.529903381642512,1
22997,TRAVEL CARD WALLET UNION JACK,2011-02-17 13:47:00,2011-12-09 10:03:00,2497,1074.77,0.4939366515837104,1
22998,TRAVEL CARD WALLET KEEP CALM,2011-02-16 16:56:00,2011-12-09 10:03:00,12269,5222.08,0.49803001876172603,1
22999,TRAVEL CARD WALLET VINTAGE LEAF,2011-02-17 12:51:00,2011-12-09 10:03:00,2894,1252.59,0.48244444444444445,2
23000,TRAVEL CARD WALLET TRANSPORT,2011-02-16 16:56:00,2011-12-09 08:48:00,3145,1358.2,0.5200719424460432,1
23002,TRAVEL CARD WALLET SKULLS,2011-02-16 16:56:00,2011-12-09 08:48:00,2047,884.13,0.524869109947644,1
23003,TRAVEL CARD WALLET VINTAGE ROSE,2011-02-16 16:56:00,2011-06-12 12:34:00,542,226.2,0.41888888888888887,1
23004,TRAVEL CARD WALLET PANTRY,2011-02-16 16:56:00,2011-12-09 08:48:00,1978,893.08,0.6038565022421525,1
23005,TRAVEL CARD WALLET I LOVE LONDON,2011-02-17 13:47:00,2011-12-09 10:03:00,4733,2126.55,0.5217213114754098,1
23006,TRAVEL CARD WALLET FLOWER MEADOW,2011-02-16 16:56:00,2011-12-08 16:30:00,1686,732.51,0.5209411764705882,1
23007,SPACEBOY BABY GIFT SET,2011-03-09 12:37:00,2011-12-09 10:03:00,495,7690.9,15.902032967032968,1
23008,DOLLY GIRL BABY GIFT SET,2011-03-09 15:20:00,2011-12-08 16:30:00,427,6617.91,16.107076923076924,1
23009,I LOVE LONDON BABY GIFT SET,2011-03-09 15:17:00,2011-12-09 10:03:00,263,4082.5199999999995,15.988252427184465,1
23010,CIRCUS PARADE BABY GIFT SET,2011-03-09 12:37:00,2011-12-04 12:02:00,313,4845.7,16.290636363636363,1
23012,GLASS APOTHECARY BOTTLE PERFUME,2011-06-14 13:04:00,2011-12-09 10:26:00,1067,4181.31,4.632672064777328,1
23013,GLASS APOTHECARY BOTTLE TONIC,2011-06-14 14:49:00,2011-12-09 10:26:00,920,3658.36,4.676188340807175,1
23014,GLASS APOTHECARY BOTTLE ELIXIR,2011-06-14 13:04:00,2011-12-09 10:26:00,848,3387.9800000000005,4.872583732057416,1
23015,CORDIAL GLASS JUG,2011-06-17 11:04:00,2011-11-24 15:01:00,34,288.88,8.742941176470588,2
23016,GLASS TWIST BON BON JAR,2011-06-16 16:57:00,2011-12-06 12:38:00,74,575.25,8.714583333333332,1
23017,APOTHECARY MEASURING JAR,2011-06-26 13:56:00,2011-12-08 09:20:00,67,826.28,12.759545454545453,1
23018,LARGE APOTHECARY MEASURING JAR,2011-06-26 13:56:00,2011-11-16 15:26:00,51,612.1600000000001,12.900476190476192,1
23019,SMALL APOTHECARY MEASURING JAR,2011-06-21 14:00:00,2011-12-08 12:26:00,81,629.0500000000001,8.078571428571427,1
23020,GLASS  SONGBIRD STORAGE JAR,2011-06-14 13:40:00,2011-12-06 12:21:00,176,2141.84,13.023472222222223,2
23021,GLASS BONNE JAM JAR,2011-06-20 09:41:00,2011-12-06 11:39:00,120,500.82000000000005,4.441851851851852,1
23022,SMALL BONNE JAM JAR  T-LIGHT HOLDER,2011-06-15 15:35:00,2011-12-05 14:40:00,392,745.76,2.0272727272727273,1
23023,RIDGED BONNE JAM JAR T-LIGHT HOLDER,2011-06-20 15:47:00,2011-12-05 13:14:00,274,437.81999999999994,1.7651999999999999,1
23024,LARGE BONNE JAM JAR  T-LIGHT HOLDER,2011-06-22 15:41:00,2011-11-14 13:55:00,255,667.8500000000001,3.0081818181818183,1
23025,DRAWER KNOB VINTAGE GLASS BALL,2011-06-27 08:50:00,2011-12-02 10:32:00,344,748.32,2.2733962264150946,1
23026,DRAWER KNOB VINTAGE GLASS STAR,2011-06-16 17:08:00,2011-12-07 11:42:00,544,1174.0,2.3311111111111114,1
23027,DRAWER KNOB VINTAGE GLASS HEXAGON,2011-06-22 14:38:00,2011-12-02 10:32:00,295,627.95,2.216666666666667,1
23028,DRAWER KNOB CRACKLE GLAZE BLUE,2011-06-14 13:51:00,2011-11-02 13:46:00,1369,2377.1299999999997,1.9253623188405797,2
23029,DRAWER KNOB CRACKLE GLAZE GREEN,2011-06-14 13:51:00,2011-12-08 15:54:00,1346,2294.0199999999995,1.8378709677419356,2
23031,DRAWER KNOB CRACKLE GLAZE PINK,2011-06-14 13:51:00,2011-12-07 14:39:00,1278,2152.2999999999997,1.827290322580645,2
23032,DRAWER KNOB CRACKLE GLAZE IVORY,2011-06-14 13:51:00,2011-11-27 11:05:00,2315,3832.2299999999996,1.7762,2
23033,DRAWER KNOB CERAMIC RED,2011-06-14 13:51:00,2011-12-09 11:34:00,714,1058.8999999999999,1.814864864864865,1
23034,DRAWER KNOB CERAMIC BLACK,2011-06-14 13:51:00,2011-12-09 11:34:00,973,1439.97,1.629325842696629,1
23035,DRAWER KNOB CERAMIC IVORY,2011-06-14 13:15:00,2011-12-08 16:30:00,2185,3191.29,1.646020942408377,2
23036,T-LIGHT HOLDER SILVER PETIT FOUR,2011-06-22 11:59:00,2011-12-06 11:39:00,184,232.42000000000002,1.325625,1
23037,CANDLE HOLDER SILVER MADELINE,2011-06-24 12:44:00,2011-12-09 12:16:00,196,325.15999999999997,1.886,1
23038,T-LIGHT HOLDER SILVER SAUCER,2011-07-11 14:46:00,2011-12-05 17:17:00,44,42.919999999999995,1.3299999999999998,1
23039,T-LIGHT HOLDER SILVER HEART HANDLE,2011-06-19 10:35:00,2011-12-05 09:15:00,193,388.01,2.406428571428571,1
23040,PAPER LANTERN 9 POINT SNOW STAR,2011-04-28 13:35:00,2011-12-09 11:34:00,253,1394.03,6.278372093023257,1
23041,PAPER LANTERN 9 POINT SNOW STAR,2011-04-28 13:35:00,2011-12-09 11:34:00,248,1078.88,4.618679245283019,2
23042,PAPER LANTERN 7 POINT SNOW STAR,2011-04-28 13:35:00,2011-12-05 11:48:00,93,645.01,7.387777777777778,1
23043,PAPER LANTERN 9 POINT HOLLY STAR L,2011-05-05 18:16:00,2011-12-05 17:28:00,81,543.51,7.33,2
23044,PAPER LANTERN 9 POINT HOLLY STAR S,2011-05-08 11:41:00,2011-12-01 13:28:00,101,423.29,4.309230769230769,2
23045,PAPER LANTERN 5 POINT STAR MOON,2011-05-05 18:16:00,2011-12-07 10:35:00,118,497.9800000000001,4.4812,2
23046,PAPER LANTERN 9 POINT DELUXE STAR,2011-05-08 11:41:00,2011-12-05 16:05:00,349,2111.4900000000002,6.809444444444445,1
23047,PAPER LANTERN 5 POINT SEQUIN STAR,2011-05-08 11:41:00,2011-11-24 12:30:00,58,333.5,5.75,2
23048,SET OF 10 LANTERNS FAIRY LIGHT STAR,2011-04-28 13:35:00,2011-12-08 16:30:00,545,2235.57,4.695102040816327,1
23049,RECYCLED ACAPULCO MAT RED,2011-03-04 13:58:00,2011-12-01 14:38:00,453,3872.09,8.928804347826087,1
23050,RECYCLED ACAPULCO MAT GREEN,2011-03-04 13:58:00,2011-12-09 10:03:00,496,4278.3,9.228039215686275,1
23051,RECYCLED ACAPULCO MAT BLUE,2011-03-04 13:58:00,2011-12-09 10:03:00,364,3215.24,9.645403726708075,1
23052,RECYCLED ACAPULCO MAT TURQUOISE,2011-03-04 13:58:00,2011-12-09 10:03:00,653,5941.09,9.79,1
23053,RECYCLED ACAPULCO MAT PINK,2011-03-04 13:58:00,2011-12-09 10:03:00,363,3246.07,9.829018404907975,1
23054,RECYCLED ACAPULCO MAT LAVENDER,2011-03-04 13:58:00,2011-12-09 10:03:00,294,2596.68,9.543023255813953,1
23055,IVORY CHANDELIER T-LIGHT HOLDER,2011-04-19 14:56:00,2011-11-18 11:35:00,321,800.46,5.998888888888889,1
23056,FLOWERS CHANDELIER T-LIGHT HOLDER,2011-04-19 14:56:00,2011-11-23 13:39:00,483,1153.8,6.516388888888889,2
23057,BEADED CHANDELIER T-LIGHT HOLDER,2011-04-18 11:10:00,2011-11-18 11:35:00,437,1233.47,5.061463414634146,2
23058,CHRISTMAS HANGING SNOWFLAKE,2011-09-14 09:27:00,2011-12-07 11:42:00,490,430.86,1.2252083333333335,1
23060,HEART BEADED TRELLIS DECORATION,2011-04-18 10:41:00,2011-12-07 13:12:00,249,528.1700000000001,2.2197727272727272,1
23061,VINTAGE EMBOSSED HEART,2011-04-19 13:57:00,2011-12-08 09:20:00,1015,1332.68,1.5377777777777777,2
23064,CINDERELLA CHANDELIER,2011-04-28 16:11:00,2011-11-03 14:32:00,158,2283.51,46.64357142857143,1
23065,LARGE DECO JEWELLERY STAND,2011-04-15 16:11:00,2011-10-20 12:23:00,272,3414.94,12.981020408163266,2
23066,SMALL DECO JEWELLERY STAND,2011-04-18 14:01:00,2011-10-13 14:33:00,259,2137.81,8.921294117647058,2
23067,HANGING ENGRAVED METAL HEART,2011-04-26 16:45:00,2011-12-07 13:12:00,294,1236.66,4.351951219512196,1
23068,ALUMINIUM STAMPED HEART,2011-04-18 14:01:00,2011-12-06 11:58:00,809,1966.93,2.5855072463768116,2
23069,EDWARDIAN PHOTO FRAME,2011-04-26 15:04:00,2011-12-04 13:00:00,88,556.21,6.4440625,1
23070,EDWARDIAN HEART PHOTO FRAME,2011-05-04 14:11:00,2011-12-06 16:26:00,160,709.5400000000001,5.090909090909091,1
23071,MARIE ANTOINETTE TRINKET BOX GOLD,2011-04-20 11:11:00,2011-10-26 13:36:00,243,821.1,11.175,2
23072,MARIE ANTOINETTE TRINKET BOX SILVER,2011-05-08 11:37:00,2011-10-26 13:36:00,262,889.76,14.366428571428571,1
23073,GEORGIAN TRINKET BOX,2011-04-19 08:17:00,2011-12-01 19:42:00,142,1694.0,12.41,1
23074,EMBOSSED HEART TRINKET BOX,2011-09-11 13:51:00,2011-12-09 10:03:00,240,534.79,2.6346808510638295,1
23075,PARLOUR CERAMIC WALL HOOK,2011-04-18 14:21:00,2011-12-08 12:07:00,464,1927.1000000000001,4.251025641025642,2
23076,ICE CREAM SUNDAE LIP GLOSS,2011-03-24 09:44:00,2011-12-09 10:03:00,8052,9905.76,1.3506521739130435,1
23077,DOUGHNUT LIP GLOSS,2011-03-24 08:44:00,2011-12-09 11:59:00,10335,13620.77,1.3462756598240468,1
23078,ICE CREAM PEN LIP GLOSS,2011-03-24 10:40:00,2011-12-07 12:11:00,6783,8493.34,1.4281176470588235,1
23079,TOADSTOOL BEDSIDE LIGHT,2011-05-11 13:20:00,2011-12-05 17:43:00,238,2109.1,8.936138613861386,1
23080,RED METAL BOX TOP SECRET,2011-05-11 10:18:00,2011-12-09 10:26:00,1067,9059.87,9.351937984496125,1
23081,GREEN METAL BOX ARMY SUPPLIES,2011-05-11 10:18:00,2011-12-08 16:30:00,481,4021.75,9.415579710144927,2
23082,SET 6 PAPER TABLE LANTERN HEARTS,2011-05-11 11:57:00,2011-12-09 10:03:00,2328,8558.76,4.093564356435643,1
23083,SET 6 PAPER TABLE LANTERN STARS,2011-05-15 11:17:00,2011-12-09 10:03:00,1884,7092.9800000000005,4.2404032258064515,1
23084,RABBIT NIGHT LIGHT,2011-05-10 14:20:00,2011-12-09 12:31:00,30709,66807.63,2.3873076923076924,1
23085,ANTIQUE SILVER BAUBLE LAMP,2011-05-16 12:25:00,2011-12-08 19:28:00,376,3583.23,10.834999999999999,1
23086,ZINC  STAR T-LIGHT HOLDER,2011-05-16 15:47:00,2011-12-08 09:28:00,1209,1431.43,1.5256521739130435,2
23087,ZINC  HEART T-LIGHT HOLDER,2011-05-13 12:13:00,2011-12-08 09:28:00,868,1090.66,1.5915942028985506,1
23088,ZINC HEART FLOWER T-LIGHT HOLDER,2011-05-12 18:19:00,2011-12-09 10:03:00,795,1033.28,1.627594936708861,1
23089,GLASS BON BON JAR,2011-05-12 15:17:00,2011-12-09 10:03:00,2353,4214.13,2.3833920704845815,1
23090,VINTAGE GLASS T-LIGHT HOLDER,2011-05-16 08:13:00,2011-12-07 13:53:00,2237,1870.0299999999997,0.9790131578947369,1
23091,ZINC HERB GARDEN CONTAINER,2011-05-11 09:28:00,2011-11-10 18:04:00,578,3643.82,6.732740384615385,2
23092,LARGE ANTIQUE WHITE PHOTO FRAME,2011-05-16 10:43:00,2011-12-08 16:30:00,520,3734.0800000000004,8.103984962406015,1
23093,SMALL PARISIENNE HEART PHOTO FRAME,2011-05-11 12:32:00,2011-12-09 10:03:00,939,2239.2400000000002,2.7882394366197185,1
23094,LE GRAND TRAY CHIC SET,2011-05-11 09:55:00,2011-11-28 15:31:00,151,1912.42,12.81948717948718,1
23096,PETIT TRAY CHIC,2011-05-10 16:00:00,2011-12-08 16:30:00,1033,1736.6899999999998,2.027808219178082,1
23099,FRENCH CARRIAGE LANTERN,2011-05-16 14:30:00,2011-12-07 14:12:00,131,885.45,7.052807017543859,1
23100,SILVER BELLS TABLE DECORATION,2011-05-11 11:57:00,2011-12-08 16:30:00,2166,2739.38,1.426235741444867,1
23101,SILVER STARS TABLE DECORATION,2011-05-12 12:01:00,2011-12-08 11:43:00,2031,1739.6299999999999,0.9744859813084111,1
23102,SILVER HEARTS TABLE DECORATION,2011-05-11 11:57:00,2011-12-04 13:00:00,1274,1075.03,0.970754716981132,1
23103,JINGLE BELL HEART DECORATION,2011-05-11 12:44:00,2011-12-09 10:51:00,4048,6806.5599999999995,1.8446666666666667,2
23104,IVORY CAFE HANGING LAMP,2011-05-11 14:29:00,2011-12-07 13:38:00,118,1405.42,12.859130434782609,2
23106,ZINC HEARTS PLANT POT HOLDER,2011-05-13 10:44:00,2011-12-08 12:26:00,279,780.9100000000001,2.9438461538461542,2
23107,WHITE HEARTS WIRE PLANT POT HOLDER,2011-05-12 15:21:00,2011-12-08 14:38:00,359,1009.51,3.2009589041095894,2
23108,SET OF 10 LED DOLLY LIGHTS,2011-05-11 10:18:00,2011-12-08 14:39:00,2166,13038.23,6.485576923076923,1
23109,PACK OF SIX LED TEA LIGHTS,2011-05-11 12:43:00,2011-12-08 16:30:00,2290,6595.9800000000005,3.2678228782287824,2
23110,PARISIENNE KEY CABINET,2011-05-11 10:32:00,2011-12-09 12:00:00,666,3951.68,6.715123966942149,1
23111,PARISIENNE SEWING BOX,2011-05-11 13:20:00,2011-12-09 12:09:00,297,3668.54,13.54412213740458,1
23112,PARISIENNE CURIO CABINET,2011-05-11 12:47:00,2011-12-09 10:03:00,533,4409.58,9.217094017094018,1
23113,PANTRY CHOPPING BOARD,2011-09-16 10:02:00,2011-12-08 09:28:00,212,1085.24,6.407454545454545,1
23114,VINTAGE LEAF CHOPPING BOARD,2011-09-30 13:54:00,2011-12-07 08:45:00,149,737.95,5.451333333333333,1
23115,RED APPLES CHOPPING BOARD,2011-09-30 13:54:00,2011-12-08 09:28:00,152,770.32,5.8406666666666665,1
23116,VEGETABLE GARDEN CHOPPING BOARD,2011-09-30 15:04:00,2011-12-05 14:39:00,76,382.44,6.240909090909091,1
23117,POPPY FIELDS CHOPPING BOARD,2011-09-30 13:54:00,2011-12-06 14:23:00,93,501.23,5.598888888888888,1
23118,PARISIENNE JEWELLERY DRAWER,2011-05-10 15:05:00,2011-12-09 10:03:00,803,6027.18,8.40806324110672,1
23119,PACK OF 6 LARGE FRUIT STRAWS,2011-06-17 08:57:00,2011-12-08 09:28:00,2246,1379.38,0.7812751677852349,1
23120,PACK OF 6 SMALL FRUIT STRAWS,2011-06-17 12:22:00,2011-12-08 09:28:00,1613,652.15,0.469126213592233,1
23121,PACK OF 6 COCKTAIL PARASOL STRAWS,2011-06-17 12:22:00,2011-12-06 12:21:00,2501,1000.4399999999999,0.5528448275862069,1
23122,PARTY CHARMS 50 PIECES,2011-06-17 11:38:00,2011-12-09 11:34:00,2251,1726.09,1.0386029411764706,1
23123,COCKTAIL SWORDS 50 PIECES,2011-06-17 11:38:00,2011-12-08 13:50:00,935,759.5699999999999,1.014421052631579,1
23124,18PC WOODEN CUTLERY SET DISPOSABLE,2011-06-17 13:17:00,2011-11-03 15:56:00,567,751.38,1.751627906976744,1
23125,6PC WOOD PLATE SET DISPOSABLE,2011-06-17 14:46:00,2011-11-29 16:47:00,459,574.88,1.9131578947368422,1
23126,FELTCRAFT GIRL AMELIE KIT,2011-03-02 16:26:00,2011-12-09 12:20:00,1098,5477.59,5.3780756013745705,3
23127,FELTCRAFT GIRL NICOLE KIT,2011-03-02 16:26:00,2011-12-09 08:59:00,728,3719.4,5.261179487179487,2
23128,FELTCRAFT BOY JEAN-PAUL KIT,2011-03-03 13:45:00,2011-12-08 12:50:00,441,2224.01,5.271532846715329,2
23129,HEART SHAPED HOLLY WREATH,2011-05-18 15:39:00,2011-12-05 17:24:00,950,3999.5000000000005,4.576279069767442,1
23130,MISTLETOE HEART WREATH GREEN,2011-05-01 11:55:00,2011-12-04 14:45:00,954,3955.78,4.521475409836066,2
23131,MISTLETOE HEART WREATH CREAM,2011-04-26 16:45:00,2011-12-08 19:29:00,942,3835.9800000000005,4.2041379310344835,3
23132,SMALL IVORY HEART WALL ORGANISER,2011-04-19 16:52:00,2011-12-08 20:01:00,1020,5138.6,6.2221710526315785,1
23133,LARGE IVORY HEART WALL ORGANISER,2011-04-20 13:18:00,2011-12-08 18:25:00,782,5525.4,9.162451612903226,1
23134,LARGE ZINC HEART WALL ORGANISER,2011-04-20 13:18:00,2011-09-18 14:56:00,1065,6431.110000000001,7.9068421052631574,1
23135,SMALL ZINC HEART WALL ORGANISER,2011-04-19 16:52:00,2011-12-08 18:25:00,1541,5416.18,5.675777777777777,1
23136,IVORY WIRE SWEETHEART LETTER TRAY,2011-04-21 10:19:00,2011-12-06 12:45:00,135,511.89,4.034081632653061,1
23137,ZINC WIRE SWEETHEART LETTER TRAY,2011-04-21 16:53:00,2011-12-07 11:48:00,83,275.62,3.9765217391304346,1
23138,SINGLE WIRE HOOK IVORY HEART,2011-04-21 10:19:00,2011-12-05 17:28:00,867,1214.11,1.6003614457831323,1
23139,SINGLE WIRE HOOK PINK HEART,2011-04-21 10:19:00,2011-12-07 14:34:00,402,511.29999999999995,1.6188888888888888,1
23140,TRIPLE WIRE HOOK IVORY HEART,2011-04-19 16:52:00,2011-11-13 14:09:00,170,716.3000000000001,4.543333333333334,1
23141,TRIPLE WIRE HOOK PINK HEART,2011-04-19 16:52:00,2011-12-09 08:39:00,79,272.91,4.2404,1
23142,IVORY WIRE KITCHEN ORGANISER,2011-04-21 10:19:00,2011-11-27 13:29:00,120,1210.42,11.135128205128204,1
23143,ZINC WIRE KITCHEN ORGANISER,2011-05-04 13:17:00,2011-12-09 10:46:00,30,239.97,9.929375,1
23144,ZINC T-LIGHT HOLDER STARS SMALL,2011-04-21 09:36:00,2011-12-08 14:38:00,5065,4177.91,0.9440875912408759,1
23145,ZINC T-LIGHT HOLDER STAR LARGE,2011-04-21 10:52:00,2011-12-09 12:31:00,2084,1979.4799999999998,1.0791764705882354,2
23146,TRIPLE HOOK ANTIQUE IVORY ROSE,2011-04-19 13:49:00,2011-12-05 13:10:00,774,2566.3,3.524570135746606,1
23147,SINGLE ANTIQUE ROSE HOOK IVORY,2011-04-21 08:43:00,2011-12-08 14:38:00,1867,2750.75,1.5259090909090909,1
23148,MINIATURE ANTIQUE ROSE HOOK IVORY,2011-04-21 08:43:00,2011-12-08 14:39:00,2131,1809.6699999999998,0.9140476190476191,2
23149,ANTIQUE IVORY WIRE BOWL SMALL,2011-05-03 11:34:00,2011-11-29 13:06:00,93,236.51000000000002,2.737,1
23150,IVORY SWEETHEART SOAP DISH,2011-04-21 10:19:00,2011-12-05 17:28:00,148,390.75000000000006,2.9436734693877553,1
23151,ZINC SWEETHEART SOAP DISH,2011-05-05 13:14:00,2011-12-09 10:46:00,61,114.33000000000001,2.2395238095238095,1
23152,IVORY SWEETHEART WIRE LETTER RACK,2011-04-20 11:19:00,2011-12-04 12:52:00,550,2065.65,3.953207547169811,1
23153,ZINC SWEETHEART WIRE LETTER RACK,2011-04-18 14:32:00,2011-12-08 15:02:00,259,1005.69,4.242134831460675,1
23154,SET OF 4 JAM JAR MAGNETS,2011-03-25 11:01:00,2011-12-07 15:16:00,2652,5740.96,2.2085714285714286,1
23155,KNICKERBOCKERGLORY MAGNET ASSORTED,2011-03-25 11:01:00,2011-12-08 15:31:00,2089,1805.77,1.4875,1
23156,SET OF 5 MINI GROCERY MAGNETS,2011-03-25 11:01:00,2011-12-08 15:31:00,1641,3373.37,2.263268292682927,1
23157,SET OF 6 NATIVITY MAGNETS,2011-03-31 13:40:00,2011-12-05 11:48:00,2317,4699.06,2.364642857142857,1
23158,SET OF 5 LUCKY CAT MAGNETS,2011-03-25 14:50:00,2011-12-09 10:03:00,2597,5438.95,2.677165354330709,1
23159,SET OF 5 PANCAKE DAY MAGNETS,2011-03-25 11:01:00,2011-11-28 15:34:00,2280,4686.4800000000005,2.3220720720720722,1
23160,REGENCY TEA SPOON,2011-05-03 10:43:00,2011-12-08 09:20:00,1450,1794.48,1.4881578947368421,1
23161,REGENCY CAKE FORK,2011-05-03 10:43:00,2011-12-08 09:28:00,1715,2145.3,1.593061224489796,1
23162,REGENCY TEA STRAINER,2011-04-27 14:48:00,2011-12-08 09:28:00,1412,5143.6900000000005,4.422272727272728,1
23163,REGENCY SUGAR TONGS,2011-04-27 12:49:00,2011-12-08 16:30:00,1784,4415.38,3.3352403846153846,1
23164,REGENCY CAKE SLICE,2011-05-03 10:43:00,2011-12-08 09:20:00,578,2718.65,5.579673913043479,1
23165,LARGE CERAMIC TOP STORAGE JAR,2011-05-12 10:10:00,2011-12-09 10:03:00,3052,5048.36,1.983189964157706,1
23166,MEDIUM CERAMIC TOP STORAGE JAR,2011-05-12 10:10:00,2011-12-09 10:03:00,3553,4236.47,1.47465306122449,1
23167,SMALL CERAMIC TOP STORAGE JAR,2011-05-11 14:14:00,2011-12-09 12:00:00,5354,4134.0199999999995,1.0053191489361701,1
23168,CLASSIC CAFE SUGAR DISPENSER,2011-05-12 08:42:00,2011-12-09 12:00:00,3279,4543.67,1.7790322580645161,2
23169,CLASSIC GLASS COOKIE JAR,2011-05-12 10:10:00,2011-12-06 17:49:00,1524,6530.04,4.737142857142857,2
23170,REGENCY TEA PLATE ROSES,2011-05-10 10:34:00,2011-12-09 10:26:00,6749,10938.249999999998,2.0795022624434387,1
23171,REGENCY TEA PLATE GREEN,2011-05-10 10:34:00,2011-12-09 10:26:00,6199,9982.39,2.1302094240837697,1
23172,REGENCY TEA PLATE PINK,2011-05-10 10:34:00,2011-12-09 10:26:00,3813,6274.8099999999995,2.0698684210526315,1
23173,REGENCY TEAPOT ROSES,2011-05-10 10:34:00,2011-12-09 10:20:00,2741,24673.58,11.129594272076373,1
23174,REGENCY SUGAR BOWL GREEN,2011-05-10 10:34:00,2011-12-08 09:28:00,3006,12158.28,4.8003726708074534,1
23175,REGENCY MILK JUG PINK,2011-05-10 10:34:00,2011-12-09 10:03:00,3112,9455.15,3.8822121212121217,1
23176,ABC TREASURE BOOK BOX,2011-03-02 12:10:00,2011-12-08 16:30:00,2133,4621.08,2.6744343891402713,1
23177,TREASURE ISLAND BOOK BOX,2011-03-02 12:10:00,2011-12-09 10:03:00,2516,5485.29,2.707153558052435,1
23178,JAM CLOCK MAGNET,2011-03-03 15:02:00,2011-12-09 09:07:00,326,934.0,3.367313432835821,1
23179,CLOCK MAGNET MUM'S KITCHEN,2011-03-03 15:02:00,2011-12-08 15:31:00,324,930.48,3.5243396226415094,1
23180,MUM'S KITCHEN CLOCK,2011-03-04 09:46:00,2011-12-08 19:24:00,121,616.14,5.96,1
23181,BULL DOG BOTTLE TOP WALL CLOCK,2011-03-08 09:23:00,2011-12-09 10:26:00,201,1733.57,9.421463414634145,1
23182,TOILET SIGN OCCUPIED OR VACANT,2011-03-01 17:32:00,2011-12-09 12:00:00,3741,3688.2099999999996,1.5304347826086955,1
23183,MOTHER'S KITCHEN SPOON REST,2011-03-03 15:02:00,2011-12-09 10:03:00,220,944.67,4.892857142857143,1
23184,BULL DOG BOTTLE OPENER,2011-03-06 10:05:00,2011-12-09 10:03:00,866,4724.900000000001,6.458981132075471,1
23185,FRENCH STYLE STORAGE JAR JAM,2011-03-04 14:42:00,2011-12-06 13:42:00,317,114.85,0.3516129032258064,1
23186,FRENCH STYLE STORAGE JAR CAFE,2011-03-09 08:33:00,2011-12-07 08:45:00,1976,811.9599999999999,0.32799999999999996,1
23187,FRENCH STYLE STORAGE JAR BONBONS,2011-03-08 12:05:00,2011-11-03 16:56:00,2332,687.56,0.30283783783783785,1
23188,VINTAGE  2 METER FOLDING RULER,2011-06-14 09:43:00,2011-12-09 10:03:00,3459,6427.969999999999,1.935833333333333,2
23189,SET OF 12 FORK CANDLES,2011-08-03 15:38:00,2011-12-08 16:30:00,1249,3507.51,3.3956338028169015,1
23190,BUNDLE OF 3 SCHOOL EXERCISE BOOKS,2011-05-09 16:35:00,2011-12-09 11:34:00,1701,2760.2499999999995,1.7973267326732674,1
23191,BUNDLE OF 3 RETRO NOTE BOOKS,2011-05-10 08:58:00,2011-12-09 10:03:00,2200,3627.24,1.8730769230769229,2
23192,BUNDLE OF 3 ALPHABET EXERCISE BOOKS,2011-05-10 09:58:00,2011-12-08 12:07:00,3515,6112.589999999999,1.7746857142857142,1
23193,BUFFALO BILL TREASURE BOOK BOX,2011-03-02 12:10:00,2011-12-09 11:34:00,1912,4056.78,2.738953488372093,1
23194,GYMKHANA TREASURE BOOK BOX,2011-03-02 12:10:00,2011-12-09 11:34:00,1817,4036.87,2.7198130841121495,2
23196,VINTAGE LEAF MAGNETIC NOTEPAD,2011-06-23 11:51:00,2011-12-09 10:26:00,1872,2842.24,1.7964473684210527,4
23197,SKETCHBOOK MAGNETIC SHOPPING LIST,2011-06-23 11:51:00,2011-12-09 12:00:00,1465,2284.65,1.956290322580645,2
23198,PANTRY MAGNETIC  SHOPPING LIST,2011-06-22 14:24:00,2011-12-09 10:26:00,3337,5055.349999999999,1.800309917355372,1
23199,JUMBO BAG APPLES,2011-04-11 16:47:00,2011-12-09 12:19:00,14286,29336.73,2.5749131767109295,1
23200,JUMBO BAG PEARS,2011-05-06 15:40:00,2011-12-09 10:03:00,6947,13974.16,2.4313232830820772,1
23201,JUMBO BAG ALPHABET,2011-04-11 16:47:00,2011-12-09 12:19:00,12924,27050.37,2.393720930232558,1
23202,JUMBO BAG VINTAGE LEAF,2011-05-06 15:40:00,2011-12-09 10:03:00,10701,21372.13,2.2978684807256236,1
23203,JUMBO BAG VINTAGE DOILY,2011-05-06 15:54:00,2011-12-09 09:38:00,20144,41413.86,2.2770250606305575,3
23204,CHARLOTTE BAG APPLES DESIGN,2011-04-11 16:47:00,2011-12-09 10:23:00,7871,7665.69,1.1230993150684931,1
23205,CHARLOTTE BAG VINTAGE ALPHABET,2011-04-11 16:47:00,2011-12-09 12:16:00,5757,5654.38,1.1500213219616204,2
23206,LUNCH BAG APPLE DESIGN,2011-04-11 16:47:00,2011-12-09 10:23:00,12100,20775.03,2.0612989493791782,1
23207,LUNCH BAG ALPHABET DESIGN,2011-04-11 16:47:00,2011-12-09 10:23:00,7797,13271.1,1.9932356857523301,1
23208,LUNCH BAG VINTAGE LEAF DESIGN,2011-04-12 09:49:00,2011-12-09 10:23:00,6298,10425.41,1.936627218934911,1
23209,LUNCH BAG VINTAGE DOILY,2011-05-08 11:08:00,2011-12-08 17:54:00,13149,21384.17,1.8250719424460429,3
23210,WHITE ROCKING HORSE HAND PAINTED,2011-06-02 09:04:00,2011-12-09 10:51:00,2661,3346.77,1.4711557788944722,1
23211,RED ROCKING HORSE HAND PAINTED,2011-06-02 09:37:00,2011-12-08 16:30:00,2305,2900.57,1.5671428571428572,1
23212,HEART WREATH DECORATION WITH BELL,2011-06-02 09:04:00,2011-12-09 10:03:00,2236,2785.89,1.498936170212766,2
23213,STAR WREATH DECORATION WITH BELL,2011-06-02 09:04:00,2011-12-09 10:03:00,1670,2123.42,1.488116883116883,1
23214,JINGLE BELL HEART ANTIQUE GOLD,2011-06-01 12:19:00,2011-12-08 12:07:00,789,1695.04,2.3925961538461538,2
23215,JINGLE BELL HEART ANTIQUE SILVER,2011-06-01 12:19:00,2011-12-09 12:16:00,3564,7038.400000000001,2.2615962441314554,1
23216,LAUREL HEART ANTIQUE GOLD,2011-06-02 09:37:00,2011-12-08 09:20:00,525,630.73,1.446888888888889,1
23217,LAUREL HEART ANTIQUE SILVER,2011-06-02 09:37:00,2011-12-06 15:10:00,1309,1613.82,1.5415151515151517,1
23218,LAUREL STAR ANTIQUE GOLD,2011-07-18 11:55:00,2011-12-08 09:20:00,379,483.03,1.57225,1
23219,LAUREL STAR ANTIQUE SILVER,2011-06-02 09:04:00,2011-12-08 09:20:00,430,568.6,1.52765625,1
23220,REINDEER HEART DECORATION GOLD,2011-06-09 13:09:00,2011-12-09 10:03:00,993,869.15,1.0827884615384615,1
23221,REINDEER HEART DECORATION SILVER,2011-05-31 15:53:00,2011-12-08 16:30:00,1488,1323.1999999999998,1.0813013698630138,1
23222,CHRISTMAS TREE HANGING GOLD,2011-06-23 09:38:00,2011-12-08 15:41:00,787,708.5699999999999,1.0496052631578947,1
23223,CHRISTMAS TREE HANGING SILVER,2011-06-23 09:38:00,2011-12-08 16:30:00,801,750.1899999999999,1.089438202247191,1
23224,CHERUB HEART DECORATION GOLD,2011-06-02 09:04:00,2011-12-09 10:03:00,726,639.06,1.0424285714285715,1
23225,CHERUB HEART DECORATION SILVER,2011-06-02 09:37:00,2011-12-08 16:30:00,1283,1116.4099999999999,1.1032941176470588,1
23226,FILIGREE HEART DAISY WHITE,2011-05-31 12:11:00,2011-12-05 12:30:00,1199,1536.67,1.576938775510204,1
23227,FILIGREE HEART BUTTERFLY WHITE,2011-05-26 12:00:00,2011-12-08 17:54:00,1642,2070.06,1.5737606837606837,1
23228,FILIGREE HEART BIRD WHITE,2011-05-26 10:25:00,2011-12-08 16:30:00,1348,1810.24,1.79672,1
23229,VINTAGE DONKEY TAIL GAME,2011-06-14 12:09:00,2011-12-09 12:16:00,1862,6713.46,4.246889763779528,2
23230,WRAP ALPHABET DESIGN,2011-01-13 11:48:00,2011-12-08 14:14:00,7926,3196.92,0.4173390557939914,1
23231,WRAP DOILEY DESIGN,2011-01-12 15:06:00,2011-12-08 14:14:00,7277,3008.34,0.41907692307692307,3
23232,WRAP VINTAGE LEAF DESIGN,2011-01-17 12:31:00,2011-12-08 12:54:00,8475,3415.5,0.41745762711864404,2
23233,WRAP POPPIES  DESIGN,2011-01-16 13:18:00,2011-12-08 11:25:00,5150,2095.0,0.41860759493670885,1
23234,BISCUIT TIN VINTAGE CHRISTMAS,2011-06-14 12:24:00,2011-12-09 10:03:00,1710,5045.1,3.382753623188406,1
23235,STORAGE TIN VINTAGE LEAF,2011-06-08 12:44:00,2011-12-09 08:39:00,735,1947.77,2.9834615384615386,2
23236,STORAGE TIN VINTAGE DOILY,2011-06-08 12:44:00,2011-12-08 16:30:00,2486,7039.74,3.2820731707317075,4
23237,SET OF 4 KNICK KNACK TINS LEAF,2011-06-08 15:38:00,2011-12-09 12:09:00,1046,4245.34,4.253468208092485,2
23238,SET OF 4 KNICK KNACK TINS LONDON,2011-06-07 14:03:00,2011-12-09 12:09:00,1843,7746.71,4.754332129963899,1
23239,SET OF 4 KNICK KNACK TINS POPPIES,2011-06-08 12:44:00,2011-12-09 08:39:00,824,3279.1400000000003,4.3977528089887645,1
23240,SET OF 4 KNICK KNACK TINS DOILY,2011-06-07 13:10:00,2011-12-09 08:48:00,4164,16946.22,4.446580882352941,3
23241,TREASURE TIN GYMKHANA DESIGN,2011-06-08 12:49:00,2011-12-09 10:03:00,2164,4667.47,2.486219178082192,1
23242,TREASURE TIN BUFFALO BILL,2011-06-08 12:49:00,2011-12-08 09:28:00,1469,3022.55,2.283472222222222,1
23243,SET OF TEA COFFEE SUGAR TINS PANTRY,2011-06-08 08:12:00,2011-12-09 10:03:00,4767,23345.27,5.875631691648822,1
23244,ROUND STORAGE TIN VINTAGE LEAF,2011-06-08 13:35:00,2011-12-08 16:30:00,935,1732.0299999999997,2.090900900900901,3
23245,SET OF 3 REGENCY CAKE TINS,2011-06-08 12:02:00,2011-12-09 12:08:00,6319,31002.65,5.889701492537314,1
23247,BISCUIT TIN 50'S CHRISTMAS,2011-06-08 13:09:00,2011-12-09 10:03:00,2156,6585.83,3.291986970684039,1
23249,VINTAGE RED ENAMEL TRIM PLATE,2011-06-14 10:00:00,2011-12-07 13:46:00,812,1376.6,1.8940506329113924,2
23250,VINTAGE RED TRIM ENAMEL BOWL,2011-06-14 10:00:00,2011-12-08 13:36:00,1137,1478.53,1.4742056074766356,2
23251,VINTAGE RED ENAMEL TRIM MUG,2011-06-14 10:00:00,2011-12-09 09:08:00,1676,2060.75,1.4154237288135594,2
23252,VINTAGE RED ENAMEL TRIM JUG,2011-06-12 12:00:00,2011-12-08 13:50:00,575,2156.61,4.047686567164179,2
23253,16 PIECE CUTLERY SET PANTRY DESIGN,2011-04-18 13:13:00,2011-12-08 12:50:00,258,3848.8599999999997,17.148857142857143,2
23254,CHILDRENS CUTLERY DOLLY GIRL,2011-04-07 11:30:00,2011-12-09 12:50:00,1686,6832.56,4.269121621621622,2
23255,CHILDRENS CUTLERY CIRCUS PARADE,2011-04-10 12:53:00,2011-12-09 12:50:00,1005,4059.8700000000003,4.3507741935483875,1
23256,CHILDRENS CUTLERY SPACEBOY,2011-04-07 11:30:00,2011-12-09 12:50:00,2096,8596.52,4.467329700272479,2
23263,SET OF 3 WOODEN HEART DECORATIONS,2011-06-02 14:15:00,2011-12-08 16:30:00,3839,5117.19,1.448834745762712,1
23264,SET OF 3 WOODEN SLEIGH DECORATIONS,2011-06-09 15:34:00,2011-12-09 10:03:00,1962,2689.56,1.4973801916932907,1
23265,SET OF 3 WOODEN TREE DECORATIONS,2011-06-09 15:34:00,2011-12-09 10:03:00,1755,2387.29,1.484671052631579,1
23266,SET OF 3 WOODEN STOCKING DECORATION,2011-06-09 15:34:00,2011-12-09 10:03:00,2041,2728.82,1.4546130952380953,1
23267,SET OF 4 SANTA PLACE SETTINGS,2011-06-23 13:51:00,2011-12-08 15:49:00,1154,1471.95,1.4130909090909092,1
23268,SET OF 2 CERAMIC CHRISTMAS REINDEER,2011-06-12 11:47:00,2011-11-20 11:09:00,1435,2000.74,1.6937499999999999,1
23269,SET OF 2 CERAMIC CHRISTMAS TREES,2011-06-12 11:47:00,2011-12-08 17:54:00,779,1152.98,1.7109473684210526,1
23270,SET OF 2 CERAMIC PAINTED HEARTS,2011-06-02 19:50:00,2011-12-09 10:51:00,1174,1646.32,1.501171875,1
23271,CHRISTMAS TABLE SILVER CANDLE SPIKE,2011-06-13 15:44:00,2011-12-08 09:28:00,1731,1496.8899999999999,1.0537735849056602,2
23272,TREE T-LIGHT HOLDER WILLIE WINKIE,2011-06-22 11:30:00,2011-12-09 08:39:00,364,562.2199999999999,1.916818181818182,1
23273,HEART T-LIGHT HOLDER WILLIE WINKIE,2011-06-05 14:06:00,2011-12-08 16:30:00,969,1649.0499999999997,1.8786725663716815,1
23274,STAR T-LIGHT HOLDER WILLIE WINKIE,2011-06-05 14:06:00,2011-12-09 10:51:00,1180,2004.9999999999998,2.0156666666666667,1
23275,SET OF 3 HANGING OWLS OLLIE BEAK,2011-06-06 16:23:00,2011-12-09 12:49:00,3644,4426.72,1.4758610271903323,1
23280,FOLDING BUTTERFLY MIRROR HOT PINK,2011-05-09 16:35:00,2011-12-09 10:03:00,2023,1614.16,1.0603164556962026,2
23281,FOLDING BUTTERFLY MIRROR RED,2011-05-10 14:20:00,2011-12-08 18:51:00,1280,1000.82,0.9803846153846153,2
23282,FOLDING BUTTERFLY MIRROR IVORY,2011-05-09 16:35:00,2011-12-05 17:24:00,812,757.86,1.255912408759124,2
23283,DOORMAT VINTAGE LEAF,2011-04-27 13:06:00,2011-12-08 19:29:00,988,6953.88,8.66,2
23284,DOORMAT KEEP CALM AND COME IN,2011-04-27 12:57:00,2011-12-09 10:03:00,5269,36580.84,8.78312242090784,1
23285,PINK VINTAGE SPOT BEAKER,2011-06-12 13:17:00,2011-12-09 10:03:00,4807,4572.41,1.06703125,1
23286,BLUE VINTAGE SPOT BEAKER,2011-06-12 13:12:00,2011-12-08 09:28:00,5040,4740.820000000001,1.0309049773755656,1
23287,RED VINTAGE SPOT BEAKER,2011-06-13 16:33:00,2011-12-09 10:03:00,1871,1596.59,1.0348743718592965,1
23288,GREEN VINTAGE SPOT BEAKER,2011-06-12 13:17:00,2011-12-08 09:28:00,4609,4430.63,1.043967391304348,1
23289,DOLLY GIRL CHILDRENS BOWL,2011-06-13 16:33:00,2011-12-08 09:20:00,1614,2003.7,1.5382722513089004,1
23290,SPACEBOY CHILDRENS BOWL,2011-06-13 16:33:00,2011-12-09 10:03:00,2422,2880.3500000000004,1.4365727699530517,1
23291,DOLLY GIRL CHILDRENS CUP,2011-06-13 16:33:00,2011-12-08 16:30:00,1625,2047.78,1.5265463917525772,1
23292,SPACEBOY CHILDRENS CUP,2011-06-13 16:33:00,2011-12-09 10:03:00,2164,2682.08,1.5351363636363637,2
23293,SET OF 12 FAIRY CAKE BAKING CASES,2011-07-12 15:56:00,2011-12-09 12:19:00,8453,6974.599999999999,1.0664609800362976,1
23294,SET OF 6 SNACK LOAF BAKING CASES,2011-07-12 15:56:00,2011-12-09 10:03:00,4382,3599.5099999999998,1.0912359550561797,1
23295,SET OF 12 MINI LOAF BAKING CASES,2011-07-12 15:56:00,2011-12-09 10:26:00,6132,5071.79,1.112383073496659,1
23296,SET OF 6 TEA TIME BAKING CASES,2011-07-12 15:56:00,2011-12-08 19:57:00,4969,5973.05,1.5256842105263158,1
23297,SET 40 HEART SHAPE PETIT FOUR CASES,2011-07-12 15:56:00,2011-11-22 16:47:00,4281,6755.929999999999,1.8425,1
23298,SPOTTY BUNTING,2011-05-04 13:57:00,2011-12-09 12:16:00,8459,43113.530000000006,5.52059585492228,2
23299,FOOD COVER WITH BEADS SET 2,2011-05-04 13:57:00,2011-12-09 10:03:00,1004,3742.88,4.379097222222223,2
23300,GARDENERS KNEELING PAD CUP OF TEA,2011-05-15 11:43:00,2011-12-09 10:26:00,6665,11567.59,1.9103805774278215,1
23301,GARDENERS KNEELING PAD KEEP CALM,2011-05-15 11:43:00,2011-12-09 11:26:00,8703,16174.949999999999,1.9460109289617484,1
23302,KNEELING MAT HOUSEWORK  DESIGN,2011-05-15 15:31:00,2011-12-09 09:07:00,1505,2130.27,1.8907391304347827,1
23303,SET 4 PICNIC CUTLERY FONDANT,2011-10-26 13:22:00,2011-12-05 10:14:00,65,126.75,1.95,1
23304,SET 4 PICNIC CUTLERY CHERRY,2011-10-30 11:25:00,2011-12-06 12:09:00,71,138.45,1.9500000000000002,1
23305,SET 4 PICNIC CUTLERY BLUEBERRY,2011-10-23 15:27:00,2011-12-06 12:09:00,82,159.9,1.9500000000000002,1
23306,SET OF 36 DOILIES PANTRY DESIGN,2011-06-05 11:29:00,2011-12-05 17:24:00,2807,4121.929999999999,1.807410071942446,2
23307,SET OF 60 PANTRY DESIGN CAKE CASES,2011-06-03 12:07:00,2011-12-09 10:03:00,12024,6358.14,0.6843661971830985,1
23308,SET OF 60 VINTAGE LEAF CAKE CASES,2011-06-05 14:06:00,2011-12-09 10:03:00,6139,3272.61,0.6942159383033419,1
23309,SET OF 60 I LOVE LONDON CAKE CASES,2011-06-02 15:13:00,2011-12-09 10:03:00,8227,4469.45,0.7433333333333333,1
23310,BUBBLEGUM RING ASSORTED,2011-06-09 11:49:00,2011-12-09 10:03:00,12050,4997.28,0.47804878048780486,1
23311,VINTAGE CHRISTMAS STOCKING,2011-07-14 13:28:00,2011-12-09 10:26:00,2384,6472.9,2.966878612716763,1
23312,VINTAGE CHRISTMAS GIFT SACK,2011-07-17 13:25:00,2011-12-09 10:26:00,1422,5960.0,4.453686635944701,1
23313,VINTAGE CHRISTMAS BUNTING,2011-07-12 15:15:00,2011-12-09 12:19:00,2977,15734.31,5.551576354679803,1
23314,VINTAGE CHRISTMAS TABLECLOTH,2011-07-15 10:44:00,2011-12-09 10:03:00,403,4962.96,13.617350427350427,1
23315,IVORY REFECTORY CLOCK,2011-06-23 18:44:00,2011-12-08 16:30:00,201,1996.44,10.807411764705883,1
23316,RED REFECTORY CLOCK,2011-06-23 18:44:00,2011-12-08 15:31:00,250,2501.64,11.109454545454545,1
23317,BLUE REFECTORY CLOCK,2011-06-26 13:46:00,2011-12-09 12:00:00,173,1777.46,11.226951219512195,1
23318,BOX OF 6 MINI VINTAGE CRACKERS,2011-07-04 10:17:00,2011-12-09 12:19:00,3669,8853.17,2.744722955145119,1
23319,BOX OF 6 MINI 50'S CRACKERS,2011-07-07 12:38:00,2011-12-09 12:19:00,3624,9019.85,2.653960880195599,1
23320,GIANT 50'S CHRISTMAS CRACKER,2011-07-05 12:47:00,2011-12-09 11:34:00,2649,7018.89,2.805430267062315,1
23321,SMALL WHITE HEART OF WICKER,2011-06-09 12:21:00,2011-12-08 13:47:00,4699,8410.49,1.7483177570093456,1
23322,LARGE WHITE HEART OF WICKER,2011-06-12 12:01:00,2011-12-09 10:03:00,3029,8776.210000000001,3.1361646234676006,1
23323,WHITE WICKER STAR,2011-06-23 18:33:00,2011-12-09 10:03:00,1469,3146.78,2.251291390728477,1
23324,RUSTIC STRAWBERRY JAM POT LARGE,2011-08-05 15:45:00,2011-12-05 17:28:00,387,791.08,2.2123255813953486,2
23325,RUSTIC STRAWBERRY JAM POT SMALL,2011-08-11 16:30:00,2011-11-27 15:38:00,462,740.9399999999999,1.8145714285714285,2
23326,HANGING MINI COLOURED BOTTLES,2011-08-11 12:53:00,2011-12-09 12:00:00,3442,2237.08,2.638026315789473,1
23327,HANGING CLEAR MINI BOTTLE,2011-08-10 16:01:00,2011-12-05 16:05:00,1734,1051.14,0.7871428571428571,1
23328,SET 6 SCHOOL MILK BOTTLES IN CRATE,2011-08-08 15:42:00,2011-12-09 12:31:00,2837,13254.49,4.848357843137255,1
23329,DECORATIVE WICKER HEART LARGE,2011-08-07 15:43:00,2011-12-08 18:42:00,1767,3038.1899999999996,1.7691199999999998,1
23330,DECORATIVE WICKER HEART MEDIUM,2011-08-08 13:53:00,2011-12-08 18:42:00,1794,2286.97,1.3630044843049327,1
23331,DECORATIVE WICKER HEART SMALL,2011-08-10 16:01:00,2011-12-08 18:42:00,1596,1062.28,0.781578947368421,1
23332,IVORY WICKER HEART LARGE,2011-08-07 15:43:00,2011-12-09 10:03:00,2059,3542.7099999999996,1.7616891891891888,1
23333,IVORY WICKER HEART MEDIUM,2011-08-08 14:37:00,2011-12-07 14:12:00,2077,2680.45,1.3332644628099173,1
23334,IVORY WICKER HEART SMALL,2011-08-08 14:37:00,2011-12-09 12:20:00,2271,1491.75,0.7883823529411764,1
23335,EGG FRYING PAN IVORY,2011-06-13 16:33:00,2011-12-08 13:45:00,365,765.82,2.3341052631578947,1
23336,EGG FRYING PAN PINK,2011-06-13 16:33:00,2011-12-09 10:03:00,225,519.25,2.604418604651163,1
23337,EGG FRYING PAN MINT,2011-06-13 16:33:00,2011-12-08 16:30:00,180,388.75,2.287971014492754,1
23338,EGG FRYING PAN RED,2011-06-12 13:17:00,2011-12-09 12:20:00,425,902.9200000000001,2.3414814814814813,1
23339,EGG FRYING PAN BLUE,2011-06-13 16:33:00,2011-12-08 16:30:00,173,400.84000000000003,2.511578947368421,1
23340,VINTAGE CHRISTMAS CAKE FRILL,2011-07-31 15:31:00,2011-12-09 10:03:00,2500,4034.08,1.9589473684210525,1
23341,PINK DINER WALL CLOCK,2011-06-24 09:22:00,2011-12-08 15:54:00,307,2741.35,9.943057851239669,1
23342,MINT DINER WALL CLOCK,2011-06-24 09:22:00,2011-12-07 12:19:00,373,3176.41,8.833496932515336,2
23343,JUMBO BAG VINTAGE CHRISTMAS,2011-06-13 11:33:00,2011-12-09 12:19:00,5818,13489.91,2.421369294605809,1
23344,JUMBO BAG 50'S CHRISTMAS,2011-06-15 13:25:00,2011-12-09 12:19:00,10025,23289.27,2.4209065550906557,1
23345,DOLLY GIRL BEAKER,2011-07-24 16:13:00,2011-12-09 10:03:00,2451,2886.25,1.5064204545454545,1
23346,SPACEBOY BEAKER,2011-07-24 16:13:00,2011-12-08 16:30:00,2628,3112.34,1.5186559139784948,1
23347,I LOVE LONDON BEAKER,2011-07-24 16:15:00,2011-12-09 10:03:00,832,1042.3,1.5633333333333335,1
23348,CHILDRENS TOY COOKING UTENSIL SET,2011-04-18 13:49:00,2011-11-23 12:20:00,734,1608.8500000000001,2.5855952380952383,1
23349,ROLL WRAP VINTAGE CHRISTMAS,2011-08-04 15:23:00,2011-12-09 11:34:00,3209,4327.6,1.5435087719298246,1
23350,ROLL WRAP VINTAGE SPOT,2011-08-04 15:23:00,2011-12-09 12:19:00,2700,3430.08,1.4619677419354837,1
23351,ROLL WRAP 50'S CHRISTMAS,2011-08-04 16:17:00,2011-12-09 10:26:00,3451,4785.77,1.5123595505617977,1
23352,ROLL WRAP 50'S RED CHRISTMAS,2011-08-04 16:17:00,2011-12-09 10:26:00,1800,2459.2,1.511643192488263,1
23353,6 GIFT TAGS VINTAGE CHRISTMAS,2011-08-02 14:04:00,2011-12-09 12:19:00,3995,3500.0899999999997,0.9993636363636362,1
23354,6 GIFT TAGS 50'S CHRISTMAS,2011-08-02 14:04:00,2011-12-09 10:26:00,3692,3389.56,0.9730792682926828,1
23355,HOT WATER BOTTLE KEEP CALM,2011-08-22 13:32:00,2011-12-09 11:56:00,5780,28559.800000000003,5.273783102143757,1
23356,LOVE HOT WATER BOTTLE,2011-08-22 12:52:00,2011-12-09 12:31:00,2354,13304.570000000002,6.206144329896907,1
23357,HOT WATER BOTTLE SEX BOMB,2011-08-21 15:17:00,2011-12-09 10:23:00,450,1982.0500000000002,5.005242718446602,1
23358,HOT STUFF HOT WATER BOTTLE,2011-08-21 15:17:00,2011-12-09 10:23:00,594,2008.38,4.198539325842697,1
23359,SET OF 12 T-LIGHTS VINTAGE DOILY,2011-08-02 12:27:00,2011-12-08 13:18:00,990,1866.4599999999998,1.9862025316455696,2
23360,SET 8 CANDLES VINTAGE DOILY,2011-08-02 11:33:00,2011-12-08 12:26:00,1182,2286.4,2.0620689655172413,2
23365,SET 12 COLOUR PENCILS LOVE LONDON,2011-09-22 12:13:00,2011-12-09 10:03:00,1857,1463.0800000000002,0.7943930635838151,1
23366,SET 12 COLOURING PENCILS DOILY,2011-09-22 11:46:00,2011-12-09 10:03:00,2249,1667.95,0.8156565656565656,3
23367,SET 12 COLOUR PENCILS SPACEBOY,2011-09-22 11:46:00,2011-12-09 10:13:00,3262,2480.8,0.7570422535211268,1
23368,SET 12 COLOUR PENCILS DOLLY GIRL,2011-09-22 12:45:00,2011-12-09 10:26:00,2379,1679.5500000000002,0.784322033898305,1
23369,SET 36 COLOUR PENCILS LOVE LONDON,2011-09-22 12:13:00,2011-12-09 10:26:00,1105,1581.06,1.4970542635658914,1
23370,SET 36 COLOURING PENCILS DOILY,2011-09-22 12:02:00,2011-12-09 10:26:00,1550,2151.6,1.538627450980392,3
23371,SET 36 COLOUR PENCILS SPACEBOY,2011-09-22 12:02:00,2011-12-09 11:34:00,1705,2304.78,1.5179032258064515,1
23372,SET 36 COLOUR PENCILS DOLLY GIRL,2011-09-22 13:51:00,2011-12-09 10:03:00,1373,1730.29,1.616,1
23373,VINTAGE CHRISTMAS PAPER GIFT BAG,2011-08-02 14:04:00,2011-12-06 16:26:00,1608,1313.3899999999999,0.9070999999999999,1
23374,RED SPOT PAPER GIFT BAG,2011-08-02 14:23:00,2011-12-08 13:45:00,2446,1954.6299999999999,0.8675384615384615,1
23375,50'S CHRISTMAS PAPER GIFT BAG,2011-08-22 10:39:00,2011-12-09 10:03:00,1342,1100.6899999999998,0.9369902912621358,1
23376,PACK OF 12 VINTAGE CHRISTMAS TISSUE,2011-09-01 11:30:00,2011-12-09 12:19:00,3015,1375.55,0.5086708860759493,1
23377,PACK OF 12 DOLLY GIRL TISSUES,2011-09-04 12:41:00,2011-12-09 10:03:00,1351,592.4499999999999,0.5607462686567164,1
23378,PACK OF 12 50'S CHRISTMAS TISSUES,2011-09-01 11:30:00,2011-12-09 10:03:00,3997,1840.08,0.46322404371584697,1
23379,PACK OF 12 RED APPLE TISSUES,2011-09-05 12:00:00,2011-12-09 10:03:00,1220,465.36,0.5376623376623376,1
23380,PACK OF 12 VINTAGE DOILY TISSUES,2011-09-05 12:00:00,2011-12-09 10:03:00,2320,974.14,0.48598360655737705,2
23381,PACK OF 12 VINTAGE LEAF TISSUES,2011-09-05 12:00:00,2011-12-09 10:03:00,1496,562.88,0.4760493827160494,1
23382,BOX OF 6 CHRISTMAS CAKE DECORATIONS,2011-10-13 13:42:00,2011-12-09 11:34:00,1863,7311.18,4.6650909090909085,1
23388,WOODLAND MINI BACKPACK,2011-09-11 15:47:00,2011-12-09 10:26:00,821,3432.09,4.634285714285714,2
23389,SPACEBOY MINI BACKPACK,2011-09-11 13:39:00,2011-12-09 12:16:00,1115,4751.49,4.531338912133891,2
23390,DOLLY GIRL MINI BACKPACK,2011-09-11 13:39:00,2011-12-09 10:13:00,747,3025.59,4.389759036144579,2
23391,I LOVE LONDON MINI BACKPACK,2011-09-11 11:29:00,2011-12-09 10:03:00,389,1628.17,4.611363636363636,2
23392,SPACEBOY ROCKET LOLLY MAKERS,2011-09-06 10:42:00,2011-12-09 10:03:00,638,1425.1100000000001,2.709823008849557,1
23393,HOME SWEET HOME CUSHION COVER,2011-09-04 12:07:00,2011-12-08 16:30:00,785,3147.91,4.487816593886463,1
23394,POSTE FRANCE CUSHION COVER,2011-09-04 12:07:00,2011-12-08 18:42:00,435,1877.65,4.954210526315789,1
23395,BELLE JARDINIERE CUSHION COVER,2011-09-04 12:07:00,2011-12-08 18:42:00,747,3253.33,4.921142857142858,1
23396,LE JARDIN BOTANIQUE CUSHION COVER,2011-09-04 12:07:00,2011-12-08 18:42:00,650,2735.5299999999997,4.807849999999999,3
23397,FOOT STOOL HOME SWEET HOME,2011-09-04 12:24:00,2011-12-08 16:30:00,487,5077.75,11.581388888888888,1
23398,HANGING HEART BONHEUR,2011-09-04 14:08:00,2011-12-08 13:50:00,606,535.35,1.0450666666666666,1
23399,HOME SWEET HOME HANGING HEART,2011-09-04 12:54:00,2011-12-09 10:03:00,1914,1745.55,1.1070085470085471,1
23400,SHELF WITH 4 HOOKS HOME SWEET HOME,2011-09-06 11:55:00,2011-12-08 10:59:00,459,2396.84,6.859719626168224,1
23401,RUSTIC MIRROR WITH LACE HEART,2011-09-07 16:27:00,2011-12-08 18:43:00,459,2354.87,7.090361445783133,1
23402,HOME SWEET HOME 3 PEG HANGER,2011-09-05 12:00:00,2011-12-08 09:28:00,296,1147.28,4.4525,2
23403,LETTER HOLDER HOME SWEET HOME,2011-09-05 12:00:00,2011-12-08 16:30:00,625,2204.11,4.374,1
23404,HOME SWEET HOME BLACKBOARD,2011-09-05 10:15:00,2011-12-09 11:50:00,1005,4532.06,6.027261904761905,1
23405,HOME SWEET HOME 2 DRAWER CABINET,2011-09-05 11:18:00,2011-12-09 10:03:00,252,1311.48,5.985492957746479,1
23406,HOME SWEET HOME KEY HOLDER,2011-09-05 10:15:00,2011-12-06 14:23:00,455,2416.4100000000003,7.117727272727273,1
23407,SET OF 2 TRAYS HOME SWEET HOME,2011-09-04 12:07:00,2011-12-08 17:37:00,260,2659.68,10.698307692307692,1
23408,PHOTO FRAME LINEN AND LACE SMALL,2011-09-07 16:27:00,2011-12-07 12:33:00,298,619.84,2.08,1
23409,PHOTO FRAME LINEN AND LACE LARGE,2011-09-07 16:00:00,2011-12-05 12:03:00,209,779.1800000000001,3.8164285714285713,1
23410,CURIO CABINET LINEN AND LACE,2011-09-08 10:35:00,2011-11-25 13:09:00,36,290.1,8.027777777777779,1
23411,TRELLIS COAT RACK,2011-09-04 14:08:00,2011-12-02 17:12:00,226,1113.66,5.86,1
23412,HEART MIRROR ANTIQUE WHITE,2011-09-06 09:53:00,2011-10-10 17:26:00,356,2339.8,7.727368421052631,1
23413,VINTAGE COFFEE GRINDER BOX,2011-09-07 16:00:00,2011-12-08 16:30:00,161,849.9100000000001,6.342280701754386,3
23414,ZINC BOX SIGN HOME,2011-09-04 16:09:00,2011-11-30 17:37:00,137,1338.9499999999998,10.075714285714286,1
23415,HOME SWEET HOME HOOK,2011-09-07 15:52:00,2011-12-08 15:54:00,328,412.17999999999995,1.4517021276595745,1
23416,CHAMBRE HOOK,2011-09-12 13:43:00,2011-12-08 14:39:00,132,184.67999999999998,1.7564,1
23417,BATHROOM HOOK,2011-09-07 15:52:00,2011-12-08 14:39:00,146,157.5,1.5964285714285713,1
23418,LAVENDER TOILETTE BOTTLE,2011-09-11 10:53:00,2011-12-09 10:03:00,557,1166.0,2.562025316455696,1
23419,HOME SWEET HOME BOTTLE,2011-09-11 10:53:00,2011-12-08 09:20:00,472,1041.64,2.679529411764706,1
23420,PANTRY HOOK TEA STRAINER,2011-09-15 12:46:00,2011-12-04 12:44:00,164,351.37,2.33625,1
23421,PANTRY HOOK SPATULA,2011-09-08 13:38:00,2011-12-04 12:44:00,160,349.2,2.5148484848484847,1
23422,PANTRY HOOK BALLOON WHISK,2011-09-07 16:48:00,2011-12-08 09:20:00,213,477.89,2.777872340425532,1
23423,PANTRY 3 HOOK ROLLING PIN HANGER,2011-09-08 13:38:00,2011-12-08 09:20:00,219,876.9,4.536969696969697,1
23424,GINGHAM RECIPE BOOK BOX,2011-09-04 16:09:00,2011-12-09 08:59:00,462,2509.62,6.186740740740741,1
23425,STORAGE TIN HOME SWEET HOME,2011-09-04 16:09:00,2011-12-09 10:46:00,275,621.44,3.0989285714285715,1
23426,METAL SIGN DROP YOUR PANTS,2011-09-05 16:22:00,2011-12-09 10:03:00,1269,3427.09,3.336618357487923,1
23427,STOOL HOME SWEET HOME,2011-09-04 12:07:00,2011-12-08 11:15:00,235,2835.58,12.97575221238938,1
23428,IVORY RETRO KITCHEN WALL CLOCK,2011-11-17 10:01:00,2011-12-09 08:48:00,75,659.61,9.970625,1
23429,RED RETRO KITCHEN WALL CLOCK,2011-11-21 10:35:00,2011-12-09 08:48:00,47,400.01,8.887391304347826,1
23430,BLUE RETRO KITCHEN WALL CLOCK,2011-11-20 15:35:00,2011-12-09 08:48:00,36,301.88,8.621111111111112,1
23431,NATURAL HANGING QUILTED HEARTS,2011-08-26 09:55:00,2011-12-01 11:20:00,1437,1161.27,1.3712328767123287,1
23432,PRETTY HANGING QUILTED HEARTS,2011-08-31 10:06:00,2011-12-06 14:40:00,1276,1088.36,1.3654054054054052,1
23433,HANGING QUILTED PATCHWORK APPLES,2011-08-26 12:49:00,2011-12-04 13:32:00,1222,1078.6999999999998,1.5156321839080458,1
23434,3 RAFFIA RIBBONS 50'S CHRISTMAS,2011-09-11 10:58:00,2011-12-09 10:03:00,2085,1876.27,0.8806532663316583,1
23435,3 RAFFIA RIBBONS VINTAGE CHRISTMAS,2011-09-09 16:13:00,2011-12-09 10:03:00,824,732.4200000000001,0.8976767676767677,1
23436,VINTAGE CHRISTMAS GIFT BAG LARGE,2011-08-02 14:04:00,2011-12-08 09:20:00,1967,2352.39,1.4460176991150444,2
23437,50'S CHRISTMAS GIFT BAG LARGE,2011-08-22 15:05:00,2011-12-09 10:26:00,1939,2373.63,1.4238931297709925,2
23438,RED SPOT GIFT BAG LARGE,2011-08-03 12:20:00,2011-12-09 10:20:00,1809,2209.92,1.370183486238532,2
23439,HAND WARMER RED LOVE HEART,2011-08-24 14:23:00,2011-12-09 10:20:00,3986,8855.51,2.2266262135922332,1
23440,PAINT YOUR OWN EGGS IN CRATE,2011-11-24 15:01:00,2011-12-07 15:16:00,164,299.36,2.022,1
23441,HAND PAINTED HANGING EASTER EGG,2011-11-23 10:39:00,2011-12-07 13:12:00,22,9.24,0.42,1
23442,12 HANGING EGGS HAND PAINTED,2011-11-15 17:14:00,2011-12-07 13:12:00,40,83.2,2.08,1
23445,ICE CREAM BUBBLES,2011-08-24 11:31:00,2011-12-09 08:59:00,2648,2144.64,0.8663366336633663,1
23446,BLUE BUNNY EASTER EGG BASKET,2011-10-10 13:55:00,2011-12-07 15:16:00,157,230.24999999999997,1.5833333333333333,1
23447,PINK BUNNY EASTER EGG BASKET,2011-10-10 13:55:00,2011-12-07 15:16:00,158,231.89999999999998,1.5999999999999999,1
23448,CREAM BUNNY EASTER EGG BASKET,2011-10-10 13:55:00,2011-11-30 09:50:00,25,41.24999999999999,1.6499999999999997,1
23449,SET OF 6 EASTER RAINBOW CHICKS,2011-11-15 17:14:00,2011-11-15 17:14:00,12,15.0,1.25,1
23451,SQUARE MINI PORTRAIT FRAME,2011-10-14 14:04:00,2011-12-09 10:03:00,277,556.17,2.273396226415094,1
23452,HEART MINI PORTRAIT FRAME,2011-10-14 13:35:00,2011-12-08 14:39:00,518,1021.76,2.07183908045977,1
23453,OVAL  MINI PORTRAIT FRAME,2011-10-14 12:33:00,2011-12-08 13:59:00,316,615.98,1.9883673469387753,1
23454,THREE MINI HANGING FRAMES,2011-10-21 13:13:00,2011-12-08 14:39:00,174,733.2,4.5190909090909095,2
23455,SMALL PARLOUR PICTURE FRAME,2011-10-16 15:44:00,2011-12-08 12:26:00,207,569.4300000000001,2.867777777777778,2
23456,MEDIUM PARLOUR PICTURE FRAME,2011-10-16 12:25:00,2011-12-04 12:44:00,158,634.1,4.116666666666667,2
23457,LARGE PARLOUR PICTURE FRAME,2011-10-16 15:44:00,2011-12-08 13:45:00,112,549.88,5.109354838709678,2
23458,DOLLY CABINET 3 DRAWERS,2011-10-17 15:18:00,2011-12-08 14:58:00,49,732.55,14.95,1
23459,DOLLY CABINET 2 DRAWERS,2011-10-16 12:19:00,2011-12-08 12:10:00,31,387.5,12.5,1
23460,SWEETHEART WALL TIDY,2011-10-20 12:57:00,2011-12-05 14:39:00,106,987.18,9.899761904761904,1
23461,SWEETHEART BIRD HOUSE,2011-09-29 15:57:00,2011-12-07 17:25:00,843,3024.61,4.555555555555555,1
23462,ROCOCO WALL MIRROR WHITE,2011-10-20 13:06:00,2011-12-08 17:37:00,69,1387.59,20.85421052631579,2
23463,VINTAGE ZINC WATERING CAN,2011-10-16 12:28:00,2011-12-09 09:07:00,13,139.39999999999998,11.206249999999999,1
23464,VINTAGE ZINC WATERING CAN SMALL,2011-10-16 12:28:00,2011-12-09 09:07:00,18,99.2,6.2125,1
23465,TUSCAN VILLA BIRD FEEDER,2011-10-04 16:39:00,2011-12-08 09:28:00,29,247.63,8.77375,2
23466,TUSCAN VILLA DOVECOTE BIRD FEEDER,2011-09-30 08:18:00,2011-12-08 16:30:00,55,498.03,10.084444444444443,2
23467,VINTAGE ZINC PLANTER,2011-10-17 10:10:00,2011-12-09 10:03:00,32,120.08000000000001,4.366363636363636,1
23468,TUSCAN VILLA BIRD TABLE,2011-10-06 17:28:00,2011-11-23 15:53:00,19,156.75,8.25,1
23469,CARD HOLDER LOVE BIRD SMALL,2011-09-30 09:39:00,2011-12-09 10:03:00,332,1355.24,4.643611111111111,1
23470,CARD HOLDER LOVE BIRD LARGE,2011-10-02 13:26:00,2011-12-05 15:44:00,226,1423.0,6.824390243902439,1
23471,SIX DRAWER OFFICE TIDY,2011-09-30 15:02:00,2011-12-02 17:12:00,65,616.79,10.162592592592592,1
23472,NINE DRAWER OFFICE TIDY,2011-10-02 12:11:00,2011-12-07 13:53:00,58,894.42,16.09060606060606,1
23473,WOODLAND SMALL RED FELT HEART,2011-10-20 12:24:00,2011-12-07 15:43:00,678,552.02,0.9533333333333333,1
23474,WOODLAND SMALL BLUE FELT HEART,2011-10-24 13:37:00,2011-12-08 10:53:00,312,270.96,1.0405263157894737,1
23475,WOODLAND SMALL PINK FELT HEART,2011-10-27 16:23:00,2011-12-07 15:43:00,286,242.17999999999998,0.959032258064516,1
23476,WOODLAND LARGE RED FELT HEART,2011-10-20 12:07:00,2011-11-30 15:43:00,205,264.72,1.4700000000000002,1
23477,WOODLAND LARGE BLUE FELT HEART,2011-10-20 12:07:00,2011-11-30 15:43:00,92,123.47,1.7153846153846155,1
23478,WOODLAND LARGE PINK FELT HEART,2011-10-20 12:07:00,2011-12-01 14:17:00,285,324.40000000000003,1.5130769230769232,1
23479,WIRE EGG BASKET,2011-10-17 12:41:00,2011-12-08 14:38:00,113,872.38,8.26659090909091,1
23480,MINI LIGHTS WOODLAND MUSHROOMS,2011-10-19 15:09:00,2011-12-09 12:19:00,1798,6719.14,4.428761467889909,1
23481,PEARLISED IVORY HEART SMALL,2011-10-17 15:06:00,2011-12-06 11:58:00,228,281.17,1.28125,1
23482,PEARLISED IVORY HEART LARGE,2011-10-14 14:04:00,2011-12-06 15:10:00,418,661.02,1.765897435897436,1
23483,HANGING  BUTTERFLY T-LIGHT HOLDER,2011-10-03 12:47:00,2011-12-08 17:12:00,1328,1636.36,2.409054054054054,1
23484,HEART TRELLIS TRIPLE T-LIGHT HOLDER,2011-09-30 10:18:00,2011-12-08 16:30:00,185,547.35,3.673333333333334,2
23485,BOTANICAL GARDENS WALL CLOCK,2011-10-20 14:51:00,2011-12-08 17:37:00,251,5585.72,24.827894736842108,1
23486,ANTIQUE HEART SHELF UNIT,2011-10-20 12:21:00,2011-12-08 14:39:00,265,3991.57,17.909142857142854,1
23487,SWEET HEART CAKE CARRIER,2011-10-14 11:15:00,2011-12-08 14:58:00,74,735.88,10.395853658536584,1
23489,VINTAGE BELLS GARLAND,2011-10-20 10:10:00,2011-12-09 12:19:00,913,2709.23,3.221454545454545,2
23490,T-LIGHT HOLDER HANGING LOVE BIRD,2011-10-14 12:33:00,2011-12-08 14:39:00,542,2032.77,3.961287128712871,1
23491,VINTAGE JINGLE BELLS HEART,2011-10-20 10:10:00,2011-12-07 12:55:00,228,1897.76,8.462151898734177,1
23492,VINTAGE JINGLE BELLS WREATH,2011-10-20 10:10:00,2011-12-05 10:09:00,76,635.38,8.549285714285714,1
23493,VINTAGE DOILY TRAVEL SEWING KIT,2011-09-22 12:13:00,2011-12-09 10:26:00,3964,8497.98,2.156320754716981,1
23494,VINTAGE DOILY DELUXE SEWING KIT,2011-09-25 12:31:00,2011-12-09 10:26:00,759,5056.51,6.834328358208955,1
23495,SET OF 3 PANTRY WOODEN SPOONS,2011-10-30 11:55:00,2011-12-09 10:03:00,225,306.66,1.7221951219512195,1
23496,PANTRY KITCHEN THERMOMETER,2011-10-30 11:55:00,2011-12-08 10:59:00,112,154.52,1.562258064516129,1
23497,CLASSIC CHROME BICYCLE BELL,2011-10-28 13:04:00,2011-12-09 10:26:00,2546,3638.62,1.6245226130653265,2
23498,CLASSIC BICYCLE CLIPS,2011-11-25 10:58:00,2011-12-09 12:21:00,1640,2372.68,1.657941176470588,1
23499,SET 12 VINTAGE DOILY CHALK,2011-10-20 13:54:00,2011-12-08 16:30:00,1312,586.23,0.4831858407079646,1
23500,KEY RING BASEBALL BOOT ASSORTED,2011-10-04 13:58:00,2011-12-08 16:30:00,1626,2038.33,1.3861764705882351,1
23501,KEY RING BASEBALL BOOT UNION JACK,2011-10-05 10:11:00,2011-12-09 10:26:00,1821,2217.87,1.4955263157894738,1
23502,PLAYING CARDS VINTAGE DOILY,2011-09-22 12:02:00,2011-12-07 13:53:00,714,896.41,1.3016842105263158,2
23503,PLAYING CARDS KEEP CALM & CARRY ON,2011-09-22 09:52:00,2011-12-09 08:59:00,3643,4860.55,1.279298245614035,1
23504,PLAYING CARDS JUBILEE UNION JACK,2011-09-22 11:46:00,2011-12-08 13:50:00,1927,2848.89,1.3483410138248846,1
23505,PLAYING CARDS I LOVE LONDON,2011-09-22 12:55:00,2011-12-08 15:03:00,1200,1651.29,1.3546153846153848,1
23506,MINI PLAYING CARDS SPACEBOY,2011-09-22 12:02:00,2011-12-09 10:03:00,2723,1129.1200000000001,0.46264900662251657,1
23507,MINI PLAYING CARDS BUFFALO BILL,2011-09-22 14:11:00,2011-12-08 16:30:00,2882,1155.67,0.4734645669291338,1
23508,MINI PLAYING CARDS DOLLY GIRL,2011-09-22 14:11:00,2011-12-09 10:03:00,2627,1163.45,0.4665625,1
23509,MINI PLAYING CARDS FUN FAIR,2011-09-22 14:11:00,2011-12-08 10:40:00,1062,451.46000000000004,0.4865151515151515,1
23510,MINI PLAYING CARDS GYMKHANA,2011-09-22 14:11:00,2011-12-09 10:03:00,2521,1118.8,0.4972,1
23511,EMBROIDERED RIBBON REEL EMILY,2011-09-22 12:23:00,2011-12-08 11:53:00,571,1252.01,2.3309090909090906,1
23512,EMBROIDERED RIBBON REEL ROSIE,2011-09-22 14:10:00,2011-12-08 11:53:00,500,975.24,2.3164912280701753,1
23513,EMBROIDERED RIBBON REEL SUSIE,2011-09-22 14:18:00,2011-12-05 17:28:00,560,1101.78,2.3092753623188407,1
23514,EMBROIDERED RIBBON REEL SALLY,2011-09-22 14:10:00,2011-12-04 12:44:00,472,964.9100000000001,2.352876712328767,1
23515,EMBROIDERED RIBBON REEL DAISY,2011-09-22 14:10:00,2011-12-09 12:16:00,579,1164.98,2.3925,1
23516,EMBROIDERED RIBBON REEL SOPHIE,2011-09-25 12:22:00,2011-12-05 16:05:00,296,1058.6,3.848181818181818,1
23517,EMBROIDERED RIBBON REEL REBECCA,2011-09-22 12:23:00,2011-12-06 16:26:00,334,996.38,3.4480952380952385,1
23518,EMBROIDERED RIBBON REEL RACHEL,2011-09-22 14:10:00,2011-12-02 14:30:00,355,963.07,3.1006976744186048,1
23519,EMBROIDERED RIBBON REEL CLAIRE,2011-09-25 12:22:00,2011-11-24 09:21:00,224,792.31,4.484583333333333,1
23520,EMBROIDERED RIBBON REEL RUBY,2011-09-22 12:23:00,2011-12-05 16:05:00,167,600.55,3.9675,1
23521,WALL ART CAT AND BIRD,2011-10-03 11:37:00,2011-12-09 10:03:00,413,793.37,4.204090909090909,2
23522,WALL ART DOG AND BALL,2011-10-03 11:01:00,2011-12-08 15:54:00,354,727.4399999999999,3.680625,2
23523,WALL ART TREASURE AHOY,2011-10-03 11:37:00,2011-12-08 16:38:00,354,1151.3100000000002,3.93925,2
23524,WALL ART HORSE & PONY,2011-10-02 13:46:00,2011-12-09 11:34:00,475,1535.13,4.333225806451614,2
23525,WALL ART BUFFALO BILL,2011-10-02 15:50:00,2011-12-09 11:34:00,576,1841.3200000000002,4.171923076923077,2
23526,WALL ART DOG LICENCE,2011-10-03 11:01:00,2011-12-09 10:03:00,996,5933.4,8.285492957746479,2
23527,WALL ART ANIMALS AND NATURE,2011-10-03 12:17:00,2011-12-09 11:34:00,414,1406.06,4.003404255319149,2
23528,WALL ART SPACEBOY,2011-10-03 11:01:00,2011-12-08 16:30:00,479,1504.49,4.7792,2
23529,WALL ART DOLLY GIRL,2011-10-03 12:48:00,2011-12-08 09:20:00,637,2011.9900000000002,4.338648648648649,2
23530,WALL ART ONLY ONE PERSON,2011-10-03 11:37:00,2011-12-09 10:03:00,1056,4436.27,5.577586206896552,2
23531,WALL ART BIG LOVE,2011-10-03 11:37:00,2011-12-08 18:43:00,976,5538.26,7.661681415929204,1
23532,WALL ART WORK REST AND PLAY,2011-10-02 15:50:00,2011-12-08 12:05:00,210,901.58,5.301612903225807,1
23533,WALL ART GARDEN HAVEN,2011-10-03 11:01:00,2011-12-09 09:07:00,215,998.64,6.166944444444445,1
23534,WALL ART STOP FOR TEA,2011-10-02 14:37:00,2011-12-09 10:03:00,1384,8591.05,7.545076923076923,2
23535,WALL ART BICYCLE SAFETY,2011-10-02 14:37:00,2011-12-09 10:20:00,1323,8434.29,7.453860465116279,3
23536,WALL ART VILLAGE SHOW,2011-10-03 13:49:00,2011-12-09 10:03:00,622,3418.33,6.8047619047619055,2
23537,WALL ART I LOVE LONDON,2011-10-03 14:52:00,2011-12-09 11:34:00,111,581.13,6.9405882352941175,2
23538,WALL ART VINTAGE HEART,2011-10-03 11:37:00,2011-12-09 10:03:00,331,1329.54,5.7790625,1
23539,WALL ART LOVES' SECRET,2011-10-02 15:50:00,2011-12-05 17:24:00,247,1227.95,6.594047619047619,2
23540,WALL ART THE MAGIC FOREST,2011-10-03 14:34:00,2011-12-06 12:27:00,150,947.0600000000001,8.424285714285714,2
23541,WALL ART CLASSIC PUDDINGS,2011-10-02 14:37:00,2011-12-06 16:26:00,870,6807.41,9.721721854304636,2
23542,WALL ART 70'S ALPHABET,2011-10-03 11:01:00,2011-12-08 18:43:00,504,3783.66,9.801590909090908,2
23543,WALL ART KEEP CALM,2011-10-03 11:26:00,2011-12-08 18:43:00,1236,7010.76,8.530952380952382,2
23544,WALL ART MID CENTURY MODERN,2011-10-03 13:49:00,2011-12-06 12:12:00,163,1007.53,7.484736842105264,1
23545,WRAP RED VINTAGE DOILY,2011-07-20 13:30:00,2011-12-08 14:14:00,2480,1025.6,0.41905882352941176,2
23546,WRAP PAISLEY PARK,2011-07-19 11:57:00,2011-12-08 14:14:00,3250,1365.0,0.42,1
23547,WRAP FLOWER SHOP,2011-07-20 14:39:00,2011-12-06 15:43:00,1575,661.5,0.42,1
23548,WRAP MAGIC FOREST,2011-07-20 14:39:00,2011-12-08 12:07:00,1075,451.5,0.42,1
23549,WRAP BIRD GARDEN,2011-07-19 11:57:00,2011-12-01 10:31:00,1305,548.1,0.42,1
23550,WRAP ALPHABET POSTER,2011-07-18 11:42:00,2011-12-09 12:16:00,1855,763.1,0.41875,1
23551,PACK OF 12 PAISLEY PARK TISSUES,2011-09-01 15:56:00,2011-12-09 10:03:00,1840,839.8399999999999,0.5168115942028985,1
23552,BICYCLE PUNCTURE REPAIR KIT,2011-11-25 10:58:00,2011-12-09 12:21:00,1863,3881.91,2.2640650406504066,1
23553,LANDMARK FRAME CAMDEN TOWN,2011-10-20 10:04:00,2011-12-08 18:43:00,568,6444.65,13.30220588235294,1
23554,LANDMARK FRAME OXFORD STREET,2011-10-19 12:28:00,2011-12-08 12:36:00,422,4805.53,13.047017543859647,1
23555,LANDMARK FRAME NOTTING HILL,2011-10-19 14:12:00,2011-12-09 10:03:00,421,4780.57,12.897450980392156,1
23556,LANDMARK FRAME COVENT GARDEN,2011-10-19 12:28:00,2011-12-08 12:36:00,436,4937.01,12.61811320754717,1
23557,LANDMARK FRAME BAKER STREET,2011-10-19 13:23:00,2011-12-08 13:45:00,350,3930.27,13.181875,1
23558,LANDMARK FRAME LONDON BRIDGE,2011-10-19 12:28:00,2011-12-08 12:36:00,415,4703.87,13.125384615384615,1
23559,WOODLAND BUNNIES LOLLY MAKERS,2011-09-08 13:07:00,2011-12-09 10:03:00,649,1482.41,2.8688709677419357,1
23560,SET OF 6 RIBBONS COUNTRY STYLE,2011-11-27 11:57:00,2011-12-08 11:25:00,172,499.18,3.543846153846154,1
23561,SET OF 6 RIBBONS PARTY,2011-11-27 13:29:00,2011-12-09 12:20:00,170,476.0,3.40875,1
23562,SET OF 6 RIBBONS PERFECTLY PRETTY,2011-11-27 12:29:00,2011-12-09 12:20:00,251,724.59,3.2853488372093027,1
23564,EGG CUP MILKMAID INGRID,2011-10-13 13:50:00,2011-12-09 10:26:00,644,841.31,1.7567105263157894,1
23565,EGG CUP MILKMAID HELGA,2011-10-16 12:19:00,2011-12-09 10:03:00,410,586.31,1.8453968253968254,1
23566,EGG CUP MILKMAID HEIDI,2011-10-17 10:10:00,2011-12-08 16:30:00,881,1156.93,1.769759036144578,1
23567,EGG CUP HENRIETTA HEN PINK,2011-10-14 09:35:00,2011-12-09 10:03:00,211,291.58,1.823157894736842,1
23568,EGG CUP HENRIETTA HEN CREAM,2011-10-16 16:13:00,2011-12-08 16:30:00,630,787.52,1.7454166666666666,1
23569,TRADTIONAL ALPHABET STAMP SET,2011-10-21 15:36:00,2011-12-09 10:03:00,954,4717.66,5.3034693877551025,1
23570,TRADITIONAL PICK UP STICKS GAME,2011-10-21 13:13:00,2011-12-09 12:19:00,2772,4931.87,1.431118881118881,1
23571,TRADITIONAL NAUGHTS & CROSSES,2011-10-21 14:23:00,2011-12-09 10:03:00,2841,6406.91,1.8921374045801527,1
23575,SNACK TRAY PAISLEY PARK,2011-11-27 11:57:00,2011-12-09 10:03:00,179,367.34999999999997,2.5823529411764703,1
23576,SNACK TRAY RED VINTAGE DOILY,2011-11-27 12:13:00,2011-12-08 18:03:00,198,400.03999999999996,2.4010526315789473,1
23578,SNACK TRAY RED GINGHAM,2011-11-27 11:18:00,2011-12-08 12:26:00,60,125.72,2.417142857142857,1
23579,SNACK TRAY I LOVE LONDON,2011-10-18 13:11:00,2011-12-09 10:03:00,169,358.75,2.6265714285714283,1
23580,SNACK TRAY HAPPY FOREST,2011-11-27 11:57:00,2011-12-07 15:43:00,116,234.92,2.2116,1
23581,JUMBO BAG PAISLEY PARK,2011-10-25 10:31:00,2011-12-09 12:19:00,4900,11361.23,2.2581632653061225,1
23582,VINTAGE DOILY JUMBO BAG RED,2011-10-25 09:07:00,2011-12-08 14:38:00,4682,9985.81,2.2169230769230768,1
23583,LUNCH BAG PAISLEY PARK,2011-10-25 09:31:00,2011-12-09 10:03:00,3375,5480.83,1.8025075528700907,1
23597,PAPER BUNTING PAISLEY PARK,2011-11-10 16:27:00,2011-12-08 18:42:00,243,661.37,3.1940000000000004,1
23598,PAPER BUNTING VINTAGE PARTY,2011-11-10 16:20:00,2011-12-09 10:20:00,427,1215.53,3.2351063829787234,1
23601,SET 10 CARDS SNOWY SNOWDROPS  17100,2011-09-23 17:04:00,2011-11-28 15:31:00,8,19.92,2.49,1
23602,SET 10 CARDS 3 WISE MEN 17107,2011-11-11 13:06:00,2011-11-11 13:06:00,1,2.91,2.91,1
23603,SET 10 CARD KRAFT REINDEER 17084,2011-10-14 17:17:00,2011-12-08 09:28:00,20,49.800000000000004,2.4899999999999998,1
23604,SET 10 MINI SANTA & SNOWMAN  17087,2011-10-03 16:14:00,2011-10-17 15:27:00,4,6.64,1.66,1
23605,SET 10 CARDS 12 DAYS OF XMAS 17059,2011-10-05 15:56:00,2011-10-05 15:56:00,4,11.64,2.91,1
23607,SET 10 CARDS HATS & STOCKINGS 17081,2011-09-13 16:05:00,2011-11-24 09:21:00,8,13.28,1.66,1
23608,SET 10 CARDS RUDOLPHS NOSE 17097,2011-11-03 15:56:00,2011-12-08 16:30:00,4,11.64,2.91,1
23609,SET 10 CARDS SNOWY ROBIN 17099,2011-11-28 15:31:00,2011-11-28 15:31:00,1,2.91,2.91,1
23610,SET 10 CARDS CHRISTMAS ROBIN 17095,2011-09-23 17:02:00,2011-11-11 09:05:00,3,6.24,2.08,1
23611,SET 10 CARDS RED RIDING HOOD 17214,2011-09-12 15:40:00,2011-12-09 10:03:00,40,99.60000000000001,2.49,1
23612,SET 10 MINICARDS CUTE SNOWMAN 17071,2011-10-06 16:08:00,2011-11-17 15:17:00,5,8.299999999999999,1.66,1
23613,SET 10 XMAS CARDS & BADGES 17070,2011-09-07 16:48:00,2011-11-28 15:31:00,11,27.39,2.49,1
23614,SET 10 CARDS 12 DAYS WRAP  17058,2011-09-07 12:02:00,2011-12-08 09:28:00,26,86.58000000000001,3.33,1
23615,SET 10 CARDS PRINTED GRAPHIC 17219,2011-10-27 17:15:00,2011-12-06 16:26:00,4,9.96,2.49,1
23616,SET 10 CARDS JINGLE BELLS 17217,2011-11-09 16:14:00,2011-12-09 10:03:00,8,19.92,2.4899999999999998,1
23617,SET 10 CARDS SWIRLY XMAS TREE 17104,2011-11-29 16:47:00,2011-11-29 16:47:00,2,5.82,2.91,1
23619,SET 10 CARDS POINSETTIA 17093,2011-10-05 15:56:00,2011-11-08 18:29:00,4,9.96,2.49,1
23620,SET 10 CARDS PERFECT POST 17090,2011-09-02 16:39:00,2011-11-18 15:59:00,10,24.900000000000002,2.4899999999999998,1
23621,SET 10 CARDS DAVID'S MADONNA 17074,2011-11-11 09:05:00,2011-12-09 10:03:00,6,14.940000000000001,2.49,1
23623,SET 10 CARD CHRISTMAS WELCOME 17112,2011-09-02 16:39:00,2011-11-29 16:33:00,8,23.28,2.91,1
23624,SET 10 CARD PERFECT NATIVITY 17089,2011-09-22 16:28:00,2011-11-11 09:05:00,4,9.96,2.49,1
23625,SET 6 CARDS SPARKLY REINDEER 17262,2011-09-15 16:32:00,2011-12-02 16:39:00,9,44.910000000000004,4.99,1
23626,SET 10 CARDS DINKY TREE 17076,2011-10-03 16:14:00,2011-12-08 09:28:00,43,107.07000000000001,2.49,1
23627,SET 10 CARDS XMAS GRAPHIC  17218,2011-11-11 09:05:00,2011-11-25 14:25:00,7,17.43,2.49,1
23628,SET 10 CARDS TRIANGLE ICONS  17220,2011-10-31 14:41:00,2011-10-31 14:41:00,1,2.91,2.91,1
23629,SET 10 CARDS DRESSING UP 17077,2011-09-21 15:43:00,2011-11-25 14:25:00,24,59.760000000000005,2.49,1
23630,SET 10 CARDS HANGING BAUBLES 17080,2011-09-22 09:38:00,2011-11-30 15:13:00,2,5.48,2.74,1
23632,SET 10 CARDS CHEERFUL ROBIN 17065,2011-09-23 17:04:00,2011-11-30 15:13:00,15,31.200000000000003,2.08,1
23633,SET 10 CARDS WORLD CHILDREN 17067,2011-10-31 14:41:00,2011-11-21 15:18:00,3,7.470000000000001,2.49,1
23634,SET 10 CARDS XMAS CHOIR 17068,2011-09-02 16:39:00,2011-12-06 16:26:00,5,14.55,2.91,1
23635,SET 10 CARDS CHRISTMAS HOLLY  17259,2011-10-05 15:56:00,2011-12-09 10:03:00,3,12.48,4.16,1
23636,SET 10 CARDS WISHING TREE 17116,2011-10-24 17:03:00,2011-12-08 16:30:00,9,26.19,2.91,1
23637,SET 10 CARDS OUT OF ORDER 17216,2011-09-07 12:02:00,2011-12-08 09:28:00,11,27.39,2.49,1
23638,SET 10 CARDS ROBIN WATERPUMP  17096,2011-09-27 18:41:00,2011-11-24 09:21:00,2,5.82,2.91,1
23639,SET 10 CARDS MAGICAL TREE 17086,2011-09-15 16:32:00,2011-11-17 15:17:00,4,13.32,3.33,1
23640,SET 10 CARDS SCOTTIE DOG 17211,2011-09-07 16:15:00,2011-12-08 09:28:00,9,22.410000000000004,2.49,1
23643,SET 10 CARDS CHRISTMAS BAUBLE 16954,2011-10-31 14:41:00,2011-10-31 14:41:00,1,3.33,3.33,1
23644,SET 10 CARDS CHRISTMAS TREE 16955,2011-09-30 17:22:00,2011-12-09 10:03:00,5,16.65,3.3299999999999996,1
23645,SET 10 CHRISTMAS CARDS HOHOHO 16956,2011-10-27 17:15:00,2011-12-08 09:20:00,9,22.410000000000004,2.49,1
23646,SET 10 CARDS JINGLE BELLS 16957,2011-09-07 16:48:00,2011-11-17 15:17:00,8,19.92,2.49,1
23649,SET 10 CARDS DECK THE HALLS 16960,2011-11-15 17:00:00,2011-11-25 14:25:00,2,4.98,2.49,1
23650,SET 10 CARDS FILIGREE BAUBLE 16961,2011-09-27 18:41:00,2011-12-08 09:28:00,4,9.96,2.49,1
23652,SET 10 CARD CHRISTMAS STAMPS 16963,2011-11-17 15:17:00,2011-11-17 15:17:00,2,5.82,2.91,1
23654,SET 10 CARD SNOWMAN 16965,2011-10-27 17:15:00,2011-12-08 16:30:00,5,12.450000000000001,2.49,1
23660,HENRIETTA HEN MUG,2011-10-13 13:43:00,2011-12-09 10:03:00,294,514.8599999999999,2.2548780487804874,1
23661,MILK MAIDS MUG,2011-10-13 13:43:00,2011-12-09 10:03:00,207,373.78999999999996,2.251212121212121,1
23664,FLOWER SHOP DESIGN MUG,2011-11-11 15:28:00,2011-11-11 15:28:00,1,1.65,1.65,1
23681,LUNCH BAG RED VINTAGE DOILY,2011-11-06 12:36:00,2011-12-09 12:20:00,1576,2525.04,1.8662406015037591,1
23691,WRAP KEEP CALM BIRTHDAY,2011-11-02 11:52:00,2011-12-07 14:34:00,1175,481.5,0.4184210526315789,2
23692,WRAP A PRETTY THANK YOU,2011-11-09 11:17:00,2011-11-30 10:54:00,50,21.0,0.42,1
23694,PAISLEY PARK CARD,2011-11-14 13:42:00,2011-12-08 17:12:00,376,165.07999999999998,0.5885365853658536,1
23695,DOILY THANK YOU CARD,2011-11-09 14:11:00,2011-12-08 17:12:00,741,313.24,0.5042105263157894,1
23697,A PRETTY THANK YOU CARD,2011-11-09 14:11:00,2011-12-08 17:57:00,456,194.58,0.5208333333333334,1
23702,HIGH RESOLUTION IMAGE,2011-10-19 10:33:00,2011-11-16 11:09:00,4,27.0,8.5,1
35001G,HAND OPEN SHAPE GOLD,2010-12-02 15:19:00,2011-12-07 17:17:00,198,677.34,3.6971875,1
35001W,HAND OPEN SHAPE DECO.WHITE,2010-12-05 16:41:00,2010-12-16 10:08:00,92,270.02000000000004,3.0840000000000005,1
35004B,SET OF 3 BLACK FLYING DUCKS,2010-12-01 10:51:00,2011-12-09 11:34:00,565,2879.01,6.283423423423423,1
35004C,SET OF 3 COLOURED  FLYING DUCKS,2010-12-01 10:03:00,2011-03-07 14:33:00,391,1871.7500000000002,5.239473684210527,1
35004G,SET OF 3 GOLD FLYING DUCKS,2010-12-01 10:03:00,2011-12-07 17:17:00,127,454.65,5.35,1
35004P,SET OF 3 PINK FLYING DUCKS,2010-12-10 13:27:00,2010-12-10 13:27:00,1,5.45,5.45,1
35095A,BLUE VICTORIAN FABRIC OVAL BOX,2010-12-01 14:32:00,2011-12-09 10:03:00,925,388.57,0.6903,1
35095B,RED VICTORIAN FABRIC OVAL BOX,2010-12-01 14:32:00,2011-12-09 10:03:00,862,352.25,0.6579591836734694,1
35241,ENAMEL BLUE RIM BISCUIT BIN,2010-12-05 10:36:00,2011-05-03 15:59:00,103,530.49,5.912272727272727,1
35265,COLOURFUL FLOWER FRUIT BOWL,2011-01-11 14:15:00,2011-10-02 15:49:00,17,52.2,2.2875,1
35271S,GOLD PRINT PAPER BAG,2010-12-01 17:35:00,2010-12-02 13:49:00,19,3.6100000000000003,0.19,1
35400,WOODEN BOX ADVENT CALENDAR,2010-12-17 16:53:00,2011-11-23 14:35:00,10,89.5,8.95,1
35443,RASTA IN BATH W SPLIFF ASHTRAY,2010-12-23 16:49:00,2011-11-24 15:01:00,8,6.8,0.85,1
35471D,SET OF 3 BIRD LIGHT PINK FEATHER,2010-12-01 14:32:00,2011-12-09 11:20:00,1848,979.11,0.9135497835497836,1
35591T,TURQUOISE CHRISTMAS TREE,2010-12-01 11:57:00,2011-11-20 12:36:00,5,6.25,1.25,1
35597A,DUSTY PINK CHRISTMAS TREE 30CM,2010-12-06 12:15:00,2010-12-06 12:15:00,1,1.25,1.25,1
35597B,BLACKCHRISTMAS TREE 30CM,2010-12-06 12:15:00,2010-12-06 12:15:00,1,1.25,1.25,1
35597D,PINK/WHITE CHRISTMAS TREE 30CM,2011-08-16 10:50:00,2011-09-01 16:45:00,46,17.48,0.38,1
35598A,DUSTY PINK CHRISTMAS TREE 60CM,2011-11-16 13:40:00,2011-11-20 15:00:00,9,26.550000000000004,2.95,1
35598B,BLACK CHRISTMAS TREE 60CM,2010-12-01 15:37:00,2011-11-30 17:22:00,558,460.64,1.9308,1
35598C,WHITE CHRISTMAS TREE 60CM,2011-11-13 16:22:00,2011-11-24 12:25:00,2,5.9,2.95,1
35598D,PINK/WHITE CHRISTMAS TREE 60CM,2010-12-01 14:32:00,2011-12-04 12:14:00,684,493.01,1.4949999999999999,1
35599B,BLACK CHRISTMAS TREE 120CM,2010-12-03 11:36:00,2011-12-04 12:14:00,217,551.13,3.4596296296296294,1
35599D,PINK AND WHITE CHRISTMAS TREE 120CM,2010-12-01 14:32:00,2011-12-04 12:14:00,201,553.07,4.017058823529412,1
35607A,PINK FLUFFY CHRISTMAS DECORATION,2010-12-16 17:53:00,2011-01-18 17:34:00,26,7.82,0.9099999999999999,1
35607B,BLACK FEATHER CHRISTMAS DECORATION,2011-03-06 12:46:00,2011-09-15 12:16:00,96,18.240000000000002,0.19,1
35609A,PINK FEATHER CHRISTMAS DECORATION,2010-12-10 14:59:00,2010-12-10 14:59:00,1,2.51,2.51,1
35610A,PINK CHRISTMAS FLOCK DROPLET,2010-12-01 14:32:00,2010-12-15 12:01:00,10,15.02,2.09,1
35610B,BLACK CHRISTMAS FLOCK DROPLET,2010-12-13 09:52:00,2010-12-13 09:52:00,24,30.0,1.25,1
35610C,WHITE CHRISTMAS FLOCK DROPLET,2010-12-10 14:59:00,2010-12-13 09:52:00,25,32.51,1.88,1
35637A,IVORY STRING CURTAIN WITH POLE,2010-12-01 17:06:00,2011-11-27 13:49:00,170,440.62,4.99,1
35637C,PINK STRING CURTAIN WITH POLE,2011-01-31 09:09:00,2011-11-27 13:49:00,30,100.86,6.212222222222222,1
35638A,PINK AND BLACK STRING CURTAIN,2011-02-20 15:06:00,2011-11-20 14:01:00,38,82.1,3.55,1
35638B,PINK/BLUE STRING CURTAIN,2011-07-13 16:07:00,2011-11-20 14:01:00,57,128.32999999999998,5.386,1
35645,VINTAGE BEAD PINK JEWEL BOX,2011-07-11 13:35:00,2011-10-20 13:06:00,4,17.0,4.25,1
35646,VINTAGE BEAD PINK EVENING BAG,2010-12-07 09:13:00,2011-12-09 10:03:00,619,937.25,2.0357291666666666,1
35647,VINTAGE BEAD PINK SHADE,2011-01-23 15:16:00,2011-03-11 12:29:00,13,16.25,1.25,1
35648,VINTAGE BEAD PINK PURSE,2010-12-06 09:58:00,2011-12-09 10:03:00,955,1046.74,1.4718461538461538,1
35649,VINTAGE BEAD COSMETIC BAG,2011-04-01 14:58:00,2011-12-08 09:28:00,57,156.85,2.699444444444444,1
35650,VINTAGE BEAD PINK JEWEL STAND,2011-08-01 11:57:00,2011-08-01 11:57:00,1,4.95,4.95,1
35651,VINTAGE BEAD PINK SCARF,2010-12-06 09:58:00,2011-11-10 14:28:00,439,966.04,2.921551724137931,1
35653,VINTAGE BEAD NOTEBOOK,2010-12-05 12:43:00,2011-08-11 11:45:00,150,433.19,3.3453846153846154,1
35809A,ENAMEL PINK TEA CONTAINER,2010-12-07 15:28:00,2011-06-09 15:34:00,429,525.39,2.205277777777778,1
35809B,ENAMEL BLUE RIM TEA CONTAINER,2011-04-04 11:28:00,2011-04-11 14:11:00,8,9.18,1.6766666666666667,1
35810A,ENAMEL PINK COFFEE CONTAINER,2010-12-16 17:29:00,2011-10-30 13:06:00,633,640.0899999999999,1.6557894736842105,1
35810B,ENAMEL BLUE RIM COFFEE CONTAINER,2010-12-05 10:36:00,2011-11-30 14:03:00,140,164.13,1.7312,1
35815P,"ACRYLIC JEWEL SNOWFLAKE, PINK",2011-02-07 14:53:00,2011-09-26 10:57:00,162,63.28000000000001,0.724,1
35816P,"ACRYLIC JEWEL ANGEL,PINK",2011-08-12 12:37:00,2011-08-16 13:12:00,78,29.64,0.38,1
35817P,PINK ACRYLIC JEWEL SNOWFLAKE,2010-12-15 12:01:00,2011-08-12 12:37:00,18,19.86,1.4649999999999999,2
35818B,"ACRYLIC JEWEL ICICLE, BLUE",2011-08-16 13:12:00,2011-11-01 14:29:00,31,11.780000000000001,0.38000000000000006,1
35818P,"ACRYLIC JEWEL ICICLE, PINK",2010-12-01 14:32:00,2011-12-05 13:14:00,263,105.83,0.69,1
35819B,"ACRYLIC HANGING JEWEL,BLUE",2010-12-20 15:03:00,2011-11-30 15:58:00,268,106.05,0.5359259259259259,1
35819P,"ACRYLIC HANGING JEWEL,PINK",2011-09-16 13:13:00,2011-11-13 16:13:00,95,66.55,0.5042857142857143,1
35833G,4 GOLD FLOCK CHRISTMAS BALLS,2010-12-06 10:08:00,2010-12-06 10:08:00,2,6.72,3.36,1
35833P,4 PINK FLOCK CHRISTMAS BALLS,2010-12-07 15:28:00,2011-11-24 15:02:00,49,88.47,2.2954545454545454,1
35909A,RABBIT EASTER DECORATION,2011-01-05 15:56:00,2011-04-26 13:05:00,8,23.6,2.9500000000000006,1
35909B,PINK FLOWERS RABBIT EASTER,2011-02-14 14:13:00,2011-06-14 13:15:00,8,23.6,2.95,1
35910A,MULTICOLOUR EASTER RABBIT,2011-01-05 15:56:00,2011-03-28 14:07:00,20,39.0,1.95,1
35910B,PINK FLOWERS RABBIT EASTER,2011-03-18 14:20:00,2011-11-06 12:25:00,13,25.349999999999998,1.95,1
35911A,MULTICOLOUR RABBIT EGG WARMER,2010-12-16 11:53:00,2011-11-04 15:18:00,319,292.07,0.973,1
35911B,PINK/FLOWER RABBIT EGG WARMER,2011-01-05 12:15:00,2011-03-22 09:27:00,119,100.76,1.142,1
35912B,WHITE/PINK CHICK DECORATION,2011-01-13 10:39:00,2011-10-30 11:09:00,252,301.26,1.685,1
35913B,WHITE/PINK CHICK EASTER DECORATION,2011-01-25 13:15:00,2011-11-06 12:25:00,36,35.48,1.0939999999999999,1
35914,PINK CHICK EGG WARMER + EGG CUP,2010-12-06 16:57:00,2011-10-19 15:08:00,195,218.81,1.111,1
35915B,BLUE KNITTED HEN,2010-12-10 11:33:00,2011-09-23 17:04:00,220,257.21999999999997,1.0595999999999999,1
35915C,PEACH KNITTED HEN,2011-01-10 16:25:00,2011-04-18 15:16:00,315,316.46,1.0498333333333332,1
35916A,YELLOW FELT HANGING HEART W FLOWER,2010-12-06 10:08:00,2011-10-18 17:00:00,87,67.39,0.7927586206896551,1
35916B,BLUE FELT HANGING HEART WITH FLOWER,2010-12-01 17:06:00,2011-10-18 17:00:00,91,76.68,0.7628125,2
35916C,PINK FELT HANGING HEART W FLOWER,2010-12-01 17:06:00,2011-10-18 17:00:00,106,107.72,0.8879999999999999,1
35920,FOUR RABBIT EASTER DECORATIONS,2011-01-19 16:18:00,2011-04-19 15:37:00,72,104.84,1.992,1
35921,EASTER BUNNY HANGING GARLAND,2011-01-16 15:50:00,2011-04-19 16:52:00,68,133.23,3.0243478260869567,1
35922,EASTER BUNNY WREATH,2011-01-16 16:23:00,2011-04-08 11:28:00,28,138.6,4.95,1
35923,CANDY HEART HANGING DECORATION,2011-01-10 09:43:00,2011-12-01 11:51:00,1318,690.52,0.7807936507936507,1
35924,HANGING FAIRY CAKE DECORATION,2010-12-05 13:55:00,2011-12-08 09:28:00,676,1240.94,2.557808219178082,1
35933,PINK STOCKING CHRISTMAS DECORATION,2010-12-17 14:54:00,2011-11-06 12:26:00,226,92.21000000000001,0.6473684210526316,1
35953,FOLKART STAR CHRISTMAS DECORATIONS,2010-12-06 13:13:00,2011-12-09 10:03:00,3557,1603.6699999999998,0.5833834586466166,1
35954,SMALL FOLKART STAR CHRISTMAS DEC,2010-12-01 15:37:00,2011-11-09 16:10:00,1245,350.48,0.860909090909091,1
35957,SMALLFOLKART BAUBLE CHRISTMAS DEC,2010-12-01 14:32:00,2011-01-13 09:30:00,592,343.57,1.4617499999999999,1
35958,FOLKART ZINC STAR CHRISTMAS DEC,2010-12-05 13:05:00,2010-12-09 14:55:00,12,10.2,0.85,1
35961,FOLKART ZINC HEART CHRISTMAS DEC,2010-12-01 14:32:00,2011-12-08 17:54:00,2986,2629.81,1.1341129032258064,1
35964,FOLKART CLIP ON STARS,2010-12-01 17:06:00,2011-12-09 10:03:00,783,404.08,0.8463366336633662,1
35965,FOLKART HEART NAPKIN RINGS,2010-12-01 17:06:00,2011-11-15 17:00:00,342,532.17,2.413970588235294,1
35966,FOLKART CHRISTMAS TREE T-LIGHT HOLD,2011-06-09 09:44:00,2011-08-24 10:45:00,27,10.260000000000002,0.38,1
35967,FOLK ART METAL STAR T-LIGHT HOLDER,2010-12-01 17:06:00,2011-12-08 13:04:00,485,252.33,0.7286567164179104,1
35968,FOLK ART METAL HEART T-LIGHT HOLDER,2010-12-08 13:08:00,2011-11-01 14:29:00,163,82.1,0.43631578947368416,1
35970,ZINC FOLKART SLEIGH BELLS,2010-12-03 14:27:00,2011-12-09 10:26:00,4998,9424.85,2.421147186147186,1
35971,ROSE FOLKART HEART DECORATIONS,2010-12-01 14:32:00,2011-12-05 17:24:00,462,600.93,1.8164835164835167,1
35972,DAISY FOLKART HEART DECORATION,2011-01-05 15:56:00,2011-11-06 14:56:00,96,120.0,1.25,1
37327,ASSTD MULTICOLOUR CIRCLES MUG,2010-12-05 16:41:00,2011-11-10 12:01:00,1578,840.0799999999999,1.6527710843373495,1
37330,BIG POLKADOT MUG,2011-03-22 12:25:00,2011-03-22 12:25:00,6,2.34,0.39,1
37333,"RETRO ""TEA FOR ONE""",2010-12-09 14:15:00,2011-05-03 12:13:00,21,120.99,5.608823529411764,1
37340,MULTICOLOUR SPRING FLOWER MUG,2010-12-07 14:41:00,2011-12-08 10:53:00,2544,1695.86,2.6641176470588235,1
37342,POLKADOT COFFEE CUP & SAUCER PINK,2010-12-16 13:15:00,2011-09-02 14:42:00,1546,1468.6100000000001,1.561834862385321,1
37343,POLKADOT MUG PINK,2010-12-01 13:54:00,2011-03-09 14:30:00,72,123.29999999999998,2.210769230769231,1
37351,ORANGE FLOWER MUG,2011-01-25 17:10:00,2011-03-20 13:28:00,10,9.06,0.8200000000000001,1
37370,RETRO COFFEE MUGS ASSORTED,2010-12-01 09:02:00,2011-11-22 12:24:00,2567,3839.01,5.427469135802469,1
37379A,PINK CHERRY BLOSSOM CUP & SAUCER,2011-01-19 15:20:00,2011-01-19 15:20:00,6,7.5,1.25,1
37413,ICON MUG REVOLUTIONARY,2011-02-07 11:42:00,2011-12-05 17:09:00,703,284.49,0.4107228915662651,1
37423,WHITE WITH BLACK CATS PLATE,2011-03-04 09:46:00,2011-03-18 11:30:00,78,33.18,0.5433333333333333,1
37444A,YELLOW BREAKFAST CUP AND SAUCER,2010-12-01 09:41:00,2011-07-13 12:06:00,53,66.35000000000001,2.036666666666667,1
37444B,BLUE BREAKFAST CUP AND SAUCER,2010-12-09 14:15:00,2011-03-28 12:23:00,4,11.8,2.9500000000000006,1
37444C,PINK BREAKFAST CUP AND SAUCER,2010-12-01 09:41:00,2011-03-28 12:23:00,21,42.27,2.47,1
37446,MINI CAKE STAND WITH HANGING CAKES,2010-12-01 15:08:00,2011-12-06 17:49:00,1354,1976.09,1.7795212765957447,1
37447,CERAMIC CAKE DESIGN SPOTTED PLATE,2010-12-06 09:58:00,2011-12-08 09:28:00,820,1313.28,2.1011304347826085,1
37448,CERAMIC CAKE DESIGN SPOTTED MUG,2010-12-01 16:33:00,2011-12-08 15:31:00,1427,2170.87,1.7995744680851062,1
37449,CERAMIC CAKE STAND + HANGING CAKES,2010-12-01 14:32:00,2011-12-07 14:34:00,553,5017.79,9.904109589041095,1
37450,CERAMIC CAKE BOWL + HANGING CAKES,2010-12-01 17:06:00,2011-12-08 15:31:00,714,2117.54,3.6647058823529415,1
37461,FUNKY MONKEY MUG,2010-12-05 15:12:00,2010-12-05 15:12:00,1,1.25,1.25,1
37462E,"PET MUG, GOLDFISH",2010-12-06 16:57:00,2011-12-05 17:28:00,36,13.1,0.6383333333333333,1
37464,ROBOT MUG IN DISPLAY BOX,2010-12-03 12:24:00,2010-12-17 16:53:00,3,3.75,1.25,1
37467,PIG MUG IN TWO COLOUR DESIGNS,2010-12-07 18:36:00,2011-10-10 14:37:00,159,130.26999999999998,1.4352941176470588,1
37468,HARDMAN MUG 3 ASSORTED,2011-01-14 10:11:00,2011-10-19 16:16:00,64,32.03,0.9338461538461539,1
37471,MULTICOLOUR POLKADOT PLATE,2011-04-28 16:21:00,2011-10-12 14:05:00,29,30.43,2.776666666666667,1
37474,SET/4 2 TONE EGG SHAPE MIXING BOWLS,2010-12-06 16:57:00,2010-12-06 16:57:00,1,9.95,9.95,1
37475,SET/4 COLOURFUL MIXING BOWLS,2010-12-10 10:21:00,2011-12-02 13:49:00,70,661.9799999999999,9.826279069767441,1
37476,CONDIMENT TRAY 4 BOWLS AND 4 SPOONS,2010-12-01 14:32:00,2011-10-20 15:57:00,37,399.02,11.486666666666666,1
37479B,CUBIC MUG FLOCK BLUE ON BROWN,2010-12-06 11:01:00,2011-06-15 13:35:00,131,78.09,1.572857142857143,1
37479P,CUBIC MUG FLOCK PINK ON BROWN,2010-12-07 12:29:00,2011-11-08 12:25:00,163,142.23,2.233636363636364,1
37482P,CUBIC MUG PINK POLKADOT,2010-12-06 11:01:00,2011-04-13 11:48:00,494,349.35,2.7468749999999997,1
37487B,YELLOW/ORANGE FLOWER DESIGN PLATE,2011-04-11 11:51:00,2011-04-13 11:48:00,68,19.72,0.29,1
37488A,YELLOW PINK FLOWER DESIGN BIG BOWL,2011-03-20 13:28:00,2011-04-13 11:48:00,28,10.92,0.38999999999999996,1
37489A,YELLOW/PINK FLOWER DESIGN BIG MUG,2010-12-03 12:24:00,2011-11-21 11:55:00,33,14.43,0.494,1
37489B,BLUE/YELLOW FLOWER DESIGN BIG MUG,2010-12-03 12:24:00,2011-11-21 11:55:00,31,16.77,0.65,1
37489C,GREEN/BLUE FLOWER DESIGN BIG MUG,2010-12-03 12:24:00,2011-09-14 16:36:00,23,13.65,0.78,1
37489D,PINK/GREEN FLOWER DESIGN BIG MUG,2010-12-03 12:24:00,2011-12-05 12:46:00,40,17.16,0.48176470588235293,1
37491A,YELLOW/PINK CERAMIC CANDLE HOLDER,2010-12-01 17:06:00,2011-10-31 14:41:00,6,19.81,3.3075,1
37491B,BLUE/YELLOW CERAMIC CANDLE HOLDER,2011-07-18 13:33:00,2011-07-18 13:33:00,4,6.6,1.65,1
37491C,GREEN/BLUE CERAMIC CANDLE HOLDER,2011-07-18 13:33:00,2011-07-18 13:33:00,8,13.2,1.65,1
37491D,PURPLE/BLUE CERAMIC CANDLE HOLDER,2011-02-18 16:12:00,2011-07-18 13:33:00,4,9.879999999999999,2.4699999999999998,1
37495,FAIRY CAKE BIRTHDAY CANDLE SET,2010-12-01 14:03:00,2011-12-08 13:25:00,400,1472.24,4.042023809523809,1
37500,TEA TIME TEAPOT IN GIFT BOX,2010-12-07 15:28:00,2011-12-09 12:20:00,379,2355.73,7.2316071428571425,1
37501,TEA TIME TEA SET IN GIFT BOX,2010-12-07 15:28:00,2011-08-10 16:19:00,133,906.83,6.676530612244897,1
37509,NEW ENGLAND MUG W GIFT BOX,2010-12-05 14:06:00,2010-12-06 11:01:00,2,5.1,2.55,1
40001,WHITE BAMBOO RIBS LAMPSHADE,2010-12-01 17:35:00,2011-11-13 11:15:00,820,674.38,1.0889090909090908,1
40003,WHITE BAMBOO RIBS LAMPSHADE,2010-12-09 13:08:00,2011-06-06 14:12:00,155,179.23,1.6380000000000001,1
40005B,BLUE ORGANDY ROUND LAMPSHADE W BEA,2010-12-06 13:47:00,2011-11-22 13:11:00,12,10.2,0.85,1
40016,CHINESE DRAGON PAPER LANTERNS,2010-12-02 12:11:00,2011-09-21 14:40:00,5556,2136.34,2.2792783505154635,1
40046A,RED DAISY PAPER LAMPSHADE,2011-01-21 15:56:00,2011-10-17 12:33:00,50,62.5,1.25,1
44089A,PINK GAUZE BUTTERFLY LAMPSHADE,2011-02-02 14:37:00,2011-11-27 13:26:00,15,6.3,0.42,1
44089C,LILAC GAUZE BUTTERFLY LAMPSHADE,2011-02-13 13:52:00,2011-09-23 13:12:00,24,10.08,0.42,1
44091A,BLUE CRUSOE CHECK LAMPSHADE,2011-01-10 14:57:00,2011-07-20 11:38:00,9,3.78,0.42,1
44092B,BLUE WHITE PLASTIC RINGS LAMPSHADE,2011-02-20 14:08:00,2011-09-05 15:19:00,14,11.899999999999999,0.85,1
44092C,PURPLE/COPPER HANGING LAMPSHADE,2011-02-18 17:24:00,2011-10-20 12:34:00,20,17.0,0.85,1
44228,CANNABIS LEAF BEAD CURTAIN,2010-12-20 13:08:00,2011-08-23 11:16:00,36,30.599999999999998,0.85,1
44234,ASSORTED CIRCULAR MOBILE,2010-12-03 11:36:00,2011-12-09 12:00:00,693,154.77,0.4285294117647059,1
44235,ASSORTED COLOURED CIRCLE MOBILE,2010-12-09 13:03:00,2011-12-07 15:07:00,538,200.04,0.41600000000000004,2
44236,PINK/PURPLE CIRCLE CURTAIN,2011-02-13 13:52:00,2011-08-21 16:24:00,52,56.52,1.3414285714285714,1
44242A,LILAC FEATHERS CURTAIN,2011-07-10 15:17:00,2011-07-10 15:17:00,12,9.48,0.79,1
44242B,PINK FEATHERS CURTAIN,2011-04-14 13:59:00,2011-09-26 16:59:00,52,50.28,0.9433333333333334,1
44265,M/COLOUR POM-POM CURTAIN,2011-02-10 17:19:00,2011-02-10 17:19:00,2,8.5,4.25,1
45013,FOLDING SHOE TIDY,2011-02-09 16:57:00,2011-10-23 14:40:00,3,8.850000000000001,2.95,1
46000M,POLYESTER FILLER PAD 45X45CM,2010-12-01 12:35:00,2011-12-07 14:12:00,1020,1581.0,1.55,1
46000P,POLYESTER FILLER PAD 65CMX65CM,2010-12-06 13:34:00,2011-09-04 14:36:00,18,76.5,4.25,1
46000R,POLYESTER FILLER PAD 45X30CM,2010-12-01 14:41:00,2011-12-07 14:12:00,103,149.35,1.45,1
46000S,POLYESTER FILLER PAD 40X40CM,2010-12-01 14:41:00,2011-12-08 15:29:00,1512,2192.4,1.45,1
46000U,POLYESTER FILLER PAD 30CMX30CM,2010-12-17 16:00:00,2011-12-04 12:17:00,107,133.75,1.25,1
46115B,GREEN POP ART MAO CUSHION COVER,2010-12-06 14:36:00,2011-03-04 14:28:00,12,2.2800000000000002,0.19,1
46118,FUNKY MONKEY CUSHION COVER,2010-12-06 09:58:00,2011-12-09 10:03:00,232,317.16999999999996,2.807608695652174,1
46126A,ELVIS WALLHANGING / CURTAIN,2011-03-21 11:49:00,2011-05-18 11:08:00,52,69.84,1.5525,1
46138B,BLUE CHENILLE SHAGGY CUSHION COVER,2010-12-23 16:06:00,2011-11-13 15:58:00,33,34.65,1.0499999999999998,1
46775D,SUNSET COLOUR CHUNKY KNITTED THROW,2010-12-01 17:06:00,2011-12-05 11:01:00,60,720.93,11.514871794871794,1
46776A,WOVEN BUBBLE GUM CUSHION COVER,2010-12-06 10:08:00,2011-12-09 10:03:00,160,672.6,4.202676056338028,1
46776B,WOVEN BERRIES CUSHION COVER,2010-12-01 17:06:00,2011-12-09 10:03:00,162,683.8,4.210898876404494,1
46776C,WOVEN FROST CUSHION COVER,2010-12-06 09:58:00,2011-12-09 10:03:00,117,492.79,4.221525423728814,1
46776D,WOVEN SUNSET CUSHION COVER,2010-12-10 14:59:00,2011-12-09 10:03:00,89,378.29,4.200810810810811,1
46776E,WOVEN CANDY CUSHION COVER,2010-12-06 09:58:00,2011-12-09 10:03:00,68,292.56,4.2412820512820515,1
46776F,WOVEN ROSE GARDEN CUSHION COVER,2010-12-10 09:51:00,2011-12-09 10:03:00,217,912.03,4.205555555555556,1
47013A,WINE BOTTLE DRESSING LT.BLUE,2011-03-17 15:47:00,2011-04-19 14:23:00,14,3.0399999999999996,0.205,1
47013C,WINE BOTTLE DRESSING DARK BLUE,2011-03-24 13:04:00,2011-06-20 17:14:00,40,11.53,0.4581818181818182,1
47016,LIGHT DECORATION BATTERY OPERATED,2011-11-01 14:54:00,2011-11-01 14:54:00,2,4.2,2.1,1
47021G,SET/6 BEAD COASTERS GAUZE BAG GOLD,2010-12-02 19:59:00,2011-06-23 09:14:00,582,309.29999999999995,1.9044444444444442,1
47310M,SMALL POP BOX FUNKY MONKEY,2010-12-05 11:49:00,2011-12-09 10:03:00,410,570.4499999999999,1.568360655737705,2
47341A,FUSCHIA TABLE RUN FLOWER,2011-02-17 14:51:00,2011-06-08 10:45:00,27,38.75,1.75,1
47341B,BLUE TABLE RUN FLOWER,2011-04-27 12:08:00,2011-11-30 17:37:00,45,56.25,1.25,1
47343A,FUSCHIA FLOWER PURSE WITH BEADS,2010-12-03 15:05:00,2011-08-07 15:52:00,159,145.17,0.9714285714285714,1
47344B,BLUE FLOWER DES PURSE,2011-03-20 15:21:00,2011-06-02 09:37:00,44,43.66,0.9700000000000001,1
47348A,FUSCHIA VOILE POINTY SHOE DEC,2010-12-08 12:06:00,2011-09-01 17:14:00,97,50.31,0.702,1
47351B,BLUE  VOILE LAMPSHADE,2011-01-07 12:28:00,2011-11-06 13:00:00,38,112.10000000000001,2.95,1
47367B,PAIR PADDED HANGERS PINK CHECK,2010-12-05 14:17:00,2011-10-26 12:14:00,112,376.27000000000004,3.3988372093023256,1
47369A,PINK GREEN EMBROIDERY COSMETIC BAG,2010-12-05 14:17:00,2011-12-01 16:22:00,33,93.19,2.93,1
47369B,BLUE GREEN EMBROIDERY COSMETIC BAG,2010-12-05 14:17:00,2011-12-01 16:22:00,35,97.13,3.2627272727272727,1
47420,ASSORTED COLOUR SUCTION CUP HOOK,2010-12-08 12:56:00,2011-12-04 15:00:00,196,37.24,0.19,1
47421,ASSORTED COLOUR LIZARD SUCTION HOOK,2010-12-01 13:04:00,2011-12-08 12:07:00,994,393.0,0.4160655737704918,1
47422,ASSORTED MONKEY SUCTION CUP HOOK,2010-12-03 14:54:00,2011-12-01 19:42:00,616,245.76,0.4161702127659574,1
47469,ASSORTED SHAPES PHOTO CLIP SILVER,2011-01-17 11:57:00,2011-12-08 13:50:00,469,238.60999999999999,0.635625,1
47471,RAINBOW PEGS PHOTO CLIP STRING,2010-12-02 11:35:00,2011-12-08 09:28:00,290,189.88,0.9984615384615384,1
47480,HANGING PHOTO CLIP ROPE LADDER,2010-12-06 12:15:00,2011-12-09 10:03:00,746,1274.1699999999998,2.4241860465116276,1
47481,50CM METAL STRING WITH  7 CLIPS,2010-12-06 16:57:00,2011-11-29 17:52:00,225,171.79,1.0608695652173912,1
47503A,ASS FLORAL PRINT MULTI SCREWDRIVER,2010-12-14 12:59:00,2011-11-28 12:14:00,2698,1229.04,0.503855421686747,1
47503H,ASS FLORAL PRINT SPIRIT LEVEL,2010-12-03 14:54:00,2011-12-07 12:41:00,100,110.86,1.4994999999999998,1
47503J,SET/3 FLORAL GARDEN TOOLS IN BAG,2010-12-03 12:24:00,2010-12-07 15:59:00,3,23.85,7.95,1
47504H,ENGLISH ROSE SPIRIT LEVEL,2010-12-01 12:49:00,2011-12-09 10:03:00,978,964.38,1.7283898305084744,1
47504K,ENGLISH ROSE GARDEN SECATEURS,2010-12-03 12:24:00,2011-11-09 16:33:00,2006,2039.18,1.5591162790697672,1
47518F,ICON PLACEMAT POP ART ELVIS,2010-12-21 15:20:00,2011-11-29 12:09:00,832,134.37,0.7481818181818181,1
47556B,TEA TIME TEA TOWELS,2011-01-11 12:57:00,2011-04-18 13:20:00,2600,6045.0,2.325,1
47559B,TEA TIME OVEN GLOVE,2010-12-01 14:32:00,2011-12-09 10:03:00,2150,2890.05,1.6238095238095238,1
47563A,RETRO LONGBOARD IRONING BOARD COVER,2010-12-01 12:31:00,2011-12-09 10:03:00,285,551.51,2.583714285714286,1
47566,PARTY BUNTING,2010-12-03 11:27:00,2011-12-09 10:23:00,18090,98610.18000000001,5.804579383886256,1
47566B,TEA TIME PARTY BUNTING,2010-12-01 17:06:00,2011-12-04 13:20:00,2525,12724.07,6.168497854077253,1
47567B,TEA TIME KITCHEN APRON,2010-12-01 17:06:00,2011-12-05 17:28:00,597,3384.7500000000005,6.346439393939394,1
47570B,TEA TIME TABLE CLOTH,2010-12-01 11:21:00,2011-03-29 15:18:00,187,1769.25,12.030000000000001,1
47574A,ENGLISH ROSE SCENTED HANGING FLOWER,2010-12-07 09:13:00,2011-10-07 15:45:00,548,665.2,1.8998260869565216,1
47574B,ENGLISH ROSE SCENTED HANGING HEART,2011-05-15 16:02:00,2011-05-18 12:37:00,4,17.0,4.25,1
47578A,ENGLISH ROSE SMALL SCENTED FLOWER,2010-12-09 16:57:00,2011-12-08 09:28:00,213,197.43,1.1552173913043478,1
47579,TEA TIME BREAKFAST BASKET,2010-12-05 13:00:00,2010-12-05 13:00:00,1,2.1,2.1,1
47580,TEA TIME DES TEA COSY,2010-12-01 09:41:00,2011-12-08 19:28:00,376,1086.12,3.3169444444444443,1
47585A,PINK FAIRY CAKE CUSHION COVER,2010-12-17 17:08:00,2011-12-01 13:08:00,264,1129.44,4.854216867469879,1
47586A,PINK FAIRY CAKE CUSHION COVER,2010-12-06 14:08:00,2011-11-23 10:09:00,21,53.55,2.55,1
47589,CONGRATULATIONS BUNTING,2011-01-06 12:45:00,2011-05-24 10:24:00,13,70.85000000000001,5.45,1
47590A,BLUE HAPPY BIRTHDAY BUNTING,2010-12-01 17:06:00,2011-12-06 16:26:00,1987,10475.400000000001,5.865784061696658,1
47590B,PINK HAPPY BIRTHDAY BUNTING,2010-12-01 17:06:00,2011-12-09 10:03:00,2332,12163.25,5.934800995024876,1
47591B,SCOTTIES CHILDRENS APRON,2010-12-01 14:32:00,2011-12-08 10:53:00,210,348.91999999999996,1.6921052631578946,1
47591D,PINK FAIRY CAKE CHILDRENS APRON,2010-12-01 14:32:00,2011-12-08 16:30:00,3341,6724.69,2.47589898989899,1
47593A,CAROUSEL PONIES BABY BIB,2010-12-12 12:08:00,2011-03-29 16:05:00,33,14.37,0.5853846153846154,1
47593B,SCOTTIE DOGS BABY BIB,2010-12-01 14:32:00,2011-12-08 09:28:00,1993,951.1099999999999,0.6983870967741935,1
47594A,CAROUSEL DESIGN WASHBAG,2010-12-01 17:06:00,2011-11-24 13:06:00,107,197.89,1.9118367346938774,1
47594B,SCOTTIES DESIGN WASHBAG,2010-12-15 16:21:00,2011-11-08 10:44:00,168,310.65,1.901111111111111,1
47599A,PINK PARTY BAGS,2010-12-01 12:49:00,2011-12-02 16:04:00,2450,4636.900000000001,2.2816867469879516,1
47599B,BLUE PARTY BAGS,2010-12-01 12:49:00,2011-12-02 16:04:00,1480,2822.32,2.182372881355932,1
48111,DOORMAT 3 SMILEY CATS,2010-12-01 15:00:00,2011-12-09 08:59:00,1170,7692.58,9.620429184549357,1
48116,DOORMAT MULTICOLOUR STRIPE,2010-12-09 14:50:00,2011-12-08 13:26:00,1489,9064.78,9.67675,1
48129,DOORMAT TOPIARY,2010-12-01 11:21:00,2011-12-08 17:57:00,891,5918.19,8.790935960591133,1
48138,DOORMAT UNION FLAG,2010-12-01 14:03:00,2011-12-09 10:26:00,3740,25445.5,8.900032679738562,1
48173C,DOORMAT BLACK FLOCK,2010-12-01 12:23:00,2011-12-08 09:20:00,1814,10253.61,8.510205128205127,1
48184,DOORMAT ENGLISH ROSE,2010-12-01 14:03:00,2011-12-08 19:29:00,2029,14252.45,8.64519801980198,1
48185,DOORMAT FAIRY CAKE,2010-12-01 10:52:00,2011-12-08 19:29:00,2941,19318.010000000002,10.141790633608815,1
48187,DOORMAT NEW ENGLAND,2010-12-01 08:34:00,2011-12-09 12:00:00,3805,24092.49,8.465574043261231,1
48188,DOORMAT WELCOME PUPPIES,2010-12-01 14:32:00,2011-12-06 17:23:00,2061,12083.17,8.825368421052632,1
48189,DOORMAT FRIENDSHIP,2010-12-07 15:31:00,2011-04-26 10:32:00,27,451.10999999999996,16.712352941176473,1
48194,DOORMAT HEARTS,2010-12-01 11:41:00,2011-12-08 19:29:00,3414,22098.52,9.25018581081081,1
51008,AFGHAN SLIPPER SOCK PAIR,2010-12-05 16:41:00,2011-11-27 13:26:00,519,1690.5500000000002,3.4272727272727277,1
51014A,"FEATHER PEN,HOT PINK",2010-12-01 14:54:00,2011-12-09 10:03:00,3770,1938.86,0.6585294117647058,1
51014C,"FEATHER PEN,COAL BLACK",2010-12-01 14:54:00,2011-12-08 19:28:00,2675,1401.03,0.7231609195402299,1
51014L,"FEATHER PEN,LIGHT PINK",2010-12-01 14:54:00,2011-12-09 10:03:00,1975,1003.26,0.6535135135135135,1
51020A,SUMMER FUN DESIGN SHOWER CAP,2010-12-05 15:12:00,2011-04-27 11:26:00,325,116.32999999999998,0.5566666666666666,1
51020B,STRIPY DESIGN SHOWER CAP,2010-12-05 15:12:00,2011-04-27 11:26:00,197,70.57,0.6739999999999999,1
62018,SOMBRERO,2010-12-05 12:53:00,2011-12-06 16:33:00,4415,5716.85,1.812295081967213,1
62043B,BLUE CHECK BAG W HANDLE 34X20CM,2011-04-27 12:08:00,2011-05-19 10:20:00,17,14.11,0.8299999999999998,1
62074B,ELEPHANT CLIP W SUCTION CUP,2011-01-31 16:02:00,2011-07-12 15:29:00,16,6.72,0.42,1
62086A,PINK RETRO BIG FLOWER BAG,2011-01-13 09:23:00,2011-06-23 14:11:00,88,171.6,1.95,1
62094B,TURQ ICE CREAM BUM BAG,2010-12-06 09:58:00,2011-02-04 10:40:00,19,63.209999999999994,4.08125,1
62096A,PINK/YELLOW FLOWERS HANDBAG,2010-12-02 09:43:00,2011-02-24 14:32:00,106,132.5,1.25,1
62096B,PURPLE/TURQ FLOWERS HANDBAG,2011-03-07 14:51:00,2011-03-07 14:51:00,2,2.5,1.25,1
62097B,BLUE STRIPES SHOULDER BAG,2011-04-27 12:08:00,2011-05-23 11:52:00,9,7.469999999999999,0.83,1
70006,LOVE HEART POCKET WARMER,2010-12-01 17:06:00,2011-12-08 15:31:00,2702,1863.98,1.7202459016393443,1
70007,HI TEC ALPINE HAND WARMER,2010-12-01 12:31:00,2011-12-08 16:30:00,829,936.56,2.128785046728972,1
71038,WHITE HANGING BEADS CANDLE HOLDER,2010-12-08 12:17:00,2011-11-28 11:00:00,234,1217.7,5.398936170212766,1
71050,SMALL SINGLE FLAME CANDLE HOLDER,2011-02-28 14:48:00,2011-12-02 12:52:00,33,11.549999999999999,0.3499999999999999,1
71053,WHITE METAL LANTERN,2010-12-01 08:26:00,2011-12-09 10:26:00,1931,8370.57,4.834510385756676,2
71101E,STANDING FAIRY POLE SUPPORT,2011-01-23 12:08:00,2011-11-21 12:40:00,346,278.5,0.8322727272727272,1
71143,SILVER BOOK MARK WITH BEADS,2010-12-03 11:36:00,2011-07-13 16:07:00,178,196.35999999999999,1.641081081081081,2
71215,METAL BASE FOR CANDLES,2010-12-08 15:17:00,2011-05-26 16:30:00,11,4.62,0.42,1
71270,PHOTO CLIP LINE,2010-12-01 09:41:00,2011-12-09 10:03:00,236,334.98,1.7107999999999999,1
71279,PINK GLASS CANDLEHOLDER,2010-12-07 09:13:00,2011-11-09 16:14:00,175,558.37,3.677179487179487,1
71403,"PINK/WHITE ""KEEP CLEAN"" BULLET BIN",2010-12-06 11:16:00,2011-11-16 12:25:00,76,283.96000000000004,4.502727272727273,1
71406C,BLACK ORANGE SQUEEZER,2010-12-01 12:43:00,2011-11-29 17:52:00,138,57.96,0.42000000000000004,1
71459,HANGING JAM JAR T-LIGHT HOLDER,2010-12-01 14:32:00,2011-12-09 10:10:00,13521,10787.49,0.938633257403189,2
71477,COLOUR GLASS. STAR T-LIGHT HOLDER,2010-12-01 16:52:00,2011-12-08 16:30:00,6723,20568.45,4.02801261829653,2
71495A,CD WALL TIDY BLUE OFFICE,2010-12-13 11:21:00,2011-11-24 12:33:00,103,40.379999999999995,0.71375,1
71495B,CD WALL TIDY RED FLOWERS,2010-12-08 13:53:00,2011-11-24 12:33:00,163,61.05,0.55125,1
71496A,A4 WALL TIDY BLUE OFFICE,2010-12-01 17:06:00,2011-11-02 14:31:00,127,80.96000000000001,1.0875000000000001,1
71496B,A4 WALL TIDY RED FLOWERS,2011-01-31 12:21:00,2011-11-02 14:31:00,13,7.37,0.56,1
71510,SQUARE METAL CANDLEHOLDER BASE,2011-02-10 14:30:00,2011-11-24 19:59:00,52,36.519999999999996,0.8099999999999999,1
72024U,LILAC VOTIVE CANDLE,2011-04-26 09:44:00,2011-06-27 12:49:00,72,15.120000000000001,0.21,1
72051S,BAG OF SILVER STONES,2010-12-05 13:00:00,2011-04-13 12:57:00,130,89.52999999999999,0.6746153846153846,1
72122,COFFEE SCENT PILLAR CANDLE,2010-12-06 12:41:00,2011-12-08 16:30:00,324,335.78999999999996,1.1914516129032255,1
72127,COLUMBIAN CANDLE ROUND,2010-12-02 13:11:00,2011-11-23 14:35:00,169,210.61,1.284516129032258,1
72128,COLUMBIAN CANDLE ROUND,2010-12-03 14:54:00,2011-12-08 16:30:00,193,152.04999999999998,0.9033333333333332,1
72130,COLUMBIAN CANDLE ROUND,2010-12-03 14:54:00,2011-11-30 15:13:00,219,133.34,0.7432142857142857,1
72131,COLUMBIAN CANDLE RECTANGLE,2010-12-06 12:41:00,2011-11-25 11:02:00,136,236.39999999999998,1.8999999999999997,1
72132,COLUMBIAN CUBE CANDLE,2010-12-08 13:08:00,2011-11-27 14:30:00,28,54.599999999999994,1.95,1
72133,COLUMBIAN CANDLE RECTANGLE,2010-12-02 13:11:00,2011-12-08 09:20:00,45,63.51,1.4635294117647057,1
72134,COLUMBIAN  CUBE CANDLE,2010-12-01 17:06:00,2011-12-08 09:20:00,105,58.62,0.9872727272727272,1
72140E,BEST DAD CANDLE LETTERS,2011-02-27 10:13:00,2011-10-16 11:06:00,31,26.349999999999998,0.85,1
72225C,LAVENDER SCENT CAKE CANDLE,2010-12-17 14:54:00,2011-11-29 09:48:00,624,165.6,0.28058823529411764,1
72232,FENG SHUI PILLAR CANDLE,2010-12-02 18:23:00,2011-12-09 08:48:00,3317,630.23,0.19,1
72349B,SET/6 PURPLE BUTTERFLY T-LIGHTS,2010-12-03 11:13:00,2011-12-09 10:26:00,888,2145.2000000000003,3.1656565656565654,1
72351A,SET/6 TURQUOISE BUTTERFLY T-LIGHTS,2010-12-03 11:36:00,2011-12-08 16:14:00,1279,2561.02,2.426547619047619,1
72351B,SET/6 PINK  BUTTERFLY T-LIGHTS,2010-12-06 10:08:00,2011-12-07 13:53:00,2095,4005.75,2.3856451612903227,1
72369A,PINK CLEAR GLASS CANDLE PLATE,2011-01-14 14:06:00,2011-11-28 13:37:00,30,39.92,1.6533333333333333,1
72586,SET OF 6 HALLOWEEN GHOST T-LIGHTS,2010-12-01 14:32:00,2011-12-01 16:22:00,655,302.71,0.6514634146341463,1
72598,SET/12 TAPER CANDLES,2010-12-01 13:20:00,2011-12-08 19:24:00,607,605.89,1.2690526315789472,1
72709,IVORY SCULPTED RND CANDLE,2010-12-08 13:08:00,2011-11-13 16:22:00,44,37.4,0.85,1
72741,GRAND CHOCOLATECANDLE,2010-12-01 14:03:00,2011-12-09 10:03:00,5958,8196.0,1.5990443686006826,1
72760B,VINTAGE CREAM 3 BASKET CAKE STAND,2010-12-02 09:29:00,2011-12-09 08:48:00,409,4145.389999999999,11.102941176470589,1
72780,BLACK SILOUETTE CANDLE PLATE,2010-12-13 12:57:00,2011-12-08 12:54:00,137,116.44999999999999,0.85,1
72783,BLACK SIL'T SQU CANDLE PLATE,2011-11-06 16:07:00,2011-12-08 12:54:00,16,33.6,2.1,1
72798C,SET/4 GARDEN ROSE DINNER CANDLE,2010-12-01 17:35:00,2011-02-03 12:37:00,7,11.549999999999999,1.6499999999999997,1
72799C,PINK PILLAR CANDLE SILVER FLOCK,2011-01-23 10:15:00,2011-12-07 12:43:00,81,129.47,2.4173684210526316,1
72799E,IVORY PILLAR CANDLE SILVER FLOCK,2010-12-01 14:32:00,2011-12-08 15:54:00,451,916.9900000000001,2.8266233766233766,1
72799F,IVORY PILLAR CANDLE GOLD FLOCK,2010-12-01 14:32:00,2011-11-25 12:20:00,144,421.13000000000005,3.036666666666667,1
72800B,4 PURPLE FLOCK DINNER CANDLES,2010-12-01 12:49:00,2011-12-08 12:15:00,142,285.7,2.45051282051282,1
72800C,4 PINK DINNER CANDLE SILVER FLOCK,2010-12-16 16:45:00,2011-12-08 12:15:00,130,259.71999999999997,2.642857142857143,1
72800D,4 BLUE DINNER CANDLES SILVER FLOCK,2010-12-05 10:52:00,2011-11-28 13:37:00,87,226.67,2.7054838709677416,1
72800E,4 IVORY DINNER CANDLES SILVER FLOCK,2010-12-01 12:15:00,2011-12-09 10:20:00,538,1205.64,2.5973381294964026,1
72801C,4 ROSE PINK DINNER CANDLES,2010-12-02 14:47:00,2011-12-08 19:24:00,184,276.59,2.071818181818182,1
72801D,4 SKY BLUE DINNER CANDLES,2010-12-02 14:47:00,2011-12-08 19:24:00,150,297.91,2.209516129032258,1
72801G,4 BURGUNDY WINE DINNER CANDLES,2010-12-06 12:06:00,2011-11-15 15:23:00,45,57.46,1.343076923076923,1
72802A,ROSE SCENT CANDLE IN JEWELLED BOX,2010-12-03 15:05:00,2011-12-01 11:18:00,329,1383.69,4.8660000000000005,1
72802B,OCEAN SCENT CANDLE IN JEWELLED BOX,2010-12-03 15:10:00,2011-11-02 15:56:00,630,1545.48,4.294050632911393,1
72802C,VANILLA SCENT CANDLE JEWELLED BOX,2010-12-01 11:45:00,2011-11-23 11:11:00,892,2120.48,4.666380952380953,1
72803A,ROSE SCENT CANDLE JEWELLED DRAWER,2010-12-01 17:35:00,2011-11-06 11:55:00,529,722.47,4.261463414634147,1
72803B,OCEAN SCENT CANDLE JEWELLED DRAWER,2010-12-03 11:28:00,2010-12-03 11:28:00,1,8.47,8.47,1
72807A,SET/3 ROSE CANDLE IN JEWELLED BOX,2010-12-01 14:32:00,2011-11-25 15:23:00,397,1894.8899999999999,5.847857142857143,1
72807B,SET/3 OCEAN SCENT CANDLE JEWEL BOX,2010-12-01 14:32:00,2011-11-24 09:26:00,399,1855.37,5.47,1
72807C,SET/3 VANILLA SCENTED CANDLE IN BOX,2010-12-01 14:32:00,2011-11-25 14:25:00,602,2712.3,5.407875,1
72811,SMALL ZINC/GLASS CANDLEHOLDER,2011-04-28 10:20:00,2011-12-08 12:26:00,53,78.92999999999999,1.8175,1
72812,LARGE ZINC GLASS CANDLEHOLDER,2011-02-09 12:46:00,2011-12-08 16:30:00,34,116.06,3.7609090909090908,1
72815,3 WICK CHRISTMAS BRIAR CANDLE,2010-12-09 16:27:00,2011-01-26 12:40:00,3,15.97,6.11,1
72816,SET/3 CHRISTMAS DECOUPAGE CANDLES,2010-12-01 14:32:00,2011-10-17 13:31:00,868,975.3199999999999,1.941029411764706,1
72817,SET OF 2 CHRISTMAS DECOUPAGE CANDLE,2010-12-01 13:45:00,2011-11-23 13:39:00,1188,1202.27,1.2375925925925926,1
72818,CHRISTMAS DECOUPAGE CANDLE,2010-12-01 12:23:00,2011-10-31 14:09:00,1809,796.0600000000001,0.7702597402597402,1
72819,CUPID DESIGN SCENTED CANDLES,2010-12-07 09:13:00,2011-12-08 20:01:00,225,509.07,2.9211627906976743,1
72821,CUPID SCENTED CANDLE IN GLASS,2011-01-27 11:55:00,2011-02-10 16:17:00,11,18.15,1.65,1
75011,BLUE DAISY MOBILE,2010-12-14 12:59:00,2011-11-28 13:56:00,172,138.76,0.7999999999999999,1
75013B,"STRING OF 8 BUTTERFLIES,PINK",2010-12-05 13:08:00,2011-01-16 13:41:00,25,41.24999999999999,1.65,1
75049L,LARGE CIRCULAR MIRROR MOBILE,2010-12-03 11:36:00,2011-12-07 15:07:00,7100,6810.48,1.6777403846153844,1
75131,METAL TUBE CHIME ON BAMBOO,2010-12-03 11:36:00,2011-04-04 14:00:00,490,529.21,1.8033333333333335,1
75172,PAINTED SEA SHELL METAL WINDCHIME,2011-02-09 15:33:00,2011-07-04 16:35:00,93,85.31,1.53,1
75178,ASSTD COL BUTTERFLY/CRYSTAL W/CHIME,2010-12-14 12:59:00,2011-12-06 14:23:00,459,218.87,1.3415384615384613,1
77079,DOLPHIN WINDMILL,2011-06-12 12:01:00,2011-06-12 12:01:00,1,2.12,2.12,1
77101A,UNION FLAG WINDSOCK,2010-12-05 12:15:00,2011-03-21 11:49:00,387,426.94,1.345,1
78033,FLAG OF ST GEORGE CHAIR,2011-03-20 10:33:00,2011-09-14 16:36:00,36,173.4,5.464285714285714,1
78034B,BLUE NETTING STORAGE HANGER,2010-12-05 12:42:00,2011-10-02 11:10:00,8,15.6,1.95,1
78124,MAGAZINE RACK GEBRA ASSORTED,2010-12-08 13:53:00,2011-11-28 14:12:00,198,256.5,1.3333333333333333,1
79000,MOROCCAN TEA GLASS,2010-12-03 10:26:00,2011-09-12 16:14:00,4162,3357.34,1.01512,1
79026B,"S/4 ICON COASTER,ELVIS LIVES",2011-03-04 14:28:00,2011-05-18 14:50:00,25,10.61,0.4855555555555556,1
79030D,TUMBLER BAROQUE,2010-12-01 14:32:00,2011-11-10 19:40:00,581,350.22999999999996,1.4721276595744681,2
79030G,TUMBLER NEW ENGLAND,2010-12-01 14:32:00,2011-06-03 17:09:00,1403,733.49,1.875820895522388,2
79051A,SMOKEY GREY COLOUR D.O.F. GLASS,2010-12-06 12:55:00,2011-12-07 10:11:00,823,289.54999999999995,0.37857142857142856,2
79062D,"RETRO TIN ASHTRAY,REVOLUTIONARY",2011-02-17 14:36:00,2011-08-16 17:25:00,52,19.4,0.38,1
79063C,"RETRO PILL BOX KEY CHAIN,THE KING",2011-03-09 12:35:00,2011-12-08 13:50:00,235,43.65,0.18928571428571428,1
79063D,"RETRO PILL BOX , REVOLUTIONARY",2011-02-09 13:41:00,2011-11-27 16:05:00,189,35.14,0.21,1
79066K,RETRO MOD TRAY,2010-12-01 14:41:00,2011-12-09 11:34:00,799,716.26,1.115741935483871,1
79067,CORONA MEXICAN TRAY,2010-12-01 17:06:00,2010-12-21 15:20:00,172,719.69,5.865263157894737,1
79071B,ENGLISH ROSE METAL WASTE BIN,2011-01-05 12:54:00,2011-06-13 13:44:00,20,59.0,2.95,1
79144B,PAINTED LIGHTBULB STAR+ MOON,2010-12-01 14:34:00,2011-12-08 09:28:00,180,103.22999999999999,0.7132075471698113,1
79144C,PAINTED LIGHTBULB RAINBOW DESIGN,2010-12-07 15:28:00,2011-12-08 09:28:00,152,98.11999999999999,0.7815686274509804,1
79149B,SILICON STAR BULB  BLUE,2010-12-05 12:42:00,2011-12-06 12:12:00,18,7.56,0.42,1
79151B,"SILICON CUBE 25W, BLUE",2010-12-05 12:42:00,2011-11-28 14:12:00,11,4.62,0.42,1
79157B,UBO-LIGHT TRIOBASE BLUE,2011-10-25 10:32:00,2011-12-06 12:38:00,4,3.4,0.85,1
79157V,UBO-LIGHT TRIOBASE PURPLE,2011-10-09 15:24:00,2011-11-03 18:49:00,5,4.25,0.85,1
79160,HEART SHAPE WIRELESS DOORBELL,2010-12-06 12:34:00,2011-12-08 13:45:00,441,789.53,2.0828,1
79161A,ST GEORGE SET OF 10 PARTY LIGHTS,2011-11-08 14:22:00,2011-11-22 14:43:00,2,5.9,2.95,1
79163,BLACK CHAMPAGNE GLASS,2010-12-02 14:26:00,2011-09-18 12:21:00,1529,626.55,0.498,1
79164,BLACK WINE GLASS,2010-12-02 14:26:00,2011-11-07 13:56:00,1666,697.62,0.642,1
79190A,RETRO PLASTIC 70'S TRAY,2010-12-05 13:55:00,2011-12-09 10:10:00,384,179.35999999999999,0.6090476190476191,1
79190B,RETRO PLASTIC POLKA TRAY,2010-12-09 13:34:00,2011-12-09 10:10:00,692,282.06,0.5803571428571429,1
79190D,RETRO PLASTIC DAISY TRAY,2010-12-05 16:24:00,2011-12-02 16:07:00,265,126.97999999999999,0.6136170212765958,1
79191B,RETRO PLASTIC POLKA TRAY,2010-12-03 11:36:00,2011-12-09 11:34:00,147,128.1,0.9317241379310345,1
79191C,RETRO PLASTIC ELEPHANT TRAY,2010-12-02 11:35:00,2011-12-06 08:55:00,948,679.08,0.8333962264150944,1
79191D,RETRO PLASTIC DAISY TRAY,2010-12-20 13:43:00,2011-12-09 11:34:00,23,27.409999999999997,1.3219999999999998,1
79192A,RETRO PLASTIC 70'S TRAY,2011-01-20 12:04:00,2011-02-02 17:06:00,3,3.75,1.25,1
79302M,"ART LIGHTS,FUNK MONKEY",2010-12-01 15:08:00,2011-12-08 15:54:00,370,1037.54,3.553809523809524,1
79321,CHILLI LIGHTS,2010-12-01 09:58:00,2011-12-09 12:20:00,10225,53761.61,6.802379518072288,1
79323B,BLACK CHERRY LIGHTS,2011-02-11 13:53:00,2011-02-11 13:53:00,8,54.0,6.75,1
79329,PINK FLOCK GLASS CANDLEHOLDER,2010-12-15 13:24:00,2011-04-10 15:07:00,12,12.18,1.015,1
79331,PINK FLOCK GLASS CANDLEHOLDER,2011-02-20 13:06:00,2011-04-07 12:04:00,26,17.5,0.8033333333333333,1
79336,LIGHT PINK FLOCK GLASS CANDLEHOLDER,2011-07-29 17:19:00,2011-09-02 15:48:00,36,13.680000000000003,0.38000000000000006,1
79337,BLUE FLOCK GLASS CANDLEHOLDER,2010-12-03 15:45:00,2011-07-08 15:22:00,644,259.96,0.634,1
79403,FROSTED WHITE BASE,2010-12-08 14:25:00,2011-12-02 12:52:00,95,85.52,1.062,1
79406,FROSTED WHITE BASE,2011-02-16 12:49:00,2011-12-08 09:28:00,144,34.12,0.3725,1
81950B,FLOWER BLUE CLOCK WITH SUCKER,2011-07-04 16:35:00,2011-08-17 13:21:00,116,33.64,0.29,1
81950V,FLOWER PURPLE CLOCK WITH SUCKER,2010-12-10 12:14:00,2011-07-13 15:42:00,20,8.6,0.57,2
81952B,ROUND BLUE CLOCK WITH SUCKER,2011-07-04 16:35:00,2011-07-26 13:03:00,200,38.0,0.19,1
81952V,ROUND PURPLE CLOCK WITH SUCKER,2011-07-04 16:35:00,2011-11-27 16:02:00,365,69.35,0.19,1
81953B,ROUND BLUE CLOCK WITH SUCKER,2011-07-13 12:06:00,2011-07-18 11:47:00,11,2.09,0.19,1
81953P,ROUND ARTICULATED PINK CLOCK W/SUCK,2011-07-13 12:06:00,2011-07-21 11:55:00,28,5.32,0.19000000000000003,1
82001S,VINYL RECORD FRAME SILVER,2010-12-03 11:36:00,2011-12-09 10:26:00,1700,6645.33,4.962857142857143,2
82011A,"BATHROOM SCALES, TROPICAL BEACH",2010-12-13 09:02:00,2011-11-13 16:16:00,18,67.5,3.75,1
82011B,BATHROOM SCALES RUBBER DUCKS,2010-12-05 13:17:00,2011-11-23 15:44:00,43,146.85,3.673809523809524,1
82011C,BATHROOM SCALES FOOTPRINTS IN SAND,2010-12-03 15:19:00,2011-11-23 15:44:00,51,172.05,3.6700000000000004,1
82095,HEART BUTTONS JEWELLERY BOX,2011-02-14 09:41:00,2011-07-05 16:53:00,68,356.11,5.318666666666667,1
82482,WOODEN PICTURE FRAME WHITE FINISH,2010-12-01 09:02:00,2011-12-09 10:26:00,8767,22514.81,3.1075045537340618,1
82483,WOOD 2 DRAWER CABINET WHITE FINISH,2010-12-01 09:02:00,2011-12-08 12:10:00,2284,14504.02,6.9674248120300755,1
82484,WOOD BLACK BOARD ANT WHITE FINISH,2010-12-01 09:53:00,2011-12-09 10:03:00,5996,35871.52,8.448416422287389,1
82486,WOOD S/3 CABINET ANT WHITE FINISH,2010-12-01 09:02:00,2011-12-09 10:45:00,2081,17888.47,9.134648829431438,2
82494L,WOODEN FRAME ANTIQUE WHITE,2010-12-01 09:02:00,2011-12-08 19:55:00,6711,21071.89,3.5836663233779613,1
82551,LAUNDRY 15C METAL SIGN,2010-12-01 14:32:00,2011-12-08 16:30:00,2918,4542.889999999999,1.7629745042492915,1
82552,WASHROOM METAL SIGN,2010-12-01 12:22:00,2011-12-09 10:26:00,3012,4674.83,1.657445652173913,1
82567,"AIRLINE LOUNGE,METAL SIGN",2010-12-01 09:41:00,2011-12-09 10:03:00,711,1408.07,2.007216494845361,1
82578,KITCHEN METAL SIGN,2010-12-01 11:21:00,2011-12-08 09:28:00,2046,1211.25,0.7537581699346405,1
82580,BATHROOM METAL SIGN,2010-12-01 11:21:00,2011-12-09 10:26:00,5592,3346.76,0.8326349206349207,1
82581,TOILET METAL SIGN,2010-12-01 11:21:00,2011-12-09 10:26:00,3870,2148.7400000000002,0.7296782178217822,1
82582,AREA PATROLLED METAL SIGN,2010-12-01 17:06:00,2011-12-09 10:03:00,4364,8856.69,2.39662100456621,1
82583,HOT BATHS METAL SIGN,2010-12-01 14:32:00,2011-12-09 10:23:00,7234,16895.86,2.957209677419355,1
82599,FANNY'S REST STOPMETAL SIGN,2010-12-01 17:06:00,2011-05-08 12:36:00,508,1217.73,2.8935664335664337,1
82600,NO SINGING METAL SIGN,2010-12-01 13:24:00,2011-12-09 10:26:00,5989,12782.78,2.550401459854015,2
82605,OLD DOC RUSSEL METAL SIGN,2010-12-12 12:35:00,2011-03-18 11:30:00,14,29.400000000000002,2.1,1
82613A,"METAL SIGN,CUPCAKE SINGLE HOOK",2010-12-20 16:50:00,2011-07-14 13:41:00,72,94.84,1.5047368421052632,1
82613B,"METAL SIGN,CUPCAKE SINGLE HOOK",2010-12-01 14:32:00,2011-12-06 14:23:00,587,510.18,1.5279130434782608,1
82613C,"METAL SIGN,CUPCAKE SINGLE HOOK",2010-12-01 14:32:00,2011-12-02 16:39:00,542,455.78,1.4877,1
82613D,METAL SIGN CUPCAKE SINGLE HOOK,2010-12-01 14:32:00,2011-12-06 14:23:00,696,534.24,1.369099099099099,1
82615,PINK MARSHMALLOW SCARF KNITTING KIT,2010-12-01 16:11:00,2010-12-01 16:11:00,36,91.8,2.55,1
82616B,FRAPPUCINO SCARF KNITTING KIT,2010-12-03 14:35:00,2011-12-08 09:20:00,343,502.74,1.9437333333333333,1
82616C,MIDNIGHT GLAMOUR SCARF KNITTING KIT,2010-12-01 17:06:00,2011-12-08 09:20:00,324,501.44,1.9223529411764706,1
84006,MAGIC TREE -PAPER FLOWERS,2010-12-03 11:19:00,2011-12-08 15:31:00,918,848.6999999999999,1.0551428571428572,1
84012,MAGIC SHEEP WOOL GROWING FROM PAPER,2010-12-09 14:09:00,2011-12-08 19:57:00,1145,1181.99,1.246,1
84016,FLAG OF ST GEORGE CAR FLAG,2011-04-27 17:23:00,2011-09-14 16:36:00,27,12.16,0.625,1
84029E,RED WOOLLY HOTTIE WHITE HEART.,2010-12-01 08:26:00,2011-12-09 10:26:00,4718,21961.73,5.133899082568807,1
84029G,KNITTED UNION FLAG HOT WATER BOTTLE,2010-12-01 08:26:00,2011-12-09 11:26:00,3311,16114.04,5.205763440860215,1
84030E,ENGLISH ROSE HOT WATER BOTTLE,2010-12-01 10:19:00,2011-12-08 19:24:00,1605,7292.45,5.359421052631578,1
84031A,CHARLIE+LOLA RED HOT WATER BOTTLE,2010-12-01 14:32:00,2011-12-09 11:20:00,431,1976.54,4.596385542168675,1
84031B,CHARLIE LOLA BLUE HOT WATER BOTTLE,2010-12-01 14:32:00,2011-12-09 11:20:00,304,1452.3500000000001,4.687123287671233,1
84032A,CHARLIE+LOLA PINK HOT WATER BOTTLE,2010-12-01 14:32:00,2011-12-09 11:20:00,979,3314.1800000000003,3.4991693290734824,1
84032B,CHARLIE + LOLA RED HOT WATER BOTTLE,2010-12-01 11:57:00,2011-12-09 11:20:00,912,2350.79,3.1219140625,1
84033,FLAG OF ST GEORGE,2011-01-18 13:05:00,2011-09-14 16:36:00,23,37.95,1.65,1
84050,PINK HEART SHAPE EGG FRYING PAN,2010-12-01 13:24:00,2011-11-01 10:30:00,3217,4733.73,2.167364341085271,1
84051,ASS COLOUR GLOWING TIARAS,2010-12-05 13:00:00,2011-12-06 11:58:00,281,215.21,0.8719230769230768,1
84077,WORLD WAR 2 GLIDERS ASSTD DESIGNS,2010-12-02 10:09:00,2011-12-09 10:03:00,54711,13744.409999999998,0.32095864661654133,1
84078A,SET/4 WHITE RETRO STORAGE CUBES,2010-12-06 09:58:00,2011-12-08 09:20:00,386,15324.75,45.512080536912755,1
84086B,YELLOW/BLUE RETRO RADIO,2011-03-09 12:35:00,2011-12-06 13:20:00,16,47.2,2.95,1
84086C,PINK/PURPLE RETRO RADIO,2010-12-01 14:32:00,2011-11-30 13:08:00,218,622.27,2.970566037735849,1
84192,ASSORTED COLOUR METAL CAT,2010-12-09 11:30:00,2011-12-04 15:00:00,111,138.75,1.25,1
84199,GLOW IN DARK DOLPHINS,2010-12-20 15:35:00,2011-12-06 11:58:00,138,28.98,0.21,1
84201B,HAPPY BIRTHDAY CARD STRIPEY TEDDY,2011-08-22 13:30:00,2011-11-25 11:54:00,13,2.47,0.19,1
84201C,HAPPY BIRTHDAY CARD TEDDY/CAKE,2011-08-28 11:01:00,2011-08-28 11:01:00,5,0.95,0.19,1
84206A,3 BLACK CATS W HEARTS BLANK CARD,2011-08-22 13:30:00,2011-11-25 11:54:00,24,4.5600000000000005,0.19000000000000003,1
84206B,CAT WITH SUNGLASSES BLANK CARD,2011-11-20 12:34:00,2011-11-20 12:34:00,5,0.95,0.19,1
84206C,CHAMPAGNE TRAY BLANK CARD,2011-06-01 12:11:00,2011-11-25 11:54:00,8,1.52,0.19,1
84212,"ASSORTED FLOWER COLOUR ""LEIS""",2010-12-03 12:24:00,2011-12-06 15:43:00,10315,4934.87,0.8927927927927929,1
84218,BOX/12 CHICK & EGG IN BASKET,2011-01-05 09:51:00,2011-03-31 11:25:00,123,223.10999999999999,1.9158536585365853,1
84226,HEN HOUSE W FAMILY IN BARN & NEST,2011-01-19 12:38:00,2011-06-08 10:45:00,51,36.21,0.829,1
84227,HEN HOUSE W CHICK IN NEST,2011-03-14 15:40:00,2011-03-14 15:40:00,1,0.42,0.42,1
84228,HEN HOUSE W CHICK STANDING,2010-12-06 09:58:00,2011-11-29 08:07:00,297,124.08999999999999,0.5403703703703704,2
84231,EASTER BUNNY WITH BASKET ON BACK,2011-01-16 16:23:00,2011-11-04 12:05:00,108,72.63,0.7271428571428571,1
84247E,PACK OF 12 CHRISTMAS FUN CARDS,2010-12-07 15:39:00,2011-12-01 16:22:00,128,348.69,2.699787234042553,2
84247G,"DECOUPAGE,GREETING CARD,",2010-12-02 18:25:00,2011-07-14 13:41:00,357,158.63,0.5371874999999999,1
84247K,"FOLK ART GREETING CARD,PACK/12",2010-12-03 12:24:00,2011-10-16 16:13:00,22,64.9,2.95,1
84247L,FAWN AND MUSHROOM GREETING CARD,2010-12-09 10:04:00,2011-04-19 11:33:00,128,62.06,0.6605263157894736,1
84247N,PACK/12 BLUE FOLKART CARDS,2010-12-03 12:24:00,2011-11-27 16:19:00,22,64.9,2.95,1
84249A,"GREETING CARD,SQUARE, DOUGHNUTS",2010-12-19 14:58:00,2011-12-09 10:03:00,174,80.46,0.6629629629629629,1
84251B,"GREETING CARD, STICKY GORDON",2010-12-07 18:36:00,2011-09-25 16:05:00,233,68.5,0.43615384615384617,1
84251C,"GREETING CARD, TWO SISTERS.",2010-12-23 13:26:00,2011-08-04 16:32:00,127,53.88,0.5189999999999999,1
84251G,"GREETING CARD, OVERCROWDED POOL.",2010-12-08 14:25:00,2011-12-08 12:29:00,270,74.7,0.4033962264150943,1
84270,ASSTD DESIGN BUBBLE GUM RING,2010-12-03 11:36:00,2010-12-06 16:57:00,17,3.5700000000000003,0.21,1
84279B,CHERRY BLOSSOM DECORATIVE FLASK,2011-02-01 09:36:00,2011-06-17 11:07:00,186,752.2,4.557761194029851,1
84279P,CHERRY BLOSSOM  DECORATIVE FLASK,2010-12-01 14:32:00,2011-12-01 16:22:00,367,1528.21,4.8835483870967735,1
84306,S/3 PINK SQUARE PLANTERS ROSES,2011-02-20 13:21:00,2011-03-22 15:52:00,10,88.22,8.88111111111111,1
84313B,BLUE TV TRAY TABLE,2010-12-06 16:57:00,2011-04-01 09:25:00,127,518.61,6.107435897435898,1
84313C,ORANGE TV TRAY TABLE,2010-12-13 15:16:00,2011-06-02 09:38:00,504,1165.9099999999999,3.9976744186046513,1
84341B,SMALL PINK MAGIC CHRISTMAS TREE,2010-12-02 12:16:00,2011-11-15 14:48:00,645,282.38,0.6804878048780487,1
84347,ROTATING SILVER ANGELS T-LIGHT HLDR,2010-12-01 11:41:00,2011-12-09 12:19:00,9461,26425.579999999998,3.415258620689655,1
84352,SILVER CHRISTMAS TREE BAUBLE STAND,2010-12-01 14:41:00,2011-09-21 16:15:00,34,577.35,17.517391304347825,1
84356,POMPOM CURTAIN,2010-12-09 16:53:00,2011-12-09 10:46:00,424,2124.15,6.083414634146342,1
84358,FLOOR LAMP SHADE WOOD BASE,2010-12-05 12:15:00,2011-08-09 12:07:00,33,312.7,10.543076923076923,1
84360,TABLE LAMP WHITE SHADE WOOD BASE,2010-12-01 15:37:00,2011-12-05 13:43:00,78,434.12,6.554,1
84375,SET OF 20 KIDS COOKIE CUTTERS,2010-12-01 11:41:00,2011-12-09 10:26:00,4298,9355.85,2.5201734104046243,1
84378,SET OF 3 HEART COOKIE CUTTERS,2010-12-01 11:29:00,2011-12-09 10:03:00,6308,8488.4,1.6297395079594792,1
84380,SET OF 3 BUTTERFLY COOKIE CUTTERS,2010-12-01 11:29:00,2011-12-09 11:34:00,5748,8089.81,1.7219622093023257,1
84387A,BIRD ON BRANCH CANVAS SCREEN,2011-07-21 11:55:00,2011-07-21 11:55:00,11,21.45,1.95,1
84388,WISE MAN STAR SHAPE EGG PAN,2010-12-07 14:30:00,2011-04-19 15:02:00,24,13.14,1.02,1
84402B,PURPLE DRESS JEWELLERY STAND,2011-07-19 09:50:00,2011-07-21 16:10:00,61,48.19,0.79,1
84406B,CREAM CUPID HEARTS COAT HANGER,2010-12-01 08:26:00,2011-12-05 14:30:00,1987,7536.97,4.3127464788732395,1
84415A,PINK FLOCK SUEDE CUSHION COVER,2011-06-08 08:31:00,2011-06-24 12:14:00,12,15.0,1.25,1
84415B,BLUE FLOCK CUSHION COVER,2010-12-08 13:23:00,2011-06-08 08:31:00,8,20.0,2.9166666666666665,1
84422,PINK/BLUE DISC/MIRROR STRING,2010-12-06 16:57:00,2011-09-16 13:13:00,566,244.17,0.9513333333333333,1
84429A,MEDIUM PINK BUDDHA HEAD,2010-12-06 16:57:00,2011-12-08 19:24:00,54,182.50000000000003,3.913809523809524,1
84452,METAL RABBIT LADDER EASTER,2011-02-04 14:14:00,2011-10-20 09:28:00,74,62.9,0.85,1
84457,SET/3 RABBITS FLOWER SKIPPPING ROPE,2010-12-19 14:58:00,2011-11-09 15:09:00,126,112.55999999999999,0.9944444444444444,1
84459A,PINK METAL CHICKEN HEART,2010-12-06 10:08:00,2011-10-30 16:17:00,680,1004.54,2.2317391304347827,1
84459B,YELLOW METAL CHICKEN HEART,2010-12-01 17:06:00,2011-04-07 19:05:00,721,1079.67,2.0770652173913042,1
84461,12 PINK HEN+CHICKS IN BASKET,2011-01-16 16:23:00,2011-04-20 13:59:00,35,89.25,2.55,1
84462,3 PINK HEN+CHICKS IN BASKET,2011-01-16 16:23:00,2011-04-14 15:26:00,12,15.0,1.25,1
84465,15 PINK FLUFFY CHICKS IN BOX,2011-01-30 10:19:00,2011-11-04 12:05:00,10,29.5,2.95,1
84466,TOP SECRET PEN SET,2011-02-23 13:21:00,2011-07-14 13:00:00,46,57.5,1.25,1
84497,BUTTONS AND STRIPES NOTEBOOK,2010-12-07 15:54:00,2011-11-15 14:48:00,13,48.75,3.75,1
84499,BLACK FLOWER CANDLE PLATE,2010-12-21 16:08:00,2011-01-04 11:34:00,7,5.949999999999999,0.85,1
84507B,STRIPES DESIGN MONKEY DOLL,2010-12-15 13:24:00,2011-09-07 12:41:00,39,118.72999999999999,3.4263636363636363,1
84507C,BLUE CIRCLES DESIGN MONKEY DOLL,2010-12-03 14:35:00,2011-10-23 11:10:00,60,160.42999999999998,2.8153571428571427,1
84508A,CAMOUFLAGE DESIGN TEDDY,2010-12-01 14:41:00,2011-09-21 09:54:00,1631,3448.05,2.4124999999999996,1
84508B,STRIPES DESIGN TEDDY,2010-12-05 11:54:00,2011-11-27 16:27:00,56,142.79999999999998,2.55,1
84508C,BLUE CIRCLES DESIGN TEDDY,2010-12-05 12:44:00,2011-11-17 12:59:00,56,154.95,3.0359999999999996,1
84509A,SET OF 4 ENGLISH ROSE PLACEMATS,2010-12-01 11:21:00,2011-12-09 10:26:00,992,4163.12,5.1860135135135135,1
84509B,SET OF 4 FAIRY CAKE PLACEMATS,2010-12-01 15:08:00,2011-12-08 20:01:00,222,843.34,3.977738095238095,1
84509C,SET OF 4 POLKADOT PLACEMATS,2010-12-03 11:28:00,2011-12-05 17:24:00,173,821.16,5.307435897435898,1
84509E,SET OF 4 CAROUSEL PLACEMATS,2010-12-10 09:51:00,2011-12-07 12:55:00,91,183.45,3.5413043478260873,1
84509G,SET OF 4 FAIRY CAKE PLACEMATS,2010-12-02 12:16:00,2011-12-08 15:54:00,519,965.41,3.1501470588235296,1
84510A,SET OF 4 ENGLISH ROSE COASTERS,2010-12-01 11:21:00,2011-12-09 08:48:00,1249,1760.8,1.846085409252669,1
84510C,SET OF 4 POLKADOT COASTERS,2010-12-06 16:57:00,2011-12-05 17:24:00,172,310.03,1.9944155844155844,1
84510E,SET OF 4 GREEN CAROUSEL COASTERS,2010-12-10 09:51:00,2011-12-06 12:12:00,35,50.75,1.7029411764705882,1
84519A,TOMATO CHARLIE+LOLA COASTER SET,2010-12-01 09:37:00,2011-12-09 11:34:00,512,905.55,2.508522727272727,1
84519B,CARROT CHARLIE+LOLA COASTER SET,2010-12-02 13:14:00,2011-12-09 11:34:00,471,773.3,2.3733858267716537,1
84520B,PACK 20 ENGLISH ROSE PAPER NAPKINS,2010-12-01 17:06:00,2011-03-03 16:22:00,554,508.36999999999995,1.1018518518518519,1
84522,PINK PARTY SUNGLASSES,2010-12-06 12:15:00,2011-11-22 13:25:00,20,36.76,1.8166666666666667,1
84527,FLAMES SUNGLASSES PINK LENSES,2011-01-21 17:14:00,2011-11-25 11:20:00,52,95.1,2.145,1
84531A,PINK KNITTED EGG COSY,2010-12-05 16:24:00,2011-04-18 13:49:00,147,76.69,0.6940000000000001,1
84531B,BLUE KNITTED EGG COSY,2010-12-05 16:24:00,2011-04-18 13:49:00,155,85.61,0.7000000000000001,1
84534B,FAIRY CAKE NOTEBOOK A5 SIZE,2010-12-01 14:32:00,2011-01-20 12:16:00,55,54.04,1.3225,1
84535A,ENGLISH ROSE NOTEBOOK A6 SIZE,2011-03-10 15:52:00,2011-05-08 13:32:00,399,186.56,0.6776190476190477,1
84535B,FAIRY CAKES NOTEBOOK A6 SIZE,2010-12-01 14:32:00,2011-12-08 09:28:00,1332,850.2,0.9028205128205128,1
84536A,ENGLISH ROSE NOTEBOOK A7 SIZE,2010-12-01 14:32:00,2011-12-08 15:03:00,3120,1407.52,0.5408045977011494,1
84536B,FAIRY CAKES NOTEBOOK A7 SIZE,2010-12-01 14:32:00,2011-12-06 16:26:00,2059,872.03,0.558314606741573,1
84539,KNITTED RABBIT DOLL,2010-12-03 12:01:00,2011-07-10 12:03:00,26,42.9,1.65,1
84548,CROCHET BEAR RED/BLUE  KEYRING,2011-03-24 13:16:00,2011-07-08 16:26:00,22,36.3,1.65,1
84549,CROCHET WHITE RABBIT KEYRING,2011-03-31 16:43:00,2011-11-08 18:41:00,38,69.38,2.5585714285714287,1
84550,CROCHET LILAC/RED BEAR KEYRING,2011-11-25 14:02:00,2011-11-25 14:02:00,1,1.65,1.65,1
84551,CROCHET DOG KEYRING,2011-06-14 13:15:00,2011-10-06 15:58:00,13,21.449999999999996,1.65,1
84558A,3D DOG PICTURE PLAYING CARDS,2010-12-01 12:31:00,2011-12-09 10:26:00,338,1016.72,3.274137931034483,1
84559A,3D SHEET OF DOG STICKERS,2010-12-01 17:06:00,2011-12-09 10:03:00,426,423.99,1.2454310344827586,1
84559B,3D SHEET OF CAT STICKERS,2010-12-01 17:06:00,2011-11-02 13:50:00,260,255.61999999999998,1.1855263157894735,1
84562A,PINK/WHITE RIBBED MELAMINE JUG,2010-12-03 15:19:00,2011-02-20 13:18:00,3,23.85,7.95,1
84563A,PINK & WHITE BREAKFAST TRAY,2010-12-01 12:49:00,2011-05-17 10:57:00,96,369.84000000000003,4.716285714285714,1
84563B,BLUE & WHITE BREAKFAST TRAY,2010-12-05 13:55:00,2011-06-19 12:23:00,94,346.3,4.016315789473684,1
84568,GIRLS ALPHABET IRON ON PATCHES,2010-12-06 09:58:00,2011-12-09 10:03:00,12442,2678.33,0.3868027210884354,1
84569A,PACK 3 IRON ON DOG PATCHES,2010-12-06 12:44:00,2011-12-05 17:28:00,294,355.84,1.2592307692307692,1
84569B,PACK 3 FIRE ENGINE/CAR PATCHES,2010-12-01 13:04:00,2011-03-22 09:30:00,85,118.4,1.7621052631578946,1
84569C,PACK 4 FLOWER/BUTTERFLY PATCHES,2011-03-25 13:54:00,2011-03-25 13:54:00,1,1.25,1.25,1
84569D,PACK 6 HEART/ICE-CREAM PATCHES,2010-12-05 12:43:00,2011-12-09 10:03:00,467,560.62,1.3740816326530612,1
84575A,PINK DOG CANNISTER,2010-12-13 15:16:00,2011-04-19 14:49:00,14,39.3,3.95,1
84576,BLUE CAT BISCUIT BARREL PINK HEART,2011-04-04 16:01:00,2011-07-20 10:08:00,66,148.32,2.975882352941176,1
84580,MOUSE TOY WITH PINK T-SHIRT,2010-12-01 14:32:00,2011-12-08 09:28:00,389,1482.43,3.863053892215569,1
84581,DOG TOY WITH PINK CROCHET SKIRT,2010-12-01 14:32:00,2011-12-04 15:35:00,187,709.71,3.844,1
84584,PINK GINGHAM CAT WITH SCARF,2010-12-13 11:21:00,2011-07-10 13:46:00,144,314.51,2.2963333333333336,1
84592,CROCHET ROSE PURSE WITH SUEDE BACK,2011-01-20 10:47:00,2011-11-30 14:41:00,76,241.24000000000004,3.5954545454545457,1
84593,CROCHET ROSE DES CLOTHES HANGER,2011-03-07 17:30:00,2011-03-07 17:30:00,5,14.750000000000002,2.95,1
84595E,LARGE TORTILLA DESIGN RED BOWL,2010-12-10 11:33:00,2011-08-02 16:11:00,78,154.67999999999998,2.7563636363636363,1
84596B,SMALL DOLLY MIX DESIGN ORANGE BOWL,2010-12-06 12:23:00,2011-12-09 10:03:00,5014,2558.27,0.6327392120075047,1
84596E,SMALL LICORICE DES PINK BOWL,2010-12-01 12:43:00,2011-04-01 11:46:00,574,436.78,1.0889411764705883,1
84596F,SMALL MARSHMALLOWS PINK BOWL,2010-12-05 15:15:00,2011-12-09 10:03:00,3732,1976.26,0.6802417582417583,1
84596G,SMALL CHOCOLATES PINK BOWL,2010-12-05 12:13:00,2011-12-08 15:31:00,1858,956.4599999999999,0.6337903225806452,1
84596J,MIXED NUTS LIGHT GREEN BOWL,2010-12-01 17:06:00,2011-05-23 09:43:00,568,296.45,0.8294117647058823,1
84596L,BISCUITS SMALL BOWL LIGHT BLUE,2010-12-05 15:15:00,2011-09-18 12:21:00,1255,631.8399999999999,0.7160115606936416,1
84597B,RETRO BROWN BALL ASHTRAY,2010-12-14 13:35:00,2011-06-19 11:10:00,41,51.25,1.25,1
84597C,RETRO PINK BALL ASHTRAY,2010-12-05 15:12:00,2011-06-02 19:50:00,46,57.5,1.25,1
84598,BOYS ALPHABET IRON ON PATCHES,2010-12-01 14:32:00,2011-12-09 10:03:00,1687,485.56,0.386734693877551,1
84600,NEW BAROQUE JEWELLERY BOX,2010-12-17 14:49:00,2011-12-08 19:24:00,53,446.89,9.4516,1
84609,TALL ROCOCO CANDLE HOLDER,2010-12-01 17:06:00,2011-12-05 16:05:00,93,770.59,9.6295,1
84613A,PINK NEW BAROQUE FLOCK CANDLESTICK,2010-12-16 12:42:00,2011-02-02 17:06:00,6,27.900000000000002,4.65,1
84613C,BLUE NEW BAROQUE FLOCK CANDLESTICK,2010-12-08 12:35:00,2010-12-08 12:35:00,1,4.65,4.65,1
84614A,PINK BAROQUE FLOCK CANDLE HOLDER,2010-12-03 15:45:00,2010-12-03 15:45:00,2,11.9,5.95,1
84616,SILVER ROCCOCO CHANDELIER,2010-12-14 14:54:00,2011-11-22 08:26:00,12,444.42,40.5775,1
84617,NEW BAROQUE BLACK BOXES,2011-01-09 15:13:00,2011-11-14 15:41:00,3,38.25,12.75,1
84620,BLUE GINGHAM ROSE CUSHION COVER,2010-12-15 14:12:00,2010-12-15 14:12:00,2,11.9,5.95,1
84625A,PINK NEW BAROQUECANDLESTICK CANDLE,2010-12-01 11:21:00,2011-12-07 15:52:00,478,605.48,2.6080952380952382,1
84625C,BLUE NEW BAROQUE CANDLESTICK CANDLE,2010-12-01 11:21:00,2011-10-03 16:04:00,449,536.41,2.384857142857143,1
84629,WHITE 3 FRAME BIRDS AND TREE,2011-05-01 13:45:00,2011-07-26 12:00:00,19,145.05,10.616666666666667,1
84631,FRUIT TREE AND BIRDS WALL PLAQUE,2010-12-10 13:06:00,2011-06-30 15:56:00,38,324.68,8.746521739130435,1
84632,DECORATIVE HANGING SHELVING UNIT,2011-01-25 09:01:00,2011-07-21 18:08:00,5,299.75,59.95,1
84637,KITCHEN FLOWER POTS WALL PLAQUE,2010-12-06 10:08:00,2011-09-23 14:49:00,116,619.59,5.3020481927710845,1
84638,SMALL KITCHEN FLOWER POTS PLAQUE,2010-12-10 11:19:00,2011-10-20 12:43:00,50,331.5,6.668918918918919,1
84658,WHITE STITCHED CUSHION COVER,2010-12-01 17:06:00,2011-12-06 13:20:00,57,412.23,7.2995652173913035,1
84659A,WHITE TRAVEL ALARM CLOCK,2010-12-01 17:06:00,2011-11-21 10:35:00,280,676.27,2.4769662921348314,1
84660A,WHITE STITCHED WALL CLOCK,2010-12-14 12:59:00,2011-10-03 16:46:00,847,813.29,1.9481818181818182,1
84660B,BLACK STITCHED WALL CLOCK,2010-12-09 16:31:00,2011-09-07 12:44:00,709,748.36,2.3628571428571425,1
84660C,PINK STITCHED WALL CLOCK,2010-12-03 11:36:00,2011-09-08 11:56:00,679,828.24,3.807540983606557,1
84661A,WHITE SQUARE TABLE CLOCK,2011-01-06 14:27:00,2011-12-08 09:28:00,105,172.75,2.889047619047619,1
84661B,BLACK SQUARE TABLE CLOCK,2010-12-03 11:36:00,2011-12-08 09:28:00,116,305.2,3.4323333333333332,1
84661C,PINK SQUARE TABLE CLOCK,2011-01-10 09:43:00,2011-12-06 13:45:00,71,104.84,3.015,1
84663A,GRASS HOPPER WOODEN WALL CLOCK,2010-12-01 17:06:00,2011-11-20 14:04:00,272,374.12,2.9629411764705886,1
84665,SQUARE CHERRY BLOSSOM CABINET,2010-12-07 09:21:00,2011-11-08 13:22:00,89,529.5500000000001,5.95,1
84666,SQUARE CHERRY BLOSSOM CABINET,2010-12-14 15:13:00,2011-04-19 14:49:00,24,94.80000000000001,3.95,1
84673A,PINK FLY SWAT,2010-12-14 16:23:00,2011-11-24 15:02:00,92,63.720000000000006,0.7040909090909091,1
84673B,BLUE FLY SWAT,2010-12-03 11:36:00,2011-12-05 17:17:00,179,156.63,0.9283333333333333,1
84674,FLYING PIG WATERING CAN,2010-12-02 10:39:00,2011-12-05 17:36:00,189,455.15000000000003,3.2670212765957447,1
84675,FROG KING WATERING CAN,2011-01-16 16:25:00,2011-01-17 13:23:00,9,26.55,2.95,1
84678,CLASSICAL ROSE SMALL VASE,2010-12-01 12:12:00,2011-03-23 10:15:00,142,247.04,2.813846153846154,1
84679,CLASSICAL ROSE TABLE LAMP,2011-06-21 11:47:00,2011-12-06 11:28:00,6,55.7,11.95,1
84683,CLASSICAL ROSE CANDLESTAND,2010-12-02 14:26:00,2011-05-03 13:52:00,194,162.20000000000002,1.5075,1
84685,BEACH HUT KEY CABINET,2010-12-03 11:36:00,2011-05-22 11:34:00,33,173.58,6.048,1
84686,BEACH HUT MIRROR,2011-04-04 12:55:00,2011-07-10 16:18:00,49,66.39,2.9525,1
84687,BEACH HUT SHELF W 3 DRAWERS,2011-02-23 15:58:00,2011-11-13 16:24:00,79,492.53000000000003,7.8660000000000005,1
84688,BEACH HUT DESIGN BLACKBOARD,2010-12-10 14:59:00,2011-05-12 16:52:00,40,198.82,6.308571428571428,1
84689,S/2 BEACH HUT TREASURE CHESTS,2011-04-12 12:16:00,2011-05-04 12:29:00,3,9.95,3.975,1
84691,PACK 20 DOLLY PEGS,2011-02-21 10:41:00,2011-05-31 09:38:00,242,174.5,0.7525,1
84692,BOX OF 24 COCKTAIL PARASOLS,2010-12-01 13:24:00,2011-12-09 12:31:00,7903,4327.38,0.6784745762711863,1
84705C,PINK FLOCK PHOTO FRAME,2011-05-03 13:52:00,2011-05-03 13:52:00,12,15.0,1.25,1
84706D,CHERRY BLOSSOM TABLE CLOCK,2010-12-08 15:59:00,2011-05-22 11:29:00,8,29.599999999999998,3.6999999999999997,1
84706F,RED PEONY TABLE CLOCK,2011-07-10 11:19:00,2011-11-27 13:00:00,16,47.2,2.95,1
84707A,SILVER JEWELLED MIRROR TRINKET TRAY,2010-12-06 16:58:00,2011-12-08 15:31:00,95,695.23,9.787555555555555,1
84707B,PINK JEWELLED MIRROR TRINKET TRAY,2010-12-05 16:41:00,2011-12-08 15:54:00,34,210.54999999999998,8.18611111111111,1
84708B,PINK JEWELLED PHOTO FRAME,2011-02-02 12:26:00,2011-12-07 13:12:00,62,326.35,5.931052631578948,1
84709B,PINK OVAL JEWELLED MIRROR,2010-12-01 11:21:00,2011-06-26 13:45:00,20,119.0,5.95,1
84711A,SILVER OVAL SHAPE TRINKET BOX,2010-12-06 12:06:00,2011-12-04 12:29:00,25,221.79999999999998,8.609411764705882,1
84711B,PINK OVAL SHAPE TRINKET BOX,2010-12-13 16:46:00,2011-12-07 13:12:00,20,186.64,8.999230769230769,1
84712B,PINK JEWELLED PHOTO FRAME,2010-12-06 09:58:00,2011-11-30 17:37:00,30,231.56,7.6825,1
84715,SET OF 6 ICE CREAM SKITTLES,2011-01-30 14:05:00,2011-04-13 13:47:00,16,47.2,2.9500000000000006,1
84723,CHERRY BLOSSOM CANVAS ART PICTURE,2011-02-02 14:37:00,2011-08-08 14:37:00,41,97.95,3.9499999999999997,1
84725,FREESTYLE CANVAS ART PICTURE,2010-12-07 12:29:00,2011-09-22 17:19:00,41,39.65,1.2444444444444445,1
84731,3 BIRDS CANVAS SCREEN,2011-04-15 16:11:00,2011-07-31 15:00:00,2,2.04,1.02,1
84732B,CUTE BIRD CEATURE SCREEN,2011-07-20 13:06:00,2011-08-18 20:05:00,22,8.58,0.39,1
84732D,CUTE RABBIT CEATURE SCREEN,2011-07-20 13:06:00,2011-08-18 20:05:00,11,4.29,0.39,1
84741C,CITRUS GARLAND FELT FLOWERS,2011-01-07 14:31:00,2011-04-27 14:01:00,60,117.0,1.95,1
84743C,ORANGE FELT VASE + FLOWERS,2011-03-31 13:14:00,2011-03-31 13:14:00,1,1.25,1.25,1
84744,S/6 SEW ON CROCHET FLOWERS,2010-12-01 11:21:00,2011-11-15 17:26:00,110,140.02,1.376,1
84745A,PINK HANGING GINGHAM EASTER HEN,2011-01-13 13:36:00,2011-04-27 12:08:00,32,13.44,0.42000000000000004,1
84745B,BLUE HANGING GINGHAM EASTER HEN,2011-01-13 13:36:00,2011-04-27 12:08:00,32,13.44,0.42000000000000004,1
84746,PINK EASTER HENS+FLOWER,2011-06-29 15:58:00,2011-07-20 16:12:00,14,38.31,2.6033333333333335,1
84748,FOLK FELT HANGING MULTICOL GARLAND,2010-12-10 09:51:00,2011-11-29 16:33:00,204,570.86,3.2162295081967214,1
84750B,BLACK SMALL GLASS CAKE STAND,2010-12-16 13:21:00,2011-04-19 14:49:00,61,54.99,1.17,1
84751B,BLACK MEDIUM GLASS CAKE STAND,2010-12-15 13:24:00,2011-04-08 10:20:00,17,37.11,1.9,1
84754,S/15 SILVER GLASS BAUBLES IN BAG,2010-12-01 12:15:00,2011-09-23 13:11:00,414,572.88,1.7648387096774194,1
84755,COLOUR GLASS T-LIGHT HOLDER HANGING,2010-12-01 09:53:00,2011-12-09 10:03:00,16368,10465.6,0.7279159935379644,1
84760S,SMALL HANGING GLASS+ZINC LANTERN,2010-12-01 15:37:00,2011-05-12 20:13:00,43,62.349999999999994,1.45,1
84763,ZINC FINISH 15CM PLANTER POTS,2010-12-02 13:11:00,2011-05-27 14:01:00,601,748.34,1.4157894736842105,1
84766,SILVER ROCOCO CANDLE STICK,2010-12-13 15:46:00,2011-11-03 19:28:00,132,305.4,3.283333333333333,1
84773,RED ROSE AND LACE C/COVER,2010-12-05 14:25:00,2010-12-05 14:25:00,3,8.850000000000001,2.95,1
84789,ENCHANTED BIRD PLANT CAGE,2010-12-06 09:58:00,2011-07-21 14:52:00,186,640.72,4.039791666666667,1
84792,ENCHANTED BIRD COATHANGER 5 HOOK,2010-12-02 10:09:00,2011-12-08 14:38:00,833,3974.32,5.533209876543211,1
84795B,SUNSET CHECK HAMMOCK,2010-12-05 16:41:00,2011-11-30 14:11:00,192,1657.42,10.798870967741935,1
84795C,OCEAN STRIPE HAMMOCK,2011-01-31 15:27:00,2011-01-31 15:27:00,2,15.9,7.95,1
84796A,PINK HAWAIIAN PICNIC HAMPER FOR 2,2010-12-14 15:52:00,2011-12-02 14:26:00,78,709.2399999999999,9.104181818181818,1
84796B,BLUE SAVANNAH PICNIC HAMPER FOR 2,2011-01-17 17:48:00,2011-11-08 09:29:00,256,2393.5899999999997,9.261209677419354,1
84798A,PINK FOXGLOVE ARTIIFCIAL FLOWER,2011-03-01 12:46:00,2011-09-28 15:18:00,23,58.64999999999999,2.55,1
84798B,PURPLE FOXGLOVE ARTIIFCIAL FLOWER,2011-02-14 12:11:00,2011-03-22 13:54:00,11,28.049999999999997,2.55,1
84799,SPRIG LAVENDER ARTIFICIAL FLOWER,2010-12-14 09:50:00,2011-04-14 10:42:00,176,140.32,1.0655555555555556,1
84800L,LARGE WHITE/PINK ROSE ART FLOWER,2010-12-19 14:03:00,2011-06-03 17:07:00,336,598.8000000000001,1.9357142857142857,1
84800M,MEDIUM WHITE/PINK ROSE ART FLOWER,2010-12-19 14:03:00,2011-08-28 12:06:00,127,174.31,1.5372727272727273,1
84800S,SMALL WHITE/PINK ROSE ART FLOWER,2011-01-20 12:04:00,2011-09-11 14:09:00,107,120.07000000000001,1.2077777777777778,1
84801A,PINK HYDRANGEA ART FLOWER,2011-01-20 09:25:00,2011-11-23 11:47:00,46,96.60000000000001,2.1,1
84801B,WHITE HYDRANGEA ART FLOWER,2011-02-01 12:25:00,2011-04-06 14:23:00,22,46.2,2.1,1
84802A,WHITE ANEMONE ARTIFICIAL FLOWER,2010-12-19 14:03:00,2010-12-19 14:03:00,2,3.38,1.69,1
84802B,PURPLE ANEMONE ARTIFICIAL FLOWER,2011-03-01 12:46:00,2011-03-01 12:46:00,4,6.76,1.69,1
84803A,PINK ALLIUM  ARTIFICIAL FLOWER,2011-02-14 12:11:00,2011-02-14 12:11:00,3,5.07,1.69,1
84803B,WHITE ALLIUM  ARTIFICIAL FLOWER,2011-03-01 12:46:00,2011-08-10 13:41:00,17,28.73,1.69,1
84804A,CREAM DELPHINIUM ARTIFICIAL FLOWER,2010-12-19 14:03:00,2011-12-06 11:28:00,70,180.58,2.68,1
84804B,BLUE DELPHINIUM ARTIFICIAL FLOWER,2011-05-19 09:38:00,2011-12-07 15:16:00,99,188.37000000000003,2.23,1
84805A,CREAM CLIMBING HYDRANGA ART FLOWER,2011-02-01 12:25:00,2011-12-06 11:28:00,32,60.0,2.5,1
84805B,BLUE CLIMBING HYDRANGA ART FLOWER,2011-09-16 14:04:00,2011-12-07 15:16:00,38,52.5,2.0833333333333335,1
84806A,PINK CANDYSTUFT ARTIFICIAL FLOWER,2010-12-19 14:03:00,2011-12-07 15:16:00,137,96.88999999999999,1.0645454545454545,1
84806B,WHITE CANDYSTUFT ARTIFICIAL FLOWER,2011-01-17 14:40:00,2011-12-06 11:28:00,308,411.55999999999995,1.387,1
84809A,WHITE CHRYSANTHEMUMS ART FLOWER,2010-12-05 16:24:00,2011-06-01 17:18:00,55,115.50000000000001,2.1,1
84809B,PINK CHRYSANTHEMUMS ART FLOWER,2011-02-25 10:53:00,2011-02-25 10:53:00,18,37.800000000000004,2.1,1
84813,SET OF 4 DIAMOND NAPKIN RINGS,2010-12-06 09:58:00,2011-12-06 15:10:00,166,1393.79,10.532105263157895,1
84816,DANISH ROSE BEDSIDE CABINET,2010-12-13 10:24:00,2011-08-19 15:18:00,8,319.6,39.95,1
84817,DANISH ROSE DECORATIVE PLATE,2010-12-14 10:43:00,2011-12-08 15:54:00,921,647.64,1.3975471698113209,1
84818,DANISH ROSE PHOTO FRAME,2010-12-09 14:55:00,2011-10-30 16:15:00,1370,1397.82,1.3354736842105261,1
84819,DANISH ROSE ROUND SEWING BOX,2010-12-05 10:52:00,2011-12-09 09:07:00,808,939.04,2.186393442622951,1
84820,DANISH ROSE TRINKET TRAYS,2010-12-10 11:19:00,2011-12-08 15:54:00,255,459.25,3.808666666666667,1
84821,DANISH ROSE DELUXE COASTER,2010-12-10 11:19:00,2011-12-08 15:54:00,923,396.95,0.6085,1
84823,DANISH ROSE FOLDING CHAIR,2010-12-13 15:44:00,2011-02-07 13:15:00,112,890.4000000000001,7.95,1
84824,DANISH ROSE UMBRELLA STAND,2011-06-09 16:16:00,2011-11-20 15:35:00,2,31.9,15.95,1
84826,ASSTD DESIGN 3D PAPER STICKERS,2010-12-02 10:27:00,2011-12-07 13:35:00,1162,389.38,0.5578787878787879,1
84827,ASS DES PHONE SPONGE CRAFT STICKER,2010-12-05 11:10:00,2011-12-05 12:30:00,509,153.09,0.465,1
84828,JUNGLE POPSICLES ICE LOLLY MOULDS,2010-12-01 17:06:00,2011-12-09 10:03:00,1075,1506.3600000000001,1.6431693989071037,2
84832,ZINC WILLIE WINKIE  CANDLE STICK,2010-12-01 09:41:00,2011-12-09 12:31:00,2921,2702.5,1.0917407407407407,1
84836,ZINC METAL HEART DECORATION,2010-12-01 12:15:00,2011-12-08 14:38:00,5925,7403.07,1.3649264705882354,1
84840,SWEETHEART CARRY-ALL BASKET,2010-12-06 16:57:00,2011-03-25 12:21:00,6,76.44,12.74,1
84842,HELLO SAILOR BATHROOM SET,2011-03-14 11:44:00,2011-11-27 11:57:00,14,52.5,3.75,1
84843,WHITE SOAP RACK WITH 2 BOTTLES,2010-12-09 16:08:00,2011-12-07 17:05:00,171,963.85,6.583749999999999,1
84846A,SCENTED CANDLE IN DIGITALIS TIN,2010-12-02 12:18:00,2011-10-10 14:37:00,56,126.04000000000002,2.5869230769230773,1
84847,FLORAL BATHROOM SET,2011-01-27 15:36:00,2011-08-01 17:37:00,20,75.0,3.75,1
84849A,HELLO SAILOR BLUE SOAP HOLDER,2010-12-03 14:04:00,2011-11-24 15:05:00,180,344.34000000000003,2.3567924528301885,1
84849B,FAIRY SOAP SOAP HOLDER,2010-12-01 12:22:00,2011-07-20 12:58:00,266,478.83,2.053421052631579,1
84849D,HOT BATHS SOAP HOLDER,2010-12-03 14:30:00,2011-12-01 19:42:00,494,859.0,1.8581739130434782,1
84854,GIRLY PINK TOOL SET,2010-12-01 09:41:00,2010-12-01 09:41:00,5,24.75,4.95,1
84856L,LARGE TAHITI BEACH BAG,2010-12-01 17:06:00,2011-03-18 11:22:00,2,17.82,8.91,1
84856S,SMALL TAHITI BEACH BAG,2011-03-30 12:04:00,2011-03-30 12:04:00,4,18.6,4.65,1
84857B,BLUE MONTE CARLO HANDBAG,2011-07-21 16:10:00,2011-07-21 16:10:00,24,46.8,1.95,1
84857C,PINK MONTE CARLO HANDBAG,2010-12-17 14:49:00,2011-07-04 15:46:00,98,232.32999999999998,4.763,1
84858C,PINK RIVIERA HANDBAG,2011-02-22 16:28:00,2011-04-13 11:48:00,186,261.68,5.33,1
84859A,SILVER DISCO HANDBAG,2010-12-16 19:19:00,2011-12-08 16:30:00,129,272.99,2.485,1
84859B,BLUE DISCO HANDBAG,2011-05-06 13:43:00,2011-12-08 16:30:00,31,64.81,2.346363636363636,1
84859C,PINK DISCO HANDBAG,2011-02-15 14:19:00,2011-12-05 12:28:00,84,180.51999999999998,2.429090909090909,1
84865,NEW BAROQUE BLACK PHOTO ALBUM,2010-12-03 15:19:00,2011-07-01 13:02:00,27,146.21,7.307857142857143,1
84870B,BLUE GEISHA GIRL,2010-12-01 15:35:00,2011-11-24 09:26:00,44,146.07999999999998,3.4415999999999998,1
84870C,GREEN GEISHA GIRL,2010-12-01 15:35:00,2011-10-30 13:06:00,46,146.05,3.1614285714285715,1
84872A,TEATIME FUNKY FLOWER BACKPACK FOR 2,2010-12-03 11:13:00,2011-07-26 13:57:00,66,732.2299999999999,11.164716981132074,1
84873A,FUNKY FLOWER PICNIC BAG FOR 4,2011-05-17 14:46:00,2011-06-01 17:42:00,2,33.9,16.95,1
84874B,BLUE TRAVEL FIRST AID KIT,2010-12-05 12:53:00,2011-08-02 09:29:00,41,67.50999999999999,1.64,1
84875B,GREEN SQUARE COMPACT MIRROR,2010-12-09 11:30:00,2011-12-06 16:26:00,131,203.51,2.5524999999999998,1
84875D,BLUE SQUARE COMPACT MIRROR,2011-04-06 12:49:00,2011-09-23 13:18:00,51,63.75,1.25,1
84876B,GREEN HEART COMPACT MIRROR,2010-12-13 09:35:00,2011-11-30 14:17:00,218,315.81,2.417058823529412,1
84876D,BLUE HEART COMPACT MIRROR,2010-12-09 11:30:00,2011-09-11 13:51:00,128,217.5,3.59375,1
84877A,PINK ROUND COMPACT MIRROR,2011-04-06 12:49:00,2011-06-13 15:30:00,40,58.16,2.27,1
84877B,GREEN ROUND COMPACT MIRROR,2010-12-16 11:11:00,2011-11-30 14:17:00,144,210.56,2.32,1
84877D,BLUE ROUND COMPACT MIRROR,2010-12-03 14:54:00,2011-09-25 16:05:00,96,150.93,2.325,1
84879,ASSORTED COLOUR BIRD ORNAMENT,2010-12-01 08:34:00,2011-12-09 12:31:00,36333,58878.61,1.7226408689748811,1
84880,WHITE WIRE EGG HOLDER,2010-12-01 09:57:00,2011-12-07 16:56:00,312,2012.74,7.74987012987013,1
84881,BLUE WIRE SPIRAL CANDLE HOLDER,2010-12-05 16:24:00,2011-07-17 11:59:00,12,82.57,7.411666666666666,1
84882,GREEN WIRE STANDING CANDLE HOLDER,2010-12-12 13:01:00,2011-11-30 17:37:00,38,157.34,4.368333333333333,1
84884A,ANT WHITE WIRE HEART SPIRAL,2010-12-01 14:54:00,2011-12-07 10:35:00,339,1519.63,5.688076923076922,1
84898F,YELLOW FLOWERS FELT HANDBAG KIT,2010-12-05 11:40:00,2011-03-24 16:45:00,46,98.63000000000001,2.2068421052631577,1
84905,PINK BUTTERFLY CUSHION COVER,2011-01-17 12:45:00,2011-06-29 15:58:00,35,173.48,4.9590000000000005,1
84906,PINK B'FLY C/COVER W BOBBLES,2010-12-01 11:45:00,2011-05-23 11:52:00,35,123.02,4.8475,2
84907,PINK YELLOW PATCH CUSHION COVER,2011-01-30 14:36:00,2011-09-21 15:22:00,29,180.93,6.113478260869566,1
84910A,PINK PAISLEY CUSHION COVER,2010-12-08 12:35:00,2011-07-20 16:12:00,26,192.14,7.464117647058822,1
84912A,PINK ROSE WASHBAG,2010-12-06 12:41:00,2011-09-22 12:41:00,156,560.62,3.5262162162162163,1
84912B,GREEN ROSE WASHBAG,2010-12-01 14:32:00,2011-12-05 17:24:00,323,1132.85,3.4332098765432097,1
84913A,SOFT PINK ROSE TOWEL,2010-12-01 14:32:00,2011-11-07 16:16:00,273,952.83,3.4126612903225806,1
84913B,MINT GREEN ROSE TOWEL,2010-12-01 14:32:00,2011-12-02 13:22:00,196,754.07,3.64,1
84915,HAND TOWEL PINK FLOWER AND DAISY,2010-12-01 17:06:00,2011-12-06 16:26:00,217,372.33,3.890869565217391,1
84916,HAND TOWEL PALE BLUE W FLOWERS,2010-12-06 13:41:00,2011-05-04 11:00:00,223,453.39,3.9479310344827585,1
84917,WHITE HAND TOWEL WITH BUTTERFLY,2010-12-06 16:57:00,2011-05-26 10:44:00,184,466.3,3.976666666666667,1
84919,BLUE CUSHION COVER WITH FLOWER,2011-01-30 14:36:00,2011-09-21 15:22:00,58,381.78000000000003,6.534827586206896,1
84920,PINK FLOWER FABRIC PONY,2010-12-01 14:41:00,2011-12-08 12:07:00,115,446.23,4.163541666666666,1
84921,CREAM AND PINK FLOWERS PONY,2010-12-05 12:43:00,2011-10-19 12:54:00,11,41.25,3.75,1
84922,PINK BUTTERFLY WASHBAG,2010-12-12 16:14:00,2011-12-02 13:49:00,9,42.29,4.923333333333333,1
84923,PINK BUTTERFLY HANDBAG W BOBBLES,2010-12-01 14:32:00,2011-12-09 10:03:00,162,671.62,4.146326530612245,1
84924A,WAKE UP COCKEREL CALENDAR SIGN,2010-12-05 10:36:00,2011-12-02 13:49:00,81,348.59000000000003,4.996363636363636,1
84924F,PSYCHEDELIC METAL SIGN CALENDAR,2011-07-13 11:19:00,2011-07-29 17:19:00,10,7.9,0.79,1
84925D,LA PALMIERA WALL THERMOMETER,2010-12-03 11:35:00,2011-06-23 11:38:00,15,38.25,2.55,1
84925F,PSYCHEDELIC WALL THERMOMETER,2010-12-06 15:13:00,2011-07-31 15:24:00,79,109.92999999999999,1.9214285714285713,1
84926A,WAKE UP COCKEREL TILE COASTER,2010-12-01 17:29:00,2011-12-01 12:36:00,604,210.51999999999998,0.6694285714285714,1
84926D,LA PALMIERA TILE COASTER,2010-12-06 11:38:00,2011-12-07 10:11:00,709,276.53,0.8079999999999999,1
84926E,FLOWERS TILE COASTER,2011-01-04 13:30:00,2011-12-06 12:12:00,968,327.79999999999995,0.5441025641025641,1
84926F,PSYCHEDELIC TILE COASTER,2010-12-16 11:43:00,2011-12-06 17:49:00,430,195.22,1.1860714285714287,1
84927A,WAKE UP COCKEREL TILE HOOK,2010-12-03 11:36:00,2011-08-09 14:18:00,50,70.45,2.0805555555555557,1
84927D,LA PALMIERA TILE HOOK,2010-12-07 18:36:00,2011-07-25 13:57:00,47,51.86,1.5635714285714286,1
84927E,FLOWERS TILE HOOK,2010-12-13 09:57:00,2011-07-18 11:47:00,59,80.16000000000001,1.907142857142857,1
84927F,PSYCHEDELIC TILE HOOK,2010-12-03 11:36:00,2011-12-07 10:11:00,299,182.95000000000002,1.088695652173913,1
84929,ASSTD FRUIT+FLOWERS FRIDGE MAGNETS,2010-12-15 15:00:00,2011-11-24 13:27:00,2406,634.26,0.285625,1
84931A,PINK SCOTTIE DOG W FLOWER PATTERN,2010-12-10 14:59:00,2011-11-30 08:50:00,133,317.44,2.511764705882353,1
84931B,BLUE SCOTTIE DOG W FLOWER PATTERN,2010-12-23 13:26:00,2011-12-05 17:28:00,177,424.08,2.396734693877551,1
84944,SET OF 6 KASHMIR FOLKART BAUBLES,2010-12-01 13:54:00,2011-11-04 16:35:00,662,1041.06,2.061566265060241,1
84945,MULTI COLOUR SILVER T-LIGHT HOLDER,2010-12-01 13:04:00,2011-12-09 12:31:00,10509,8713.83,0.9525999999999999,1
84946,ANTIQUE SILVER T-LIGHT GLASS,2010-12-01 14:32:00,2011-12-09 12:31:00,18957,25569.420000000002,1.532544052863436,2
84947,ANTIQUE SILVER TEA GLASS ENGRAVED,2010-12-01 12:38:00,2011-12-09 08:59:00,8652,10229.77,1.471534090909091,1
84949,SILVER HANGING T-LIGHT HOLDER,2010-12-01 11:41:00,2011-12-08 14:14:00,4723,7513.74,1.8654355400696865,1
84950,ASSORTED COLOUR T-LIGHT HOLDER,2010-12-01 17:06:00,2011-12-08 09:28:00,3619,2297.03,0.8163636363636364,1
84951A,SET OF 4 PISTACHIO LOVEBIRD COASTER,2010-12-10 10:21:00,2011-12-05 17:28:00,451,534.05,1.8351086956521738,1
84951B,SET OF 4 BLACK LOVEBIRD COASTERS,2010-12-10 10:21:00,2011-12-08 12:07:00,451,554.78,1.8233734939759036,1
84952A,CLEAR LOVE BIRD T-LIGHT HOLDER,2010-12-08 15:56:00,2011-11-14 15:27:00,92,264.46999999999997,3.1765384615384615,1
84952B,BLACK LOVE BIRD T-LIGHT HOLDER,2010-12-02 15:19:00,2011-12-06 16:26:00,183,320.89,2.9439285714285712,1
84952C,MIRROR LOVE BIRD T-LIGHT HOLDER,2010-12-02 15:19:00,2011-10-11 12:36:00,144,255.0,4.041538461538462,1
84963A,PINK PAINTED KASHMIRI CHAIR,2010-12-05 11:57:00,2010-12-05 11:57:00,4,171.8,42.95,1
84963B,BLUE PAINTED KASHMIRI CHAIR,2011-08-04 13:03:00,2011-08-04 13:03:00,3,149.85000000000002,49.95,1
84968A,SET OF 16 VINTAGE ROSE CUTLERY,2010-12-05 14:02:00,2011-12-04 15:13:00,266,3188.13,14.183465346534653,1
84968B,SET OF 16 VINTAGE IVORY CUTLERY,2011-03-18 11:24:00,2011-04-06 11:34:00,2,25.5,12.75,1
84968C,SET OF 16 VINTAGE PISTACHIO CUTLERY,2010-12-01 12:49:00,2011-11-23 12:05:00,314,3547.74,14.948543689320388,1
84968D,SET OF 16 VINTAGE RED CUTLERY,2010-12-07 14:31:00,2011-12-08 09:20:00,159,1723.6,12.858245614035088,1
84968E,SET OF 16 VINTAGE BLACK CUTLERY,2010-12-09 16:27:00,2011-12-09 10:26:00,140,1722.74,14.076199999999998,1
84968F,SET OF 16 VINTAGE SKY BLUE CUTLERY,2010-12-06 10:36:00,2011-11-13 11:37:00,178,1931.1699999999998,12.521363636363636,1
84969,BOX OF 6 ASSORTED COLOUR TEASPOONS,2010-12-01 08:34:00,2011-12-06 16:26:00,558,2389.52,4.66047619047619,1
84970L,SINGLE HEART ZINC T-LIGHT HOLDER,2010-12-01 11:41:00,2011-12-09 08:59:00,6253,6819.099999999999,1.3830571992110454,1
84970S,HANGING HEART ZINC T-LIGHT HOLDER,2010-12-01 10:19:00,2011-12-09 10:26:00,9117,8146.799999999999,1.244759535655058,1
84971L,LARGE HEART FLOWERS HOOK,2011-11-25 15:23:00,2011-11-25 15:23:00,2,4.92,2.46,1
84971S,SMALL HEART FLOWERS HOOK,2010-12-01 09:41:00,2011-12-09 11:56:00,1761,1540.4499999999998,1.1178612716763006,1
84974,S/2 ZINC HEART DESIGN PLANTERS,2011-01-26 17:27:00,2011-11-01 12:25:00,39,388.04999999999995,9.95,1
84975,HEART SHAPED MIRROR,2010-12-06 14:36:00,2010-12-08 15:12:00,5,8.45,1.69,1
84976,RECTANGULAR SHAPED MIRROR,2010-12-01 17:06:00,2011-12-08 19:24:00,500,436.67,1.4475,1
84977,WIRE FLOWER T-LIGHT HOLDER,2011-03-18 11:22:00,2011-03-18 11:22:00,1,1.25,1.25,1
84978,HANGING HEART JAR T-LIGHT HOLDER,2010-12-05 12:43:00,2011-12-09 10:03:00,12391,16333.12,1.4854945054945057,1
84984A,GREEN PEONY CUSHION COVER,2011-05-19 13:35:00,2011-11-08 11:03:00,19,88.35000000000001,4.65,1
84984B,RED PEONY CUSHION COVER,2011-05-19 13:35:00,2011-11-08 11:03:00,17,79.05000000000001,4.65,1
84984D,ORIENTAL RED CUSHION COVER,2011-07-27 17:06:00,2011-11-08 11:03:00,13,60.45,4.65,1
84985A,SET OF 72 GREEN PAPER DOILIES,2010-12-01 12:43:00,2011-03-01 17:28:00,36,52.199999999999996,1.45,1
84987,SET OF 36 TEATIME PAPER DOILIES,2010-12-03 11:35:00,2011-12-05 14:40:00,3039,4453.7699999999995,1.985075075075075,1
84988,SET OF 72 PINK HEART PAPER DOILIES,2010-12-01 14:32:00,2011-12-08 10:53:00,4299,6653.849999999999,2.1484705882352944,1
84989A,75 GREEN FAIRY CAKE CASES,2010-12-07 15:31:00,2011-12-05 14:40:00,69,102.36,1.4642857142857142,1
84990,60 GOLD AND SILVER FAIRY CAKE CASES,2011-04-20 15:25:00,2011-05-08 13:07:00,2,1.1,0.55,1
84991,60 TEATIME FAIRY CAKE CASES,2010-12-01 09:37:00,2011-12-09 10:03:00,18093,9117.17,0.69025,1
84992,72 SWEETHEART FAIRY CAKE CASES,2010-12-01 11:29:00,2011-12-08 15:31:00,13189,6461.280000000001,0.686038338658147,1
84993A,75 GREEN PETIT FOUR CASES,2010-12-03 11:35:00,2011-12-09 12:20:00,375,186.25,0.6477027027027027,1
84993B,75 BLACK PETIT FOUR CASES,2010-12-05 11:59:00,2011-08-08 13:46:00,58,24.36,0.42,1
84997A,CHILDRENS CUTLERY POLKADOT GREEN,2010-12-01 16:49:00,2011-12-09 10:26:00,2679,10812.62,5.222646153846154,2
84997B,CHILDRENS CUTLERY RETROSPOT RED,2010-12-01 09:37:00,2011-12-09 12:16:00,4550,18993.89,5.040090497737556,2
84997C,CHILDRENS CUTLERY POLKADOT BLUE,2010-12-01 09:37:00,2011-12-09 12:16:00,4067,16871.47,4.970374064837905,2
84997D,CHILDRENS CUTLERY POLKADOT PINK,2010-12-01 12:49:00,2011-12-09 12:16:00,5398,22295.99,4.9564,2
85006,SET 4 NURSERY DES ROUND BOXES,2010-12-10 11:19:00,2011-04-27 14:58:00,55,57.25,1.55,1
85008,SET OF 3 CONEY ISLAND OVAL BOXES,2010-12-01 17:06:00,2011-04-10 14:16:00,13,66.12,5.171250000000001,1
85014A,BLACK/BLUE POLKADOT UMBRELLA,2010-12-01 10:03:00,2011-12-06 12:38:00,1181,6904.040000000001,6.776917808219179,1
85014B,RED RETROSPOT UMBRELLA,2010-12-01 10:03:00,2011-12-09 10:03:00,1934,11259.310000000001,7.182258064516129,1
85015,SET OF 12  VINTAGE POSTCARD SET,2010-12-01 14:32:00,2011-12-08 13:50:00,2180,1718.5400000000002,1.3232167832167832,1
85016,SET OF 6 VINTAGE NOTELETS KIT,2010-12-01 14:32:00,2011-05-31 10:45:00,563,560.11,2.0207142857142855,1
85017A,ENVELOPE 50 ROMANTIC IMAGES,2010-12-01 14:32:00,2011-04-03 15:07:00,16,13.58,0.8477777777777777,1
85017B,ENVELOPE 50 BLOSSOM IMAGES,2010-12-01 14:32:00,2011-11-08 18:41:00,1065,590.09,0.6759493670886075,1
85017C,ENVELOPE 50 CURIOUS IMAGES,2010-12-05 16:41:00,2011-05-12 20:13:00,49,26.17,0.6154545454545454,1
85018D,YULETIDE IMAGES S/6 PAPER BOXES,2010-12-03 12:11:00,2011-01-14 14:39:00,12,30.599999999999998,2.55,1
85019A,ROMANTIC IMAGES NOTEBOOK SET,2010-12-01 14:03:00,2011-12-08 12:43:00,414,564.35,2.033333333333333,1
85019B,BLOSSOM  IMAGES NOTEBOOK SET,2011-01-11 12:25:00,2011-12-08 12:43:00,512,682.97,1.9597222222222221,1
85019C,CURIOUS  IMAGES NOTEBOOK SET,2010-12-01 14:03:00,2011-06-09 10:06:00,182,270.72,2.997272727272727,1
85020,ROUND PINK HEART MIRROR,2010-12-06 12:52:00,2011-12-05 12:59:00,85,188.81,2.5686363636363634,1
85023B,EAU DE NILE JEWELLED PHOTOFRAME,2010-12-19 13:59:00,2011-12-05 11:49:00,33,84.14999999999999,2.55,1
85024B,EAU DE NILE JEWELLED PHOTOFRAME,2011-01-30 15:48:00,2011-12-05 12:46:00,193,289.65,1.633333333333333,1
85024C,PINK SMALL JEWELLED PHOTOFRAME,2010-12-08 12:17:00,2011-11-22 13:11:00,12,19.799999999999997,1.65,1
85025B,EAU DE NILE HEART SHAPE PHOTO FRAME,2010-12-03 11:36:00,2011-12-08 09:28:00,329,555.1199999999999,2.337105263157895,1
85025C,PINK HEART SHAPE PHOTO FRAME,2010-12-02 13:32:00,2011-08-24 13:23:00,321,520.91,2.0585,1
85026B,EAU DE NILE JEWELLED T-LIGHT HOLDER,2010-12-07 16:20:00,2011-12-08 13:50:00,79,70.27,0.9918181818181818,1
85027L,FRENCH CHATEAU LARGE PLATTER,2010-12-05 16:41:00,2011-04-19 15:02:00,70,160.5,2.95,1
85028L,FRENCH CHATEAU LARGE FRUIT BOWL,2011-03-27 14:28:00,2011-04-08 11:54:00,10,19.5,1.95,1
85028S,FRENCH CHATEAU SMALL FRUITBOWL,2011-03-27 14:28:00,2011-04-08 11:54:00,24,51.599999999999994,2.025,1
85030,FRENCH CHATEAU OVAL PLATTER,2011-03-20 13:28:00,2011-04-08 11:54:00,15,29.25,1.95,1
85031A,ROMANTIC IMAGES SCRAP BOOK SET,2010-12-12 13:26:00,2011-04-13 14:17:00,16,45.9,3.892857142857143,1
85031B,BLOSSOM IMAGES SCRAP BOOK SET,2010-12-16 19:19:00,2010-12-16 19:19:00,1,4.95,4.95,1
85031C,CURIOUS IMAGES SCRAP BOOK SET,2010-12-16 11:53:00,2010-12-16 11:53:00,3,14.850000000000001,4.95,1
85032A,ROMANTIC IMAGES GIFT WRAP SET,2010-12-09 16:08:00,2011-12-08 12:43:00,789,776.49,1.0937037037037038,1
85032B,BLOSSOM IMAGES GIFT WRAP SET,2010-12-12 11:44:00,2011-12-08 12:43:00,786,739.99,1.0780451127819548,1
85032C,CURIOUS IMAGES GIFT WRAP SET,2010-12-09 16:08:00,2011-12-09 10:03:00,671,710.74,1.1962857142857142,1
85032D,YULETIDE IMAGES GIFT WRAP SET,2010-12-01 14:32:00,2011-10-06 13:29:00,687,561.34,1.1588297872340425,1
85034A,3 GARDENIA MORRIS BOXED CANDLES,2010-12-01 17:35:00,2011-11-23 09:34:00,501,936.27,2.9699999999999998,1
85034B,3 WHITE CHOC MORRIS BOXED CANDLES,2010-12-05 10:52:00,2011-12-08 12:26:00,946,1637.07,2.765934959349593,1
85034C,3 ROSE MORRIS BOXED CANDLES,2010-12-03 15:45:00,2011-12-07 12:41:00,1113,1732.0,2.2745398773006134,1
85035A,GARDENIA 3 WICK MORRIS BOXED CANDLE,2010-12-02 11:45:00,2011-10-26 16:43:00,274,782.24,3.8909411764705886,1
85035B,CHOCOLATE 3 WICK MORRIS BOX CANDLE,2010-12-01 12:49:00,2011-10-27 19:56:00,620,1062.57,3.3797183098591552,1
85035C,ROSE 3 WICK MORRIS BOX CANDLE,2010-12-01 17:35:00,2011-11-27 14:40:00,1138,1769.13,2.5615555555555556,1
85036A,GARDENIA 1 WICK MORRIS BOXED CANDLE,2010-12-06 12:41:00,2011-10-31 14:41:00,212,726.68,3.975,1
85036B,CHOCOLATE 1 WICK MORRIS BOX CANDLE,2010-12-03 11:28:00,2011-11-17 15:16:00,356,564.4,2.3020408163265307,1
85036C,ROSE 1 WICK MORRIS BOXED CANDLE,2010-12-05 15:47:00,2011-11-23 13:46:00,561,882.61,2.4225882352941177,1
85038,6 CHOCOLATE LOVE HEART T-LIGHTS,2010-12-01 16:11:00,2011-12-09 12:25:00,1061,2171.26,2.542191780821918,1
85039A,SET/4 RED MINI ROSE CANDLE IN BOWL,2010-12-01 14:32:00,2011-12-09 10:03:00,744,1142.4299999999998,1.8798952879581152,1
85039B,S/4 IVORY MINI ROSE CANDLE IN BOWL,2010-12-06 10:08:00,2011-12-09 10:03:00,806,1174.6299999999999,1.6247398843930634,1
85039C,S/4 BLACK MINI ROSE CANDLE IN BOWL,2010-12-06 10:08:00,2011-12-08 09:28:00,305,265.77,1.5844776119402983,1
85040A,S/4 PINK FLOWER CANDLES IN BOWL,2010-12-07 18:36:00,2011-12-09 10:03:00,915,1704.35,2.1832978723404253,1
85040B,SET/4 BLUE FLOWER CANDLES IN BOWL,2010-12-01 17:06:00,2011-04-10 12:53:00,137,229.46999999999997,1.6975,1
85045,GREEN CHRISTMAS TREE STRING 20LIGHT,2010-12-01 15:37:00,2011-11-02 12:45:00,42,191.1,4.886363636363637,1
85047,WHITE BEADED GARLAND STRING 20LIGHT,2011-01-25 13:38:00,2011-01-27 15:36:00,3,19.049999999999997,6.35,1
85048,15CM CHRISTMAS GLASS BALL 20 LIGHTS,2010-12-01 14:32:00,2011-12-09 10:26:00,1355,10878.81,9.31735632183908,1
85049A,TRADITIONAL CHRISTMAS RIBBONS,2010-12-01 09:56:00,2011-12-09 12:20:00,3245,4655.2,1.6685439560439561,1
85049B,LUSH GREENS RIBBONS,2010-12-03 10:33:00,2011-09-20 14:46:00,56,72.42,1.4113333333333336,1
85049C,ROMANTIC PINKS RIBBONS,2010-12-01 11:29:00,2011-12-09 10:03:00,1216,1518.15,1.360086956521739,1
85049D,BRIGHT BLUES RIBBONS,2010-12-01 11:29:00,2011-09-28 15:50:00,549,699.91,1.3167567567567566,1
85049E,SCANDINAVIAN REDS RIBBONS,2010-12-01 11:21:00,2011-12-09 12:20:00,2957,4129.32,1.6602631578947369,1
85049F,BABY BOOM RIBBONS,2010-12-02 13:44:00,2011-09-26 12:45:00,378,477.34,1.2898901098901099,1
85049G,CHOCOLATE BOX RIBBONS,2010-12-01 11:29:00,2011-12-09 10:23:00,1721,2275.61,1.5672727272727272,1
85049H,URBAN BLACK RIBBONS,2010-12-01 11:57:00,2011-12-09 10:03:00,848,869.1,1.0584491978609627,1
85053,FRENCH ENAMEL CANDLEHOLDER,2010-12-01 17:06:00,2011-12-09 12:00:00,1691,3645.2900000000004,2.6230625,1
85054,FRENCH ENAMEL POT W LID,2010-12-03 11:36:00,2011-11-28 15:54:00,586,1427.68,3.4924347826086954,1
85055,FRENCH ENAMEL UTENSIL HOLDER,2010-12-03 11:36:00,2011-01-18 10:22:00,45,183.71,5.15125,1
85059,FRENCH ENAMEL WATER BASIN,2010-12-07 15:54:00,2011-12-09 10:03:00,411,1273.11,4.116821705426357,1
85061W,WHITE JEWELLED HEART DECORATION,2010-12-02 12:10:00,2011-12-08 14:38:00,2146,1882.1499999999999,1.1002958579881656,1
85062,PEARL CRYSTAL PUMPKIN T-LIGHT HLDR,2010-12-05 15:38:00,2011-12-07 14:34:00,1462,2429.4999999999995,1.7914999999999999,1
85064,CREAM SWEETHEART LETTER RACK,2010-12-01 14:32:00,2011-01-27 12:40:00,215,976.25,6.697333333333333,1
85066,CREAM SWEETHEART MINI CHEST,2010-12-02 17:41:00,2011-12-09 10:45:00,1762,22313.7,14.341539961013645,1
85067,CREAM SWEETHEART WALL CABINET,2010-12-01 14:03:00,2011-01-13 15:18:00,7,126.64999999999999,18.55,1
85071A,BLUE CHARLIE+LOLA PERSONAL DOORSIGN,2010-12-01 14:05:00,2011-12-06 12:12:00,1039,577.33,0.8654464285714286,1
85071B,RED CHARLIE+LOLA PERSONAL DOORSIGN,2010-12-01 09:37:00,2011-12-08 09:47:00,1288,678.72,0.8765873015873016,1
85071C,"CHARLIE+LOLA""EXTREMELY BUSY"" SIGN",2010-12-01 14:05:00,2011-12-09 11:34:00,683,428.0,1.2516981132075473,1
85071D,CHARLIE+LOLA MY ROOM DOOR SIGN,2010-12-02 09:43:00,2011-12-06 12:12:00,403,249.48999999999998,0.8260465116279069,1
85078,SCANDINAVIAN 3 HEARTS NAPKIN RING,2010-12-03 15:45:00,2011-11-02 15:33:00,1932,696.8,1.001290322580645,1
85084,HOLLY TOP CHRISTMAS STOCKING,2010-12-10 12:14:00,2010-12-21 12:44:00,20,17.0,0.85,1
85086A,CANDY SPOT HEART DECORATION,2010-12-10 11:42:00,2011-08-12 16:30:00,146,122.08,0.8331999999999999,1
85087,CANDY SPOT CUSHION COVER,2010-12-06 16:57:00,2011-10-07 15:09:00,339,1129.99,3.48024,1
85088,CANDY SPOT HAND BAG,2010-12-17 14:41:00,2011-11-30 15:13:00,259,534.83,2.3871153846153845,1
85089,CANDY SPOT BUNNY,2011-01-05 15:56:00,2011-11-17 15:08:00,13,38.35,2.95,1
85092,CANDY SPOT TEA COSY,2011-02-07 11:42:00,2011-02-20 13:21:00,27,40.05,2.3,1
85093,CANDY SPOT EGG WARMER HARE,2010-12-06 09:58:00,2011-11-03 16:56:00,708,475.18,0.8860674157303371,1
85094,CANDY SPOT EGG WARMER RABBIT,2010-12-06 16:57:00,2011-12-09 10:03:00,640,242.13,0.6907777777777777,1
85095,THREE CANVAS LUGGAGE TAGS,2010-12-01 12:23:00,2011-12-05 17:17:00,150,243.49,1.8197916666666665,1
85096,HILDA CANDY SPOT RABBIT,2010-12-06 09:58:00,2011-12-05 17:36:00,25,109.23,4.660588235294118,1
85099B,JUMBO BAG RED RETROSPOT,2010-12-01 09:57:00,2011-12-09 10:26:00,47490,92601.23,2.4893088655862723,1
85099C,JUMBO  BAG BAROQUE BLACK WHITE,2010-12-01 09:37:00,2011-12-09 12:19:00,13627,27551.8,2.609445037353255,1
85099F,JUMBO BAG STRAWBERRY,2010-12-01 11:45:00,2011-12-08 16:30:00,17062,32336.77,2.4164398541919807,1
85103,SILVER T-LIGHT SETTING,2010-12-16 19:19:00,2011-07-19 12:38:00,106,704.14,7.341851851851851,1
85104,SILVER GLASS T-LIGHT SET,2010-12-01 13:21:00,2011-12-06 12:18:00,201,525.75,3.2276470588235298,1
85106,CUT GLASS HEXAGON T-LIGHT HOLDER,2010-12-02 13:49:00,2011-11-28 13:37:00,649,1142.31,2.261,1
85107,CUT GLASS T-LIGHT HOLDER OCTAGON,2010-12-09 12:49:00,2011-12-06 16:32:00,249,541.39,2.51448275862069,1
85109,PINK BOUDOIR T-LIGHT HOLDER,2010-12-19 14:03:00,2010-12-19 14:03:00,12,10.2,0.85,1
85111,SILVER GLITTER FLOWER VOTIVE HOLDER,2010-12-03 15:45:00,2011-12-08 19:24:00,1409,437.59,0.49448275862068963,1
85114A,BLACK ENCHANTED FOREST PLACEMAT,2010-12-01 17:06:00,2011-12-01 19:42:00,698,1266.91,2.313521126760563,1
85114B,IVORY ENCHANTED FOREST PLACEMAT,2010-12-01 13:17:00,2011-12-08 16:30:00,511,1018.05,2.379888888888889,1
85114C,RED ENCHANTED FOREST PLACEMAT,2010-12-01 13:17:00,2011-12-09 10:03:00,678,1454.8799999999999,2.361946902654867,1
85115B,S/4 BLACK DISCO PARTITION PANEL,2011-10-11 16:29:00,2011-10-11 16:29:00,3,24.869999999999997,8.29,1
85116,BLACK CANDELABRA T-LIGHT HOLDER,2010-12-01 11:45:00,2011-10-14 11:08:00,911,1043.88,1.4513636363636364,1
85118,HEART T-LIGHT HOLDER,2010-12-08 13:08:00,2011-01-17 17:57:00,146,144.52,1.541,1
85119,WATERING CAN SINGLE HOOK PISTACHIO,2010-12-07 15:34:00,2010-12-07 15:34:00,1,3.36,3.36,1
85123A,WHITE HANGING HEART T-LIGHT HOLDER,2010-12-01 08:26:00,2011-12-09 11:34:00,35409,99941.43000000001,3.221317157712305,2
85124B,BLUE JUICY FRUIT PHOTO FRAME,2010-12-02 13:32:00,2011-11-24 09:21:00,87,248.76,3.194736842105263,1
85124C,GREEN JUICY FRUIT PHOTO FRAME,2010-12-02 13:32:00,2011-10-23 12:46:00,94,261.89,2.9928205128205128,1
85125,SMALL ROUND CUT GLASS CANDLESTICK,2010-12-06 16:57:00,2011-11-27 11:12:00,161,760.39,5.201212121212122,1
85126,LARGE ROUND CUTGLASS CANDLESTICK,2010-12-21 15:19:00,2010-12-21 15:19:00,2,27.14,13.57,1
85127,SMALL SQUARE CUT GLASS CANDLESTICK,2010-12-01 14:32:00,2011-12-05 11:58:00,182,1081.79,6.964117647058824,1
85129B,BEADED CRYSTAL HEART GREEN SMALL,2010-12-05 13:55:00,2011-12-05 17:17:00,119,168.59,1.9122580645161291,1
85129C,BEADED CRYSTAL HEART BLUE SMALL,2010-12-03 13:43:00,2011-12-08 09:20:00,80,107.31,1.7373333333333332,1
85129D,BEADED CRYSTAL HEART PINK SMALL,2010-12-01 14:32:00,2011-12-05 17:17:00,207,342.74,1.9433846153846153,1
85130A,BEADED PEARL HEART WHITE LARGE,2010-12-03 13:43:00,2011-05-23 16:32:00,77,127.04999999999998,1.65,1
85130B,BEADED CRYSTAL HEART GREEN LARGE,2010-12-07 15:28:00,2011-12-07 14:12:00,834,760.4300000000001,1.382741935483871,1
85130C,BEADED CRYSTAL HEART BLUE  LARGE,2011-01-20 12:20:00,2011-12-07 14:12:00,482,437.22,1.077659574468085,1
85130D,BEADED CRYSTAL HEART PINK LARGE,2010-12-05 12:43:00,2011-12-07 14:12:00,565,569.29,1.5017460317460318,1
85131A,BEADED PEARL HEART WHITE ON STICK,2010-12-03 10:43:00,2011-10-30 15:55:00,996,901.48,0.9148739495798318,1
85131B,BEADED CRYSTAL HEART GREEN ON STICK,2010-12-01 14:32:00,2011-12-09 10:03:00,623,521.11,0.8377906976744186,1
85131C,BEADED CRYSTAL HEART BLUE ON STICK,2010-12-06 10:08:00,2011-11-14 15:27:00,193,178.85,0.8714,1
85131D,BEADED CRYSTAL HEART PINK ON STICK,2010-12-01 17:06:00,2011-12-09 10:03:00,850,725.26,0.8429126213592232,1
85132A,CHARLIE + LOLA BISCUITS TINS,2010-12-01 14:32:00,2011-05-24 11:31:00,553,1653.97,5.551864406779661,1
85132B,CHARLIE AND LOLA TABLE TINS,2010-12-02 12:33:00,2011-06-21 16:36:00,538,1230.78,4.0373809523809525,1
85132C,CHARLIE AND LOLA FIGURES TINS,2010-12-02 12:33:00,2011-09-02 09:38:00,1522,3585.24,4.056355140186915,1
85135A,YELLOW DRAGONFLY HELICOPTER,2010-12-21 09:47:00,2011-11-29 11:48:00,19,151.05,7.95,1
85135B,BLUE DRAGONFLY HELICOPTER,2010-12-01 14:05:00,2011-11-17 13:16:00,65,524.5500000000001,8.051739130434783,1
85135C,RED DRAGONFLY HELICOPTER,2010-12-01 14:32:00,2011-12-08 17:37:00,106,856.38,8.074705882352943,1
85136A,YELLOW SHARK HELICOPTER,2010-12-01 14:05:00,2011-12-06 12:21:00,71,572.41,8.04925925925926,1
85136B,BLUE SHARK HELICOPTER,2010-12-12 12:44:00,2010-12-14 13:31:00,2,15.9,7.95,1
85136C,RED SHARK HELICOPTER,2010-12-01 14:05:00,2011-12-08 13:26:00,52,421.18,8.079444444444444,1
85141,JARDIN ETCHED GLASS FRUITBOWL,2010-12-15 12:09:00,2011-06-16 14:26:00,116,604.14,5.806315789473684,1
85144,JARDIN ETCHED GLASS CHEESE DISH,2010-12-02 15:46:00,2011-05-03 13:52:00,220,582.7,3.9690476190476187,2
85145,JARDIN ETCHED GLASS LARGE BELL JAR,2011-03-25 17:34:00,2011-04-28 16:11:00,37,163.75,5.303846153846154,1
85146,JARDIN ETCHED GLASS SMALL BELL JAR,2010-12-15 13:24:00,2011-04-07 13:11:00,45,171.11,4.418,1
85150,LADIES & GENTLEMEN METAL SIGN,2010-12-01 11:21:00,2011-12-09 10:26:00,4037,9383.43,3.0745511482254697,1
85152,HAND OVER THE CHOCOLATE   SIGN,2010-12-01 10:39:00,2011-12-09 10:03:00,8198,15847.61,2.3594542772861358,1
85159A,"BLACK TEA,COFFEE,SUGAR JARS",2010-12-02 13:08:00,2011-12-04 15:19:00,429,736.55,1.9739130434782608,1
85159B,"WHITE TEA,COFFEE,SUGAR JARS",2010-12-14 12:59:00,2011-11-30 17:22:00,619,1119.85,2.018421052631579,1
85160A,WHITE BIRD GARDEN DESIGN MUG,2010-12-21 15:18:00,2011-01-25 17:10:00,7,23.63,8.69,1
85160B,BLACK BIRD GARDEN DESIGN MUG,2011-01-12 15:01:00,2011-11-13 16:22:00,106,62.239999999999995,1.366470588235294,1
85161,ACRYLIC GEOMETRIC LAMP,2010-12-23 13:26:00,2011-11-27 11:47:00,35,568.65,17.94857142857143,1
85163A,WHITE BAROQUE WALL CLOCK,2010-12-17 14:24:00,2011-11-23 15:44:00,66,559.0,11.20625,1
85163B,BLACK BAROQUE WALL CLOCK,2010-12-17 14:24:00,2011-12-05 17:24:00,84,783.68,12.721666666666668,1
85167B,BLACK GRAND BAROQUE PHOTO FRAME,2010-12-03 11:36:00,2011-04-08 09:25:00,50,109.94,4.0275,1
85168B,BLACK BAROQUE CARRIAGE CLOCK,2011-01-04 13:25:00,2011-12-09 10:03:00,51,432.78999999999996,8.475142857142856,1
85169A,IVORY LOVE BIRD CANDLE,2010-12-03 11:36:00,2011-12-08 13:50:00,812,813.02,1.3231460674157303,1
85169B,BLACK LOVE BIRD CANDLE,2010-12-01 11:45:00,2011-12-08 09:28:00,329,356.06,1.4383870967741934,1
85169C,EAU DE NIL LOVE BIRD CANDLE,2010-12-03 11:36:00,2011-12-09 10:03:00,429,452.86,1.218913043478261,1
85169D,PINK LOVE BIRD CANDLE,2010-12-03 11:36:00,2011-11-29 12:07:00,351,356.08,1.3084,1
85170A,SET/6 IVORY BIRD T-LIGHT CANDLES,2010-12-07 15:54:00,2010-12-07 15:54:00,1,2.1,2.1,1
85170B,SET/6 BLACK BIRD T-LIGHT CANDLES,2010-12-07 15:39:00,2011-11-29 17:52:00,215,316.75,2.3964102564102565,1
85170C,SET/6 EAU DE NIL BIRD T-LIGHTS,2010-12-07 15:28:00,2011-12-09 10:03:00,335,608.53,2.6856944444444446,1
85170D,SET/6 PINK BIRD T-LIGHT CANDLES,2010-12-01 17:06:00,2011-12-08 16:30:00,451,796.99,2.7365,1
85172,HYACINTH BULB T-LIGHT CANDLES,2010-12-01 12:15:00,2011-12-06 16:26:00,1234,536.08,0.6955555555555556,1
85173,SET/6 FROG PRINCE T-LIGHT CANDLES,2010-12-07 15:33:00,2011-12-09 10:46:00,479,795.02,2.90367816091954,1
85174,S/4 CACTI CANDLES,2010-12-01 16:11:00,2011-12-09 10:26:00,613,2927.08,7.02828025477707,1
85175,CACTI T-LIGHT CANDLES,2010-12-02 10:17:00,2011-11-28 11:18:00,5225,2238.58,0.9934751773049644,1
85176,SEWING SUSAN 21 NEEDLE SET,2010-12-01 14:32:00,2011-12-08 16:30:00,918,880.4699999999999,1.2030232558139533,1
85177,BASKET OF FLOWERS SEWING KIT,2010-12-01 14:32:00,2011-12-09 10:03:00,812,644.2099999999999,1.04,1
85178,VICTORIAN SEWING KIT,2010-12-01 14:32:00,2011-12-09 10:03:00,2374,2642.58,1.3975714285714285,1
85179A,GREEN BITTY LIGHT CHAIN,2010-12-05 12:53:00,2011-12-09 10:03:00,194,383.25,2.819166666666667,1
85179C,PINK BITTY LIGHT CHAIN,2010-12-13 11:21:00,2011-12-08 13:04:00,106,201.31,2.8925,1
85180A,RED HEARTS LIGHT CHAIN,2010-12-14 12:59:00,2011-12-05 17:17:00,497,1014.76,3.1095238095238096,1
85180B,PINK HEARTS LIGHT CHAIN,2010-12-09 14:09:00,2011-12-06 17:23:00,271,587.2,3.28375,1
85183A,CHARLIE & LOLA WASTEPAPER BIN BLUE,2010-12-13 09:29:00,2011-12-05 14:49:00,667,852.04,1.5657954545454544,1
85183B,CHARLIE & LOLA WASTEPAPER BIN FLORA,2010-12-01 09:37:00,2011-12-04 15:28:00,996,1323.37,1.8833613445378152,1
85184C,S/4 VALENTINE DECOUPAGE HEART BOX,2010-12-01 11:49:00,2011-12-08 16:30:00,1654,2997.42,3.2010714285714283,2
85185B,PINK HORSE SOCK PUPPET,2010-12-02 14:09:00,2011-11-30 17:37:00,297,900.3900000000001,3.411081081081081,2
85185D,FROG SOCK PUPPET,2010-12-02 14:09:00,2011-05-25 17:12:00,15,44.25000000000001,2.95,1
85186A,EASTER BUNNY GARLAND OF FLOWERS,2010-12-01 14:32:00,2011-04-14 19:15:00,567,273.64,0.631625,1
85186C,BUNNY EGG GARLAND,2011-01-04 13:25:00,2011-10-20 09:28:00,528,269.17,0.6543037974683544,1
85187,S/12 MINI RABBIT EASTER,2010-12-05 13:42:00,2011-11-27 13:26:00,337,556.53,1.8753521126760564,1
85188A,GREEN METAL SWINGING BUNNY,2011-01-21 17:05:00,2011-04-21 10:19:00,319,278.16999999999996,0.9799999999999999,1
85188B,PINK METAL SWINGING BUNNY,2010-12-13 11:21:00,2011-03-27 12:06:00,78,68.69999999999999,1.009,1
85189,HANGING BUTTERFLY  EGG,2011-01-13 12:10:00,2011-03-16 15:45:00,9,7.6499999999999995,0.85,1
85194L,HANGING SPRING FLOWER EGG LARGE,2010-12-14 12:58:00,2011-11-22 16:47:00,935,812.6899999999999,1.032361111111111,1
85194S,HANGING SPRING FLOWER EGG SMALL,2011-01-05 09:51:00,2011-12-04 12:32:00,1172,473.38000000000005,0.65,1
85195,HANGING HEART BASKET,2010-12-14 12:58:00,2011-03-16 15:45:00,11,23.1,2.1,1
85197,SET OF 12 MINI BUNNIES IN A BUCKET,2011-01-11 12:11:00,2011-07-29 17:28:00,34,71.4,2.1,1
85198,ASSORTED FARMYARD ANIMALS IN BUCKET,2011-01-17 15:19:00,2011-05-18 16:37:00,90,74.58,1.0866666666666667,1
85199L,LARGE HANGING IVORY & RED WOOD BIRD,2010-12-01 13:54:00,2011-12-08 09:40:00,965,655.6300000000001,0.8408510638297872,1
85199S,SMALL HANGING IVORY/RED WOOD BIRD,2010-12-01 13:54:00,2011-12-09 10:03:00,2636,1292.23,0.5934082397003745,1
85200,BUNNY EGG BOX,2011-01-16 16:23:00,2011-04-18 13:36:00,183,228.75,1.25,1
85202,HANGING WOOD AND FELT HEART,2010-12-06 09:58:00,2011-11-29 13:12:00,672,313.13,0.5484821428571428,1
85203,HANGING WOOD AND FELT BUTTERFLY,2010-12-03 11:36:00,2011-12-05 15:59:00,895,408.99,0.5677272727272727,1
85204,HANGING WOOD AND FELT FLOWER,2010-12-06 09:58:00,2011-12-07 15:07:00,2050,325.35999999999996,0.3334285714285714,1
85205B,PINK FELT EASTER RABBIT GARLAND,2010-12-17 12:38:00,2011-04-21 18:06:00,122,323.15,2.8713333333333333,1
85206A,CREAM FELT EASTER EGG BASKET,2010-12-05 12:01:00,2011-03-17 18:24:00,974,1568.9299999999998,1.7577391304347825,1
85206B,PINK FELT EASTER EGG BASKET,2011-01-13 11:48:00,2011-01-20 19:16:00,14,23.099999999999998,1.65,1
85208,SET/12 FUNKY FELT FLOWER PEG IN BAG,2010-12-05 13:42:00,2011-11-29 10:57:00,223,416.91,2.0664583333333333,1
85211,S/4 GROOVY CAT MAGNETS,2010-12-10 14:59:00,2011-10-13 12:21:00,149,175.16,1.794230769230769,1
85212,MINI PAINTED GARDEN DECORATION,2010-12-01 17:06:00,2011-12-07 12:55:00,2451,740.15,0.5020253164556961,1
85213,MINI  ZINC GARDEN DECORATIONS,2010-12-07 18:36:00,2011-07-31 11:45:00,828,329.7,0.8262499999999999,1
85214,TUB 24 PINK FLOWER PEGS,2010-12-02 18:15:00,2011-08-10 16:19:00,164,271.03999999999996,1.6734482758620688,1
85215,ASSORTED CHEESE FRIDGE MAGNETS,2010-12-05 15:26:00,2011-08-10 15:29:00,223,180.71,0.9811111111111112,1
85216,ASSORTED CAKES FRIDGE MAGNETS,2010-12-02 11:41:00,2011-11-18 12:48:00,55,35.75,0.65,1
85224,ASSORTED COLOUR SILK GLASSES CASE,2011-03-23 16:45:00,2011-03-23 16:45:00,3,6.300000000000001,2.1,1
85225,BLING KEY RING STAND,2011-04-28 16:11:00,2011-12-07 08:45:00,6,6.25,1.0833333333333333,1
85227,SET OF 6 3D KIT CARDS FOR KIDS,2010-12-01 17:06:00,2011-12-09 10:03:00,1477,1359.3999999999999,1.1168558951965064,1
85230A,OPIUM SCENTED VOTIVE CANDLE,2010-12-20 13:10:00,2011-12-02 12:52:00,840,203.27999999999997,0.2633333333333333,1
85230B,CINNAMON SCENTED VOTIVE CANDLE,2010-12-03 14:26:00,2011-12-06 15:43:00,1288,333.2,0.2776923076923077,1
85230E,STRAWBRY SCENTED VOTIVE CANDLE,2010-12-10 15:45:00,2011-09-11 15:44:00,1101,267.45,0.26666666666666666,1
85230F,JASMINE VOTIVE CANDLE,2010-12-03 14:26:00,2011-11-10 13:28:00,338,90.33999999999999,0.27666666666666667,1
85230G,ORANGE VOTIVE CANDLE,2010-12-08 14:59:00,2011-12-02 12:52:00,984,243.11999999999998,0.26999999999999996,1
85231B,CINAMMON SET OF 9 T-LIGHTS,2010-12-01 12:23:00,2011-12-08 13:50:00,871,782.5,1.0847133757961782,1
85231G,ORANGE SCENTED SET/9 T-LIGHTS,2010-12-01 12:23:00,2011-10-12 16:36:00,600,511.04999999999995,1.035909090909091,1
85232A,SET/3 POLKADOT STACKING TINS,2010-12-17 14:54:00,2011-06-06 16:41:00,75,374.7,5.648214285714286,1
85232B,SET OF 3 BABUSHKA STACKING TINS,2010-12-01 14:32:00,2011-02-11 13:53:00,271,1341.45,4.95,1
85232D,SET/3 DECOUPAGE STACKING TINS,2010-12-01 17:06:00,2011-12-08 09:28:00,190,977.6700000000001,5.97014705882353,1
90000A,RASPBERRY ANT COPPER FLOWER NECKLAC,2011-02-20 14:31:00,2011-11-16 15:16:00,13,77.91,6.0200000000000005,1
90000B,MIDNIGHT BLUE COPPER FLOWER NECKLAC,2010-12-07 15:28:00,2011-07-25 17:11:00,11,67.83,6.170000000000001,1
90000D,COPPER/OLIVE GREEN FLOWER NECKLACE,2010-12-03 11:36:00,2011-11-25 14:25:00,21,129.85,6.1899999999999995,1
90001A,ANTIQUE RASPBERRY FLOWER EARRINGS,2011-02-28 16:59:00,2011-10-31 14:41:00,5,20.950000000000003,4.175000000000001,1
90001B,ANTIQUE MID BLUE FLOWER EARRINGS,2011-06-13 14:16:00,2011-11-08 18:41:00,5,21.15,4.216666666666667,1
90001C,ANTIQUE OPAL WHITE FLOWER EARRINGS,2010-12-07 18:36:00,2011-10-20 15:57:00,5,21.130000000000003,4.226000000000001,1
90001D,ANTIQUE OLIVE GREEN FLOWER EARRINGS,2010-12-06 09:58:00,2011-10-09 15:24:00,7,29.73,4.246,1
90002D,FLOWER BURST SILVER RING CRYSTAL,2010-12-02 15:49:00,2011-05-08 16:13:00,13,48.71,3.7455555555555557,1
90003B,ROSE COLOUR PAIR HEART HAIR SLIDES,2010-12-07 15:28:00,2011-11-29 16:47:00,11,41.31,3.761111111111111,1
90003C,MIDNIGHT BLUE PAIR HEART HAIR SLIDE,2010-12-01 14:32:00,2011-12-09 10:03:00,28,104.84,3.743913043478261,1
90003D,CRYSTAL PAIR HEART HAIR SLIDES,2010-12-12 11:06:00,2011-11-29 16:47:00,26,97.26,3.738,1
90003E,GREEN PAIR HEART HAIR SLIDES,2010-12-03 11:36:00,2011-12-09 10:03:00,19,71.11,3.743846153846154,1
90005A,JADE GREEN ENAMEL HAIR COMB,2010-12-07 15:28:00,2011-04-27 17:18:00,14,28.02,2.022,1
90010A,MIDNIGHT BLUE GLASS/SILVER BRACELET,2010-12-03 16:21:00,2011-12-09 10:03:00,18,167.3,9.322,1
90010B,BLACK/WHITE GLASS/SILVER BRACELET,2010-12-03 16:21:00,2011-04-10 11:45:00,11,100.08999999999999,9.184285714285712,1
90010E,AMBER GLASS/SILVER BRACELET,2010-12-06 10:08:00,2011-12-02 16:39:00,25,227.89,9.098125,1
90011A,MIDNIGHT BLUE CRYSTAL DROP EARRINGS,2010-12-23 13:26:00,2011-11-24 14:40:00,6,17.509999999999998,2.918333333333333,1
90011B,BLACK CRYSTAL DROP EARRINGS,2010-12-20 10:14:00,2011-11-30 15:13:00,12,35.27,2.9314285714285715,1
90011C,GREEN CRYSTAL DROP EARRINGS,2011-07-06 16:33:00,2011-11-24 09:26:00,2,5.8,2.9,1
90011D,PURPLE CRYSTAL DROP EARRINGS,2010-12-17 17:08:00,2011-11-22 15:41:00,3,8.76,2.92,1
90011E,AMBER CRYSTAL DROP EARRINGS,2011-01-12 09:26:00,2011-09-15 16:32:00,3,8.76,2.92,1
90012A,MIDNIGHT BLUE DROP CRYSTAL NECKLACE,2010-12-17 17:08:00,2011-10-11 11:38:00,11,53.760000000000005,7.212000000000001,1
90012B,BLACK DROP CRYSTAL NECKLACE,2010-12-16 12:56:00,2011-11-13 11:46:00,13,45.35000000000001,5.283333333333333,1
90013A,MIDNIGHT BLUE VINTAGE EARRINGS,2010-12-06 16:57:00,2011-12-09 10:03:00,44,165.32,3.759677419354839,1
90013B,BLACK VINTAGE EARRINGS,2010-12-01 17:06:00,2011-11-30 15:13:00,36,149.41000000000003,4.1574193548387095,1
90013C,GREEN VINTAGE EARRINGS,2010-12-06 09:58:00,2011-12-09 10:03:00,39,158.08,4.115357142857143,1
90013D,PURPLE VINTAGE EARRINGS,2010-12-23 13:26:00,2011-06-29 15:58:00,6,25.17,4.180000000000001,1
90014A,SILVER/MOP ORBIT NECKLACE,2010-12-17 17:23:00,2011-12-09 10:03:00,27,217.59,9.185238095238095,2
90014B,GOLD M PEARL  ORBIT NECKLACE,2010-12-06 09:58:00,2011-10-26 12:46:00,17,158.73999999999998,9.256,2
90014C,SILVER AND BLACK ORBIT NECKLACE,2011-03-31 19:12:00,2011-11-27 15:38:00,5,43.199999999999996,8.3125,2
90016A,SILVER/M.O.P PENDANT ORBIT NECKLACE,2011-01-27 15:36:00,2011-10-26 12:28:00,17,105.71000000000001,7.815714285714286,1
90016B,GOLD/M.O.P PENDANT ORBIT NECKLACE,2011-01-27 15:36:00,2011-12-09 10:03:00,22,184.66,8.39578947368421,1
90016C,SILVER/BLACK PENDANT ORBIT NECKLACE,2011-03-03 09:10:00,2011-12-08 09:28:00,3,24.96,8.32,1
90018A,SILVER M.O.P ORBIT DROP EARRINGS,2010-12-01 14:32:00,2011-12-08 16:30:00,46,193.33,4.194054054054054,1
90018B,GOLD M.O.P ORBIT DROP EARRINGS,2010-12-01 17:06:00,2011-12-09 10:03:00,22,92.28,4.19,1
90018C,SILVER BLACK ORBIT DROP EARRINGS,2011-05-24 15:54:00,2011-11-25 14:25:00,12,50.400000000000006,4.183333333333334,1
90019A,SILVER M.O.P ORBIT BRACELET,2010-12-07 18:36:00,2011-12-05 17:24:00,38,197.09,5.245555555555556,1
90019B,GOLD M.O.P ORBIT BRACELET,2010-12-01 17:06:00,2011-12-09 10:03:00,18,96.52000000000001,5.362222222222223,1
90019C,SILVER BLACK ORBIT BRACELET,2010-12-07 15:28:00,2011-12-08 09:28:00,13,68.73,5.307272727272728,1
90020,FILIGREE DIAMANTE CHAIN,2011-08-30 10:47:00,2011-08-30 10:47:00,1,12.48,12.48,1
90021,LASER CUT MULTI STRAND NECKLACE,2011-04-27 12:35:00,2011-04-27 12:35:00,1,11.95,11.95,1
90022,EDWARDIAN DROP EARRINGS JET BLACK,2010-12-01 14:32:00,2011-12-08 16:30:00,20,75.2,3.7605263157894737,1
90023,FILIGREE DIAMANTE EARRINGS,2010-12-07 18:36:00,2011-11-27 15:18:00,13,55.02,4.224444444444445,1
90024B,NEW BAROQUE B'FLY NECKLACE RED,2011-02-14 09:41:00,2011-12-05 17:24:00,6,50.28,8.356,1
90024C,NEW BAROQUE B'FLY NECKLACE GREEN,2010-12-01 17:06:00,2011-07-25 17:00:00,4,33.81,8.436666666666667,1
90024D,NEW BAROQUE B'FLY NECKLACE PINK,2011-04-10 11:45:00,2011-09-29 15:13:00,2,16.82,8.41,1
90024E,NEW BAROQUE B'FLY NECKLACE MONTANA,2010-12-23 13:26:00,2011-03-29 15:20:00,2,16.810000000000002,8.405000000000001,1
90024F,NEW BAROQUE B'FLY NECKLACE CRYSTAL,2010-12-23 13:26:00,2011-11-30 15:13:00,5,42.13,8.4075,1
90025A,BAROQUE BUTTERFLY EARRINGS BLACK,2011-04-10 15:19:00,2011-10-09 15:24:00,2,7.5,3.75,1
90025B,BAROQUE BUTTERFLY EARRINGS RED,2011-04-21 16:17:00,2011-04-21 16:17:00,1,3.73,3.73,1
90025D,BAROQUE BUTTERFLY EARRINGS PINK,2011-03-03 09:10:00,2011-09-29 15:13:00,3,11.19,3.73,1
90025E,BAROQUE BUTTERFLY EARRINGS MONTANA,2011-06-06 16:06:00,2011-06-06 16:06:00,1,3.73,3.73,1
90025F,BAROQUE BUTTERFLY EARRINGS CRYSTAL,2011-07-04 10:23:00,2011-10-20 15:57:00,4,14.96,3.74,1
90026A,GLASS BEAD HOOP NECKLACE BLACK,2011-06-13 14:16:00,2011-06-13 14:16:00,2,17.0,8.5,1
90026B,GLASS BEAD HOOP NECKLACE MONTANA,2011-02-20 14:31:00,2011-03-31 19:12:00,3,25.32,8.44,1
90026C,GLASS BEAD HOOP NECKLACE GREEN,2011-02-20 14:31:00,2011-11-09 11:10:00,4,33.82,8.44,1
90026D,GLASS BEAD HOOP NECKLACE AMETHYST,2011-02-20 14:31:00,2011-11-18 13:25:00,3,25.5,8.5,1
90027A,GLASS BEAD HOOP EARRINGS BLACK,2010-12-07 18:36:00,2011-08-30 12:40:00,6,17.66,2.936666666666667,1
90027B,GLASS BEAD HOOP EARRINGS MONTANA,2010-12-17 14:54:00,2011-11-25 16:14:00,3,8.76,2.92,1
90027C,GLASS BEAD HOOP EARRINGS GREEN,2011-01-20 18:01:00,2011-11-25 16:14:00,5,14.5,2.9,1
90027D,GLASS BEAD HOOP EARRINGS AMETHYST,2010-12-20 10:48:00,2011-12-09 10:03:00,9,28.4,3.2583333333333333,1
90028,NEW BAROQUE LARGE NECKLACE BLK/WHIT,2010-12-03 11:36:00,2011-11-02 15:33:00,16,134.16,8.381428571428572,1
90029,NEW BAROQUE SMALL NECKLACE BLACK,2011-02-11 16:20:00,2011-08-30 10:47:00,5,42.14,8.41,1
90030A,SPOTTED WHITE NATURAL SEED NECKLACE,2011-07-18 10:29:00,2011-11-28 13:51:00,72,72.0,1.0,1
90030B,RED KUKUI COCONUT SEED NECKLACE,2010-12-09 14:09:00,2011-12-09 10:03:00,122,190.73000000000002,3.1552000000000002,1
90030C,BROWN KUKUI COCONUT SEED NECKLACE,2010-12-09 14:09:00,2011-11-25 10:20:00,77,91.7,2.3363636363636364,1
90031,BILI NUT AND WOOD NECKLACE,2010-12-10 14:59:00,2011-11-25 10:20:00,50,59.89,2.412857142857143,1
90032,IVORY SHELL HEART NECKLACE,2010-12-13 14:16:00,2011-10-26 12:28:00,21,103.13,5.855,1
90033,IVORY SHELL HEART EARRINGS,2010-12-09 15:53:00,2011-11-29 16:47:00,10,25.07,2.502222222222222,1
90034,WHITE SILVER NECKLACE SHELL GLASS,2010-12-08 14:25:00,2011-04-18 15:26:00,2,20.17,10.085,1
90035A,"PEARL & SHELL 42""NECKL. GREEN",2010-12-15 13:24:00,2011-04-13 16:58:00,5,53.62,10.706666666666665,1
90035C,"PEARL & SHELL 42""NECKL. IVORY",2011-05-13 16:12:00,2011-05-13 16:12:00,2,21.5,10.75,1
90036A,FLOWER GARLAND NECKLACE RED,2011-05-08 16:13:00,2011-08-05 16:19:00,6,47.7,7.95,1
90036B,"FLOWER GLASS GARLAND NECKL.36""GREEN",2011-06-13 14:16:00,2011-08-01 17:37:00,4,31.8,7.95,1
90036C,"FLOWER GLASS GARLAND NECKL.36""BLUE",2011-04-18 15:16:00,2011-12-02 16:39:00,9,71.4,7.92,1
90036D,"FLOWER GLASS GARLAND NECKL.36""BLACK",2010-12-09 13:34:00,2011-06-13 14:16:00,12,95.35000000000001,7.94,1
90036E,"FLOWER GLASS GARLD NECKL36""AMETHYST",2010-12-12 16:14:00,2011-10-20 15:57:00,14,110.95,7.922727272727273,1
90036F,"FLOWER GLASS GARLD NECKL36""TURQUOIS",2010-12-01 17:06:00,2011-03-23 12:15:00,8,64.08,8.046000000000001,1
90037A,TINY CRYSTAL BRACELET RED,2011-01-25 10:45:00,2011-01-25 10:45:00,1,2.48,2.48,1
90037B,TINY CRYSTAL BRACELET GREEN,2011-01-05 11:30:00,2011-12-06 16:26:00,10,25.279999999999998,2.506,1
90037C,TINY CRYSTAL BRACELET BLUE,2011-01-10 16:25:00,2011-12-06 16:26:00,5,12.52,2.504,1
90038A,GLASS AND PAINTED BEADS BRACELET TO,2011-01-12 09:26:00,2011-11-24 09:26:00,15,56.15,3.7399999999999998,1
90038B,GLASS AND PAINTED BEADS BRACELET OL,2011-01-10 09:43:00,2011-12-08 16:30:00,13,48.77,3.7525,1
90038C,GLASS AND BEADS BRACELET IVORY,2011-03-07 12:26:00,2011-09-02 16:39:00,9,33.69,3.735,1
90039A,FIRE POLISHED GLASS BRACELET RED,2011-01-13 09:30:00,2011-12-05 17:24:00,8,29.96,3.736666666666667,1
90039B,FIRE POLISHED GLASS BRACELET MONTAN,2010-12-09 14:09:00,2011-07-27 15:16:00,11,41.31,3.76,1
90039C,FIRE POLISHED GLASS BRACELET BLACK,2010-12-06 10:08:00,2011-12-08 09:28:00,6,22.48,3.7466666666666666,1
90039D,FIRE POLISHED GLASS BRACELET GREEN,2010-12-09 14:09:00,2011-12-06 16:26:00,21,78.69,3.743333333333333,1
90040A,MURANO STYLE GLASS BRACELET RED,2010-12-10 14:59:00,2011-03-07 12:26:00,14,54.290000000000006,3.908,1
90040B,MURANO STYLE GLASS BRACELET BLACK,2010-12-01 17:06:00,2011-05-06 15:40:00,18,66.7,3.7318181818181815,1
90040C,MURANO STYLE GLASS BRACELET GOLD,2010-12-08 14:25:00,2011-12-04 12:32:00,15,54.42,3.6689999999999996,1
90041,PEARL AND CHERRY QUARTZ BRACLET,2011-01-05 11:30:00,2011-12-02 16:39:00,5,18.27,3.6925,1
90042A,FRESHWATER PEARL BRACELET GOLD,2010-12-15 13:24:00,2011-04-13 16:58:00,3,7.6499999999999995,2.55,1
90042C,FRESHWATER PEARL BRACELET IVORY,2010-12-17 17:08:00,2011-01-11 13:16:00,5,12.7,2.54,1
90043,COPPER AND BRASS BAG CHARM,2011-07-07 16:59:00,2011-10-17 13:31:00,4,24.810000000000002,7.455,1
90046,WHITE WITH METAL BAG CHARM,2011-07-07 16:59:00,2011-07-07 16:59:00,3,14.850000000000001,4.95,1
90048,GREEN WITH METAL BAG CHARM,2011-07-07 16:59:00,2011-07-07 16:59:00,3,14.850000000000001,4.95,1
90049,IVORY GOLD METAL BAG CHARM,2011-07-07 16:59:00,2011-11-23 13:39:00,5,34.77,8.290000000000001,1
90050,CRACKED GLAZE NECKLACE IVORY,2010-12-03 16:21:00,2011-11-09 11:10:00,8,55.72,6.98,1
90051,CRACKED GLAZE NECKLACE RED,2010-12-01 17:06:00,2011-10-09 15:24:00,10,70.16,7.0442857142857145,1
90052,CRACKED GLAZE NECKLACE BROWN,2011-08-12 16:30:00,2011-11-15 16:57:00,2,14.14,7.07,1
90053,CRACKED GLAZE EARRINGS IVORY,2010-12-03 16:21:00,2011-10-07 15:09:00,4,9.99,2.4975,1
90054,CRACKED GLAZE EARRINGS RED,2010-12-01 17:06:00,2011-12-08 09:20:00,9,22.58,2.5088888888888885,1
90055,CRACKED GLAZE EARRINGS BROWN,2010-12-20 10:14:00,2011-12-09 10:03:00,5,12.53,2.506,1
90056,CHUNKY CRACKED GLAZE NECKLACE IVORY,2010-12-06 10:08:00,2011-12-06 16:26:00,4,43.510000000000005,10.877500000000001,1
90057,DIAMANTE RING ASSORTED IN BOX.,2010-12-13 15:44:00,2011-12-08 16:10:00,1008,1311.3600000000001,1.3472727272727274,1
90058A,CRYSTAL STUD EARRINGS CLEAR DISPLAY,2011-05-05 15:39:00,2011-11-14 12:07:00,324,123.12,0.38,1
90058B,CRYSTAL STUD EARRINGS ASSORTED COL,2010-12-14 13:33:00,2011-12-01 14:30:00,612,232.56,0.38,1
90059A,DIAMANTE HAIR GRIP PACK/2 CRYSTAL,2010-12-06 16:57:00,2011-12-09 10:03:00,39,64.63,1.6592307692307693,1
90059B,DIAMANTE HAIR GRIP PACK/2 BLACK DIA,2010-12-01 12:23:00,2011-12-05 17:24:00,10,16.619999999999997,1.663333333333333,1
90059C,DIAMANTE HAIR GRIP PACK/2 MONTANA,2010-12-01 12:23:00,2011-12-08 16:30:00,9,14.889999999999999,1.6544444444444444,1
90059D,DIAMANTE HAIR GRIP PACK/2 PERIDOT,2010-12-08 14:25:00,2011-12-09 10:03:00,19,31.549999999999997,1.661111111111111,1
90059E,DIAMANTE HAIR GRIP PACK/2 RUBY,2010-12-01 12:23:00,2011-12-09 10:03:00,19,31.47,1.6557142857142857,1
90059F,DIAMANTE HAIR GRIP PACK/2 LT ROSE,2011-01-10 14:32:00,2011-12-09 10:03:00,15,24.79,1.6530769230769229,1
90060B,FIRE POLISHED GLASS NECKL GOLD,2010-12-15 13:24:00,2010-12-15 13:24:00,1,5.95,5.95,1
90060D,FIRE POLISHED GLASS NECKL BRONZE,2010-12-06 12:47:00,2010-12-15 13:24:00,3,17.85,5.95,1
90060F,FIRE POLISHED GLASS NECKL GREEN,2010-12-03 11:36:00,2011-11-25 16:14:00,6,35.160000000000004,5.86,1
90062,CARNIVAL BRACELET,2010-12-05 15:12:00,2011-04-28 16:21:00,44,558.03,12.656538461538462,1
90063A,WHITE VINT ART DECO CRYSTAL NECKLAC,2011-02-11 16:20:00,2011-11-03 11:29:00,12,102.0,8.5,1
90063B,BLACK VINT ART DEC CRYSTAL NECKLACE,2011-02-11 16:20:00,2011-11-03 11:29:00,9,76.32,8.47,1
90064A,WHITE VINTAGE CRYSTAL EARRINGS,2011-02-11 16:20:00,2011-11-17 15:17:00,10,38.7,3.9500000000000006,1
90064B,BLACK VINTAGE  CRYSTAL EARRINGS,2011-02-11 16:19:00,2011-10-12 11:41:00,11,41.25,3.75,1
90065A,WHITE VINTAGE CRYSTAL BRACELET,2011-02-20 14:31:00,2011-06-26 13:45:00,7,47.25,6.75,1
90065B,BLACK VINT ART DEC CRYSTAL BRACELET,2011-10-12 11:41:00,2011-11-09 15:07:00,2,13.5,6.75,1
90067A,PINK VINTAGE VICTORIAN EARRINGS,2010-12-12 11:06:00,2011-11-15 10:56:00,14,41.150000000000006,2.9285714285714284,1
90067B,BROWN VINTAGE VICTORIAN EARRINGS,2011-07-12 16:11:00,2011-07-27 15:12:00,2,5.8,2.9,1
90068,"RUBY GLASS NECKLACE 42""",2011-03-18 11:32:00,2011-03-18 11:32:00,1,7.5,7.5,1
90069,RUBY GLASS CLUSTER NECKLACE,2011-11-03 11:29:00,2011-11-03 11:29:00,2,15.0,7.5,1
90070,RUBY GLASS CLUSTER BRACELET,2010-12-10 09:51:00,2011-11-24 09:26:00,17,104.79,6.197692307692308,1
90071,RUBY GLASS CLUSTER EARRINGS,2010-12-01 14:32:00,2011-12-05 17:24:00,44,54.62,1.2387878787878788,1
90072,RUBY DROP CHANDELIER EARRINGS,2010-12-17 16:59:00,2011-12-09 10:03:00,21,83.42,4.083571428571429,1
90073,VINTAGE ENAMEL & CRYSTAL EARRINGS,2010-12-06 16:57:00,2011-12-07 16:56:00,27,134.70000000000002,5.008333333333334,1
90074,BLACK DIAMOND CLUSTER NECKLACE,2010-12-06 16:57:00,2011-11-28 15:31:00,4,37.239999999999995,9.43,1
90075,MONTANA DIAMOND CLUSTER NECKLACE,2011-03-18 11:32:00,2011-11-24 09:21:00,4,37.66,9.363333333333333,1
90076,MONTANA DIAMOND CLUSTER EARRINGS,2010-12-13 11:21:00,2011-11-24 09:21:00,9,24.119999999999997,2.8425,1
90077,BLACK DIAMOND CLUSTER EARRINGS,2010-12-01 17:06:00,2011-09-07 16:15:00,3,8.82,2.94,1
90078,PINK/WHITE GLASS DEMI CHOKER,2010-12-13 14:16:00,2010-12-13 14:16:00,2,15.0,7.5,1
90079,VINTAGE ENAMEL & CRYSTAL NECKLACE,2011-01-12 09:26:00,2011-10-09 15:24:00,10,49.760000000000005,4.9925,1
90081A,LILY BROOCH AMETHYST COLOUR,2010-12-02 13:49:00,2011-12-07 16:56:00,15,74.25,4.95,1
90081B,LILY BROOCH WHITE/SILVER COLOUR,2011-05-18 16:05:00,2011-05-18 16:05:00,1,4.95,4.95,1
90081C,LILY BROOCH OLIVE COLOUR,2010-12-06 10:08:00,2011-12-07 16:56:00,20,99.60000000000001,4.99,1
90082A,DIAMANTE BOW BROOCH GREEN COLOUR,2010-12-02 13:49:00,2011-12-08 09:20:00,30,193.2,6.483333333333333,1
90082B,DIAMANTE BOW BROOCH RED COLOUR,2010-12-02 13:49:00,2011-12-07 16:56:00,25,158.75,6.35,1
90082D,DIAMANTE BOW BROOCH BLACK COLOUR,2010-12-02 13:49:00,2011-11-27 15:18:00,9,58.03,6.438,1
90083,CRYSTAL CZECH CROSS PHONE CHARM,2011-05-09 16:30:00,2011-12-08 09:28:00,25,23.47,1.4699999999999998,1
90084,PINK CRYSTAL GUITAR PHONE CHARM,2011-03-06 11:39:00,2011-03-06 11:39:00,1,0.85,0.85,1
90085,CRYSTAL STILETTO PHONE CHARM,2010-12-06 09:58:00,2011-12-02 16:14:00,34,36.76,1.48,1
90086,CRYSTAL FROG PHONE CHARM,2010-12-05 12:53:00,2011-12-09 10:03:00,102,77.78999999999999,1.5003571428571427,1
90087,CRYSTAL SEA HORSE PHONE CHARM,2010-12-07 15:28:00,2011-12-08 16:58:00,107,61.459999999999994,1.4872,1
90089,PINK CRYSTAL SKULL PHONE CHARM,2010-12-08 14:25:00,2011-12-08 15:31:00,20,13.94,1.3166666666666667,1
90092,BLUE CRYSTAL BOOT PHONE CHARM,2011-01-12 09:26:00,2011-01-12 09:26:00,1,1.66,1.66,1
90093,CLEAR CRYSTAL STAR PHONE CHARM,2010-12-09 14:09:00,2011-12-06 17:18:00,52,28.569999999999997,1.1889999999999998,1
90094,NECKLACE+BRACELET SET FRUIT SALAD,2010-12-03 11:19:00,2011-12-05 17:36:00,14,35.699999999999996,2.55,1
90096,NECKLACE+BRACELET SET BLUE BLOSSOM,2010-12-03 12:01:00,2011-11-13 16:18:00,45,112.21,2.4815384615384612,1
90098,NECKLACE+BRACELET PINK BUTTERFLY,2011-06-24 14:16:00,2011-11-25 11:20:00,23,58.64999999999999,2.55,1
90099,NECKLACE+BRACELET SET BLUE HIBISCUS,2010-12-01 14:32:00,2011-12-06 12:02:00,27,76.38,2.8637499999999996,1
90100,NECKLACE+BRACELET SET PINK DAISY,2011-02-24 11:54:00,2011-02-24 11:54:00,1,2.55,2.55,1
90101,WHITE FRANGIPANI NECKLACE,2010-12-06 10:08:00,2011-12-08 09:28:00,33,82.77,2.508125,1
90102,WHITE FRANGIPANI HAIR CLIP,2011-06-07 12:47:00,2011-06-07 12:47:00,10,8.5,0.85,1
90103,PURPLE FRANGIPANI NECKLACE,2010-12-23 13:26:00,2011-12-05 17:28:00,29,72.66,2.5,1
90104,PURPLE FRANGIPANI HAIRCLIP,2010-12-06 16:57:00,2011-04-18 13:49:00,28,23.16,0.8291666666666666,1
90108,BLUE BLOSSOM HAIR CLIP,2010-12-19 14:41:00,2011-12-01 16:22:00,70,81.96000000000001,1.755,1
90112,PINK DOLLY HAIR CLIPS,2010-12-23 16:31:00,2010-12-23 16:31:00,2,2.1,1.05,1
90114,SUMMER DAISIES BAG CHARM,2010-12-03 11:36:00,2011-12-08 16:30:00,167,417.96,2.4803409090909088,1
90115,SUMMER BUTTERFLIES BAG CHARM,2010-12-03 11:36:00,2011-06-02 11:13:00,54,134.53,2.485483870967742,1
90116,FRUIT SALAD BAG CHARM,2010-12-01 14:32:00,2011-12-08 16:30:00,64,145.52,2.4153333333333333,1
90118,PINK DAISY BAG CHARM,2011-01-06 14:27:00,2011-12-05 17:28:00,24,59.339999999999996,2.4683333333333333,1
90119,METALIC LEAVES BAG CHARMS,2011-01-07 13:55:00,2011-12-08 16:30:00,83,205.06,2.4691666666666667,1
90120A,PINK MURANO TWIST BRACELET,2010-12-08 14:25:00,2011-01-25 10:45:00,7,29.73,4.243333333333333,1
90120B,BLUE MURANO TWIST BRACELET,2010-12-03 11:36:00,2011-12-09 10:03:00,39,164.12,4.201333333333333,1
90120C,GREEN MURANO TWIST BRACELET,2010-12-01 14:32:00,2011-12-09 10:03:00,51,215.20000000000002,4.202272727272727,1
90120D,WHITE MURANO TWIST BRACELET,2010-12-13 10:58:00,2011-02-09 13:37:00,10,41.790000000000006,4.208,1
90122A,PINK CRYSTAL+GLASS BRACELET,2010-12-17 14:54:00,2011-11-15 17:00:00,21,104.53,4.9871428571428575,1
90122B,JADE CRYSTAL+GLASS BRACELET,2011-01-10 16:25:00,2011-09-02 09:34:00,6,29.93,4.988333333333333,1
90122C,TURQUOISE CRYSTAL+GLASS BRACELET,2011-01-09 12:01:00,2011-12-02 16:39:00,24,119.23,4.986363636363636,1
90123A,PINK HEART OF GLASS BRACELET,2011-01-27 15:36:00,2011-10-10 16:02:00,15,89.12,5.935555555555556,1
90123B,TURQUOISE HEART OF GLASS BRACELET,2011-01-09 12:01:00,2011-08-01 17:37:00,9,53.42,5.924,1
90123C,GREEN HEART OF GLASS BRACELET,2011-01-09 12:01:00,2011-08-01 17:37:00,14,83.29,5.948333333333333,1
90123D,WHITE HEART OF GLASS BRACELET,2011-01-27 15:36:00,2011-11-28 15:31:00,6,35.31,5.872,1
90124A,PINK MURANO TWIST NECKLACE,2011-02-28 16:50:00,2011-10-30 12:18:00,8,79.66,9.959999999999999,1
90124B,BLUE MURANO TWIST NECKLACE,2010-12-01 17:06:00,2011-11-11 17:58:00,12,119.89,9.994545454545454,1
90124C,GREEN MURANO TWIST NECKLACE,2011-03-22 15:48:00,2011-11-03 15:56:00,11,109.53999999999999,9.96125,1
90125A,PINK BERTIE GLASS BEAD BAG CHARM,2010-12-14 12:59:00,2011-07-13 16:07:00,115,106.24,1.5399999999999998,1
90125B,AQUA BERTIE GLASS BEAD BAG CHARM,2010-12-10 14:59:00,2011-12-02 16:14:00,30,48.06,2.0741666666666667,1
90125C,TURQUOISE BERTIE GLASS BEAD CHARM,2011-01-05 11:30:00,2011-05-26 14:09:00,77,69.85,1.4785714285714284,1
90125D,PURPLE BERTIE GLASS BEAD BAG CHARM,2010-12-10 14:59:00,2011-07-13 16:07:00,95,110.03,2.0989473684210522,1
90125E,AMBER BERTIE GLASS BEAD BAG CHARM,2011-01-04 13:25:00,2011-05-26 14:09:00,11,21.05,1.9419999999999997,1
90126A,PINK BERTIE MOBILE PHONE CHARM,2010-12-13 09:35:00,2010-12-13 09:35:00,1,3.36,3.36,1
90126C,AMBER BERTIE MOBILE PHONE CHARM,2011-07-15 16:27:00,2011-07-15 16:27:00,2,6.58,3.29,1
90127A,PINK BEADS+HAND PHONE CHARM,2011-07-15 16:27:00,2011-07-15 16:27:00,2,4.92,2.46,1
90128A,PINK LEAVES AND BEADS PHONE CHARM,2010-12-09 14:09:00,2011-07-26 16:22:00,3,7.43,2.485,1
90128B,BLUE LEAVES AND BEADS PHONE CHARM,2010-12-03 14:54:00,2010-12-09 14:09:00,2,3.76,1.88,1
90128C,GREEN LEAVES AND BEADS PHONE CHARM,2010-12-09 14:09:00,2011-09-28 16:24:00,2,4.97,2.485,1
90128D,PURPLE LEAVES AND BEADS PHONE CHAR,2010-12-09 14:09:00,2011-02-15 09:44:00,2,4.97,2.485,1
90129A,PINK GLASS TASSLE BAG CHARM,2010-12-01 14:32:00,2011-10-03 16:04:00,45,82.97999999999999,1.8370000000000002,1
90129B,TURQUOISE GLASS TASSLE BAG CHARM,2010-12-01 14:32:00,2011-12-07 13:38:00,57,121.38000000000001,2.035,1
90129C,GREEN GLASS TASSLE BAG CHARM,2010-12-06 16:57:00,2011-12-07 13:38:00,35,79.76,2.130625,1
90129D,AMBER GLASS TASSLE BAG CHARM,2010-12-06 16:57:00,2011-10-19 15:08:00,14,33.440000000000005,2.0157142857142856,1
90129E,PURPLE GLASS TASSLE BAG CHARM,2010-12-06 16:57:00,2011-11-24 09:26:00,42,77.03999999999999,1.7328571428571427,1
90129F,RED GLASS TASSLE BAG CHARM,2010-12-01 11:45:00,2011-12-07 13:38:00,40,88.03,2.1325,1
90130A,WHITE STONE/CRYSTAL EARRINGS,2011-07-20 16:17:00,2011-11-25 16:14:00,6,17.5,2.9166666666666665,1
90130B,TURQ STONE/CRYSTAL EARRINGS,2010-12-06 10:08:00,2011-12-09 10:03:00,39,113.97,2.9183870967741936,1
90130C,GREEN STONE/CRYSTAL EARRINGS,2010-12-06 10:08:00,2011-12-09 10:03:00,14,40.95,2.9223076923076925,1
90130D,RED STONE/CRYSTAL EARRINGS,2011-01-13 14:29:00,2011-11-28 15:31:00,3,8.7,2.9,1
90131,PINK/AMETHYST/GOLD NECKLACE,2011-03-23 12:15:00,2011-06-01 17:28:00,5,34.870000000000005,7.01,1
90132,LIGHT TOPAZ TEAL/AQUA COL NECKLACE,2010-12-06 09:58:00,2011-08-30 12:10:00,3,15.16,5.053333333333334,1
90133,TEAL/FUSCHIA COL BEAD NECKLACE,2010-12-15 13:24:00,2011-12-02 16:39:00,19,94.43,4.979230769230769,1
90134,OLD ROSE COMBO BEAD NECKLACE,2010-12-01 17:06:00,2011-12-09 10:03:00,54,157.5,2.912,1
90135,ORANGE/WHT/FUSCHIA STONES NECKLACE,2011-02-28 16:50:00,2011-04-26 12:47:00,8,39.660000000000004,4.965,1
90135A,ORANGE/FUSCHIA STONES NECKLACE,2011-04-19 11:37:00,2011-04-19 11:37:00,1,4.98,4.98,1
90136,PALE PINK/AMETHYST STONE NECKLACE,2010-12-15 13:24:00,2011-04-26 12:47:00,3,29.849999999999998,9.95,1
90137,PINK COMBO MINI CRYSTALS NECKLACE,2011-01-10 09:43:00,2011-07-20 16:12:00,3,16.310000000000002,5.436666666666667,1
90138,WHITE/PINK MINI CRYSTALS NECKLACE,2010-12-01 17:06:00,2011-12-09 10:03:00,10,52.42,5.367142857142857,1
90140,PINK SWEETIE NECKLACE,2010-12-06 09:58:00,2011-08-30 12:49:00,2,15.120000000000001,7.5600000000000005,1
90141A,GREEN PENDANT TRIPLE SHELL NECKLACE,2010-12-03 11:36:00,2011-11-30 15:13:00,12,63.11,5.321,1
90141B,IVORY PENDANT TRIPLE SHELL NECKLACE,2010-12-06 09:58:00,2011-12-09 10:03:00,9,44.86,5.0120000000000005,1
90141C,TURQ PENDANT TRIPLE SHELL NECKLACE,2010-12-17 17:08:00,2011-11-22 15:43:00,10,52.31,5.3012500000000005,1
90141D,ROSE PENDANT TRIPLE SHELL NECKLACE,2011-01-12 15:01:00,2011-07-18 10:29:00,4,20.36,5.23,1
90141E,ORANGE PENDANT TRIPLE SHELL NECKLAC,2011-07-18 10:29:00,2011-10-12 11:41:00,5,24.75,4.95,1
90142A,GREEN PENDANT SHELL NECKLACE,2010-12-17 17:08:00,2010-12-17 17:08:00,1,5.09,5.09,1
90142D,MOP PENDANT SHELL NECKLACE,2010-12-20 10:14:00,2011-10-23 15:29:00,10,49.64,4.985,1
90143,SILVER BRACELET W PASTEL FLOWER,2010-12-03 16:21:00,2011-12-01 16:22:00,31,237.18,7.696666666666666,1
90144,SILVER DROP EARRINGS WITH FLOWER,2010-12-17 14:49:00,2011-11-28 15:31:00,18,67.36,3.7399999999999998,1
90145,SILVER HOOP EARRINGS WITH FLOWER,2010-12-03 16:21:00,2011-12-09 10:03:00,28,168.0,6.027777777777778,1
90146,FINE SILVER NECKLACE W PASTEL FLOWE,2010-12-15 10:57:00,2011-12-08 09:20:00,17,95.35000000000001,7.192857142857143,1
90147,CHUNKY SILVER NECKLACE PASTEL FLOWE,2010-12-10 09:51:00,2011-11-27 15:18:00,30,304.11,10.205,1
90148,LONG SILVER NECKLACE PASTEL FLOWER,2011-01-27 15:36:00,2011-08-21 15:17:00,7,88.98,12.696000000000002,1
90149,SILVER FLOWR PINK SHELL NECKLACE,2011-05-22 14:44:00,2011-12-02 16:39:00,53,342.76000000000005,7.21,1
90151,SILVER/NATURAL SHELL NECKLACE,2010-12-03 14:54:00,2011-11-27 15:18:00,8,68.0,8.5,1
90152A,SILVER/NAT SHELL NECKLACE W PENDANT,2010-12-23 13:26:00,2011-11-30 15:13:00,5,28.76,5.752000000000001,1
90152B,BLUE/GREEN SHELL NECKLACE W PENDANT,2010-12-03 14:54:00,2010-12-13 09:35:00,2,11.46,5.73,1
90152C,BLUE/NAT SHELL NECKLACE W PENDANT,2011-02-14 15:23:00,2011-02-14 15:23:00,1,5.95,5.95,1
90154,LAZER CUT NECKLACE W PASTEL BEADS,2010-12-17 17:23:00,2011-11-18 13:25:00,57,421.75,8.61,1
90155,RESIN NECKLACE W PASTEL BEADS,2011-01-05 16:50:00,2011-12-09 10:03:00,9,67.62,7.517142857142857,1
90156,RESIN BRACELET W PASTEL BEADS,2011-01-09 12:01:00,2011-09-04 14:50:00,4,19.8,4.95,1
90157,RIVIERA NECKLACE,2011-02-28 16:50:00,2011-11-28 15:31:00,10,49.59,4.968000000000001,1
90158,ST TROPEZ NECKLACE,2010-12-06 09:58:00,2011-12-08 09:20:00,45,224.12,4.9874285714285715,1
90159,COTE D'AZURE NECKLACE,2011-04-19 11:37:00,2011-11-09 15:07:00,6,29.790000000000003,4.968000000000001,1
90160A,PURPLE BOUDICCA LARGE BRACELET,2010-12-12 16:14:00,2011-12-06 16:26:00,38,264.94,6.982,1
90160B,RED BOUDICCA LARGE BRACELET,2010-12-12 16:14:00,2011-11-09 15:07:00,30,209.73000000000002,7.0025,1
90160C,TURQ+RED BOUDICCA LARGE BRACELET,2010-12-06 16:57:00,2011-12-08 09:28:00,54,377.04,7.003076923076923,1
90160D,PINK BOUDICCA LARGE BRACELET,2010-12-12 16:14:00,2011-11-17 14:24:00,38,264.7,6.97,1
90161A,ANT COPPER RED BOUDICCA BRACELET,2010-12-01 14:32:00,2011-12-08 09:28:00,24,119.91000000000001,5.002857142857143,1
90161B,ANT COPPER TURQ BOUDICCA BRACELET,2010-12-01 17:06:00,2011-12-08 09:28:00,76,377.88,4.984594594594594,1
90161C,ANT COPPER LIME BOUDICCA BRACELET,2010-12-09 14:09:00,2011-12-08 09:28:00,83,412.74,4.986000000000001,1
90161D,ANT COPPER PINK BOUDICCA BRACELET,2010-12-06 16:57:00,2011-12-09 10:03:00,64,318.89000000000004,4.997941176470588,1
90162A,ANT SILVER TURQUOISE BOUDICCA RING,2011-11-07 11:57:00,2011-11-07 11:57:00,6,17.700000000000003,2.95,1
90162B,ANT SILVER LIME GREEN BOUDICCA RING,2010-12-05 11:03:00,2011-11-09 11:10:00,26,76.70000000000002,2.95,1
90162C,ANT SILVER FUSCHIA BOUDICCA RING,2010-12-13 14:16:00,2011-10-30 16:17:00,14,41.300000000000004,2.95,1
90162D,ANT SILVER PURPLE BOUDICCA RING,2010-12-05 11:03:00,2011-10-30 16:17:00,10,29.500000000000004,2.95,1
90163A,PINK ROSEBUD & PEARL NECKLACE,2011-01-05 11:30:00,2011-12-09 10:03:00,12,90.32,7.537777777777778,1
90163B,WHITE ROSEBUD & PEARL NECKLACE,2011-01-05 11:30:00,2011-12-05 17:24:00,7,52.72,7.516,1
90164A,PINK ROSEBUD PEARL BRACELET,2010-12-13 11:21:00,2011-12-02 16:14:00,27,130.67,6.333571428571429,1
90164B,WHITE  ROSEBUD PEARL BRACELET,2010-12-13 11:21:00,2011-12-05 17:24:00,38,140.98,5.290666666666667,1
90165A,PINK ROSEBUD PEARL EARRINGS,2010-12-17 17:08:00,2011-11-16 15:23:00,16,39.98,2.5,1
90165B,WHITE ROSEBUD  PEARL EARRINGS,2010-12-17 14:49:00,2011-12-09 10:03:00,19,47.43,2.493888888888889,1
90166,PINK & WHITE ROSEBUD RING,2010-12-01 17:06:00,2011-12-08 09:28:00,21,88.04,4.176,1
90167,BEADED LOVE HEART JEWELLERY SET,2010-12-05 11:10:00,2010-12-05 11:10:00,10,8.5,0.85,1
90168,2 DAISIES HAIR COMB,2010-12-07 15:28:00,2011-12-09 10:03:00,12,34.86,2.9054545454545457,1
90169,DAISY HAIR COMB,2010-12-07 15:28:00,2011-12-09 10:03:00,13,32.54,2.498,1
90170,DAISY HAIR BAND,2010-12-07 18:36:00,2011-12-09 10:03:00,73,120.52999999999999,1.652222222222222,1
90173,PAIR BUTTERFLY HAIR CLIPS,2010-12-01 17:06:00,2011-10-12 11:41:00,32,120.34,3.7676470588235293,1
90174,BUTTERFLY HAIR BAND,2010-12-09 14:09:00,2011-12-09 10:03:00,26,64.82,2.4905263157894737,1
90175A,WHITE GLASS CHUNKY CHARM BRACELET,2010-12-05 10:54:00,2011-12-09 10:03:00,27,245.63,9.1012,1
90175B,PINK GLASS CHUNKY CHARM BRACELET,2010-12-06 16:57:00,2011-11-09 16:14:00,10,91.68,9.17,1
90175C,BLUE GLASS CHUNKY CHARM BRACELET,2010-12-02 13:32:00,2011-11-17 17:08:00,9,80.55,8.95,1
90175D,TIGRIS EYE CHUNKY CHARM BRACELET,2010-12-07 16:20:00,2011-12-09 10:03:00,23,210.04,9.1395,1
90176A,CLASSIC DIAMANTE NECKLACE JET,2011-02-28 16:50:00,2011-11-03 11:29:00,3,22.48,7.49,1
90176B,DIAMANTE NECKLACE BLACK,2010-12-20 10:14:00,2011-11-16 15:23:00,4,30.12,7.54,1
90176C,DIAMANTE NECKLACE,2011-02-28 16:50:00,2011-08-22 14:13:00,3,23.32,7.91,1
90176D,DIAMANTE NECKLACE PURPLE,2011-06-26 13:45:00,2011-11-03 11:29:00,7,52.5,7.5,1
90176E,DIAMANTE NECKLACE GREEN,2011-08-22 14:13:00,2011-12-02 16:39:00,4,29.98,7.493333333333333,1
90177A,CLASSIC DIAMANTE EARRINGS JET,2011-02-28 16:50:00,2011-12-09 10:03:00,8,23.2,2.9,1
90177B,DROP DIAMANTE EARRINGS BLACK DIAMON,2010-12-17 17:08:00,2011-12-08 16:30:00,14,41.010000000000005,2.922857142857143,1
90177C,DROP DIAMANTE EARRINGS CRYSTAL,2010-12-01 17:06:00,2011-12-09 10:03:00,20,58.53,2.921538461538461,1
90177D,DROP DIAMANTE EARRINGS PURPLE,2010-12-06 16:57:00,2011-12-02 16:39:00,19,55.83,2.933076923076923,1
90177E,DROP DIAMANTE EARRINGS GREEN,2010-12-01 17:06:00,2011-11-21 15:18:00,8,23.38,2.9225,1
90178A,AMBER CHUNKY GLASS+BEAD NECKLACE,2010-12-02 13:32:00,2011-10-20 15:57:00,8,95.25,11.90625,1
90178B,PURPLE CHUNKY GLASS+BEAD NECKLACE,2010-12-17 17:23:00,2010-12-17 17:23:00,1,11.95,11.95,1
90179A,AMBER FINE BEAD NECKLACE W TASSEL,2010-12-15 13:24:00,2011-12-08 09:28:00,6,35.31,5.872,1
90179B,PURPLE FINE BEAD NECKLACE W TASSEL,2011-11-22 15:43:00,2011-12-05 17:24:00,3,17.59,5.863333333333333,1
90179C,BLACK FINE BEAD NECKLACE W TASSEL,2010-12-06 12:47:00,2011-12-01 08:51:00,6,35.44,5.906666666666666,1
90180A,BLACK+WHITE NECKLACE W TASSEL,2010-12-02 13:32:00,2011-11-29 16:33:00,17,127.24,9.182222222222222,1
90180B,PURPLE AMETHYST NECKLACE W TASSEL,2011-02-14 15:23:00,2011-12-06 16:26:00,5,49.81,9.962,1
90181A,AMBER GLASS/SHELL/PEARL NECKLACE,2011-01-10 14:32:00,2011-11-30 15:13:00,7,64.04,9.14857142857143,1
90181B,AMETHYST GLASS/SHELL/PEARL NECKLACE,2010-12-01 17:06:00,2011-12-09 10:03:00,15,137.63,9.177142857142858,1
90181C,BLACK GLASS/SHELL/PEARL NECKLACE,2011-04-18 13:52:00,2011-04-18 13:52:00,1,9.15,9.15,1
90182A,AMBER 3 BEAD DROP EARRINGS,2011-07-18 15:56:00,2011-12-06 16:26:00,8,23.2,2.9,1
90182B,AMETHYST 3 BEAD DROP EARRINGS,2011-03-22 09:23:00,2011-12-08 09:20:00,5,14.5,2.9,1
90182C,BLACK 3 BEAD DROP EARRINGS,2011-01-06 14:27:00,2011-12-09 10:03:00,8,23.259999999999998,2.9074999999999998,1
90183A,AMBER DROP EARRINGS W LONG BEADS,2010-12-06 09:58:00,2011-12-09 10:03:00,34,99.54,2.92,1
90183B,AMETHYST DROP EARRINGS W LONG BEADS,2010-12-06 09:58:00,2011-12-05 17:24:00,21,61.08,2.9105882352941173,1
90183C,BLACK DROP EARRINGS W LONG BEADS,2011-01-28 14:25:00,2011-12-09 10:03:00,10,29.05,2.9050000000000002,1
90184A,AMBER CHUNKY BEAD BRACELET W STRAP,2010-12-08 13:14:00,2011-11-10 14:28:00,13,117.73,9.103333333333332,1
90184B,AMETHYST CHUNKY BEAD BRACELET W STR,2010-12-08 13:14:00,2011-12-05 17:28:00,33,297.94,9.054285714285713,1
90184C,BLACK CHUNKY BEAD BRACELET W STRAP,2010-12-06 16:57:00,2011-12-09 10:03:00,22,199.67,9.10388888888889,1
90185A,AMBER DIAMANTE EXPANDABLE RING,2010-12-06 16:57:00,2011-11-16 15:16:00,25,105.53,4.198333333333333,1
90185B,AMETHYST DIAMANTE EXPANDABLE RING,2010-12-02 13:49:00,2011-12-09 10:03:00,17,71.52000000000001,4.184545454545455,1
90185C,BLACK DIAMANTE EXPANDABLE RING,2010-12-01 12:23:00,2011-10-31 14:41:00,20,84.59,4.204444444444444,1
90185D,CRYSTAL DIAMANTE EXPANDABLE RING,2010-12-05 10:54:00,2011-06-02 17:26:00,35,148.63,4.239090909090909,1
90186A,AMETHYST HOOP EARRING FLORAL LEAF,2010-12-02 13:49:00,2011-11-29 16:33:00,11,32.16,2.9233333333333333,1
90186B,CRYSTAL HOOP EARRING FLORAL LEAF,2010-12-07 18:36:00,2011-11-29 11:05:00,22,64.58,2.9320000000000004,1
90187A,BLUE DROP EARRINGS W BEAD CLUSTER,2011-02-28 16:50:00,2011-02-28 16:50:00,1,3.32,3.32,1
90187B,GREEN DROP EARRINGS W BEAD CLUSTER,2010-12-07 15:28:00,2011-12-08 09:28:00,12,40.03,3.3325,1
90188,DROP EARRINGS W FLOWER & LEAF,2010-12-09 14:09:00,2011-12-09 10:03:00,9,22.58,2.5171428571428573,1
90189A,SILVER 2 STRAND NECKLACE-LEAF CHARM,2011-10-09 15:24:00,2011-11-18 13:25:00,2,15.0,7.5,1
90190A,SILVER/CRYSTAL DROP EARRINGS W LEAF,2011-01-12 09:26:00,2011-11-24 09:26:00,16,46.76,2.911,1
90190B,GOLD/AMBER DROP EARRINGS W LEAF,2010-12-13 09:35:00,2011-11-22 15:41:00,13,38.18,2.924285714285714,1
90190C,SILVER/AMETHYST DROP EARRINGS LEAF,2010-12-01 14:32:00,2011-11-29 11:05:00,20,58.43,2.92,1
90191,SILVER LARIAT 40CM,2011-01-17 17:44:00,2011-12-09 10:03:00,26,163.82,9.729000000000001,1
90192,JADE DROP EARRINGS W FILIGREE,2010-12-01 17:06:00,2011-12-09 10:03:00,42,209.10000000000002,4.9956,1
90194,SILVER LARIAT BLACK STONE EARRINGS,2010-12-01 14:32:00,2011-10-19 15:08:00,16,67.87,4.237,1
90195A,PURPLE GEMSTONE BRACELET,2010-12-02 13:49:00,2011-12-06 11:28:00,19,122.84,7.228999999999999,1
90195B,BLACK GEMSTONE BRACELET,2010-12-02 13:49:00,2011-11-09 15:07:00,4,29.98,7.495,1
90196A,PURPLE GEMSTONE NECKLACE 45CM,2010-12-02 13:49:00,2011-11-29 10:57:00,8,102.0,12.75,1
90196B,BLACK GEMSTONE NECKLACE 45CM,2010-12-03 14:54:00,2011-11-09 15:07:00,5,63.480000000000004,12.696000000000002,1
90197B,BLACK GLASS BRACELET W HEART CHARMS,2010-12-17 14:54:00,2011-12-06 16:26:00,35,174.73000000000002,4.994074074074074,1
90198A,VINTAGE ROSE BEAD BRACELET RASPBERR,2010-12-07 18:36:00,2011-12-09 10:03:00,75,315.73,4.195227272727273,1
90198B,VINTAGE ROSE BEAD BRACELET BLACK,2010-12-03 14:54:00,2011-12-04 12:32:00,36,152.4,4.214705882352941,1
90199A,5 STRAND GLASS NECKLACE BLACK,2010-12-02 13:49:00,2011-11-03 11:29:00,11,69.63,6.3133333333333335,1
90199B,5 STRAND GLASS NECKLACE AMETHYST,2010-12-03 11:36:00,2011-12-02 16:39:00,9,56.59,6.28,1
90199C,5 STRAND GLASS NECKLACE CRYSTAL,2010-12-01 11:45:00,2011-11-29 16:47:00,18,113.94,6.3172727272727265,1
90199D,5 STRAND GLASS NECKLACE AMBER,2010-12-17 17:23:00,2011-11-29 16:33:00,6,37.620000000000005,6.2700000000000005,1
90200A,PURPLE SWEETHEART BRACELET,2010-12-01 12:23:00,2011-12-09 10:03:00,78,328.44,4.1948,1
90200B,BLACK SWEETHEART BRACELET,2010-12-01 12:23:00,2011-12-08 09:28:00,92,388.58,4.203913043478261,1
90200C,BLUE SWEETHEART BRACELET,2010-12-01 12:23:00,2011-03-22 09:23:00,50,211.43,4.22,1
90200D,PINK SWEETHEART BRACELET,2010-12-01 12:23:00,2011-12-08 09:28:00,175,725.32,4.1883333333333335,1
90200E,GREEN SWEETHEART BRACELET,2010-12-05 15:12:00,2011-12-08 09:28:00,103,423.41,4.187727272727273,1
90201A,PURPLE ENAMEL FLOWER RING,2010-12-17 14:41:00,2011-12-09 10:03:00,69,202.51000000000002,2.9217857142857144,1
90201B,BLACK ENAMEL FLOWER RING,2010-12-06 09:58:00,2011-12-09 10:03:00,80,235.20000000000002,2.934090909090909,1
90201C,RED ENAMEL FLOWER RING,2010-12-10 09:51:00,2011-12-09 10:03:00,57,167.72000000000003,2.9335,1
90201D,GREEN ENAMEL FLOWER RING,2010-12-08 14:25:00,2011-12-09 10:03:00,77,225.84,2.9203225806451614,1
90202A,PURPLE ENAMEL FLOWER HAIR TIE,2010-12-17 14:41:00,2011-12-08 16:30:00,16,46.58,2.912857142857143,1
90202B,WHITE ENAMEL FLOWER HAIR TIE,2011-01-20 18:08:00,2011-12-08 16:30:00,11,31.95,2.9055555555555554,1
90202C,GREEN ENAMEL FLOWER HAIR TIE,2010-12-07 15:28:00,2011-12-09 10:03:00,14,41.01,2.9315384615384614,1
90202D,PINK ENAMEL FLOWER HAIR TIE,2010-12-17 17:08:00,2011-12-09 10:03:00,16,46.760000000000005,2.911,1
90204,PAIR OF ENAMEL BUTTERFLY HAIRCLIP,2010-12-02 13:49:00,2011-12-01 16:22:00,25,83.46,3.336470588235294,1
90205A,LARGE MINT DIAMANTE HAIRSLIDE,2010-12-03 11:36:00,2011-11-24 09:26:00,31,51.51,1.6624999999999999,1
90205C,LARGE CRYSTAL DIAMANTE HAIRSLIDE,2010-12-23 13:26:00,2011-11-28 15:31:00,29,48.209999999999994,1.6553333333333333,1
90206A,GOLD DIAMANTE STAR BROOCH,2010-12-17 14:41:00,2011-12-08 09:28:00,12,59.800000000000004,4.9944444444444445,1
90206C,CRYSTAL DIAMANTE STAR BROOCH,2010-12-01 17:06:00,2011-12-09 10:03:00,45,224.73000000000002,4.990967741935484,1
90208,PAIR OF PINK FLOWER CLUSTER SLIDE,2010-12-06 16:57:00,2011-12-09 10:03:00,47,117.39999999999999,2.496111111111111,1
90209A,PURPLE ENAMEL+GLASS HAIR COMB,2011-08-05 16:19:00,2011-11-04 11:43:00,78,151.2,1.9833333333333334,1
90209B,GREEN ENAMEL+GLASS HAIR COMB,2010-12-01 14:32:00,2011-10-02 10:58:00,184,355.64,2.074,1
90209C,PINK ENAMEL+GLASS HAIR COMB,2010-12-01 17:06:00,2011-10-31 14:41:00,260,474.2,2.058,1
90210A,GREY ACRYLIC FACETED BANGLE,2010-12-13 15:42:00,2011-12-09 10:03:00,34,57.55,2.415,1
90210B,CLEAR ACRYLIC FACETED BANGLE,2010-12-01 11:45:00,2011-12-08 16:10:00,41,61.56,2.1514285714285717,1
90210C,RED   ACRYLIC FACETED BANGLE,2010-12-07 15:28:00,2011-12-08 16:10:00,99,130.51000000000002,2.206,1
90210D,PURPLE ACRYLIC FACETED BANGLE,2010-12-13 15:44:00,2011-11-10 13:44:00,107,132.05,1.6,1
90211A,DIAMOND LAS VEGAS NECKLACE 45CM,2010-12-01 17:06:00,2011-12-05 17:28:00,12,70.97,5.91375,1
90211B,JET BLACK LAS VEGAS NECKLACE 45CM,2010-12-07 18:36:00,2011-11-03 11:29:00,7,41.36,5.894,1
90212B,JET BLACK LAS VEGAS BRACELET ROUND,2010-12-06 09:58:00,2011-05-06 15:54:00,10,37.62,3.765,1
90212C,PURPLE LAS VEGAS BRACELET ROUND,2010-12-08 10:35:00,2011-09-06 16:02:00,7,26.25,3.75,1
90214A,"LETTER ""A"" BLING KEY RING",2010-12-01 17:06:00,2011-12-08 13:43:00,130,111.66,0.9039285714285714,1
90214B,"LETTER ""B"" BLING KEY RING",2010-12-03 11:36:00,2011-12-05 15:48:00,37,24.77,0.8281818181818181,1
90214C,"LETTER ""C"" BLING KEY RING",2010-12-03 11:36:00,2011-12-08 19:24:00,91,72.77,0.8336363636363636,1
90214D,"LETTER ""D"" BLING KEY RING",2010-12-01 14:32:00,2011-12-08 13:43:00,68,49.9,0.865625,1
90214E,"LETTER ""E"" BLING KEY RING",2010-12-01 17:06:00,2011-12-08 13:50:00,72,53.199999999999996,0.8506666666666667,1
90214F,"LETTER ""F"" BLING KEY RING",2010-12-03 11:36:00,2011-12-07 15:07:00,27,15.429999999999998,0.7606666666666667,1
90214G,"LETTER ""G"" BLING KEY RING",2010-12-01 14:32:00,2011-12-07 15:07:00,60,40.199999999999996,0.8353333333333333,1
90214H,"LETTER ""H"" BLING KEY RING",2010-12-01 14:32:00,2011-12-07 16:56:00,48,36.76,0.8546666666666667,1
90214I,"LETTER ""I"" BLING KEY RING",2010-12-03 11:36:00,2011-12-08 13:50:00,38,29.619999999999997,0.7838461538461539,1
90214J,"LETTER ""J"" BLING KEY RING",2010-12-01 14:32:00,2011-12-06 16:26:00,71,57.21,0.8602439024390243,1
90214K,"LETTER ""K"" BLING KEY RING",2010-12-07 18:36:00,2011-12-08 15:31:00,78,60.699999999999996,0.8915789473684211,1
90214L,"LETTER ""L"" BLING KEY RING",2010-12-03 11:36:00,2011-12-08 13:43:00,94,65.03999999999999,0.8386486486486486,1
90214M,"LETTER ""M"" BLING KEY RING",2010-12-01 16:57:00,2011-12-05 15:48:00,60,49.82,0.8742857142857143,1
90214N,"LETTER ""N"" BLING KEY RING",2010-12-03 11:36:00,2011-12-08 15:31:00,41,29.23,0.8416666666666667,1
90214O,"LETTER ""O"" BLING KEY RING",2010-12-09 14:09:00,2011-12-06 16:26:00,16,6.819999999999999,0.726,1
90214P,"LETTER ""P"" BLING KEY RING",2010-12-07 18:36:00,2011-12-08 13:50:00,39,20.229999999999997,0.8125,1
90214R,"LETTER ""R"" BLING KEY RING",2010-12-01 14:32:00,2011-12-08 14:39:00,41,28.009999999999998,0.8251999999999999,1
90214S,"LETTER ""S"" BLING KEY RING",2010-12-01 16:57:00,2011-12-08 13:43:00,94,71.0,0.8251219512195122,1
90214T,"LETTER ""T"" BLING KEY RING",2010-12-17 16:59:00,2011-12-05 15:48:00,24,13.459999999999999,0.7827272727272727,1
90214U,"LETTER ""U"" BLING KEY RING",2011-12-05 15:48:00,2011-12-05 15:48:00,12,3.4799999999999995,0.29,1
90214V,"LETTER ""V"" BLING KEY RING",2010-12-01 16:57:00,2011-12-05 15:48:00,26,15.979999999999999,0.8542857142857142,1
90214W,"LETTER ""W"" BLING KEY RING",2011-01-10 14:32:00,2011-12-05 15:48:00,16,6.819999999999999,0.726,1
90214Y,"LETTER ""Y"" BLING KEY RING",2010-12-03 11:36:00,2011-12-06 17:18:00,66,22.839999999999996,0.7525,1
90214Z,"LETTER ""Z"" BLING KEY RING",2010-12-07 18:36:00,2011-12-05 15:48:00,22,11.84,0.7819999999999999,1
DCGS0003,BOXED GLASS ASHTRAY,2010-12-10 14:59:00,2011-05-05 15:42:00,4,9.94,2.485,1
DCGS0004,HAYNES CAMPER SHOULDER BAG,2011-04-27 17:23:00,2011-04-27 17:23:00,1,16.63,16.63,1
DCGS0069,OOH LA LA DOGS COLLAR,2011-01-28 14:25:00,2011-01-28 14:25:00,1,15.79,15.79,1
DCGS0070,CAMOUFLAGE DOG COLLAR,2010-12-21 13:06:00,2010-12-21 13:06:00,1,12.72,12.72,1
DCGS0076,SUNJAR LED NIGHT NIGHT LIGHT,2010-12-09 14:09:00,2010-12-20 15:03:00,3,48.39,16.13,1
DCGSSBOY,BOYS PARTY BAG,2011-02-07 14:04:00,2011-12-01 16:22:00,47,150.54999999999998,3.1045454545454545,1
DCGSSGIRL,GIRLS PARTY BAG,2011-02-07 14:04:00,2011-11-16 15:23:00,47,144.43,3.1330769230769233,1
