stock_code,description,sku_class,avg_monthly_units,current_inventory,supplier_lead_time_days,safety_stock,reorder_point,recommended_replenishment_qty,inventory_risk,warehouse_strategy
22197,POPCORN HOLDER,High-Revenue Priority,4359.692307692308,108,21,1286.0,4338.0,4230.0,Stockout Risk,Local Warehouse Priority
84077,WORLD WAR 2 GLIDERS ASSTD DESIGNS,High-Revenue Priority,4208.538461538462,255,21,1182.0,4128.0,3873.0,Stockout Risk,Local Warehouse Priority
15036,ASSORTED COLOURS SILK FAN,High-Revenue Priority,1830.923076923077,150,45,1232.0,3978.0,3828.0,Stockout Risk,Local Warehouse Priority
84946,ANTIQUE SILVER T-LIGHT GLASS,High-Revenue Priority,1458.2307692307693,207,45,797.0,2984.0,2777.0,Stockout Risk,Local Warehouse Priority
17003,BROCADE RING PURSE,High-Revenue Priority,1770.7692307692307,82,30,708.0,2479.0,2397.0,Stockout Risk,Local Warehouse Priority
23203,JUMBO BAG VINTAGE DOILY,High-Revenue Priority,2518.0,85,21,633.0,2396.0,2311.0,Stockout Risk,Local Warehouse Priority
85099B,JUMBO BAG RED RETROSPOT,High-Revenue Priority,3653.076923076923,186,14,592.0,2297.0,2111.0,Stockout Risk,Local Warehouse Priority
23344,JUMBO BAG 50'S CHRISTMAS,High-Revenue Priority,1432.142857142857,63,30,695.0,2127.0,2064.0,Stockout Risk,Local Warehouse Priority
23201,JUMBO BAG ALPHABET,High-Revenue Priority,1436.0,250,30,496.0,1932.0,1682.0,Stockout Risk,Local Warehouse Priority
84879,ASSORTED COLOUR BIRD ORNAMENT,High-Revenue Priority,2794.846153846154,168,14,502.0,1806.0,1638.0,Stockout Risk,Local Warehouse Priority
21175,GIN + TONIC DIET METAL SIGN,High-Revenue Priority,783.3076923076923,109,45,529.0,1704.0,1595.0,Stockout Risk,Local Warehouse Priority
85123A,WHITE HANGING HEART T-LIGHT HOLDER,High-Revenue Priority,2723.769230769231,176,14,455.0,1726.0,1550.0,Stockout Risk,Local Warehouse Priority
16014,SMALL CHINESE STYLE SCISSOR,High-Revenue Priority,1025.2307692307693,74,30,553.0,1578.0,1504.0,Stockout Risk,Local Warehouse Priority
23301,GARDENERS KNEELING PAD KEEP CALM,High-Revenue Priority,1087.875,69,30,446.0,1534.0,1465.0,Stockout Risk,Local Warehouse Priority
21326,AGED GLASS SILVER T-LIGHT HOLDER,High-Revenue Priority,810.3846153846154,261,45,463.0,1679.0,1418.0,Stockout Risk,Local Warehouse Priority
23307,SET OF 60 PANTRY DESIGN CAKE CASES,High-Revenue Priority,1717.7142857142858,217,21,430.0,1632.0,1415.0,Stockout Risk,Local Warehouse Priority
84945,MULTI COLOUR SILVER T-LIGHT HOLDER,High-Revenue Priority,808.3846153846154,268,45,468.0,1681.0,1413.0,Stockout Risk,Local Warehouse Priority
23298,SPOTTY BUNTING,High-Revenue Priority,1057.375,109,30,399.0,1456.0,1347.0,Stockout Risk,Local Warehouse Priority
22558,CLOTHES PEGS RETROSPOT PACK 24,High-Revenue Priority,665.5384615384615,31,45,345.0,1343.0,1312.0,Stockout Risk,Local Warehouse Priority
23084,RABBIT NIGHT LIGHT,High-Revenue Priority,3838.625,106,7,512.0,1408.0,1302.0,Stockout Risk,Local Warehouse Priority
22616,PACK OF 12 LONDON TISSUES,High-Revenue Priority,2008.2307692307693,21,14,343.0,1280.0,1259.0,Stockout Risk,Local Warehouse Priority
23205,CHARLOTTE BAG VINTAGE ALPHABET,High-Revenue Priority,639.6666666666666,32,45,327.0,1286.0,1254.0,Stockout Risk,Local Warehouse Priority
22469,HEART OF WICKER SMALL,High-Revenue Priority,1381.7692307692307,112,21,394.0,1361.0,1249.0,Stockout Risk,Local Warehouse Priority
23319,BOX OF 6 MINI 50'S CRACKERS,High-Revenue Priority,604.0,145,45,421.0,1327.0,1182.0,Stockout Risk,Local Warehouse Priority
22577,WOODEN HEART CHRISTMAS SCANDINAVIAN,High-Revenue Priority,816.0,221,30,584.0,1400.0,1179.0,Stockout Risk,Local Warehouse Priority
23382,BOX OF 6 CHRISTMAS CAKE DECORATIONS,High-Revenue Priority,621.0,80,45,322.0,1254.0,1174.0,Stockout Risk,Local Warehouse Priority
23206,LUNCH BAG APPLE DESIGN,High-Revenue Priority,1344.4444444444443,105,21,327.0,1268.0,1163.0,Stockout Risk,Local Warehouse Priority
23343,JUMBO BAG VINTAGE CHRISTMAS,High-Revenue Priority,831.1428571428571,89,30,392.0,1223.0,1134.0,Stockout Risk,Local Warehouse Priority
23308,SET OF 60 VINTAGE LEAF CAKE CASES,High-Revenue Priority,877.0,70,30,314.0,1191.0,1121.0,Stockout Risk,Local Warehouse Priority
23570,TRADITIONAL PICK UP STICKS GAME,High-Revenue Priority,924.0,289,30,477.0,1401.0,1112.0,Stockout Risk,Local Warehouse Priority
22910,PAPER CHAIN KIT VINTAGE CHRISTMAS,High-Revenue Priority,792.9230769230769,168,30,478.0,1271.0,1103.0,Stockout Risk,Local Warehouse Priority
21915,RED  HARMONICA IN BOX,High-Revenue Priority,1681.1538461538462,20,14,318.0,1103.0,1083.0,Stockout Risk,Local Warehouse Priority
20724,RED RETROSPOT CHARLOTTE BAG,High-Revenue Priority,1357.6923076923076,191,21,319.0,1269.0,1078.0,Stockout Risk,Local Warehouse Priority
22693,GROW A FLYTRAP OR SUNFLOWER IN TIN,High-Revenue Priority,1244.0,212,21,407.0,1278.0,1066.0,Stockout Risk,Local Warehouse Priority
22952,60 CAKE CASES VINTAGE CHRISTMAS,High-Revenue Priority,1214.7692307692307,285,21,498.0,1348.0,1063.0,Stockout Risk,Local Warehouse Priority
23497,CLASSIC CHROME BICYCLE BELL,High-Revenue Priority,848.6666666666666,150,30,361.0,1210.0,1060.0,Stockout Risk,Local Warehouse Priority
21790,VINTAGE SNAP CARDS,High-Revenue Priority,1111.4615384615386,54,21,319.0,1097.0,1043.0,Stockout Risk,Local Warehouse Priority
22630,DOLLY GIRL LUNCH BOX,High-Revenue Priority,891.3846153846154,183,30,331.0,1222.0,1039.0,Stockout Risk,Local Warehouse Priority
23310,BUBBLEGUM RING ASSORTED,High-Revenue Priority,1721.428571428571,54,14,288.0,1091.0,1037.0,Stockout Risk,Local Warehouse Priority
22178,VICTORIAN GLASS HANGING T-LIGHT,High-Revenue Priority,1855.7692307692307,127,14,296.0,1162.0,1035.0,Stockout Risk,Local Warehouse Priority
47556B,TEA TIME TEA TOWELS,High-Revenue Priority,1300.0,123,21,228.0,1138.0,1015.0,Stockout Risk,Local Warehouse Priority
22112,CHOCOLATE HOT WATER BOTTLE,High-Revenue Priority,461.0,60,45,360.0,1052.0,992.0,Stockout Risk,Local Warehouse Priority
22909,SET OF 20 VINTAGE CHRISTMAS NAPKINS,High-Revenue Priority,730.0,140,30,401.0,1131.0,991.0,Stockout Risk,Local Warehouse Priority
22090,PAPER BUNTING RETROSPOT,High-Revenue Priority,576.3846153846154,243,45,361.0,1226.0,983.0,Stockout Risk,Local Warehouse Priority
23583,LUNCH BAG PAISLEY PARK,High-Revenue Priority,1125.0,192,21,379.0,1166.0,974.0,Stockout Risk,Local Warehouse Priority
23300,GARDENERS KNEELING PAD CUP OF TEA,High-Revenue Priority,833.125,157,30,296.0,1129.0,972.0,Stockout Risk,Local Warehouse Priority
22086,PAPER CHAIN KIT 50'S CHRISTMAS,High-Revenue Priority,1455.5384615384614,139,14,431.0,1110.0,971.0,Stockout Risk,Local Warehouse Priority
23209,LUNCH BAG VINTAGE DOILY,High-Revenue Priority,1643.625,73,14,260.0,1027.0,954.0,Stockout Risk,Local Warehouse Priority
23286,BLUE VINTAGE SPOT BEAKER,High-Revenue Priority,720.0,180,30,358.0,1078.0,898.0,Stockout Risk,Local Warehouse Priority
23171,REGENCY TEA PLATE GREEN,High-Revenue Priority,774.875,232,30,346.0,1121.0,889.0,Stockout Risk,Local Warehouse Priority
84947,ANTIQUE SILVER TEA GLASS ENGRAVED,High-Revenue Priority,665.5384615384615,73,30,265.0,931.0,858.0,Stockout Risk,Local Warehouse Priority
22993,SET OF 4 PANTRY JELLY MOULDS,High-Revenue Priority,1144.4545454545455,209,21,265.0,1066.0,857.0,Stockout Risk,Local Warehouse Priority
23571,TRADITIONAL NAUGHTS & CROSSES,High-Revenue Priority,947.0,173,21,363.0,1026.0,853.0,Stockout Risk,Local Warehouse Priority
20726,LUNCH BAG WOODLAND,High-Revenue Priority,757.5384615384615,179,30,271.0,1029.0,850.0,Stockout Risk,Local Warehouse Priority
23295,SET OF 12 MINI LOAF BAKING CASES,High-Revenue Priority,1022.0,143,21,257.0,972.0,829.0,Stockout Risk,Local Warehouse Priority
22382,LUNCH BAG SPACEBOY DESIGN,High-Revenue Priority,801.2307692307693,277,30,293.0,1094.0,817.0,Stockout Risk,Local Warehouse Priority
82484,WOOD BLACK BOARD ANT WHITE FINISH,High-Revenue Priority,461.2307692307692,156,45,280.0,972.0,816.0,Stockout Risk,Local Warehouse Priority
23581,JUMBO BAG PAISLEY PARK,High-Revenue Priority,1633.3333333333333,294,14,337.0,1099.0,805.0,Stockout Risk,Local Warehouse Priority
21889,WOODEN BOX OF DOMINOES,High-Revenue Priority,489.6923076923077,273,45,332.0,1067.0,794.0,Stockout Risk,Local Warehouse Priority
22423,REGENCY CAKESTAND 3 TIER,High-Revenue Priority,1038.8461538461538,183,21,249.0,976.0,793.0,Stockout Risk,Local Warehouse Priority
23582,VINTAGE DOILY JUMBO BAG RED,High-Revenue Priority,1560.6666666666667,220,14,281.0,1009.0,789.0,Stockout Risk,Local Warehouse Priority
23243,SET OF TEA COFFEE SUGAR TINS PANTRY,High-Revenue Priority,681.0,235,30,333.0,1014.0,779.0,Stockout Risk,Local Warehouse Priority
23199,JUMBO BAG APPLES,High-Revenue Priority,1587.3333333333333,243,14,277.0,1018.0,775.0,Stockout Risk,Local Warehouse Priority
47566,PARTY BUNTING,High-Revenue Priority,1391.5384615384614,171,14,281.0,930.0,759.0,Stockout Risk,Local Warehouse Priority
85099F,JUMBO BAG STRAWBERRY,High-Revenue Priority,1312.4615384615386,103,14,242.0,854.0,751.0,Stockout Risk,Local Warehouse Priority
22900,SET 2 TEA TOWELS I LOVE LONDON,High-Revenue Priority,374.9230769230769,49,45,231.0,793.0,744.0,Stockout Risk,Local Warehouse Priority
23296,SET OF 6 TEA TIME BAKING CASES,High-Revenue Priority,828.1666666666666,94,21,242.0,822.0,728.0,Stockout Risk,Local Warehouse Priority
22866,HAND WARMER SCOTTY DOG DESIGN,High-Revenue Priority,651.5,288,30,363.0,1014.0,726.0,Stockout Risk,Local Warehouse Priority
22578,WOODEN STAR CHRISTMAS SCANDINAVIAN,High-Revenue Priority,1307.5,262,14,367.0,977.0,715.0,Stockout Risk,Local Warehouse Priority
21891,TRADITIONAL WOODEN SKIPPING ROPE,High-Revenue Priority,622.6153846153846,153,30,240.0,863.0,710.0,Stockout Risk,Local Warehouse Priority
21668,RED STRIPE CERAMIC DRAWER KNOB,High-Revenue Priority,420.7692307692308,164,45,233.0,864.0,700.0,Stockout Risk,Local Warehouse Priority
21108,FAIRY CAKE FLANNEL ASSORTED COLOUR,High-Revenue Priority,545.4615384615385,239,30,387.0,932.0,693.0,Stockout Risk,Local Warehouse Priority
23230,WRAP ALPHABET DESIGN,High-Revenue Priority,660.5,221,30,248.0,908.0,687.0,Stockout Risk,Local Warehouse Priority
22383,LUNCH BAG SUKI DESIGN,High-Revenue Priority,954.3076923076924,225,21,241.0,909.0,684.0,Stockout Risk,Local Warehouse Priority
84692,BOX OF 24 COCKTAIL PARASOLS,High-Revenue Priority,607.9230769230769,127,30,199.0,807.0,680.0,Stockout Risk,Local Warehouse Priority
20725,LUNCH BAG RED RETROSPOT,High-Revenue Priority,1462.3076923076924,237,14,233.0,915.0,678.0,Stockout Risk,Local Warehouse Priority
22077,6 RIBBONS RUSTIC CHARM,High-Revenue Priority,704.5384615384615,280,30,250.0,955.0,675.0,Stockout Risk,Local Warehouse Priority
23320,GIANT 50'S CHRISTMAS CRACKER,High-Revenue Priority,441.5,250,45,263.0,925.0,675.0,Stockout Risk,Local Warehouse Priority
20727,LUNCH BAG  BLACK SKULL.,High-Revenue Priority,934.0,217,21,233.0,887.0,670.0,Stockout Risk,Local Warehouse Priority
22355,CHARLOTTE BAG SUKI DESIGN,High-Revenue Priority,1385.6923076923076,187,14,201.0,848.0,661.0,Stockout Risk,Local Warehouse Priority
22907,PACK OF 20 NAPKINS PANTRY DESIGN,High-Revenue Priority,503.7692307692308,24,30,178.0,682.0,658.0,Stockout Risk,Local Warehouse Priority
20971,PINK BLUE FELT CRAFT TRINKET BOX,High-Revenue Priority,744.0769230769231,170,21,293.0,814.0,644.0,Stockout Risk,Local Warehouse Priority
23078,ICE CREAM PEN LIP GLOSS,High-Revenue Priority,678.3,283,30,244.0,922.0,639.0,Stockout Risk,Local Warehouse Priority
22326,ROUND SNACK BOXES SET OF4 WOODLAND,High-Revenue Priority,655.0769230769231,245,30,226.0,881.0,636.0,Stockout Risk,Local Warehouse Priority
22988,SOLDIERS EGG CUP,High-Revenue Priority,750.0833333333334,75,21,185.0,710.0,635.0,Stockout Risk,Local Warehouse Priority
22114,HOT WATER BOTTLE TEA AND SYMPATHY,High-Revenue Priority,634.2222222222222,36,21,226.0,670.0,634.0,Stockout Risk,Local Warehouse Priority
84978,HANGING HEART JAR T-LIGHT HOLDER,High-Revenue Priority,953.1538461538462,291,21,255.0,922.0,631.0,Stockout Risk,Local Warehouse Priority
22960,JAM MAKING SET WITH JARS,High-Revenue Priority,662.6153846153846,257,30,223.0,886.0,629.0,Stockout Risk,Local Warehouse Priority
71459,HANGING JAM JAR T-LIGHT HOLDER,High-Revenue Priority,1040.076923076923,41,14,184.0,669.0,628.0,Stockout Risk,Local Warehouse Priority
23172,REGENCY TEA PLATE PINK,High-Revenue Priority,476.625,69,30,208.0,685.0,616.0,Stockout Risk,Local Warehouse Priority
23503,PLAYING CARDS KEEP CALM & CARRY ON,High-Revenue Priority,910.75,284,21,254.0,892.0,608.0,Stockout Risk,Local Warehouse Priority
22561,WOODEN SCHOOL COLOURING SET,High-Revenue Priority,450.6923076923077,44,30,190.0,641.0,597.0,Stockout Risk,Local Warehouse Priority
23202,JUMBO BAG VINTAGE LEAF,High-Revenue Priority,1337.625,238,14,209.0,833.0,595.0,Stockout Risk,Local Warehouse Priority
23285,PINK VINTAGE SPOT BEAKER,High-Revenue Priority,686.7142857142857,137,21,250.0,731.0,594.0,Stockout Risk,Local Warehouse Priority
84212,"ASSORTED FLOWER COLOUR ""LEIS""",High-Revenue Priority,793.4615384615385,192,21,231.0,786.0,594.0,Stockout Risk,Local Warehouse Priority
23493,VINTAGE DOILY TRAVEL SEWING KIT,High-Revenue Priority,991.0,78,14,209.0,671.0,593.0,Stockout Risk,Local Warehouse Priority
23534,WALL ART STOP FOR TEA,High-Revenue Priority,461.3333333333333,66,30,198.0,659.0,593.0,Stockout Risk,Local Warehouse Priority
23207,LUNCH BAG ALPHABET DESIGN,High-Revenue Priority,866.3333333333334,253,21,236.0,842.0,589.0,Stockout Risk,Local Warehouse Priority
82583,HOT BATHS METAL SIGN,High-Revenue Priority,556.4615384615385,205,30,235.0,791.0,586.0,Stockout Risk,Local Warehouse Priority
20718,RED RETROSPOT SHOPPER BAG,High-Revenue Priority,366.0769230769231,145,45,181.0,730.0,585.0,Stockout Risk,Local Warehouse Priority
22356,CHARLOTTE BAG PINK POLKADOT,High-Revenue Priority,736.2307692307693,111,21,180.0,695.0,584.0,Stockout Risk,Local Warehouse Priority
20713,JUMBO BAG OWLS,High-Revenue Priority,1017.0,73,14,175.0,650.0,577.0,Stockout Risk,Local Warehouse Priority
21930,JUMBO STORAGE BAG SKULLS,High-Revenue Priority,495.1538461538461,109,30,188.0,683.0,574.0,Stockout Risk,Local Warehouse Priority
21212,PACK OF 72 RETROSPOT CAKE CASES,High-Revenue Priority,2786.769230769231,298,7,220.0,870.0,572.0,Stockout Risk,Local Warehouse Priority
23275,SET OF 3 HANGING OWLS OLLIE BEAK,High-Revenue Priority,520.5714285714286,202,30,247.0,768.0,566.0,Stockout Risk,Local Warehouse Priority
21181,PLEASE ONE PERSON METAL SIGN,High-Revenue Priority,1016.8333333333334,112,14,201.0,676.0,564.0,Stockout Risk,Local Warehouse Priority
21390,FILIGRIS HEART WITH BUTTERFLY,High-Revenue Priority,300.0,60,45,174.0,624.0,564.0,Stockout Risk,Local Warehouse Priority
84755,COLOUR GLASS T-LIGHT HOLDER HANGING,High-Revenue Priority,1259.076923076923,264,14,240.0,828.0,564.0,Stockout Risk,Local Warehouse Priority
22492,MINI PAINT SET VINTAGE,High-Revenue Priority,2037.6153846153843,91,7,174.0,649.0,558.0,Stockout Risk,Local Warehouse Priority
23240,SET OF 4 KNICK KNACK TINS DOILY,High-Revenue Priority,594.8571428571429,240,30,202.0,797.0,557.0,Stockout Risk,Local Warehouse Priority
22151,PLACE SETTING WHITE HEART,High-Revenue Priority,1128.4615384615386,171,14,197.0,724.0,553.0,Stockout Risk,Local Warehouse Priority
22865,HAND WARMER OWL DESIGN,High-Revenue Priority,694.3333333333334,215,21,281.0,767.0,552.0,Stockout Risk,Local Warehouse Priority
23076,ICE CREAM SUNDAE LIP GLOSS,High-Revenue Priority,805.2,222,21,208.0,772.0,550.0,Stockout Risk,Local Warehouse Priority
23089,GLASS BON BON JAR,High-Revenue Priority,294.125,62,45,169.0,610.0,548.0,Stockout Risk,Local Warehouse Priority
22029,SPACEBOY BIRTHDAY CARD,High-Revenue Priority,626.8461538461538,283,30,198.0,825.0,542.0,Stockout Risk,Local Warehouse Priority
21977,PACK OF 60 PINK PAISLEY CAKE CASES,High-Revenue Priority,1903.692307692308,82,7,167.0,611.0,529.0,Stockout Risk,Local Warehouse Priority
23200,JUMBO BAG PEARS,High-Revenue Priority,868.375,29,14,151.0,556.0,527.0,Stockout Risk,Local Warehouse Priority
21080,SET/20 RED RETROSPOT PAPER NAPKINS,High-Revenue Priority,1014.6153846153846,137,14,164.0,637.0,500.0,Stockout Risk,Local Warehouse Priority
85099C,JUMBO  BAG BAROQUE BLACK WHITE,High-Revenue Priority,1048.2307692307693,160,14,171.0,660.0,500.0,Stockout Risk,Local Warehouse Priority
22741,FUNKY DIVA PEN,High-Revenue Priority,653.7692307692307,129,21,166.0,624.0,495.0,Stockout Risk,Local Warehouse Priority
21166,COOK WITH WINE METAL SIGN,High-Revenue Priority,789.5384615384615,31,14,152.0,520.0,489.0,Stockout Risk,Local Warehouse Priority
21929,JUMBO BAG PINK VINTAGE PAISLEY,High-Revenue Priority,830.2307692307693,44,14,143.0,530.0,486.0,Stockout Risk,Local Warehouse Priority
22470,HEART OF WICKER LARGE,High-Revenue Priority,760.2307692307693,27,14,158.0,513.0,486.0,Stockout Risk,Local Warehouse Priority
21928,JUMBO BAG SCANDINAVIAN BLUE PAISLEY,High-Revenue Priority,789.0769230769231,263,21,196.0,748.0,485.0,Stockout Risk,Local Warehouse Priority
23328,SET 6 SCHOOL MILK BOTTLES IN CRATE,High-Revenue Priority,567.4,50,21,138.0,535.0,485.0,Stockout Risk,Local Warehouse Priority
82582,AREA PATROLLED METAL SIGN,High-Revenue Priority,335.6923076923077,198,45,179.0,683.0,485.0,Stockout Risk,Local Warehouse Priority
23350,ROLL WRAP VINTAGE SPOT,High-Revenue Priority,540.0,40,21,145.0,523.0,483.0,Stockout Risk,Local Warehouse Priority
22555,PLASTERS IN TIN STRONGMAN,High-Revenue Priority,461.38461538461536,146,30,167.0,628.0,482.0,Stockout Risk,Local Warehouse Priority
20719,WOODLAND CHARLOTTE BAG,High-Revenue Priority,1016.1538461538462,149,14,156.0,630.0,481.0,Stockout Risk,Local Warehouse Priority
23351,ROLL WRAP 50'S CHRISTMAS,High-Revenue Priority,690.2,215,21,210.0,693.0,478.0,Stockout Risk,Local Warehouse Priority
23439,HAND WARMER RED LOVE HEART,High-Revenue Priority,797.2,61,14,163.0,535.0,474.0,Stockout Risk,Local Warehouse Priority
22962,JAM JAR WITH PINK LID,High-Revenue Priority,299.6923076923077,160,45,183.0,633.0,473.0,Stockout Risk,Local Warehouse Priority
22596,CHRISTMAS STAR WISH LIST CHALKBOARD,High-Revenue Priority,494.8571428571428,247,30,219.0,714.0,467.0,Stockout Risk,Local Warehouse Priority
23309,SET OF 60 I LOVE LONDON CAKE CASES,High-Revenue Priority,1175.2857142857142,264,14,181.0,729.0,465.0,Stockout Risk,Local Warehouse Priority
84997D,CHILDRENS CUTLERY POLKADOT PINK,High-Revenue Priority,415.2307692307692,121,30,163.0,578.0,457.0,Stockout Risk,Local Warehouse Priority
23174,REGENCY SUGAR BOWL GREEN,High-Revenue Priority,375.75,107,30,182.0,558.0,451.0,Stockout Risk,Local Warehouse Priority
23306,SET OF 36 DOILIES PANTRY DESIGN,High-Revenue Priority,401.0,137,30,187.0,588.0,451.0,Stockout Risk,Local Warehouse Priority
22418,10 COLOUR SPACEBOY PEN,High-Revenue Priority,493.0769230769231,229,30,181.0,674.0,445.0,Stockout Risk,Local Warehouse Priority
21975,PACK OF 60 DINOSAUR CAKE CASES,High-Revenue Priority,945.2307692307692,167,14,168.0,609.0,442.0,Stockout Risk,Local Warehouse Priority
21877,HOME SWEET HOME MUG,High-Revenue Priority,339.61538461538464,66,30,167.0,507.0,441.0,Stockout Risk,Local Warehouse Priority
21169,YOU'RE CONFUSING ME METAL SIGN,High-Revenue Priority,338.53846153846155,272,45,198.0,706.0,434.0,Stockout Risk,Local Warehouse Priority
22998,TRAVEL CARD WALLET KEEP CALM,High-Revenue Priority,1115.3636363636365,279,14,192.0,713.0,434.0,Stockout Risk,Local Warehouse Priority
22087,PAPER BUNTING WHITE LACE,High-Revenue Priority,504.625,78,21,155.0,508.0,430.0,Stockout Risk,Local Warehouse Priority
22384,LUNCH BAG PINK POLKADOT,High-Revenue Priority,804.8461538461538,96,14,145.0,521.0,425.0,Stockout Risk,Local Warehouse Priority
75049L,LARGE CIRCULAR MIRROR MOBILE,High-Revenue Priority,546.1538461538462,130,21,172.0,554.0,424.0,Stockout Risk,Local Warehouse Priority
22189,CREAM HEART CARD HOLDER,High-Revenue Priority,636.8461538461538,235,21,208.0,654.0,419.0,Stockout Risk,Local Warehouse Priority
23167,SMALL CERAMIC TOP STORAGE JAR,High-Revenue Priority,669.25,41,14,146.0,458.0,417.0,Stockout Risk,Local Warehouse Priority
84991,60 TEATIME FAIRY CAKE CASES,High-Revenue Priority,1391.7692307692307,29,7,118.0,443.0,414.0,Stockout Risk,Local Warehouse Priority
84992,72 SWEETHEART FAIRY CAKE CASES,High-Revenue Priority,1014.5384615384615,233,14,174.0,647.0,414.0,Stockout Risk,Local Warehouse Priority
23313,VINTAGE CHRISTMAS BUNTING,High-Revenue Priority,496.1666666666667,93,21,158.0,505.0,412.0,Stockout Risk,Local Warehouse Priority
23354,6 GIFT TAGS 50'S CHRISTMAS,High-Revenue Priority,738.4,89,14,149.0,494.0,405.0,Stockout Risk,Local Warehouse Priority
20723,STRAWBERRY CHARLOTTE BAG,High-Revenue Priority,752.5384615384615,72,14,119.0,470.0,398.0,Stockout Risk,Local Warehouse Priority
21914,BLUE HARMONICA IN BOX,High-Revenue Priority,604.9230769230769,201,21,173.0,596.0,395.0,Stockout Risk,Local Warehouse Priority
22385,JUMBO BAG SPACEBOY DESIGN,High-Revenue Priority,658.0769230769231,31,14,116.0,423.0,392.0,Stockout Risk,Local Warehouse Priority
23543,WALL ART KEEP CALM,High-Revenue Priority,412.0,23,21,122.0,410.0,387.0,Stockout Risk,Local Warehouse Priority
21498,RED RETROSPOT WRAP,High-Revenue Priority,805.8461538461538,117,14,127.0,503.0,386.0,Stockout Risk,Local Warehouse Priority
21621,VINTAGE UNION JACK BUNTING,High-Revenue Priority,212.23076923076923,80,45,144.0,462.0,382.0,Stockout Risk,Local Warehouse Priority
23294,SET OF 6 SNACK LOAF BAKING CASES,High-Revenue Priority,730.3333333333334,97,14,137.0,478.0,381.0,Stockout Risk,Local Warehouse Priority
23293,SET OF 12 FAIRY CAKE BAKING CASES,High-Revenue Priority,1408.8333333333333,66,7,117.0,446.0,380.0,Stockout Risk,Local Warehouse Priority
21791,VINTAGE HEADS AND TAILS CARD GAME,High-Revenue Priority,602.1538461538462,20,14,117.0,398.0,378.0,Stockout Risk,Local Warehouse Priority
23247,BISCUIT TIN 50'S CHRISTMAS,High-Revenue Priority,308.0,74,30,144.0,452.0,378.0,Stockout Risk,Local Warehouse Priority
23349,ROLL WRAP VINTAGE CHRISTMAS,High-Revenue Priority,641.8,269,21,191.0,640.0,371.0,Stockout Risk,Local Warehouse Priority
22560,TRADITIONAL MODELLING CLAY,High-Revenue Priority,626.4615384615385,31,14,108.0,400.0,369.0,Stockout Risk,Local Warehouse Priority
23480,MINI LIGHTS WOODLAND MUSHROOMS,High-Revenue Priority,599.3333333333334,31,14,117.0,397.0,366.0,Stockout Risk,Local Warehouse Priority
22554,PLASTERS IN TIN WOODLAND ANIMALS,High-Revenue Priority,598.3846153846154,22,14,108.0,387.0,365.0,Stockout Risk,Local Warehouse Priority
23245,SET OF 3 REGENCY CAKE TINS,High-Revenue Priority,902.7142857142856,205,14,149.0,570.0,365.0,Stockout Risk,Local Warehouse Priority
22147,FELTCRAFT BUTTERFLY HEARTS,High-Revenue Priority,413.3076923076923,246,30,196.0,609.0,363.0,Stockout Risk,Local Warehouse Priority
22632,HAND WARMER RED RETROSPOT,High-Revenue Priority,557.75,214,21,186.0,576.0,362.0,Stockout Risk,Local Warehouse Priority
22661,CHARLOTTE BAG DOLLY GIRL DESIGN,High-Revenue Priority,398.7692307692308,20,21,101.0,380.0,360.0,Stockout Risk,Local Warehouse Priority
22662,LUNCH BAG DOLLY GIRL DESIGN,High-Revenue Priority,515.8461538461538,138,21,137.0,498.0,360.0,Stockout Risk,Local Warehouse Priority
22957,SET 3 PAPER VINTAGE CHICK PAPER EGG,High-Revenue Priority,295.8333333333333,289,45,205.0,649.0,360.0,Stockout Risk,Local Warehouse Priority
22348,TEA BAG PLATE RED RETROSPOT,High-Revenue Priority,313.2307692307692,75,30,114.0,427.0,352.0,Stockout Risk,Local Warehouse Priority
21094,SET/6 RED SPOTTY PAPER PLATES,High-Revenue Priority,673.6923076923077,297,21,175.0,647.0,350.0,Stockout Risk,Local Warehouse Priority
21703,BAG 125G SWIRLY MARBLES,High-Revenue Priority,715.8461538461538,131,14,147.0,481.0,350.0,Stockout Risk,Local Warehouse Priority
21122,SET/10 PINK POLKADOT PARTY CANDLES,High-Revenue Priority,405.9230769230769,42,21,105.0,389.0,347.0,Stockout Risk,Local Warehouse Priority
22961,JAM MAKING SET PRINTED,High-Revenue Priority,1244.076923076923,44,7,98.0,388.0,344.0,Stockout Risk,Local Warehouse Priority
23165,LARGE CERAMIC TOP STORAGE JAR,High-Revenue Priority,381.5,169,30,128.0,510.0,341.0,Stockout Risk,Local Warehouse Priority
23175,REGENCY MILK JUG PINK,High-Revenue Priority,389.0,63,21,131.0,403.0,340.0,Stockout Risk,Local Warehouse Priority
21907,I'M ON HOLIDAY METAL SIGN,High-Revenue Priority,181.46153846153845,48,45,104.0,376.0,328.0,Stockout Risk,Local Warehouse Priority
22084,PAPER CHAIN KIT EMPIRE,High-Revenue Priority,470.54545454545456,221,21,220.0,549.0,328.0,Stockout Risk,Local Warehouse Priority
22666,RECIPE BOX PANTRY YELLOW DESIGN,High-Revenue Priority,632.1538461538462,78,14,111.0,406.0,328.0,Stockout Risk,Local Warehouse Priority
21232,STRAWBERRY CERAMIC TRINKET BOX,High-Revenue Priority,904.4615384615385,242,14,145.0,567.0,325.0,Stockout Risk,Local Warehouse Priority
21314,SMALL GLASS HEART TRINKET POT,High-Revenue Priority,325.84615384615387,110,30,107.0,433.0,323.0,Stockout Risk,Local Warehouse Priority
23208,LUNCH BAG VINTAGE LEAF DESIGN,High-Revenue Priority,699.7777777777778,109,14,105.0,432.0,323.0,Stockout Risk,Local Warehouse Priority
21243,PINK  POLKADOT PLATE,High-Revenue Priority,175.15384615384616,44,45,103.0,366.0,322.0,Stockout Risk,Local Warehouse Priority
22646,CERAMIC STRAWBERRY CAKE MONEY BANK,High-Revenue Priority,319.9230769230769,126,30,127.0,447.0,321.0,Stockout Risk,Local Warehouse Priority
23311,VINTAGE CHRISTMAS STOCKING,High-Revenue Priority,397.3333333333333,88,21,128.0,406.0,318.0,Stockout Risk,Local Warehouse Priority
23340,VINTAGE CHRISTMAS CAKE FRILL,High-Revenue Priority,416.6666666666667,125,21,150.0,442.0,317.0,Stockout Risk,Local Warehouse Priority
62018,SOMBRERO,High-Revenue Priority,339.61538461538464,211,30,185.0,525.0,314.0,Stockout Risk,Local Warehouse Priority
22557,PLASTERS IN TIN VINTAGE PAISLEY,High-Revenue Priority,362.46153846153845,33,21,92.0,346.0,313.0,Stockout Risk,Local Warehouse Priority
23263,SET OF 3 WOODEN HEART DECORATIONS,High-Revenue Priority,548.4285714285714,230,21,158.0,542.0,312.0,Stockout Risk,Local Warehouse Priority
20728,LUNCH BAG CARS BLUE,High-Revenue Priority,903.3076923076924,266,14,155.0,577.0,311.0,Stockout Risk,Local Warehouse Priority
22467,GUMBALL COAT RACK,High-Revenue Priority,603.8461538461538,79,14,102.0,384.0,305.0,Stockout Risk,Local Warehouse Priority
23322,LARGE WHITE HEART OF WICKER,High-Revenue Priority,432.7142857142857,299,30,170.0,603.0,304.0,Stockout Risk,Local Warehouse Priority
48187,DOORMAT NEW ENGLAND,High-Revenue Priority,292.6923076923077,127,30,131.0,424.0,297.0,Stockout Risk,Local Warehouse Priority
23103,JINGLE BELL HEART DECORATION,High-Revenue Priority,506.0,47,14,101.0,337.0,290.0,Stockout Risk,Local Warehouse Priority
23321,SMALL WHITE HEART OF WICKER,High-Revenue Priority,671.2857142857143,148,14,125.0,438.0,290.0,Stockout Risk,Local Warehouse Priority
22491,PACK OF 12 COLOURED PENCILS,High-Revenue Priority,302.6923076923077,136,30,121.0,424.0,288.0,Stockout Risk,Local Warehouse Priority
22726,ALARM CLOCK BAKELIKE GREEN,High-Revenue Priority,492.84615384615387,38,14,92.0,322.0,284.0,Stockout Risk,Local Warehouse Priority
22413,METAL SIGN TAKE IT OR LEAVE IT,High-Revenue Priority,288.9230769230769,36,21,116.0,318.0,282.0,Stockout Risk,Local Warehouse Priority
22966,GINGERBREAD MAN COOKIE CUTTER,High-Revenue Priority,571.9230769230769,87,14,102.0,369.0,282.0,Stockout Risk,Local Warehouse Priority
22950,36 DOILIES VINTAGE CHRISTMAS,High-Revenue Priority,814.1666666666666,295,14,196.0,576.0,281.0,Stockout Risk,Local Warehouse Priority
22386,JUMBO BAG PINK POLKADOT,High-Revenue Priority,1615.6923076923076,243,7,145.0,522.0,279.0,Stockout Risk,Local Warehouse Priority
21137,BLACK RECORD COVER FRAME,High-Revenue Priority,895.3076923076923,23,7,92.0,301.0,278.0,Stockout Risk,Local Warehouse Priority
84375,SET OF 20 KIDS COOKIE CUTTERS,High-Revenue Priority,330.61538461538464,184,30,130.0,461.0,277.0,Stockout Risk,Local Warehouse Priority
20975,12 PENCILS SMALL TUBE RED RETROSPOT,High-Revenue Priority,592.0909090909091,123,14,121.0,397.0,274.0,Stockout Risk,Local Warehouse Priority
22466,FAIRY TALE COTTAGE NIGHT LIGHT,High-Revenue Priority,236.07692307692307,91,30,125.0,361.0,270.0,Stockout Risk,Local Warehouse Priority
22381,TOY TIDY PINK POLKADOT,High-Revenue Priority,263.7692307692308,101,30,104.0,368.0,267.0,Stockout Risk,Local Warehouse Priority
22417,PACK OF 60 SPACEBOY CAKE CASES,High-Revenue Priority,645.8461538461538,139,14,104.0,405.0,266.0,Stockout Risk,Local Warehouse Priority
23215,JINGLE BELL HEART ANTIQUE SILVER,High-Revenue Priority,509.1428571428572,94,14,122.0,360.0,266.0,Stockout Risk,Local Warehouse Priority
22734,SET OF 6 RIBBONS VINTAGE CHRISTMAS,High-Revenue Priority,323.1,95,21,131.0,357.0,262.0,Stockout Risk,Local Warehouse Priority
23238,SET OF 4 KNICK KNACK TINS LONDON,High-Revenue Priority,263.2857142857143,90,30,85.0,348.0,258.0,Stockout Risk,Local Warehouse Priority
22698,PINK REGENCY TEACUP AND SAUCER,High-Revenue Priority,476.6666666666667,45,14,80.0,302.0,257.0,Stockout Risk,Local Warehouse Priority
23241,TREASURE TIN GYMKHANA DESIGN,High-Revenue Priority,309.1428571428572,33,21,74.0,290.0,257.0,Stockout Risk,Local Warehouse Priority
23404,HOME SWEET HOME BLACKBOARD,High-Revenue Priority,251.25,85,30,90.0,341.0,256.0,Stockout Risk,Local Warehouse Priority
21121,SET/10 RED POLKADOT PARTY CANDLES,High-Revenue Priority,504.46153846153845,241,21,142.0,495.0,254.0,Stockout Risk,Local Warehouse Priority
22595,GINGHAM HEART DECORATION,High-Revenue Priority,522.1538461538462,136,14,142.0,386.0,250.0,Stockout Risk,Local Warehouse Priority
22979,PANTRY WASHING UP BRUSH,High-Revenue Priority,400.6,149,21,117.0,397.0,248.0,Stockout Risk,Local Warehouse Priority
23192,BUNDLE OF 3 ALPHABET EXERCISE BOOKS,High-Revenue Priority,439.375,163,21,103.0,411.0,248.0,Stockout Risk,Local Warehouse Priority
22041,"RECORD FRAME 7"" SINGLE SIZE",High-Revenue Priority,334.0769230769231,73,21,85.0,319.0,246.0,Stockout Risk,Local Warehouse Priority
23109,PACK OF SIX LED TEA LIGHTS,High-Revenue Priority,286.25,157,30,117.0,403.0,246.0,Stockout Risk,Local Warehouse Priority
22457,NATURAL SLATE HEART CHALKBOARD,High-Revenue Priority,700.4615384615385,182,14,97.0,424.0,242.0,Stockout Risk,Local Warehouse Priority
21165,BEWARE OF THE CAT METAL SIGN,High-Revenue Priority,318.61538461538464,63,21,81.0,304.0,241.0,Stockout Risk,Local Warehouse Priority
23108,SET OF 10 LED DOLLY LIGHTS,High-Revenue Priority,270.75,27,21,78.0,268.0,241.0,Stockout Risk,Local Warehouse Priority
23355,HOT WATER BOTTLE KEEP CALM,High-Revenue Priority,1156.0,146,7,115.0,385.0,239.0,Stockout Risk,Local Warehouse Priority
84970L,SINGLE HEART ZINC T-LIGHT HOLDER,High-Revenue Priority,481.0,66,14,80.0,304.0,238.0,Stockout Risk,Local Warehouse Priority
23353,6 GIFT TAGS VINTAGE CHRISTMAS,High-Revenue Priority,799.0,26,7,76.0,262.0,236.0,Stockout Risk,Local Warehouse Priority
20711,JUMBO BAG TOYS,High-Revenue Priority,384.38461538461536,149,21,114.0,383.0,234.0,Stockout Risk,Local Warehouse Priority
22083,PAPER CHAIN KIT RETROSPOT,High-Revenue Priority,355.0769230769231,100,21,84.0,333.0,233.0,Stockout Risk,Local Warehouse Priority
21673,WHITE SPOT BLUE CERAMIC DRAWER KNOB,High-Revenue Priority,331.84615384615387,86,21,86.0,318.0,232.0,Stockout Risk,Local Warehouse Priority
23531,WALL ART BIG LOVE,High-Revenue Priority,325.3333333333333,85,21,89.0,317.0,232.0,Stockout Risk,Local Warehouse Priority
23170,REGENCY TEA PLATE ROSES,High-Revenue Priority,843.625,48,7,82.0,279.0,231.0,Stockout Risk,Local Warehouse Priority
22812,PACK 3 BOXES CHRISTMAS PANNETONE,High-Revenue Priority,190.33333333333331,69,30,106.0,296.0,227.0,Stockout Risk,Local Warehouse Priority
23210,WHITE ROCKING HORSE HAND PAINTED,High-Revenue Priority,380.1428571428572,31,14,81.0,258.0,227.0,Stockout Risk,Local Warehouse Priority
82552,WASHROOM METAL SIGN,High-Revenue Priority,231.69230769230768,102,30,97.0,329.0,227.0,Stockout Risk,Local Warehouse Priority
21210,SET OF 72 RETROSPOT PAPER  DOILIES,High-Revenue Priority,437.46153846153845,202,21,122.0,428.0,226.0,Stockout Risk,Local Warehouse Priority
22333,RETROSPOT PARTY BAG + STICKER SET,High-Revenue Priority,342.46153846153845,245,30,129.0,471.0,226.0,Stockout Risk,Local Warehouse Priority
21931,JUMBO STORAGE BAG SUKI,High-Revenue Priority,1026.1538461538462,94,7,80.0,319.0,225.0,Stockout Risk,Local Warehouse Priority
22149,FELTCRAFT 6 FLOWER FRIENDS,High-Revenue Priority,455.3333333333333,74,14,87.0,299.0,225.0,Stockout Risk,Local Warehouse Priority
22549,PICTURE DOMINOES,High-Revenue Priority,245.23076923076923,26,21,76.0,248.0,222.0,Stockout Risk,Local Warehouse Priority
23182,TOILET SIGN OCCUPIED OR VACANT,High-Revenue Priority,374.1,137,21,97.0,359.0,222.0,Stockout Risk,Local Warehouse Priority
22173,METAL 4 HOOK HANGER FRENCH CHATEAU,High-Revenue Priority,195.58333333333331,44,30,67.0,263.0,219.0,Stockout Risk,Local Warehouse Priority
20979,36 PENCILS TUBE RED RETROSPOT,High-Revenue Priority,279.7692307692308,58,21,79.0,275.0,217.0,Stockout Risk,Local Warehouse Priority
22791,T-LIGHT GLASS FLUTED ANTIQUE,High-Revenue Priority,649.9166666666666,192,14,106.0,409.0,217.0,Stockout Risk,Local Warehouse Priority
20972,PINK CREAM FELT CRAFT TRINKET BOX,High-Revenue Priority,563.4615384615385,146,14,98.0,361.0,215.0,Stockout Risk,Local Warehouse Priority
22970,LONDON BUS COFFEE MUG,High-Revenue Priority,333.38461538461536,115,21,97.0,330.0,215.0,Stockout Risk,Local Warehouse Priority
82494L,WOODEN FRAME ANTIQUE WHITE,High-Revenue Priority,516.2307692307693,119,14,92.0,333.0,214.0,Stockout Risk,Local Warehouse Priority
23032,DRAWER KNOB CRACKLE GLAZE IVORY,High-Revenue Priority,385.8333333333333,32,14,65.0,245.0,213.0,Stockout Risk,Local Warehouse Priority
21231,SWEETHEART CERAMIC TRINKET BOX,High-Revenue Priority,460.1538461538461,225,21,114.0,436.0,211.0,Stockout Risk,Local Warehouse Priority
84347,ROTATING SILVER ANGELS T-LIGHT HLDR,High-Revenue Priority,727.7692307692307,63,7,104.0,274.0,211.0,Stockout Risk,Local Warehouse Priority
22652,TRAVEL SEWING KIT,High-Revenue Priority,423.4166666666667,63,14,75.0,273.0,210.0,Stockout Risk,Local Warehouse Priority
22621,TRADITIONAL KNITTING NANCY,High-Revenue Priority,469.2307692307692,103,14,93.0,312.0,209.0,Stockout Risk,Local Warehouse Priority
22633,HAND WARMER UNION JACK,High-Revenue Priority,483.9,137,14,119.0,345.0,208.0,Stockout Risk,Local Warehouse Priority
22113,GREY HEART HOT WATER BOTTLE,High-Revenue Priority,247.3846153846154,53,21,87.0,260.0,207.0,Stockout Risk,Local Warehouse Priority
84378,SET OF 3 HEART COOKIE CUTTERS,High-Revenue Priority,485.2307692307692,121,14,100.0,326.0,205.0,Stockout Risk,Local Warehouse Priority
21787,RAIN PONCHO RETROSPOT,High-Revenue Priority,642.0769230769231,255,14,159.0,459.0,204.0,Stockout Risk,Local Warehouse Priority
22493,PAINT YOUR OWN CANVAS SET,High-Revenue Priority,189.30769230769232,83,30,97.0,286.0,203.0,Stockout Risk,Local Warehouse Priority
22908,PACK OF 20 NAPKINS RED APPLES,High-Revenue Priority,336.9230769230769,267,30,133.0,470.0,203.0,Stockout Risk,Local Warehouse Priority
22722,SET OF 6 SPICE TINS PANTRY DESIGN,High-Revenue Priority,495.75,121,14,92.0,323.0,202.0,Stockout Risk,Local Warehouse Priority
22938,CUPCAKE LACE PAPER SET 6,High-Revenue Priority,179.30769230769232,177,45,110.0,379.0,202.0,Stockout Risk,Local Warehouse Priority
22720,SET OF 3 CAKE TINS PANTRY DESIGN,High-Revenue Priority,573.6923076923077,178,14,111.0,379.0,201.0,Stockout Risk,Local Warehouse Priority
84970S,HANGING HEART ZINC T-LIGHT HOLDER,High-Revenue Priority,701.3076923076923,247,14,118.0,445.0,198.0,Stockout Risk,Local Warehouse Priority
21731,RED TOADSTOOL LED NIGHT LIGHT,High-Revenue Priority,1074.1538461538462,152,7,98.0,349.0,197.0,Stockout Risk,Local Warehouse Priority
48138,DOORMAT UNION FLAG,High-Revenue Priority,287.6923076923077,89,21,85.0,286.0,197.0,Stockout Risk,Local Warehouse Priority
23556,LANDMARK FRAME COVENT GARDEN,High-Revenue Priority,145.33333333333334,153,45,131.0,349.0,196.0,Stockout Risk,Local Warehouse Priority
22111,SCOTTIE DOG HOT WATER BOTTLE,High-Revenue Priority,358.0,61,14,88.0,255.0,194.0,Stockout Risk,Local Warehouse Priority
21497,FANCY FONTS BIRTHDAY WRAP,High-Revenue Priority,657.6923076923077,245,14,130.0,437.0,192.0,Stockout Risk,Local Warehouse Priority
23156,SET OF 5 MINI GROCERY MAGNETS,High-Revenue Priority,164.1,145,45,90.0,336.0,191.0,Stockout Risk,Local Warehouse Priority
23193,BUFFALO BILL TREASURE BOOK BOX,High-Revenue Priority,191.2,91,30,90.0,281.0,190.0,Stockout Risk,Local Warehouse Priority
47590A,BLUE HAPPY BIRTHDAY BUNTING,High-Revenue Priority,152.84615384615384,136,45,97.0,326.0,190.0,Stockout Risk,Local Warehouse Priority
22771,CLEAR DRAWER KNOB ACRYLIC EDWARDIAN,High-Revenue Priority,502.0769230769231,125,14,78.0,312.0,187.0,Stockout Risk,Local Warehouse Priority
21933,PINK VINTAGE PAISLEY PICNIC BAG,High-Revenue Priority,205.46153846153845,36,21,78.0,222.0,186.0,Stockout Risk,Local Warehouse Priority
22150,3 STRIPEY MICE FELTCRAFT,High-Revenue Priority,231.84615384615384,130,30,83.0,315.0,185.0,Stockout Risk,Local Warehouse Priority
23198,PANTRY MAGNETIC  SHOPPING LIST,High-Revenue Priority,476.7142857142857,123,14,82.0,304.0,181.0,Stockout Risk,Local Warehouse Priority
22697,GREEN REGENCY TEACUP AND SAUCER,High-Revenue Priority,554.5384615384615,164,14,81.0,340.0,176.0,Stockout Risk,Local Warehouse Priority
23144,ZINC T-LIGHT HOLDER STARS SMALL,High-Revenue Priority,562.7777777777778,193,14,104.0,367.0,174.0,Stockout Risk,Local Warehouse Priority
15056BL,EDWARDIAN PARASOL BLACK,High-Revenue Priority,215.69230769230768,41,21,61.0,212.0,171.0,Stockout Risk,Local Warehouse Priority
23232,WRAP VINTAGE LEAF DESIGN,High-Revenue Priority,706.25,279,14,120.0,450.0,171.0,Stockout Risk,Local Warehouse Priority
21124,SET/10 BLUE POLKADOT PARTY CANDLES,High-Revenue Priority,304.84615384615387,29,14,57.0,199.0,170.0,Stockout Risk,Local Warehouse Priority
84997B,CHILDRENS CUTLERY RETROSPOT RED,High-Revenue Priority,350.0,172,21,96.0,341.0,169.0,Stockout Risk,Local Warehouse Priority
84997C,CHILDRENS CUTLERY POLKADOT BLUE,High-Revenue Priority,312.84615384615387,142,21,92.0,311.0,169.0,Stockout Risk,Local Warehouse Priority
21671,RED SPOT CERAMIC DRAWER KNOB,High-Revenue Priority,336.61538461538464,44,14,53.0,210.0,166.0,Stockout Risk,Local Warehouse Priority
21523,DOORMAT FANCY FONT HOME SWEET HOME,High-Revenue Priority,249.30769230769232,88,21,78.0,253.0,165.0,Stockout Risk,Local Warehouse Priority
22969,HOMEMADE JAM SCENTED CANDLES,High-Revenue Priority,959.3846153846154,147,7,86.0,310.0,163.0,Stockout Risk,Local Warehouse Priority
22379,RECYCLING BAG RETROSPOT,High-Revenue Priority,530.3846153846154,177,14,90.0,338.0,161.0,Stockout Risk,Local Warehouse Priority
20914,SET/5 RED RETROSPOT LID GLASS BOWLS,High-Revenue Priority,485.7692307692308,299,21,119.0,459.0,160.0,Stockout Risk,Local Warehouse Priority
22867,HAND WARMER BIRD DESIGN,High-Revenue Priority,639.7,68,7,78.0,227.0,159.0,Stockout Risk,Local Warehouse Priority
21672,WHITE SPOT RED CERAMIC DRAWER KNOB,High-Revenue Priority,381.0769230769231,87,14,66.0,244.0,157.0,Stockout Risk,Local Warehouse Priority
84836,ZINC METAL HEART DECORATION,High-Revenue Priority,455.7692307692308,136,14,78.0,291.0,155.0,Stockout Risk,Local Warehouse Priority
22631,CIRCUS PARADE LUNCH BOX,High-Revenue Priority,281.9230769230769,29,14,50.0,182.0,153.0,Stockout Risk,Local Warehouse Priority
84029G,KNITTED UNION FLAG HOT WATER BOTTLE,High-Revenue Priority,254.69230769230768,40,14,72.0,191.0,151.0,Stockout Risk,Local Warehouse Priority
22328,ROUND SNACK BOXES SET OF 4 FRUITS,High-Revenue Priority,524.9230769230769,28,7,56.0,178.0,150.0,Stockout Risk,Local Warehouse Priority
22431,WATERING CAN BLUE ELEPHANT,High-Revenue Priority,157.84615384615384,77,30,69.0,227.0,150.0,Stockout Risk,Local Warehouse Priority
21833,CAMOUFLAGE LED TORCH,High-Revenue Priority,207.84615384615384,61,21,64.0,209.0,148.0,Stockout Risk,Local Warehouse Priority
22749,FELTCRAFT PRINCESS CHARLOTTE DOLL,High-Revenue Priority,181.69230769230768,31,21,51.0,178.0,147.0,Stockout Risk,Local Warehouse Priority
23297,SET 40 HEART SHAPE PETIT FOUR CASES,High-Revenue Priority,856.2,156,7,102.0,302.0,146.0,Stockout Risk,Local Warehouse Priority
22141,CHRISTMAS CRAFT TREE TOP ANGEL,High-Revenue Priority,232.58333333333331,30,14,66.0,175.0,145.0,Stockout Risk,Local Warehouse Priority
23204,CHARLOTTE BAG APPLES DESIGN,High-Revenue Priority,874.5555555555555,131,7,72.0,276.0,145.0,Stockout Risk,Local Warehouse Priority
22488,NATURAL SLATE RECTANGLE CHALKBOARD,High-Revenue Priority,243.6153846153846,185,30,85.0,329.0,144.0,Stockout Risk,Local Warehouse Priority
21156,RETROSPOT CHILDRENS APRON,High-Revenue Priority,242.6153846153846,197,30,95.0,338.0,141.0,Stockout Risk,Local Warehouse Priority
23239,SET OF 4 KNICK KNACK TINS POPPIES,High-Revenue Priority,117.71428571428572,23,30,45.0,163.0,140.0,Stockout Risk,Local Warehouse Priority
21213,PACK OF 72 SKULL CAKE CASES,High-Revenue Priority,1163.1538461538462,236,7,103.0,374.0,138.0,Stockout Risk,Local Warehouse Priority
21216,"SET 3 RETROSPOT TEA,COFFEE,SUGAR",High-Revenue Priority,163.3846153846154,81,30,56.0,219.0,138.0,Stockout Risk,Local Warehouse Priority
71477,COLOUR GLASS. STAR T-LIGHT HOLDER,High-Revenue Priority,560.25,233,14,110.0,371.0,138.0,Stockout Risk,Local Warehouse Priority
82580,BATHROOM METAL SIGN,High-Revenue Priority,430.1538461538461,131,14,68.0,269.0,138.0,Stockout Risk,Local Warehouse Priority
22585,PACK OF 6 BIRDY GIFT TAGS,High-Revenue Priority,476.61538461538464,23,7,49.0,160.0,137.0,Stockout Risk,Local Warehouse Priority
22659,LUNCH BOX I LOVE LONDON,High-Revenue Priority,879.6153846153846,149,7,81.0,286.0,137.0,Stockout Risk,Local Warehouse Priority
21172,PARTY METAL SIGN,High-Revenue Priority,289.4166666666667,54,14,54.0,189.0,135.0,Stockout Risk,Local Warehouse Priority
23318,BOX OF 6 MINI VINTAGE CRACKERS,High-Revenue Priority,611.5,279,14,129.0,414.0,135.0,Stockout Risk,Local Warehouse Priority
23389,SPACEBOY MINI BACKPACK,High-Revenue Priority,278.75,47,14,52.0,182.0,135.0,Stockout Risk,Local Warehouse Priority
22775,PURPLE DRAWERKNOB ACRYLIC EDWARDIAN,High-Revenue Priority,238.84615384615384,96,21,62.0,229.0,133.0,Stockout Risk,Local Warehouse Priority
21716,BOYS VINTAGE TIN SEASIDE BUCKET,High-Revenue Priority,109.6153846153846,25,30,47.0,157.0,132.0,Stockout Risk,Local Warehouse Priority
21098,CHRISTMAS TOILET ROLL,High-Revenue Priority,413.22222222222223,173,14,111.0,304.0,131.0,Stockout Risk,Local Warehouse Priority
22187,GREEN CHRISTMAS TREE CARD HOLDER,High-Revenue Priority,140.44444444444446,31,21,62.0,160.0,129.0,Stockout Risk,Local Warehouse Priority
22296,HEART IVORY TRELLIS LARGE,High-Revenue Priority,241.53846153846155,24,14,39.0,152.0,128.0,Stockout Risk,Local Warehouse Priority
20685,DOORMAT RED RETROSPOT,High-Revenue Priority,309.46153846153845,179,21,89.0,306.0,127.0,Stockout Risk,Local Warehouse Priority
22174,PHOTO CUBE,High-Revenue Priority,247.53846153846155,58,14,68.0,184.0,126.0,Stockout Risk,Local Warehouse Priority
21238,RED RETROSPOT CUP,High-Revenue Priority,303.7692307692308,71,14,53.0,195.0,124.0,Stockout Risk,Local Warehouse Priority
21876,POTTERING MUG,High-Revenue Priority,289.38461538461536,176,21,94.0,297.0,121.0,Stockout Risk,Local Warehouse Priority
22947,WOODEN ADVENT CALENDAR RED,High-Revenue Priority,124.0,85,30,80.0,204.0,119.0,Stockout Risk,Local Warehouse Priority
23173,REGENCY TEAPOT ROSES,High-Revenue Priority,342.625,114,14,73.0,233.0,119.0,Stockout Risk,Local Warehouse Priority
85049A,TRADITIONAL CHRISTMAS RIBBONS,High-Revenue Priority,249.6153846153846,62,14,65.0,181.0,119.0,Stockout Risk,Local Warehouse Priority
48173C,DOORMAT BLACK FLOCK,High-Revenue Priority,139.53846153846155,36,21,55.0,153.0,117.0,Stockout Risk,Local Warehouse Priority
84380,SET OF 3 BUTTERFLY COOKIE CUTTERS,High-Revenue Priority,442.1538461538461,299,21,104.0,414.0,115.0,Stockout Risk,Local Warehouse Priority
22728,ALARM CLOCK BAKELIKE PINK,High-Revenue Priority,411.38461538461536,298,21,124.0,412.0,114.0,Stockout Risk,Local Warehouse Priority
23157,SET OF 6 NATIVITY MAGNETS,High-Revenue Priority,231.7,257,30,139.0,371.0,114.0,Stockout Risk,Local Warehouse Priority
23229,VINTAGE DONKEY TAIL GAME,High-Revenue Priority,266.0,249,30,96.0,362.0,113.0,Stockout Risk,Local Warehouse Priority
23189,SET OF 12 FORK CANDLES,High-Revenue Priority,249.8,130,21,67.0,242.0,112.0,Stockout Risk,Local Warehouse Priority
22620,4 TRADITIONAL SPINNING TOPS,High-Revenue Priority,376.0769230769231,250,21,98.0,361.0,111.0,Stockout Risk,Local Warehouse Priority
22730,ALARM CLOCK BAKELIKE IVORY,High-Revenue Priority,220.84615384615384,108,21,64.0,219.0,111.0,Stockout Risk,Local Warehouse Priority
21430,SET/3 RED GINGHAM ROSE STORAGE BOX,High-Revenue Priority,231.23076923076923,216,30,93.0,324.0,108.0,Stockout Risk,Local Warehouse Priority
23426,METAL SIGN DROP YOUR PANTS,High-Revenue Priority,317.25,98,14,56.0,204.0,106.0,Stockout Risk,Local Warehouse Priority
23135,SMALL ZINC HEART WALL ORGANISER,High-Revenue Priority,171.22222222222223,290,45,138.0,395.0,105.0,Stockout Risk,Local Warehouse Priority
21704,BAG 250G SWIRLY MARBLES,High-Revenue Priority,395.6923076923077,23,7,35.0,127.0,104.0,Stockout Risk,Local Warehouse Priority
21746,SMALL RED RETROSPOT WINDMILL,High-Revenue Priority,255.25,161,21,85.0,264.0,103.0,Stockout Risk,Local Warehouse Priority
47591D,PINK FAIRY CAKE CHILDRENS APRON,High-Revenue Priority,257.0,66,14,48.0,168.0,102.0,Stockout Risk,Local Warehouse Priority
21481,FAWN BLUE HOT WATER BOTTLE,High-Revenue Priority,249.7692307692308,274,30,125.0,375.0,101.0,Stockout Risk,Local Warehouse Priority
23134,LARGE ZINC HEART WALL ORGANISER,High-Revenue Priority,177.5,29,14,44.0,127.0,98.0,Stockout Risk,Local Warehouse Priority
22898,CHILDRENS APRON APPLES DESIGN,High-Revenue Priority,185.69230769230768,22,14,32.0,119.0,97.0,Stockout Risk,Local Warehouse Priority
20973,12 PENCIL SMALL TUBE WOODLAND,High-Revenue Priority,374.75,174,14,95.0,270.0,96.0,Stockout Risk,Local Warehouse Priority
21531,RED RETROSPOT SUGAR JAM BOWL,High-Revenue Priority,116.46153846153848,145,45,66.0,241.0,96.0,Stockout Risk,Local Warehouse Priority
21669,BLUE STRIPE CERAMIC DRAWER KNOB,High-Revenue Priority,401.1538461538461,32,7,34.0,128.0,96.0,Stockout Risk,Local Warehouse Priority
21479,WHITE SKULL HOT WATER BOTTLE,High-Revenue Priority,301.15384615384613,131,14,84.0,225.0,94.0,Stockout Risk,Local Warehouse Priority
21385,IVORY HANGING DECORATION  HEART,High-Revenue Priority,298.6923076923077,197,21,81.0,290.0,93.0,Stockout Risk,Local Warehouse Priority
22727,ALARM CLOCK BAKELIKE RED,High-Revenue Priority,598.9230769230769,101,7,54.0,194.0,93.0,Stockout Risk,Local Warehouse Priority
22813,PACK 3 BOXES BIRD PANNETONE,High-Revenue Priority,182.46153846153845,171,30,80.0,262.0,91.0,Stockout Risk,Local Warehouse Priority
22065,CHRISTMAS PUDDING TRINKET POT,High-Revenue Priority,672.9,166,7,97.0,254.0,88.0,Stockout Risk,Local Warehouse Priority
22964,3 PIECE SPACEBOY COOKIE CUTTER SET,High-Revenue Priority,201.30769230769232,44,14,38.0,132.0,88.0,Stockout Risk,Local Warehouse Priority
23158,SET OF 5 LUCKY CAT MAGNETS,High-Revenue Priority,259.7,154,21,60.0,242.0,88.0,Stockout Risk,Local Warehouse Priority
84406B,CREAM CUPID HEARTS COAT HANGER,High-Revenue Priority,152.84615384615384,130,30,65.0,218.0,88.0,Stockout Risk,Local Warehouse Priority
22138,BAKING SET 9 PIECE RETROSPOT,High-Revenue Priority,376.9230769230769,168,14,79.0,255.0,87.0,Stockout Risk,Local Warehouse Priority
23082,SET 6 PAPER TABLE LANTERN HEARTS,High-Revenue Priority,291.0,192,21,74.0,278.0,86.0,Stockout Risk,Local Warehouse Priority
23234,BISCUIT TIN VINTAGE CHRISTMAS,High-Revenue Priority,244.28571428571428,76,14,48.0,162.0,86.0,Stockout Risk,Local Warehouse Priority
84949,SILVER HANGING T-LIGHT HOLDER,High-Revenue Priority,363.3076923076923,157,14,73.0,243.0,86.0,Stockout Risk,Local Warehouse Priority
23526,WALL ART DOG LICENCE,High-Revenue Priority,332.0,127,14,57.0,212.0,85.0,Stockout Risk,Local Warehouse Priority
82482,WOODEN PICTURE FRAME WHITE FINISH,High-Revenue Priority,674.3846153846154,126,7,54.0,211.0,85.0,Stockout Risk,Local Warehouse Priority
23254,CHILDRENS CUTLERY DOLLY GIRL,High-Revenue Priority,187.33333333333331,178,30,74.0,261.0,83.0,Stockout Risk,Local Warehouse Priority
22759,SET OF 3 NOTEBOOKS IN PARCEL,High-Revenue Priority,451.9166666666667,70,7,47.0,152.0,82.0,Stockout Risk,Local Warehouse Priority
22699,ROSES REGENCY TEACUP AND SAUCER,High-Revenue Priority,744.1538461538462,155,7,62.0,236.0,81.0,Stockout Risk,Local Warehouse Priority
23154,SET OF 4 JAM JAR MAGNETS,High-Revenue Priority,265.2,168,21,63.0,249.0,81.0,Stockout Risk,Local Warehouse Priority
22171,3 HOOK PHOTO SHELF ANTIQUE WHITE,High-Revenue Priority,136.0,61,21,46.0,141.0,80.0,Stockout Risk,Local Warehouse Priority
22584,PACK OF 6 PANNETONE GIFT BOXES,High-Revenue Priority,179.23076923076923,43,14,37.0,121.0,78.0,Stockout Risk,Local Warehouse Priority
23083,SET 6 PAPER TABLE LANTERN STARS,High-Revenue Priority,235.5,88,14,54.0,164.0,76.0,Stockout Risk,Local Warehouse Priority
23188,VINTAGE  2 METER FOLDING RULER,High-Revenue Priority,494.1428571428572,248,14,93.0,324.0,76.0,Stockout Risk,Local Warehouse Priority
22766,PHOTO FRAME CORNICE,High-Revenue Priority,250.53846153846155,176,21,75.0,250.0,74.0,Stockout Risk,Local Warehouse Priority
20717,STRAWBERRY SHOPPER BAG,High-Revenue Priority,218.84615384615384,244,30,98.0,317.0,73.0,Stockout Risk,Local Warehouse Priority
22687,DOORMAT CHRISTMAS VILLAGE,High-Revenue Priority,84.28571428571429,148,45,95.0,221.0,73.0,Stockout Risk,Local Warehouse Priority
23077,DOUGHNUT LIP GLOSS,High-Revenue Priority,1033.5,266,7,98.0,339.0,73.0,Stockout Risk,Local Warehouse Priority
22427,ENAMEL FLOWER JUG CREAM,High-Revenue Priority,188.63636363636363,48,14,32.0,120.0,72.0,Stockout Risk,Local Warehouse Priority
22625,RED KITCHEN SCALES,High-Revenue Priority,124.07692307692308,47,21,32.0,119.0,72.0,Stockout Risk,Local Warehouse Priority
21164,HOME SWEET HOME METAL SIGN,High-Revenue Priority,135.3846153846154,62,21,38.0,133.0,71.0,Stockout Risk,Local Warehouse Priority
23552,BICYCLE PUNCTURE REPAIR KIT,High-Revenue Priority,931.5,226,7,80.0,297.0,71.0,Stockout Risk,Local Warehouse Priority
22971,QUEENS GUARD COFFEE MUG,High-Revenue Priority,187.0,111,21,50.0,181.0,70.0,Stockout Risk,Local Warehouse Priority
84997A,CHILDRENS CUTLERY POLKADOT GREEN,High-Revenue Priority,206.07692307692307,130,21,55.0,199.0,69.0,Stockout Risk,Local Warehouse Priority
21733,RED HANGING HEART T-LIGHT HOLDER,High-Revenue Priority,602.3846153846154,137,7,63.0,204.0,67.0,Stockout Risk,Local Warehouse Priority
22629,SPACEBOY LUNCH BOX,High-Revenue Priority,1096.076923076923,280,7,91.0,347.0,67.0,Stockout Risk,Local Warehouse Priority
23159,SET OF 5 PANCAKE DAY MAGNETS,High-Revenue Priority,253.33333333333331,170,21,60.0,237.0,67.0,Stockout Risk,Local Warehouse Priority
22367,CHILDRENS APRON SPACEBOY DESIGN,High-Revenue Priority,287.0769230769231,26,7,25.0,92.0,66.0,Stockout Risk,Local Warehouse Priority
48194,DOORMAT HEARTS,High-Revenue Priority,262.61538461538464,202,21,84.0,268.0,66.0,Stockout Risk,Local Warehouse Priority
85132C,CHARLIE AND LOLA FIGURES TINS,High-Revenue Priority,152.2,41,14,36.0,107.0,66.0,Stockout Risk,Local Warehouse Priority
22499,WOODEN UNION JACK BUNTING,High-Revenue Priority,160.84615384615384,114,21,66.0,179.0,65.0,Stockout Risk,Local Warehouse Priority
72351B,SET/6 PINK  BUTTERFLY T-LIGHTS,High-Revenue Priority,161.15384615384616,44,14,34.0,109.0,65.0,Stockout Risk,Local Warehouse Priority
22553,PLASTERS IN TIN SKULLS,High-Revenue Priority,322.61538461538464,41,7,28.0,103.0,62.0,Stockout Risk,Local Warehouse Priority
23177,TREASURE ISLAND BOOK BOX,High-Revenue Priority,251.6,190,21,76.0,252.0,62.0,Stockout Risk,Local Warehouse Priority
22411,JUMBO SHOPPER VINTAGE RED PAISLEY,High-Revenue Priority,941.3076923076924,238,7,79.0,299.0,61.0,Stockout Risk,Local Warehouse Priority
82551,LAUNDRY 15C METAL SIGN,High-Revenue Priority,224.46153846153845,160,21,63.0,220.0,60.0,Stockout Risk,Local Warehouse Priority
84029E,RED WOOLLY HOTTIE WHITE HEART.,High-Revenue Priority,362.9230769230769,220,14,110.0,279.0,59.0,Stockout Risk,Local Warehouse Priority
84987,SET OF 36 TEATIME PAPER DOILIES,High-Revenue Priority,233.7692307692308,274,30,99.0,333.0,59.0,Stockout Risk,Local Warehouse Priority
21888,BINGO SET,High-Revenue Priority,129.6153846153846,30,14,28.0,88.0,58.0,Stockout Risk,Local Warehouse Priority
48116,DOORMAT MULTICOLOUR STRIPE,High-Revenue Priority,114.53846153846152,65,21,43.0,123.0,58.0,Stockout Risk,Local Warehouse Priority
22142,CHRISTMAS CRAFT WHITE FAIRY,High-Revenue Priority,324.7,183,14,88.0,240.0,57.0,Stockout Risk,Local Warehouse Priority
22617,BAKING SET SPACEBOY DESIGN,High-Revenue Priority,169.0,60,14,38.0,117.0,57.0,Stockout Risk,Local Warehouse Priority
23299,FOOD COVER WITH BEADS SET 2,High-Revenue Priority,125.5,80,21,49.0,137.0,57.0,Stockout Risk,Local Warehouse Priority
23388,WOODLAND MINI BACKPACK,High-Revenue Priority,205.25,80,14,40.0,136.0,56.0,Stockout Risk,Local Warehouse Priority
21380,WOODEN HAPPY BIRTHDAY GARLAND,High-Revenue Priority,166.53846153846155,183,30,71.0,238.0,55.0,Stockout Risk,Local Warehouse Priority
21588,RETROSPOT GIANT TUBE MATCHES,High-Revenue Priority,114.92307692307692,31,14,31.0,85.0,54.0,Stockout Risk,Local Warehouse Priority
22943,CHRISTMAS LIGHTS 10 VINTAGE BAUBLES,High-Revenue Priority,103.53846153846152,26,14,32.0,80.0,54.0,Stockout Risk,Local Warehouse Priority
20750,RED RETROSPOT MINI CASES,High-Revenue Priority,134.07692307692307,217,45,69.0,270.0,53.0,Stockout Risk,Local Warehouse Priority
22139,RETROSPOT TEA SET CERAMIC 11 PC,High-Revenue Priority,346.61538461538464,286,21,95.0,338.0,52.0,Stockout Risk,Local Warehouse Priority
22942,CHRISTMAS LIGHTS 10 SANTAS,High-Revenue Priority,98.5,86,30,40.0,138.0,52.0,Stockout Risk,Local Warehouse Priority
23236,STORAGE TIN VINTAGE DOILY,High-Revenue Priority,355.1428571428572,292,21,95.0,344.0,52.0,Stockout Risk,Local Warehouse Priority
22158,3 HEARTS HANGING DECORATION RUSTIC,High-Revenue Priority,262.53846153846155,246,21,113.0,297.0,51.0,Stockout Risk,Local Warehouse Priority
22991,GIRAFFE WOODEN RULER,High-Revenue Priority,325.54545454545456,168,14,67.0,219.0,51.0,Stockout Risk,Local Warehouse Priority
72741,GRAND CHOCOLATECANDLE,High-Revenue Priority,458.3076923076923,251,14,88.0,302.0,51.0,Stockout Risk,Local Warehouse Priority
22854,CREAM SWEETHEART EGG HOLDER,High-Revenue Priority,76.7,61,30,33.0,110.0,49.0,Stockout Risk,Local Warehouse Priority
22429,ENAMEL MEASURING JUG CREAM,High-Revenue Priority,96.6153846153846,153,45,55.0,200.0,47.0,Stockout Risk,Local Warehouse Priority
21242,RED RETROSPOT PLATE,High-Revenue Priority,257.7692307692308,118,14,44.0,164.0,46.0,Stockout Risk,Local Warehouse Priority
22169,FAMILY ALBUM WHITE PICTURE FRAME,High-Revenue Priority,90.6153846153846,80,30,35.0,126.0,46.0,Stockout Risk,Local Warehouse Priority
48129,DOORMAT TOPIARY,High-Revenue Priority,68.53846153846153,31,21,28.0,76.0,45.0,Stockout Risk,Local Warehouse Priority
21908,CHOCOLATE THIS WAY METAL SIGN,High-Revenue Priority,288.2307692307692,233,21,75.0,277.0,44.0,Stockout Risk,Local Warehouse Priority
84988,SET OF 72 PINK HEART PAPER DOILIES,High-Revenue Priority,330.6923076923077,273,21,86.0,317.0,44.0,Stockout Risk,Local Warehouse Priority
22303,COFFEE MUG APPLES DESIGN,High-Revenue Priority,213.3846153846154,28,7,21.0,71.0,43.0,Stockout Risk,Local Warehouse Priority
22432,WATERING CAN PINK BUNNY,High-Revenue Priority,131.07692307692307,45,14,27.0,88.0,43.0,Stockout Risk,Local Warehouse Priority
22188,BLACK HEART CARD HOLDER,High-Revenue Priority,374.5384615384616,99,7,54.0,141.0,42.0,Stockout Risk,Local Warehouse Priority
23184,BULL DOG BOTTLE OPENER,High-Revenue Priority,86.6,42,21,23.0,84.0,42.0,Stockout Risk,Local Warehouse Priority
23530,WALL ART ONLY ONE PERSON,High-Revenue Priority,352.0,291,21,86.0,332.0,41.0,Stockout Risk,Local Warehouse Priority
22723,SET OF 6 HERB TINS SKETCHBOOK,High-Revenue Priority,89.46153846153847,151,45,56.0,190.0,39.0,Stockout Risk,Local Warehouse Priority
47599A,PINK PARTY BAGS,High-Revenue Priority,188.46153846153845,24,7,17.0,61.0,37.0,Stockout Risk,Local Warehouse Priority
21524,DOORMAT SPOTTY HOME SWEET HOME,High-Revenue Priority,134.30769230769232,53,14,25.0,88.0,35.0,Stockout Risk,Local Warehouse Priority
22053,EMPIRE DESIGN ROSETTE,High-Revenue Priority,424.4,139,7,74.0,173.0,34.0,Stockout Risk,Local Warehouse Priority
22663,JUMBO BAG DOLLY GIRL DESIGN,High-Revenue Priority,262.2307692307692,54,7,25.0,86.0,32.0,Stockout Risk,Local Warehouse Priority
23133,LARGE IVORY HEART WALL ORGANISER,High-Revenue Priority,86.88888888888889,30,14,21.0,62.0,32.0,Stockout Risk,Local Warehouse Priority
21756,BATH BUILDING BLOCK WORD,High-Revenue Priority,62.23076923076923,29,21,16.0,60.0,31.0,Stockout Risk,Local Warehouse Priority
22502,PICNIC BASKET WICKER SMALL,High-Revenue Priority,180.9,30,7,19.0,61.0,31.0,Stockout Risk,Local Warehouse Priority
22739,RIBBON REEL CHRISTMAS SOCK BAUBLE,High-Revenue Priority,139.07692307692307,121,21,55.0,152.0,31.0,Stockout Risk,Local Warehouse Priority
82486,WOOD S/3 CABINET ANT WHITE FINISH,High-Revenue Priority,160.07692307692307,181,30,52.0,212.0,31.0,Stockout Risk,Local Warehouse Priority
20676,RED RETROSPOT BOWL,High-Revenue Priority,385.46153846153845,217,14,67.0,247.0,30.0,Stockout Risk,Local Warehouse Priority
22117,METAL SIGN HER DINNER IS SERVED,High-Revenue Priority,101.53846153846152,95,21,53.0,124.0,29.0,Stockout Risk,Local Warehouse Priority
48111,DOORMAT 3 SMILEY CATS,High-Revenue Priority,90.0,39,14,26.0,68.0,29.0,Stockout Risk,Local Warehouse Priority
23332,IVORY WICKER HEART LARGE,High-Revenue Priority,411.8,232,14,68.0,260.0,28.0,Stockout Risk,Local Warehouse Priority
85014B,RED RETROSPOT UMBRELLA,High-Revenue Priority,148.76923076923077,70,14,29.0,98.0,28.0,Stockout Risk,Local Warehouse Priority
21429,RED GINGHAM ROSE JEWELLERY BOX,High-Revenue Priority,158.1818181818182,25,7,15.0,52.0,27.0,Stockout Risk,Local Warehouse Priority
22207,FRYING PAN UNION FLAG,High-Revenue Priority,97.0,105,30,35.0,132.0,27.0,Stockout Risk,Local Warehouse Priority
22349,DOG BOWL CHASING BALL DESIGN,High-Revenue Priority,105.07692307692308,59,14,37.0,86.0,27.0,Stockout Risk,Local Warehouse Priority
22619,SET OF 6 SOLDIER SKITTLES,High-Revenue Priority,190.46153846153845,33,7,16.0,60.0,27.0,Stockout Risk,Local Warehouse Priority
22725,ALARM CLOCK BAKELIKE CHOCOLATE,High-Revenue Priority,151.30769230769232,121,21,41.0,147.0,26.0,Stockout Risk,Local Warehouse Priority
23323,WHITE WICKER STAR,High-Revenue Priority,209.8571428571429,119,14,46.0,144.0,25.0,Stockout Risk,Local Warehouse Priority
21868,POTTING SHED TEA MUG,High-Revenue Priority,188.69230769230768,247,30,82.0,271.0,24.0,Stockout Risk,Local Warehouse Priority
23255,CHILDRENS CUTLERY CIRCUS PARADE,High-Revenue Priority,111.66666666666669,207,45,63.0,231.0,24.0,Stockout Risk,Local Warehouse Priority
20677,PINK POLKADOT BOWL,High-Revenue Priority,282.2307692307692,156,14,45.0,177.0,21.0,Stockout Risk,Local Warehouse Priority
22435,SET OF 9 HEART SHAPED BALLOONS,High-Revenue Priority,211.15384615384616,118,14,40.0,139.0,21.0,Stockout Risk,Local Warehouse Priority
22690,DOORMAT HOME SWEET HOME BLUE,High-Revenue Priority,124.15384615384616,24,7,16.0,45.0,21.0,Stockout Risk,Local Warehouse Priority
21116,OWL DOORSTOP,High-Revenue Priority,53.46153846153846,58,30,25.0,78.0,20.0,Stockout Risk,Local Warehouse Priority
21559,STRAWBERRY LUNCH BOX WITH CUTLERY,High-Revenue Priority,302.46153846153845,174,14,53.0,194.0,20.0,Stockout Risk,Local Warehouse Priority
21770,OPEN CLOSED METAL SIGN,High-Revenue Priority,163.2,149,21,55.0,169.0,20.0,Stockout Risk,Local Warehouse Priority
22895,SET OF 2 TEA TOWELS APPLE AND PEARS,High-Revenue Priority,157.84615384615384,31,7,14.0,51.0,20.0,Stockout Risk,Local Warehouse Priority
21754,HOME BUILDING BLOCK WORD,High-Revenue Priority,211.92307692307693,180,21,51.0,199.0,19.0,Stockout Risk,Local Warehouse Priority
21936,RED RETROSPOT PICNIC BAG,High-Revenue Priority,306.46153846153845,198,14,73.0,216.0,18.0,Stockout Risk,Local Warehouse Priority
22300,COFFEE MUG DOG + BALL DESIGN,High-Revenue Priority,117.07692307692308,66,14,28.0,83.0,17.0,Stockout Risk,Local Warehouse Priority
79000,MOROCCAN TEA GLASS,High-Revenue Priority,416.2,252,14,75.0,269.0,17.0,Stockout Risk,Local Warehouse Priority
22780,LIGHT GARLAND BUTTERFILES PINK,High-Revenue Priority,102.92307692307692,93,21,37.0,109.0,16.0,Stockout Risk,Local Warehouse Priority
23542,WALL ART 70'S ALPHABET,High-Revenue Priority,168.0,86,14,24.0,102.0,16.0,Stockout Risk,Local Warehouse Priority
21340,CLASSIC METAL BIRDCAGE PLANT HOLDER,High-Revenue Priority,73.53846153846153,136,45,40.0,150.0,14.0,Stockout Risk,Local Warehouse Priority
21110,LARGE CAKE TOWEL PINK SPOTS,High-Revenue Priority,100.45454545454544,66,14,31.0,78.0,12.0,Stockout Risk,Local Warehouse Priority
22219,LOVEBIRD HANGING DECORATION WHITE,High-Revenue Priority,316.0769230769231,292,21,83.0,304.0,12.0,Stockout Risk,Local Warehouse Priority
22607,WOODEN ROUNDERS GARDEN SET,High-Revenue Priority,102.07692307692308,59,14,23.0,71.0,12.0,Stockout Risk,Local Warehouse Priority
22745,POPPY'S PLAYHOUSE BEDROOM,High-Revenue Priority,154.53846153846155,136,21,40.0,148.0,12.0,Stockout Risk,Local Warehouse Priority
85150,LADIES & GENTLEMEN METAL SIGN,High-Revenue Priority,367.0,226,14,67.0,238.0,12.0,Stockout Risk,Local Warehouse Priority
22131,FOOD CONTAINER SET 3 LOVE HEART,High-Revenue Priority,156.15384615384616,141,21,43.0,152.0,11.0,Stockout Risk,Local Warehouse Priority
22273,FELTCRAFT DOLL MOLLY,High-Revenue Priority,236.07692307692307,159,14,60.0,170.0,11.0,Stockout Risk,Local Warehouse Priority
22772,PINK DRAWER KNOB ACRYLIC EDWARDIAN,High-Revenue Priority,291.7692307692308,177,14,52.0,188.0,11.0,Stockout Risk,Local Warehouse Priority
23132,SMALL IVORY HEART WALL ORGANISER,High-Revenue Priority,113.33333333333331,245,45,86.0,256.0,11.0,Stockout Risk,Local Warehouse Priority
22487,WHITE WOOD GARDEN PLANT LADDER,High-Revenue Priority,59.07692307692308,28,14,10.0,38.0,10.0,Stockout Risk,Local Warehouse Priority
22569,FELTCRAFT CUSHION BUTTERFLY,High-Revenue Priority,233.3636363636364,138,14,39.0,148.0,10.0,Stockout Risk,Local Warehouse Priority
23312,VINTAGE CHRISTMAS GIFT SACK,High-Revenue Priority,237.0,68,7,22.0,77.0,9.0,Stockout Risk,Local Warehouse Priority
21874,GIN AND TONIC MUG,High-Revenue Priority,227.84615384615384,155,14,57.0,163.0,8.0,Stockout Risk,Local Warehouse Priority
22855,FINE WICKER HEART,High-Revenue Priority,292.22222222222223,186,14,58.0,194.0,8.0,Stockout Risk,Local Warehouse Priority
84032A,CHARLIE+LOLA PINK HOT WATER BOTTLE,High-Revenue Priority,75.3076923076923,47,14,19.0,54.0,7.0,Stockout Risk,Local Warehouse Priority
22508,DOORSTOP RETROSPOT HEART,High-Revenue Priority,121.3846153846154,198,30,83.0,204.0,6.0,Stockout Risk,Local Warehouse Priority
22804,CANDLEHOLDER PINK HANGING HEART,High-Revenue Priority,228.07692307692307,144,14,44.0,150.0,6.0,Stockout Risk,Local Warehouse Priority
21535,RED RETROSPOT SMALL MILK JUG,High-Revenue Priority,191.30769230769232,259,30,72.0,263.0,4.0,Stockout Risk,Local Warehouse Priority
21993,FLORAL FOLK STATIONERY SET,High-Revenue Priority,148.07692307692307,97,14,31.0,100.0,3.0,Stockout Risk,Local Warehouse Priority
21033,JUMBO BAG CHARLIE AND LOLA TOYS,High-Revenue Priority,193.1,127,14,39.0,129.0,2.0,Stockout Risk,Local Warehouse Priority
21890,S/6 WOODEN SKITTLES IN COTTON BAG,High-Revenue Priority,88.23076923076923,57,14,18.0,59.0,2.0,Stockout Risk,Local Warehouse Priority
22489,PACK OF 12 TRADITIONAL CRAYONS,High-Revenue Priority,747.6153846153846,233,7,61.0,235.0,2.0,Stockout Risk,Local Warehouse Priority
23569,TRADTIONAL ALPHABET STAMP SET,High-Revenue Priority,318.0,103,7,31.0,105.0,2.0,Stockout Risk,Local Warehouse Priority
23399,HOME SWEET HOME HANGING HEART,High-Turnover Stable,478.5,24,45,307.0,1025.0,1001.0,Stockout Risk,Stable Local Warehouse Inventory
21981,PACK OF 12 WOODLAND TISSUES,High-Turnover Stable,420.61538461538464,68,45,271.0,902.0,834.0,Stockout Risk,Stable Local Warehouse Inventory
21499,BLUE POLKADOT WRAP,High-Turnover Stable,515.5384615384615,268,45,269.0,1042.0,774.0,Stockout Risk,Stable Local Warehouse Inventory
23378,PACK OF 12 50'S CHRISTMAS TISSUES,High-Turnover Stable,999.25,215,21,284.0,983.0,768.0,Stockout Risk,Stable Local Warehouse Inventory
23326,HANGING MINI COLOURED BOTTLES,High-Turnover Stable,688.4,207,30,277.0,965.0,758.0,Stockout Risk,Stable Local Warehouse Inventory
23380,PACK OF 12 VINTAGE DOILY TISSUES,High-Turnover Stable,580.0,100,30,246.0,826.0,726.0,Stockout Risk,Stable Local Warehouse Inventory
22704,WRAP RED APPLES,High-Turnover Stable,400.2307692307692,161,45,216.0,816.0,655.0,Stockout Risk,Stable Local Warehouse Inventory
23367,SET 12 COLOUR PENCILS SPACEBOY,High-Turnover Stable,815.5,161,21,245.0,816.0,655.0,Stockout Risk,Stable Local Warehouse Inventory
22959,WRAP CHRISTMAS VILLAGE,High-Turnover Stable,657.2857142857143,129,21,219.0,679.0,550.0,Stockout Risk,Stable Local Warehouse Inventory
23504,PLAYING CARDS JUBILEE UNION JACK,High-Turnover Stable,481.75,153,30,200.0,682.0,529.0,Stockout Risk,Stable Local Warehouse Inventory
23510,MINI PLAYING CARDS GYMKHANA,High-Turnover Stable,630.25,150,21,222.0,663.0,513.0,Stockout Risk,Stable Local Warehouse Inventory
84596B,SMALL DOLLY MIX DESIGN ORANGE BOWL,High-Turnover Stable,385.6923076923077,47,30,152.0,538.0,491.0,Stockout Risk,Stable Local Warehouse Inventory
22571,ROCKING HORSE RED CHRISTMAS,High-Turnover Stable,259.77777777777777,101,45,184.0,574.0,473.0,Stockout Risk,Stable Local Warehouse Inventory
22610,PENS ASSORTED FUNNY FACE,High-Turnover Stable,736.3076923076923,27,14,146.0,490.0,463.0,Stockout Risk,Stable Local Warehouse Inventory
22714,CARD BIRTHDAY COWBOY,High-Turnover Stable,267.3076923076923,108,45,164.0,565.0,457.0,Stockout Risk,Stable Local Warehouse Inventory
22609,PENS ASSORTED SPACEBALL,High-Turnover Stable,486.5,244,30,207.0,694.0,450.0,Stockout Risk,Stable Local Warehouse Inventory
21985,PACK OF 12 HEARTS DESIGN TISSUES,High-Turnover Stable,675.0,234,21,202.0,674.0,440.0,Stockout Risk,Stable Local Warehouse Inventory
21509,COWBOYS AND INDIANS BIRTHDAY CARD,High-Turnover Stable,287.7692307692308,152,45,151.0,583.0,431.0,Stockout Risk,Stable Local Warehouse Inventory
22045,SPACEBOY GIFT WRAP,High-Turnover Stable,498.2307692307692,86,21,135.0,484.0,398.0,Stockout Risk,Stable Local Warehouse Inventory
85175,CACTI T-LIGHT CANDLES,High-Turnover Stable,435.4166666666667,183,30,146.0,581.0,398.0,Stockout Risk,Stable Local Warehouse Inventory
22608,PENS ASSORTED FUNKY JEWELED,High-Turnover Stable,434.25,40,21,128.0,432.0,392.0,Stockout Risk,Stable Local Warehouse Inventory
16156S,WRAP PINK FAIRY CAKES,High-Turnover Stable,446.1538461538461,54,21,122.0,434.0,380.0,Stockout Risk,Stable Local Warehouse Inventory
22339,CHRISTMAS TREE PAINTED ZINC,High-Turnover Stable,411.3333333333333,56,21,145.0,433.0,377.0,Stockout Risk,Stable Local Warehouse Inventory
16045,POPART WOODEN PENCILS ASST,High-Turnover Stable,988.8888888888888,293,14,198.0,659.0,366.0,Stockout Risk,Stable Local Warehouse Inventory
21495,SKULLS AND CROSSBONES WRAP,High-Turnover Stable,444.2307692307692,271,30,178.0,622.0,351.0,Stockout Risk,Stable Local Warehouse Inventory
22153,ANGEL DECORATION STARS ON DRESS,High-Turnover Stable,288.1111111111111,88,30,141.0,429.0,341.0,Stockout Risk,Stable Local Warehouse Inventory
23231,WRAP DOILEY DESIGN,High-Turnover Stable,606.4166666666666,57,14,96.0,379.0,322.0,Stockout Risk,Stable Local Warehouse Inventory
16237,SLEEPING CAT ERASERS,High-Turnover Stable,379.3076923076923,207,30,147.0,526.0,319.0,Stockout Risk,Stable Local Warehouse Inventory
16219,HOUSE SHAPE PENCIL SHARPENER,High-Turnover Stable,250.0,72,30,127.0,377.0,305.0,Stockout Risk,Stable Local Warehouse Inventory
23546,WRAP PAISLEY PARK,High-Turnover Stable,541.6666666666666,40,14,90.0,343.0,303.0,Stockout Risk,Stable Local Warehouse Inventory
10133,COLOURING PENCILS BROWN TUBE,High-Turnover Stable,284.6,141,30,146.0,431.0,290.0,Stockout Risk,Stable Local Warehouse Inventory
23119,PACK OF 6 LARGE FRUIT STRAWS,High-Turnover Stable,320.85714285714283,188,30,154.0,475.0,287.0,Stockout Risk,Stable Local Warehouse Inventory
21500,PINK POLKADOT WRAP,High-Turnover Stable,488.46153846153845,185,21,124.0,466.0,281.0,Stockout Risk,Stable Local Warehouse Inventory
21982,PACK OF 12 SUKI TISSUES,High-Turnover Stable,551.7692307692307,276,21,161.0,547.0,271.0,Stockout Risk,Stable Local Warehouse Inventory
22531,MAGIC DRAWING SLATE CIRCUS PARADE,High-Turnover Stable,260.15384615384613,109,30,108.0,368.0,259.0,Stockout Risk,Stable Local Warehouse Inventory
23090,VINTAGE GLASS T-LIGHT HOLDER,High-Turnover Stable,279.625,128,30,106.0,386.0,258.0,Stockout Risk,Stable Local Warehouse Inventory
23434,3 RAFFIA RIBBONS 50'S CHRISTMAS,High-Turnover Stable,521.25,85,14,96.0,339.0,254.0,Stockout Risk,Stable Local Warehouse Inventory
21976,PACK OF 60 MUSHROOM CAKE CASES,High-Turnover Stable,398.0769230769231,137,21,107.0,386.0,249.0,Stockout Risk,Stable Local Warehouse Inventory
21900,"KEY FOB , SHED",High-Turnover Stable,248.30769230769232,123,30,120.0,368.0,245.0,Stockout Risk,Stable Local Warehouse Inventory
23186,FRENCH STYLE STORAGE JAR CAFE,High-Turnover Stable,247.0,127,30,123.0,370.0,243.0,Stockout Risk,Stable Local Warehouse Inventory
23346,SPACEBOY BEAKER,High-Turnover Stable,438.0,203,21,139.0,446.0,243.0,Stockout Risk,Stable Local Warehouse Inventory
23374,RED SPOT PAPER GIFT BAG,High-Turnover Stable,489.2,237,21,136.0,478.0,241.0,Stockout Risk,Stable Local Warehouse Inventory
22536,MAGIC DRAWING SLATE PURDEY,High-Turnover Stable,365.5384615384616,142,21,126.0,382.0,240.0,Stockout Risk,Stable Local Warehouse Inventory
23211,RED ROCKING HORSE HAND PAINTED,High-Turnover Stable,329.2857142857143,228,30,132.0,461.0,233.0,Stockout Risk,Stable Local Warehouse Inventory
22030,SWALLOWS GREETING CARD,High-Turnover Stable,460.5833333333333,74,14,88.0,303.0,229.0,Stockout Risk,Stable Local Warehouse Inventory
23233,WRAP POPPIES  DESIGN,High-Turnover Stable,429.1666666666667,207,21,125.0,425.0,218.0,Stockout Risk,Stable Local Warehouse Inventory
22530,MAGIC DRAWING SLATE DOLLY GIRL,High-Turnover Stable,277.2307692307692,185,30,124.0,401.0,216.0,Stockout Risk,Stable Local Warehouse Inventory
22711,WRAP CIRCUS PARADE,High-Turnover Stable,221.30769230769232,92,30,85.0,306.0,214.0,Stockout Risk,Stable Local Warehouse Inventory
21078,SET/20 STRAWBERRY PAPER NAPKINS,High-Turnover Stable,251.72727272727272,145,30,105.0,357.0,212.0,Stockout Risk,Stable Local Warehouse Inventory
23437,50'S CHRISTMAS GIFT BAG LARGE,High-Turnover Stable,387.8,63,14,92.0,273.0,210.0,Stockout Risk,Stable Local Warehouse Inventory
22716,CARD CIRCUS PARADE,High-Turnover Stable,246.23076923076923,288,45,123.0,492.0,204.0,Stockout Risk,Stable Local Warehouse Inventory
23334,IVORY WICKER HEART SMALL,High-Turnover Stable,454.2,239,21,125.0,443.0,204.0,Stockout Risk,Stable Local Warehouse Inventory
22335,HEART DECORATION PAINTED ZINC,High-Turnover Stable,183.07692307692307,57,30,71.0,254.0,197.0,Stockout Risk,Stable Local Warehouse Inventory
23280,FOLDING BUTTERFLY MIRROR HOT PINK,High-Turnover Stable,252.875,165,30,102.0,355.0,190.0,Stockout Risk,Stable Local Warehouse Inventory
51014A,"FEATHER PEN,HOT PINK",High-Turnover Stable,290.0,247,30,147.0,437.0,190.0,Stockout Risk,Stable Local Warehouse Inventory
22712,CARD DOLLY GIRL,High-Turnover Stable,367.5833333333333,180,21,107.0,364.0,184.0,Stockout Risk,Stable Local Warehouse Inventory
16161U,WRAP SUKI AND FRIENDS,High-Turnover Stable,311.53846153846155,21,14,59.0,204.0,183.0,Stockout Risk,Stable Local Warehouse Inventory
47503A,ASS FLORAL PRINT MULTI SCREWDRIVER,High-Turnover Stable,224.83333333333331,144,30,101.0,326.0,182.0,Stockout Risk,Stable Local Warehouse Inventory
22465,HANGING METAL STAR LANTERN,High-Turnover Stable,157.0,46,30,70.0,227.0,181.0,Stockout Risk,Stable Local Warehouse Inventory
23545,WRAP RED VINTAGE DOILY,High-Turnover Stable,413.3333333333333,210,21,102.0,391.0,181.0,Stockout Risk,Stable Local Warehouse Inventory
22537,MAGIC DRAWING SLATE DINOSAUR,High-Turnover Stable,144.69230769230768,28,30,62.0,207.0,179.0,Stockout Risk,Stable Local Warehouse Inventory
23212,HEART WREATH DECORATION WITH BELL,High-Turnover Stable,319.42857142857144,33,14,58.0,207.0,174.0,Stockout Risk,Stable Local Warehouse Inventory
21916,SET 12 RETRO WHITE CHALK STICKS,High-Turnover Stable,351.9230769230769,74,14,71.0,235.0,161.0,Stockout Risk,Stable Local Warehouse Inventory
22670,FRENCH WC SIGN BLUE METAL,High-Turnover Stable,144.76923076923077,31,30,44.0,189.0,158.0,Stockout Risk,Stable Local Warehouse Inventory
23005,TRAVEL CARD WALLET I LOVE LONDON,High-Turnover Stable,591.625,240,14,120.0,396.0,156.0,Stockout Risk,Stable Local Warehouse Inventory
21239,PINK  POLKADOT CUP,High-Turnover Stable,230.46153846153845,163,30,88.0,318.0,155.0,Stockout Risk,Stable Local Warehouse Inventory
22710,WRAP I LOVE LONDON,High-Turnover Stable,344.3076923076923,82,14,69.0,230.0,148.0,Stockout Risk,Stable Local Warehouse Inventory
23100,SILVER BELLS TABLE DECORATION,High-Turnover Stable,270.75,247,30,124.0,395.0,148.0,Stockout Risk,Stable Local Warehouse Inventory
23436,VINTAGE CHRISTMAS GIFT BAG LARGE,High-Turnover Stable,393.4,273,21,132.0,407.0,134.0,Stockout Risk,Stable Local Warehouse Inventory
51014L,"FEATHER PEN,LIGHT PINK",High-Turnover Stable,151.92307692307693,94,30,71.0,223.0,129.0,Stockout Risk,Stable Local Warehouse Inventory
22615,PACK OF 12 CIRCUS PARADE TISSUES,High-Turnover Stable,158.53846153846155,33,21,49.0,160.0,127.0,Stockout Risk,Stable Local Warehouse Inventory
22754,SMALL RED BABUSHKA NOTEBOOK,High-Turnover Stable,150.07692307692307,40,21,53.0,158.0,118.0,Stockout Risk,Stable Local Warehouse Inventory
21650,ASSORTED TUTTI FRUTTI BRACELET,High-Turnover Stable,229.63636363636363,34,14,43.0,150.0,116.0,Stockout Risk,Stable Local Warehouse Inventory
82581,TOILET METAL SIGN,High-Turnover Stable,297.6923076923077,75,14,50.0,189.0,114.0,Stockout Risk,Stable Local Warehouse Inventory
16161P,WRAP ENGLISH ROSE,High-Turnover Stable,552.0,69,7,50.0,179.0,110.0,Stockout Risk,Stable Local Warehouse Inventory
23266,SET OF 3 WOODEN STOCKING DECORATION,High-Turnover Stable,291.57142857142856,95,14,62.0,198.0,103.0,Stockout Risk,Stable Local Warehouse Inventory
22651,GENTLEMAN SHIRT REPAIR KIT,High-Turnover Stable,166.6153846153846,139,30,74.0,241.0,102.0,Stockout Risk,Stable Local Warehouse Inventory
23101,SILVER STARS TABLE DECORATION,High-Turnover Stable,253.875,158,21,81.0,259.0,101.0,Stockout Risk,Stable Local Warehouse Inventory
22564,ALPHABET STENCIL CRAFT,High-Turnover Stable,174.23076923076923,166,30,90.0,264.0,98.0,Stockout Risk,Stable Local Warehouse Inventory
22421,LIPSTICK PEN FUSCHIA,High-Turnover Stable,199.7692307692308,194,30,91.0,291.0,97.0,Stockout Risk,Stable Local Warehouse Inventory
22196,SMALL HEART MEASURING SPOONS,High-Turnover Stable,217.15384615384616,44,14,38.0,139.0,95.0,Stockout Risk,Stable Local Warehouse Inventory
22774,RED DRAWER KNOB ACRYLIC EDWARDIAN,High-Turnover Stable,173.3846153846154,21,14,35.0,116.0,95.0,Stockout Risk,Stable Local Warehouse Inventory
21240,BLUE POLKADOT CUP,High-Turnover Stable,273.0769230769231,88,14,55.0,182.0,94.0,Stockout Risk,Stable Local Warehouse Inventory
22037,ROBOT BIRTHDAY CARD,High-Turnover Stable,302.2307692307692,197,21,76.0,288.0,91.0,Stockout Risk,Stable Local Warehouse Inventory
22644,CERAMIC CHERRY CAKE MONEY BANK,High-Turnover Stable,170.30769230769232,83,21,55.0,174.0,91.0,Stockout Risk,Stable Local Warehouse Inventory
85078,SCANDINAVIAN 3 HEARTS NAPKIN RING,High-Turnover Stable,161.0,24,14,38.0,113.0,89.0,Stockout Risk,Stable Local Warehouse Inventory
85178,VICTORIAN SEWING KIT,High-Turnover Stable,182.6153846153846,92,21,53.0,181.0,89.0,Stockout Risk,Stable Local Warehouse Inventory
21899,GARAGE KEY FOB,High-Turnover Stable,206.07692307692307,130,21,71.0,215.0,85.0,Stockout Risk,Stable Local Warehouse Inventory
23187,FRENCH STYLE STORAGE JAR BONBONS,High-Turnover Stable,333.1428571428572,147,14,74.0,229.0,82.0,Stockout Risk,Stable Local Warehouse Inventory
37340,MULTICOLOUR SPRING FLOWER MUG,High-Turnover Stable,195.69230769230768,58,14,43.0,134.0,76.0,Stockout Risk,Stable Local Warehouse Inventory
22028,PENNY FARTHING BIRTHDAY CARD,High-Turnover Stable,234.0,151,21,62.0,226.0,75.0,Stockout Risk,Stable Local Warehouse Inventory
20992,JAZZ HEARTS PURSE NOTEBOOK,High-Turnover Stable,340.38461538461536,283,21,119.0,357.0,74.0,Stockout Risk,Stable Local Warehouse Inventory
23292,SPACEBOY CHILDRENS CUP,High-Turnover Stable,309.1428571428572,217,21,71.0,287.0,70.0,Stockout Risk,Stable Local Warehouse Inventory
22706,WRAP COWBOYS,High-Turnover Stable,156.30769230769232,88,21,48.0,157.0,69.0,Stockout Risk,Stable Local Warehouse Inventory
85015,SET OF 12  VINTAGE POSTCARD SET,High-Turnover Stable,167.69230769230768,100,21,52.0,169.0,69.0,Stockout Risk,Stable Local Warehouse Inventory
22534,MAGIC DRAWING SLATE SPACEBOY,High-Turnover Stable,345.84615384615387,162,14,66.0,227.0,65.0,Stockout Risk,Stable Local Warehouse Inventory
22814,CARD PARTY GAMES,High-Turnover Stable,163.76923076923077,38,14,26.0,102.0,64.0,Stockout Risk,Stable Local Warehouse Inventory
21592,RETROSPOT CIGAR BOX MATCHES,High-Turnover Stable,165.30769230769232,53,14,38.0,115.0,62.0,Stockout Risk,Stable Local Warehouse Inventory
21786,POLKADOT RAIN HAT,High-Turnover Stable,149.0,88,21,45.0,149.0,61.0,Stockout Risk,Stable Local Warehouse Inventory
23002,TRAVEL CARD WALLET SKULLS,High-Turnover Stable,186.0909090909091,59,14,32.0,119.0,60.0,Stockout Risk,Stable Local Warehouse Inventory
23445,ICE CREAM BUBBLES,High-Turnover Stable,529.6,298,14,111.0,358.0,60.0,Stockout Risk,Stable Local Warehouse Inventory
23000,TRAVEL CARD WALLET TRANSPORT,High-Turnover Stable,285.90909090909093,122,14,46.0,179.0,57.0,Stockout Risk,Stable Local Warehouse Inventory
22539,MINI JIGSAW DOLLY GIRL,High-Turnover Stable,224.46153846153845,92,14,42.0,147.0,55.0,Stockout Risk,Stable Local Warehouse Inventory
21313,GLASS HEART T-LIGHT HOLDER,High-Turnover Stable,255.3846153846154,186,21,61.0,240.0,54.0,Stockout Risk,Stable Local Warehouse Inventory
21845,DAIRY MAID STRIPE MUG,High-Turnover Stable,158.83333333333334,57,14,34.0,108.0,51.0,Stockout Risk,Stable Local Warehouse Inventory
22047,EMPIRE GIFT WRAP,High-Turnover Stable,257.6923076923077,116,14,47.0,167.0,51.0,Stockout Risk,Stable Local Warehouse Inventory
22436,12 COLOURED PARTY BALLOONS,High-Turnover Stable,162.6153846153846,58,14,29.0,105.0,47.0,Stockout Risk,Stable Local Warehouse Inventory
23004,TRAVEL CARD WALLET PANTRY,High-Turnover Stable,179.8181818181818,120,21,41.0,167.0,47.0,Stockout Risk,Stable Local Warehouse Inventory
23376,PACK OF 12 VINTAGE CHRISTMAS TISSUE,High-Turnover Stable,753.75,197,7,68.0,244.0,47.0,Stockout Risk,Stable Local Warehouse Inventory
21084,SET/6 COLLAGE PAPER CUPS,High-Turnover Stable,215.5,108,14,52.0,153.0,45.0,Stockout Risk,Stable Local Warehouse Inventory
22614,PACK OF 12 SPACEBOY TISSUES,High-Turnover Stable,232.30769230769232,106,14,43.0,151.0,45.0,Stockout Risk,Stable Local Warehouse Inventory
22024,RAINY LADIES BIRTHDAY CARD,High-Turnover Stable,184.15384615384616,132,21,47.0,176.0,44.0,Stockout Risk,Stable Local Warehouse Inventory
16169E,WRAP 50'S  CHRISTMAS,High-Turnover Stable,739.6666666666666,210,7,78.0,251.0,41.0,Stockout Risk,Stable Local Warehouse Inventory
22046,TEA PARTY  WRAPPING PAPER,High-Turnover Stable,171.15384615384616,70,14,29.0,109.0,39.0,Stockout Risk,Stable Local Warehouse Inventory
20983,12 PENCILS TALL TUBE RED RETROSPOT,High-Turnover Stable,210.53846153846155,32,7,20.0,69.0,37.0,Stockout Risk,Stable Local Warehouse Inventory
21829,DINOSAUR KEYRINGS ASSORTED,High-Turnover Stable,605.1818181818181,153,7,49.0,190.0,37.0,Stockout Risk,Stable Local Warehouse Inventory
84536B,FAIRY CAKES NOTEBOOK A7 SIZE,High-Turnover Stable,158.3846153846154,130,21,56.0,167.0,37.0,Stockout Risk,Stable Local Warehouse Inventory
23155,KNICKERBOCKERGLORY MAGNET ASSORTED,High-Turnover Stable,208.9,168,21,58.0,204.0,36.0,Stockout Risk,Stable Local Warehouse Inventory
22995,TRAVEL CARD WALLET SUKI,High-Turnover Stable,212.0909090909091,99,14,34.0,133.0,34.0,Stockout Risk,Stable Local Warehouse Inventory
23345,DOLLY GIRL BEAKER,High-Turnover Stable,408.5,247,14,90.0,281.0,34.0,Stockout Risk,Stable Local Warehouse Inventory
21519,GIN & TONIC DIET GREETING CARD,High-Turnover Stable,251.0,203,21,60.0,236.0,33.0,Stockout Risk,Stable Local Warehouse Inventory
21918,SET 12 KIDS COLOUR  CHALK STICKS,High-Turnover Stable,553.6923076923077,156,7,54.0,183.0,27.0,Stockout Risk,Stable Local Warehouse Inventory
22819,"BIRTHDAY CARD, RETRO SPOT",High-Turnover Stable,200.6153846153846,165,21,52.0,192.0,27.0,Stockout Risk,Stable Local Warehouse Inventory
22997,TRAVEL CARD WALLET UNION JACK,High-Turnover Stable,227.0,116,14,35.0,141.0,25.0,Stockout Risk,Stable Local Warehouse Inventory
51014C,"FEATHER PEN,COAL BLACK",High-Turnover Stable,205.7692307692308,121,14,49.0,145.0,24.0,Stockout Risk,Stable Local Warehouse Inventory
22915,ASSORTED BOTTLE TOP  MAGNETS,High-Turnover Stable,241.07692307692307,57,7,22.0,78.0,21.0,Stockout Risk,Stable Local Warehouse Inventory
21508,VINTAGE KID DOLLY CARD,High-Turnover Stable,189.69230769230768,100,14,30.0,119.0,19.0,Stockout Risk,Stable Local Warehouse Inventory
22027,TEA PARTY BIRTHDAY CARD,High-Turnover Stable,323.0769230769231,185,14,53.0,204.0,19.0,Stockout Risk,Stable Local Warehouse Inventory
23145,ZINC T-LIGHT HOLDER STAR LARGE,High-Turnover Stable,231.55555555555557,132,14,43.0,151.0,19.0,Stockout Risk,Stable Local Warehouse Inventory
23368,SET 12 COLOUR PENCILS DOLLY GIRL,High-Turnover Stable,594.75,184,7,63.0,202.0,18.0,Stockout Risk,Stable Local Warehouse Inventory
21984,PACK OF 12 PINK PAISLEY TISSUES,High-Turnover Stable,266.0,160,14,53.0,177.0,17.0,Stockout Risk,Stable Local Warehouse Inventory
23366,SET 12 COLOURING PENCILS DOILY,High-Turnover Stable,562.25,173,7,59.0,190.0,17.0,Stockout Risk,Stable Local Warehouse Inventory
23507,MINI PLAYING CARDS BUFFALO BILL,High-Turnover Stable,720.5,232,7,80.0,248.0,16.0,Stockout Risk,Stable Local Warehouse Inventory
20982,12 PENCILS TALL TUBE SKULLS,High-Turnover Stable,165.3846153846154,45,7,19.0,58.0,13.0,Stockout Risk,Stable Local Warehouse Inventory
23333,IVORY WICKER HEART MEDIUM,High-Turnover Stable,415.4,125,7,40.0,137.0,12.0,Stockout Risk,Stable Local Warehouse Inventory
21507,"ELEPHANT, BIRTHDAY CARD,",High-Turnover Stable,253.53846153846155,70,7,21.0,80.0,10.0,Stockout Risk,Stable Local Warehouse Inventory
22546,MINI JIGSAW PURDEY,High-Turnover Stable,161.69230769230768,103,14,38.0,113.0,10.0,Stockout Risk,Stable Local Warehouse Inventory
22815,CARD PSYCHEDELIC APPLES,High-Turnover Stable,202.15384615384616,119,14,35.0,129.0,10.0,Stockout Risk,Stable Local Warehouse Inventory
22792,FLUTED ANTIQUE CANDLE HOLDER,High-Turnover Stable,213.30769230769232,66,7,25.0,75.0,9.0,Stockout Risk,Stable Local Warehouse Inventory
20996,JAZZ HEARTS ADDRESS BOOK,High-Turnover Stable,245.46153846153845,161,14,53.0,168.0,7.0,Stockout Risk,Stable Local Warehouse Inventory
22268,DECORATION SITTING BUNNY,High-Turnover Stable,182.63636363636363,177,21,56.0,184.0,7.0,Stockout Risk,Stable Local Warehouse Inventory
22996,TRAVEL CARD WALLET VINTAGE TICKET,High-Turnover Stable,436.09090909090907,271,14,74.0,278.0,7.0,Stockout Risk,Stable Local Warehouse Inventory
22161,HEART DECORATION RUSTIC HANGING,High-Turnover Stable,389.1538461538461,263,14,87.0,269.0,6.0,Stockout Risk,Stable Local Warehouse Inventory
21987,PACK OF 6 SKULL PAPER CUPS,High-Turnover Stable,161.6153846153846,51,7,17.0,55.0,4.0,Stockout Risk,Stable Local Warehouse Inventory
21395,BLUE POLKADOT BEAKER,High-Turnover Stable,354.0,231,14,68.0,233.0,2.0,Stockout Risk,Stable Local Warehouse Inventory
22338,STAR DECORATION PAINTED ZINC,High-Turnover Volatile,517.8888888888889,109,45,473.0,1250.0,1141.0,Stockout Risk,Small-Batch Replenishment / Monitor Closely
23506,MINI PLAYING CARDS SPACEBOY,High-Turnover Volatile,680.75,58,30,385.0,1066.0,1008.0,Stockout Risk,Small-Batch Replenishment / Monitor Closely
23508,MINI PLAYING CARDS DOLLY GIRL,High-Turnover Volatile,656.75,32,30,362.0,1019.0,987.0,Stockout Risk,Small-Batch Replenishment / Monitor Closely
21967,PACK OF 12 SKULL TISSUES,High-Turnover Volatile,405.46153846153845,70,45,386.0,994.0,924.0,Stockout Risk,Small-Batch Replenishment / Monitor Closely
18007,ESSENTIAL BALM 3.5G TIN IN ENVELOPE,High-Turnover Volatile,735.5,64,21,357.0,872.0,808.0,Stockout Risk,Small-Batch Replenishment / Monitor Closely
23121,PACK OF 6 COCKTAIL PARASOL STRAWS,High-Turnover Volatile,357.2857142857143,39,45,297.0,833.0,794.0,Stockout Risk,Small-Batch Replenishment / Monitor Closely
16259,PIECE OF CAMO STATIONERY SET,High-Turnover Volatile,363.55555555555554,100,45,285.0,830.0,730.0,Stockout Risk,Small-Batch Replenishment / Monitor Closely
20668,DISCO BALL CHRISTMAS DECORATION,High-Turnover Volatile,991.0,62,14,263.0,725.0,663.0,Stockout Risk,Small-Batch Replenishment / Monitor Closely
40016,CHINESE DRAGON PAPER LANTERNS,High-Turnover Volatile,555.6,31,21,206.0,595.0,564.0,Stockout Risk,Small-Batch Replenishment / Monitor Closely
84568,GIRLS ALPHABET IRON ON PATCHES,High-Turnover Volatile,957.0769230769232,119,14,234.0,681.0,562.0,Stockout Risk,Small-Batch Replenishment / Monitor Closely
22154,ANGEL DECORATION 3 BUTTONS,High-Turnover Volatile,340.45454545454544,39,30,187.0,527.0,488.0,Stockout Risk,Small-Batch Replenishment / Monitor Closely
23122,PARTY CHARMS 50 PIECES,High-Turnover Volatile,321.57142857142856,8,30,169.0,491.0,483.0,Stockout Risk,Small-Batch Replenishment / Monitor Closely
22440,BALLOON WATER BOMB PACK OF 35,High-Turnover Volatile,462.3076923076923,115,21,213.0,537.0,422.0,Stockout Risk,Small-Batch Replenishment / Monitor Closely
21810,CHRISTMAS HANGING STAR WITH BELL,High-Turnover Volatile,642.3333333333334,86,14,198.0,498.0,412.0,Stockout Risk,Small-Batch Replenishment / Monitor Closely
17021,NAMASTE SWAGAT INCENSE,High-Turnover Volatile,183.92307692307693,30,45,148.0,424.0,394.0,Stockout Risk,Small-Batch Replenishment / Monitor Closely
70006,LOVE HEART POCKET WARMER,High-Turnover Volatile,245.63636363636363,52,30,181.0,427.0,375.0,Stockout Risk,Small-Batch Replenishment / Monitor Closely
21399,BLUE POLKADOT COFFEE MUG,High-Turnover Volatile,279.7142857142857,75,30,161.0,441.0,366.0,Stockout Risk,Small-Batch Replenishment / Monitor Closely
72232,FENG SHUI PILLAR CANDLE,High-Turnover Volatile,255.15384615384616,53,30,152.0,407.0,354.0,Stockout Risk,Small-Batch Replenishment / Monitor Closely
22944,CHRISTMAS METAL POSTCARD WITH BELLS,High-Turnover Volatile,373.6666666666667,79,21,169.0,431.0,352.0,Stockout Risk,Small-Batch Replenishment / Monitor Closely
22601,CHRISTMAS RETROSPOT ANGEL WOOD,High-Turnover Volatile,225.3636363636364,3,30,128.0,353.0,350.0,Stockout Risk,Small-Batch Replenishment / Monitor Closely
21819,GLITTER CHRISTMAS STAR,High-Turnover Volatile,308.75,24,21,140.0,356.0,332.0,Stockout Risk,Small-Batch Replenishment / Monitor Closely
22573,STAR WOODEN CHRISTMAS DECORATION,High-Turnover Volatile,268.4,115,30,144.0,412.0,297.0,Stockout Risk,Small-Batch Replenishment / Monitor Closely
21811,HANGING HEART WITH BELL,High-Turnover Volatile,400.1666666666667,29,14,123.0,310.0,281.0,Stockout Risk,Small-Batch Replenishment / Monitor Closely
22818,CARD CHRISTMAS VILLAGE,High-Turnover Volatile,321.54545454545456,79,21,131.0,356.0,277.0,Stockout Risk,Small-Batch Replenishment / Monitor Closely
22816,CARD MOTORBIKE SANTA,High-Turnover Volatile,362.45454545454544,9,14,99.0,268.0,259.0,Stockout Risk,Small-Batch Replenishment / Monitor Closely
16218,CARTOON  PENCIL SHARPENERS,High-Turnover Volatile,318.4166666666667,93,21,119.0,342.0,249.0,Stockout Risk,Small-Batch Replenishment / Monitor Closely
21135,VICTORIAN  METAL POSTCARD SPRING,High-Turnover Volatile,198.23076923076923,65,30,114.0,312.0,247.0,Stockout Risk,Small-Batch Replenishment / Monitor Closely
22579,WOODEN TREE CHRISTMAS SCANDINAVIAN,High-Turnover Volatile,645.875,6,7,93.0,244.0,238.0,Stockout Risk,Small-Batch Replenishment / Monitor Closely
84950,ASSORTED COLOUR T-LIGHT HOLDER,High-Turnover Volatile,278.38461538461536,105,21,138.0,333.0,228.0,Stockout Risk,Small-Batch Replenishment / Monitor Closely
21902,"KEY FOB , FRONT  DOOR",High-Turnover Volatile,150.30769230769232,1,30,78.0,228.0,227.0,Stockout Risk,Small-Batch Replenishment / Monitor Closely
22985,WRAP BILLBOARD FONTS DESIGN,High-Turnover Volatile,290.9230769230769,96,21,109.0,313.0,217.0,Stockout Risk,Small-Batch Replenishment / Monitor Closely
84929,ASSTD FRUIT+FLOWERS FRIDGE MAGNETS,High-Turnover Volatile,218.72727272727272,55,21,87.0,240.0,185.0,Stockout Risk,Small-Batch Replenishment / Monitor Closely
22130,PARTY CONE CHRISTMAS DECORATION,High-Turnover Volatile,207.0,49,21,86.0,231.0,182.0,Stockout Risk,Small-Batch Replenishment / Monitor Closely
22152,PLACE SETTING WHITE STAR,High-Turnover Volatile,185.15384615384616,25,21,74.0,204.0,179.0,Stockout Risk,Small-Batch Replenishment / Monitor Closely
15034,PAPER POCKET TRAVELING FAN,High-Turnover Volatile,403.61538461538464,118,14,99.0,287.0,169.0,Stockout Risk,Small-Batch Replenishment / Monitor Closely
21875,KINGS CHOICE MUG,High-Turnover Volatile,156.23076923076923,15,21,63.0,172.0,157.0,Stockout Risk,Small-Batch Replenishment / Monitor Closely
21824,PAINTED METAL STAR WITH HOLLY BELLS,High-Turnover Volatile,270.2857142857143,57,14,76.0,202.0,145.0,Stockout Risk,Small-Batch Replenishment / Monitor Closely
17096,ASSORTED LAQUERED INCENSE HOLDERS,High-Turnover Volatile,318.125,109,14,105.0,253.0,144.0,Stockout Risk,Small-Batch Replenishment / Monitor Closely
22599,CHRISTMAS MUSICAL ZINC STAR,High-Turnover Volatile,275.57142857142856,59,14,70.0,199.0,140.0,Stockout Risk,Small-Batch Replenishment / Monitor Closely
22945,CHRISTMAS METAL TAGS ASSORTED,High-Turnover Volatile,236.75,37,14,60.0,170.0,133.0,Stockout Risk,Small-Batch Replenishment / Monitor Closely
21803,CHRISTMAS TREE STAR DECORATION,High-Turnover Volatile,196.08333333333331,82,21,76.0,213.0,131.0,Stockout Risk,Small-Batch Replenishment / Monitor Closely
22094,RED RETROSPOT TISSUE BOX,High-Turnover Volatile,163.84615384615384,56,21,62.0,177.0,121.0,Stockout Risk,Small-Batch Replenishment / Monitor Closely
35953,FOLKART STAR CHRISTMAS DECORATIONS,High-Turnover Volatile,444.625,56,7,65.0,169.0,113.0,Stockout Risk,Small-Batch Replenishment / Monitor Closely
22574,HEART WOODEN CHRISTMAS DECORATION,High-Turnover Volatile,194.41666666666663,37,14,55.0,146.0,109.0,Stockout Risk,Small-Batch Replenishment / Monitor Closely
15039,SANDALWOOD FAN,High-Turnover Volatile,159.23076923076923,7,14,40.0,114.0,107.0,Stockout Risk,Small-Batch Replenishment / Monitor Closely
21090,SET/6 COLLAGE PAPER PLATES,High-Turnover Volatile,182.84615384615384,101,21,69.0,197.0,96.0,Stockout Risk,Small-Batch Replenishment / Monitor Closely
22241,GARLAND WOODEN HAPPY EASTER,High-Turnover Volatile,162.5,30,14,50.0,126.0,96.0,Stockout Risk,Small-Batch Replenishment / Monitor Closely
22155,STAR DECORATION RUSTIC,High-Turnover Volatile,184.92307692307693,49,14,51.0,137.0,88.0,Stockout Risk,Small-Batch Replenishment / Monitor Closely
85199S,SMALL HANGING IVORY/RED WOOD BIRD,High-Turnover Volatile,202.7692307692308,62,14,52.0,147.0,85.0,Stockout Risk,Small-Batch Replenishment / Monitor Closely
22594,CHRISTMAS GINGHAM TREE,High-Turnover Volatile,182.3636363636364,51,14,48.0,133.0,82.0,Stockout Risk,Small-Batch Replenishment / Monitor Closely
22336,DOVE DECORATION PAINTED ZINC,High-Turnover Volatile,216.45454545454547,91,14,67.0,168.0,77.0,Stockout Risk,Small-Batch Replenishment / Monitor Closely
22091,EMPIRE TISSUE BOX,High-Turnover Volatile,152.53846153846155,93,21,62.0,169.0,76.0,Stockout Risk,Small-Batch Replenishment / Monitor Closely
17084R,ASSORTED INCENSE PACK,High-Turnover Volatile,366.54545454545456,68,7,47.0,133.0,65.0,Stockout Risk,Small-Batch Replenishment / Monitor Closely
21642,ASSORTED TUTTI FRUTTI PEN,High-Turnover Volatile,218.0909090909091,15,7,28.0,79.0,64.0,Stockout Risk,Small-Batch Replenishment / Monitor Closely
22593,CHRISTMAS GINGHAM STAR,High-Turnover Volatile,205.72727272727272,90,14,53.0,149.0,59.0,Stockout Risk,Small-Batch Replenishment / Monitor Closely
21802,CHRISTMAS TREE HEART DECORATION,High-Turnover Volatile,176.83333333333334,73,14,44.0,127.0,54.0,Stockout Risk,Small-Batch Replenishment / Monitor Closely
21809,CHRISTMAS HANGING TREE WITH BELL,High-Turnover Volatile,218.22222222222223,115,14,63.0,165.0,50.0,Stockout Risk,Small-Batch Replenishment / Monitor Closely
20984,12 PENCILS TALL TUBE POSY,High-Turnover Volatile,341.90909090909093,82,7,46.0,126.0,44.0,Stockout Risk,Small-Batch Replenishment / Monitor Closely
22098,BOUDOIR SQUARE TISSUE BOX,High-Turnover Volatile,150.46153846153845,82,14,44.0,114.0,32.0,Stockout Risk,Small-Batch Replenishment / Monitor Closely
85204,HANGING WOOD AND FELT FLOWER,High-Turnover Volatile,157.69230769230768,32,7,21.0,58.0,26.0,Stockout Risk,Small-Batch Replenishment / Monitor Closely
16216,LETTER SHAPE PENCIL SHARPENER,High-Turnover Volatile,303.0,92,7,46.0,117.0,25.0,Stockout Risk,Small-Batch Replenishment / Monitor Closely
22343,PARTY PIZZA DISH RED RETROSPOT,High-Turnover Volatile,150.46153846153845,39,7,18.0,53.0,14.0,Stockout Risk,Small-Batch Replenishment / Monitor Closely
21986,PACK OF 12 PINK POLKADOT TISSUES,High-Turnover Volatile,312.84615384615387,105,7,40.0,113.0,8.0,Stockout Risk,Small-Batch Replenishment / Monitor Closely
35001W,HAND OPEN SHAPE DECO.WHITE,Long-Tail,92.0,0,14,11.0,54.0,54.0,Stockout Risk,External or Limited Stock Strategy
17001,HEAVENS SCENT FRAGRANCE OILS ASSTD,Long-Tail,72.0,25,21,13.0,63.0,38.0,Stockout Risk,External or Limited Stock Strategy
21486,PINK HEART DOTS HOT WATER BOTTLE,Long-Tail,36.0,5,21,6.0,31.0,26.0,Stockout Risk,External or Limited Stock Strategy
16020C,CLEAR STATIONERY BOX SET,Long-Tail,21.0,10,30,12.0,33.0,23.0,Stockout Risk,External or Limited Stock Strategy
37423,WHITE WITH BLACK CATS PLATE,Long-Tail,78.0,22,14,9.0,45.0,23.0,Stockout Risk,External or Limited Stock Strategy
44242A,LILAC FEATHERS CURTAIN,Long-Tail,12.0,1,45,4.0,22.0,21.0,Stockout Risk,External or Limited Stock Strategy
20731,POSY CANDY BAG,Long-Tail,15.333333333333334,5,30,9.0,24.0,19.0,Stockout Risk,External or Limited Stock Strategy
21841,BABY MOUSE RED GINGHAM DRESS,Long-Tail,10.428571428571429,9,45,9.0,25.0,16.0,Stockout Risk,External or Limited Stock Strategy
23428,IVORY RETRO KITCHEN WALL CLOCK,Long-Tail,37.5,7,14,5.0,22.0,15.0,Stockout Risk,External or Limited Stock Strategy
84857B,BLUE MONTE CARLO HANDBAG,Long-Tail,24.0,6,21,4.0,21.0,15.0,Stockout Risk,External or Limited Stock Strategy
22765,NEWSPAPER STAND,Long-Tail,27.0,2,14,3.0,16.0,14.0,Stockout Risk,External or Limited Stock Strategy
23410,CURIO CABINET LINEN AND LACE,Long-Tail,12.0,0,21,3.0,11.0,11.0,Stockout Risk,External or Limited Stock Strategy
37487B,YELLOW/ORANGE FLOWER DESIGN PLATE,Long-Tail,68.0,29,14,8.0,40.0,11.0,Stockout Risk,External or Limited Stock Strategy
20769,DAISY JOURNAL,Long-Tail,8.0,2,30,3.0,11.0,9.0,Stockout Risk,External or Limited Stock Strategy
21038,SET/4 MODERN VINTAGE COTTON NAPKINS,Long-Tail,18.75,11,21,7.0,20.0,9.0,Stockout Risk,External or Limited Stock Strategy
35958,FOLKART ZINC STAR CHRISTMAS DEC,Long-Tail,12.0,1,21,2.0,10.0,9.0,Stockout Risk,External or Limited Stock Strategy
16043,POP ART PUSH DOWN RUBBER,Long-Tail,98.0,49,14,11.0,57.0,8.0,Stockout Risk,External or Limited Stock Strategy
21250,SET OF SKULL WALL STICKERS,Long-Tail,9.5,14,45,8.0,22.0,8.0,Stockout Risk,External or Limited Stock Strategy
23458,DOLLY CABINET 3 DRAWERS,Long-Tail,16.333333333333332,3,14,3.0,11.0,8.0,Stockout Risk,External or Limited Stock Strategy
17007B,S/3 POT POURI CUSHIONS BLUE COLOURS,Long-Tail,12.0,3,21,2.0,10.0,7.0,Stockout Risk,External or Limited Stock Strategy
82615,PINK MARSHMALLOW SCARF KNITTING KIT,Long-Tail,36.0,14,14,4.0,21.0,7.0,Stockout Risk,External or Limited Stock Strategy
84402B,PURPLE DRESS JEWELLERY STAND,Long-Tail,61.0,11,7,4.0,18.0,7.0,Stockout Risk,External or Limited Stock Strategy
21280,VINTAGE KITCHEN PRINT VEGETABLES,Long-Tail,8.125,0,14,2.0,6.0,6.0,Stockout Risk,External or Limited Stock Strategy
35817P,PINK ACRYLIC JEWEL SNOWFLAKE,Long-Tail,9.0,0,14,2.0,6.0,6.0,Stockout Risk,External or Limited Stock Strategy
37462E,"PET MUG, GOLDFISH",Long-Tail,4.0,0,30,2.0,6.0,6.0,Stockout Risk,External or Limited Stock Strategy
84874B,BLUE TRAVEL FIRST AID KIT,Long-Tail,5.857142857142857,3,30,3.0,9.0,6.0,Stockout Risk,External or Limited Stock Strategy
90149,SILVER FLOWR PINK SHELL NECKLACE,Long-Tail,17.666666666666668,14,21,8.0,20.0,6.0,Stockout Risk,External or Limited Stock Strategy
21657,MILK BOTTLE WITH GLASS STOPPER,Long-Tail,10.0,2,14,2.0,7.0,5.0,Stockout Risk,External or Limited Stock Strategy
16162M,THE KING GIFT BAG 25X24X12CM,Long-Tail,9.333333333333334,2,14,2.0,6.0,4.0,Stockout Risk,External or Limited Stock Strategy
16202E,BLACK PHOTO ALBUM,Long-Tail,15.0,10,21,3.0,14.0,4.0,Stockout Risk,External or Limited Stock Strategy
20898,VINTAGE NOTEBOOK TRAVELOGUE,Long-Tail,8.0,7,30,3.0,11.0,4.0,Stockout Risk,External or Limited Stock Strategy
21372,MIRRORED WALL ART TABLE LAMP,Long-Tail,8.333333333333334,4,21,2.0,8.0,4.0,Stockout Risk,External or Limited Stock Strategy
21488,RED WHITE SCARF  HOT WATER BOTTLE,Long-Tail,34.5,34,21,14.0,38.0,4.0,Stockout Risk,External or Limited Stock Strategy
21632,VINTAGE PINK DECORATIVE PARASOL,Long-Tail,44.0,36,21,9.0,40.0,4.0,Stockout Risk,External or Limited Stock Strategy
22125,UNION JACK HOT WATER BOTTLE,Long-Tail,6.5,3,21,2.0,7.0,4.0,Stockout Risk,External or Limited Stock Strategy
84809B,PINK CHRYSANTHEMUMS ART FLOWER,Long-Tail,18.0,6,14,2.0,10.0,4.0,Stockout Risk,External or Limited Stock Strategy
84989A,75 GREEN FAIRY CAKE CASES,Long-Tail,5.307692307692308,3,30,2.0,7.0,4.0,Stockout Risk,External or Limited Stock Strategy
21910,WAY OUT METAL SIGN,Long-Tail,12.0,6,14,3.0,9.0,3.0,Stockout Risk,External or Limited Stock Strategy
22874,NUMBER TILE COTTAGE GARDEN 6,Long-Tail,6.5,7,30,3.0,10.0,3.0,Stockout Risk,External or Limited Stock Strategy
23149,ANTIQUE IVORY WIRE BOWL SMALL,Long-Tail,13.285714285714286,7,14,4.0,10.0,3.0,Stockout Risk,External or Limited Stock Strategy
47369A,PINK GREEN EMBROIDERY COSMETIC BAG,Long-Tail,4.714285714285714,1,21,1.0,4.0,3.0,Stockout Risk,External or Limited Stock Strategy
84360,TABLE LAMP WHITE SHADE WOOD BASE,Long-Tail,7.8,5,21,3.0,8.0,3.0,Stockout Risk,External or Limited Stock Strategy
84415A,PINK FLOCK SUEDE CUSHION COVER,Long-Tail,12.0,1,7,1.0,4.0,3.0,Stockout Risk,External or Limited Stock Strategy
84522,PINK PARTY SUNGLASSES,Long-Tail,2.5,0,21,1.0,3.0,3.0,Stockout Risk,External or Limited Stock Strategy
20798,CLEAR MILKSHAKE GLASS,Long-Tail,18.0,9,14,3.0,11.0,2.0,Stockout Risk,External or Limited Stock Strategy
21784,SHOE SHINE BOX,Long-Tail,5.7,2,14,1.0,4.0,2.0,Stockout Risk,External or Limited Stock Strategy
23042,PAPER LANTERN 7 POINT SNOW STAR,Long-Tail,10.333333333333334,13,30,5.0,15.0,2.0,Stockout Risk,External or Limited Stock Strategy
23141,TRIPLE WIRE HOOK PINK HEART,Long-Tail,9.875,12,30,4.0,14.0,2.0,Stockout Risk,External or Limited Stock Strategy
85092,CANDY SPOT TEA COSY,Long-Tail,27.0,14,14,3.0,16.0,2.0,Stockout Risk,External or Limited Stock Strategy
90157,RIVIERA NECKLACE,Long-Tail,2.5,2,30,1.0,4.0,2.0,Stockout Risk,External or Limited Stock Strategy
90185B,AMETHYST DIAMANTE EXPANDABLE RING,Long-Tail,2.4285714285714284,1,30,1.0,3.0,2.0,Stockout Risk,External or Limited Stock Strategy
20860,GOLD COSMETICS BAG WITH BUTTERFLY,Long-Tail,1.0,0,21,0.0,1.0,1.0,Stockout Risk,External or Limited Stock Strategy
22146,EASTER CRAFT IVY WREATH WITH CHICK,Long-Tail,1.0,1,45,0.0,2.0,1.0,Stockout Risk,External or Limited Stock Strategy
22875,NUMBER TILE COTTAGE GARDEN 7,Long-Tail,5.727272727272728,5,21,2.0,6.0,1.0,Stockout Risk,External or Limited Stock Strategy
35638B,PINK/BLUE STRING CURTAIN,Long-Tail,14.25,15,21,6.0,16.0,1.0,Stockout Risk,External or Limited Stock Strategy
90059B,DIAMANTE HAIR GRIP PACK/2 BLACK DIA,Long-Tail,2.0,0,14,0.0,1.0,1.0,Stockout Risk,External or Limited Stock Strategy
90070,RUBY GLASS CLUSTER BRACELET,Long-Tail,1.8888888888888888,0,14,0.0,1.0,1.0,Stockout Risk,External or Limited Stock Strategy
90127A,PINK BEADS+HAND PHONE CHARM,Long-Tail,2.0,0,21,0.0,1.0,1.0,Stockout Risk,External or Limited Stock Strategy
90129B,TURQUOISE GLASS TASSLE BAG CHARM,Long-Tail,5.7,4,14,2.0,5.0,1.0,Stockout Risk,External or Limited Stock Strategy
90200C,BLUE SWEETHEART BRACELET,Long-Tail,12.5,12,21,4.0,13.0,1.0,Stockout Risk,External or Limited Stock Strategy
23681,LUNCH BAG RED VINTAGE DOILY,Regular,788.0,0,30,368.0,1156.0,1156.0,Stockout Risk,Standard Replenishment Review
23501,KEY RING BASEBALL BOOT UNION JACK,Regular,607.0,3,21,141.0,566.0,563.0,Stockout Risk,Standard Replenishment Review
23287,RED VINTAGE SPOT BEAKER,Regular,267.2857142857143,23,45,181.0,582.0,559.0,Stockout Risk,Standard Replenishment Review
23483,HANGING  BUTTERFLY T-LIGHT HOLDER,Regular,442.6666666666667,99,30,160.0,603.0,504.0,Stockout Risk,Standard Replenishment Review
16033,MINI HIGHLIGHTER PENS,Regular,280.0,97,45,174.0,594.0,497.0,Stockout Risk,Standard Replenishment Review
72818,CHRISTMAS DECOUPAGE CANDLE,Regular,258.42857142857144,1,30,187.0,445.0,444.0,Stockout Risk,Standard Replenishment Review
23498,CLASSIC BICYCLE CLIPS,Regular,820.0,96,14,146.0,529.0,433.0,Stockout Risk,Standard Replenishment Review
16049,TEATIME GEL PENS ASST,Regular,252.0,33,30,139.0,391.0,358.0,Stockout Risk,Standard Replenishment Review
23691,WRAP KEEP CALM BIRTHDAY,Regular,587.5,51,14,116.0,390.0,339.0,Stockout Risk,Standard Replenishment Review
35957,SMALLFOLKART BAUBLE CHRISTMAS DEC,Regular,296.0,60,30,96.0,392.0,332.0,Stockout Risk,Standard Replenishment Review
23330,DECORATIVE WICKER HEART MEDIUM,Regular,358.8,26,21,106.0,357.0,331.0,Stockout Risk,Standard Replenishment Review
23329,DECORATIVE WICKER HEART LARGE,Regular,353.4,6,21,89.0,336.0,330.0,Stockout Risk,Standard Replenishment Review
23550,WRAP ALPHABET POSTER,Regular,309.1666666666667,105,30,120.0,429.0,324.0,Stockout Risk,Standard Replenishment Review
22198,LARGE POPCORN HOLDER,Regular,341.6666666666667,56,21,138.0,377.0,321.0,Stockout Risk,Standard Replenishment Review
23375,50'S CHRISTMAS PAPER GIFT BAG,Regular,268.4,81,30,132.0,400.0,319.0,Stockout Risk,Standard Replenishment Review
23499,SET 12 VINTAGE DOILY CHALK,Regular,437.3333333333333,0,14,108.0,312.0,312.0,Stockout Risk,Standard Replenishment Review
23086,ZINC  STAR T-LIGHT HOLDER,Regular,151.125,33,45,105.0,332.0,299.0,Stockout Risk,Standard Replenishment Review
23120,PACK OF 6 SMALL FRUIT STRAWS,Regular,230.42857142857144,62,30,128.0,358.0,296.0,Stockout Risk,Standard Replenishment Review
23551,PACK OF 12 PAISLEY PARK TISSUES,Regular,460.0,6,14,85.0,300.0,294.0,Stockout Risk,Standard Replenishment Review
23527,WALL ART ANIMALS AND NATURE,Regular,138.0,17,45,102.0,309.0,292.0,Stockout Risk,Standard Replenishment Review
23547,WRAP FLOWER SHOP,Regular,262.5,70,30,99.0,362.0,292.0,Stockout Risk,Standard Replenishment Review
23431,NATURAL HANGING QUILTED HEARTS,Regular,287.4,1,21,91.0,292.0,291.0,Stockout Risk,Standard Replenishment Review
23161,REGENCY CAKE FORK,Regular,214.375,12,30,87.0,301.0,289.0,Stockout Risk,Standard Replenishment Review
23412,HEART MIRROR ANTIQUE WHITE,Regular,178.0,61,45,74.0,341.0,280.0,Stockout Risk,Standard Replenishment Review
23438,RED SPOT GIFT BAG LARGE,Regular,361.8,92,21,117.0,370.0,278.0,Stockout Risk,Standard Replenishment Review
23227,FILIGREE HEART BUTTERFLY WHITE,Regular,205.25,14,30,83.0,288.0,274.0,Stockout Risk,Standard Replenishment Review
23371,SET 36 COLOUR PENCILS SPACEBOY,Regular,426.25,16,14,91.0,290.0,274.0,Stockout Risk,Standard Replenishment Review
84535A,ENGLISH ROSE NOTEBOOK A6 SIZE,Regular,133.0,60,45,128.0,328.0,268.0,Stockout Risk,Standard Replenishment Review
23228,FILIGREE HEART BIRD WHITE,Regular,168.5,88,45,100.0,353.0,265.0,Stockout Risk,Standard Replenishment Review
23500,KEY RING BASEBALL BOOT ASSORTED,Regular,542.0,87,14,90.0,343.0,256.0,Stockout Risk,Standard Replenishment Review
23369,SET 36 COLOUR PENCILS LOVE LONDON,Regular,276.25,30,21,77.0,270.0,240.0,Stockout Risk,Standard Replenishment Review
22344,PARTY PIZZA DISH PINK POLKADOT,Regular,102.08333333333331,12,45,92.0,245.0,233.0,Stockout Risk,Standard Replenishment Review
21206,STRAWBERRY HONEYCOMB  GARLAND,Regular,107.5,8,45,78.0,239.0,231.0,Stockout Risk,Standard Replenishment Review
21398,RED POLKADOT COFFEE  MUG,Regular,306.4,107,21,124.0,338.0,231.0,Stockout Risk,Standard Replenishment Review
23352,ROLL WRAP 50'S RED CHRISTMAS,Regular,360.0,4,14,66.0,234.0,230.0,Stockout Risk,Standard Replenishment Review
23568,EGG CUP HENRIETTA HEN CREAM,Regular,210.0,46,30,66.0,276.0,230.0,Stockout Risk,Standard Replenishment Review
23281,FOLDING BUTTERFLY MIRROR RED,Regular,160.0,5,30,70.0,230.0,225.0,Stockout Risk,Standard Replenishment Review
22600,CHRISTMAS RETROSPOT STAR WOOD,Regular,169.8,33,30,86.0,256.0,223.0,Stockout Risk,Standard Replenishment Review
23265,SET OF 3 WOODEN TREE DECORATIONS,Regular,250.7142857142857,44,21,85.0,260.0,216.0,Stockout Risk,Standard Replenishment Review
23390,DOLLY GIRL MINI BACKPACK,Regular,186.75,49,30,78.0,265.0,216.0,Stockout Risk,Standard Replenishment Review
23196,VINTAGE LEAF MAGNETIC NOTEPAD,Regular,267.42857142857144,54,21,74.0,261.0,207.0,Stockout Risk,Standard Replenishment Review
23331,DECORATIVE WICKER HEART SMALL,Regular,319.2,0,14,56.0,205.0,205.0,Stockout Risk,Standard Replenishment Review
23452,HEART MINI PORTRAIT FRAME,Regular,172.66666666666666,42,30,71.0,244.0,202.0,Stockout Risk,Standard Replenishment Review
23432,PRETTY HANGING QUILTED HEARTS,Regular,255.2,80,21,102.0,281.0,201.0,Stockout Risk,Standard Replenishment Review
20963,APPLE BATH SPONGE,Regular,102.76923076923076,29,45,75.0,229.0,200.0,Stockout Risk,Standard Replenishment Review
23435,3 RAFFIA RIBBONS VINTAGE CHRISTMAS,Regular,206.0,88,30,82.0,288.0,200.0,Stockout Risk,Standard Replenishment Review
23242,TREASURE TIN BUFFALO BILL,Regular,209.8571428571429,88,30,77.0,287.0,199.0,Stockout Risk,Standard Replenishment Review
21883,STARS GIFT TAPE,Regular,127.15384615384616,15,30,85.0,212.0,197.0,Stockout Risk,Standard Replenishment Review
22921,HERB MARKER CHIVES,Regular,131.07692307692307,85,45,84.0,281.0,196.0,Stockout Risk,Standard Replenishment Review
23549,WRAP BIRD GARDEN,Regular,217.5,17,21,58.0,210.0,193.0,Stockout Risk,Standard Replenishment Review
37327,ASSTD MULTICOLOUR CIRCLES MUG,Regular,143.45454545454547,25,30,63.0,206.0,181.0,Stockout Risk,Standard Replenishment Review
23096,PETIT TRAY CHIC,Regular,129.125,5,30,56.0,185.0,180.0,Stockout Risk,Standard Replenishment Review
22264,FELT FARM ANIMAL WHITE BUNNY,Regular,156.1,75,30,97.0,253.0,178.0,Stockout Risk,Standard Replenishment Review
21192,WHITE BELL HONEYCOMB PAPER,Regular,91.0,39,45,79.0,216.0,177.0,Stockout Risk,Standard Replenishment Review
22459,CAST IRON HOOK GARDEN TROWEL,Regular,77.2,11,45,69.0,185.0,174.0,Stockout Risk,Standard Replenishment Review
23225,CHERUB HEART DECORATION SILVER,Regular,183.28571428571428,104,30,93.0,276.0,172.0,Stockout Risk,Standard Replenishment Review
21287,SCENTED VELVET LOUNGE CANDLE,Regular,162.72727272727272,2,21,57.0,171.0,169.0,Stockout Risk,Standard Replenishment Review
21034,REX CASH+CARRY JUMBO SHOPPER,Regular,143.6153846153846,31,30,55.0,199.0,168.0,Stockout Risk,Standard Replenishment Review
23489,VINTAGE BELLS GARLAND,Regular,304.3333333333333,33,14,58.0,200.0,167.0,Stockout Risk,Standard Replenishment Review
22598,CHRISTMAS MUSICAL ZINC TREE,Regular,140.57142857142858,52,30,76.0,217.0,165.0,Stockout Risk,Standard Replenishment Review
77101A,UNION FLAG WINDSOCK,Regular,96.75,77,45,97.0,242.0,165.0,Stockout Risk,Standard Replenishment Review
22023,EMPIRE BIRTHDAY CARD,Regular,91.84615384615384,24,45,49.0,187.0,163.0,Stockout Risk,Standard Replenishment Review
23267,SET OF 4 SANTA PLACE SETTINGS,Regular,164.85714285714286,6,21,54.0,169.0,163.0,Stockout Risk,Standard Replenishment Review
22097,SWALLOW SQUARE TISSUE BOX,Regular,122.76923076923076,30,30,69.0,192.0,162.0,Stockout Risk,Standard Replenishment Review
35598B,BLACK CHRISTMAS TREE 60CM,Regular,93.0,58,45,79.0,218.0,160.0,Stockout Risk,Standard Replenishment Review
84763,ZINC FINISH 15CM PLANTER POTS,Regular,100.16666666666669,52,45,62.0,212.0,160.0,Stockout Risk,Standard Replenishment Review
23505,PLAYING CARDS I LOVE LONDON,Regular,300.0,42,14,61.0,201.0,159.0,Stockout Risk,Standard Replenishment Review
22603,CHRISTMAS RETROSPOT TREE WOOD,Regular,154.11111111111111,3,21,53.0,161.0,158.0,Stockout Risk,Standard Replenishment Review
23213,STAR WREATH DECORATION WITH BELL,Regular,238.57142857142856,83,21,74.0,241.0,158.0,Stockout Risk,Standard Replenishment Review
23433,HANGING QUILTED PATCHWORK APPLES,Regular,244.4,100,21,86.0,257.0,157.0,Stockout Risk,Standard Replenishment Review
23061,VINTAGE EMBOSSED HEART,Regular,112.77777777777776,0,30,43.0,156.0,156.0,Stockout Risk,Standard Replenishment Review
23087,ZINC  HEART T-LIGHT HOLDER,Regular,108.5,79,45,71.0,234.0,155.0,Stockout Risk,Standard Replenishment Review
21209,MULTICOLOUR HONEYCOMB FAN,Regular,94.15384615384616,55,45,67.0,208.0,153.0,Stockout Risk,Standard Replenishment Review
22918,HERB MARKER PARSLEY,Regular,142.84615384615384,50,30,59.0,202.0,152.0,Stockout Risk,Standard Replenishment Review
37448,CERAMIC CAKE DESIGN SPOTTED MUG,Regular,109.76923076923076,81,45,68.0,233.0,152.0,Stockout Risk,Standard Replenishment Review
23529,WALL ART DOLLY GIRL,Regular,212.33333333333331,76,21,78.0,227.0,151.0,Stockout Risk,Standard Replenishment Review
22576,SWALLOW WOODEN CHRISTMAS DECORATION,Regular,153.8,86,30,82.0,236.0,150.0,Stockout Risk,Standard Replenishment Review
85071A,BLUE CHARLIE+LOLA PERSONAL DOORSIGN,Regular,86.58333333333333,42,45,60.0,190.0,148.0,Stockout Risk,Standard Replenishment Review
70007,HI TEC ALPINE HAND WARMER,Regular,92.11111111111111,2,30,55.0,147.0,145.0,Stockout Risk,Standard Replenishment Review
23268,SET OF 2 CERAMIC CHRISTMAS REINDEER,Regular,239.16666666666663,26,14,58.0,170.0,144.0,Stockout Risk,Standard Replenishment Review
23512,EMBROIDERED RIBBON REEL ROSIE,Regular,125.0,54,30,73.0,198.0,144.0,Stockout Risk,Standard Replenishment Review
23365,SET 12 COLOUR PENCILS LOVE LONDON,Regular,464.25,13,7,48.0,156.0,143.0,Stockout Risk,Standard Replenishment Review
23124,18PC WOODEN CUTLERY SET DISPOSABLE,Regular,94.5,8,30,56.0,150.0,142.0,Stockout Risk,Standard Replenishment Review
23006,TRAVEL CARD WALLET FLOWER MEADOW,Regular,153.27272727272728,5,21,39.0,146.0,141.0,Stockout Risk,Standard Replenishment Review
85230A,OPIUM SCENTED VOTIVE CANDLE,Regular,93.33333333333331,56,45,56.0,196.0,140.0,Stockout Risk,Standard Replenishment Review
22977,DOLLY GIRL CHILDRENS EGG CUP,Regular,73.07692307692308,22,45,51.0,161.0,139.0,Stockout Risk,Standard Replenishment Review
23461,SWEETHEART BIRD HOUSE,Regular,210.75,97,21,88.0,236.0,139.0,Stockout Risk,Standard Replenishment Review
21014,SWISS CHALET TREE DECORATION,Regular,173.125,51,21,68.0,189.0,138.0,Stockout Risk,Standard Replenishment Review
22026,BANQUET BIRTHDAY  CARD,Regular,125.53846153846152,35,30,47.0,173.0,138.0,Stockout Risk,Standard Replenishment Review
37342,POLKADOT COFFEE CUP & SAUCER PINK,Regular,154.6,86,30,69.0,224.0,138.0,Stockout Risk,Standard Replenishment Review
21158,MOODY GIRL DOOR HANGER,Regular,111.15384615384616,35,30,59.0,170.0,135.0,Stockout Risk,Standard Replenishment Review
22025,RING OF ROSES BIRTHDAY CARD,Regular,140.23076923076923,62,30,56.0,196.0,134.0,Stockout Risk,Standard Replenishment Review
85194L,HANGING SPRING FLOWER EGG LARGE,Regular,155.83333333333334,94,30,71.0,227.0,133.0,Stockout Risk,Standard Replenishment Review
20754,RETROSPOT RED WASHING UP GLOVES,Regular,121.33333333333331,38,30,49.0,170.0,132.0,Stockout Risk,Standard Replenishment Review
23222,CHRISTMAS TREE HANGING GOLD,Regular,131.16666666666666,61,30,62.0,193.0,132.0,Stockout Risk,Standard Replenishment Review
23398,HANGING HEART BONHEUR,Regular,151.5,76,30,56.0,208.0,132.0,Stockout Risk,Standard Replenishment Review
21615,4 LAVENDER BOTANICAL DINNER CANDLES,Regular,68.53846153846153,47,45,75.0,178.0,131.0,Stockout Risk,Standard Replenishment Review
22093,MOTORING TISSUE BOX,Regular,152.5,34,21,58.0,165.0,131.0,Stockout Risk,Standard Replenishment Review
22922,FRIDGE MAGNETS US DINER ASSORTED,Regular,111.46153846153848,22,30,40.0,151.0,129.0,Stockout Risk,Standard Replenishment Review
23291,DOLLY GIRL CHILDRENS CUP,Regular,232.14285714285717,97,21,63.0,226.0,129.0,Stockout Risk,Standard Replenishment Review
21564,PINK  HEART SHAPE LOVE BUCKET,Regular,80.15384615384616,12,30,60.0,140.0,128.0,Stockout Risk,Standard Replenishment Review
23564,EGG CUP MILKMAID INGRID,Regular,214.66666666666663,20,14,46.0,146.0,126.0,Stockout Risk,Standard Replenishment Review
22581,WOOD STOCKING CHRISTMAS SCANDISPOT,Regular,196.125,80,21,68.0,205.0,125.0,Stockout Risk,Standard Replenishment Review
23028,DRAWER KNOB CRACKLE GLAZE BLUE,Regular,228.16666666666663,27,14,46.0,152.0,125.0,Stockout Risk,Standard Replenishment Review
23289,DOLLY GIRL CHILDRENS BOWL,Regular,230.57142857142856,25,14,42.0,150.0,125.0,Stockout Risk,Standard Replenishment Review
81952B,ROUND BLUE CLOCK WITH SUCKER,Regular,200.0,51,21,35.0,175.0,124.0,Stockout Risk,Standard Replenishment Review
22245,"HOOK, 1 HANGER ,MAGIC GARDEN",Regular,140.22222222222223,28,21,53.0,151.0,123.0,Stockout Risk,Standard Replenishment Review
21717,EASTER TIN BUCKET,Regular,102.0,105,45,74.0,227.0,122.0,Stockout Risk,Standard Replenishment Review
21318,GLASS CHALICE BLUE SMALL,Regular,115.66666666666669,78,30,83.0,199.0,121.0,Stockout Risk,Standard Replenishment Review
22048,BIRTHDAY BANQUET GIFT WRAP,Regular,79.16666666666667,51,45,53.0,172.0,121.0,Stockout Risk,Standard Replenishment Review
22572,ROCKING HORSE GREEN CHRISTMAS,Regular,153.33333333333334,117,30,84.0,237.0,120.0,Stockout Risk,Standard Replenishment Review
23418,LAVENDER TOILETTE BOTTLE,Regular,139.25,81,30,62.0,201.0,120.0,Stockout Risk,Standard Replenishment Review
23146,TRIPLE HOOK ANTIQUE IVORY ROSE,Regular,86.0,60,45,50.0,179.0,119.0,Stockout Risk,Standard Replenishment Review
22857,ASSORTED EASTER GIFT TAGS,Regular,163.57142857142858,55,21,57.0,172.0,117.0,Stockout Risk,Standard Replenishment Review
23360,SET 8 CANDLES VINTAGE DOILY,Regular,236.4,115,21,65.0,230.0,115.0,Stockout Risk,Standard Replenishment Review
21162,TOXIC AREA  DOOR HANGER,Regular,112.46153846153848,57,30,59.0,171.0,114.0,Stockout Risk,Standard Replenishment Review
21801,CHRISTMAS TREE DECORATION WITH BELL,Regular,121.5,22,21,51.0,136.0,114.0,Stockout Risk,Standard Replenishment Review
23282,FOLDING BUTTERFLY MIRROR IVORY,Regular,101.5,28,30,41.0,142.0,114.0,Stockout Risk,Standard Replenishment Review
21822,GLITTER CHRISTMAS TREE WITH BELLS,Regular,139.6,105,30,78.0,218.0,113.0,Stockout Risk,Standard Replenishment Review
23249,VINTAGE RED ENAMEL TRIM PLATE,Regular,116.0,50,30,47.0,163.0,113.0,Stockout Risk,Standard Replenishment Review
23031,DRAWER KNOB CRACKLE GLAZE PINK,Regular,182.57142857142856,65,21,48.0,176.0,111.0,Stockout Risk,Standard Replenishment Review
21195,PINK  HONEYCOMB PAPER BALL,Regular,115.5,62,30,57.0,172.0,110.0,Stockout Risk,Standard Replenishment Review
85230B,CINNAMON SCENTED VOTIVE CANDLE,Regular,107.33333333333331,0,21,35.0,110.0,110.0,Stockout Risk,Standard Replenishment Review
21823,PAINTED METAL HEART WITH HOLLY BELL,Regular,124.72727272727272,109,30,93.0,218.0,109.0,Stockout Risk,Standard Replenishment Review
23147,SINGLE ANTIQUE ROSE HOOK IVORY,Regular,207.44444444444449,94,21,58.0,203.0,109.0,Stockout Risk,Standard Replenishment Review
23518,EMBROIDERED RIBBON REEL RACHEL,Regular,88.75,33,30,53.0,142.0,109.0,Stockout Risk,Standard Replenishment Review
21714,CITRONELLA CANDLE GARDEN POT,Regular,127.0,22,21,41.0,130.0,108.0,Stockout Risk,Standard Replenishment Review
16048,TEATIME ROUND PENCIL SHARPENER,Regular,112.3076923076923,57,30,52.0,164.0,107.0,Stockout Risk,Standard Replenishment Review
21990,MODERN FLORAL STATIONERY SET,Regular,128.6153846153846,26,21,42.0,132.0,106.0,Stockout Risk,Standard Replenishment Review
23377,PACK OF 12 DOLLY GIRL TISSUES,Regular,337.75,117,14,65.0,223.0,106.0,Stockout Risk,Standard Replenishment Review
23566,EGG CUP MILKMAID HEIDI,Regular,293.6666666666667,77,14,46.0,183.0,106.0,Stockout Risk,Standard Replenishment Review
22059,CERAMIC STRAWBERRY DESIGN MUG,Regular,136.92307692307693,37,21,46.0,142.0,105.0,Stockout Risk,Standard Replenishment Review
23562,SET OF 6 RIBBONS PERFECTLY PRETTY,Regular,125.5,28,21,45.0,133.0,105.0,Stockout Risk,Standard Replenishment Review
22247,BUNNY DECORATION MAGIC GARDEN,Regular,74.22222222222223,11,30,41.0,115.0,104.0,Stockout Risk,Standard Replenishment Review
22533,MAGIC DRAWING SLATE BAKE A CAKE,Regular,135.23076923076923,44,21,53.0,148.0,104.0,Stockout Risk,Standard Replenishment Review
23223,CHRISTMAS TREE HANGING SILVER,Regular,114.42857142857144,15,21,39.0,119.0,104.0,Stockout Risk,Standard Replenishment Review
84596E,SMALL LICORICE DES PINK BOWL,Regular,114.8,56,30,45.0,160.0,104.0,Stockout Risk,Standard Replenishment Review
21718,RED METAL BEACH SPADE,Regular,114.84615384615384,17,21,40.0,120.0,103.0,Stockout Risk,Standard Replenishment Review
21870,I CAN ONLY PLEASE ONE PERSON MUG,Regular,172.875,75,21,57.0,178.0,103.0,Stockout Risk,Standard Replenishment Review
23217,LAUREL HEART ANTIQUE SILVER,Regular,187.0,85,21,57.0,188.0,103.0,Stockout Risk,Standard Replenishment Review
35954,SMALL FOLKART STAR CHRISTMAS DEC,Regular,155.625,68,21,61.0,170.0,102.0,Stockout Risk,Standard Replenishment Review
22717,CARD DOG AND BALL,Regular,94.53846153846152,94,45,53.0,195.0,101.0,Stockout Risk,Standard Replenishment Review
23379,PACK OF 12 RED APPLE TISSUES,Regular,305.0,113,14,72.0,214.0,101.0,Stockout Risk,Standard Replenishment Review
22354,RETROSPOT PADDED SEAT CUSHION,Regular,57.69230769230769,21,45,33.0,120.0,99.0,Stockout Risk,Standard Replenishment Review
51020B,STRIPY DESIGN SHOWER CAP,Regular,49.25,25,45,50.0,124.0,99.0,Stockout Risk,Standard Replenishment Review
22982,PANTRY PASTRY BRUSH,Regular,113.0,17,21,36.0,115.0,98.0,Stockout Risk,Standard Replenishment Review
23396,LE JARDIN BOTANIQUE CUSHION COVER,Regular,162.5,61,21,44.0,158.0,97.0,Stockout Risk,Standard Replenishment Review
21422,PORCELAIN ROSE SMALL,Regular,133.91666666666666,110,30,72.0,206.0,96.0,Stockout Risk,Standard Replenishment Review
21884,CAKES AND BOWS GIFT  TAPE,Regular,89.6923076923077,5,21,38.0,101.0,96.0,Stockout Risk,Standard Replenishment Review
84819,DANISH ROSE ROUND SEWING BOX,Regular,67.33333333333333,15,30,44.0,111.0,96.0,Stockout Risk,Standard Replenishment Review
85232B,SET OF 3 BABUSHKA STACKING TINS,Regular,135.5,55,21,56.0,151.0,96.0,Stockout Risk,Standard Replenishment Review
21015,DARK BIRD HOUSE TREE DECORATION,Regular,134.8181818181818,8,14,40.0,103.0,95.0,Stockout Risk,Standard Replenishment Review
35471D,SET OF 3 BIRD LIGHT PINK FEATHER,Regular,142.15384615384616,64,21,59.0,159.0,95.0,Stockout Risk,Standard Replenishment Review
22700,BLACK AND WHITE DOG BOWL,Regular,119.3,51,21,61.0,145.0,94.0,Stockout Risk,Standard Replenishment Review
23372,SET 36 COLOUR PENCILS DOLLY GIRL,Regular,343.25,23,7,37.0,117.0,94.0,Stockout Risk,Standard Replenishment Review
22755,SMALL PURPLE BABUSHKA NOTEBOOK,Regular,129.76923076923077,41,21,43.0,134.0,93.0,Stockout Risk,Standard Replenishment Review
22919,HERB MARKER MINT,Regular,133.92307692307693,42,21,41.0,135.0,93.0,Stockout Risk,Standard Replenishment Review
23274,STAR T-LIGHT HOLDER WILLIE WINKIE,Regular,168.57142857142858,23,14,37.0,116.0,93.0,Stockout Risk,Standard Replenishment Review
84510A,SET OF 4 ENGLISH ROSE COASTERS,Regular,96.07692307692308,38,30,35.0,131.0,93.0,Stockout Risk,Standard Replenishment Review
85172,HYACINTH BULB T-LIGHT CANDLES,Regular,94.92307692307692,9,21,36.0,102.0,93.0,Stockout Risk,Standard Replenishment Review
84313C,ORANGE TV TRAY TABLE,Regular,72.0,18,30,38.0,110.0,92.0,Stockout Risk,Standard Replenishment Review
21327,SKULLS WRITING SET,Regular,66.46153846153847,4,30,28.0,94.0,90.0,Stockout Risk,Standard Replenishment Review
21389,IVORY HANGING DECORATION  BIRD,Regular,85.61538461538461,1,21,31.0,91.0,90.0,Stockout Risk,Standard Replenishment Review
22103,MIRROR MOSAIC T-LIGHT HOLDER ROUND,Regular,85.33333333333333,58,30,63.0,148.0,90.0,Stockout Risk,Standard Replenishment Review
72816,SET/3 CHRISTMAS DECOUPAGE CANDLES,Regular,96.44444444444444,25,21,46.0,114.0,89.0,Stockout Risk,Standard Replenishment Review
21272,SALLE DE BAIN HOOK,Regular,60.888888888888886,3,30,30.0,91.0,88.0,Stockout Risk,Standard Replenishment Review
22043,CHRISTMAS CARD SCREEN PRINT,Regular,137.55555555555554,61,21,53.0,149.0,88.0,Stockout Risk,Standard Replenishment Review
23515,EMBROIDERED RIBBON REEL DAISY,Regular,144.75,69,21,56.0,157.0,88.0,Stockout Risk,Standard Replenishment Review
84520B,PACK 20 ENGLISH ROSE PAPER NAPKINS,Regular,138.5,8,14,31.0,96.0,88.0,Stockout Risk,Standard Replenishment Review
22400,MAGNETS PACK OF 4 HOME SWEET HOME,Regular,107.15384615384616,28,21,40.0,115.0,87.0,Stockout Risk,Standard Replenishment Review
22732,3D VINTAGE CHRISTMAS STICKERS,Regular,149.54545454545453,24,14,41.0,111.0,87.0,Stockout Risk,Standard Replenishment Review
22292,HANGING CHICK  YELLOW DECORATION,Regular,94.66666666666669,68,30,59.0,154.0,86.0,Stockout Risk,Standard Replenishment Review
22647,CERAMIC LOVE HEART MONEY BANK,Regular,65.45454545454545,21,30,42.0,107.0,86.0,Stockout Risk,Standard Replenishment Review
47518F,ICON PLACEMAT POP ART ELVIS,Regular,69.33333333333333,74,45,56.0,160.0,86.0,Stockout Risk,Standard Replenishment Review
82613D,METAL SIGN CUPCAKE SINGLE HOOK,Regular,53.53846153846154,8,30,40.0,94.0,86.0,Stockout Risk,Standard Replenishment Review
21873,IF YOU CAN'T STAND THE HEAT MUG,Regular,118.0,53,21,55.0,138.0,85.0,Stockout Risk,Standard Replenishment Review
22753,SMALL YELLOW BABUSHKA NOTEBOOK,Regular,77.6923076923077,86,45,54.0,171.0,85.0,Stockout Risk,Standard Replenishment Review
84971S,SMALL HEART FLOWERS HOOK,Regular,135.46153846153845,42,21,32.0,127.0,85.0,Stockout Risk,Standard Replenishment Review
85017B,ENVELOPE 50 BLOSSOM IMAGES,Regular,88.75,42,30,38.0,127.0,85.0,Stockout Risk,Standard Replenishment Review
85206A,CREAM FELT EASTER EGG BASKET,Regular,243.5,77,14,48.0,162.0,85.0,Stockout Risk,Standard Replenishment Review
22399,MAGNETS PACK OF 4 CHILDHOOD MEMORY,Regular,87.23076923076923,7,21,30.0,91.0,84.0,Stockout Risk,Standard Replenishment Review
22052,VINTAGE CARAVAN GIFT WRAP,Regular,104.16666666666669,72,30,51.0,155.0,83.0,Stockout Risk,Standard Replenishment Review
22377,BOTTLE BAG RETROSPOT,Regular,101.6923076923077,28,21,40.0,111.0,83.0,Stockout Risk,Standard Replenishment Review
23029,DRAWER KNOB CRACKLE GLAZE GREEN,Regular,192.28571428571428,40,14,33.0,123.0,83.0,Stockout Risk,Standard Replenishment Review
22329,ROUND CONTAINER SET OF 5 RETROSPOT,Regular,122.3846153846154,42,21,38.0,124.0,82.0,Stockout Risk,Standard Replenishment Review
22860,EASTER TIN CHICKS PINK DAISY,Regular,84.14285714285714,110,45,66.0,192.0,82.0,Stockout Risk,Standard Replenishment Review
21817,GLITTER CHRISTMAS TREE,Regular,181.2,111,21,65.0,192.0,81.0,Stockout Risk,Standard Replenishment Review
22859,EASTER TIN BUNNY BOUQUET,Regular,107.1818181818182,31,21,37.0,112.0,81.0,Stockout Risk,Standard Replenishment Review
23123,COCKTAIL SWORDS 50 PIECES,Regular,133.57142857142858,108,30,54.0,188.0,80.0,Stockout Risk,Standard Replenishment Review
23160,REGENCY TEA SPOON,Regular,181.25,41,14,36.0,121.0,80.0,Stockout Risk,Standard Replenishment Review
23491,VINTAGE JINGLE BELLS HEART,Regular,76.0,28,30,32.0,108.0,80.0,Stockout Risk,Standard Replenishment Review
79164,BLACK WINE GLASS,Regular,208.25,2,7,33.0,82.0,80.0,Stockout Risk,Standard Replenishment Review
84012,MAGIC SHEEP WOOL GROWING FROM PAPER,Regular,88.07692307692308,16,21,34.0,96.0,80.0,Stockout Risk,Standard Replenishment Review
85231B,CINAMMON SET OF 9 T-LIGHTS,Regular,67.0,20,30,33.0,100.0,80.0,Stockout Risk,Standard Replenishment Review
20961,STRAWBERRY BATH SPONGE,Regular,90.92307692307692,16,21,31.0,95.0,79.0,Stockout Risk,Standard Replenishment Review
22102,MIRROR MOSAIC T-LIGHT HOLDER,Regular,82.0,65,30,62.0,144.0,79.0,Stockout Risk,Standard Replenishment Review
22380,TOY TIDY SPACEBOY,Regular,100.15384615384616,15,21,23.0,93.0,78.0,Stockout Risk,Standard Replenishment Review
22810,SET OF 6 T-LIGHTS SNOWMEN,Regular,89.6,21,21,36.0,99.0,78.0,Stockout Risk,Standard Replenishment Review
23093,SMALL PARISIENNE HEART PHOTO FRAME,Regular,117.375,88,30,49.0,166.0,78.0,Stockout Risk,Standard Replenishment Review
23270,SET OF 2 CERAMIC PAINTED HEARTS,Regular,167.71428571428572,33,14,33.0,111.0,78.0,Stockout Risk,Standard Replenishment Review
47504H,ENGLISH ROSE SPIRIT LEVEL,Regular,75.23076923076923,39,30,42.0,117.0,78.0,Stockout Risk,Standard Replenishment Review
21636,MADRAS NOTEBOOK MEDIUM,Regular,101.44444444444444,67,30,43.0,144.0,77.0,Stockout Risk,Standard Replenishment Review
22258,FELT FARM ANIMAL RABBIT,Regular,114.0,100,30,63.0,177.0,77.0,Stockout Risk,Standard Replenishment Review
23427,STOOL HOME SWEET HOME,Regular,58.75,13,30,30.0,89.0,76.0,Stockout Risk,Standard Replenishment Review
20829,GLITTER HANGING BUTTERFLY STRING,Regular,100.92307692307692,30,21,34.0,105.0,75.0,Stockout Risk,Standard Replenishment Review
21743,STAR PORTABLE TABLE LIGHT,Regular,29.9,3,45,33.0,78.0,75.0,Stockout Risk,Standard Replenishment Review
22128,PARTY CONES CANDY ASSORTED,Regular,145.83333333333334,25,14,32.0,100.0,75.0,Stockout Risk,Standard Replenishment Review
22705,WRAP GREEN PEARS,Regular,142.92307692307693,17,14,25.0,92.0,75.0,Stockout Risk,Standard Replenishment Review
85184C,S/4 VALENTINE DECOUPAGE HEART BOX,Regular,127.23076923076924,29,14,45.0,104.0,75.0,Stockout Risk,Standard Replenishment Review
20658,RED RETROSPOT LUGGAGE TAG,Regular,43.3,17,45,25.0,90.0,73.0,Stockout Risk,Standard Replenishment Review
16236,KITTY PENCIL ERASERS,Regular,110.6153846153846,38,21,33.0,110.0,72.0,Stockout Risk,Standard Replenishment Review
21070,VINTAGE BILLBOARD MUG,Regular,85.07692307692308,31,21,43.0,103.0,72.0,Stockout Risk,Standard Replenishment Review
23325,RUSTIC STRAWBERRY JAM POT SMALL,Regular,115.5,2,14,20.0,74.0,72.0,Stockout Risk,Standard Replenishment Review
23474,WOODLAND SMALL BLUE FELT HEART,Regular,104.0,36,21,35.0,108.0,72.0,Stockout Risk,Standard Replenishment Review
23509,MINI PLAYING CARDS FUN FAIR,Regular,265.5,27,7,37.0,99.0,72.0,Stockout Risk,Standard Replenishment Review
23598,PAPER BUNTING VINTAGE PARTY,Regular,213.5,53,14,25.0,125.0,72.0,Stockout Risk,Standard Replenishment Review
22075,6 RIBBONS ELEGANT CHRISTMAS,Regular,146.75,36,14,39.0,107.0,71.0,Stockout Risk,Standard Replenishment Review
21215,IVORY PAPER CUP CAKE CASES,Regular,83.61538461538461,13,21,24.0,83.0,70.0,Stockout Risk,Standard Replenishment Review
21403,BLUE EGG  SPOON,Regular,142.84615384615384,71,21,41.0,141.0,70.0,Stockout Risk,Standard Replenishment Review
82613C,"METAL SIGN,CUPCAKE SINGLE HOOK",Regular,41.69230769230769,36,45,43.0,106.0,70.0,Stockout Risk,Standard Replenishment Review
17038,PORCELAIN BUDAH INCENSE HOLDER,Regular,117.3076923076923,10,14,24.0,79.0,69.0,Stockout Risk,Standard Replenishment Review
21619,4 VANILLA BOTANICAL CANDLES,Regular,74.92307692307692,60,30,54.0,129.0,69.0,Stockout Risk,Standard Replenishment Review
22021,BLUE FELT EASTER EGG BASKET,Regular,91.25,19,21,23.0,87.0,68.0,Stockout Risk,Standard Replenishment Review
23481,PEARLISED IVORY HEART SMALL,Regular,76.0,8,21,23.0,76.0,68.0,Stockout Risk,Standard Replenishment Review
72351A,SET/6 TURQUOISE BUTTERFLY T-LIGHTS,Regular,98.3846153846154,0,14,22.0,68.0,68.0,Stockout Risk,Standard Replenishment Review
22249,DECORATION WHITE CHICK MAGIC GARDEN,Regular,84.36363636363636,27,21,35.0,94.0,67.0,Stockout Risk,Standard Replenishment Review
23125,6PC WOOD PLATE SET DISPOSABLE,Regular,76.5,25,21,38.0,92.0,67.0,Stockout Risk,Standard Replenishment Review
23538,WALL ART VINTAGE HEART,Regular,110.33333333333331,17,14,33.0,84.0,67.0,Stockout Risk,Standard Replenishment Review
85032B,BLOSSOM IMAGES GIFT WRAP SET,Regular,71.45454545454545,0,21,17.0,67.0,67.0,Stockout Risk,Standard Replenishment Review
22521,CHILDS GARDEN TROWEL PINK,Regular,101.5,3,14,22.0,69.0,66.0,Stockout Risk,Standard Replenishment Review
84598,BOYS ALPHABET IRON ON PATCHES,Regular,129.76923076923077,73,21,48.0,139.0,66.0,Stockout Risk,Standard Replenishment Review
22458,CAST IRON HOOK GARDEN FORK,Regular,104.6,50,21,42.0,115.0,65.0,Stockout Risk,Standard Replenishment Review
22948,METAL DECORATION NAUGHTY CHILDREN,Regular,122.53846153846152,53,21,32.0,118.0,65.0,Stockout Risk,Standard Replenishment Review
85199L,LARGE HANGING IVORY & RED WOOD BIRD,Regular,74.23076923076923,42,30,33.0,107.0,65.0,Stockout Risk,Standard Replenishment Review
21382,SET/4 SPRING FLOWER DECORATION,Regular,87.92307692307692,68,30,44.0,132.0,64.0,Stockout Risk,Standard Replenishment Review
79067,CORONA MEXICAN TRAY,Regular,172.0,86,21,30.0,150.0,64.0,Stockout Risk,Standard Replenishment Review
84341B,SMALL PINK MAGIC CHRISTMAS TREE,Regular,92.14285714285714,1,14,22.0,65.0,64.0,Stockout Risk,Standard Replenishment Review
85131A,BEADED PEARL HEART WHITE ON STICK,Regular,99.6,36,21,30.0,100.0,64.0,Stockout Risk,Standard Replenishment Review
85169A,IVORY LOVE BIRD CANDLE,Regular,62.46153846153846,9,21,29.0,73.0,64.0,Stockout Risk,Standard Replenishment Review
22747,POPPY'S PLAYHOUSE BATHROOM,Regular,73.38461538461539,8,21,20.0,71.0,63.0,Stockout Risk,Standard Replenishment Review
84976,RECTANGULAR SHAPED MIRROR,Regular,45.45454545454545,14,30,32.0,77.0,63.0,Stockout Risk,Standard Replenishment Review
21069,VINTAGE BILLBOARD TEA MUG,Regular,138.66666666666666,96,21,61.0,158.0,62.0,Stockout Risk,Standard Replenishment Review
21447,12 IVORY ROSE PEG PLACE SETTINGS,Regular,96.8,0,14,17.0,62.0,62.0,Stockout Risk,Standard Replenishment Review
22737,RIBBON REEL CHRISTMAS PRESENT,Regular,103.6923076923077,15,14,29.0,77.0,62.0,Stockout Risk,Standard Replenishment Review
23003,TRAVEL CARD WALLET VINTAGE ROSE,Regular,108.4,47,21,33.0,109.0,62.0,Stockout Risk,Standard Replenishment Review
84247G,"DECOUPAGE,GREETING CARD,",Regular,44.625,0,30,17.0,62.0,62.0,Stockout Risk,Standard Replenishment Review
20854,BLUE PATCH PURSE PINK HEART,Regular,76.0,53,30,38.0,114.0,61.0,Stockout Risk,Standard Replenishment Review
22092,BLUE PAISLEY TISSUE BOX,Regular,60.90909090909091,30,30,30.0,91.0,61.0,Stockout Risk,Standard Replenishment Review
22731,3D CHRISTMAS STAMPS STICKERS,Regular,146.5,41,14,34.0,102.0,61.0,Stockout Risk,Standard Replenishment Review
23391,I LOVE LONDON MINI BACKPACK,Regular,97.25,35,21,28.0,96.0,61.0,Stockout Risk,Standard Replenishment Review
21245,GREEN POLKADOT PLATE,Regular,82.6923076923077,57,30,34.0,117.0,60.0,Stockout Risk,Standard Replenishment Review
23525,WALL ART BUFFALO BILL,Regular,192.0,12,7,27.0,72.0,60.0,Stockout Risk,Standard Replenishment Review
23528,WALL ART SPACEBOY,Regular,159.66666666666666,53,14,38.0,113.0,60.0,Stockout Risk,Standard Replenishment Review
51020A,SUMMER FUN DESIGN SHOWER CAP,Regular,65.0,51,30,46.0,111.0,60.0,Stockout Risk,Standard Replenishment Review
23478,WOODLAND LARGE PINK FELT HEART,Regular,95.0,41,21,34.0,100.0,59.0,Stockout Risk,Standard Replenishment Review
21143,ANTIQUE GLASS HEART DECORATION,Regular,54.5,36,30,40.0,94.0,58.0,Stockout Risk,Standard Replenishment Review
21789,KIDS RAIN MAC PINK,Regular,71.07692307692308,13,21,21.0,71.0,58.0,Stockout Risk,Standard Replenishment Review
22228,BUNNY WOODEN PAINTED WITH BIRD,Regular,83.33333333333333,64,30,39.0,122.0,58.0,Stockout Risk,Standard Replenishment Review
22843,BISCUIT TIN VINTAGE GREEN,Regular,34.23076923076923,17,45,24.0,75.0,58.0,Stockout Risk,Standard Replenishment Review
75178,ASSTD COL BUTTERFLY/CRYSTAL W/CHIME,Regular,57.375,32,30,33.0,90.0,58.0,Stockout Risk,Standard Replenishment Review
21126,SET OF 6 GIRLS CELEBRATION CANDLES,Regular,45.53846153846154,5,30,16.0,62.0,57.0,Stockout Risk,Standard Replenishment Review
22035,VINTAGE CARAVAN GREETING CARD,Regular,132.0,29,14,24.0,86.0,57.0,Stockout Risk,Standard Replenishment Review
22422,TOOTHPASTE TUBE PEN,Regular,97.92307692307692,101,30,60.0,158.0,57.0,Stockout Risk,Standard Replenishment Review
22683,FRENCH BLUE METAL DOOR SIGN 8,Regular,48.76923076923077,11,30,19.0,68.0,57.0,Stockout Risk,Standard Replenishment Review
22707,WRAP MONSTER FUN,Regular,96.6923076923077,6,14,18.0,63.0,57.0,Stockout Risk,Standard Replenishment Review
22736,RIBBON REEL MAKING SNOWMEN,Regular,101.0,54,21,40.0,111.0,57.0,Stockout Risk,Standard Replenishment Review
23502,PLAYING CARDS VINTAGE DOILY,Regular,178.5,3,7,18.0,60.0,57.0,Stockout Risk,Standard Replenishment Review
37447,CERAMIC CAKE DESIGN SPOTTED PLATE,Regular,63.07692307692308,30,30,24.0,87.0,57.0,Stockout Risk,Standard Replenishment Review
21292,SMALL STRIPES CHOCOLATE GIFT BAG,Regular,96.33333333333331,48,21,37.0,104.0,56.0,Stockout Risk,Standard Replenishment Review
21381,MINI WOODEN HAPPY BIRTHDAY GARLAND,Regular,137.3846153846154,92,21,52.0,148.0,56.0,Stockout Risk,Standard Replenishment Review
35648,VINTAGE BEAD PINK PURSE,Regular,86.81818181818181,1,14,16.0,57.0,56.0,Stockout Risk,Standard Replenishment Review
85034B,3 WHITE CHOC MORRIS BOXED CANDLES,Regular,94.6,16,14,28.0,72.0,56.0,Stockout Risk,Standard Replenishment Review
22210,WOOD STAMP SET BEST WISHES,Regular,78.23076923076923,65,30,42.0,120.0,55.0,Stockout Risk,Standard Replenishment Review
47599B,BLUE PARTY BAGS,Regular,113.84615384615384,19,14,21.0,74.0,55.0,Stockout Risk,Standard Replenishment Review
84818,DANISH ROSE PHOTO FRAME,Regular,124.54545454545456,75,21,43.0,130.0,55.0,Stockout Risk,Standard Replenishment Review
85130B,BEADED CRYSTAL HEART GREEN LARGE,Regular,69.5,22,21,28.0,77.0,55.0,Stockout Risk,Standard Replenishment Review
20801,LARGE PINK GLASS SUNDAE DISH,Regular,166.16666666666666,2,7,17.0,56.0,54.0,Stockout Risk,Standard Replenishment Review
22949,36 DOILIES DOLLY GIRL,Regular,72.61538461538461,21,21,24.0,75.0,54.0,Stockout Risk,Standard Replenishment Review
23381,PACK OF 12 VINTAGE LEAF TISSUES,Regular,374.0,78,7,45.0,132.0,54.0,Stockout Risk,Standard Replenishment Review
35004C,SET OF 3 COLOURED  FLYING DUCKS,Regular,97.75,20,14,28.0,74.0,54.0,Stockout Risk,Standard Replenishment Review
84926E,FLOWERS TILE COASTER,Regular,88.0,11,14,24.0,65.0,54.0,Stockout Risk,Standard Replenishment Review
22337,ANGEL DECORATION PAINTED ZINC,Regular,130.28571428571428,82,21,44.0,135.0,53.0,Stockout Risk,Standard Replenishment Review
23139,SINGLE WIRE HOOK PINK HEART,Regular,44.66666666666666,1,21,23.0,54.0,53.0,Stockout Risk,Standard Replenishment Review
23197,SKETCHBOOK MAGNETIC SHOPPING LIST,Regular,209.28571428571428,80,14,35.0,133.0,53.0,Stockout Risk,Standard Replenishment Review
23453,OVAL  MINI PORTRAIT FRAME,Regular,105.33333333333331,16,14,20.0,69.0,53.0,Stockout Risk,Standard Replenishment Review
21561,DINOSAUR LUNCH BOX WITH CUTLERY,Regular,98.53846153846152,16,14,22.0,68.0,52.0,Stockout Risk,Standard Replenishment Review
21949,SET OF 6 STRAWBERRY CHOPSTICKS,Regular,61.61538461538461,13,21,22.0,65.0,52.0,Stockout Risk,Standard Replenishment Review
22262,FELT EGG COSY CHICKEN,Regular,78.6923076923077,33,21,30.0,85.0,52.0,Stockout Risk,Standard Replenishment Review
22861,EASTER TIN CHICKS IN GARDEN,Regular,61.0,8,21,17.0,60.0,52.0,Stockout Risk,Standard Replenishment Review
23214,JINGLE BELL HEART ANTIQUE GOLD,Regular,112.71428571428572,63,21,36.0,115.0,52.0,Stockout Risk,Standard Replenishment Review
23271,CHRISTMAS TABLE SILVER CANDLE SPIKE,Regular,247.28571428571428,35,7,29.0,87.0,52.0,Stockout Risk,Standard Replenishment Review
23559,WOODLAND BUNNIES LOLLY MAKERS,Regular,162.25,51,14,27.0,103.0,52.0,Stockout Risk,Standard Replenishment Review
84917,WHITE HAND TOWEL WITH BUTTERFLY,Regular,36.8,30,45,27.0,82.0,52.0,Stockout Risk,Standard Replenishment Review
23446,BLUE BUNNY EASTER EGG BASKET,Regular,78.5,34,21,30.0,85.0,51.0,Stockout Risk,Standard Replenishment Review
16054,POPART RECT PENCIL SHARPENER ASST,Regular,145.75,49,14,31.0,99.0,50.0,Stockout Risk,Standard Replenishment Review
20751,FUNKY WASHING UP GLOVES ASSORTED,Regular,74.6923076923077,53,30,28.0,103.0,50.0,Stockout Risk,Standard Replenishment Review
21634,ASSORTED MINI MADRAS NOTEBOOK,Regular,108.44444444444444,78,21,52.0,128.0,50.0,Stockout Risk,Standard Replenishment Review
22905,CALENDAR IN SEASON DESIGN,Regular,44.69230769230769,18,30,23.0,68.0,50.0,Stockout Risk,Standard Replenishment Review
22906,12 MESSAGE CARDS WITH ENVELOPES,Regular,133.30769230769232,34,14,22.0,84.0,50.0,Stockout Risk,Standard Replenishment Review
23075,PARLOUR CERAMIC WALL HOOK,Regular,51.55555555555556,22,30,20.0,72.0,50.0,Stockout Risk,Standard Replenishment Review
23190,BUNDLE OF 3 SCHOOL EXERCISE BOOKS,Regular,212.625,88,14,39.0,138.0,50.0,Stockout Risk,Standard Replenishment Review
85038,6 CHOCOLATE LOVE HEART T-LIGHTS,Regular,81.61538461538461,38,21,31.0,88.0,50.0,Stockout Risk,Standard Replenishment Review
22476,EMPIRE UNION JACK TV DINNER TRAY,Regular,67.07692307692308,5,14,23.0,54.0,49.0,Stockout Risk,Standard Replenishment Review
23419,HOME SWEET HOME BOTTLE,Regular,118.0,117,30,48.0,166.0,49.0,Stockout Risk,Standard Replenishment Review
23424,GINGHAM RECIPE BOOK BOX,Regular,115.5,63,21,31.0,112.0,49.0,Stockout Risk,Standard Replenishment Review
23695,DOILY THANK YOU CARD,Regular,370.5,69,7,32.0,118.0,49.0,Stockout Risk,Standard Replenishment Review
84826,ASSTD DESIGN 3D PAPER STICKERS,Regular,105.63636363636364,31,14,31.0,80.0,49.0,Stockout Risk,Standard Replenishment Review
16011,ANIMAL STICKERS,Regular,134.53846153846155,41,14,26.0,89.0,48.0,Stockout Risk,Standard Replenishment Review
21397,BLUE POLKADOT EGG CUP,Regular,179.16666666666666,91,14,55.0,139.0,48.0,Stockout Risk,Standard Replenishment Review
22811,SET OF 6 T-LIGHTS CACTI,Regular,67.76923076923077,23,21,24.0,71.0,48.0,Stockout Risk,Standard Replenishment Review
22934,BAKING MOULD EASTER EGG WHITE CHOC,Regular,58.9,18,21,25.0,66.0,48.0,Stockout Risk,Standard Replenishment Review
23423,PANTRY 3 HOOK ROLLING PIN HANGER,Regular,54.75,30,30,23.0,78.0,48.0,Stockout Risk,Standard Replenishment Review
85131D,BEADED CRYSTAL HEART PINK ON STICK,Regular,65.38461538461539,16,21,18.0,64.0,48.0,Stockout Risk,Standard Replenishment Review
16161G,WRAP BAD HAIR DAY,Regular,77.77777777777777,31,21,24.0,78.0,47.0,Stockout Risk,Standard Replenishment Review
16225,RATTLE SNAKE EGGS,Regular,67.75,59,30,38.0,106.0,47.0,Stockout Risk,Standard Replenishment Review
21163,DO NOT TOUCH MY STUFF DOOR HANGER,Regular,108.72727272727272,31,14,27.0,78.0,47.0,Stockout Risk,Standard Replenishment Review
22072,RED RETROSPOT TEA CUP AND SAUCER,Regular,65.23076923076923,19,21,20.0,66.0,47.0,Stockout Risk,Standard Replenishment Review
22252,BIRDCAGE DECORATION TEALIGHT HOLDER,Regular,49.0,23,30,21.0,70.0,47.0,Stockout Risk,Standard Replenishment Review
22362,GLASS JAR PEACOCK BATH SALTS,Regular,31.384615384615383,0,30,16.0,47.0,47.0,Stockout Risk,Standard Replenishment Review
22494,EMERGENCY FIRST AID TIN,Regular,81.61538461538461,6,14,15.0,53.0,47.0,Stockout Risk,Standard Replenishment Review
37450,CERAMIC CAKE BOWL + HANGING CAKES,Regular,54.92307692307692,6,21,15.0,53.0,47.0,Stockout Risk,Standard Replenishment Review
21211,SET OF 72 SKULL PAPER  DOILIES,Regular,73.58333333333333,30,21,24.0,76.0,46.0,Stockout Risk,Standard Replenishment Review
21383,PACK OF 12 STICKY BUNNIES,Regular,76.23076923076923,72,30,42.0,118.0,46.0,Stockout Risk,Standard Replenishment Review
21785,RAIN PONCHO,Regular,137.0,8,7,22.0,54.0,46.0,Stockout Risk,Standard Replenishment Review
22074,6 RIBBONS SHIMMERING PINKS,Regular,106.92307692307692,74,21,45.0,120.0,46.0,Stockout Risk,Standard Replenishment Review
22076,6 RIBBONS EMPIRE,Regular,96.84615384615384,21,14,22.0,67.0,46.0,Stockout Risk,Standard Replenishment Review
22758,LARGE PURPLE BABUSHKA NOTEBOOK,Regular,91.92307692307692,58,21,40.0,104.0,46.0,Stockout Risk,Standard Replenishment Review
84519B,CARROT CHARLIE+LOLA COASTER SET,Regular,36.23076923076923,6,30,16.0,52.0,46.0,Stockout Risk,Standard Replenishment Review
21111,"SWISS ROLL TOWEL, CHOCOLATE  SPOTS",Regular,75.0,10,14,20.0,55.0,45.0,Stockout Risk,Standard Replenishment Review
21199,PINK  HEART CONFETTI IN TUBE,Regular,76.5,79,30,47.0,124.0,45.0,Stockout Risk,Standard Replenishment Review
21641,ASSORTED TUTTI FRUTTI KEYRING BALL,Regular,115.3,91,21,55.0,136.0,45.0,Stockout Risk,Standard Replenishment Review
21700,BIG DOUGHNUT FRIDGE MAGNETS,Regular,130.0,42,14,26.0,87.0,45.0,Stockout Risk,Standard Replenishment Review
22331,WOODLAND PARTY BAG + STICKER SET,Regular,141.53846153846155,96,21,42.0,141.0,45.0,Stockout Risk,Standard Replenishment Review
16169M,WRAP DAISY CARPET,Regular,60.0,39,30,23.0,83.0,44.0,Stockout Risk,Standard Replenishment Review
21898,POTTING SHED ROSE CANDLE,Regular,164.33333333333334,76,14,43.0,120.0,44.0,Stockout Risk,Standard Replenishment Review
22115,METAL SIGN EMPIRE TEA,Regular,119.15384615384616,38,14,26.0,82.0,44.0,Stockout Risk,Standard Replenishment Review
23473,WOODLAND SMALL RED FELT HEART,Regular,226.0,104,14,43.0,148.0,44.0,Stockout Risk,Standard Replenishment Review
20986,BLUE CALCULATOR RULER,Regular,50.30769230769231,14,21,22.0,57.0,43.0,Stockout Risk,Standard Replenishment Review
21043,APRON MODERN VINTAGE COTTON,Regular,70.28571428571429,7,14,17.0,50.0,43.0,Stockout Risk,Standard Replenishment Review
22175,PINK OWL SOFT TOY,Regular,67.38461538461539,29,21,25.0,72.0,43.0,Stockout Risk,Standard Replenishment Review
22342,HOME GARLAND PAINTED ZINC,Regular,73.92307692307692,31,21,22.0,74.0,43.0,Stockout Risk,Standard Replenishment Review
22321,BIRD DECORATION RED RETROSPOT,Regular,68.6923076923077,4,14,14.0,46.0,42.0,Stockout Risk,Standard Replenishment Review
22965,3 TRADITIONAL BISCUIT CUTTERS  SET,Regular,104.53846153846152,103,30,40.0,145.0,42.0,Stockout Risk,Standard Replenishment Review
23074,EMBOSSED HEART TRINKET BOX,Regular,60.0,18,21,18.0,60.0,42.0,Stockout Risk,Standard Replenishment Review
23579,SNACK TRAY I LOVE LONDON,Regular,56.333333333333336,19,21,22.0,61.0,42.0,Stockout Risk,Standard Replenishment Review
85213,MINI  ZINC GARDEN DECORATIONS,Regular,103.5,42,14,36.0,84.0,42.0,Stockout Risk,Standard Replenishment Review
22261,FELT EGG COSY WHITE RABBIT,Regular,48.25,13,21,20.0,54.0,41.0,Stockout Risk,Standard Replenishment Review
22286,DECORATION WOBBLY RABBIT METAL,Regular,93.58333333333331,22,14,19.0,63.0,41.0,Stockout Risk,Standard Replenishment Review
23469,CARD HOLDER LOVE BIRD SMALL,Regular,83.0,19,14,21.0,60.0,41.0,Stockout Risk,Standard Replenishment Review
23522,WALL ART DOG AND BALL,Regular,118.0,87,21,45.0,128.0,41.0,Stockout Risk,Standard Replenishment Review
23533,WALL ART GARDEN HAVEN,Regular,71.66666666666667,38,21,29.0,79.0,41.0,Stockout Risk,Standard Replenishment Review
23697,A PRETTY THANK YOU CARD,Regular,228.0,36,7,24.0,77.0,41.0,Stockout Risk,Standard Replenishment Review
35598D,PINK/WHITE CHRISTMAS TREE 60CM,Regular,62.18181818181818,6,14,18.0,47.0,41.0,Stockout Risk,Standard Replenishment Review
46000M,POLYESTER FILLER PAD 45X45CM,Regular,78.46153846153847,12,14,16.0,53.0,41.0,Stockout Risk,Standard Replenishment Review
47422,ASSORTED MONKEY SUCTION CUP HOOK,Regular,47.38461538461539,8,21,16.0,49.0,41.0,Stockout Risk,Standard Replenishment Review
84858C,PINK RIVIERA HANDBAG,Regular,62.0,27,21,25.0,68.0,41.0,Stockout Risk,Standard Replenishment Review
84944,SET OF 6 KASHMIR FOLKART BAUBLES,Regular,82.75,97,30,55.0,138.0,41.0,Stockout Risk,Standard Replenishment Review
90057,DIAMANTE RING ASSORTED IN BOX.,Regular,168.0,74,14,37.0,115.0,41.0,Stockout Risk,Standard Replenishment Review
21684,SMALL MEDINA STAMPED METAL BOWL,Regular,59.30769230769231,29,21,27.0,69.0,40.0,Stockout Risk,Standard Replenishment Review
22068,BLACK PIRATE TREASURE CHEST,Regular,39.53846153846154,3,21,15.0,43.0,40.0,Stockout Risk,Standard Replenishment Review
22255,FELT TOADSTOOL  SMALL,Regular,48.38461538461539,9,21,15.0,49.0,40.0,Stockout Risk,Standard Replenishment Review
23273,HEART T-LIGHT HOLDER WILLIE WINKIE,Regular,138.42857142857142,5,7,13.0,45.0,40.0,Stockout Risk,Standard Replenishment Review
23455,SMALL PARLOUR PICTURE FRAME,Regular,69.0,57,30,28.0,97.0,40.0,Stockout Risk,Standard Replenishment Review
23567,EGG CUP HENRIETTA HEN PINK,Regular,70.33333333333333,8,14,15.0,48.0,40.0,Stockout Risk,Standard Replenishment Review
22923,FRIDGE MAGNETS LES ENFANTS ASSORTED,Regular,94.92307692307692,55,21,28.0,94.0,39.0,Stockout Risk,Standard Replenishment Review
23575,SNACK TRAY PAISLEY PARK,Regular,89.5,55,21,31.0,94.0,39.0,Stockout Risk,Standard Replenishment Review
21026,SPACE OWL,Regular,25.5,0,30,12.0,38.0,38.0,Stockout Risk,Standard Replenishment Review
21556,CERAMIC STRAWBERRY MONEY BOX,Regular,88.81818181818181,63,21,39.0,101.0,38.0,Stockout Risk,Standard Replenishment Review
21948,SET OF 6 CAKE CHOPSTICKS,Regular,49.23076923076923,15,21,19.0,53.0,38.0,Stockout Risk,Standard Replenishment Review
22284,HEN HOUSE DECORATION,Regular,70.38461538461539,37,21,26.0,75.0,38.0,Stockout Risk,Standard Replenishment Review
22406,MONEY BOX KINGS CHOICE DESIGN,Regular,26.615384615384617,2,30,13.0,40.0,38.0,Stockout Risk,Standard Replenishment Review
23539,WALL ART LOVES' SECRET,Regular,82.33333333333333,22,14,22.0,60.0,38.0,Stockout Risk,Standard Replenishment Review
85032C,CURIOUS IMAGES GIFT WRAP SET,Regular,51.61538461538461,38,30,24.0,76.0,38.0,Stockout Risk,Standard Replenishment Review
85049G,CHOCOLATE BOX RIBBONS,Regular,132.3846153846154,48,14,24.0,86.0,38.0,Stockout Risk,Standard Replenishment Review
21530,DAIRY MAID TOASTRACK,Regular,56.92307692307692,22,21,19.0,59.0,37.0,Stockout Risk,Standard Replenishment Review
21773,DECORATIVE ROSE BATHROOM BOTTLE,Regular,90.0,111,30,58.0,148.0,37.0,Stockout Risk,Standard Replenishment Review
21881,CUTE CATS TAPE,Regular,84.76923076923077,58,21,36.0,95.0,37.0,Stockout Risk,Standard Replenishment Review
22313,OFFICE MUG WARMER PINK,Regular,43.46153846153846,14,21,21.0,51.0,37.0,Stockout Risk,Standard Replenishment Review
22974,CHILDRENS DOLLY GIRL MUG,Regular,122.0,86,21,38.0,123.0,37.0,Stockout Risk,Standard Replenishment Review
23495,SET OF 3 PANTRY WOODEN SPOONS,Regular,75.0,17,14,19.0,54.0,37.0,Stockout Risk,Standard Replenishment Review
37446,MINI CAKE STAND WITH HANGING CAKES,Regular,104.15384615384616,31,14,19.0,68.0,37.0,Stockout Risk,Standard Replenishment Review
84806B,WHITE CANDYSTUFT ARTIFICIAL FLOWER,Regular,25.666666666666668,1,30,12.0,38.0,37.0,Stockout Risk,Standard Replenishment Review
85049F,BABY BOOM RIBBONS,Regular,37.8,1,21,12.0,38.0,37.0,Stockout Risk,Standard Replenishment Review
85186C,BUNNY EGG GARLAND,Regular,75.42857142857143,16,14,18.0,53.0,37.0,Stockout Risk,Standard Replenishment Review
22049,WRAP CHRISTMAS SCREEN PRINT,Regular,262.5,51,7,26.0,87.0,36.0,Stockout Risk,Standard Replenishment Review
22543,MINI JIGSAW BAKE A CAKE,Regular,121.08333333333331,53,14,32.0,89.0,36.0,Stockout Risk,Standard Replenishment Review
23164,REGENCY CAKE SLICE,Regular,72.25,12,14,14.0,48.0,36.0,Stockout Risk,Standard Replenishment Review
23370,SET 36 COLOURING PENCILS DOILY,Regular,387.5,94,7,40.0,130.0,36.0,Stockout Risk,Standard Replenishment Review
84625A,PINK NEW BAROQUECANDLESTICK CANDLE,Regular,39.833333333333336,22,30,18.0,58.0,36.0,Stockout Risk,Standard Replenishment Review
85130D,BEADED CRYSTAL HEART PINK LARGE,Regular,43.46153846153846,15,21,21.0,51.0,36.0,Stockout Risk,Standard Replenishment Review
85230E,STRAWBRY SCENTED VOTIVE CANDLE,Regular,110.1,70,21,29.0,106.0,36.0,Stockout Risk,Standard Replenishment Review
21328,BALLOONS  WRITING SET,Regular,102.84615384615384,69,21,32.0,104.0,35.0,Stockout Risk,Standard Replenishment Review
22182,CAKE STAND VICTORIAN FILIGREE SMALL,Regular,28.615384615384617,9,30,15.0,44.0,35.0,Stockout Risk,Standard Replenishment Review
22420,LIPSTICK PEN BABY PINK,Regular,102.53846153846152,117,30,49.0,152.0,35.0,Stockout Risk,Standard Replenishment Review
22477,WATERING CAN GARDEN MARKER,Regular,104.92307692307692,45,14,31.0,80.0,35.0,Stockout Risk,Standard Replenishment Review
22820,GIFT BAG BIRTHDAY,Regular,72.3076923076923,71,30,34.0,106.0,35.0,Stockout Risk,Standard Replenishment Review
23178,JAM CLOCK MAGNET,Regular,32.6,39,45,25.0,74.0,35.0,Stockout Risk,Standard Replenishment Review
23482,PEARLISED IVORY HEART LARGE,Regular,139.33333333333334,106,21,43.0,141.0,35.0,Stockout Risk,Standard Replenishment Review
23661,MILK MAIDS MUG,Regular,69.0,34,21,21.0,69.0,35.0,Stockout Risk,Standard Replenishment Review
85186A,EASTER BUNNY GARLAND OF FLOWERS,Regular,113.4,8,7,17.0,43.0,35.0,Stockout Risk,Standard Replenishment Review
20674,GREEN POLKADOT BOWL,Regular,120.23076923076924,80,21,30.0,114.0,34.0,Stockout Risk,Standard Replenishment Review
21208,PASTEL COLOUR HONEYCOMB FAN,Regular,72.3076923076923,15,14,15.0,49.0,34.0,Stockout Risk,Standard Replenishment Review
21577,SAVE THE PLANET COTTON TOTE BAG,Regular,54.92307692307692,43,30,22.0,77.0,34.0,Stockout Risk,Standard Replenishment Review
21905,MORE BUTTER METAL SIGN,Regular,58.46153846153846,26,21,19.0,60.0,34.0,Stockout Risk,Standard Replenishment Review
22067,CHOC TRUFFLE GOLD TRINKET POT,Regular,31.23076923076923,31,45,18.0,65.0,34.0,Stockout Risk,Standard Replenishment Review
22267,EASTER DECORATION EGG BUNNY,Regular,69.66666666666667,69,30,33.0,103.0,34.0,Stockout Risk,Standard Replenishment Review
22586,FELTCRAFT HAIRBAND PINK AND BLUE,Regular,65.76923076923077,9,14,12.0,43.0,34.0,Stockout Risk,Standard Replenishment Review
23476,WOODLAND LARGE RED FELT HEART,Regular,102.5,72,21,34.0,106.0,34.0,Stockout Risk,Standard Replenishment Review
84795B,SUNSET CHECK HAMMOCK,Regular,17.454545454545453,4,45,12.0,38.0,34.0,Stockout Risk,Standard Replenishment Review
22064,PINK DOUGHNUT TRINKET POT,Regular,132.76923076923077,56,14,27.0,89.0,33.0,Stockout Risk,Standard Replenishment Review
22434,BALLOON PUMP WITH 10 BALLOONS,Regular,59.76923076923077,52,30,25.0,85.0,33.0,Stockout Risk,Standard Replenishment Review
22678,FRENCH BLUE METAL DOOR SIGN 3,Regular,64.07692307692308,29,21,17.0,62.0,33.0,Stockout Risk,Standard Replenishment Review
22040,BOTANICAL ROSE GIFT WRAP,Regular,65.9090909090909,33,21,19.0,65.0,32.0,Stockout Risk,Standard Replenishment Review
23250,VINTAGE RED TRIM ENAMEL BOWL,Regular,162.42857142857142,71,14,27.0,103.0,32.0,Stockout Risk,Standard Replenishment Review
23694,PAISLEY PARK CARD,Regular,188.0,92,14,36.0,124.0,32.0,Stockout Risk,Standard Replenishment Review
35809A,ENAMEL PINK TEA CONTAINER,Regular,61.285714285714285,11,14,14.0,43.0,32.0,Stockout Risk,Standard Replenishment Review
85227,SET OF 6 3D KIT CARDS FOR KIDS,Regular,113.6153846153846,5,7,10.0,37.0,32.0,Stockout Risk,Standard Replenishment Review
20832,RED FLOCK LOVE HEART PHOTO FRAME,Regular,88.91666666666667,102,30,44.0,133.0,31.0,Stockout Risk,Standard Replenishment Review
21068,VINTAGE BILLBOARD LOVE/HATE MUG,Regular,126.0,16,7,18.0,47.0,31.0,Stockout Risk,Standard Replenishment Review
21925,UNION STRIPE CUSHION COVER,Regular,33.25,16,30,14.0,47.0,31.0,Stockout Risk,Standard Replenishment Review
23269,SET OF 2 CERAMIC CHRISTMAS TREES,Regular,111.28571428571428,9,7,14.0,40.0,31.0,Stockout Risk,Standard Replenishment Review
47570B,TEA TIME TABLE CLOTH,Regular,46.75,73,45,34.0,104.0,31.0,Stockout Risk,Standard Replenishment Review
22446,PIN CUSHION BABUSHKA PINK,Regular,36.583333333333336,25,30,18.0,55.0,30.0,Stockout Risk,Standard Replenishment Review
22671,FRENCH LAUNDRY SIGN BLUE METAL,Regular,74.0,23,14,18.0,53.0,30.0,Stockout Risk,Standard Replenishment Review
22718,CARD CAT AND TREE,Regular,123.76923076923076,10,7,11.0,40.0,30.0,Stockout Risk,Standard Replenishment Review
22785,SQUARECUSHION COVER PINK UNION JACK,Regular,20.416666666666668,3,30,13.0,33.0,30.0,Stockout Risk,Standard Replenishment Review
22937,BAKING MOULD CHOCOLATE CUPCAKES,Regular,74.3076923076923,48,21,26.0,78.0,30.0,Stockout Risk,Standard Replenishment Review
23523,WALL ART TREASURE AHOY,Regular,118.0,55,14,30.0,85.0,30.0,Stockout Risk,Standard Replenishment Review
79030G,TUMBLER NEW ENGLAND,Regular,200.42857142857144,47,7,30.0,77.0,30.0,Stockout Risk,Standard Replenishment Review
79190B,RETRO PLASTIC POLKA TRAY,Regular,53.23076923076923,11,14,16.0,41.0,30.0,Stockout Risk,Standard Replenishment Review
85111,SILVER GLITTER FLOWER VOTIVE HOLDER,Regular,128.0909090909091,113,21,53.0,143.0,30.0,Stockout Risk,Standard Replenishment Review
10002,INFLATABLE POLITICAL GLOBE,Regular,172.0,86,14,35.0,115.0,29.0,Stockout Risk,Standard Replenishment Review
21201,TROPICAL  HONEYCOMB PAPER GARLAND,Regular,95.3846153846154,3,7,10.0,32.0,29.0,Stockout Risk,Standard Replenishment Review
21355,TOAST ITS - I LOVE YOU,Regular,65.75,85,30,48.0,114.0,29.0,Stockout Risk,Standard Replenishment Review
21872,GLAMOROUS  MUG,Regular,99.3846153846154,81,21,40.0,110.0,29.0,Stockout Risk,Standard Replenishment Review
22044,CHRISTMAS CARD STACK OF PRESENTS,Regular,136.0,117,21,51.0,146.0,29.0,Stockout Risk,Standard Replenishment Review
22101,MIRROR MOSAIC VOTIVE HOLDER,Regular,85.6923076923077,31,14,20.0,60.0,29.0,Stockout Risk,Standard Replenishment Review
22973,CHILDREN'S CIRCUS PARADE MUG,Regular,95.07692307692308,63,21,25.0,92.0,29.0,Stockout Risk,Standard Replenishment Review
23359,SET OF 12 T-LIGHTS VINTAGE DOILY,Regular,198.0,98,14,35.0,127.0,29.0,Stockout Risk,Standard Replenishment Review
35923,CANDY HEART HANGING DECORATION,Regular,109.83333333333331,54,14,32.0,83.0,29.0,Stockout Risk,Standard Replenishment Review
44235,ASSORTED COLOURED CIRCLE MOBILE,Regular,53.8,113,45,61.0,142.0,29.0,Stockout Risk,Standard Replenishment Review
84683,CLASSICAL ROSE CANDLESTAND,Regular,48.5,17,21,12.0,46.0,29.0,Stockout Risk,Standard Replenishment Review
84800L,LARGE WHITE/PINK ROSE ART FLOWER,Regular,48.0,2,14,9.0,31.0,29.0,Stockout Risk,Standard Replenishment Review
85106,CUT GLASS HEXAGON T-LIGHT HOLDER,Regular,92.71428571428572,85,21,49.0,114.0,29.0,Stockout Risk,Standard Replenishment Review
17014A,ORIGAMI VANILLA INCENSE CONES,Regular,25.83333333333333,1,21,11.0,29.0,28.0,Stockout Risk,Standard Replenishment Review
22096,PINK PAISLEY SQUARE TISSUE BOX,Regular,113.83333333333331,60,14,35.0,88.0,28.0,Stockout Risk,Standard Replenishment Review
22547,MINI JIGSAW DINOSAUR,Regular,62.23076923076923,35,21,19.0,63.0,28.0,Stockout Risk,Standard Replenishment Review
22672,FRENCH BATHROOM SIGN BLUE METAL,Regular,112.6153846153846,85,21,34.0,113.0,28.0,Stockout Risk,Standard Replenishment Review
22858,EASTER TIN KEEPSAKE,Regular,160.42857142857142,26,7,17.0,54.0,28.0,Stockout Risk,Standard Replenishment Review
23394,POSTE FRANCE CUSHION COVER,Regular,108.75,78,21,30.0,106.0,28.0,Stockout Risk,Standard Replenishment Review
21064,BOOM BOX SPEAKER BOYS,Regular,22.76923076923077,10,30,14.0,37.0,27.0,Stockout Risk,Standard Replenishment Review
22231,JIGSAW TREE WITH BIRDHOUSE,Regular,74.92307692307692,23,14,15.0,50.0,27.0,Stockout Risk,Standard Replenishment Review
23479,WIRE EGG BASKET,Regular,37.66666666666666,56,45,27.0,83.0,27.0,Stockout Risk,Standard Replenishment Review
85170D,SET/6 PINK BIRD T-LIGHT CANDLES,Regular,34.69230769230769,9,21,12.0,36.0,27.0,Stockout Risk,Standard Replenishment Review
22525,CHILDRENS GARDEN GLOVES PINK,Regular,97.8,6,7,9.0,32.0,26.0,Stockout Risk,Standard Replenishment Review
22799,SWEETHEART WIRE FRUIT BOWL,Regular,15.923076923076923,8,45,10.0,34.0,26.0,Stockout Risk,Standard Replenishment Review
22911,PAPER CHAIN KIT LONDON,Regular,38.583333333333336,13,21,12.0,39.0,26.0,Stockout Risk,Standard Replenishment Review
23272,TREE T-LIGHT HOLDER WILLIE WINKIE,Regular,52.0,24,21,14.0,50.0,26.0,Stockout Risk,Standard Replenishment Review
23411,TRELLIS COAT RACK,Regular,56.5,33,21,19.0,59.0,26.0,Stockout Risk,Standard Replenishment Review
81950B,FLOWER BLUE CLOCK WITH SUCKER,Regular,58.0,17,14,16.0,43.0,26.0,Stockout Risk,Standard Replenishment Review
85159B,"WHITE TEA,COFFEE,SUGAR JARS",Regular,51.583333333333336,6,14,8.0,32.0,26.0,Stockout Risk,Standard Replenishment Review
85230G,ORANGE VOTIVE CANDLE,Regular,82.0,90,30,34.0,116.0,26.0,Stockout Risk,Standard Replenishment Review
16258A,SWIRLY CIRCULAR RUBBERS IN BAG,Regular,39.25,35,30,21.0,60.0,25.0,Stockout Risk,Standard Replenishment Review
21087,SET/6 POSIES PAPER CUPS,Regular,47.0,5,14,8.0,30.0,25.0,Stockout Risk,Standard Replenishment Review
22129,PARTY CONES CANDY DECORATION,Regular,91.3846153846154,110,30,44.0,135.0,25.0,Stockout Risk,Standard Replenishment Review
22789,T-LIGHT HOLDER SWEETHEART HANGING,Regular,64.92307692307692,66,30,26.0,91.0,25.0,Stockout Risk,Standard Replenishment Review
84279P,CHERRY BLOSSOM  DECORATIVE FLASK,Regular,28.23076923076923,3,21,8.0,28.0,25.0,Stockout Risk,Standard Replenishment Review
21741,COSY SLIPPER SHOES LARGE GREEN,Regular,16.333333333333332,16,45,15.0,40.0,24.0,Stockout Risk,Standard Replenishment Review
21804,WHITE CHRISTMAS GARLAND STARS TREES,Regular,45.0,46,30,25.0,70.0,24.0,Stockout Risk,Standard Replenishment Review
22291,HANGING CHICK CREAM DECORATION,Regular,115.0,58,14,28.0,82.0,24.0,Stockout Risk,Standard Replenishment Review
22897,OVEN MITT APPLES DESIGN,Regular,102.3076923076923,75,21,27.0,99.0,24.0,Stockout Risk,Standard Replenishment Review
84754,S/15 SILVER GLASS BAUBLES IN BAG,Regular,46.0,11,14,14.0,35.0,24.0,Stockout Risk,Standard Replenishment Review
21705,BAG 500G SWIRLY MARBLES,Regular,111.3076923076923,68,14,39.0,91.0,23.0,Stockout Risk,Standard Replenishment Review
22069,BROWN  PIRATE TREASURE CHEST,Regular,31.846153846153847,49,45,24.0,72.0,23.0,Stockout Risk,Standard Replenishment Review
22778,GLASS CLOCHE SMALL,Regular,64.5,18,14,11.0,41.0,23.0,Stockout Risk,Standard Replenishment Review
20837,FRENCH FLORAL CUSHION COVER,Regular,23.5,12,30,10.0,34.0,22.0,Stockout Risk,Standard Replenishment Review
22403,MAGNETS PACK OF 4 VINTAGE LABELS,Regular,101.23076923076924,50,14,25.0,72.0,22.0,Stockout Risk,Standard Replenishment Review
23221,REINDEER HEART DECORATION SILVER,Regular,186.0,110,14,45.0,132.0,22.0,Stockout Risk,Standard Replenishment Review
23244,ROUND STORAGE TIN VINTAGE LEAF,Regular,133.57142857142858,110,21,39.0,132.0,22.0,Stockout Risk,Standard Replenishment Review
23409,PHOTO FRAME LINEN AND LACE LARGE,Regular,52.25,12,14,10.0,34.0,22.0,Stockout Risk,Standard Replenishment Review
35911B,PINK/FLOWER RABBIT EGG WARMER,Regular,39.66666666666666,22,21,16.0,44.0,22.0,Stockout Risk,Standard Replenishment Review
47480,HANGING PHOTO CLIP ROPE LADDER,Regular,57.38461538461539,16,14,11.0,38.0,22.0,Stockout Risk,Standard Replenishment Review
85093,CANDY SPOT EGG WARMER HARE,Regular,59.0,26,14,20.0,48.0,22.0,Stockout Risk,Standard Replenishment Review
85183B,CHARLIE & LOLA WASTEPAPER BIN FLORA,Regular,76.61538461538461,84,30,29.0,106.0,22.0,Stockout Risk,Standard Replenishment Review
16238,PARTY TIME PENCIL ERASERS,Regular,107.3846153846154,48,14,19.0,69.0,21.0,Stockout Risk,Standard Replenishment Review
20735,BLACK MINI TAPE MEASURE,Regular,51.91666666666666,59,30,28.0,80.0,21.0,Stockout Risk,Standard Replenishment Review
21056,DOCTOR'S BAG SOFT TOY,Regular,14.0,11,45,11.0,32.0,21.0,Stockout Risk,Standard Replenishment Review
22452,MEASURING TAPE BABUSHKA PINK,Regular,55.53846153846154,19,14,14.0,40.0,21.0,Stockout Risk,Standard Replenishment Review
22514,CHILDS GARDEN SPADE BLUE,Regular,23.23076923076923,12,30,10.0,33.0,21.0,Stockout Risk,Standard Replenishment Review
22673,FRENCH GARDEN SIGN BLUE METAL,Regular,59.92307692307692,18,14,11.0,39.0,21.0,Stockout Risk,Standard Replenishment Review
22933,BAKING MOULD EASTER EGG MILK CHOC,Regular,71.27272727272727,32,14,20.0,53.0,21.0,Stockout Risk,Standard Replenishment Review
72799E,IVORY PILLAR CANDLE SILVER FLOCK,Regular,34.69230769230769,5,14,10.0,26.0,21.0,Stockout Risk,Standard Replenishment Review
20966,SANDWICH BATH SPONGE,Regular,79.88888888888889,12,7,13.0,32.0,20.0,Stockout Risk,Standard Replenishment Review
21631,HIPPY CHIC DECORATIVE PARASOL,Regular,28.166666666666668,13,21,13.0,33.0,20.0,Stockout Risk,Standard Replenishment Review
22106,MIRROR MOSAIC HURRICANE LAMP,Regular,17.615384615384617,1,21,9.0,21.0,20.0,Stockout Risk,Standard Replenishment Review
22524,CHILDRENS GARDEN GLOVES BLUE,Regular,107.0,48,14,18.0,68.0,20.0,Stockout Risk,Standard Replenishment Review
22575,METAL MERRY CHRISTMAS WREATH,Regular,79.5,63,21,27.0,83.0,20.0,Stockout Risk,Standard Replenishment Review
22913,RED COAT RACK PARIS FASHION,Regular,27.07692307692308,44,45,23.0,64.0,20.0,Stockout Risk,Standard Replenishment Review
23324,RUSTIC STRAWBERRY JAM POT LARGE,Regular,77.4,34,14,18.0,54.0,20.0,Stockout Risk,Standard Replenishment Review
23420,PANTRY HOOK TEA STRAINER,Regular,41.0,70,45,28.0,90.0,20.0,Stockout Risk,Standard Replenishment Review
35911A,MULTICOLOUR RABBIT EGG WARMER,Regular,26.58333333333333,22,30,15.0,42.0,20.0,Stockout Risk,Standard Replenishment Review
85132B,CHARLIE AND LOLA TABLE TINS,Regular,76.85714285714286,36,14,20.0,56.0,20.0,Stockout Risk,Standard Replenishment Review
85194S,HANGING SPRING FLOWER EGG SMALL,Regular,106.54545454545456,51,14,21.0,71.0,20.0,Stockout Risk,Standard Replenishment Review
22439,6 ROCKET BALLOONS,Regular,141.07692307692307,71,14,24.0,90.0,19.0,Stockout Risk,Standard Replenishment Review
22451,SILK PURSE BABUSHKA RED,Regular,37.0,8,14,10.0,27.0,19.0,Stockout Risk,Standard Replenishment Review
22972,CHILDREN'S SPACEBOY MUG,Regular,137.15384615384616,114,21,37.0,133.0,19.0,Stockout Risk,Standard Replenishment Review
23218,LAUREL STAR ANTIQUE GOLD,Regular,75.8,58,21,24.0,77.0,19.0,Stockout Risk,Standard Replenishment Review
23425,STORAGE TIN HOME SWEET HOME,Regular,68.75,24,14,11.0,43.0,19.0,Stockout Risk,Standard Replenishment Review
84422,PINK/BLUE DISC/MIRROR STRING,Regular,70.75,10,7,12.0,29.0,19.0,Stockout Risk,Standard Replenishment Review
84660C,PINK STITCHED WALL CLOCK,Regular,67.9,32,14,19.0,51.0,19.0,Stockout Risk,Standard Replenishment Review
21125,SET 6 FOOTBALL CELEBRATION CANDLES,Regular,50.46153846153846,16,14,10.0,34.0,18.0,Stockout Risk,Standard Replenishment Review
21626,VINTAGE UNION JACK PENNANT,Regular,64.75,31,14,19.0,49.0,18.0,Stockout Risk,Standard Replenishment Review
21775,DECORATIVE FLORE BATHROOM BOTTLE,Regular,39.61538461538461,10,14,10.0,28.0,18.0,Stockout Risk,Standard Replenishment Review
22254,FELT TOADSTOOL LARGE,Regular,50.53846153846154,20,14,14.0,38.0,18.0,Stockout Risk,Standard Replenishment Review
22310,IVORY KNITTED MUG COSY,Regular,55.66666666666666,70,30,32.0,88.0,18.0,Stockout Risk,Standard Replenishment Review
23071,MARIE ANTOINETTE TRINKET BOX GOLD,Regular,40.5,15,14,14.0,33.0,18.0,Stockout Risk,Standard Replenishment Review
35810A,ENAMEL PINK COFFEE CONTAINER,Regular,57.54545454545455,21,14,12.0,39.0,18.0,Stockout Risk,Standard Replenishment Review
85034C,3 ROSE MORRIS BOXED CANDLES,Regular,111.3,111,21,51.0,129.0,18.0,Stockout Risk,Standard Replenishment Review
21114,LAVENDER SCENTED FABRIC HEART,Regular,102.3846153846154,48,14,17.0,65.0,17.0,Stockout Risk,Standard Replenishment Review
21469,POLKA DOT RAFFIA FOOD COVER,Regular,22.307692307692307,16,30,11.0,33.0,17.0,Stockout Risk,Standard Replenishment Review
22259,FELT FARM ANIMAL HEN,Regular,96.2,17,7,12.0,34.0,17.0,Stockout Risk,Standard Replenishment Review
22588,CARD HOLDER GINGHAM HEART,Regular,68.4,6,7,7.0,23.0,17.0,Stockout Risk,Standard Replenishment Review
23220,REINDEER HEART DECORATION GOLD,Regular,141.85714285714286,82,14,33.0,99.0,17.0,Stockout Risk,Standard Replenishment Review
23358,HOT STUFF HOT WATER BOTTLE,Regular,118.8,61,14,23.0,78.0,17.0,Stockout Risk,Standard Replenishment Review
23576,SNACK TRAY RED VINTAGE DOILY,Regular,99.0,50,14,21.0,67.0,17.0,Stockout Risk,Standard Replenishment Review
35914,PINK CHICK EGG WARMER + EGG CUP,Regular,32.5,6,14,8.0,23.0,17.0,Stockout Risk,Standard Replenishment Review
85176,SEWING SUSAN 21 NEEDLE SET,Regular,70.61538461538461,50,21,18.0,67.0,17.0,Stockout Risk,Standard Replenishment Review
21202,DOLLY HONEYCOMB GARLAND,Regular,47.4,37,21,20.0,53.0,16.0,Stockout Risk,Standard Replenishment Review
21774,DECORATIVE CATS BATHROOM BOTTLE,Regular,84.23076923076923,118,30,50.0,134.0,16.0,Stockout Risk,Standard Replenishment Review
21828,EIGHT PIECE SNAKE  SET,Regular,25.384615384615383,40,45,18.0,56.0,16.0,Stockout Risk,Standard Replenishment Review
22038,BOTANICAL LAVENDER GIFT WRAP,Regular,52.77777777777778,18,14,9.0,34.0,16.0,Stockout Risk,Standard Replenishment Review
22051,BLUE SCANDINAVIAN PAISLEY WRAP,Regular,81.25,35,14,13.0,51.0,16.0,Stockout Risk,Standard Replenishment Review
22078,RIBBON REEL LACE DESIGN,Regular,124.45454545454544,67,14,25.0,83.0,16.0,Stockout Risk,Standard Replenishment Review
22242,5 HOOK HANGER MAGIC TOADSTOOL,Regular,205.33333333333331,56,7,24.0,72.0,16.0,Stockout Risk,Standard Replenishment Review
84820,DANISH ROSE TRINKET TRAYS,Regular,23.181818181818183,22,30,15.0,38.0,16.0,Stockout Risk,Standard Replenishment Review
84827,ASS DES PHONE SPONGE CRAFT STICKER,Regular,84.83333333333333,14,7,10.0,30.0,16.0,Stockout Risk,Standard Replenishment Review
84926D,LA PALMIERA TILE COASTER,Regular,70.9,8,7,7.0,24.0,16.0,Stockout Risk,Standard Replenishment Review
85016,SET OF 6 VINTAGE NOTELETS KIT,Regular,93.83333333333331,52,14,24.0,68.0,16.0,Stockout Risk,Standard Replenishment Review
20828,GLITTER BUTTERFLY CLIPS,Regular,86.76923076923077,40,14,15.0,55.0,15.0,Stockout Risk,Standard Replenishment Review
21088,SET/6 FRUIT SALAD PAPER CUPS,Regular,139.83333333333334,85,14,35.0,100.0,15.0,Stockout Risk,Standard Replenishment Review
21220,SET/4 BADGES DOGS,Regular,26.0,23,30,12.0,38.0,15.0,Stockout Risk,Standard Replenishment Review
21896,POTTING SHED TWINE,Regular,75.38461538461539,75,21,37.0,90.0,15.0,Stockout Risk,Standard Replenishment Review
22675,FRENCH KITCHEN SIGN BLUE METAL,Regular,93.53846153846152,17,7,10.0,32.0,15.0,Stockout Risk,Standard Replenishment Review
23142,IVORY WIRE KITCHEN ORGANISER,Regular,15.0,3,21,7.0,18.0,15.0,Stockout Risk,Standard Replenishment Review
23470,CARD HOLDER LOVE BIRD LARGE,Regular,75.33333333333333,63,21,25.0,78.0,15.0,Stockout Risk,Standard Replenishment Review
40001,WHITE BAMBOO RIBS LAMPSHADE,Regular,68.33333333333333,55,21,22.0,70.0,15.0,Stockout Risk,Standard Replenishment Review
16052,TEATIME PUSH DOWN RUBBER,Regular,79.83333333333333,19,7,14.0,33.0,14.0,Stockout Risk,Standard Replenishment Review
22209,WOOD STAMP SET HAPPY BIRTHDAY,Regular,71.76923076923077,88,30,30.0,102.0,14.0,Stockout Risk,Standard Replenishment Review
22211,WOOD STAMP SET FLOWERS,Regular,73.84615384615384,11,7,8.0,25.0,14.0,Stockout Risk,Standard Replenishment Review
22639,SET OF 4 NAPKIN CHARMS HEARTS,Regular,61.92307692307692,45,21,16.0,59.0,14.0,Stockout Risk,Standard Replenishment Review
23039,T-LIGHT HOLDER SILVER HEART HANDLE,Regular,27.571428571428573,5,14,6.0,19.0,14.0,Stockout Risk,Standard Replenishment Review
23107,WHITE HEARTS WIRE PLANT POT HOLDER,Regular,44.875,30,21,13.0,44.0,14.0,Stockout Risk,Standard Replenishment Review
23128,FELTCRAFT BOY JEAN-PAUL KIT,Regular,44.1,15,14,8.0,29.0,14.0,Stockout Risk,Standard Replenishment Review
47594B,SCOTTIES DESIGN WASHBAG,Regular,14.0,3,21,7.0,17.0,14.0,Stockout Risk,Standard Replenishment Review
72586,SET OF 6 HALLOWEEN GHOST T-LIGHTS,Regular,54.583333333333336,9,7,10.0,23.0,14.0,Stockout Risk,Standard Replenishment Review
79163,BLACK CHAMPAGNE GLASS,Regular,169.88888888888889,45,7,19.0,59.0,14.0,Stockout Risk,Standard Replenishment Review
84031A,CHARLIE+LOLA RED HOT WATER BOTTLE,Regular,33.15384615384615,10,14,9.0,24.0,14.0,Stockout Risk,Standard Replenishment Review
85040B,SET/4 BLUE FLOWER CANDLES IN BOWL,Regular,27.4,22,30,9.0,36.0,14.0,Stockout Risk,Standard Replenishment Review
15058C,ICE CREAM DESIGN GARDEN PARASOL,Regular,21.818181818181817,11,21,9.0,24.0,13.0,Stockout Risk,Standard Replenishment Review
20654,FIRST CLASS LUGGAGE TAG,Regular,11.692307692307692,12,45,7.0,25.0,13.0,Stockout Risk,Standard Replenishment Review
20836,FRENCH PAISLEY CUSHION COVER,Regular,26.33333333333333,3,14,4.0,16.0,13.0,Stockout Risk,Standard Replenishment Review
20838,FRENCH LATTICE CUSHION COVER,Regular,41.44444444444444,44,30,16.0,57.0,13.0,Stockout Risk,Standard Replenishment Review
21719,LOVELY BONBON STICKER SHEET,Regular,26.53846153846154,14,21,8.0,27.0,13.0,Stockout Risk,Standard Replenishment Review
21808,"CHRISTMAS GARLAND STARS,TREES",Regular,25.714285714285715,46,45,20.0,59.0,13.0,Stockout Risk,Standard Replenishment Review
22279,POCKET BAG BLUE PAISLEY RED SPOT,Regular,63.92307692307692,32,14,15.0,45.0,13.0,Stockout Risk,Standard Replenishment Review
22438,BALLOON ART MAKE YOUR OWN FLOWERS,Regular,77.61538461538461,82,21,41.0,95.0,13.0,Stockout Risk,Standard Replenishment Review
22495,SET OF 2 ROUND TINS CAMEMBERT,Regular,21.23076923076923,10,21,8.0,23.0,13.0,Stockout Risk,Standard Replenishment Review
23357,HOT WATER BOTTLE SEX BOMB,Regular,90.0,46,14,17.0,59.0,13.0,Stockout Risk,Standard Replenishment Review
37500,TEA TIME TEAPOT IN GIFT BOX,Regular,29.153846153846157,50,45,19.0,63.0,13.0,Stockout Risk,Standard Replenishment Review
71143,SILVER BOOK MARK WITH BEADS,Regular,25.428571428571427,16,21,11.0,29.0,13.0,Stockout Risk,Standard Replenishment Review
84459B,YELLOW METAL CHICKEN HEART,Regular,144.2,83,14,29.0,96.0,13.0,Stockout Risk,Standard Replenishment Review
84661B,BLACK SQUARE TABLE CLOCK,Regular,12.88888888888889,1,21,5.0,14.0,13.0,Stockout Risk,Standard Replenishment Review
84821,DANISH ROSE DELUXE COASTER,Regular,71.0,39,14,19.0,52.0,13.0,Stockout Risk,Standard Replenishment Review
90058B,CRYSTAL STUD EARRINGS ASSORTED COL,Regular,102.0,22,7,11.0,35.0,13.0,Stockout Risk,Standard Replenishment Review
20856,DENIM PATCH PURSE PINK BUTTERFLY,Regular,22.88888888888889,35,45,13.0,47.0,12.0,Stockout Risk,Standard Replenishment Review
21424,WOODLAND STORAGE BOX LARGE,Regular,31.454545454545453,33,30,14.0,45.0,12.0,Stockout Risk,Standard Replenishment Review
21744,SNOWFLAKE PORTABLE TABLE LIGHT,Regular,66.125,62,21,28.0,74.0,12.0,Stockout Risk,Standard Replenishment Review
22121,NOEL WOODEN BLOCK LETTERS,Regular,32.0,10,14,7.0,22.0,12.0,Stockout Risk,Standard Replenishment Review
22293,HANGING CHICK GREEN DECORATION,Regular,75.25,67,21,26.0,79.0,12.0,Stockout Risk,Standard Replenishment Review
22340,NOEL GARLAND PAINTED ZINC,Regular,198.0,61,7,27.0,73.0,12.0,Stockout Risk,Standard Replenishment Review
23033,DRAWER KNOB CERAMIC RED,Regular,102.0,57,14,21.0,69.0,12.0,Stockout Risk,Standard Replenishment Review
23457,LARGE PARLOUR PICTURE FRAME,Regular,37.333333333333336,1,7,4.0,13.0,12.0,Stockout Risk,Standard Replenishment Review
44234,ASSORTED CIRCULAR MOBILE,Regular,57.75,58,21,30.0,70.0,12.0,Stockout Risk,Standard Replenishment Review
84218,BOX/12 CHICK & EGG IN BASKET,Regular,41.0,16,14,9.0,28.0,12.0,Stockout Risk,Standard Replenishment Review
85200,BUNNY EGG BOX,Regular,45.75,18,14,9.0,30.0,12.0,Stockout Risk,Standard Replenishment Review
90030B,RED KUKUI COCONUT SEED NECKLACE,Regular,12.2,1,21,4.0,13.0,12.0,Stockout Risk,Standard Replenishment Review
17091A,LAVENDER INCENSE IN TIN,Regular,28.5,9,14,7.0,20.0,11.0,Stockout Risk,Standard Replenishment Review
21188,3D HEARTS  HONEYCOMB PAPER GARLAND,Regular,36.22222222222222,0,7,3.0,11.0,11.0,Stockout Risk,Standard Replenishment Review
21320,GLASS CHALICE GREEN  LARGE,Regular,49.25,24,14,12.0,35.0,11.0,Stockout Risk,Standard Replenishment Review
21620,SET OF 4 ROSE BOTANICAL CANDLES,Regular,73.41666666666667,16,7,10.0,27.0,11.0,Stockout Risk,Standard Replenishment Review
21711,FOLDING UMBRELLA WHITE/RED POLKADOT,Regular,9.454545454545457,3,30,5.0,14.0,11.0,Stockout Risk,Standard Replenishment Review
22304,COFFEE MUG BLUE PAISLEY DESIGN,Regular,63.41666666666666,15,7,11.0,26.0,11.0,Stockout Risk,Standard Replenishment Review
22391,PAPERWEIGHT HOME SWEET HOME,Regular,14.363636363636363,0,14,4.0,11.0,11.0,Stockout Risk,Standard Replenishment Review
35915C,PEACH KNITTED HEN,Regular,78.75,43,14,17.0,54.0,11.0,Stockout Risk,Standard Replenishment Review
79030D,TUMBLER BAROQUE,Regular,52.81818181818182,27,14,13.0,38.0,11.0,Stockout Risk,Standard Replenishment Review
85131B,BEADED CRYSTAL HEART GREEN ON STICK,Regular,47.92307692307692,20,14,9.0,31.0,11.0,Stockout Risk,Standard Replenishment Review
20707,CRAZY DAISY HEART DECORATION,Regular,35.69230769230769,15,14,8.0,25.0,10.0,Stockout Risk,Standard Replenishment Review
21644,ASSORTED TUTTI FRUTTI HEART BOX,Regular,19.454545454545453,3,14,4.0,13.0,10.0,Stockout Risk,Standard Replenishment Review
22071,SMALL WHITE RETROSPOT MUG IN BOX,Regular,34.53846153846154,4,7,6.0,14.0,10.0,Stockout Risk,Standard Replenishment Review
22939,APRON APPLE DELIGHT,Regular,35.15384615384615,25,21,10.0,35.0,10.0,Stockout Risk,Standard Replenishment Review
23058,CHRISTMAS HANGING SNOWFLAKE,Regular,122.5,34,7,15.0,44.0,10.0,Stockout Risk,Standard Replenishment Review
23315,IVORY REFECTORY CLOCK,Regular,28.714285714285715,8,14,5.0,18.0,10.0,Stockout Risk,Standard Replenishment Review
23517,EMBROIDERED RIBBON REEL REBECCA,Regular,83.5,79,21,31.0,89.0,10.0,Stockout Risk,Standard Replenishment Review
85040A,S/4 PINK FLOWER CANDLES IN BOWL,Regular,70.38461538461539,37,14,14.0,47.0,10.0,Stockout Risk,Standard Replenishment Review
85049H,URBAN BLACK RIBBONS,Regular,65.23076923076923,87,30,32.0,97.0,10.0,Stockout Risk,Standard Replenishment Review
20977,36 PENCILS TUBE WOODLAND,Regular,139.58333333333334,84,14,28.0,93.0,9.0,Stockout Risk,Standard Replenishment Review
21562,HAWAIIAN GRASS SKIRT,Regular,29.454545454545453,13,14,8.0,22.0,9.0,Stockout Risk,Standard Replenishment Review
21726,MULTI HEARTS  STICKERS,Regular,19.75,5,14,5.0,14.0,9.0,Stockout Risk,Standard Replenishment Review
22031,BOTANICAL LAVENDER BIRTHDAY CARD,Regular,37.84615384615385,17,14,8.0,26.0,9.0,Stockout Risk,Standard Replenishment Review
22925,BLUE GIANT GARDEN THERMOMETER,Regular,40.36363636363637,18,14,8.0,27.0,9.0,Stockout Risk,Standard Replenishment Review
23066,SMALL DECO JEWELLERY STAND,Regular,37.0,44,30,16.0,53.0,9.0,Stockout Risk,Standard Replenishment Review
23532,WALL ART WORK REST AND PLAY,Regular,70.0,42,14,18.0,51.0,9.0,Stockout Risk,Standard Replenishment Review
72130,COLUMBIAN CANDLE ROUND,Regular,21.9,6,14,5.0,15.0,9.0,Stockout Risk,Standard Replenishment Review
72349B,SET/6 PURPLE BUTTERFLY T-LIGHTS,Regular,68.3076923076923,61,21,22.0,70.0,9.0,Stockout Risk,Standard Replenishment Review
82616B,FRAPPUCINO SCARF KNITTING KIT,Regular,31.181818181818183,2,7,4.0,11.0,9.0,Stockout Risk,Standard Replenishment Review
84766,SILVER ROCOCO CANDLE STICK,Regular,22.0,7,14,6.0,16.0,9.0,Stockout Risk,Standard Replenishment Review
85169D,PINK LOVE BIRD CANDLE,Regular,29.25,40,30,20.0,49.0,9.0,Stockout Risk,Standard Replenishment Review
20752,BLUE POLKADOT WASHING UP GLOVES,Regular,33.833333333333336,3,7,3.0,11.0,8.0,Stockout Risk,Standard Replenishment Review
21171,BATHROOM METAL SIGN,Regular,48.66666666666666,109,45,44.0,117.0,8.0,Stockout Risk,Standard Replenishment Review
21207,SKULL AND CROSSBONES  GARLAND,Regular,82.07692307692308,110,30,36.0,118.0,8.0,Stockout Risk,Standard Replenishment Review
21400,RED PUDDING SPOON,Regular,67.76923076923077,38,14,14.0,46.0,8.0,Stockout Risk,Standard Replenishment Review
21520,BOOZE & WOMEN GREETING CARD,Regular,38.76923076923077,5,7,4.0,13.0,8.0,Stockout Risk,Standard Replenishment Review
22246,MAGIC GARDEN FELT GARLAND,Regular,34.916666666666664,14,14,6.0,22.0,8.0,Stockout Risk,Standard Replenishment Review
22545,MINI JIGSAW BUNNIES,Regular,87.76923076923077,82,21,29.0,90.0,8.0,Stockout Risk,Standard Replenishment Review
22613,PACK OF 20 SPACEBOY NAPKINS,Regular,118.3076923076923,72,14,25.0,80.0,8.0,Stockout Risk,Standard Replenishment Review
22680,FRENCH BLUE METAL DOOR SIGN 5,Regular,62.46153846153846,32,14,11.0,40.0,8.0,Stockout Risk,Standard Replenishment Review
23302,KNEELING MAT HOUSEWORK  DESIGN,Regular,188.125,53,7,17.0,61.0,8.0,Stockout Risk,Standard Replenishment Review
23317,BLUE REFECTORY CLOCK,Regular,24.714285714285715,0,7,2.0,8.0,8.0,Stockout Risk,Standard Replenishment Review
84006,MAGIC TREE -PAPER FLOWERS,Regular,70.61538461538461,69,21,28.0,77.0,8.0,Stockout Risk,Standard Replenishment Review
85183A,CHARLIE & LOLA WASTEPAPER BIN BLUE,Regular,60.63636363636363,77,30,24.0,85.0,8.0,Stockout Risk,Standard Replenishment Review
21363,HOME SMALL WOOD LETTERS,Regular,23.3,9,14,5.0,16.0,7.0,Stockout Risk,Standard Replenishment Review
22315,200 RED + WHITE BENDY STRAWS,Regular,70.46153846153847,16,7,7.0,23.0,7.0,Stockout Risk,Standard Replenishment Review
22582,PACK OF 6 SWEETIE GIFT BOXES,Regular,80.6923076923077,81,21,32.0,88.0,7.0,Stockout Risk,Standard Replenishment Review
23327,HANGING CLEAR MINI BOTTLE,Regular,346.8,108,7,34.0,115.0,7.0,Stockout Risk,Standard Replenishment Review
23490,T-LIGHT HOLDER HANGING LOVE BIRD,Regular,180.66666666666663,54,7,19.0,61.0,7.0,Stockout Risk,Standard Replenishment Review
72819,CUPID DESIGN SCENTED CANDLES,Regular,18.75,13,21,7.0,20.0,7.0,Stockout Risk,Standard Replenishment Review
84691,PACK 20 DOLLY PEGS,Regular,60.5,52,21,17.0,59.0,7.0,Stockout Risk,Standard Replenishment Review
16015,MEDIUM CHINESE STYLE SCISSOR,Regular,66.2,18,7,9.0,24.0,6.0,Stockout Risk,Standard Replenishment Review
20867,PINK ROSE FABRIC MIRROR,Regular,30.09090909090909,16,14,8.0,22.0,6.0,Stockout Risk,Standard Replenishment Review
21187,WHITE BELL HONEYCOMB PAPER GARLAND,Regular,46.125,27,14,11.0,33.0,6.0,Stockout Risk,Standard Replenishment Review
21648,ASSORTED TUTTI FRUTTI SMALL PURSE,Regular,60.75,89,30,34.0,95.0,6.0,Stockout Risk,Standard Replenishment Review
22162,HEART GARLAND RUSTIC PADDED,Regular,23.272727272727277,11,14,6.0,17.0,6.0,Stockout Risk,Standard Replenishment Review
22308,TEA COSY BLUE STRIPE,Regular,19.23076923076923,13,21,6.0,19.0,6.0,Stockout Risk,Standard Replenishment Review
22426,ENAMEL WASH BOWL CREAM,Regular,56.46153846153846,12,7,5.0,18.0,6.0,Stockout Risk,Standard Replenishment Review
22441,GROW YOUR OWN BASIL IN ENAMEL MUG,Regular,80.53846153846153,71,21,21.0,77.0,6.0,Stockout Risk,Standard Replenishment Review
22953,BIRTHDAY PARTY CORDON BARRIER TAPE,Regular,38.61538461538461,34,21,13.0,40.0,6.0,Stockout Risk,Standard Replenishment Review
84086C,PINK/PURPLE RETRO RADIO,Regular,21.8,9,14,5.0,15.0,6.0,Stockout Risk,Standard Replenishment Review
84923,PINK BUTTERFLY HANDBAG W BOBBLES,Regular,12.461538461538462,11,30,5.0,17.0,6.0,Stockout Risk,Standard Replenishment Review
85071C,"CHARLIE+LOLA""EXTREMELY BUSY"" SIGN",Regular,56.91666666666666,54,21,20.0,60.0,6.0,Stockout Risk,Standard Replenishment Review
85114C,RED ENCHANTED FOREST PLACEMAT,Regular,52.15384615384615,48,21,17.0,54.0,6.0,Stockout Risk,Standard Replenishment Review
85116,BLACK CANDELABRA T-LIGHT HOLDER,Regular,82.81818181818181,54,14,21.0,60.0,6.0,Stockout Risk,Standard Replenishment Review
17013D,ORIGAMI ROSE INCENSE IN TUBE,Regular,76.42857142857143,21,7,8.0,26.0,5.0,Stockout Risk,Standard Replenishment Review
21465,PINK FLOWER CROCHET FOOD COVER,Regular,18.23076923076923,7,14,3.0,12.0,5.0,Stockout Risk,Standard Replenishment Review
21537,RED RETROSPOT PUDDING BOWL,Regular,25.46153846153846,4,7,3.0,9.0,5.0,Stockout Risk,Standard Replenishment Review
22233,JIGSAW RABBIT AND BIRDHOUSE,Regular,45.38461538461539,26,14,10.0,31.0,5.0,Stockout Risk,Standard Replenishment Review
22935,BAKING MOULD ROSE MILK CHOCOLATE,Regular,47.53846153846154,27,14,10.0,32.0,5.0,Stockout Risk,Standard Replenishment Review
23540,WALL ART THE MAGIC FOREST,Regular,50.0,53,21,23.0,58.0,5.0,Stockout Risk,Standard Replenishment Review
84875B,GREEN SQUARE COMPACT MIRROR,Regular,14.555555555555555,10,21,5.0,15.0,5.0,Stockout Risk,Standard Replenishment Review
85035C,ROSE 3 WICK MORRIS BOX CANDLE,Regular,103.45454545454544,34,7,15.0,39.0,5.0,Stockout Risk,Standard Replenishment Review
85159A,"BLACK TEA,COFFEE,SUGAR JARS",Regular,33.0,43,30,15.0,48.0,5.0,Stockout Risk,Standard Replenishment Review
22314,OFFICE MUG WARMER CHOC+BLUE,Regular,43.84615384615385,43,21,16.0,47.0,4.0,Stockout Risk,Standard Replenishment Review
22893,MINI CAKE STAND T-LIGHT HOLDER,Regular,143.53846153846155,44,7,15.0,48.0,4.0,Stockout Risk,Standard Replenishment Review
23036,T-LIGHT HOLDER SILVER PETIT FOUR,Regular,26.285714285714285,5,7,3.0,9.0,4.0,Stockout Risk,Standard Replenishment Review
23045,PAPER LANTERN 5 POINT STAR MOON,Regular,16.857142857142858,2,7,2.0,6.0,4.0,Stockout Risk,Standard Replenishment Review
85169C,EAU DE NIL LOVE BIRD CANDLE,Regular,39.0,41,21,18.0,45.0,4.0,Stockout Risk,Standard Replenishment Review
85177,BASKET OF FLOWERS SEWING KIT,Regular,62.46153846153846,20,7,9.0,24.0,4.0,Stockout Risk,Standard Replenishment Review
90209B,GREEN ENAMEL+GLASS HAIR COMB,Regular,18.4,9,14,4.0,13.0,4.0,Stockout Risk,Standard Replenishment Review
21468,BUTTERFLY CROCHET FOOD COVER,Regular,13.454545454545457,16,30,6.0,19.0,3.0,Stockout Risk,Standard Replenishment Review
22224,WHITE LOVEBIRD LANTERN,Regular,64.0,59,21,17.0,62.0,3.0,Stockout Risk,Standard Replenishment Review
22346,PARTY PIZZA DISH GREEN POLKADOT,Regular,103.4,34,7,13.0,37.0,3.0,Stockout Risk,Standard Replenishment Review
22364,GLASS JAR DIGESTIVE BISCUITS,Regular,46.92307692307692,43,21,13.0,46.0,3.0,Stockout Risk,Standard Replenishment Review
22450,SILK PURSE BABUSHKA BLUE,Regular,19.4,27,30,11.0,30.0,3.0,Stockout Risk,Standard Replenishment Review
22500,SET OF 2 TINS JARDIN DE PROVENCE,Regular,19.07692307692308,11,14,5.0,14.0,3.0,Stockout Risk,Standard Replenishment Review
23513,EMBROIDERED RIBBON REEL SUSIE,Regular,140.0,99,14,37.0,102.0,3.0,Stockout Risk,Standard Replenishment Review
47469,ASSORTED SHAPES PHOTO CLIP SILVER,Regular,58.625,67,21,29.0,70.0,3.0,Stockout Risk,Standard Replenishment Review
72225C,LAVENDER SCENT CAKE CANDLE,Regular,62.4,60,21,19.0,63.0,3.0,Stockout Risk,Standard Replenishment Review
79063C,"RETRO PILL BOX KEY CHAIN,THE KING",Regular,29.375,65,45,24.0,68.0,3.0,Stockout Risk,Standard Replenishment Review
84457,SET/3 RABBITS FLOWER SKIPPPING ROPE,Regular,18.0,9,14,4.0,12.0,3.0,Stockout Risk,Standard Replenishment Review
84531A,PINK KNITTED EGG COSY,Regular,36.75,37,21,14.0,40.0,3.0,Stockout Risk,Standard Replenishment Review
85141,JARDIN ETCHED GLASS FRUITBOWL,Regular,16.571428571428573,35,45,13.0,38.0,3.0,Stockout Risk,Standard Replenishment Review
85205B,PINK FELT EASTER RABBIT GARLAND,Regular,24.4,12,14,4.0,15.0,3.0,Stockout Risk,Standard Replenishment Review
21066,VINTAGE RED MUG,Regular,54.0,42,14,19.0,44.0,2.0,Stockout Risk,Standard Replenishment Review
21747,SMALL SKULL WINDMILL,Regular,39.41666666666666,40,21,14.0,42.0,2.0,Stockout Risk,Standard Replenishment Review
21851,LILAC DIAMANTE PEN IN GIFT BOX,Regular,10.846153846153848,6,14,3.0,8.0,2.0,Stockout Risk,Standard Replenishment Review
22080,RIBBON REEL POLKADOTS,Regular,132.88888888888889,43,7,14.0,45.0,2.0,Stockout Risk,Standard Replenishment Review
22481,BLACK TEA TOWEL CLASSIC DESIGN,Regular,63.46153846153846,41,14,13.0,43.0,2.0,Stockout Risk,Standard Replenishment Review
22642,SET OF 4 NAPKIN CHARMS STARS,Regular,26.9,38,30,13.0,40.0,2.0,Stockout Risk,Standard Replenishment Review
23099,FRENCH CARRIAGE LANTERN,Regular,16.375,20,30,6.0,22.0,2.0,Stockout Risk,Standard Replenishment Review
37495,FAIRY CAKE BIRTHDAY CANDLE SET,Regular,30.76923076923077,41,30,12.0,43.0,2.0,Stockout Risk,Standard Replenishment Review
21576,LETS GO SHOPPING COTTON TOTE BAG,Regular,21.0,6,7,2.0,7.0,1.0,Stockout Risk,Standard Replenishment Review
21947,SET OF 6 HEART CHOPSTICKS,Regular,62.38461538461539,22,7,8.0,23.0,1.0,Stockout Risk,Standard Replenishment Review
22105,MIRROR MOSAIC GOBLET CANDLE HOLDER,Regular,25.692307692307693,9,7,4.0,10.0,1.0,Stockout Risk,Standard Replenishment Review
22217,T-LIGHT HOLDER HANGING LACE,Regular,64.53846153846153,72,21,28.0,73.0,1.0,Stockout Risk,Standard Replenishment Review
22522,CHILDS GARDEN FORK BLUE,Regular,70.61538461538461,74,21,26.0,75.0,1.0,Stockout Risk,Standard Replenishment Review
84674,FLYING PIG WATERING CAN,Regular,15.75,34,45,11.0,35.0,1.0,Stockout Risk,Standard Replenishment Review
