stock_code,total_units,total_revenue,active_months,avg_monthly_units,std_monthly_units,avg_unit_price,total_orders,description,demand_cv,sku_class,recommended_action
10002,860,759.89,5,172.0,132.18358445737505,1.045842857142857,71,INFLATABLE POLITICAL GLOBE,0.7685092119614828,Regular,Maintain standard replenishment review
10080,303,119.08999999999999,7,43.285714285714285,33.119552561964994,0.4557142857142857,22,GROOVY CACTUS INFLATABLE,0.7651381779991913,Regular,Maintain standard replenishment review
10120,192,40.32,10,19.2,15.454592988637534,0.21000000000000002,29,DOGGY RUBBER,0.8049267181582049,Regular,Maintain standard replenishment review
10123C,5,3.25,2,2.5,2.1213203435596424,0.65,3,HEARTS WRAPPING TAPE,0.8485281374238569,Long-Tail,Limit stock and avoid excessive local warehouse space
10124A,16,6.72,4,4.0,0.816496580927726,0.42,5,SPOTS ON RED BOOKCOVER TAPE,0.2041241452319315,Long-Tail,Limit stock and avoid excessive local warehouse space
10124G,17,7.14,4,4.25,0.4999999999999999,0.42,4,ARMY CAMO BOOKCOVER TAPE,0.11764705882352938,Long-Tail,Limit stock and avoid excessive local warehouse space
10125,1295,993.99,12,107.91666666666667,67.52031119776052,0.8981607142857143,91,MINI FUNKY DESIGN TAPES,0.6256708373537654,Regular,Maintain standard replenishment review
10133,2846,1535.4,10,284.6,300.46009163725336,0.7664885834776078,195,COLOURING PENCILS BROWN TUBE,1.0557276585989224,High-Turnover Stable,Keep stable local warehouse inventory
10135,2229,2204.89,13,171.46153846153845,172.1959229988791,1.4499298790539485,175,COLOURING PENCILS BROWN TUBE,1.004283086130744,High-Turnover Stable,Keep stable local warehouse inventory
11001,1615,2389.44,13,124.23076923076923,130.5317035858555,2.0495271395271395,113,ASSTD DESIGN RACING CAR PEN,1.050719595427939,Regular,Maintain standard replenishment review
15030,143,41.47,8,17.875,29.49788127984788,0.29,12,FAN BLACK FRAME,1.6502311205509304,Regular,Maintain standard replenishment review
15034,5247,735.8600000000001,13,403.61538461538464,444.26409909375946,0.4213808413808413,136,PAPER POCKET TRAVELING FAN,1.1007115090945059,High-Turnover Volatile,Monitor closely and replenish in smaller batches
15036,23802,18549.92,13,1830.923076923077,1453.5653558026704,1.0978244100046124,517,ASSORTED COLOURS SILK FAN,0.7938975558959211,High-Revenue Priority,Prioritize inventory monitoring and avoid stockouts
15039,2070,1961.6399999999999,13,159.23076923076923,180.12456516077694,1.2595557524426302,144,SANDALWOOD FAN,1.1312170758889373,High-Turnover Volatile,Monitor closely and replenish in smaller batches
15044A,458,1439.02,13,35.23076923076923,27.671145760382014,3.606165445665446,102,PINK PAPER PARASOL,0.7854255346833322,Regular,Maintain standard replenishment review
15044B,321,946.83,9,35.666666666666664,34.73110997362451,3.4701798375916026,60,BLUE PAPER PARASOL,0.9737694385128368,Regular,Maintain standard replenishment review
15044C,313,1022.99,13,24.076923076923077,22.23158990588819,3.862608434300742,88,PURPLE PAPER PARASOL,0.923356769254142,Regular,Maintain standard replenishment review
15044D,644,1819.76,13,49.53846153846154,43.53468996983016,3.5414340104340103,84,RED PAPER PARASOL,0.8788058534282486,Regular,Maintain standard replenishment review
15056BL,2804,16280.07,13,215.69230769230768,131.15473343560308,7.538477625975802,380,EDWARDIAN PARASOL BLACK,0.6080640280537947,High-Revenue Priority,Prioritize inventory monitoring and avoid stockouts
15056N,4038,23505.920000000002,13,310.61538461538464,178.1369035608748,7.7684021894550845,538,EDWARDIAN PARASOL NATURAL,0.5734967177541783,High-Revenue Priority,Prioritize inventory monitoring and avoid stockouts
15056P,803,4731.7,13,61.76923076923077,37.616826567716224,7.363869434209516,169,EDWARDIAN PARASOL PINK,0.6089897202743598,High-Revenue Priority,Prioritize inventory monitoring and avoid stockouts
15058A,198,1652.59,10,19.8,22.3696222587687,9.17940992534036,88,BLUE POLKADOT GARDEN PARASOL,1.1297789019580151,Regular,Maintain standard replenishment review
15058B,228,1885.27,11,20.727272727272727,25.904018642252826,11.12354025974026,97,PINK POLKADOT GARDEN PARASOL,1.249755285371847,Regular,Maintain standard replenishment review
15058C,240,1429.82,11,21.818181818181817,30.6751305842964,9.867766299357207,72,ICE CREAM DESIGN GARDEN PARASOL,1.4059434851135852,Regular,Maintain standard replenishment review
15060B,453,1828.67,12,37.75,27.0794286229502,5.114833549491444,133,FAIRY CAKE DESIGN UMBRELLA,0.7173358575615947,Regular,Maintain standard replenishment review
16008,2892,360.71,11,262.90909090909093,270.34365335456073,0.17136363636363636,70,SMALL FOLDING SCISSOR(POINTED EDGE),1.028278072925369,High-Turnover Stable,Keep stable local warehouse inventory
16010,30,3.5999999999999996,3,10.0,3.4641016151377544,0.12,3,FOLDING CAMPING SCISSOR W/KNIF & S,0.34641016151377546,Long-Tail,Limit stock and avoid excessive local warehouse space
16011,1749,367.28999999999996,13,134.53846153846155,91.46731236222715,0.21,46,ANIMAL STICKERS,0.6798599546649244,Regular,Maintain standard replenishment review
16012,1220,256.2,11,110.9090909090909,103.11203086493306,0.21,35,FOOD/DRINK SPONGE STICKERS,0.9296986389461178,Regular,Maintain standard replenishment review
16014,13328,4335.76,13,1025.2307692307693,1185.1350945388851,0.4010805860805861,54,SMALL CHINESE STYLE SCISSOR,1.15596910481734,High-Revenue Priority,Prioritize inventory monitoring and avoid stockouts
16015,662,289.98,10,66.2,87.2745349139395,0.48949999999999994,24,MEDIUM CHINESE STYLE SCISSOR,1.31834644885105,Regular,Maintain standard replenishment review
16016,1273,1053.45,13,97.92307692307692,76.99508808842022,0.846,65,LARGE CHINESE STYLE SCISSOR,0.7862813394732623,Regular,Maintain standard replenishment review
16020C,84,69.9,4,21.0,27.483328279765054,0.8408333333333333,17,CLEAR STATIONERY BOX SET,1.3087299180840501,Long-Tail,Limit stock and avoid excessive local warehouse space
16033,840,100.80000000000001,3,280.0,183.3030277982336,0.12,4,MINI HIGHLIGHTER PENS,0.6546536707079771,Regular,Maintain standard replenishment review
16043,98,11.759999999999998,1,98.0,0.0,0.12,2,POP ART PUSH DOWN RUBBER,0.0,Long-Tail,Limit stock and avoid excessive local warehouse space
16045,8900,380.0,9,988.8888888888889,706.124005477162,0.05777777777777778,68,POPART WOODEN PENCILS ASST,0.714057983066793,High-Turnover Stable,Keep stable local warehouse inventory
16046,65,55.25,10,6.5,9.095175766428168,0.85,14,TEATIME PEN CASE & PENS,1.3992578102197182,Long-Tail,Limit stock and avoid excessive local warehouse space
16048,1460,205.3,13,112.3076923076923,94.864275516291,0.44699938949938944,67,TEATIME ROUND PENCIL SHARPENER,0.8446819052820432,Regular,Maintain standard replenishment review
16049,504,82.08000000000001,2,252.0,305.47012947258855,0.3075,5,TEATIME GEL PENS ASST,1.212183053462653,Regular,Maintain standard replenishment review
16052,479,115.3,6,79.83333333333333,155.70923757653773,0.6643333333333333,13,TEATIME PUSH DOWN RUBBER,1.9504288631716626,Regular,Maintain standard replenishment review
16054,1166,140.52,8,145.75,118.02874952436679,0.1575,33,POPART RECT PENCIL SHARPENER ASST,0.8098027411620363,Regular,Maintain standard replenishment review
16151A,49,61.25,1,49.0,0.0,1.25,3,FLOWERS HANDBAG BLUE AND ORANGE,0.0,Long-Tail,Limit stock and avoid excessive local warehouse space
16156L,475,199.5,10,47.5,21.88987589427283,0.42000000000000004,18,WRAP CAROUSEL,0.4608394925110069,Regular,Maintain standard replenishment review
16156S,5800,2331.0,13,446.15384615384613,250.3843199809199,0.41781574546734723,167,WRAP PINK FAIRY CAKES,0.561206234439993,High-Turnover Stable,Keep stable local warehouse inventory
16161G,700,70.0,9,77.77777777777777,57.88518328937418,0.1,22,WRAP BAD HAIR DAY,0.7442380708633825,Regular,Maintain standard replenishment review
16161M,25,10.5,1,25.0,0.0,0.42,1,WRAP  PINK FLOCK,0.0,Long-Tail,Limit stock and avoid excessive local warehouse space
16161P,7176,2969.92,13,552.0,300.05193994818075,0.41944240944240946,247,WRAP ENGLISH ROSE,0.5435723549785884,High-Turnover Stable,Keep stable local warehouse inventory
16161U,4050,1677.0,13,311.53846153846155,196.4835088010422,0.41967032967032963,133,WRAP SUKI AND FRIENDS,0.6306878060280366,High-Turnover Stable,Keep stable local warehouse inventory
16162L,20,13.0,5,4.0,3.7416573867739413,0.65,8,THE KING GIFT BAG,0.9354143466934853,Long-Tail,Limit stock and avoid excessive local warehouse space
16162M,28,11.76,3,9.333333333333334,5.033222956847167,0.42,8,THE KING GIFT BAG 25X24X12CM,0.539273888233625,Long-Tail,Limit stock and avoid excessive local warehouse space
16168M,371,173.12,12,30.916666666666668,19.81027434683754,0.6505833333333333,41,FUNKY MONKEY GIFT BAG MEDIUM,0.6407635907332897,Regular,Maintain standard replenishment review
16169E,4438,1839.96,6,739.6666666666666,604.7692672967656,0.41951814058956916,147,WRAP 50'S  CHRISTMAS,0.8176240657459652,High-Turnover Stable,Keep stable local warehouse inventory
16169K,200,84.0,4,50.0,35.35533905932738,0.42,8,WRAP FOLK ART,0.7071067811865476,Regular,Maintain standard replenishment review
16169M,660,277.2,11,60.0,32.4037034920393,0.42,25,WRAP DAISY CARPET,0.5400617248673216,Regular,Maintain standard replenishment review
16169N,25,10.5,1,25.0,0.0,0.42,1,WRAP BLUE RUSSIAN FOLKART,0.0,Long-Tail,Limit stock and avoid excessive local warehouse space
16169P,50,21.0,1,50.0,0.0,0.42,2,WRAP GREEN RUSSIAN FOLKART,0.0,Long-Tail,Limit stock and avoid excessive local warehouse space
16202A,7,3.5,2,3.5,0.7071067811865476,0.5,2,PASTEL PINK PHOTO ALBUM,0.20203050891044216,Long-Tail,Limit stock and avoid excessive local warehouse space
16202B,29,14.5,1,29.0,0.0,0.5,2,PASTEL BLUE PHOTO ALBUM,0.0,Long-Tail,Limit stock and avoid excessive local warehouse space
16202E,15,7.5,1,15.0,0.0,0.5,3,BLACK PHOTO ALBUM,0.0,Long-Tail,Limit stock and avoid excessive local warehouse space
16206B,7,8.75,2,3.5,2.1213203435596424,1.25,2,RED PURSE WITH PINK HEART,0.6060915267313264,Long-Tail,Limit stock and avoid excessive local warehouse space
16207A,60,163.1,8,7.5,6.458659745975609,2.9054583333333337,34,PINK STRAWBERRY HANDBAG,0.8611546327967479,Long-Tail,Limit stock and avoid excessive local warehouse space
16207B,29,76.14,6,4.833333333333333,3.3115957885386114,3.0966666666666662,18,PINK HEART RED HANDBAG,0.6851577493528161,Long-Tail,Limit stock and avoid excessive local warehouse space
16216,3333,234.0,11,303.0,493.7709995534367,0.1673939393939394,45,LETTER SHAPE PENCIL SHARPENER,1.6296072592522663,High-Turnover Volatile,Monitor closely and replenish in smaller batches
16218,3821,283.31,12,318.4166666666667,359.49041163931764,0.3543208874458874,64,CARTOON  PENCIL SHARPENERS,1.1289937031331618,High-Turnover Volatile,Monitor closely and replenish in smaller batches
16219,3000,404.84,12,250.0,258.850957467455,0.6119554738562091,99,HOUSE SHAPE PENCIL SHARPENER,1.0354038298698198,High-Turnover Stable,Keep stable local warehouse inventory
16225,813,689.35,12,67.75,82.95576586898038,1.4588703449328448,102,RATTLE SNAKE EGGS,1.2244393486196365,Regular,Maintain standard replenishment review
16235,3068,695.4,13,236.0,189.27625313282172,0.3155829410973642,168,RECYCLED PENCIL WITH RABBIT ERASER,0.8020180217492446,High-Turnover Stable,Keep stable local warehouse inventory
16236,1438,320.09,13,110.61538461538461,78.61248677483162,0.3121262062310449,136,KITTY PENCIL ERASERS,0.7106831210520245,Regular,Maintain standard replenishment review
16237,4931,1035.33,13,379.3076923076923,208.3284204548932,0.3003599862955231,289,SLEEPING CAT ERASERS,0.5492333129007527,High-Turnover Stable,Keep stable local warehouse inventory
16238,1396,321.67,13,107.38461538461539,55.23968751652273,0.3069646325896326,134,PARTY TIME PENCIL ERASERS,0.5144096975034351,Regular,Maintain standard replenishment review
16244B,7,7.85,2,3.5,0.7071067811865476,1.225,2,MAXWELL 2 TONE BLUE 60 PAGE PHOTO A,0.20203050891044216,Long-Tail,Limit stock and avoid excessive local warehouse space
16248B,13,16.25,5,2.6,2.5099800796022267,1.25,7,BLUE HOLE PUNCH,0.9653769536931641,Long-Tail,Limit stock and avoid excessive local warehouse space
16254,40,42.58,6,6.666666666666667,6.121002096606949,1.3699999999999999,17,TRANSPARENT ACRYLIC TAPE DISPENSER,0.9181503144910423,Long-Tail,Limit stock and avoid excessive local warehouse space
16258A,471,178.55,12,39.25,45.36944306068087,0.5795545634920635,58,SWIRLY CIRCULAR RUBBERS IN BAG,1.1559093773421878,Regular,Maintain standard replenishment review
16259,3272,317.92,9,363.55555555555554,396.9014711207024,0.12333333333333332,30,PIECE OF CAMO STATIONERY SET,1.0917216503931302,High-Turnover Volatile,Monitor closely and replenish in smaller batches
17001,72,20.88,1,72.0,0.0,0.29,1,HEAVENS SCENT FRAGRANCE OILS ASSTD,0.0,Long-Tail,Limit stock and avoid excessive local warehouse space
17003,23020,6025.95,13,1770.7692307692307,1059.741254099804,0.3498866515400928,239,BROCADE RING PURSE,0.5984637838096201,High-Revenue Priority,Prioritize inventory monitoring and avoid stockouts
17007B,24,50.400000000000006,2,12.0,0.0,2.1,2,S/3 POT POURI CUSHIONS BLUE COLOURS,0.0,Long-Tail,Limit stock and avoid excessive local warehouse space
17011F,81,66.36,4,20.25,21.045585443666486,1.63875,7,ORIGAMI SANDLEWOOD INCENSE+FLOWER,1.0392881700576042,Long-Tail,Limit stock and avoid excessive local warehouse space
17012A,323,375.93,13,24.846153846153847,25.83875046593828,1.8568223443223444,65,ORIGAMI VANILLA INCENSE/CANDLE SET,1.0399497091554106,Regular,Maintain standard replenishment review
17012B,525,595.8499999999999,12,43.75,38.40484107741911,1.8660682189542481,85,ORIGAMI JASMINE INCENSE/CANDLE SET,0.8778249389124367,Regular,Maintain standard replenishment review
17012C,420,481.8,13,32.30769230769231,40.571715548693554,1.9261431623931624,85,ORIGAMI LAVENDER INCENSE/CANDL SET,1.2557911955548005,Regular,Maintain standard replenishment review
17012D,461,547.24,13,35.46153846153846,47.14095067740182,2.0670265845265847,97,ORIGAMI ROSE INCENSE/CANDLE SET,1.3293543574972313,Regular,Maintain standard replenishment review
17012E,44,62.64,1,44.0,0.0,2.317,10,ORIGAMI OPIUM INCENSE/CANDLE SET,0.0,Long-Tail,Limit stock and avoid excessive local warehouse space
17012F,448,530.6,13,34.46153846153846,43.52894704411342,1.9523846153846154,94,ORIGAMI SANDLEWOOD INCENSE/CAND SET,1.2631167669050771,Regular,Maintain standard replenishment review
17013D,535,267.82,7,76.42857142857143,67.53729128626432,0.9602380952380952,13,ORIGAMI ROSE INCENSE IN TUBE,0.8836654934651407,Regular,Maintain standard replenishment review
17014A,155,71.19,6,25.833333333333332,35.391618593484345,0.8766666666666666,8,ORIGAMI VANILLA INCENSE CONES,1.36999813910262,Regular,Maintain standard replenishment review
17021,2391,632.34,13,183.92307692307693,211.6689480999601,0.2929230769230769,47,NAMASTE SWAGAT INCENSE,1.1508558449600506,High-Turnover Volatile,Monitor closely and replenish in smaller batches
17028J,6,2.52,1,6.0,0.0,0.42,1,INCENSE BAZAAR PEACH,0.0,Long-Tail,Limit stock and avoid excessive local warehouse space
17038,1525,158.06,13,117.3076923076923,88.00415199995265,0.3806666666666666,34,PORCELAIN BUDAH INCENSE HOLDER,0.7501993285241866,Regular,Maintain standard replenishment review
17084A,200,42.0,7,28.571428571428573,9.44911182523068,0.21,7,TRANQUILITY MASALA INCENSE,0.3307189138830738,Regular,Maintain standard replenishment review
17084J,225,47.25,7,32.142857142857146,12.198750911856665,0.21,8,LOVE POTION MASALA INCENSE,0.37951669503554064,Regular,Maintain standard replenishment review
17084N,1264,313.31,13,97.23076923076923,50.12177478593817,0.3543653846153846,101,FAIRY DREAMS INCENSE,0.5154929368806932,Regular,Maintain standard replenishment review
17084P,423,104.44,12,35.25,16.498622532034165,0.35447222222222213,39,DRAGONS BLOOD INCENSE,0.46804602927756495,Regular,Maintain standard replenishment review
17084R,4032,760.3199999999999,11,366.54545454545456,446.69550336585297,0.2037878787878788,27,ASSORTED INCENSE PACK,1.2186633276350154,High-Turnover Volatile,Monitor closely and replenish in smaller batches
17090A,109,107.45,8,13.625,16.273883547398444,1.1833333333333333,10,LAVENDER INCENSE 40 CONES IN TIN,1.1944134713686931,Regular,Maintain standard replenishment review
17090D,29,36.25,6,4.833333333333333,3.2506409624359724,1.25,12,VANILLA INCENSE 40 CONES IN TIN,0.6725464060212357,Long-Tail,Limit stock and avoid excessive local warehouse space
17091A,171,98.91,6,28.5,27.55902755904134,0.9392857142857144,25,LAVENDER INCENSE IN TIN,0.9669834231242576,Regular,Maintain standard replenishment review
17091J,2084,920.67,13,160.30769230769232,81.17305034655345,0.7073153000845309,95,VANILLA INCENSE IN TIN,0.5063577996666002,High-Turnover Stable,Keep stable local warehouse inventory
17096,2545,455.9800000000001,8,318.125,578.6606302488533,0.29974999999999996,24,ASSORTED LAQUERED INCENSE HOLDERS,1.818972511587751,High-Turnover Volatile,Monitor closely and replenish in smaller batches
17107D,170,433.5,12,14.166666666666666,8.9018214002767,2.55,46,"FLOWER FAIRY,5 SUMMER B'DRAW LINERS",0.6283638635489436,Regular,Maintain standard replenishment review
17109D,61,32.349999999999994,3,20.333333333333332,29.19474838619668,1.2533333333333332,5,FLOWER FAIRY INCENSE BOUQUET,1.435807297681804,Long-Tail,Limit stock and avoid excessive local warehouse space
17129F,588,553.83,13,45.23076923076923,44.58354301412471,1.414642857142857,57,BLUE GLASS GEMS IN BAG,0.9856905768428932,Regular,Maintain standard replenishment review
17136A,352,29.59,10,35.2,33.59828037927603,0.10600000000000001,17,BLUE STONES ON WIRE FOR CANDLE,0.954496601683978,Regular,Maintain standard replenishment review
17164B,27,11.34,2,13.5,4.949747468305833,0.42,9,ASS COL SMALL SAND GECKO P'WEIGHT,0.36664796061524685,Long-Tail,Limit stock and avoid excessive local warehouse space
17165D,27,28.349999999999998,2,13.5,6.363961030678928,1.05,7,ASS COL LARGE SAND FROG P'WEIGHT,0.4714045207910317,Long-Tail,Limit stock and avoid excessive local warehouse space
17174,9,3.7800000000000002,2,4.5,4.949747468305833,0.42,3,ASSTD RASTA KEY-CHAINS,1.0999438818457405,Long-Tail,Limit stock and avoid excessive local warehouse space
17191A,4,15.0,2,2.0,0.0,3.75,2,ROSE FLOWER CANDLE+INCENSE 16X16CM,0.0,Long-Tail,Limit stock and avoid excessive local warehouse space
18007,5884,395.61,8,735.5,1304.781426687463,0.27625,30,ESSENTIAL BALM 3.5G TIN IN ENVELOPE,1.7740060186097388,High-Turnover Volatile,Monitor closely and replenish in smaller batches
18094C,192,283.93,11,17.454545454545453,15.108697073961318,1.9428831168831169,42,WHITE AND BLUE CERAMIC OIL BURNER,0.8656024365290339,Regular,Maintain standard replenishment review
18097A,5,12.75,3,1.6666666666666667,0.5773502691896257,2.55,4,PINK TALL PORCELAIN T-LIGHT HOLDER,0.3464101615137754,Long-Tail,Limit stock and avoid excessive local warehouse space
18097C,407,1029.4099999999999,13,31.307692307692307,25.384984457301446,3.1852060439560437,68,WHITE TALL PORCELAIN T-LIGHT HOLDER,0.8108225993732648,Regular,Maintain standard replenishment review
18098C,265,921.87,8,33.125,62.205735840262925,3.1721153846153847,61,PORCELAIN BUTTERFLY OIL BURNER,1.8779090064985033,Regular,Maintain standard replenishment review
20615,309,466.99,13,23.76923076923077,23.19178678668322,2.6597885297206565,95,BLUE POLKADOT PASSPORT COVER,0.9757062402164461,Regular,Maintain standard replenishment review
20616,194,243.53,13,14.923076923076923,15.129780448184183,1.6937411477411477,71,CHERRY BLOSSOM PASSPORT COVER,1.0138512671463629,Regular,Maintain standard replenishment review
20617,93,194.94,12,7.75,4.433857339731502,2.433763888888889,43,FIRST CLASS PASSPORT COVER,0.5721106244814842,Long-Tail,Limit stock and avoid excessive local warehouse space
20618,148,286.39,13,11.384615384615385,9.215371773459655,2.083086691086691,76,QUEEN OF THE SKIES PASSPORT COVER,0.8094583314525372,Regular,Maintain standard replenishment review
20619,262,439.65000000000003,13,20.153846153846153,15.480343201654986,2.4736530904992446,99,TROPICAL PASSPORT COVER,0.7681086321431864,Regular,Maintain standard replenishment review
20622,185,303.7,13,14.23076923076923,16.70904867705842,2.4245811965811965,51,VIPPASSPORT COVER,1.174149366495997,Regular,Maintain standard replenishment review
20652,265,346.86,13,20.384615384615383,22.104066222976794,1.7658104395604395,78,BLUE POLKADOT LUGGAGE TAG,1.084350418485654,Regular,Maintain standard replenishment review
20653,73,95.18,11,6.636363636363637,6.576818794413105,1.9487465564738293,33,CHERRY BLOSSOM LUGGAGE TAG,0.991027489569098,Long-Tail,Limit stock and avoid excessive local warehouse space
20654,152,193.59,13,11.692307692307692,7.846279536449269,1.4757248520710058,49,FIRST CLASS LUGGAGE TAG,0.6710633814068454,Regular,Maintain standard replenishment review
20655,197,292.29,13,15.153846153846153,11.074340867113747,1.799556543697848,99,QUEEN OF SKIES LUGGAGE TAG,0.7307940673729885,Regular,Maintain standard replenishment review
20657,73,105.91,12,6.083333333333333,5.680242205676754,1.7320833333333334,33,TROPICAL LUGGAGE TAG,0.9337384447687814,Long-Tail,Limit stock and avoid excessive local warehouse space
20658,433,652.11,10,43.3,24.6533747971528,1.6653174603174605,105,RED RETROSPOT LUGGAGE TAG,0.5693620045531825,Regular,Maintain standard replenishment review
20659,158,246.84,12,13.166666666666666,5.951826814033018,1.7171616161616161,62,ECONOMY LUGGAGE TAG,0.45203747954681156,Regular,Maintain standard replenishment review
20661,44,141.15,8,5.5,4.869731585445518,4.00875,33,BLUE POLKADOT PURSE,0.8854057428082759,Long-Tail,Limit stock and avoid excessive local warehouse space
20662,31,90.42,7,4.428571428571429,3.4572215654165053,2.9860714285714285,20,FIRST CLASS HOLIDAY PURSE,0.7806629341263076,Long-Tail,Limit stock and avoid excessive local warehouse space
20663,25,66.26,9,2.7777777777777777,3.032234233110042,2.8621296296296297,20,QUEEN OF THE SKIES HOLIDAY PURSE,1.0916043239196151,Long-Tail,Limit stock and avoid excessive local warehouse space
20664,32,81.66,4,8.0,5.41602560309064,2.5825,18,TROPICAL HOLIDAY PURSE,0.67700320038633,Long-Tail,Limit stock and avoid excessive local warehouse space
20665,461,1546.27,13,35.46153846153846,17.896067466603682,4.232428046312662,156,RED RETROSPOT PURSE,0.504661338537631,Regular,Maintain standard replenishment review
20666,30,41.53,5,6.0,8.54400374531753,2.428,17,ECONOMY HOLIDAY PURSE,1.4240006242195884,Long-Tail,Limit stock and avoid excessive local warehouse space
20667,20,49.69,4,5.0,3.265986323710904,2.5825,16,CHERRY BLOSSOM PURSE,0.6531972647421809,Long-Tail,Limit stock and avoid excessive local warehouse space
20668,12883,1501.3999999999999,13,991.0,1263.449840713908,0.19329193043442078,215,DISCO BALL CHRISTMAS DECORATION,1.2749241581371424,High-Turnover Volatile,Monitor closely and replenish in smaller batches
20669,304,447.34000000000003,11,27.636363636363637,14.786972153032055,1.7560086580086578,96,RED HEART LUGGAGE TAG,0.5350549134320809,Regular,Maintain standard replenishment review
20670,14,44.04,8,1.75,0.8864052604279182,3.5375,11,VIP HOLIDAY PURSE,0.5065172916730961,Long-Tail,Limit stock and avoid excessive local warehouse space
20671,10,12.5,1,10.0,0.0,1.25,2,BLUE TEATIME PRINT BOWL,0.0,Long-Tail,Limit stock and avoid excessive local warehouse space
20674,1563,2016.23,13,120.23076923076923,53.45582887792164,1.5716285202651599,205,GREEN POLKADOT BOWL,0.4446102209935901,Regular,Maintain standard replenishment review
20675,3116,3978.12,13,239.69230769230768,122.49039732116731,1.6035393824598652,321,BLUE POLKADOT BOWL,0.5110318245106467,High-Revenue Priority,Prioritize inventory monitoring and avoid stockouts
20676,5011,6359.81,13,385.46153846153845,192.71162194006158,1.6409568386731022,447,RED RETROSPOT BOWL,0.49995032632624237,High-Revenue Priority,Prioritize inventory monitoring and avoid stockouts
20677,3669,4741.09,13,282.2307692307692,102.69709006438451,1.661728693110141,332,PINK POLKADOT BOWL,0.3638763071237391,High-Revenue Priority,Prioritize inventory monitoring and avoid stockouts
20678,4,6.6,1,4.0,0.0,1.65,1,LARGE BLACK DIAMANTE HAIRSLIDE,0.0,Long-Tail,Limit stock and avoid excessive local warehouse space
20679,1704,9985.720000000001,13,131.07692307692307,68.2232383899376,7.071936692730696,325,EDWARDIAN PARASOL RED,0.5204824525053926,High-Revenue Priority,Prioritize inventory monitoring and avoid stockouts
20681,139,503.71,4,34.75,20.838665984174707,4.387764705882353,45,PINK POLKADOT CHILDRENS UMBRELLA,0.5996738412712146,Regular,Maintain standard replenishment review
20682,1234,4168.08,13,94.92307692307692,44.828304932006105,3.9874033293382642,236,RED RETROSPOT CHILDRENS UMBRELLA,0.4722592902075198,High-Revenue Priority,Prioritize inventory monitoring and avoid stockouts
20684,80,270.56,8,10.0,7.2702917999997,3.5140000000000002,35,STRAWBERRY DREAM CHILDS UMBRELLA,0.72702917999997,Long-Tail,Limit stock and avoid excessive local warehouse space
20685,4023,27598.37,13,309.46153846153845,199.22918769791045,8.973731425242608,690,DOORMAT RED RETROSPOT,0.6437930499808192,High-Revenue Priority,Prioritize inventory monitoring and avoid stockouts
20686,267,922.67,13,20.53846153846154,17.97041728608152,3.7450512820512816,77,DOLLY MIXTURE CHILDREN'S UMBRELLA,0.8749641375245684,Regular,Maintain standard replenishment review
20694,43,187.54,9,4.777777777777778,4.521553322083512,5.313611111111111,16,FLORAL PINK MONSTER,0.946371625552363,Long-Tail,Limit stock and avoid excessive local warehouse space
20695,5,21.25,4,1.25,0.5,4.25,4,FLORAL BLUE MONSTER,0.4,Long-Tail,Limit stock and avoid excessive local warehouse space
20696,54,230.81,9,6.0,5.361902647381804,5.043388888888889,30,FLORAL SOFT CAR TOY,0.8936504412303007,Long-Tail,Limit stock and avoid excessive local warehouse space
20697,19,48.449999999999996,6,3.1666666666666665,1.4719601443879746,2.55,11,LITTLE GREEN MONSTER SOFT TOY,0.46482951928041305,Long-Tail,Limit stock and avoid excessive local warehouse space
20698,17,43.349999999999994,4,4.25,1.5000000000000002,2.55,8,LITTLE PINK MONSTER SOFT TOY,0.3529411764705883,Long-Tail,Limit stock and avoid excessive local warehouse space
20699,97,266.03,8,12.125,19.874157664090895,2.7926022727272724,41,MOUSEY LONG LEGS SOFT TOY,1.6391057867291459,Long-Tail,Limit stock and avoid excessive local warehouse space
20700,73,345.17,10,7.3,6.395310782127793,6.86065,54,GREEN CAT FLORAL CUSHION COVER,0.8760699701544922,Long-Tail,Limit stock and avoid excessive local warehouse space
20701,25,100.97,3,8.333333333333334,6.6583281184793925,3.9751851851851847,18,PINK CAT FLORAL CUSHION COVER,0.7989993742175271,Long-Tail,Limit stock and avoid excessive local warehouse space
20702,134,573.54,10,13.4,6.931409989637349,4.351,42,PINK PADDED MOBILE,0.5172694022117424,Regular,Maintain standard replenishment review
20704,216,697.7,13,16.615384615384617,25.47396861352932,6.884717948717949,44,MR ROBOT SOFT TOY,1.533155518406857,Regular,Maintain standard replenishment review
20705,143,428.85,13,11.0,18.565200420859092,5.924358974358975,28,MRS ROBOT SOFT TOY,1.6877454928053721,Regular,Maintain standard replenishment review
20707,464,468.39,13,35.69230769230769,31.02521720414061,1.464875905140611,149,CRAZY DAISY HEART DECORATION,0.8692409992539395,Regular,Maintain standard replenishment review
20711,4997,10995.119999999999,13,384.38461538461536,267.71332256151,3.189233750130396,521,JUMBO BAG TOYS,0.69647252217323,High-Revenue Priority,Prioritize inventory monitoring and avoid stockouts
20712,9541,21681.89,13,733.9230769230769,364.8069036121396,2.9448401589059685,859,JUMBO BAG WOODLAND ANIMALS,0.4970642225089419,High-Revenue Priority,Prioritize inventory monitoring and avoid stockouts
20713,11187,22585.260000000002,11,1017.0,479.30011475066436,2.7916840266414953,652,JUMBO BAG OWLS,0.47128821509406527,High-Revenue Priority,Prioritize inventory monitoring and avoid stockouts
20716,400,469.63000000000005,7,57.142857142857146,32.62631132194062,1.425300453514739,73,PARTY FOOD SHOPPER BAG,0.5709604481339609,Regular,Maintain standard replenishment review
20717,2845,3549.48,13,218.84615384615384,173.00907787061644,1.7178016216332899,411,STRAWBERRY SHOPPER BAG,0.7905511466847148,High-Revenue Priority,Prioritize inventory monitoring and avoid stockouts
20718,4759,6591.79,13,366.0769230769231,115.81699755682205,1.7573783255598896,574,RED RETROSPOT SHOPPER BAG,0.3163733910986944,High-Revenue Priority,Prioritize inventory monitoring and avoid stockouts
20719,13210,16680.350000000002,13,1016.1538461538462,321.942760480246,1.2252814565901256,830,WOODLAND CHARLOTTE BAG,0.3168248210630733,High-Revenue Priority,Prioritize inventory monitoring and avoid stockouts
20723,9783,12539.65,13,752.5384615384615,264.25354472066385,1.236541252523286,721,STRAWBERRY CHARLOTTE BAG,0.35114955344665544,High-Revenue Priority,Prioritize inventory monitoring and avoid stockouts
20724,17650,21692.04,13,1357.6923076923076,464.0359872207083,1.1624216159387415,1029,RED RETROSPOT CHARLOTTE BAG,0.34178288010590413,High-Revenue Priority,Prioritize inventory monitoring and avoid stockouts
20725,19010,35246.06,13,1462.3076923076924,532.9720731607152,2.1687435008606744,1557,LUNCH BAG RED RETROSPOT,0.36447327464962115,High-Revenue Priority,Prioritize inventory monitoring and avoid stockouts
20726,9848,18183.13,13,757.5384615384615,325.49286100328305,2.192309259459885,1013,LUNCH BAG WOODLAND,0.4296717295940983,High-Revenue Priority,Prioritize inventory monitoring and avoid stockouts
20727,12142,22259.51,13,934.0,397.7786235248613,2.1545477089047065,1267,LUNCH BAG  BLACK SKULL.,0.4258871772214789,High-Revenue Priority,Prioritize inventory monitoring and avoid stockouts
20728,11743,21628.53,13,903.3076923076923,421.7302424961926,2.119479642274637,1145,LUNCH BAG CARS BLUE,0.4668732991953082,High-Revenue Priority,Prioritize inventory monitoring and avoid stockouts
20731,92,109.96,6,15.333333333333334,19.27347054027029,1.175,16,POSY CANDY BAG,1.2569654700176274,Long-Tail,Limit stock and avoid excessive local warehouse space
20733,934,740.36,13,71.84615384615384,96.62112101213185,0.841502701002701,204,GOLD MINI TAPE MEASURE,1.3448335901046191,Regular,Maintain standard replenishment review
20734,158,271.22,5,31.6,28.307242889409064,1.7581785714285711,26,SILVER MINI TAPE MEASURE,0.8957988256142109,Regular,Maintain standard replenishment review
20735,623,625.8,12,51.916666666666664,61.18148610833381,1.026670444139194,112,BLACK MINI TAPE MEASURE,1.1784555911717587,Regular,Maintain standard replenishment review
20748,57,751.1700000000001,11,5.181818181818182,3.6556307750696546,13.675,34,KENSINGTON COFFEE SET,0.7054726057151965,Long-Tail,Limit stock and avoid excessive local warehouse space
20749,1757,12510.82,13,135.15384615384616,69.69558349690716,8.04589514369263,380,ASSORTED COLOUR MINI CASES,0.5156759165963535,High-Revenue Priority,Prioritize inventory monitoring and avoid stockouts
20750,1743,12603.18,13,134.07692307692307,49.575635041253776,8.140620344235318,383,RED RETROSPOT MINI CASES,0.3697551666874923,High-Revenue Priority,Prioritize inventory monitoring and avoid stockouts
20751,971,2041.52,13,74.6923076923077,37.294737375364846,2.3568038641302973,198,FUNKY WASHING UP GLOVES ASSORTED,0.4993116229451524,Regular,Maintain standard replenishment review
20752,406,918.35,12,33.833333333333336,16.038778764058822,2.3807364805082196,147,BLUE POLKADOT WASHING UP GLOVES,0.47405257430715725,Regular,Maintain standard replenishment review
20754,1456,3086.76,12,121.33333333333333,75.9657019896998,2.468944833950269,303,RETROSPOT RED WASHING UP GLOVES,0.6260909504645588,Regular,Maintain standard replenishment review
20755,306,271.17,11,27.818181818181817,22.524733879973727,0.9212360446570973,62,BLUE PAISLEY POCKET BOOK,0.809712655816049,Regular,Maintain standard replenishment review
20756,63,53.55,8,7.875,5.409977554746151,0.85,22,GREEN FERN POCKET BOOK,0.686981276793162,Long-Tail,Limit stock and avoid excessive local warehouse space
20757,158,136.64,11,14.363636363636363,17.81164072887575,1.0095454545454545,33,RED DAISY POCKET BOOK,1.2400509368204637,Regular,Maintain standard replenishment review
20758,159,135.14999999999998,13,12.23076923076923,8.613495672043245,0.8499999999999999,42,ABSTRACT CIRCLES POCKET BOOK,0.7042480738148565,Regular,Maintain standard replenishment review
20759,64,54.4,11,5.818181818181818,6.925578413651554,0.85,20,CHRYSANTHEMUM POCKET BOOK,1.1903337898463608,Long-Tail,Limit stock and avoid excessive local warehouse space
20760,69,58.65,8,8.625,5.125217765408329,0.85,21,GARDEN PATH POCKET BOOK,0.5942281467140091,Long-Tail,Limit stock and avoid excessive local warehouse space
20761,120,505.97,13,9.23076923076923,4.746118522081073,4.275362637362638,63,BLUE PAISLEY SKETCHBOOK,0.5141628398921162,Regular,Maintain standard replenishment review
20762,106,420.08,12,8.833333333333334,4.468746688915917,4.020416666666667,56,GREEN FERN SKETCHBOOK,0.5058958515753867,Regular,Maintain standard replenishment review
20763,73,205.04000000000002,12,6.083333333333333,7.178988702308897,3.7775555555555553,27,DAISY SKETCHBOOK,1.180107731886394,Long-Tail,Limit stock and avoid excessive local warehouse space
20764,142,603.3100000000001,13,10.923076923076923,5.589596563580394,4.486014957264957,76,ABSTRACT CIRCLES SKETCHBOOK,0.5117236290601769,Regular,Maintain standard replenishment review
20765,102,416.05,13,7.846153846153846,3.6707436541331746,4.3342513597513594,59,CHRYSANTHEMUM SKETCHBOOK,0.4678398774875615,Regular,Maintain standard replenishment review
20766,122,493.57,13,9.384615384615385,7.041998550819476,4.361898046398046,57,GARDEN PATH SKETCHBOOK,0.7503768947594524,Regular,Maintain standard replenishment review
20767,250,656.06,13,19.23076923076923,13.28629523327105,2.898575655114117,79,BLUE PAISLEY JOURNAL,0.6908873521300946,Regular,Maintain standard replenishment review
20768,176,438.57,13,13.538461538461538,13.086987077598524,2.681290823211876,55,GREEN FERN JOURNAL,0.9666524545953455,Regular,Maintain standard replenishment review
20769,80,217.56,10,8.0,4.546060565661952,2.9623214285714283,34,DAISY JOURNAL,0.568257570707744,Long-Tail,Limit stock and avoid excessive local warehouse space
20770,184,447.25,12,15.333333333333334,14.87727573628093,2.510329365079365,72,ABSTRACT CIRCLE JOURNAL,0.9702571132357128,Regular,Maintain standard replenishment review
20771,102,267.13,11,9.272727272727273,7.656251159554643,2.8021239669421485,40,CHRYSANTHEMUM  JOURNAL,0.8256741446578536,Regular,Maintain standard replenishment review
20772,246,618.64,12,20.5,27.487187097727087,2.7573096001221002,64,GARDEN PATH JOURNAL,1.3408383950110774,Regular,Maintain standard replenishment review
20773,56,92.39999999999999,10,5.6,4.857983120596447,1.65,23,BLUE PAISLEY NOTEBOOK,0.8674969858207943,Long-Tail,Limit stock and avoid excessive local warehouse space
20774,86,141.23999999999998,11,7.818181818181818,11.504939650586454,1.6449999999999998,44,GREEN FERN NOTEBOOK,1.4715620483308256,Long-Tail,Limit stock and avoid excessive local warehouse space
20775,134,233.54,12,11.166666666666666,13.99242219159638,1.7496343073593073,63,DAISY NOTEBOOK,1.2530527335757953,Regular,Maintain standard replenishment review
20777,169,282.49,12,14.083333333333334,15.900019058498204,1.760174963924964,80,CHRYSANTHEMUM NOTEBOOK,1.1289954361063812,Regular,Maintain standard replenishment review
20778,15,24.75,4,3.75,1.2583057392117916,1.65,8,GARDEN PATH NOTEBOOK,0.33554819712314443,Long-Tail,Limit stock and avoid excessive local warehouse space
20780,47,312.7,8,5.875,10.232127274981902,7.956121794871795,28,BLACK EAR MUFF HEADPHONES,1.7416386851033026,Long-Tail,Limit stock and avoid excessive local warehouse space
20781,35,212.26,11,3.1818181818181817,3.5161962919661303,6.027194805194805,25,GOLD EAR MUFF HEADPHONES,1.1050902631893553,Long-Tail,Limit stock and avoid excessive local warehouse space
20782,53,368.08000000000004,9,5.888888888888889,6.293735862833069,6.954259259259259,27,CAMOUFLAGE EAR MUFF HEADPHONES,1.0687475993490116,Long-Tail,Limit stock and avoid excessive local warehouse space
20785,14,523.3000000000001,4,3.5,5.0,39.45,5,FUSCHIA RETRO BAR STOOL,1.4285714285714286,Long-Tail,Limit stock and avoid excessive local warehouse space
20793,3,20.25,3,1.0,0.0,6.75,3,BLUE TILED TRAY,0.0,Long-Tail,Limit stock and avoid excessive local warehouse space
20794,91,262.39,12,7.583333333333333,7.902339507827394,3.7244999999999995,26,BLUE  TILE HOOK,1.042066748284931,Long-Tail,Limit stock and avoid excessive local warehouse space
20795,49,113.05000000000001,6,8.166666666666666,3.0605010483034745,2.5511111111111116,11,LARGE BLUE PROVENCAL CERAMIC BALL,0.3747552304045071,Long-Tail,Limit stock and avoid excessive local warehouse space
20796,62,103.94,7,8.857142857142858,9.317162862670363,1.8842857142857141,9,SMALL BLUE PROVENCAL CERAMIC BALL,1.051937742559557,Long-Tail,Limit stock and avoid excessive local warehouse space
20798,36,75.60000000000001,2,18.0,11.313708498984761,2.1,5,CLEAR MILKSHAKE GLASS,0.628539361054709,Long-Tail,Limit stock and avoid excessive local warehouse space
20801,997,1145.8,6,166.16666666666666,129.9483230621568,2.124430114638448,80,LARGE PINK GLASS SUNDAE DISH,0.7820360465124782,Regular,Maintain standard replenishment review
20802,739,984.4699999999999,12,61.583333333333336,64.9075683125044,1.9981845238095237,63,SMALL GLASS SUNDAE DISH CLEAR,1.0539794583897872,Regular,Maintain standard replenishment review
20803,903,461.26,6,150.5,200.60383844782234,1.4839646464646465,39,SMALL PINK GLASS SUNDAE DISH,1.3329158700851982,Regular,Maintain standard replenishment review
20816,8,15.6,1,8.0,0.0,1.95,2,GOLD FLOWER CUSHION COVER,0.0,Long-Tail,Limit stock and avoid excessive local warehouse space
20818,15,42.7,3,5.0,4.358898943540674,4.825,5,GOLD TEDDY BEAR,0.8717797887081348,Long-Tail,Limit stock and avoid excessive local warehouse space
20819,64,244.72,9,7.111111111111111,7.114148656804349,4.229887566137567,27,SILVER TEDDY BEAR,1.0004271548631116,Long-Tail,Limit stock and avoid excessive local warehouse space
20820,5,24.75,2,2.5,0.7071067811865476,4.95,2,SILVER LOOKING MIRROR,0.282842712474619,Long-Tail,Limit stock and avoid excessive local warehouse space
20821,11,54.45,5,2.2,2.16794833886788,4.95,5,GOLDIE LOOKING MIRROR,0.9854310631217635,Long-Tail,Limit stock and avoid excessive local warehouse space
20823,164,129.56,3,54.666666666666664,46.01449047129973,0.79,8,GOLD WINE GOBLET,0.8417284842310927,Regular,Maintain standard replenishment review
20826,276,128.39999999999998,4,69.0,73.40299721401027,1.2550000000000001,8,SILVER APERITIF GLASS,1.0638115538262358,Regular,Maintain standard replenishment review
20827,88,34.32,1,88.0,0.0,0.39,2,GOLD APERITIF GLASS,0.0,Long-Tail,Limit stock and avoid excessive local warehouse space
20828,1128,3074.78,13,86.76923076923077,38.796807957515114,3.1588560679696633,241,GLITTER BUTTERFLY CLIPS,0.4471263328437025,Regular,Maintain standard replenishment review
20829,1312,2718.75,13,100.92307692307692,95.68739166199967,2.474098763355156,193,GLITTER HANGING BUTTERFLY STRING,0.9481220210411553,Regular,Maintain standard replenishment review
20830,136,409.83000000000004,10,13.6,8.579044235810887,2.8314761904761907,37,SILVER PHOTO FRAME,0.6308120761625652,Regular,Maintain standard replenishment review
20831,216,466.53000000000003,12,18.0,18.24081337899362,2.7311111111111113,39,GOLD PHOTO FRAME,1.013378521055201,Regular,Maintain standard replenishment review
20832,1067,572.67,12,88.91666666666667,88.86502362708526,0.7770785256410256,82,RED FLOCK LOVE HEART PHOTO FRAME,0.9994191973055512,Regular,Maintain standard replenishment review
20835,67,65.8,5,13.4,8.532291603080617,2.868,8,FRENCH LATTICE CUSHION COVER,0.6367381793343744,Long-Tail,Limit stock and avoid excessive local warehouse space
20836,158,131.14,6,26.333333333333332,11.552777443829976,0.83,16,FRENCH PAISLEY CUSHION COVER,0.4387130674872143,Regular,Maintain standard replenishment review
20837,141,142.47,6,23.5,15.921683328090658,1.1833333333333333,15,FRENCH FLORAL CUSHION COVER,0.6775184394932195,Regular,Maintain standard replenishment review
20838,373,451.25,9,41.44444444444444,24.073383180969348,2.0764550264550263,56,FRENCH LATTICE CUSHION COVER,0.5808591116051586,Regular,Maintain standard replenishment review
20839,575,840.44,12,47.916666666666664,41.51770341637043,3.3298923576423576,105,FRENCH PAISLEY CUSHION COVER,0.8664564191242525,Regular,Maintain standard replenishment review
20840,521,622.12,10,52.1,61.06908656049585,2.78730649701176,73,FRENCH FLORAL CUSHION COVER,1.1721513735219933,Regular,Maintain standard replenishment review
20845,19,120.65,5,3.8,2.2803508501982757,6.35,11,ZINC HEART LATTICE 2 WALL PLANTER,0.6000923289995462,Long-Tail,Limit stock and avoid excessive local warehouse space
20846,716,957.32,13,55.07692307692308,41.86976144041094,1.6261614774114774,88,ZINC HEART LATTICE T-LIGHT HOLDER,0.7602051658175171,Regular,Maintain standard replenishment review
20847,52,217.57999999999998,11,4.7272727272727275,4.31487911976475,4.659090909090909,18,ZINC HEART LATTICE CHARGER LARGE,0.9127628907194663,Long-Tail,Limit stock and avoid excessive local warehouse space
20848,21,61.95,8,2.625,1.1877349391654208,2.95,8,ZINC HEART LATTICE CHARGER SMALL,0.4524704530153984,Long-Tail,Limit stock and avoid excessive local warehouse space
20851,9,53.55,4,2.25,1.2583057392117916,5.95,7,ZINC HEART LATTICE TRAY OVAL,0.5592469952052407,Long-Tail,Limit stock and avoid excessive local warehouse space
20854,228,359.92,3,76.0,74.95998932764064,1.6903344481605351,40,BLUE PATCH PURSE PINK HEART,0.9863156490479031,Regular,Maintain standard replenishment review
20856,206,340.78999999999996,9,22.88888888888889,13.109580889986953,1.6770599647266313,60,DENIM PATCH PURSE PINK BUTTERFLY,0.5727486796596242,Regular,Maintain standard replenishment review
20857,17,28.049999999999997,2,8.5,3.5355339059327378,1.65,7,BLUE ROSE PATCH PURSE PINK BUTTERFL,0.4159451654038515,Long-Tail,Limit stock and avoid excessive local warehouse space
20860,1,2.1,1,1.0,0.0,2.1,1,GOLD COSMETICS BAG WITH BUTTERFLY,0.0,Long-Tail,Limit stock and avoid excessive local warehouse space
20861,2,4.2,1,2.0,0.0,2.1,2,GOLD COSMETIC BAG PINK STAR,0.0,Long-Tail,Limit stock and avoid excessive local warehouse space
20866,477,582.5,12,39.75,50.207071215118695,1.7368364007480388,89,BLUE ROSE FABRIC MIRROR,1.2630709739652501,Regular,Maintain standard replenishment review
20867,331,393.47,11,30.09090909090909,38.016981851416205,1.3712878787878788,62,PINK ROSE FABRIC MIRROR,1.2634042307117168,Regular,Maintain standard replenishment review
20868,458,219.35000000000002,11,41.63636363636363,80.28483384459699,0.8043073593073593,46,SILVER FABRIC MIRROR,1.9282383674466528,Regular,Maintain standard replenishment review
20869,180,86.76,10,18.0,22.9830855679176,0.8295714285714286,29,GOLD FABRIC MIRROR,1.2768380871065332,Regular,Maintain standard replenishment review
20871,2,8.42,1,2.0,0.0,4.21,1,OPULENT VELVET SET/3 CANDLES,0.0,Long-Tail,Limit stock and avoid excessive local warehouse space
20878,24,30.0,1,24.0,0.0,1.25,7,SET/9 CHRISTMAS T-LIGHTS SCENTED,0.0,Long-Tail,Limit stock and avoid excessive local warehouse space
20886,479,974.53,12,39.916666666666664,31.91311595092165,2.4226178774928773,102,BOX OF 9 PEBBLE CANDLES,0.7994935102527345,Regular,Maintain standard replenishment review
20892,4,89.22,1,4.0,0.0,21.24333333333333,3,SET/3 TALL GLASS CANDLE HOLDER PINK,0.0,Long-Tail,Limit stock and avoid excessive local warehouse space
20893,268,609.02,10,26.8,44.978513388802284,2.9040999999999997,26,HANGING BAUBLE T-LIGHT HOLDER SMALL,1.6783027383881448,Regular,Maintain standard replenishment review
20894,33,108.71000000000001,8,4.125,4.4860896112315904,3.7783333333333333,15,HANGING BAUBLE T-LIGHT HOLDER LARGE,1.0875368754500825,Long-Tail,Limit stock and avoid excessive local warehouse space
20897,101,280.57,7,14.428571428571429,17.46288581398793,3.093464285714286,23,VINTAGE NOTEBOOK PARIS DAYS,1.2102990168110448,Regular,Maintain standard replenishment review
20898,32,88.03,4,8.0,5.354126134736337,2.7662500000000003,12,VINTAGE NOTEBOOK TRAVELOGUE,0.6692657668420421,Long-Tail,Limit stock and avoid excessive local warehouse space
20901,17,72.42999999999999,2,8.5,10.606601717798213,5.24,14,VINTAGE KEEPSAKE BOX PINK FLOWER,1.2478354962115545,Long-Tail,Limit stock and avoid excessive local warehouse space
20902,112,686.86,8,14.0,13.125765283811617,8.329437500000001,56,VINTAGE KEEPSAKE BOX PARIS DAYS,0.9375546631294013,Regular,Maintain standard replenishment review
20903,82,441.89,10,8.2,8.469553313683864,7.320449999999999,56,VINTAGE KEEPSAKE BOX TRAVELOGUE,1.0328723553273005,Long-Tail,Limit stock and avoid excessive local warehouse space
20906,3,8.850000000000001,2,1.5,0.7071067811865476,2.95,2,VINTAGE NOTEBOOK BEAUTY GIRL,0.47140452079103173,Long-Tail,Limit stock and avoid excessive local warehouse space
20910,8,50.8,1,8.0,0.0,6.349999999999999,3,VINTAGE PHOTO ALBUM PARIS DAYS,0.0,Long-Tail,Limit stock and avoid excessive local warehouse space
20914,6315,18234.85,13,485.7692307692308,194.7246576776868,3.305799282470444,875,SET/5 RED RETROSPOT LID GLASS BOWLS,0.4008583610150322,High-Revenue Priority,Prioritize inventory monitoring and avoid stockouts
20931,299,1060.9,12,24.916666666666668,28.74482825683868,4.816122023809524,68,BLUE POT PLANT CANDLE,1.1536385922477062,Regular,Maintain standard replenishment review
20932,204,628.7900000000001,12,17.0,23.15560014730385,4.89715873015873,35,PINK POT PLANT CANDLE,1.3620941263119912,Regular,Maintain standard replenishment review
20933,23,71.05000000000001,6,3.8333333333333335,4.262237284181474,3.0833333333333335,9,YELLOW POT PLANT CANDLE,1.1118879871777758,Long-Tail,Limit stock and avoid excessive local warehouse space
20934,63,397.21,11,5.7272727272727275,3.5522080201167583,6.927272727272728,31,SET/3 POT PLANT CANDLES,0.6202267971632435,Long-Tail,Limit stock and avoid excessive local warehouse space
20935,6,17.7,2,3.0,2.8284271247461903,2.95,4,ROUND CACTUS CANDLE,0.9428090415820635,Long-Tail,Limit stock and avoid excessive local warehouse space
20936,100,319.66,10,10.0,10.519822558706334,3.5588380952380954,34,FORKED CACTUS CANDLE,1.0519822558706333,Long-Tail,Limit stock and avoid excessive local warehouse space
20941,64,83.78,8,8.0,6.324555320336759,1.3287499999999999,19,FROG CANDLE,0.7905694150420949,Long-Tail,Limit stock and avoid excessive local warehouse space
20954,2,16.94,1,2.0,0.0,8.47,2,*USB OFFICE MIRROR BALL,0.0,Long-Tail,Limit stock and avoid excessive local warehouse space
20956,822,1146.52,13,63.23076923076923,77.62747993478624,1.7783771301162605,101,PORCELAIN T-LIGHT HOLDERS ASSORTED,1.2276852057812908,Regular,Maintain standard replenishment review
20960,29,72.49,3,9.666666666666666,11.590225767142472,2.4766666666666666,10,WATERMELON BATH SPONGE,1.1989888724630144,Long-Tail,Limit stock and avoid excessive local warehouse space
20961,1182,1682.93,13,90.92307692307692,86.84801047276167,1.831730268987794,227,STRAWBERRY BATH SPONGE,0.9551811642520319,Regular,Maintain standard replenishment review
20963,1336,1911.17,13,102.76923076923077,97.8222485311614,1.8486881740505758,229,APPLE BATH SPONGE,0.9518631967852532,Regular,Maintain standard replenishment review
20964,2,5.1,1,2.0,0.0,2.55,1,POLYESTER FILLER PAD 60X40CM,0.0,Long-Tail,Limit stock and avoid excessive local warehouse space
20966,719,1022.8,9,79.88888888888889,141.4367742530602,2.2451955841735716,97,SANDWICH BATH SPONGE,1.7704185928755798,Regular,Maintain standard replenishment review
20967,265,1027.94,7,37.857142857142854,35.67178423454861,4.470924075924076,83,GREY FLORAL FELTCRAFT SHOULDER BAG,0.9422735458182653,Regular,Maintain standard replenishment review
20969,1816,6741.27,13,139.69230769230768,153.16950556784283,4.200418388200742,304,RED FLORAL FELTCRAFT SHOULDER BAG,1.0964777380957913,High-Revenue Priority,Prioritize inventory monitoring and avoid stockouts
20970,1115,4228.38,13,85.76923076923077,69.00863936995357,4.051897030231517,261,PINK FLORAL FELTCRAFT SHOULDER BAG,0.8045850330129115,High-Revenue Priority,Prioritize inventory monitoring and avoid stockouts
20971,9673,12424.34,13,744.0769230769231,930.0813102034379,1.4092270234044457,519,PINK BLUE FELT CRAFT TRINKET BOX,1.2499800509298762,High-Revenue Priority,Prioritize inventory monitoring and avoid stockouts
20972,7325,9113.06,13,563.4615384615385,277.2365462274095,1.4165883466947098,615,PINK CREAM FELT CRAFT TRINKET BOX,0.49202390456741624,High-Revenue Priority,Prioritize inventory monitoring and avoid stockouts
20973,4497,3210.27,12,374.75,438.6305392924665,0.7576409260857061,355,12 PENCIL SMALL TUBE WOODLAND,1.1704617459438733,High-Revenue Priority,Prioritize inventory monitoring and avoid stockouts
20974,6928,4496.2300000000005,13,532.9230769230769,318.3597183319684,0.7457773985520366,354,12 PENCILS SMALL TUBE SKULL,0.5973839980247675,High-Revenue Priority,Prioritize inventory monitoring and avoid stockouts
20975,6513,4305.27,11,592.0909090909091,446.0216260553864,0.7290792479177235,358,12 PENCILS SMALL TUBE RED RETROSPOT,0.7532992302486181,High-Revenue Priority,Prioritize inventory monitoring and avoid stockouts
20977,1675,2248.64,12,139.58333333333334,103.27849229000668,1.5606167313079078,182,36 PENCILS TUBE WOODLAND,0.7399056164060179,Regular,Maintain standard replenishment review
20978,1779,2375.05,13,136.84615384615384,91.62045455195958,1.6168666205398203,262,36 PENCILS TUBE SKULLS,0.6695142828417507,Regular,Maintain standard replenishment review
20979,3637,4602.48,13,279.7692307692308,171.42498546310466,1.6060110203187123,318,36 PENCILS TUBE RED RETROSPOT,0.6127370940391423,High-Revenue Priority,Prioritize inventory monitoring and avoid stockouts
20980,79,76.91,6,13.166666666666666,19.239715867617864,1.18,20,36 PENCILS TUBE POSY,1.4612442431102175,Long-Tail,Limit stock and avoid excessive local warehouse space
20981,1961,1729.52,13,150.84615384615384,107.63816404498155,0.9765373161321437,247,12 PENCILS TALL TUBE WOODLAND,0.7135625357392964,High-Turnover Stable,Keep stable local warehouse inventory
20982,2150,1879.82,13,165.3846153846154,167.78038148203265,0.9215198733804145,255,12 PENCILS TALL TUBE SKULLS,1.0144860275657788,High-Turnover Stable,Keep stable local warehouse inventory
20983,2737,2374.81,13,210.53846153846155,140.83123196732993,0.9116114358673622,268,12 PENCILS TALL TUBE RED RETROSPOT,0.6689097608970731,High-Turnover Stable,Keep stable local warehouse inventory
20984,3761,1159.11,11,341.90909090909093,438.7241626684025,0.636358137829912,169,12 PENCILS TALL TUBE POSY,1.2831602736911534,High-Turnover Volatile,Monitor closely and replenish in smaller batches
20985,1167,1525.59,13,89.76923076923077,90.6018339091009,1.6138759157509157,130,HEART CALCULATOR,1.0092749278648772,Regular,Maintain standard replenishment review
20986,654,829.74,13,50.30769230769231,72.76948148707282,1.7339435074850706,113,BLUE CALCULATOR RULER,1.4464881641161265,Regular,Maintain standard replenishment review
20992,4425,1944.6299999999999,13,340.38461538461536,341.036542143101,0.7000344419567651,277,JAZZ HEARTS PURSE NOTEBOOK,1.0019152650531782,High-Turnover Stable,Keep stable local warehouse inventory
20996,3191,726.8900000000001,13,245.46153846153845,206.67067820755133,0.3767133507873892,225,JAZZ HEARTS ADDRESS BOOK,0.8419676642739478,High-Turnover Stable,Keep stable local warehouse inventory
20997,59,257.61,9,6.555555555555555,5.918426968188234,4.25473544973545,34,ROSE DU SUD CUSHION COVER,0.9028108934524425,Long-Tail,Limit stock and avoid excessive local warehouse space
20998,185,505.20000000000005,10,18.5,11.711817393840574,2.6984523809523813,69,ROSE DU SUD OVEN GLOVE,0.6330712104778689,Regular,Maintain standard replenishment review
21000,96,360.84,12,8.0,5.169842621131974,3.616757575757576,52,ROSE DU SUD COSMETICS BAG,0.6462303276414968,Long-Tail,Limit stock and avoid excessive local warehouse space
21001,73,348.19,13,5.615384615384615,3.9483849343425965,4.544038461538461,50,ROSE DU SUD WASHBAG,0.7031370431021062,Long-Tail,Limit stock and avoid excessive local warehouse space
21002,125,428.65999999999997,8,15.625,15.990510578822322,3.6837732919254655,66,ROSE DU SUD DRAWSTRING BAG,1.0233926770446287,Regular,Maintain standard replenishment review
21003,78,460.58,9,8.666666666666666,4.716990566028302,5.940222222222222,46,ROSE DU SUD CUSHION COVER,0.5442681422340349,Long-Tail,Limit stock and avoid excessive local warehouse space
21009,1,1.25,1,1.0,0.0,1.25,1,ETCHED GLASS STAR TREE DECORATION,0.0,Long-Tail,Limit stock and avoid excessive local warehouse space
21011,20,29.0,1,20.0,0.0,1.45,3,GLITTER SNOW PEAR TREE DECORATION,0.0,Long-Tail,Limit stock and avoid excessive local warehouse space
21012,1169,2614.05,13,89.92307692307692,39.71662443373375,2.325453965432939,199,ANTIQUE ALL GLASS CANDLESTICK,0.44167332561038386,Regular,Maintain standard replenishment review
21014,1385,598.8199999999999,8,173.125,214.61955542640698,0.9264172932330828,119,SWISS CHALET TREE DECORATION,1.2396797425352029,Regular,Maintain standard replenishment review
21015,1483,589.55,11,134.8181818181818,210.654607441574,0.9410811688311689,142,DARK BIRD HOUSE TREE DECORATION,1.5625088886428282,Regular,Maintain standard replenishment review
21018,24,22.06,1,24.0,0.0,1.087142857142857,6,BIRD BOX CHRISTMAS TREE DECORATION,0.0,Long-Tail,Limit stock and avoid excessive local warehouse space
21025,174,233.52,12,14.5,16.18360562140251,1.7016230158730157,56,SPACE FROG,1.116110732510518,Regular,Maintain standard replenishment review
21026,255,315.75,10,25.5,23.401092092274478,1.6865646464646464,68,SPACE OWL,0.9176898859715482,Regular,Maintain standard replenishment review
21027,167,187.79000000000002,12,13.916666666666666,13.090304068510425,1.228373015873016,42,NINJA RABBIT PINK,0.9406206516294917,Regular,Maintain standard replenishment review
21028,187,239.24,12,15.583333333333334,13.344786747390659,1.645361111111111,58,NINJA RABBIT BLACK,0.8563499517042134,Regular,Maintain standard replenishment review
21030,131,159.7,10,13.1,9.279008567729637,1.3537833333333333,33,SPACE CADET RED,0.708321264712186,Regular,Maintain standard replenishment review
21031,52,64.24,8,6.5,5.18238775634773,1.4223333333333332,19,SPACE CADET BLACK,0.7972904240534968,Long-Tail,Limit stock and avoid excessive local warehouse space
21032,97,117.78,9,10.777777777777779,10.603982480391243,1.730888888888889,30,SPACE CADET WHITE,0.9838746631290843,Long-Tail,Limit stock and avoid excessive local warehouse space
21033,1931,4849.65,10,193.1,137.5996204775128,3.229388342105125,299,JUMBO BAG CHARLIE AND LOLA TOYS,0.712582187869046,High-Revenue Priority,Prioritize inventory monitoring and avoid stockouts
21034,1867,1773.65,13,143.6153846153846,75.90403860746197,0.95,869,REX CASH+CARRY JUMBO SHOPPER,0.5285230326175713,Regular,Maintain standard replenishment review
21035,2399,7986.85,13,184.53846153846155,87.35236629557265,4.533213762636344,392,SET/2 RED RETROSPOT TEA TOWELS,0.4733558823853457,High-Revenue Priority,Prioritize inventory monitoring and avoid stockouts
21038,75,80.85,4,18.75,23.879907872519105,1.33,22,SET/4 MODERN VINTAGE COTTON NAPKINS,1.2735950865343524,Long-Tail,Limit stock and avoid excessive local warehouse space
21039,517,1338.39,13,39.76923076923077,37.87293194827903,2.969975601321755,89,RED RETROSPOT SHOPPING BAG,0.9523174377710395,Regular,Maintain standard replenishment review
21040,22,29.699999999999996,3,7.333333333333333,6.6583281184793925,1.9633333333333332,8,MODERN VINTAGE COTTON SHOPPING BAG,0.9079538343380991,Long-Tail,Limit stock and avoid excessive local warehouse space
21041,914,3888.98,12,76.16666666666667,43.53647025683458,4.222920177970178,255,RED RETROSPOT OVEN GLOVE DOUBLE,0.571594795494546,High-Revenue Priority,Prioritize inventory monitoring and avoid stockouts
21042,332,2187.62,13,25.53846153846154,17.16399033157978,7.107285839160839,130,RED RETROSPOT APRON,0.672083958766678,Regular,Maintain standard replenishment review
21043,492,1139.86,7,70.28571428571429,73.87086544710819,3.673232323232323,90,APRON MODERN VINTAGE COTTON,1.051008248231214,Regular,Maintain standard replenishment review
21051,192,377.2,9,21.333333333333332,22.422087324778662,2.3014354727398207,51,RIBBONS PURSE,1.0510353433489998,Regular,Maintain standard replenishment review
21054,70,634.53,8,8.75,8.481071360893706,9.061527777777776,29,NURSE'S BAG SOFT TOY,0.9692652983878521,Long-Tail,Limit stock and avoid excessive local warehouse space
21055,172,1710.94,13,13.23076923076923,12.091001103808885,10.787028083028083,104,TOOL BOX SOFT TOY,0.9138547345902065,Regular,Maintain standard replenishment review
21056,182,1747.5,13,14.0,14.462595433277757,10.812700854700854,70,DOCTOR'S BAG SOFT TOY,1.0330425309484113,Regular,Maintain standard replenishment review
21058,1142,955.4599999999999,13,87.84615384615384,96.2408836841583,1.0073231074481073,121,PARTY INVITES WOODLAND,1.0955617231997006,Regular,Maintain standard replenishment review
21059,599,518.03,13,46.07692307692308,23.396800131861117,0.9413505212735982,93,PARTY INVITES DINOSAURS,0.5077769644644315,Regular,Maintain standard replenishment review
21060,405,359.28999999999996,13,31.153846153846153,12.608503439122304,0.9467350427350427,71,PARTY INVITES BALLOON GIRL,0.4047173943421974,Regular,Maintain standard replenishment review
21061,488,451.7,13,37.53846153846154,21.152680620571413,1.0297699522699522,83,PARTY INVITES FOOTBALL,0.5634935411217794,Regular,Maintain standard replenishment review
21062,538,457.38,13,41.38461538461539,21.58911169061255,0.8686923076923077,74,PARTY INVITES SPACEMAN,0.5216699850891509,Regular,Maintain standard replenishment review
21063,528,458.31,13,40.61538461538461,16.271337076479313,0.9251153846153846,102,PARTY INVITES JAZZ HEARTS,0.40062004165574067,Regular,Maintain standard replenishment review
21064,296,1281.2,13,22.76923076923077,31.898677731618296,5.619323565323565,101,BOOM BOX SPEAKER BOYS,1.4009554409156684,Regular,Maintain standard replenishment review
21065,562,1160.58,13,43.23076923076923,50.833312316094855,4.961349989042296,90,BOOM BOX SPEAKER GIRLS,1.1758595375609129,Regular,Maintain standard replenishment review
21066,702,693.47,13,54.0,130.41855696180662,1.4632393162393162,54,VINTAGE RED MUG,2.415158462255678,Regular,Maintain standard replenishment review
21067,294,479.77,10,29.4,20.849726883369748,1.7153264957264955,75,VINTAGE RED TEATIME MUG,0.7091743837880867,Regular,Maintain standard replenishment review
21068,1638,1890.33,13,126.0,185.39597262795832,1.6825629662778983,198,VINTAGE BILLBOARD LOVE/HATE MUG,1.4713966081583993,Regular,Maintain standard replenishment review
21069,1248,1507.46,9,138.66666666666666,211.2457100156119,1.5951499118165784,85,VINTAGE BILLBOARD TEA MUG,1.523406562612586,Regular,Maintain standard replenishment review
21070,1106,1184.98,13,85.07692307692308,158.81722279529464,1.7182190260719672,107,VINTAGE BILLBOARD MUG,1.8667485500351086,Regular,Maintain standard replenishment review
21071,985,1373.92,11,89.54545454545455,67.90340733183221,1.744820290222802,176,VINTAGE BILLBOARD DRINK ME MUG,0.7583121630966034,Regular,Maintain standard replenishment review
21078,2769,2531.04,11,251.72727272727272,168.46310629279688,1.2662738218303435,313,SET/20 STRAWBERRY PAPER NAPKINS,0.6692286634961234,High-Turnover Stable,Keep stable local warehouse inventory
21080,13190,11302.36,13,1014.6153846153846,387.73176691744385,1.0843893163782943,985,SET/20 RED RETROSPOT PAPER NAPKINS,0.3821465481369803,High-Revenue Priority,Prioritize inventory monitoring and avoid stockouts
21082,88,143.44,6,14.666666666666666,5.278888771954441,1.63,25,SET/20 FRUIT SALAD PAPER NAPKINS,0.3599242344514392,Long-Tail,Limit stock and avoid excessive local warehouse space
21084,2586,768.58,12,215.5,225.97324861785984,0.5284359567208203,180,SET/6 COLLAGE PAPER CUPS,1.048599761567795,High-Turnover Stable,Keep stable local warehouse inventory
21086,7121,4851.5,13,547.7692307692307,248.7475808412194,0.9404204026786155,428,SET/6 RED SPOTTY PAPER CUPS,0.454110174264268,High-Revenue Priority,Prioritize inventory monitoring and avoid stockouts
21087,141,74.57000000000001,3,47.0,24.24871130596428,0.5566666666666666,16,SET/6 POSIES PAPER CUPS,0.5159300277864741,Regular,Maintain standard replenishment review
21088,1678,428.28000000000003,12,139.83333333333334,160.7730378420763,0.5028037802840434,103,SET/6 FRUIT SALAD PAPER CUPS,1.14974758885871,Regular,Maintain standard replenishment review
21089,233,48.99,7,33.285714285714285,35.86880857474121,0.36257142857142854,25,SET/6 GREEN SPRING PAPER CUPS,1.0776036910866458,Regular,Maintain standard replenishment review
21090,2377,1260.15,13,182.84615384615384,209.50411537479246,0.7139387852400023,214,SET/6 COLLAGE PAPER PLATES,1.1457944887977711,High-Turnover Volatile,Monitor closely and replenish in smaller batches
21094,8758,6933.259999999999,13,673.6923076923077,325.37859605270717,0.9691749723590988,527,SET/6 RED SPOTTY PAPER PLATES,0.48297804849111586,High-Revenue Priority,Prioritize inventory monitoring and avoid stockouts
21095,125,118.73,7,17.857142857142858,14.276187299469136,0.9428571428571428,14,SET/6 POSIES PAPER PLATES,0.7994664887702716,Regular,Maintain standard replenishment review
21096,1259,581.09,11,114.45454545454545,144.0148350944191,0.6536224429165606,105,SET/6 FRUIT SALAD  PAPER PLATES,1.258270997647824,Regular,Maintain standard replenishment review
21098,3719,5078.76,9,413.22222222222223,534.1864790917535,1.8703225286818603,248,CHRISTMAS TOILET ROLL,1.2927341521446039,High-Revenue Priority,Prioritize inventory monitoring and avoid stockouts
21100,65,162.21,4,16.25,12.0381338531629,3.426388888888889,27,CHARLIE AND LOLA CHARLOTTE BAG,0.7408082371177169,Long-Tail,Limit stock and avoid excessive local warehouse space
21106,237,702.51,13,18.23076923076923,23.738695015220213,4.1770598290598295,53,CREAM SLICE FLANNEL CHOCOLATE SPOT,1.3021225113833872,Regular,Maintain standard replenishment review
21107,901,2492.71,13,69.3076923076923,77.91596393485378,3.8896529786003473,97,CREAM SLICE FLANNEL PINK SPOT,1.124203697173251,Regular,Maintain standard replenishment review
21108,7091,11464.86,13,545.4615384615385,1004.294911483061,3.048920414438343,259,FAIRY CAKE FLANNEL ASSORTED COLOUR,1.841183732799294,High-Revenue Priority,Prioritize inventory monitoring and avoid stockouts
21109,936,2763.2,13,72.0,110.93691901256317,7.0955225688656025,112,LARGE CAKE TOWEL CHOCOLATE SPOTS,1.5407905418411552,Regular,Maintain standard replenishment review
21110,1105,3815.7,11,100.45454545454545,164.34984857696926,7.46323306961238,134,LARGE CAKE TOWEL PINK SPOTS,1.636061841037703,High-Revenue Priority,Prioritize inventory monitoring and avoid stockouts
21111,900,1651.02,12,75.0,92.54090004867136,3.500109903381643,94,"SWISS ROLL TOWEL, CHOCOLATE  SPOTS",1.2338786673156181,Regular,Maintain standard replenishment review
21112,1359,2885.13,12,113.25,146.76705414301324,3.6110433791354843,82,"SWISS ROLL TOWEL, PINK  SPOTS",1.2959563279736268,Regular,Maintain standard replenishment review
21114,1331,1765.58,13,102.38461538461539,41.53419968639992,2.013825759710375,137,LAVENDER SCENTED FABRIC HEART,0.4056683665839211,Regular,Maintain standard replenishment review
21115,562,3162.24,13,43.23076923076923,52.36912870218141,7.6929604241911935,162,ROSE CARAVAN DOORSTOP,1.2113855393743032,High-Revenue Priority,Prioritize inventory monitoring and avoid stockouts
21116,695,4051.79,13,53.46153846153846,46.8661487369711,6.840465642487315,251,OWL DOORSTOP,0.8766329979577328,High-Revenue Priority,Prioritize inventory monitoring and avoid stockouts
21117,109,141.75,8,13.625,11.746580049407694,1.9375,14,BLOND DOLL DOORSTOP,0.8621343155528582,Regular,Maintain standard replenishment review
21120,1,16.98,1,1.0,0.0,16.98,1,*BOOMBOX IPOD CLASSIC,0.0,Long-Tail,Limit stock and avoid excessive local warehouse space
21121,6558,7938.85,13,504.46153846153845,305.37971319452316,1.370803563937957,377,SET/10 RED POLKADOT PARTY CANDLES,0.6053577724197623,High-Revenue Priority,Prioritize inventory monitoring and avoid stockouts
21122,5277,6428.54,13,405.9230769230769,192.01235270092283,1.3846286954633318,342,SET/10 PINK POLKADOT PARTY CANDLES,0.47302645160356205,High-Revenue Priority,Prioritize inventory monitoring and avoid stockouts
21123,1119,1350.8400000000001,13,86.07692307692308,47.1035411592758,1.269922560927205,153,SET/10 IVORY POLKADOT PARTY CANDLES,0.5472261260684409,Regular,Maintain standard replenishment review
21124,3963,4803.05,13,304.84615384615387,183.97184845959728,1.307936307011216,238,SET/10 BLUE POLKADOT PARTY CANDLES,0.6034907973693577,High-Revenue Priority,Prioritize inventory monitoring and avoid stockouts
21125,656,829.73,13,50.46153846153846,34.038251484213525,1.3192490842490843,102,SET 6 FOOTBALL CELEBRATION CANDLES,0.6745385202664266,Regular,Maintain standard replenishment review
21126,592,748.95,13,45.53846153846154,17.529096690053105,1.3686241194702733,126,SET OF 6 GIRLS CELEBRATION CANDLES,0.3849294881261662,Regular,Maintain standard replenishment review
21128,68,546.6,12,5.666666666666667,4.396968652757639,9.492305555555555,36,GOLD FISHING GNOME,0.7759356446042892,Long-Tail,Limit stock and avoid excessive local warehouse space
21129,52,419.52000000000004,10,5.2,4.1041983924323695,9.32685,27,SILVER FISHING GNOME,0.7892689216216094,Long-Tail,Limit stock and avoid excessive local warehouse space
21131,106,398.02,11,9.636363636363637,10.76357493839967,5.74369696969697,28,GOLD STANDING GNOME,1.1169747577584561,Regular,Maintain standard replenishment review
21132,44,217.35999999999999,11,4.0,2.32379000772445,5.017878787878788,22,SILVER STANDING GNOME,0.5809475019311126,Long-Tail,Limit stock and avoid excessive local warehouse space
21135,2577,3084.04,13,198.23076923076923,256.89010421000194,2.0184710224416107,175,VICTORIAN  METAL POSTCARD SPRING,1.2959143790182481,High-Turnover Volatile,Monitor closely and replenish in smaller batches
21136,4679,7779.62,13,359.9230769230769,159.65246711657875,1.8109289511301705,369,PAINTED METAL PEARS ASSORTED,0.4435738560623047,High-Revenue Priority,Prioritize inventory monitoring and avoid stockouts
21137,11639,40588.380000000005,13,895.3076923076923,683.4834044090347,4.081346149273488,372,BLACK RECORD COVER FRAME,0.7634061566558512,High-Revenue Priority,Prioritize inventory monitoring and avoid stockouts
21143,327,707.23,6,54.5,106.6466126982006,2.5249888888888887,36,ANTIQUE GLASS HEART DECORATION,1.9568185816183596,Regular,Maintain standard replenishment review
21144,5,16.8,1,5.0,0.0,3.36,2,PINK POODLE HANGING DECORATION,0.0,Long-Tail,Limit stock and avoid excessive local warehouse space
21145,122,152.5,5,24.4,11.696153213770756,1.25,8,ANTIQUE GLASS PLACE SETTING,0.47935054154798185,Regular,Maintain standard replenishment review
21147,203,415.77,10,20.3,27.536036993970892,2.213965579710145,76,JINGLE BELLS TREE DECORATION,1.3564550243335414,Regular,Maintain standard replenishment review
21154,3824,6096.01,13,294.15384615384613,98.38093154828172,1.9472748609050816,449,RED RETROSPOT OVEN GLOVE,0.3344540036944724,High-Revenue Priority,Prioritize inventory monitoring and avoid stockouts
21155,3128,9232.85,13,240.6153846153846,115.2515643144295,3.158869712596083,479,RED RETROSPOT PEG BAG,0.4789866803349052,High-Revenue Priority,Prioritize inventory monitoring and avoid stockouts
21156,3154,6059.9,13,242.6153846153846,136.6147493632724,2.361098410852163,356,RETROSPOT CHILDRENS APRON,0.5630918648454475,High-Revenue Priority,Prioritize inventory monitoring and avoid stockouts
21157,78,225.5,8,9.75,9.422617167523804,2.9309374999999998,34,RED RETROSPOT WASHBAG,0.966422273592185,Long-Tail,Limit stock and avoid excessive local warehouse space
21158,1445,772.51,13,111.15384615384616,124.74430257787738,1.3592753131881037,169,MOODY GIRL DOOR HANGER,1.1222670820155058,Regular,Maintain standard replenishment review
21159,1126,601.79,13,86.61538461538461,98.35949239188733,1.2733942902975162,124,MOODY BOY  DOOR HANGER,1.135589166158557,Regular,Maintain standard replenishment review
21160,1,3.36,1,1.0,0.0,3.36,1,KEEP OUT GIRLS DOOR HANGER,0.0,Long-Tail,Limit stock and avoid excessive local warehouse space
21161,143,229.92,7,20.428571428571427,16.651898218693095,1.73025,43,KEEP OUT BOYS DOOR HANGER,0.8151278848311305,Regular,Maintain standard replenishment review
21162,1462,792.98,13,112.46153846153847,125.14965400445939,1.3135942879175961,162,TOXIC AREA  DOOR HANGER,1.1128218208330862,Regular,Maintain standard replenishment review
21163,1196,680.55,11,108.72727272727273,123.64715193573275,1.3915914085914087,127,DO NOT TOUCH MY STUFF DOOR HANGER,1.1372229693085787,Regular,Maintain standard replenishment review
21164,1760,5138.280000000001,13,135.3846153846154,82.089928799192,3.2860215602258047,281,HOME SWEET HOME METAL SIGN,0.6063460649940318,High-Revenue Priority,Prioritize inventory monitoring and avoid stockouts
21165,4142,6915.42,13,318.61538461538464,144.62280736542354,2.1590673087529932,448,BEWARE OF THE CAT METAL SIGN,0.4539103080035021,High-Revenue Priority,Prioritize inventory monitoring and avoid stockouts
21166,10264,20768.36,13,789.5384615384615,509.21501931643365,2.5828442172703068,721,COOK WITH WINE METAL SIGN,0.6449527719323497,High-Revenue Priority,Prioritize inventory monitoring and avoid stockouts
21167,1432,337.14,13,110.15384615384616,69.57471541904448,0.3447307692307692,67,WHITE SAGE INCENSE,0.6316140366254037,Regular,Maintain standard replenishment review
21169,4401,7281.49,13,338.53846153846155,188.96278971648334,2.2712046640998738,449,YOU'RE CONFUSING ME METAL SIGN,0.5581722940954973,High-Revenue Priority,Prioritize inventory monitoring and avoid stockouts
21171,438,613.14,9,48.666666666666664,68.99818838201479,1.8171819266427107,73,BATHROOM METAL SIGN,1.4177709941509888,Regular,Maintain standard replenishment review
21172,3473,5321.23,12,289.4166666666667,177.28685452643913,2.1740180619745852,466,PARTY METAL SIGN,0.6125661544247825,High-Revenue Priority,Prioritize inventory monitoring and avoid stockouts
21174,4175,9405.76,13,321.15384615384613,162.04003936982474,2.676324896642229,538,POTTERING IN THE SHED METAL SIGN,0.5045558112114303,High-Revenue Priority,Prioritize inventory monitoring and avoid stockouts
21175,10183,23268.77,13,783.3076923076923,627.5469948690941,2.768198170787236,806,GIN + TONIC DIET METAL SIGN,0.8011500474612809,High-Revenue Priority,Prioritize inventory monitoring and avoid stockouts
21179,1940,1313.79,10,194.0,231.26463917627643,1.3602195709837388,266,NO JUNK MAIL METAL SIGN,1.1920857689498785,High-Turnover Volatile,Monitor closely and replenish in smaller batches
21181,12202,25086.28,12,1016.8333333333334,702.3600259557816,2.4155983470498623,842,PLEASE ONE PERSON METAL SIGN,0.6907326923020307,High-Revenue Priority,Prioritize inventory monitoring and avoid stockouts
21186,2,6.72,1,2.0,0.0,3.36,1,WHITE DOVE HONEYCOMB PAPER GARLAND,0.0,Long-Tail,Limit stock and avoid excessive local warehouse space
21187,369,648.4499999999999,8,46.125,50.80336743619603,2.2343092105263156,48,WHITE BELL HONEYCOMB PAPER GARLAND,1.1014280202969329,Regular,Maintain standard replenishment review
21188,326,1021.9,9,36.22222222222222,21.182408844237816,3.7732698412698418,50,3D HEARTS  HONEYCOMB PAPER GARLAND,0.5847904282151545,Regular,Maintain standard replenishment review
21189,355,888.6700000000001,13,27.307692307692307,29.923192274512356,2.38926222796811,72,WHITE HONEYCOMB PAPER GARLAND,1.0957788720243962,Regular,Maintain standard replenishment review
21190,118,172.70000000000002,3,39.333333333333336,62.93912402737532,1.6277777777777775,6,PINK HEARTS PAPER GARLAND,1.6001472210349656,Regular,Maintain standard replenishment review
21191,562,1451.82,13,43.23076923076923,47.473069288727345,2.9808176638176636,95,LARGE WHITE HONEYCOMB PAPER BELL,1.0981314960025899,Regular,Maintain standard replenishment review
21192,1092,1923.29,12,91.0,120.55704044144414,2.454523656898657,88,WHITE BELL HONEYCOMB PAPER,1.3248026422136718,Regular,Maintain standard replenishment review
21194,498,555.97,13,38.30769230769231,30.578817873882937,1.8731593406593408,65,PINK  HONEYCOMB PAPER FAN,0.7982422336555787,Regular,Maintain standard replenishment review
21195,693,1308.56,6,115.5,111.06169456657862,3.1654484126984124,80,PINK  HONEYCOMB PAPER BALL,0.9615731131305508,Regular,Maintain standard replenishment review
21196,108,189.68,9,12.0,11.07925990308017,1.9051111111111112,13,ROUND WHITE CONFETTI IN TUBE,0.9232716585900141,Regular,Maintain standard replenishment review
21197,284,382.96,12,23.666666666666668,25.83631458848478,1.8251388888888889,27,MULTICOLOUR  CONFETTI IN TUBE,1.0916752643021737,Regular,Maintain standard replenishment review
21198,956,947.06,13,73.53846153846153,92.2068466227024,1.6207331394096098,69,WHITE HEART CONFETTI IN TUBE,1.253858792986539,Regular,Maintain standard replenishment review
21199,918,868.17,12,76.5,113.33658640607551,1.7474728535353536,77,PINK  HEART CONFETTI IN TUBE,1.4815240053081766,Regular,Maintain standard replenishment review
21200,1119,1531.1399999999999,13,86.07692307692308,102.81412154827561,2.2422390942390944,75,MULTICOLOUR HONEYCOMB PAPER GARLAND,1.1944446649933715,Regular,Maintain standard replenishment review
21201,1240,2987.82,13,95.38461538461539,73.32864204108613,3.164726107226107,101,TROPICAL  HONEYCOMB PAPER GARLAND,0.7687680213984835,Regular,Maintain standard replenishment review
21202,474,485.46000000000004,10,47.4,68.15537803838781,1.8393333333333335,25,DOLLY HONEYCOMB GARLAND,1.43787717380565,Regular,Maintain standard replenishment review
21204,499,868.4399999999999,13,38.38461538461539,28.634298959867635,2.154080586080586,85,DAISIES  HONEYCOMB GARLAND,0.7459837404374333,Regular,Maintain standard replenishment review
21205,241,646.59,13,18.53846153846154,12.926815698483681,2.8645828031617504,67,MULTICOLOUR 3D BALLS GARLAND,0.6972971123663396,Regular,Maintain standard replenishment review
21206,1290,1610.9199999999998,12,107.5,100.60498812863922,1.9281757703081233,109,STRAWBERRY HONEYCOMB  GARLAND,0.935860354685016,Regular,Maintain standard replenishment review
21207,1067,1684.85,13,82.07692307692308,62.54126842661777,1.6828370681605977,132,SKULL AND CROSSBONES  GARLAND,0.7619835890778172,Regular,Maintain standard replenishment review
21208,940,697.77,13,72.3076923076923,56.30332230485251,1.3773423243423244,83,PASTEL COLOUR HONEYCOMB FAN,0.7786629680458326,Regular,Maintain standard replenishment review
21209,1224,886.24,13,94.15384615384616,85.13797248569148,1.4024200244200244,89,MULTICOLOUR HONEYCOMB FAN,0.9042431718251546,Regular,Maintain standard replenishment review
21210,5687,8212.14,13,437.46153846153845,260.7503964153635,1.9841630411594942,449,SET OF 72 RETROSPOT PAPER  DOILIES,0.5960533063829305,High-Revenue Priority,Prioritize inventory monitoring and avoid stockouts
21211,883,1270.07,12,73.58333333333333,63.74018046774426,1.7590922619047618,103,SET OF 72 SKULL PAPER  DOILIES,0.8662312181346898,Regular,Maintain standard replenishment review
21212,36228,21154.05,13,2786.769230769231,976.2084949645878,0.7844268354472532,1315,PACK OF 72 RETROSPOT CAKE CASES,0.3503011602776758,High-Revenue Priority,Prioritize inventory monitoring and avoid stockouts
21213,15121,8388.19,13,1163.1538461538462,603.2525516113803,0.7972207794955514,662,PACK OF 72 SKULL CAKE CASES,0.5186352206168867,High-Revenue Priority,Prioritize inventory monitoring and avoid stockouts
21215,1087,744.35,13,83.61538461538461,52.197602852906414,0.8969243021935329,124,IVORY PAPER CUP CAKE CASES,0.6242583597863692,Regular,Maintain standard replenishment review
21216,2124,11363.01,13,163.3846153846154,62.51205012040807,7.402589354212633,429,"SET 3 RETROSPOT TEA,COFFEE,SUGAR",0.3826067097765089,High-Revenue Priority,Prioritize inventory monitoring and avoid stockouts
21217,1085,11492.59,13,83.46153846153847,54.478765564538044,12.710141190806553,341,RED RETROSPOT ROUND CAKE TINS,0.6527409698976908,High-Revenue Priority,Prioritize inventory monitoring and avoid stockouts
21218,2409,10038.49,13,185.30769230769232,96.65952670360072,5.935615772996122,393,RED SPOTTY BISCUIT TIN,0.5216163749052758,High-Revenue Priority,Prioritize inventory monitoring and avoid stockouts
21219,448,561.84,13,34.46153846153846,26.906056891263304,1.6001866133866132,89,SET/4 BADGES BALLOON GIRL,0.7807561151482656,Regular,Maintain standard replenishment review
21220,338,445.01,13,26.0,20.46948949045872,1.5951892551892553,89,SET/4 BADGES DOGS,0.7872880573253354,Regular,Maintain standard replenishment review
21221,261,340.21999999999997,13,20.076923076923077,14.585732403399897,1.6127777777777779,54,SET/4 BADGES CUTE CREATURES,0.7264924185601481,Regular,Maintain standard replenishment review
21222,265,348.19,13,20.384615384615383,12.107425142851126,1.621897146712936,73,SET/4 BADGES BEETLES,0.5939491579511873,Regular,Maintain standard replenishment review
21224,908,1072.5,13,69.84615384615384,26.763925203670933,1.1058001269985076,164,SET/4 SKULL BADGES,0.38318395115387904,Regular,Maintain standard replenishment review
21226,93,80.55000000000001,5,18.6,21.984085152673515,1.082,20,POCKET MIRROR WOODLAND,1.1819400619716942,Long-Tail,Limit stock and avoid excessive local warehouse space
21228,5,6.25,2,2.5,2.1213203435596424,1.25,2,"POCKET MIRROR ""GLAMOROUS""",0.8485281374238569,Long-Tail,Limit stock and avoid excessive local warehouse space
21231,5982,7527.28,13,460.15384615384613,191.7284738694482,1.5782348956729715,504,SWEETHEART CERAMIC TRINKET BOX,0.41666167841906165,High-Revenue Priority,Prioritize inventory monitoring and avoid stockouts
21232,11758,16143.8,13,904.4615384615385,342.5649854126502,1.688686180094585,826,STRAWBERRY CERAMIC TRINKET BOX,0.3787501964929794,High-Revenue Priority,Prioritize inventory monitoring and avoid stockouts
21238,3949,3471.44,13,303.7692307692308,147.57775004279034,1.0811857088839363,386,RED RETROSPOT CUP,0.48582191708186234,High-Revenue Priority,Prioritize inventory monitoring and avoid stockouts
21239,2996,2690.34,13,230.46153846153845,120.98320502216784,1.1321314456841753,306,PINK  POLKADOT CUP,0.5249605024326375,High-Turnover Stable,Keep stable local warehouse inventory
21240,3550,3093.2599999999998,13,273.0769230769231,200.70021654965126,1.1220935694430678,324,BLUE POLKADOT CUP,0.7349585394775962,High-Turnover Stable,Keep stable local warehouse inventory
21242,3351,5662.53,13,257.7692307692308,121.4290971761943,2.1000737038869355,302,RED RETROSPOT PLATE,0.471076772095054,High-Revenue Priority,Prioritize inventory monitoring and avoid stockouts
21243,2277,3813.64,13,175.15384615384616,98.64316681339037,2.156685951052467,209,PINK  POLKADOT PLATE,0.5631801355178194,High-Revenue Priority,Prioritize inventory monitoring and avoid stockouts
21244,2277,3780.87,13,175.15384615384616,143.09312011987518,2.3023477179722716,195,BLUE POLKADOT PLATE,0.816956768361167,High-Revenue Priority,Prioritize inventory monitoring and avoid stockouts
21245,1075,1787.2,13,82.6923076923077,52.05027155770438,1.999596130365361,128,GREEN POLKADOT PLATE,0.6294451444187505,Regular,Maintain standard replenishment review
21246,286,1336.78,10,28.6,19.224983745116667,4.708258608058609,96,RED RETROSPOT BIG BOWL,0.6722022288502331,Regular,Maintain standard replenishment review
21248,205,330.71999999999997,13,15.76923076923077,14.04251785444148,1.8377100122100123,66,DOOR HANGER  MUM + DADS ROOM,0.8905011322328743,Regular,Maintain standard replenishment review
21249,724,2160.0,13,55.69230769230769,42.085992553708046,3.833776181083874,119,WOODLAND  HEIGHT CHART STICKERS,0.7556877115997301,Regular,Maintain standard replenishment review
21250,95,274.37,10,9.5,11.247221879201993,3.407,20,SET OF SKULL WALL STICKERS,1.183918092547578,Long-Tail,Limit stock and avoid excessive local warehouse space
21251,182,568.98,12,15.166666666666666,11.101460455382627,3.297511904761905,46,DINOSAUR HEIGHT CHART STICKER SET,0.7319644256296238,Regular,Maintain standard replenishment review
21253,134,590.42,13,10.307692307692308,6.329621044272916,5.06062271062271,62,SET OF PICTURE FRAME  STICKERS,0.6140677132503575,Regular,Maintain standard replenishment review
21257,686,6885.5199999999995,13,52.76923076923077,33.58361169319009,11.076476146534022,259,VICTORIAN SEWING BOX MEDIUM,0.6364241282966053,High-Revenue Priority,Prioritize inventory monitoring and avoid stockouts
21258,531,7662.05,8,66.375,88.11994666362435,16.127873134218724,162,VICTORIAN SEWING BOX LARGE,1.327607482691139,High-Revenue Priority,Prioritize inventory monitoring and avoid stockouts
21259,1176,7059.35,13,90.46153846153847,65.08534830591724,7.015852143023636,283,VICTORIAN SEWING BOX SMALL,0.7194808911368401,High-Revenue Priority,Prioritize inventory monitoring and avoid stockouts
21260,1121,3592.23,13,86.23076923076923,51.20734622778559,3.571188811188811,165,FIRST AID TIN,0.5938407680296278,High-Revenue Priority,Prioritize inventory monitoring and avoid stockouts
21261,187,672.09,9,20.77777777777778,27.284509239574835,4.914222582972583,45,GREEN GOOSE FEATHER CHRISTMAS TREE,1.313158198696115,Regular,Maintain standard replenishment review
21262,332,1233.21,12,27.666666666666668,26.667424231663528,4.885134259259259,78,WHITE GOOSE FEATHER CHRISTMAS TREE,0.9638828035541034,Regular,Maintain standard replenishment review
21263,165,345.27,7,23.571428571428573,17.80315648845398,2.744285714285714,41,GREEN GOOSE FEATHER TREE 60CM,0.755285426782896,Regular,Maintain standard replenishment review
21264,281,567.75,10,28.1,38.237416230702614,2.742,47,WHITE GOOSE FEATHER TREE 60CM,1.3607621434413741,Regular,Maintain standard replenishment review
21265,131,267.21,9,14.555555555555555,12.25878369895553,2.816666666666667,19,PINK GOOSE FEATHER TREE 60CM,0.8422065136687005,Regular,Maintain standard replenishment review
21268,2,0.84,1,2.0,0.0,0.42,1,VINTAGE BLUE TINSEL REEL,0.0,Long-Tail,Limit stock and avoid excessive local warehouse space
21269,29,254.98000000000002,10,2.9,1.4491376746189437,9.348,19,ANTIQUE CREAM CUTLERY SHELF,0.4997026464203254,Long-Tail,Limit stock and avoid excessive local warehouse space
21270,50,530.19,10,5.0,9.614803401237303,12.618073684210525,36,ANTIQUE CREAM CUTLERY CUPBOARD,1.9229606802474606,Long-Tail,Limit stock and avoid excessive local warehouse space
21272,548,777.5699999999999,9,60.888888888888886,59.22508852767644,1.7460176366843032,103,SALLE DE BAIN HOOK,0.972674811585927,Regular,Maintain standard replenishment review
21275,12,253.13,6,2.0,2.449489742783178,20.699444444444442,11,ZINC TOP  2 DOOR WOODEN SHELF,1.224744871391589,Long-Tail,Limit stock and avoid excessive local warehouse space
21277,24,527.53,10,2.4,1.5055453054181622,22.04325,20,FRENCH STYLE EMBOSSED HEART CABINET,0.6273105439242342,Long-Tail,Limit stock and avoid excessive local warehouse space
21278,31,79.05,4,7.75,2.8722813232690143,2.55,7,VINTAGE KITCHEN PRINT PUDDINGS,0.37061694493793734,Long-Tail,Limit stock and avoid excessive local warehouse space
21279,85,266.15,9,9.444444444444445,5.547772325697746,3.4732222222222218,29,VINTAGE KITCHEN PRINT FRUITS,0.5874111874268202,Long-Tail,Limit stock and avoid excessive local warehouse space
21280,65,165.75,8,8.125,4.911720676097125,2.55,12,VINTAGE KITCHEN PRINT VEGETABLES,0.6045194678273385,Long-Tail,Limit stock and avoid excessive local warehouse space
21281,43,129.63,4,10.75,12.230426539304887,3.2388888888888885,14,VINTAGE KITCHEN PRINT SEAFOOD,1.1377140966795243,Long-Tail,Limit stock and avoid excessive local warehouse space
21284,403,374.49,13,31.0,52.67194066420311,2.3131410256410256,42,RETROSPOT CANDLE  SMALL,1.6990948601355842,Regular,Maintain standard replenishment review
21285,365,413.88,10,36.5,68.46450824251123,2.948,43,RETROSPOT CANDLE  MEDIUM,1.8757399518496227,Regular,Maintain standard replenishment review
21286,273,362.12,8,34.125,53.0267789490771,3.2384375,30,RETROSPOT CANDLE  LARGE,1.5538982842220395,Regular,Maintain standard replenishment review
21287,1790,760.15,11,162.72727272727272,165.0467151500392,0.6204090909090909,55,SCENTED VELVET LOUNGE CANDLE,1.0142535567879505,Regular,Maintain standard replenishment review
21288,331,1000.21,13,25.46153846153846,19.05087655295413,3.4165974837128683,109,STRIPEY CHOCOLATE NESTING BOXES,0.7482217377293163,Regular,Maintain standard replenishment review
21289,567,708.75,12,47.25,58.44364029480959,1.25,49,LARGE STRIPES CHOCOLATE GIFT BAG,1.2369024401017903,Regular,Maintain standard replenishment review
21291,943,819.64,12,78.58333333333333,76.6176556122357,1.0246250000000001,52,SMALL POLKADOT CHOCOLATE GIFT BAG,0.9749860735385243,Regular,Maintain standard replenishment review
21292,867,594.51,9,96.33333333333333,116.91556782567496,0.8207142857142857,28,SMALL STRIPES CHOCOLATE GIFT BAG,1.213656413415311,Regular,Maintain standard replenishment review
21293,116,276.72,10,11.6,10.71032731111011,2.9267666666666665,24,MIRRORED DOVE WALL DECORATION,0.923304078543975,Regular,Maintain standard replenishment review
21294,1618,825.49,11,147.0909090909091,173.1343146493234,1.0014291617473436,71,ETCHED GLASS COASTER,1.1770565272821738,Regular,Maintain standard replenishment review
21306,493,190.64,10,49.3,48.69188844150532,1.4031904761904763,43,SET/4 DAISY MIRROR MAGNETS,0.987665079949398,Regular,Maintain standard replenishment review
21307,79,39.2,6,13.166666666666666,27.852588150235995,1.7983333333333336,13,SET/4 BUTTERFLY MIRROR MAGNETS,2.1153864417900756,Long-Tail,Limit stock and avoid excessive local warehouse space
21310,1,29.95,1,1.0,0.0,29.95,1,CAPIZ CHANDELIER,0.0,Long-Tail,Limit stock and avoid excessive local warehouse space
21311,459,181.32999999999998,11,41.72727272727273,68.85505197019447,1.3534415584415584,51,SET/4 BIRD MIRROR MAGNETS,1.650121071181131,Regular,Maintain standard replenishment review
21313,3320,2893.13,13,255.3846153846154,94.42681333669519,1.1547562870328052,213,GLASS HEART T-LIGHT HOLDER,0.36974354619790284,High-Turnover Stable,Keep stable local warehouse inventory
21314,4236,9780.480000000001,13,325.84615384615387,101.72007844557709,2.83940029541743,540,SMALL GLASS HEART TRINKET POT,0.31217210098973136,High-Revenue Priority,Prioritize inventory monitoring and avoid stockouts
21316,159,214.73,5,31.8,55.648000862564686,3.97,15,SMALL CHUNKY GLASS ROMAN  BOWL,1.7499371340429146,Regular,Maintain standard replenishment review
21317,111,684.08,10,11.1,8.974655672751153,7.0393,34,GLASS SPHERE CANDLE STAND MEDIUM,0.8085275380856894,Regular,Maintain standard replenishment review
21318,694,421.78,6,115.66666666666667,215.79774481367193,1.8304945939728547,49,GLASS CHALICE BLUE SMALL,1.8656865545850598,Regular,Maintain standard replenishment review
21319,161,175.78,5,32.2,31.89357302028106,2.1113333333333335,19,GLASS CHALICE GREEN  SMALL,0.9904836341702192,Regular,Maintain standard replenishment review
21320,197,364.22,4,49.25,51.87404617596999,3.3762202380952377,19,GLASS CHALICE GREEN  LARGE,1.0532801254004058,Regular,Maintain standard replenishment review
21324,81,259.67,6,13.5,10.445094542415593,3.293571428571429,28,HANGING MEDINA LANTERN SMALL,0.7737107068455994,Long-Tail,Limit stock and avoid excessive local warehouse space
21326,10535,6859.27,13,810.3846153846154,424.0126842563279,0.8186890562347879,340,AGED GLASS SILVER T-LIGHT HOLDER,0.5232240052522319,High-Revenue Priority,Prioritize inventory monitoring and avoid stockouts
21327,864,1484.1299999999999,13,66.46153846153847,45.717639528988855,2.031458229364883,252,SKULLS WRITING SET,0.6878811503204341,Regular,Maintain standard replenishment review
21328,1337,2410.43,13,102.84615384615384,80.3272952300422,2.3402270148905653,346,BALLOONS  WRITING SET,0.7810432595292062,Regular,Maintain standard replenishment review
21329,941,1723.69,13,72.38461538461539,56.182052978892436,2.205690054758728,287,DINOSAURS  WRITING SET,0.7761601367966011,Regular,Maintain standard replenishment review
21331,12,165.74,6,2.0,1.2649110640673518,13.811666666666667,8,MOROCCAN BEATEN METAL DISH LARGE,0.6324555320336759,Long-Tail,Limit stock and avoid excessive local warehouse space
21332,19,268.1,7,2.7142857142857144,1.3801311186847083,13.433571428571428,13,MOROCCAN BEATEN METAL MIRROR,0.5084693595154188,Long-Tail,Limit stock and avoid excessive local warehouse space
21333,56,168.16000000000003,5,11.2,9.731392500562292,3.0345714285714287,16,CLASSIC WHITE FRAME,0.8688743304073475,Long-Tail,Limit stock and avoid excessive local warehouse space
21336,27,54.57000000000001,4,6.75,5.377421934967226,2.125,10,GOLD WASHBAG,0.7966551014766261,Long-Tail,Limit stock and avoid excessive local warehouse space
21340,956,11105.369999999999,13,73.53846153846153,32.29967849327963,13.597075244384408,286,CLASSIC METAL BIRDCAGE PLANT HOLDER,0.4392215694692837,High-Revenue Priority,Prioritize inventory monitoring and avoid stockouts
21344,15,160.09,5,3.0,1.5811388300841898,12.117999999999999,6,MOROCCAN BEATEN METAL DISH,0.5270462766947299,Long-Tail,Limit stock and avoid excessive local warehouse space
21348,140,361.55999999999995,2,70.0,62.22539674441618,3.3099999999999996,6,PINK SPOTS CHOCOLATE NESTING BOXES,0.8889342392059454,Regular,Maintain standard replenishment review
21349,14,128.6,3,4.666666666666667,3.5118845842842465,8.113999999999999,10,IVY HEART WREATH,0.7525466966323385,Long-Tail,Limit stock and avoid excessive local warehouse space
21351,104,672.88,7,14.857142857142858,11.852265204432042,6.566571428571429,34,CINAMMON & ORANGE WREATH,0.7977486195290797,Regular,Maintain standard replenishment review
21352,372,1470.76,10,37.2,49.122974937056355,5.401441558441559,76,EUCALYPTUS & PINECONE  WREATH,1.3205100789531277,Regular,Maintain standard replenishment review
21354,799,1007.7099999999999,12,66.58333333333333,61.66103577895309,1.4964696886446884,95,TOAST ITS - BEST MUM,0.9260731280944144,Regular,Maintain standard replenishment review
21355,789,992.58,12,65.75,127.2885947900925,1.2881356470887362,120,TOAST ITS - I LOVE YOU,1.9359482097352472,Regular,Maintain standard replenishment review
21356,642,703.3,13,49.38461538461539,45.10457933428796,1.3666998855870094,151,TOAST ITS - FAIRY FLOWER,0.9133326033422796,Regular,Maintain standard replenishment review
21357,19,23.75,3,6.333333333333333,5.507570547286102,1.25,10,TOAST ITS - DINOSAUR,0.8696164022030688,Long-Tail,Limit stock and avoid excessive local warehouse space
21358,411,493.29,13,31.615384615384617,18.88358397099829,1.2977578042872162,108,TOAST ITS - HAPPY BIRTHDAY,0.5972909771848608,Regular,Maintain standard replenishment review
21359,128,828.33,7,18.285714285714285,25.58459357839066,16.850714285714286,28,RELAX LARGE WOOD LETTERS,1.3991574613182394,Regular,Maintain standard replenishment review
21360,39,236.17,7,5.571428571428571,5.31843156256751,8.475142857142858,16,JOY LARGE WOOD LETTERS,0.9545902804608353,Long-Tail,Limit stock and avoid excessive local warehouse space
21361,104,1480.46,8,13.0,11.686377906410035,14.286170455361631,68,LOVE LARGE WOOD LETTERS,0.8989521466469258,Regular,Maintain standard replenishment review
21363,233,1354.44,10,23.3,18.625251676151922,6.187740512820513,122,HOME SMALL WOOD LETTERS,0.7993670247275503,Regular,Maintain standard replenishment review
21364,29,216.21,10,2.9,2.4244128727957572,7.022799999999999,23,PEACE SMALL WOOD LETTERS,0.8360044388950887,Long-Tail,Limit stock and avoid excessive local warehouse space
21365,363,447.09000000000003,11,33.0,24.987997118616768,2.404666666666667,52,MIRRORED WALL ART STARS,0.7572120338974778,Regular,Maintain standard replenishment review
21366,89,470.17,12,7.416666666666667,6.09706834669273,6.578277777777777,46,MIRRORED WALL ART PHOTO FRAMES,0.82207663101475,Long-Tail,Limit stock and avoid excessive local warehouse space
21367,171,199.49,11,15.545454545454545,14.767285711082023,2.2625310245310244,43,MIRRORED WALL ART GENTS,0.9499423556836389,Regular,Maintain standard replenishment review
21368,163,143.28,10,16.3,15.36265312734461,1.5302,33,MIRRORED WALL ART LADIES,0.9424940568923073,Regular,Maintain standard replenishment review
21369,101,161.49,11,9.181818181818182,9.206716915580513,2.686818181818182,16,MIRRORED WALL ART SPLODGES,1.002711743281046,Regular,Maintain standard replenishment review
21370,16,100.66000000000001,3,5.333333333333333,2.886751345948129,5.9191666666666665,9,MIRRORED WALL ART FOXY,0.5412658773652742,Long-Tail,Limit stock and avoid excessive local warehouse space
21371,287,319.71,12,23.916666666666668,24.44086865489974,2.093611111111111,38,MIRRORED WALL ART POPPIES,1.0219178531665396,Regular,Maintain standard replenishment review
21372,75,107.75,9,8.333333333333334,4.55521678957215,2.371111111111111,33,MIRRORED WALL ART TABLE LAMP,0.5466260147486579,Long-Tail,Limit stock and avoid excessive local warehouse space
21373,500,380.03999999999996,7,71.42857142857143,22.381965529246553,0.894,46,MIRRORED WALL ART SNOWFLAKES,0.3133475174094517,Regular,Maintain standard replenishment review
21374,304,463.79,11,27.636363636363637,22.83537924919456,2.607119047619048,46,MIRRORED WALL ART SKULLS,0.8262801702011189,Regular,Maintain standard replenishment review
21375,41,312.77,13,3.1538461538461537,1.8187062180825981,8.110897435897435,27,LARGE CAMPHOR WOOD FIELD MUSHROOM,0.5766629471969213,Long-Tail,Limit stock and avoid excessive local warehouse space
21376,33,192.81,11,3.0,1.61245154965971,6.281818181818181,17,LARGE  TALL CAMPHOR WOOD TOADSTOOL,0.53748384988657,Long-Tail,Limit stock and avoid excessive local warehouse space
21377,121,215.67999999999998,13,9.307692307692308,5.691874550395142,2.4699743589743592,41,SMALL CAMPHOR WOOD FIELD  MUSHROOM,0.6115237120259244,Regular,Maintain standard replenishment review
21378,142,217.89,12,11.833333333333334,9.494815172056544,2.130706349206349,34,SMALL TALL CAMPHOR WOOD TOADSTOOL,0.8023787469343558,Regular,Maintain standard replenishment review
21379,178,246.82999999999998,13,13.692307692307692,10.92691337466514,1.9345054945054942,50,CAMPHOR WOOD PORTOBELLO MUSHROOM,0.7980329992732969,Regular,Maintain standard replenishment review
21380,2165,6307.51,13,166.53846153846155,116.72304498585201,3.4415996648512777,290,WOODEN HAPPY BIRTHDAY GARLAND,0.7008774063815594,High-Revenue Priority,Prioritize inventory monitoring and avoid stockouts
21381,1786,3088.9900000000002,13,137.3846153846154,159.5538250150183,2.4178678785954326,222,MINI WOODEN HAPPY BIRTHDAY GARLAND,1.161366027544926,Regular,Maintain standard replenishment review
21382,1143,1376.5300000000002,13,87.92307692307692,89.11085001134032,2.0704114774114775,128,SET/4 SPRING FLOWER DECORATION,1.013509230225218,Regular,Maintain standard replenishment review
21383,991,751.28,13,76.23076923076923,90.49876043916646,1.0519955402205368,167,PACK OF 12 STICKY BUNNIES,1.1871684013210535,Regular,Maintain standard replenishment review
21385,3883,3442.45,13,298.6923076923077,166.5274675118115,1.1014622544122543,317,IVORY HANGING DECORATION  HEART,0.5575217815229332,High-Revenue Priority,Prioritize inventory monitoring and avoid stockouts
21386,709,285.64,12,59.083333333333336,34.121329861468645,0.5489772727272727,51,IVORY HANGING DECORATION  EGG,0.5775119299543353,Regular,Maintain standard replenishment review
21389,1113,964.23,13,85.61538461538461,90.94644803540385,0.9470196861961567,128,IVORY HANGING DECORATION  BIRD,1.0622675871161276,Regular,Maintain standard replenishment review
21390,3900,4844.38,13,300.0,163.53949573930655,1.4596014891970772,212,FILIGRIS HEART WITH BUTTERFLY,0.5451316524643551,High-Revenue Priority,Prioritize inventory monitoring and avoid stockouts
21391,1066,1049.29,12,88.83333333333333,144.30512706404335,1.9923899531715623,105,FRENCH LAVENDER SCENT HEART,1.6244479594451409,Regular,Maintain standard replenishment review
21392,34,46.39,3,11.333333333333334,8.144527815247077,2.2066666666666666,7,RED POLKADOT PUDDING BOWL,0.7186348072276832,Long-Tail,Limit stock and avoid excessive local warehouse space
21393,29,38.67,2,14.5,2.1213203435596424,1.245,7,BLUE POLKADOT PUDDING BOWL,0.1462979547282512,Long-Tail,Limit stock and avoid excessive local warehouse space
21394,3847,1596.75,11,349.72727272727275,280.17319318917396,0.9960690943043885,129,RED POLKADOT BEAKER,0.8011190863220466,High-Turnover Stable,Keep stable local warehouse inventory
21395,2832,1136.7199999999998,8,354.0,230.90628896960402,0.5081226076555024,89,BLUE POLKADOT BEAKER,0.6522776524565085,High-Turnover Stable,Keep stable local warehouse inventory
21397,1075,550.4300000000001,6,179.16666666666666,293.18623205509954,1.639171717171717,65,BLUE POLKADOT EGG CUP,1.6363882719354395,Regular,Maintain standard replenishment review
21398,1532,729.5999999999999,5,306.4,400.7010107299456,2.103614774114774,63,RED POLKADOT COFFEE  MUG,1.3077709227478644,Regular,Maintain standard replenishment review
21399,1958,832.17,7,279.7142857142857,363.63200917306233,1.6519272807937404,69,BLUE POLKADOT COFFEE MUG,1.3000122901999163,High-Turnover Volatile,Monitor closely and replenish in smaller batches
21400,881,128.63,13,67.76923076923077,52.181021208471705,0.2983732933732934,72,RED PUDDING SPOON,0.7699810166970853,Regular,Maintain standard replenishment review
21401,1052,151.19,13,80.92307692307692,65.6981247049228,0.31502197802197796,82,BLUE PUDDING SPOON,0.8118589554790842,Regular,Maintain standard replenishment review
21402,1369,185.52,13,105.3076923076923,86.2229519089751,0.35521153846153847,92,RED  EGG  SPOON,0.8187716397492157,Regular,Maintain standard replenishment review
21403,1857,322.18,13,142.84615384615384,90.8018411651127,0.32519787151008867,106,BLUE EGG  SPOON,0.6356617852161902,Regular,Maintain standard replenishment review
21407,289,1416.86,12,24.083333333333332,14.260296652105826,5.480570697844354,137,BROWN CHECK CAT DOORSTOP,0.5921230443780966,Regular,Maintain standard replenishment review
21408,285,1282.81,13,21.923076923076923,26.556422758790195,5.96658421869734,117,SPOTTY PINK DUCK DOORSTOP,1.2113455995237632,Regular,Maintain standard replenishment review
21410,1,8.47,1,1.0,0.0,8.47,1,COUNTRY COTTAGE  DOORSTOP GREEN,0.0,Long-Tail,Limit stock and avoid excessive local warehouse space
21411,779,2936.33,13,59.92307692307692,74.36224572821608,5.096824884831767,240,GINGHAM HEART  DOORSTOP RED,1.2409617387250438,Regular,Maintain standard replenishment review
21413,48,75.02,7,6.857142857142857,7.221001117771492,1.4705714285714286,17,PERIWINKLE T-LIGHT HOLDER,1.0530626630083426,Long-Tail,Limit stock and avoid excessive local warehouse space
21414,1,2.1,1,1.0,0.0,2.1,1,SCALLOP SHELL SOAP DISH,0.0,Long-Tail,Limit stock and avoid excessive local warehouse space
21415,219,446.02000000000004,13,16.846153846153847,12.707256154432356,2.8143076923076924,46,CLAM SHELL SMALL,0.7543120091672174,Regular,Maintain standard replenishment review
21416,5,18.75,3,1.6666666666666667,1.1547005383792517,3.75,4,CLAM SHELL LARGE,0.692820323027551,Long-Tail,Limit stock and avoid excessive local warehouse space
21417,340,629.8000000000001,13,26.153846153846153,36.70569018977429,3.1905341880341878,68,COCKLE SHELL DISH,1.4034528601972522,Regular,Maintain standard replenishment review
21418,74,189.75,11,6.7272727272727275,6.9005928599057205,3.713636363636364,25,STARFISH SOAP DISH,1.025763803499499,Long-Tail,Limit stock and avoid excessive local warehouse space
21420,53,120.41,12,4.416666666666667,7.513119837788405,4.0424999999999995,19,OYSTER TRINKET BOX,1.701083736857752,Long-Tail,Limit stock and avoid excessive local warehouse space
21421,299,348.43,6,49.833333333333336,64.44351531897267,1.3527777777777779,14,PORCELAIN ROSE LARGE,1.2931809094108229,Regular,Maintain standard replenishment review
21422,1607,1295.0,12,133.91666666666666,153.2837288010424,1.1044325396825396,63,PORCELAIN ROSE SMALL,1.1446202524035525,Regular,Maintain standard replenishment review
21424,346,1401.02,11,31.454545454545453,22.94499351215265,5.30179797979798,70,WOODLAND STORAGE BOX LARGE,0.7294651116580322,Regular,Maintain standard replenishment review
21425,87,320.49,11,7.909090909090909,8.677033426863646,4.313030303030303,30,SKULLS STORAGE BOX LARGE,1.0970961804080472,Long-Tail,Limit stock and avoid excessive local warehouse space
21426,256,624.58,12,21.333333333333332,22.69294377046964,3.6885462962962965,46,WOODLAND STORAGE BOX SMALL,1.0637317392407644,Regular,Maintain standard replenishment review
21427,95,254.34,11,8.636363636363637,7.526921379591091,3.380484848484848,40,SKULLS STORAGE BOX SMALL,0.8715382650052842,Long-Tail,Limit stock and avoid excessive local warehouse space
21428,1201,5138.13,13,92.38461538461539,49.20457035265874,5.514339240934036,260,SET3 BOOK BOX GREEN GINGHAM FLOWER,0.5326056740920596,High-Revenue Priority,Prioritize inventory monitoring and avoid stockouts
21429,1740,3391.15,11,158.1818181818182,104.62582681328561,2.375848517616801,286,RED GINGHAM ROSE JEWELLERY BOX,0.6614276407736447,High-Revenue Priority,Prioritize inventory monitoring and avoid stockouts
21430,3006,11809.59,13,231.23076923076923,139.0911894203187,4.951401784500088,475,SET/3 RED GINGHAM ROSE STORAGE BOX,0.601525436614818,High-Revenue Priority,Prioritize inventory monitoring and avoid stockouts
21439,1022,1334.67,13,78.61538461538461,67.42716868535321,1.6151963933502396,129,BASKET OF TOADSTOOLS,0.8576841417902071,Regular,Maintain standard replenishment review
21441,421,292.03,12,35.083333333333336,36.92365177777058,1.0702767857142856,62,BLUE BIRDHOUSE DECORATION,1.052455632620539,Regular,Maintain standard replenishment review
21442,437,307.94,13,33.61538461538461,35.42959794093648,1.111863247863248,59,GREEN BIRDHOUSE DECORATION,1.0539697327967374,Regular,Maintain standard replenishment review
21445,210,262.5,6,35.0,45.05108211796915,1.25,20,12 PINK ROSE PEG PLACE SETTINGS,1.2871737747991185,Regular,Maintain standard replenishment review
21446,449,630.92,13,34.53846153846154,25.339742778934518,1.5445886720117488,105,12 RED ROSE PEG PLACE SETTINGS,0.733667385581623,Regular,Maintain standard replenishment review
21447,968,1476.85,10,96.8,53.07604607227884,1.7137395013268464,147,12 IVORY ROSE PEG PLACE SETTINGS,0.5483062610772608,Regular,Maintain standard replenishment review
21448,344,592.6199999999999,11,31.272727272727273,33.31993670189338,1.8766049783549783,77,12 DAISY PEGS IN WOOD BOX,1.065463092211707,Regular,Maintain standard replenishment review
21452,810,2528.46,13,62.30769230769231,33.01611882950663,3.6212185688243377,182,TOADSTOOL MONEY BOX,0.5298883268933163,Regular,Maintain standard replenishment review
21454,572,485.15999999999997,13,44.0,59.65176722724427,0.9155595980595981,136,PAINTED PINK RABBIT,1.3557219824373699,Regular,Maintain standard replenishment review
21455,612,516.79,13,47.07692307692308,59.85463159252526,0.9169857789269553,117,PAINTED YELLOW WOODEN DAISY,1.2714219129131181,Regular,Maintain standard replenishment review
21456,171,222.22,6,28.5,32.00468715672753,1.5693055555555555,25,2 PICTURE BOOK EGGS EASTER CHICKS,1.122971479183422,Regular,Maintain standard replenishment review
21457,124,165.89000000000001,5,24.8,15.514509338035799,1.5726666666666667,25,2 PICTURE BOOK EGGS EASTER DUCKS,0.6255850539530564,Regular,Maintain standard replenishment review
21458,182,256.54,7,26.0,28.118795611950855,1.9038732993197276,36,2 PICTURE BOOK EGGS EASTER BUNNY,1.0814921389211867,Regular,Maintain standard replenishment review
21459,76,150.38,4,19.0,12.192894105447921,2.040833333333333,19,YELLOW EASTER EGG HUNT START POST,0.6417312687077853,Long-Tail,Limit stock and avoid excessive local warehouse space
21460,28,56.78,3,9.333333333333334,2.0816659994661326,2.095333333333333,11,GREEN EASTER EGG HUNT START POST,0.22303564279994276,Long-Tail,Limit stock and avoid excessive local warehouse space
21461,9,21.91,3,3.0,2.0,2.918888888888889,5,BLUE EASTER EGG HUNT START POST,0.6666666666666666,Long-Tail,Limit stock and avoid excessive local warehouse space
21462,198,932.4,12,16.5,24.115253565854424,7.090291666666666,73,"NURSERY A,B,C PAINTED LETTERS",1.4615305191426924,Regular,Maintain standard replenishment review
21463,609,3229.05,13,46.84615384615385,41.0220391047019,5.81405159697015,128,MIRRORED DISCO BALL,0.8756757115946219,High-Revenue Priority,Prioritize inventory monitoring and avoid stockouts
21464,241,1021.25,13,18.53846153846154,14.286446867663216,4.246794871794872,102,DISCO BALL ROTATOR BATTERY OPERATED,0.7706382127785136,Regular,Maintain standard replenishment review
21465,237,897.8,13,18.23076923076923,11.099203020591508,3.9750811965811965,79,PINK FLOWER CROCHET FOOD COVER,0.6088170433235849,Regular,Maintain standard replenishment review
21466,304,1116.89,13,23.384615384615383,14.603301347860018,3.99557264957265,112,RED FLOWER CROCHET FOOD COVER,0.6244832813229614,Regular,Maintain standard replenishment review
21467,264,1004.39,13,20.307692307692307,17.580219070424082,4.217543512043512,104,CHERRY CROCHET FOOD COVER,0.8656926057405798,Regular,Maintain standard replenishment review
21468,148,572.23,11,13.454545454545455,12.258577701867672,4.163421271538919,66,BUTTERFLY CROCHET FOOD COVER,0.9111105048685432,Regular,Maintain standard replenishment review
21469,290,1085.32,13,22.307692307692307,21.929373814530955,3.894242110453649,89,POLKA DOT RAFFIA FOOD COVER,0.9830408951341463,Regular,Maintain standard replenishment review
21470,381,1470.32,13,29.307692307692307,16.585056604187475,4.245324009324009,140,FLOWER VINE RAFFIA FOOD COVER,0.5658943198279192,Regular,Maintain standard replenishment review
21471,639,2220.59,13,49.15384615384615,34.280330010678504,3.7703378334628335,163,STRAWBERRY RAFFIA FOOD COVER,0.6974089047555877,Regular,Maintain standard replenishment review
21472,123,476.40999999999997,6,20.5,14.774978849392646,4.021856060606061,37,LADYBIRD + BEE RAFFIA FOOD COVER,0.720730675580129,Regular,Maintain standard replenishment review
21473,27,618.66,11,2.4545454545454546,1.6348477827391983,21.40472727272727,21,SWEETHEART CREAM STEEL TABLE RECT,0.6660490966715252,Long-Tail,Limit stock and avoid excessive local warehouse space
21476,41,699.63,9,4.555555555555555,4.719934086168765,17.357777777777777,24,STEEL SWEETHEART ROUND TABLE CREAM,1.0360830920858264,Long-Tail,Limit stock and avoid excessive local warehouse space
21479,3915,20582.2,13,301.15384615384613,421.21962722429527,5.027152032871393,499,WHITE SKULL HOT WATER BOTTLE,1.3986858630691799,High-Revenue Priority,Prioritize inventory monitoring and avoid stockouts
21481,3247,11278.07,13,249.76923076923077,249.983717418473,4.0873422359760445,485,FAWN BLUE HOT WATER BOTTLE,1.0008587392793806,High-Revenue Priority,Prioritize inventory monitoring and avoid stockouts
21484,1835,8389.22,13,141.15384615384616,173.88830042772005,5.733576706669968,401,CHICK GREY HOT WATER BOTTLE,1.2319062155642293,High-Revenue Priority,Prioritize inventory monitoring and avoid stockouts
21485,3519,17639.23,13,270.6923076923077,306.3786830637821,5.65835433970839,621,RETROSPOT HEART HOT WATER BOTTLE,1.1318337254416504,High-Revenue Priority,Prioritize inventory monitoring and avoid stockouts
21486,36,147.88,1,36.0,0.0,4.042727272727273,11,PINK HEART DOTS HOT WATER BOTTLE,0.0,Long-Tail,Limit stock and avoid excessive local warehouse space
21488,69,566.1700000000001,2,34.5,47.37615433949868,7.928,16,RED WHITE SCARF  HOT WATER BOTTLE,1.3732218649130052,Long-Tail,Limit stock and avoid excessive local warehouse space
21491,1,1.95,1,1.0,0.0,1.95,1,SET OF THREE VINTAGE GIFT WRAPS,0.0,Long-Tail,Limit stock and avoid excessive local warehouse space
21494,1928,3571.33,13,148.30769230769232,156.832917790125,2.9090915750915753,313,ROTATING LEAVES T-LIGHT HOLDER,1.057483366842129,High-Revenue Priority,Prioritize inventory monitoring and avoid stockouts
21495,5775,2345.5,13,444.2307692307692,269.4813394424414,0.4180811496196111,164,SKULLS AND CROSSBONES WRAP,0.6066246602167512,High-Turnover Stable,Keep stable local warehouse inventory
21497,8550,3409.0,13,657.6923076923077,456.9355141620797,0.41847119547119543,230,FANCY FONTS BIRTHDAY WRAP,0.6947557525271387,High-Revenue Priority,Prioritize inventory monitoring and avoid stockouts
21498,10476,4290.92,13,805.8461538461538,286.8887258601164,0.41757992097348084,334,RED RETROSPOT WRAP,0.35600930089552435,High-Revenue Priority,Prioritize inventory monitoring and avoid stockouts
21499,6702,2726.84,13,515.5384615384615,201.76620768627873,0.41696638627073407,215,BLUE POLKADOT WRAP,0.39136984481074655,High-Turnover Stable,Keep stable local warehouse inventory
21500,6350,2593.0,13,488.46153846153845,219.52016436788344,0.4169481277460817,213,PINK POLKADOT WRAP,0.44941136012322597,High-Turnover Stable,Keep stable local warehouse inventory
21503,725,288.5,10,72.5,85.35058419379578,0.4184,22,TOYBOX  WRAP,1.177249437155804,Regular,Maintain standard replenishment review
21504,1891,778.89,13,145.46153846153845,82.62930814246579,0.48147798355490656,115,SKULLS GREETING CARD,0.5680491834225571,High-Turnover Stable,Keep stable local warehouse inventory
21506,4910,2080.85,13,377.6923076923077,170.26224117293526,0.5124291011149258,322,"FANCY FONT BIRTHDAY CARD,",0.450796157891682,High-Turnover Stable,Keep stable local warehouse inventory
21507,3296,1410.16,13,253.53846153846155,100.8543631386494,0.5356350666876982,260,"ELEPHANT, BIRTHDAY CARD,",0.39778723325316817,High-Turnover Stable,Keep stable local warehouse inventory
21508,2466,1036.9,13,189.69230769230768,68.5132403449443,0.5550046135141629,212,VINTAGE KID DOLLY CARD,0.36118091017205023,High-Turnover Stable,Keep stable local warehouse inventory
21509,3741,1572.28,13,287.7692307692308,115.31345241424484,0.5343939051396064,274,COWBOYS AND INDIANS BIRTHDAY CARD,0.40071501774530416,High-Turnover Stable,Keep stable local warehouse inventory
21518,318,132.44,7,45.42857142857143,44.85479217377315,0.5773540372670807,38,BANK ACCOUNT  GREETING  CARD,0.9873696390453208,Regular,Maintain standard replenishment review
21519,3263,1374.1,13,251.0,94.21694822765876,0.5089784379500097,243,GIN & TONIC DIET GREETING CARD,0.3753663276002341,High-Turnover Stable,Keep stable local warehouse inventory
21520,504,214.19,13,38.76923076923077,31.102394993938557,0.5494322344322344,58,BOOZE & WOMEN GREETING CARD,0.8022443153198437,Regular,Maintain standard replenishment review
21523,3241,21561.94,13,249.30769230769232,197.08855227003278,9.518887430217054,500,DOORMAT FANCY FONT HOME SWEET HOME,0.7905434062050065,High-Revenue Priority,Prioritize inventory monitoring and avoid stockouts
21524,1746,13523.16,13,134.30769230769232,77.21656192746111,9.196158420065935,477,DOORMAT SPOTTY HOME SWEET HOME,0.5749228551300083,High-Revenue Priority,Prioritize inventory monitoring and avoid stockouts
21527,474,3701.1400000000003,6,79.0,68.11460929932727,8.408778851315084,142,RED RETROSPOT TRADITIONAL TEAPOT,0.8622102442952819,High-Revenue Priority,Prioritize inventory monitoring and avoid stockouts
21528,213,1543.67,13,16.384615384615383,8.930644447989756,8.150229936729936,109,DAIRY MAID TRADITIONAL TEAPOT,0.5450628066848209,Regular,Maintain standard replenishment review
21530,740,740.34,13,56.92307692307692,52.77856499637825,1.999703766319151,101,DAIRY MAID TOASTRACK,0.9271910066931315,Regular,Maintain standard replenishment review
21531,1514,3677.07,13,116.46153846153847,60.27798849858792,2.8400588124350716,245,RED RETROSPOT SUGAR JAM BOWL,0.5175785009786281,High-Revenue Priority,Prioritize inventory monitoring and avoid stockouts
21533,1336,6585.870000000001,13,102.76923076923077,51.54796123701022,5.226368049952929,337,RETROSPOT LARGE MILK JUG,0.5015894431745006,High-Revenue Priority,Prioritize inventory monitoring and avoid stockouts
21534,364,1849.48,13,28.0,13.625955623979799,5.504712311946475,152,DAIRY MAID LARGE MILK JUG,0.4866412722849928,Regular,Maintain standard replenishment review
21535,2487,5986.01,13,191.30769230769232,98.44997428083684,2.7157595214056918,343,RED RETROSPOT SMALL MILK JUG,0.5146158687779971,High-Revenue Priority,Prioritize inventory monitoring and avoid stockouts
21537,331,1383.71,13,25.46153846153846,22.134495644488883,4.481410256410256,60,RED RETROSPOT PUDDING BOWL,0.8693306446475997,Regular,Maintain standard replenishment review
21538,5,18.75,1,5.0,0.0,3.75,2,DAIRY MAID  PUDDING BOWL,0.0,Long-Tail,Limit stock and avoid excessive local warehouse space
21539,966,4729.05,12,80.5,37.014739079060234,5.429572387407913,235,RED RETROSPOT BUTTER DISH,0.45981042334236316,High-Revenue Priority,Prioritize inventory monitoring and avoid stockouts
21544,1972,1687.6799999999998,13,151.69230769230768,73.37618212038633,1.084023540185305,174,SKULLS  WATER TRANSFER TATTOOS,0.48371722493155295,High-Turnover Stable,Keep stable local warehouse inventory
21547,79,253.53000000000003,3,26.333333333333332,16.165807537309522,3.612857142857143,22,CERAMIC BIRDHOUSE CRESTED TIT SMALL,0.6138914254674502,Long-Tail,Limit stock and avoid excessive local warehouse space
21555,137,350.46999999999997,13,10.538461538461538,9.125197574257271,2.7111447767918357,69,CERAMIC STRAWBERRY TRINKET TRAY,0.865894660330982,Regular,Maintain standard replenishment review
21556,977,2515.52,11,88.81818181818181,133.8363315260981,3.2544244644244644,114,CERAMIC STRAWBERRY MONEY BOX,1.506857366209907,Regular,Maintain standard replenishment review
21557,551,1843.61,13,42.38461538461539,57.40432396829015,4.448654784696968,162,SET OF 6 FUNKY BEAKERS,1.3543669901774444,Regular,Maintain standard replenishment review
21558,2131,5550.22,13,163.92307692307693,66.0460212509196,3.448755210962477,412,SKULL LUNCH BOX WITH CUTLERY,0.4029086233045306,High-Revenue Priority,Prioritize inventory monitoring and avoid stockouts
21559,3932,9732.83,13,302.46153846153845,150.44080529376296,3.2013437210466082,572,STRAWBERRY LUNCH BOX WITH CUTLERY,0.49738821689189183,High-Revenue Priority,Prioritize inventory monitoring and avoid stockouts
21561,1281,3127.38,13,98.53846153846153,86.11873139704217,3.084142142635486,213,DINOSAUR LUNCH BOX WITH CUTLERY,0.8739605840449245,Regular,Maintain standard replenishment review
21562,324,380.36,11,29.454545454545453,34.86363043735875,1.4177272727272727,28,HAWAIIAN GRASS SKIRT,1.1836417741078589,Regular,Maintain standard replenishment review
21563,1395,2803.13,13,107.3076923076923,156.97897131749028,3.330850258153902,159,RED HEART SHAPE LOVE BUCKET,1.4628864710590492,Regular,Maintain standard replenishment review
21564,1042,1831.62,13,80.15384615384616,158.15016395493987,3.2486320090166245,123,PINK  HEART SHAPE LOVE BUCKET,1.9730826597065434,Regular,Maintain standard replenishment review
21576,252,585.34,12,21.0,10.60874424922453,2.752546957671958,78,LETS GO SHOPPING COTTON TOTE BAG,0.5051782975821205,Regular,Maintain standard replenishment review
21577,714,1651.4,13,54.92307692307692,34.63490902365593,2.8371310327099803,174,SAVE THE PLANET COTTON TOTE BAG,0.6306075872654441,Regular,Maintain standard replenishment review
21578,746,1657.76,13,57.38461538461539,52.88594403925374,2.84397998553171,127,WOODLAND DESIGN  COTTON TOTE BAG,0.921604922936057,Regular,Maintain standard replenishment review
21579,168,391.72,12,14.0,7.781095973283876,2.6524351851851855,48,LOLITA  DESIGN  COTTON TOTE BAG,0.5557925695202769,Regular,Maintain standard replenishment review
21580,181,444.07,12,15.083333333333334,11.532234139247443,3.2267500000000005,62,RABBIT  DESIGN  COTTON TOTE BAG,0.7645680092318746,Regular,Maintain standard replenishment review
21581,252,590.67,13,19.384615384615383,17.3567396205742,3.07250641025641,79,SKULLS  DESIGN  COTTON TOTE BAG,0.8953873613788278,Regular,Maintain standard replenishment review
21584,1059,1743.3500000000001,13,81.46153846153847,46.07532851142678,1.6423076923076922,146,RETROSPOT SMALL TUBE MATCHES,0.5656083764386668,Regular,Maintain standard replenishment review
21586,743,1721.85,11,67.54545454545455,79.1547391333755,2.482190082644628,67,KINGS CHOICE GIANT TUBE MATCHES,1.1718736614631635,Regular,Maintain standard replenishment review
21587,195,475.65,2,97.5,74.24621202458749,2.5374999999999996,26,COSY HOUR GIANT TUBE MATCHES,0.7614996105085897,Regular,Maintain standard replenishment review
21588,1494,3442.5,13,114.92307692307692,153.35658965216848,2.527697368421052,132,RETROSPOT GIANT TUBE MATCHES,1.3344281562772358,High-Revenue Priority,Prioritize inventory monitoring and avoid stockouts
21591,1374,1996.1399999999999,12,114.5,170.45207270933693,1.2523676470588236,146,COSY HOUR CIGAR BOX MATCHES,1.4886643904745585,Regular,Maintain standard replenishment review
21592,2149,2149.07,13,165.30769230769232,158.79986598198826,1.181965811965812,216,RETROSPOT CIGAR BOX MATCHES,0.9606320417709853,High-Turnover Stable,Keep stable local warehouse inventory
21594,2,8.34,2,1.0,0.0,4.17,2,DR. JAM'S AROUZER STRESS BALL,0.0,Long-Tail,Limit stock and avoid excessive local warehouse space
21595,2,16.94,1,2.0,0.0,8.47,2,DAD'S CAB ELECTRONIC METER,0.0,Long-Tail,Limit stock and avoid excessive local warehouse space
21609,763,2086.69,9,84.77777777777777,64.31130883790536,3.0060830527497195,76,SET 12 LAVENDER  BOTANICAL T-LIGHTS,0.7585868670264067,Regular,Maintain standard replenishment review
21613,227,661.9300000000001,10,22.7,19.539418847265875,3.065066666666667,42,S/12 VANILLA  BOTANICAL T-LIGHTS,0.8607673500998183,Regular,Maintain standard replenishment review
21614,51,153.29,3,17.0,16.522711641858304,3.896666666666667,9,SET OF 12 ROSE BOTANICAL T-LIGHTS,0.9719242142269591,Long-Tail,Limit stock and avoid excessive local warehouse space
21615,891,1347.92,13,68.53846153846153,130.7036185322958,3.2462408625712467,135,4 LAVENDER BOTANICAL DINNER CANDLES,1.9070112692703092,Regular,Maintain standard replenishment review
21616,822,1288.3400000000001,12,68.5,131.1075200672403,2.9767479886931945,138,4 PEAR BOTANICAL DINNER CANDLES,1.9139783951421943,Regular,Maintain standard replenishment review
21617,525,1009.26,12,43.75,56.52211956393709,3.1223556998557,102,4 LILY  BOTANICAL DINNER CANDLES,1.2919341614614193,Regular,Maintain standard replenishment review
21618,404,768.37,11,36.72727272727273,44.49290035295723,3.238690476190476,91,4 WILDFLOWER BOTANICAL CANDLES,1.211440356144875,Regular,Maintain standard replenishment review
21619,974,1476.3999999999999,13,74.92307692307692,141.71183292069716,2.9581320512820515,164,4 VANILLA BOTANICAL CANDLES,1.891431034875835,Regular,Maintain standard replenishment review
21620,881,1429.49,12,73.41666666666667,97.38905887151179,2.938201175314219,165,SET OF 4 ROSE BOTANICAL CANDLES,1.3265252059683785,Regular,Maintain standard replenishment review
21621,2759,24287.83,13,212.23076923076923,172.3620964936674,9.768382704104878,471,VINTAGE UNION JACK BUNTING,0.8121447098288062,High-Revenue Priority,Prioritize inventory monitoring and avoid stockouts
21622,372,1943.04,13,28.615384615384617,29.45204707525568,5.683539429800969,102,VINTAGE UNION JACK CUSHION COVER,1.029238204242806,Regular,Maintain standard replenishment review
21623,3268,22970.29,13,251.3846153846154,371.0147208358761,10.409549028412313,220,VINTAGE UNION JACK MEMOBOARD,1.475884752407096,High-Revenue Priority,Prioritize inventory monitoring and avoid stockouts
21624,214,1319.66,13,16.46153846153846,10.186718351325453,6.772196675119752,94,VINTAGE UNION JACK DOORSTOP,0.6188193390992098,Regular,Maintain standard replenishment review
21625,407,2939.51,13,31.307692307692307,13.924705953715357,8.273165371079399,169,VINTAGE UNION JACK APRON,0.44476947763709984,Regular,Maintain standard replenishment review
21626,777,1551.65,12,64.75,94.54111659628697,2.263442268305172,97,VINTAGE UNION JACK PENNANT,1.4600944648075207,Regular,Maintain standard replenishment review
21627,63,1299.83,11,5.7272727272727275,2.195035721390843,22.227636363636364,47,ELEPHANT CARNIVAL POUFFE,0.38326020532221067,Long-Tail,Limit stock and avoid excessive local warehouse space
21628,61,1131.75,11,5.545454545454546,5.164564577263729,21.25287878787879,32,TRIANGULAR POUFFE VINTAGE,0.931314923768869,Long-Tail,Limit stock and avoid excessive local warehouse space
21629,71,672.0500000000001,13,5.461538461538462,5.767948575466911,9.658875739644971,42,SQUARE FLOOR CUSHION VINTAGE RED,1.0561032602967584,Long-Tail,Limit stock and avoid excessive local warehouse space
21630,68,709.1899999999999,11,6.181818181818182,8.158654077949155,12.743181818181817,34,FLOOR CUSHION ELEPHANT CARNIVAL,1.3197822773153045,Long-Tail,Limit stock and avoid excessive local warehouse space
21631,169,896.01,6,28.166666666666668,45.37583791696487,11.159843137254903,27,HIPPY CHIC DECORATIVE PARASOL,1.6109764940934272,Regular,Maintain standard replenishment review
21632,88,489.7400000000001,2,44.0,8.48528137423857,8.554421052631579,24,VINTAGE PINK DECORATIVE PARASOL,0.1928473039599675,Long-Tail,Limit stock and avoid excessive local warehouse space
21633,125,895.46,9,13.88888888888889,22.03658574078823,11.803572984749456,42,SUNFLOWER DECORATIVE PARASOL,1.5866341733367524,Regular,Maintain standard replenishment review
21634,976,481.95,9,108.44444444444444,186.6066123634899,0.9657239057239058,28,ASSORTED MINI MADRAS NOTEBOOK,1.7207576959748043,Regular,Maintain standard replenishment review
21635,271,374.96,5,54.2,104.04422136764732,3.121,16,MADRAS NOTEBOOK LARGE,1.9196350805838989,Regular,Maintain standard replenishment review
21636,913,705.16,9,101.44444444444444,71.99324814020949,1.1759876543209875,73,MADRAS NOTEBOOK MEDIUM,0.7096815260261614,Regular,Maintain standard replenishment review
21637,109,136.25,5,21.8,14.703741020570241,1.25,6,ASSORTED SANSKRIT MINI NOTEBOOK,0.6744835330536808,Regular,Maintain standard replenishment review
21638,247,547.76,10,24.7,21.364820513066697,2.406688888888889,40,ASSORTED TUTTI FRUTTI NOTEBOOK,0.8649724904075586,Regular,Maintain standard replenishment review
21640,650,633.83,12,54.166666666666664,47.10883594658676,1.1337863756613757,78,ASSORTED TUTTI FRUTTI  FOB NOTEBOOK,0.8697015867062171,Regular,Maintain standard replenishment review
21641,1153,451.59,10,115.3,197.80127513351485,1.1684666666666668,49,ASSORTED TUTTI FRUTTI KEYRING BALL,1.7155357773938842,Regular,Maintain standard replenishment review
21642,2399,809.8499999999999,11,218.0909090909091,268.26980990989443,0.620219435736677,100,ASSORTED TUTTI FRUTTI PEN,1.2300824964605415,High-Turnover Volatile,Monitor closely and replenish in smaller batches
21643,538,728.31,12,44.833333333333336,30.417797820394956,1.702450396825397,59,ASSORTED TUTTI FRUTTI MIRROR,0.6784638919047201,Regular,Maintain standard replenishment review
21644,214,267.5,11,19.454545454545453,17.78968035892515,1.25,31,ASSORTED TUTTI FRUTTI HEART BOX,0.9144228221877414,Regular,Maintain standard replenishment review
21647,106,222.6,8,13.25,11.498447100121204,2.1,24,ASSORTED TUTTI FRUTTI LARGE PURSE,0.8678073283110342,Regular,Maintain standard replenishment review
21648,729,982.79,12,60.75,75.20532500488852,1.666578042328042,66,ASSORTED TUTTI FRUTTI SMALL PURSE,1.237947736705984,Regular,Maintain standard replenishment review
21650,2526,688.2900000000001,11,229.63636363636363,142.28581990294938,0.5443617752471508,131,ASSORTED TUTTI FRUTTI BRACELET,0.6196136258639918,High-Turnover Stable,Keep stable local warehouse inventory
21651,127,198.57,3,42.333333333333336,63.81483631047981,1.7045833333333331,11,HANGING GLASS ETCHED TEALIGHT,1.5074370782003104,Regular,Maintain standard replenishment review
21654,974,504.68,10,97.4,115.44426264556319,1.065122222222222,59,RIDGED GLASS FINGER BOWL,1.1852593700776508,Regular,Maintain standard replenishment review
21655,24,40.56,1,24.0,0.0,1.69,1,HANGING RIDGE GLASS T-LIGHT HOLDER,0.0,Long-Tail,Limit stock and avoid excessive local warehouse space
21656,219,444.58,6,36.5,31.411781229341326,2.2080663780663783,47,RIDGED GLASS POSY VASE,0.8605967460093514,Regular,Maintain standard replenishment review
21657,30,223.46,3,10.0,6.557438524302,7.725703703703704,17,MILK BOTTLE WITH GLASS STOPPER,0.6557438524302001,Long-Tail,Limit stock and avoid excessive local warehouse space
21658,874,3693.98,9,97.11111111111111,50.2131567530972,5.851887849177903,209,GLASS  BEURRE DISH,0.517069119883152,High-Revenue Priority,Prioritize inventory monitoring and avoid stockouts
21661,3,17.85,2,1.5,0.7071067811865476,5.95,3,VINTAGE GLASS TEA CADDY,0.47140452079103173,Long-Tail,Limit stock and avoid excessive local warehouse space
21662,86,557.3000000000001,8,10.75,18.744523009592506,7.274309523809524,26,VINTAGE GLASS COFFEE CADDY,1.743676559031861,Long-Tail,Limit stock and avoid excessive local warehouse space
21664,98,350.22,8,12.25,21.056047655178375,3.7435714285714288,18,RIDGED GLASS STORAGE JAR CREAM LID,1.7188610330757856,Long-Tail,Limit stock and avoid excessive local warehouse space
21666,412,283.51,12,34.333333333333336,26.137167313071917,0.8516157407407406,43,RIDGED GLASS T-LIGHT HOLDER,0.7612767178564636,Regular,Maintain standard replenishment review
21668,5470,7448.76,13,420.7692307692308,200.5559580458589,1.723763069832476,435,RED STRIPE CERAMIC DRAWER KNOB,0.4766412165623703,High-Revenue Priority,Prioritize inventory monitoring and avoid stockouts
21669,5215,7040.099999999999,13,401.15384615384613,178.65089147731962,1.615512771829703,421,BLUE STRIPE CERAMIC DRAWER KNOB,0.44534258661652065,High-Revenue Priority,Prioritize inventory monitoring and avoid stockouts
21670,4309,6059.04,13,331.46153846153845,136.72211195500125,1.7627984744886918,371,BLUE SPOT CERAMIC DRAWER KNOB,0.41248258422256123,High-Revenue Priority,Prioritize inventory monitoring and avoid stockouts
21671,4376,6019.889999999999,13,336.61538461538464,119.02978511107942,1.7693782531745326,365,RED SPOT CERAMIC DRAWER KNOB,0.3536076797175577,High-Revenue Priority,Prioritize inventory monitoring and avoid stockouts
21672,4954,6728.5,13,381.0769230769231,181.82292738562128,1.7838081655415174,405,WHITE SPOT RED CERAMIC DRAWER KNOB,0.47712919984115393,High-Revenue Priority,Prioritize inventory monitoring and avoid stockouts
21673,4314,5968.7,13,331.84615384615387,160.20499688099937,1.7257237917307955,361,WHITE SPOT BLUE CERAMIC DRAWER KNOB,0.4827688825806657,High-Revenue Priority,Prioritize inventory monitoring and avoid stockouts
21675,616,558.06,12,51.333333333333336,28.62082310401843,1.19012564307673,109,BUTTERFLIES STICKERS,0.557548502026333,Regular,Maintain standard replenishment review
21676,257,245.35999999999999,12,21.416666666666668,15.547337295167202,1.177541514041514,61,FLOWERS  STICKERS,0.7259457102801806,Regular,Maintain standard replenishment review
21677,823,727.64,13,63.30769230769231,39.37720282808446,1.0490722784840432,118,HEARTS  STICKERS,0.6219971285116621,Regular,Maintain standard replenishment review
21678,125,111.86,12,10.416666666666666,8.016554840774901,1.0762407407407408,32,PAISLEY PATTERN  STICKERS,0.7695892647143906,Regular,Maintain standard replenishment review
21679,1140,1028.58,13,87.6923076923077,48.99555186508365,1.122148434898435,138,SKULLS  STICKERS,0.558721205479024,Regular,Maintain standard replenishment review
21680,868,786.31,13,66.76923076923077,57.259866465896586,1.1706278793670097,103,WOODLAND  STICKERS,0.8575786452265617,Regular,Maintain standard replenishment review
21681,2,19.9,1,2.0,0.0,9.95,2,GIANT MEDINA STAMPED METAL BOWL,0.0,Long-Tail,Limit stock and avoid excessive local warehouse space
21682,182,930.96,13,14.0,12.832251036613439,5.470269230769231,55,LARGE MEDINA STAMPED METAL BOWL,0.9165893597581027,Regular,Maintain standard replenishment review
21683,310,948.7,13,23.846153846153847,17.53019373274843,3.324656898656899,58,MEDIUM MEDINA STAMPED METAL BOWL,0.7351371565346115,Regular,Maintain standard replenishment review
21684,771,612.1,13,59.30769230769231,96.37892630600031,1.1576993006993006,47,SMALL MEDINA STAMPED METAL BOWL,1.6250662023061013,Regular,Maintain standard replenishment review
21686,34,1311.69,10,3.4,3.3065591380365986,39.7678,19,MEDINA STAMPED METAL STOOL,0.9725173935401761,Long-Tail,Limit stock and avoid excessive local warehouse space
21688,348,1101.2800000000002,12,29.0,20.937135342821765,3.84271164021164,57,SILVER PLATE CANDLE BOWL SMALL,0.7219701842352333,Regular,Maintain standard replenishment review
21689,95,369.87,11,8.636363636363637,5.78399044384977,4.162727272727273,26,SILVER VANILLA  FLOWER CANDLE POT,0.669725209287868,Long-Tail,Limit stock and avoid excessive local warehouse space
21690,22,82.5,2,11.0,11.313708498984761,3.75,7,SILVER  CANDLEPOT JARDIN,1.02851895445316,Long-Tail,Limit stock and avoid excessive local warehouse space
21692,17,63.75,3,5.666666666666667,3.5118845842842465,3.75,7,SILVER LATTICE VANILLA CANDLE POT,0.6197443384031023,Long-Tail,Limit stock and avoid excessive local warehouse space
21693,361,1107.91,13,27.76923076923077,21.502534138072527,3.4943516483516484,50,SMALL HAMMERED SILVER CANDLEPOT,0.7743294841965176,Regular,Maintain standard replenishment review
21694,307,840.33,11,27.90909090909091,57.371516531210055,3.452909090909091,24,SMALL REGAL  SILVER CANDLEPOT,2.055656944115018,Regular,Maintain standard replenishment review
21695,284,857.6800000000001,13,21.846153846153847,20.448496904198745,3.38718315018315,41,SMALL SILVER FLOWER CANDLE POT,0.9360227456147312,Regular,Maintain standard replenishment review
21696,212,637.0000000000001,12,17.666666666666668,12.078029138844958,3.3280555555555558,32,SMALL SILVER TRELLIS CANDLEPOT,0.683662026727073,Regular,Maintain standard replenishment review
21698,296,164.17,11,26.90909090909091,21.82867172071881,1.0009772727272728,45,MOCK LOBSTER FRIDGE MAGNET,0.8112006382699557,Regular,Maintain standard replenishment review
21700,1690,2304.34,13,130.0,93.26128171254493,3.0246329151791946,197,BIG DOUGHNUT FRIDGE MAGNETS,0.7173944747118841,Regular,Maintain standard replenishment review
21703,9306,3493.61,13,715.8461538461538,547.7649809534875,0.4856589255652412,291,BAG 125G SWIRLY MARBLES,0.765199307156172,High-Revenue Priority,Prioritize inventory monitoring and avoid stockouts
21704,5144,4039.2799999999997,13,395.6923076923077,202.9960527594008,0.9578943581470107,248,BAG 250G SWIRLY MARBLES,0.5130149078289679,High-Revenue Priority,Prioritize inventory monitoring and avoid stockouts
21705,1447,1442.37,13,111.3076923076923,220.42133313852383,1.868539618146109,140,BAG 500G SWIRLY MARBLES,1.9802884110579198,Regular,Maintain standard replenishment review
21706,346,1616.81,13,26.615384615384617,19.564161373706014,5.366695526695527,120,FOLDING UMBRELLA RED/WHITE POLKADOT,0.7350696469889543,Regular,Maintain standard replenishment review
21707,160,763.66,12,13.333333333333334,8.866005899279596,5.123153273809524,74,FOLDING UMBRELLA BLACKBLUE POLKADOT,0.6649504424459697,Regular,Maintain standard replenishment review
21708,189,858.1600000000001,11,17.181818181818183,12.734348682348712,5.15717901706137,63,FOLDING UMBRELLA CREAM POLKADOT,0.7411525688139461,Regular,Maintain standard replenishment review
21709,133,607.23,12,11.083333333333334,7.993842327161271,4.901018518518518,59,FOLDING UMBRELLA CHOCOLATE POLKADOT,0.7212489317739492,Regular,Maintain standard replenishment review
21710,107,501.98,11,9.727272727272727,6.034747866993436,4.912794372294372,45,FOLDING UMBRELLA PINKWHITE POLKADOT,0.6203946405320355,Regular,Maintain standard replenishment review
21711,104,513.0200000000001,11,9.454545454545455,11.192529976405122,5.481950216450216,36,FOLDING UMBRELLA WHITE/RED POLKADOT,1.1838252859659264,Regular,Maintain standard replenishment review
21713,786,1817.74,13,60.46153846153846,59.57993983522668,2.7177143799670116,157,CITRONELLA CANDLE FLOWERPOT,0.9854188522365737,Regular,Maintain standard replenishment review
21714,1651,3010.65,13,127.0,107.2994252858172,2.0391254631978977,225,CITRONELLA CANDLE GARDEN POT,0.8448773644552535,Regular,Maintain standard replenishment review
21715,1330,3507.17,13,102.3076923076923,72.51480839040696,3.419074953930217,231,GIRLS VINTAGE TIN SEASIDE BUCKET,0.7087913602069853,High-Revenue Priority,Prioritize inventory monitoring and avoid stockouts
21716,1425,3872.92,13,109.61538461538461,79.81075372565034,3.5283114778040354,244,BOYS VINTAGE TIN SEASIDE BUCKET,0.7280981041638277,High-Revenue Priority,Prioritize inventory monitoring and avoid stockouts
21717,408,946.9300000000001,4,102.0,94.70304465362592,2.7292434210526313,41,EASTER TIN BUCKET,0.9284612220943718,Regular,Maintain standard replenishment review
21718,1493,2113.39,13,114.84615384615384,114.95712690234141,1.7620608844213494,229,RED METAL BEACH SPADE,1.000966275773904,Regular,Maintain standard replenishment review
21719,345,307.44,13,26.53846153846154,17.737039327423396,1.073923076923077,58,LOVELY BONBON STICKER SHEET,0.6683522065405917,Regular,Maintain standard replenishment review
21720,57,48.45,6,9.5,5.319774431308154,0.85,8,CAKE SHOP  STICKER SHEET,0.5599762559271741,Long-Tail,Limit stock and avoid excessive local warehouse space
21721,195,179.45999999999998,10,19.5,22.242351993937653,1.0118571428571428,33,CANDY SHOP  STICKER SHEET,1.1406334355865464,Regular,Maintain standard replenishment review
21722,98,95.52999999999999,12,8.166666666666666,8.462036433746938,1.1128333333333333,36,SWEET PUDDING STICKER SHEET,1.0361677265812579,Long-Tail,Limit stock and avoid excessive local warehouse space
21723,397,350.08,13,30.53846153846154,31.745381250966744,1.1078681318681318,59,ALPHABET HEARTS STICKER SHEET,1.0395213004094903,Regular,Maintain standard replenishment review
21724,408,355.83,13,31.384615384615383,23.038151190067538,0.981554945054945,81,PANDA AND BUNNIES STICKER SHEET,0.7340587388992108,Regular,Maintain standard replenishment review
21725,301,277.24,12,25.083333333333332,22.805335632990218,1.0905833333333332,50,SWEETIES  STICKERS,0.9091828159331649,Regular,Maintain standard replenishment review
21726,237,204.69,12,19.75,24.465653104263986,0.88,42,MULTI HEARTS  STICKERS,1.2387672457855183,Regular,Maintain standard replenishment review
21730,517,2514.4300000000003,13,39.76923076923077,56.322218597036,5.332995421245422,131,GLASS STAR FROSTED T-LIGHT HOLDER,1.4162259995386228,Regular,Maintain standard replenishment review
21731,13964,23858.73,13,1074.1538461538462,606.7287760542661,2.418011039431458,845,RED TOADSTOOL LED NIGHT LIGHT,0.5648434609499755,High-Revenue Priority,Prioritize inventory monitoring and avoid stockouts
21733,7831,23091.09,13,602.3846153846154,482.3585351274054,3.178696111751137,738,RED HANGING HEART T-LIGHT HOLDER,0.8007484301693616,High-Revenue Priority,Prioritize inventory monitoring and avoid stockouts
21735,188,2303.85,10,18.8,6.596295256514153,12.520535714285714,79,TWO DOOR CURIO CABINET,0.35086676896351876,Regular,Maintain standard replenishment review
21736,80,137.22,5,16.0,13.2664991614216,1.7580000000000002,5,GOLD SCROLL GLASS T-LIGHT HOLDER,0.82915619758885,Long-Tail,Limit stock and avoid excessive local warehouse space
21738,46,144.57999999999998,8,5.75,9.910312089651148,3.035384615384616,21,COSY SLIPPER SHOES SMALL  RED,1.7235325373306345,Long-Tail,Limit stock and avoid excessive local warehouse space
21739,254,703.08,10,25.4,21.093442898999047,3.171295590532433,111,COSY SLIPPER SHOES SMALL GREEN,0.8304505078346082,Regular,Maintain standard replenishment review
21741,147,480.17,9,16.333333333333332,23.05970511520041,3.8301851851851856,40,COSY SLIPPER SHOES LARGE GREEN,1.4118186805224742,Regular,Maintain standard replenishment review
21742,194,1167.58,13,14.923076923076923,17.08050320522173,6.151730769230769,91,LARGE ROUND WICKER PLATTER,1.1445698024117654,Regular,Maintain standard replenishment review
21743,299,887.65,10,29.9,57.35939330223081,4.096678260869565,49,STAR PORTABLE TABLE LIGHT,1.9183743579341408,Regular,Maintain standard replenishment review
21744,529,1557.65,8,66.125,91.80948830516998,3.4671683420745922,127,SNOWFLAKE PORTABLE TABLE LIGHT,1.388423263594253,Regular,Maintain standard replenishment review
21745,931,3460.73,13,71.61538461538461,30.864052611245715,3.996209399187168,213,GAOLERS KEYS DECORATIVE GARDEN,0.4309695853342581,High-Revenue Priority,Prioritize inventory monitoring and avoid stockouts
21746,3063,3751.9300000000003,12,255.25,227.77865052801513,1.586342092339699,225,SMALL RED RETROSPOT WINDMILL,0.8923747327248389,High-Revenue Priority,Prioritize inventory monitoring and avoid stockouts
21747,473,630.61,12,39.416666666666664,40.623455681602856,1.5504920634920634,53,SMALL SKULL WINDMILL,1.0306162117954214,Regular,Maintain standard replenishment review
21749,1957,3864.49,12,163.08333333333334,241.30006153536246,2.6041267420445053,139,LARGE RED RETROSPOT WINDMILL,1.4796120278100917,High-Revenue Priority,Prioritize inventory monitoring and avoid stockouts
21750,90,207.51000000000002,9,10.0,9.300537618869138,2.9171296296296294,24,LARGE SKULL WINDMILL,0.9300537618869138,Long-Tail,Limit stock and avoid excessive local warehouse space
21754,2755,16899.670000000002,13,211.92307692307693,76.9279549735352,6.676635216674795,775,HOME BUILDING BLOCK WORD,0.3629994245575163,High-Revenue Priority,Prioritize inventory monitoring and avoid stockouts
21755,2008,12418.01,13,154.46153846153845,70.28704881248913,6.757360527596119,628,LOVE BUILDING BLOCK WORD,0.45504563474221055,High-Revenue Priority,Prioritize inventory monitoring and avoid stockouts
21756,809,5006.26,13,62.23076923076923,27.19115617915087,6.594171463125614,270,BATH BUILDING BLOCK WORD,0.4369407049801746,High-Revenue Priority,Prioritize inventory monitoring and avoid stockouts
21757,6,29.700000000000003,2,3.0,1.4142135623730951,4.95,3,LIGHTHOUSE PRINTED METAL SIGN,0.47140452079103173,Long-Tail,Limit stock and avoid excessive local warehouse space
21758,50,427.46,12,4.166666666666667,3.1861442452461493,9.975430555555556,32,VINTAGE SHELLS PRINT,0.7646746188590757,Long-Tail,Limit stock and avoid excessive local warehouse space
21761,10,299.5,9,1.1111111111111112,0.3333333333333333,29.950000000000003,10,WOOD AND GLASS MEDICINE CABINET,0.3,Long-Tail,Limit stock and avoid excessive local warehouse space
21763,6,169.75,3,2.0,1.0,26.633333333333336,4,VINTAGE WOODEN BAR STOOL,0.5,Long-Tail,Limit stock and avoid excessive local warehouse space
21769,11,607.6500000000001,1,11.0,0.0,66.36,2,VINTAGE POST OFFICE CABINET,0.0,Long-Tail,Limit stock and avoid excessive local warehouse space
21770,1632,7894.2300000000005,10,163.2,148.29460168491937,5.496323881985529,387,OPEN CLOSED METAL SIGN,0.9086679024811236,High-Revenue Priority,Prioritize inventory monitoring and avoid stockouts
21773,1170,1154.17,13,90.0,143.5206140826699,1.95409836132702,163,DECORATIVE ROSE BATHROOM BOTTLE,1.5946734898074435,Regular,Maintain standard replenishment review
21774,1095,1152.4,13,84.23076923076923,115.02909330987663,2.0321993978243977,186,DECORATIVE CATS BATHROOM BOTTLE,1.3656422036789007,Regular,Maintain standard replenishment review
21775,515,716.86,13,39.61538461538461,49.44279263542608,1.9902026803324881,139,DECORATIVE FLORE BATHROOM BOTTLE,1.2480704937097846,Regular,Maintain standard replenishment review
21777,12,95.4,1,12.0,0.0,7.95,6,RECIPE BOX WITH METAL HEART,0.0,Long-Tail,Limit stock and avoid excessive local warehouse space
21781,164,2602.0,8,20.5,7.708992893275452,16.734151154401154,97,MA CAMPAGNE CUTLERY BOX,0.37604843381831476,Regular,Maintain standard replenishment review
21784,57,633.0699999999999,10,5.7,6.498717822257967,10.965723076923076,44,SHOE SHINE BOX,1.1401259337294678,Long-Tail,Limit stock and avoid excessive local warehouse space
21785,411,268.76,3,137.0,233.82899734635137,0.8733333333333334,5,RAIN PONCHO,1.7067810025281123,Regular,Maintain standard replenishment review
21786,1937,916.99,13,149.0,108.50038402389796,0.662575572295516,226,POLKADOT RAIN HAT,0.7281904968046843,High-Turnover Stable,Keep stable local warehouse inventory
21787,8347,6741.099999999999,13,642.0769230769231,724.470549382842,1.07871875434507,240,RAIN PONCHO RETROSPOT,1.128323606322864,High-Revenue Priority,Prioritize inventory monitoring and avoid stockouts
21788,1293,1029.24,13,99.46153846153847,63.16725864007844,0.9085897435897435,85,KIDS RAIN MAC BLUE,0.6350923142467283,Regular,Maintain standard replenishment review
21789,924,802.8,13,71.07692307692308,50.6235477791076,0.9757415469146238,91,KIDS RAIN MAC PINK,0.7122360618272714,Regular,Maintain standard replenishment review
21790,14449,12448.81,13,1111.4615384615386,711.0353501977023,1.0271812635986695,925,VINTAGE SNAP CARDS,0.6397300541608505,High-Revenue Priority,Prioritize inventory monitoring and avoid stockouts
21791,7828,10459.4,13,602.1538461538462,404.24082058302946,1.5072871421857477,604,VINTAGE HEADS AND TAILS CARD GAME,0.6713248170132068,High-Revenue Priority,Prioritize inventory monitoring and avoid stockouts
21792,343,1493.77,9,38.111111111111114,54.2873015640961,6.114237426900584,75,CLASSIC FRENCH STYLE BASKET GREEN,1.4244481459966905,Regular,Maintain standard replenishment review
21793,304,1296.61,13,23.384615384615383,21.712279404131593,5.239243256743257,74,CLASSIC FRENCH STYLE BASKET BROWN,0.9284856324135221,Regular,Maintain standard replenishment review
21794,522,2213.42,11,47.45454545454545,45.1361576485275,6.00304132231405,106,CLASSIC FRENCH STYLE BASKET NATURAL,0.9511450845475145,Regular,Maintain standard replenishment review
21801,1215,515.14,10,121.5,170.1536886987108,0.4211833333333333,124,CHRISTMAS TREE DECORATION WITH BELL,1.400441882293916,Regular,Maintain standard replenishment review
21802,2122,919.14,12,176.83333333333334,204.38503473650516,0.4434551089076951,180,CHRISTMAS TREE HEART DECORATION,1.1558060399802366,High-Turnover Volatile,Monitor closely and replenish in smaller batches
21803,2353,1016.02,12,196.08333333333334,239.83989293364905,0.45313035918492567,198,CHRISTMAS TREE STAR DECORATION,1.2231528751397316,High-Turnover Volatile,Monitor closely and replenish in smaller batches
21804,225,830.03,5,45.0,55.28109984434101,3.929738888888889,65,WHITE CHRISTMAS GARLAND STARS TREES,1.2284688854298003,Regular,Maintain standard replenishment review
21807,438,189.0,7,62.57142857142857,82.25743561700494,0.4911229946524064,30,WHITE CHRISTMAS STAR DECORATION,1.3146165509567,Regular,Maintain standard replenishment review
21808,180,637.83,7,25.714285714285715,26.781301223766093,3.6660204081632655,48,"CHRISTMAS GARLAND STARS,TREES",1.0414950475909035,Regular,Maintain standard replenishment review
21809,1964,1117.92,9,218.22222222222223,321.5632821769992,1.139573112073112,117,CHRISTMAS HANGING TREE WITH BELL,1.4735588287133365,High-Turnover Volatile,Monitor closely and replenish in smaller batches
21810,5781,2908.09,9,642.3333333333334,1052.241654754268,1.176796857676168,250,CHRISTMAS HANGING STAR WITH BELL,1.638155144921019,High-Turnover Volatile,Monitor closely and replenish in smaller batches
21811,4802,2663.68,12,400.1666666666667,654.7011578274519,1.6233957224189528,244,HANGING HEART WITH BELL,1.6360711982360312,High-Turnover Volatile,Monitor closely and replenish in smaller batches
21812,379,1676.97,13,29.153846153846153,43.337524452153765,6.402008665169955,97,GARLAND WITH HEARTS AND BELLS,1.4865113928179392,Regular,Maintain standard replenishment review
21813,543,2250.7700000000004,9,60.333333333333336,64.24173098539609,5.484169006017083,111,GARLAND WITH STARS AND BELLS,1.0647800715811506,Regular,Maintain standard replenishment review
21814,74,111.76999999999998,6,12.333333333333334,15.279616051022575,1.7783333333333333,15,HEART T-LIGHT HOLDER,1.2388877879207494,Long-Tail,Limit stock and avoid excessive local warehouse space
21815,158,270.23,8,19.75,23.08833966684111,1.9009807692307692,29,STAR  T-LIGHT HOLDER,1.169029856548917,Regular,Maintain standard replenishment review
21816,33,47.849999999999994,4,8.25,5.188127472091127,1.45,7,CHRISTMAS TREE T-LIGHT HOLDER,0.6288639360110456,Long-Tail,Limit stock and avoid excessive local warehouse space
21817,906,410.91,5,181.2,188.90394384448408,0.6465262145262145,58,GLITTER CHRISTMAS TREE,1.0425162463823625,Regular,Maintain standard replenishment review
21818,2737,1320.41,12,228.08333333333334,374.5007484719631,0.9615816080055212,163,GLITTER HEART DECORATION,1.641947015587708,High-Turnover Volatile,Monitor closely and replenish in smaller batches
21819,2470,1066.6499999999999,8,308.75,491.3682791087411,0.7754291056166056,124,GLITTER CHRISTMAS STAR,1.5914762076396474,High-Turnover Volatile,Monitor closely and replenish in smaller batches
21820,299,1255.97,12,24.916666666666668,36.49771682356766,5.674456657088123,87,GLITTER HEART GARLAND WITH BELLS,1.4647913106448558,Regular,Maintain standard replenishment review
21821,239,992.0500000000001,8,29.875,40.9021043817692,5.198676470588236,61,GLITTER STAR GARLAND WITH BELLS,1.3691080964608937,Regular,Maintain standard replenishment review
21822,698,719.3000000000001,5,139.6,171.29156429900453,1.5899433497536946,97,GLITTER CHRISTMAS TREE WITH BELLS,1.2270169362392875,Regular,Maintain standard replenishment review
21823,1372,854.3499999999999,11,124.72727272727273,245.60541154831705,1.5253636363636363,97,PAINTED METAL HEART WITH HOLLY BELL,1.9691395969617256,Regular,Maintain standard replenishment review
21824,1892,1067.62,7,270.2857142857143,380.7561399311088,1.3816971310263235,116,PAINTED METAL STAR WITH HOLLY BELLS,1.4087172196182673,High-Turnover Volatile,Monitor closely and replenish in smaller batches
21826,125,185.18,4,31.25,24.185050478894325,1.4993640350877193,35,EIGHT PIECE DINOSAUR SET,0.7739216153246185,Regular,Maintain standard replenishment review
21827,6,7.5,2,3.0,2.8284271247461903,1.25,3,EIGHT PIECE CREEPY CRAWLIE SET,0.9428090415820635,Long-Tail,Limit stock and avoid excessive local warehouse space
21828,330,435.79,13,25.384615384615383,22.7542613647732,1.469642419175028,84,EIGHT PIECE SNAKE  SET,0.8963799931577322,Regular,Maintain standard replenishment review
21829,6657,1438.06,11,605.1818181818181,238.8425498866641,0.26311473018959647,176,DINOSAUR KEYRINGS ASSORTED,0.3946624678914384,High-Turnover Stable,Keep stable local warehouse inventory
21830,2573,1086.91,12,214.41666666666666,119.39503441276041,0.49193298903825217,97,ASSORTED CREEPY CRAWLIES,0.5568365382639429,High-Turnover Stable,Keep stable local warehouse inventory
21832,954,1790.1,13,73.38461538461539,49.370265108900085,2.2314656740946335,198,CHOCOLATE CALCULATOR,0.6727604260122653,Regular,Maintain standard replenishment review
21833,2702,4553.87,13,207.84615384615384,157.21049909481562,1.9729402371507634,167,CAMOUFLAGE LED TORCH,0.7563791592274622,High-Revenue Priority,Prioritize inventory monitoring and avoid stockouts
21836,5,26.49,2,2.5,0.7071067811865476,4.7175,3,GINGHAM OVEN GLOVE RED HEART,0.282842712474619,Long-Tail,Limit stock and avoid excessive local warehouse space
21839,1,5.45,1,1.0,0.0,5.45,1,MUMMY MOUSE RED GINGHAM RIBBON,0.0,Long-Tail,Limit stock and avoid excessive local warehouse space
21841,73,310.25,7,10.428571428571429,13.962534904249335,4.25,21,BABY MOUSE RED GINGHAM DRESS,1.3388732099965115,Long-Tail,Limit stock and avoid excessive local warehouse space
21843,1759,19597.35,13,135.30769230769232,56.51310263320153,12.72615476489272,522,RED RETROSPOT CAKE STAND,0.4176636351515746,High-Revenue Priority,Prioritize inventory monitoring and avoid stockouts
21844,1847,5167.69,13,142.07692307692307,86.936242479246,3.2407725526834836,156,RED RETROSPOT MUG,0.611895588646561,High-Revenue Priority,Prioritize inventory monitoring and avoid stockouts
21845,1906,1720.3000000000002,12,158.83333333333334,134.15515666796435,1.501666666666667,82,DAIRY MAID STRIPE MUG,0.8446284784971522,High-Turnover Stable,Keep stable local warehouse inventory
21846,412,1147.57,12,34.333333333333336,65.34291828267979,4.943036499294212,102,PINK DIAMANTE PEN IN GIFT BOX,1.9031917946411587,Regular,Maintain standard replenishment review
21847,76,178.89,9,8.444444444444445,16.83085790379616,4.188296296296296,33,GREEN  DIAMANTE PEN IN GIFT BOX,1.9931279096600718,Long-Tail,Limit stock and avoid excessive local warehouse space
21849,173,548.9300000000001,12,14.416666666666666,20.424843755197795,4.480660220627326,66,SILVER DIAMANTE PEN IN GIFT BOX,1.4167521679905986,Regular,Maintain standard replenishment review
21850,93,335.13,11,8.454545454545455,9.070431482169262,4.7462222222222215,53,BLUE  DIAMANTE PEN IN GIFT BOX,1.0728467344501278,Long-Tail,Limit stock and avoid excessive local warehouse space
21851,141,454.99,13,10.846153846153847,15.3125555990618,4.852403846153846,63,LILAC DIAMANTE PEN IN GIFT BOX,1.411795906296478,Regular,Maintain standard replenishment review
21864,828,2041.69,13,63.69230769230769,50.117170403273654,2.8849485718529837,184,UNION JACK FLAG PASSPORT COVER,0.7868637865248279,Regular,Maintain standard replenishment review
21865,271,618.9300000000001,13,20.846153846153847,12.273590576560132,2.6771023122176967,106,PINK UNION JACK  PASSPORT COVER,0.5887700276578661,Regular,Maintain standard replenishment review
21866,747,1292.38,13,57.46153846153846,27.244618381787454,1.9011678610975171,193,UNION JACK FLAG LUGGAGE TAG,0.47413659834436,Regular,Maintain standard replenishment review
21867,348,480.25,13,26.76923076923077,15.094998322589321,1.6161761294261294,121,PINK UNION JACK  LUGGAGE TAG,0.5638936154990264,Regular,Maintain standard replenishment review
21868,2453,3229.75,13,188.69230769230768,139.67485136045107,2.1645926690709136,300,POTTING SHED TEA MUG,0.740225465831987,High-Revenue Priority,Prioritize inventory monitoring and avoid stockouts
21870,1383,1821.46,8,172.875,150.44357034164955,1.8167050395256918,161,I CAN ONLY PLEASE ONE PERSON MUG,0.8702448031331861,Regular,Maintain standard replenishment review
21871,4805,5992.68,13,369.61538461538464,274.4984937607547,1.8376586986458168,355,SAVE THE PLANET MUG,0.7426598166263914,High-Revenue Priority,Prioritize inventory monitoring and avoid stockouts
21872,1292,1454.98,13,99.38461538461539,127.76119550522012,1.6381879810472928,142,GLAMOROUS  MUG,1.2855228649906048,Regular,Maintain standard replenishment review
21873,1534,1742.9799999999998,13,118.0,194.08288607362232,1.620938686313686,114,IF YOU CAN'T STAND THE HEAT MUG,1.644770220962901,Regular,Maintain standard replenishment review
21874,2962,4126.18,13,227.84615384615384,258.6754227965509,1.940868486333009,294,GIN AND TONIC MUG,1.1353073924224044,High-Revenue Priority,Prioritize inventory monitoring and avoid stockouts
21875,2031,2399.38,13,156.23076923076923,204.1254327801715,1.796416549262703,147,KINGS CHOICE MUG,1.3065635776180353,High-Turnover Volatile,Monitor closely and replenish in smaller batches
21876,3762,4786.81,13,289.38461538461536,248.38764678808624,2.0360098800340625,330,POTTERING MUG,0.8583305178748329,High-Revenue Priority,Prioritize inventory monitoring and avoid stockouts
21877,4415,5872.46,13,339.61538461538464,328.0123316943888,1.7128232776824517,345,HOME SWEET HOME MUG,0.9658347252609409,High-Revenue Priority,Prioritize inventory monitoring and avoid stockouts
21878,2511,2162.0,13,193.15384615384616,190.5089001218605,1.1497765567765568,223,PACK OF 6 SANDCASTLE FLAGS ASSORTED,0.9863065318933439,High-Turnover Stable,Keep stable local warehouse inventory
21879,1176,385.47,13,90.46153846153847,191.7514082454222,0.8223794347170306,94,HEARTS GIFT TAPE,2.1197009414885106,Regular,Maintain standard replenishment review
21880,1891,850.98,13,145.46153846153845,130.56838271228818,0.49105557450071025,239,RED RETROSPOT TAPE,0.8976144766048368,High-Turnover Stable,Keep stable local warehouse inventory
21881,1102,383.11,13,84.76923076923077,123.07731570450194,0.8608041958041958,79,CUTE CATS TAPE,1.4519102578571008,Regular,Maintain standard replenishment review
21882,704,251.17000000000002,11,64.0,106.43307756520056,0.8410936955764541,70,SKULLS TAPE,1.6630168369562588,Regular,Maintain standard replenishment review
21883,1653,725.4200000000001,13,127.15384615384616,212.12922404116716,0.7398698176509263,133,STARS GIFT TAPE,1.6682879083697355,Regular,Maintain standard replenishment review
21884,1166,413.76000000000005,13,89.6923076923077,126.95825075944231,0.9812747252747253,93,CAKES AND BOWS GIFT  TAPE,1.4154865007484991,Regular,Maintain standard replenishment review
21888,1685,6648.29,13,129.6153846153846,111.67104851716526,4.853885872855072,376,BINGO SET,0.861557050874272,High-Revenue Priority,Prioritize inventory monitoring and avoid stockouts
21889,6366,8817.29,13,489.6923076923077,395.285421059978,1.58121134792912,586,WOODEN BOX OF DOMINOES,0.8072118243449127,High-Revenue Priority,Prioritize inventory monitoring and avoid stockouts
21890,1147,3674.11,13,88.23076923076923,62.10898196739052,3.793810671781998,231,S/6 WOODEN SKITTLES IN COTTON BAG,0.7039378950096572,High-Revenue Priority,Prioritize inventory monitoring and avoid stockouts
21891,8094,10455.05,13,622.6153846153846,337.3330546264177,1.5728905742218275,422,TRADITIONAL WOODEN SKIPPING ROPE,0.5418000630273573,High-Revenue Priority,Prioritize inventory monitoring and avoid stockouts
21892,3180,4302.16,13,244.6153846153846,150.14411880009288,1.5919071878726379,411,TRADITIONAL WOODEN CATCH CUP GAME,0.6137967120758514,High-Revenue Priority,Prioritize inventory monitoring and avoid stockouts
21894,592,902.08,13,45.53846153846154,25.19462702183207,1.7071620879120881,130,POTTING SHED SEED ENVELOPES,0.5532603906821231,Regular,Maintain standard replenishment review
21895,2,12.72,1,2.0,0.0,6.36,2,POTTING SHED SOW 'N' GROW SET,0.0,Long-Tail,Limit stock and avoid excessive local warehouse space
21896,980,2272.79,13,75.38461538461539,138.27059127036526,2.4571736596736597,110,POTTING SHED TWINE,1.8342017209334167,Regular,Maintain standard replenishment review
21897,405,1268.1899999999998,3,135.0,181.51859408887015,3.85,3,POTTING SHED CANDLE CITRONELLA,1.3445821784360752,Regular,Maintain standard replenishment review
21898,493,1541.11,3,164.33333333333334,206.33548733393715,2.766875,25,POTTING SHED ROSE CANDLE,1.2555912008150334,Regular,Maintain standard replenishment review
21899,2679,1757.9700000000003,13,206.07692307692307,200.7753560319184,0.8729632371676905,278,GARAGE KEY FOB,0.9742738441265171,High-Turnover Stable,Keep stable local warehouse inventory
21900,3228,2197.17,13,248.30769230769232,230.07150504983755,0.9500494753974759,372,"KEY FOB , SHED",0.9265581058388749,High-Turnover Stable,Keep stable local warehouse inventory
21901,1828,1277.89,13,140.6153846153846,48.86296904190066,0.894017939229994,308,"KEY FOB , BACK DOOR",0.34749376233299156,Regular,Maintain standard replenishment review
21902,1954,1257.17,13,150.30769230769232,162.5512148090485,0.8919249705204695,209,"KEY FOB , FRONT  DOOR",1.0814563933048262,High-Turnover Volatile,Monitor closely and replenish in smaller batches
21903,1148,2464.9300000000003,13,88.3076923076923,40.49564712283822,2.4354324585296245,179,MAN FLU METAL SIGN,0.45857440121680915,Regular,Maintain standard replenishment review
21904,50,105.0,6,8.333333333333334,5.428320796219275,2.1,23,HOUSE WRECKING METAL SIGN,0.6513984955463129,Long-Tail,Limit stock and avoid excessive local warehouse space
21905,760,821.61,13,58.46153846153846,47.41943234690356,1.5739013986013988,160,MORE BUTTER METAL SIGN,0.8111218690917715,Regular,Maintain standard replenishment review
21906,578,4450.56,13,44.46153846153846,48.03577726482519,9.568098006865124,171,PHARMACIE FIRST AID TIN,1.0803894540531618,High-Revenue Priority,Prioritize inventory monitoring and avoid stockouts
21907,2359,5001.9800000000005,13,181.46153846153845,95.4870107960723,2.321601900136814,366,I'M ON HOLIDAY METAL SIGN,0.5262107419876811,High-Revenue Priority,Prioritize inventory monitoring and avoid stockouts
21908,3747,7701.820000000001,13,288.2307692307692,138.20284237679644,2.5275705412576297,466,CHOCOLATE THIS WAY METAL SIGN,0.4794867763272895,High-Revenue Priority,Prioritize inventory monitoring and avoid stockouts
21910,36,59.39999999999999,3,12.0,16.46207763315433,1.6499999999999997,8,WAY OUT METAL SIGN,1.3718398027628609,Long-Tail,Limit stock and avoid excessive local warehouse space
21911,102,183.40999999999997,5,20.4,18.40652058374966,2.3227666666666664,28,GARDEN METAL SIGN,0.9022804207720423,Regular,Maintain standard replenishment review
21912,1786,7047.7,13,137.3846153846154,76.04882035194943,4.9521874944425655,396,VINTAGE SNAKES & LADDERS,0.5535468446670451,High-Revenue Priority,Prioritize inventory monitoring and avoid stockouts
21913,396,1558.33,13,30.46153846153846,19.594282263862013,4.491547290316522,147,VINTAGE SEASIDE JIGSAW PUZZLES,0.6432466399752681,Regular,Maintain standard replenishment review
21914,7864,10324.810000000001,13,604.9230769230769,381.0005383938588,1.4100091257329632,602,BLUE HARMONICA IN BOX,0.6298330365107025,High-Revenue Priority,Prioritize inventory monitoring and avoid stockouts
21915,21855,26234.08,13,1681.1538461538462,1046.3464886733143,1.395766513913337,657,RED  HARMONICA IN BOX,0.6223978198468582,High-Revenue Priority,Prioritize inventory monitoring and avoid stockouts
21916,4575,1963.41,13,351.9230769230769,257.0260886688553,0.544964089914777,358,SET 12 RETRO WHITE CHALK STICKS,0.7303473557803539,High-Turnover Stable,Keep stable local warehouse inventory
21917,4150,1701.51,13,319.2307692307692,188.6792489235607,0.505391533575357,224,SET 12 KIDS  WHITE CHALK STICKS,0.5910434303629613,High-Turnover Stable,Keep stable local warehouse inventory
21918,7198,2949.83,13,553.6923076923077,365.6570307030402,0.5178312686164019,368,SET 12 KIDS COLOUR  CHALK STICKS,0.6603975269713146,High-Turnover Stable,Keep stable local warehouse inventory
21922,898,6944.36,13,69.07692307692308,86.89789174510271,9.794241165084996,208,UNION STRIPE WITH FRINGE  HAMMOCK,1.2579872969781016,High-Revenue Priority,Prioritize inventory monitoring and avoid stockouts
21925,399,498.75,12,33.25,22.275649158993,1.25,62,UNION STRIPE CUSHION COVER,0.6699443356088121,Regular,Maintain standard replenishment review
21926,402,494.9,12,33.5,24.3403891804249,1.2480208333333334,59,RED/CREAM STRIPE CUSHION COVER,0.7265787815052209,Regular,Maintain standard replenishment review
21927,587,726.15,13,45.15384615384615,26.15927545456281,1.2486713286713287,92,BLUE/CREAM STRIPE CUSHION COVER,0.5793365943940656,Regular,Maintain standard replenishment review
21928,10258,20766.91,13,789.0769230769231,332.1223322659041,2.6951784665489926,803,JUMBO BAG SCANDINAVIAN BLUE PAISLEY,0.42089981667544873,High-Revenue Priority,Prioritize inventory monitoring and avoid stockouts
21929,10793,22809.32,13,830.2307692307693,392.28585535001434,2.6966420148251564,859,JUMBO BAG PINK VINTAGE PAISLEY,0.472502188413804,High-Revenue Priority,Prioritize inventory monitoring and avoid stockouts
21930,6437,14004.119999999999,13,495.15384615384613,255.622718784881,2.790904016236351,704,JUMBO STORAGE BAG SKULLS,0.5162490825234508,High-Revenue Priority,Prioritize inventory monitoring and avoid stockouts
21931,13340,30209.13,13,1026.1538461538462,337.4262502517763,2.7415284063246683,1179,JUMBO STORAGE BAG SUKI,0.32882618090502935,High-Revenue Priority,Prioritize inventory monitoring and avoid stockouts
21932,2690,4945.88,13,206.92307692307693,217.12341403698707,2.4741492160212064,445,SCANDINAVIAN PAISLEY PICNIC BAG,1.0492953094724282,High-Revenue Priority,Prioritize inventory monitoring and avoid stockouts
21933,2671,4955.78,13,205.46153846153845,241.10288792153148,2.416762379545939,409,PINK VINTAGE PAISLEY PICNIC BAG,1.1734696903706137,High-Revenue Priority,Prioritize inventory monitoring and avoid stockouts
21934,2411,4463.78,13,185.46153846153845,107.90938743888732,2.2118202536767053,410,SKULL SHOULDER BAG,0.581842404274382,High-Revenue Priority,Prioritize inventory monitoring and avoid stockouts
21935,3392,6296.96,13,260.9230769230769,128.81476464188253,2.3757840794603458,529,SUKI  SHOULDER BAG,0.49368866165815833,High-Revenue Priority,Prioritize inventory monitoring and avoid stockouts
21936,3984,11662.24,13,306.46153846153845,320.2518840393749,3.880842083744437,530,RED RETROSPOT PICNIC BAG,1.0449986175983619,High-Revenue Priority,Prioritize inventory monitoring and avoid stockouts
21937,1697,4869.35,9,188.55555555555554,188.09512959611095,3.428223266429398,249,STRAWBERRY   PICNIC BAG,0.9975581416411307,High-Revenue Priority,Prioritize inventory monitoring and avoid stockouts
21942,275,302.81,12,22.916666666666668,23.63148259625218,1.300696793674735,102,SKULLS DESIGN FLANNEL,1.0311919678364587,Regular,Maintain standard replenishment review
21943,119,134.49,12,9.916666666666666,8.36071259830854,1.3046190476190476,50,CAKES AND RABBITS DESIGN FLANNEL,0.8430970687369956,Regular,Maintain standard replenishment review
21944,337,310.19,12,28.083333333333332,20.947806712412785,1.2541486923005802,100,KITTENS DESIGN FLANNEL,0.7459159660206333,Regular,Maintain standard replenishment review
21945,358,373.34,12,29.833333333333332,23.8397427279183,1.2500045093795094,105,STRAWBERRIES  DESIGN FLANNEL,0.7990975216062,Regular,Maintain standard replenishment review
21946,86,75.35,10,8.6,5.910442735813733,1.0077500000000001,25,PARTY TIME DESIGN FLANNEL,0.6872607832341551,Long-Tail,Limit stock and avoid excessive local warehouse space
21947,811,1139.65,13,62.38461538461539,70.1504792826802,1.776549561774258,152,SET OF 6 HEART CHOPSTICKS,1.1244836383166985,Regular,Maintain standard replenishment review
21948,640,978.23,13,49.23076923076923,60.54358463970928,1.9572289098058329,153,SET OF 6 CAKE CHOPSTICKS,1.2297915629940948,Regular,Maintain standard replenishment review
21949,801,1054.44,13,61.61538461538461,61.59347701060892,1.9079142246642247,144,SET OF 6 STRAWBERRY CHOPSTICKS,0.9996444458650637,Regular,Maintain standard replenishment review
21955,1228,7580.820000000001,13,94.46153846153847,134.74149038350893,9.118184575869623,206,DOORMAT UNION JACK GUNS AND ROSES,1.4264164291413812,High-Revenue Priority,Prioritize inventory monitoring and avoid stockouts
21967,5271,1582.15,13,405.46153846153845,624.0457535823015,0.42363280297193645,232,PACK OF 12 SKULL TISSUES,1.5390997527167367,High-Turnover Volatile,Monitor closely and replenish in smaller batches
21972,335,499.08,13,25.76923076923077,19.545476229185134,1.8675982905982904,65,SET OF 36 DINOSAUR PAPER DOILIES,0.7584811671027066,Regular,Maintain standard replenishment review
21973,159,230.55,11,14.454545454545455,17.31105794781842,1.45,30,SET OF 36 MUSHROOM PAPER DOILIES,1.1976203611698277,Regular,Maintain standard replenishment review
21974,2158,3457.15,13,166.0,85.02254602946994,2.173360013932383,354,SET OF 36 PAISLEY FLOWER DOILIES,0.5121840122257225,High-Revenue Priority,Prioritize inventory monitoring and avoid stockouts
21975,12288,6089.31,13,945.2307692307693,498.51498704421346,0.6360554734480325,600,PACK OF 60 DINOSAUR CAKE CASES,0.5274002955383117,High-Revenue Priority,Prioritize inventory monitoring and avoid stockouts
21976,5175,2856.7000000000003,13,398.0769230769231,212.94579182601908,0.8519160659045606,392,PACK OF 60 MUSHROOM CAKE CASES,0.534936288645072,High-Turnover Stable,Keep stable local warehouse inventory
21977,24748,12186.72,13,1903.6923076923076,959.1619940183364,0.7462448002033883,866,PACK OF 60 PINK PAISLEY CAKE CASES,0.5038429740681418,High-Revenue Priority,Prioritize inventory monitoring and avoid stockouts
21980,6613,2100.3,13,508.6923076923077,299.0310420383879,0.41147737680379814,296,PACK OF 12 RED RETROSPOT TISSUES,0.5878426654315807,High-Turnover Stable,Keep stable local warehouse inventory
21981,5468,1651.3,13,420.61538461538464,302.0801600186995,0.4704007746639325,271,PACK OF 12 WOODLAND TISSUES,0.7181861887789124,High-Turnover Stable,Keep stable local warehouse inventory
21982,7173,2215.61,13,551.7692307692307,370.8272629869047,0.4558156920985868,359,PACK OF 12 SUKI TISSUES,0.6720694854077459,High-Turnover Stable,Keep stable local warehouse inventory
21983,2301,777.67,13,177.0,76.25614729318549,0.4525387655822438,155,PACK OF 12 BLUE PAISLEY TISSUES,0.43082569092195194,High-Turnover Stable,Keep stable local warehouse inventory
21984,3458,1112.6,13,266.0,191.32607419446694,0.4591999419979969,212,PACK OF 12 PINK PAISLEY TISSUES,0.7192709556182968,High-Turnover Stable,Keep stable local warehouse inventory
21985,8775,2729.5099999999998,13,675.0,480.1038082192919,0.4237609752353238,427,PACK OF 12 HEARTS DESIGN TISSUES,0.7112649010656177,High-Turnover Stable,Keep stable local warehouse inventory
21986,4067,1197.73,13,312.84615384615387,366.21210751736174,0.4180639635464542,189,PACK OF 12 PINK POLKADOT TISSUES,1.1705820992686753,High-Turnover Volatile,Monitor closely and replenish in smaller batches
21987,2101,1338.8500000000001,13,161.6153846153846,124.22394995969877,0.7695734493068589,170,PACK OF 6 SKULL PAPER CUPS,0.7686393857572984,High-Turnover Stable,Keep stable local warehouse inventory
21988,2321,1862.75,13,178.53846153846155,128.86725429979964,1.0202070016293492,193,PACK OF 6 SKULL PAPER PLATES,0.7217898775947416,High-Turnover Stable,Keep stable local warehouse inventory
21989,2409,2233.1,13,185.30769230769232,99.01210752174421,1.149348668718528,335,PACK OF 20 SKULL PAPER NAPKINS,0.5343119127366852,High-Turnover Stable,Keep stable local warehouse inventory
21990,1672,2870.0,13,128.6153846153846,114.02378294427473,2.1677570942537496,366,MODERN FLORAL STATIONERY SET,0.8865485516002222,Regular,Maintain standard replenishment review
21991,623,1065.82,13,47.92307692307692,36.13276799633434,2.1333128028370942,210,BOHEMIAN COLLAGE STATIONERY SET,0.753974292058341,Regular,Maintain standard replenishment review
21992,1901,3510.72,12,158.41666666666666,112.46369784660885,2.198660216204359,436,VINTAGE PAISLEY STATIONERY SET,0.7099233951390354,High-Revenue Priority,Prioritize inventory monitoring and avoid stockouts
21993,1925,3340.84,13,148.07692307692307,116.94689787710028,2.1956588485153703,424,FLORAL FOLK STATIONERY SET,0.7897712583908072,High-Revenue Priority,Prioritize inventory monitoring and avoid stockouts
22021,365,610.45,4,91.25,41.96327759680679,1.7085714285714284,71,BLUE FELT EASTER EGG BASKET,0.45987153530747166,Regular,Maintain standard replenishment review
22023,1194,533.68,13,91.84615384615384,39.104232835346934,0.6091054255573486,145,EMPIRE BIRTHDAY CARD,0.4257579789443134,Regular,Maintain standard replenishment review
22024,2394,1018.69,13,184.15384615384616,82.95264327097134,0.5799187497645643,212,RAINY LADIES BIRTHDAY CARD,0.45045295009299385,High-Turnover Stable,Keep stable local warehouse inventory
22025,1823,756.01,13,140.23076923076923,85.24391849877411,0.5595275852855038,129,RING OF ROSES BIRTHDAY CARD,0.6078831269797386,Regular,Maintain standard replenishment review
22026,1632,707.04,13,125.53846153846153,63.28061233455234,0.5838754040606268,159,BANQUET BIRTHDAY  CARD,0.5040735051159194,Regular,Maintain standard replenishment review
22027,4200,1811.79,13,323.0769230769231,131.6494471050939,0.5355050139769308,359,TEA PARTY BIRTHDAY CARD,0.4074863838967192,High-Turnover Stable,Keep stable local warehouse inventory
22028,3042,1304.1399999999999,13,234.0,119.71424309579875,0.5445517436382201,262,PENNY FARTHING BIRTHDAY CARD,0.5115993294692254,High-Turnover Stable,Keep stable local warehouse inventory
22029,8149,3382.53,13,626.8461538461538,165.2754499584689,0.5249010044191308,526,SPACEBOY BIRTHDAY CARD,0.26366190323476446,High-Revenue Priority,Prioritize inventory monitoring and avoid stockouts
22030,5527,2237.89,12,460.5833333333333,293.38044129309867,0.4707215872687647,274,SWALLOWS GREETING CARD,0.6369758088505851,High-Turnover Stable,Keep stable local warehouse inventory
22031,492,220.54999999999998,13,37.84615384615385,28.50393585058665,0.553282634032634,79,BOTANICAL LAVENDER BIRTHDAY CARD,0.7531527765398911,Regular,Maintain standard replenishment review
22032,427,181.98,11,38.81818181818182,16.228482256934452,0.4518787878787878,60,BOTANICAL LILY GREETING CARD,0.4180639457289905,Regular,Maintain standard replenishment review
22033,337,141.95,8,42.125,30.56813233231161,0.47124999999999995,22,BOTANICAL ROSE GREETING CARD,0.7256529930519077,Regular,Maintain standard replenishment review
22034,10,5.0200000000000005,2,5.0,4.242640687119285,0.625,4,ROBIN CHRISTMAS CARD,0.8485281374238569,Long-Tail,Limit stock and avoid excessive local warehouse space
22035,1452,617.32,11,132.0,72.51482607025959,0.586049728049728,137,VINTAGE CARAVAN GREETING CARD,0.549354742956512,Regular,Maintain standard replenishment review
22037,3929,1695.32,13,302.2307692307692,132.28766246716145,0.5299989243147137,354,ROBOT BIRTHDAY CARD,0.4377041517111476,High-Turnover Stable,Keep stable local warehouse inventory
22038,475,199.5,9,52.77777777777778,26.352313834736496,0.42,19,BOTANICAL LAVENDER GIFT WRAP,0.49930699897395464,Regular,Maintain standard replenishment review
22039,225,94.5,5,45.0,44.721359549995796,0.42000000000000004,6,BOTANICAL LILY GIFT WRAP,0.9938079899999066,Regular,Maintain standard replenishment review
22040,725,304.5,11,65.9090909090909,40.73193966767246,0.42,28,BOTANICAL ROSE GIFT WRAP,0.618001843233651,Regular,Maintain standard replenishment review
22041,4343,11275.51,13,334.0769230769231,153.00460861166977,3.710872387871876,358,"RECORD FRAME 7"" SINGLE SIZE",0.4579921510365431,High-Revenue Priority,Prioritize inventory monitoring and avoid stockouts
22042,387,163.29,9,43.0,33.49253648202835,0.4283333333333333,38,CHRISTMAS CARD SINGING ANGEL,0.7788961972564732,Regular,Maintain standard replenishment review
22043,1238,304.5,9,137.55555555555554,164.96902066078277,0.36005611672278337,64,CHRISTMAS CARD SCREEN PRINT,1.1992901340444628,Regular,Maintain standard replenishment review
22044,816,196.44000000000003,6,136.0,158.2302120329743,0.3113888888888889,36,CHRISTMAS CARD STACK OF PRESENTS,1.1634574414189287,Regular,Maintain standard replenishment review
22045,6477,2652.34,13,498.2307692307692,273.25786168811135,0.4189922668321252,206,SPACEBOY GIFT WRAP,0.5484564153073102,High-Turnover Stable,Keep stable local warehouse inventory
22046,2225,918.5,13,171.15384615384616,78.29308840700878,0.418974358974359,74,TEA PARTY  WRAPPING PAPER,0.4574427637263434,High-Turnover Stable,Keep stable local warehouse inventory
22047,3350,1363.0,13,257.6923076923077,142.66241306862892,0.41836291913214985,105,EMPIRE GIFT WRAP,0.5536153342961719,High-Turnover Stable,Keep stable local warehouse inventory
22048,950,383.0,12,79.16666666666667,62.915286960589576,0.41777777777777775,31,BIRTHDAY BANQUET GIFT WRAP,0.7947194142390261,Regular,Maintain standard replenishment review
22049,1050,291.5,4,262.5,183.14384146529926,0.31321428571428567,33,WRAP CHRISTMAS SCREEN PRINT,0.6976908246297114,Regular,Maintain standard replenishment review
22050,1200,488.0,13,92.3076923076923,67.99556923724836,0.41846153846153844,39,PINK PAISLEY ROSE GIFT WRAP,0.7366186667368573,Regular,Maintain standard replenishment review
22051,975,409.5,12,81.25,33.920026264998405,0.42,39,BLUE SCANDINAVIAN PAISLEY WRAP,0.4174772463384419,Regular,Maintain standard replenishment review
22052,625,262.5,6,104.16666666666667,101.78686883221562,0.42,26,VINTAGE CARAVAN GIFT WRAP,0.9771539407892699,Regular,Maintain standard replenishment review
22053,4244,3606.42,10,424.4,1252.3829907642294,1.236875,28,EMPIRE DESIGN ROSETTE,2.9509495541098714,High-Revenue Priority,Prioritize inventory monitoring and avoid stockouts
22055,1364,2065.04,13,104.92307692307692,71.47314360240675,2.009337308191427,218,MINI CAKE STAND  HANGING STRAWBERY,0.6811956501695658,Regular,Maintain standard replenishment review
22057,548,614.28,13,42.15384615384615,46.120939123580584,1.5859340659340657,60,CERAMIC PLATE STRAWBERRY DESIGN,1.0941098697199774,Regular,Maintain standard replenishment review
22059,1780,2081.54,13,136.92307692307693,123.73456909749834,1.7034865889845645,173,CERAMIC STRAWBERRY DESIGN MUG,0.9036794372289204,Regular,Maintain standard replenishment review
22060,231,1111.05,6,38.5,35.52886150723099,6.889583333333333,34,LARGE CAKE STAND HANGING HEARTS,0.9228275716163894,Regular,Maintain standard replenishment review
22061,581,4208.110000000001,13,44.69230769230769,58.125417009808224,10.339850004696158,145,LARGE CAKE STAND  HANGING STRAWBERY,1.3005687110628346,High-Revenue Priority,Prioritize inventory monitoring and avoid stockouts
22062,583,677.86,11,53.0,37.255872020394314,1.7766287878787879,73,CERAMIC BOWL WITH LOVE HEART DESIGN,0.7029409815168739,Regular,Maintain standard replenishment review
22063,582,1364.5,13,44.76923076923077,52.83015844217809,3.708955710955711,119,CERAMIC BOWL WITH STRAWBERRY DESIGN,1.1800550854782048,Regular,Maintain standard replenishment review
22064,1726,2543.0,13,132.76923076923077,99.18850222863018,2.120134141131449,241,PINK DOUGHNUT TRINKET POT,0.7470744663801809,Regular,Maintain standard replenishment review
22065,6729,3462.25,10,672.9,992.8945843117261,1.8808778554778556,241,CHRISTMAS PUDDING TRINKET POT,1.4755455258013466,High-Revenue Priority,Prioritize inventory monitoring and avoid stockouts
22066,2239,1044.81,13,172.23076923076923,125.64775753812312,0.7079523809523809,135,LOVE HEART TRINKET POT,0.7295314193816885,High-Turnover Stable,Keep stable local warehouse inventory
22067,406,635.3199999999999,13,31.23076923076923,18.028467517391515,2.085664835164835,69,CHOC TRUFFLE GOLD TRINKET POT,0.5772662012957874,Regular,Maintain standard replenishment review
22068,514,836.59,13,39.53846153846154,44.141090804780724,2.577552197802198,142,BLACK PIRATE TREASURE CHEST,1.1164089114049598,Regular,Maintain standard replenishment review
22069,414,993.5,13,31.846153846153847,32.81728750177807,3.223544925662573,146,BROWN  PIRATE TREASURE CHEST,1.0304945350799877,Regular,Maintain standard replenishment review
22070,654,2025.36,13,50.30769230769231,67.55539037879042,4.3097140796287805,113,SMALL RED RETROSPOT MUG IN BOX,1.3428441512603602,Regular,Maintain standard replenishment review
22071,449,1226.3,13,34.53846153846154,59.891033531204805,4.248084441873916,84,SMALL WHITE RETROSPOT MUG IN BOX,1.7340388327520322,Regular,Maintain standard replenishment review
22072,848,2811.17,13,65.23076923076923,50.797233924289365,4.028939597983716,162,RED RETROSPOT TEA CUP AND SAUCER,0.7787311804431153,Regular,Maintain standard replenishment review
22073,324,1298.6399999999999,6,54.0,38.12086043100287,4.7888518518518515,68,RED RETROSPOT STORAGE JAR,0.7059418598333864,Regular,Maintain standard replenishment review
22074,1390,1219.8700000000001,13,106.92307692307692,149.92468194533635,1.7375738291458374,198,6 RIBBONS SHIMMERING PINKS,1.4021732843808437,Regular,Maintain standard replenishment review
22075,1761,2469.23,12,146.75,184.75690416426565,2.494818950464112,199,6 RIBBONS ELEGANT CHRISTMAS,1.2589908290580283,Regular,Maintain standard replenishment review
22076,1259,1667.8799999999999,13,96.84615384615384,89.62407243020348,1.8059173500926244,225,6 RIBBONS EMPIRE,0.9254272768805761,Regular,Maintain standard replenishment review
22077,9159,17165.17,13,704.5384615384615,297.29267716752776,2.225195633574884,953,6 RIBBONS RUSTIC CHARM,0.4219679881185567,High-Revenue Priority,Prioritize inventory monitoring and avoid stockouts
22078,1369,2923.21,11,124.45454545454545,88.30103468970636,2.5601834875671834,192,RIBBON REEL LACE DESIGN,0.709504296264989,Regular,Maintain standard replenishment review
22079,1867,3275.79,13,143.6153846153846,104.66337982753603,2.065906542921888,320,RIBBON REEL HEARTS DESIGN,0.7287755424520452,High-Revenue Priority,Prioritize inventory monitoring and avoid stockouts
22080,1196,1986.98,9,132.88888888888889,106.70337909884162,2.2165404225404224,154,RIBBON REEL POLKADOTS,0.8029518494059988,Regular,Maintain standard replenishment review
22081,634,1160.0,13,48.76923076923077,21.225589297488092,2.27984136262774,137,RIBBON REEL FLORA + FAUNA,0.43522501714092304,Regular,Maintain standard replenishment review
22082,2660,4628.88,13,204.6153846153846,94.61372210338418,1.9721365460403921,407,RIBBON REEL STRIPES DESIGN,0.4623978899789452,High-Revenue Priority,Prioritize inventory monitoring and avoid stockouts
22083,4616,14051.640000000001,13,355.0769230769231,126.87294270152164,3.769493047029137,610,PAPER CHAIN KIT RETROSPOT,0.3573111471230029,High-Revenue Priority,Prioritize inventory monitoring and avoid stockouts
22084,5176,15084.62,11,470.54545454545456,784.2793333546874,3.233624392490847,435,PAPER CHAIN KIT EMPIRE,1.6667451056610436,High-Revenue Priority,Prioritize inventory monitoring and avoid stockouts
22085,548,1566.99,13,42.15384615384615,31.098891067705708,3.273058608058608,97,PAPER CHAIN KIT SKULLS,0.7377474158397339,Regular,Maintain standard replenishment review
22086,18922,63834.94,13,1455.5384615384614,2238.261141131087,4.022865523588113,1152,PAPER CHAIN KIT 50'S CHRISTMAS,1.5377547212083358,High-Revenue Priority,Prioritize inventory monitoring and avoid stockouts
22087,4037,11739.83,8,504.625,382.82929336342966,3.3347873269701225,322,PAPER BUNTING WHITE LACE,0.758641156033549,High-Revenue Priority,Prioritize inventory monitoring and avoid stockouts
22088,1838,5514.8,8,229.75,171.44657643542658,3.5500195035460993,236,PAPER BUNTING COLOURED LACE,0.7462310182173083,High-Revenue Priority,Prioritize inventory monitoring and avoid stockouts
22089,1423,4457.43,13,109.46153846153847,76.21090843247157,3.501656276949769,272,PAPER BUNTING VINTAGE PAISLEY,0.6962345816037459,High-Revenue Priority,Prioritize inventory monitoring and avoid stockouts
22090,7493,22597.510000000002,13,576.3846153846154,387.40408242160163,3.7900087692941153,793,PAPER BUNTING RETROSPOT,0.6721277287442708,High-Revenue Priority,Prioritize inventory monitoring and avoid stockouts
22091,1983,1030.1,13,152.53846153846155,202.49017070161514,1.2756502215732985,167,EMPIRE TISSUE BOX,1.3274696011704472,High-Turnover Volatile,Monitor closely and replenish in smaller batches
22092,670,321.4,11,60.90909090909091,57.926599322685156,0.8177112470862471,91,BLUE PAISLEY TISSUE BOX,0.9510337202231892,Regular,Maintain standard replenishment review
22093,1830,822.13,12,152.5,180.27680736225412,0.9049275309717383,160,MOTORING TISSUE BOX,1.1821429990967482,Regular,Maintain standard replenishment review
22094,2130,1120.96,13,163.84615384615384,189.99159900455516,1.3178657731157732,199,RED RETROSPOT TISSUE BOX,1.159573139464421,High-Turnover Volatile,Monitor closely and replenish in smaller batches
22095,1643,1605.96,13,126.38461538461539,144.33672347531567,1.2545899197420938,143,LADS ONLY TISSUE BOX,1.1420434602429115,Regular,Maintain standard replenishment review
22096,1366,584.09,12,113.83333333333333,183.20273585359587,0.927539184952978,117,PINK PAISLEY SQUARE TISSUE BOX,1.60939445845033,Regular,Maintain standard replenishment review
22097,1596,732.39,13,122.76923076923077,154.322256898864,1.0530701990317375,145,SWALLOW SQUARE TISSUE BOX,1.257010864464431,Regular,Maintain standard replenishment review
22098,1956,987.51,13,150.46153846153845,228.764659051107,1.2176272893772895,171,BOUDOIR SQUARE TISSUE BOX,1.5204195131208544,High-Turnover Volatile,Monitor closely and replenish in smaller batches
22099,1440,800.59,13,110.76923076923077,131.80867058363665,1.1995784637090305,153,CARAVAN SQUARE TISSUE BOX,1.1899393872133863,Regular,Maintain standard replenishment review
22100,755,354.82,11,68.63636363636364,77.81551609707762,1.1903636363636363,59,SKULLS SQUARE TISSUE BOX,1.1337359961163627,Regular,Maintain standard replenishment review
22101,1114,1926.81,13,85.6923076923077,88.79882189100692,2.2837203907203905,68,MIRROR MOSAIC VOTIVE HOLDER,1.0362519610261132,Regular,Maintain standard replenishment review
22102,902,551.04,11,82.0,232.40611007458475,2.006,30,MIRROR MOSAIC T-LIGHT HOLDER,2.8342208545681067,Regular,Maintain standard replenishment review
22103,768,705.92,9,85.33333333333333,167.7460878828475,2.253703703703704,24,MIRROR MOSAIC T-LIGHT HOLDER ROUND,1.9657744673771191,Regular,Maintain standard replenishment review
22104,288,343.71,13,22.153846153846153,34.6598859246203,1.5939545454545454,59,MIRROR MOSAIC CANDLE PLATE,1.5645087396529995,Regular,Maintain standard replenishment review
22105,334,619.8199999999999,13,25.692307692307693,68.0886488525371,4.085230769230769,32,MIRROR MOSAIC GOBLET CANDLE HOLDER,2.6501569912664142,Regular,Maintain standard replenishment review
22106,229,748.38,13,17.615384615384617,34.30874150402115,5.387738095238095,46,MIRROR MOSAIC HURRICANE LAMP,1.947657814638755,Regular,Maintain standard replenishment review
22107,588,2138.06,13,45.23076923076923,52.87115446402674,4.613672385022385,178,PIZZA PLATE IN BOX,1.168920081687666,Regular,Maintain standard replenishment review
22108,152,415.09,12,12.666666666666666,12.680216038691093,3.2047943722943724,63,PING! MICROWAVE PLATE,1.0010696872650864,Regular,Maintain standard replenishment review
22109,1636,6906.15,13,125.84615384615384,95.76259373562496,5.560970070975464,295,FULL ENGLISH BREAKFAST PLATE,0.7609497057231812,High-Revenue Priority,Prioritize inventory monitoring and avoid stockouts
22110,1172,4912.14,13,90.15384615384616,100.94457732987786,4.682584470930161,279,BIRD HOUSE HOT WATER BOTTLE,1.1196924106556416,High-Revenue Priority,Prioritize inventory monitoring and avoid stockouts
22111,4654,24450.440000000002,13,358.0,398.80467232301413,6.129596391847926,770,SCOTTIE DOG HOT WATER BOTTLE,1.113979531628531,High-Revenue Priority,Prioritize inventory monitoring and avoid stockouts
22112,5993,32724.58,13,461.0,499.88181936667127,6.747914205186385,857,CHOCOLATE HOT WATER BOTTLE,1.0843423413593736,High-Revenue Priority,Prioritize inventory monitoring and avoid stockouts
22113,3216,12748.08,13,247.3846153846154,249.53775214101321,4.41669795203946,560,GREY HEART HOT WATER BOTTLE,1.0087036000725036,High-Revenue Priority,Prioritize inventory monitoring and avoid stockouts
22114,5708,32851.840000000004,9,634.2222222222222,656.7447711588151,5.606790900445069,640,HOT WATER BOTTLE TEA AND SYMPATHY,1.0355120778607807,High-Revenue Priority,Prioritize inventory monitoring and avoid stockouts
22115,1549,2020.91,13,119.15384615384616,106.49244586185928,2.713760583874534,228,METAL SIGN EMPIRE TEA,0.8937390550059203,Regular,Maintain standard replenishment review
22116,563,610.22,13,43.30769230769231,38.081895557216804,1.7000454150066047,147,METAL SIGN HIS DINNER IS SERVED,0.8793332899534964,Regular,Maintain standard replenishment review
22117,1320,3896.4500000000003,13,101.53846153846153,216.06697086189715,3.0599388111888115,95,METAL SIGN HER DINNER IS SERVED,2.1279322887914116,High-Revenue Priority,Prioritize inventory monitoring and avoid stockouts
22118,230,895.26,11,20.90909090909091,25.95555642036805,5.564697394109159,89,JOY WOODEN BLOCK LETTERS,1.2413526983654284,Regular,Maintain standard replenishment review
22119,344,1727.92,13,26.46153846153846,34.67615747795447,6.912153199741435,105,PEACE WOODEN BLOCK LETTERS,1.3104361837599072,Regular,Maintain standard replenishment review
22120,511,5127.69,13,39.30769230769231,19.79639956904881,11.13402046027588,186,WELCOME  WOODEN BLOCK LETTERS,0.5036266035178758,High-Revenue Priority,Prioritize inventory monitoring and avoid stockouts
22121,352,2159.7000000000003,11,32.0,27.096125184239906,6.902707292707293,133,NOEL WOODEN BLOCK LETTERS,0.8467539120074971,Regular,Maintain standard replenishment review
22123,508,1068.3799999999999,13,39.07692307692308,28.329788616876815,3.196585826454247,122,PING MICROWAVE APRON,0.7249749055499972,Regular,Maintain standard replenishment review
22124,149,306.15999999999997,12,12.416666666666666,15.084358746326565,2.499861111111111,76,SET OF 2 TEA TOWELS PING MICROWAVE,1.2148476842679112,Regular,Maintain standard replenishment review
22125,13,139.86,2,6.5,7.7781745930520225,10.955,3,UNION JACK HOT WATER BOTTLE,1.1966422450849266,Long-Tail,Limit stock and avoid excessive local warehouse space
22127,404,504.88,4,101.0,74.23835486682968,2.0532142857142857,22,PARTY CONES CARNIVAL ASSORTED,0.7350332165032641,Regular,Maintain standard replenishment review
22128,1750,2112.5299999999997,12,145.83333333333334,126.01935878220769,1.3395376984126983,75,PARTY CONES CANDY ASSORTED,0.8641327459351383,Regular,Maintain standard replenishment review
22129,1188,1226.4199999999998,13,91.38461538461539,86.46920305474704,1.6508897356513457,100,PARTY CONES CANDY DECORATION,0.9462118179391511,Regular,Maintain standard replenishment review
22130,2277,2664.63,11,207.0,285.18941074310595,1.7671067887109075,110,PARTY CONE CHRISTMAS DECORATION,1.3777266219473718,High-Turnover Volatile,Monitor closely and replenish in smaller batches
22131,2030,3934.64,13,156.15384615384616,92.28926098039626,2.8515648985843756,290,FOOD CONTAINER SET 3 LOVE HEART,0.5910149717956411,High-Revenue Priority,Prioritize inventory monitoring and avoid stockouts
22132,1026,928.83,13,78.92307692307692,70.761879495556,1.2063878205128205,153,RED LOVE HEART SHAPE CUP,0.8965930150509045,Regular,Maintain standard replenishment review
22133,816,770.73,13,62.76923076923077,47.13483115162616,1.2990495206547836,133,PINK LOVE HEART SHAPE CUP,0.7509225551116913,Regular,Maintain standard replenishment review
22134,889,419.0,13,68.38461538461539,87.54193134486891,0.6745576439689341,162,MINI LADLE LOVE HEART RED,1.280140728327667,Regular,Maintain standard replenishment review
22135,567,322.38,13,43.61538461538461,28.596440517246375,0.6893808481404634,179,MINI LADLE LOVE HEART PINK,0.6556503116828976,Regular,Maintain standard replenishment review
22136,378,679.28,12,31.5,34.02806328472268,2.33246164021164,84,LOVE HEART SOCK HANGER,1.0802559772927833,Regular,Maintain standard replenishment review
22137,82,237.98000000000002,8,10.25,8.581541653039805,3.2800000000000002,14,BATHROOM SET LOVE HEART DESIGN,0.8372235759063225,Long-Tail,Limit stock and avoid excessive local warehouse space
22138,4900,24002.12,13,376.9230769230769,301.2934509572745,5.299479080128255,924,BAKING SET 9 PIECE RETROSPOT,0.799349971927463,High-Revenue Priority,Prioritize inventory monitoring and avoid stockouts
22139,4506,22808.86,13,346.61538461538464,194.13334698154364,5.7886312973738265,958,RETROSPOT TEA SET CERAMIC 11 PC,0.5600828918686345,High-Revenue Priority,Prioritize inventory monitoring and avoid stockouts
22141,2791,6463.79,12,232.58333333333334,329.70412585538054,3.0322308852840067,457,CHRISTMAS CRAFT TREE TOP ANGEL,1.4175741706429832,High-Revenue Priority,Prioritize inventory monitoring and avoid stockouts
22142,3247,4946.19,10,324.7,433.25692916174654,2.19401128959276,377,CHRISTMAS CRAFT WHITE FAIRY,1.334329932743291,High-Revenue Priority,Prioritize inventory monitoring and avoid stockouts
22144,4061,9637.08,12,338.4166666666667,466.1173200607397,3.0867217983869573,543,CHRISTMAS CRAFT LITTLE FRIENDS,1.3773474121469775,High-Revenue Priority,Prioritize inventory monitoring and avoid stockouts
22145,30,63.0,1,30.0,0.0,2.1,1,CHRISTMAS CRAFT HEART STOCKING,0.0,Long-Tail,Limit stock and avoid excessive local warehouse space
22146,1,1.95,1,1.0,0.0,1.95,1,EASTER CRAFT IVY WREATH WITH CHICK,0.0,Long-Tail,Limit stock and avoid excessive local warehouse space
22147,5373,7552.29,13,413.3076923076923,371.8132113071886,1.7033242426786568,478,FELTCRAFT BUTTERFLY HEARTS,0.8996038985656899,High-Revenue Priority,Prioritize inventory monitoring and avoid stockouts
22148,1921,3894.0499999999997,12,160.08333333333334,276.395125050199,2.600050761907172,185,EASTER CRAFT 4 CHICKS,1.72657027621155,High-Revenue Priority,Prioritize inventory monitoring and avoid stockouts
22149,5464,11234.48,12,455.3333333333333,286.68999200382194,2.415712886110796,545,FELTCRAFT 6 FLOWER FRIENDS,0.6296266295837963,High-Revenue Priority,Prioritize inventory monitoring and avoid stockouts
22150,3014,5894.19,13,231.84615384615384,101.41404090315943,2.25491288009602,466,3 STRIPEY MICE FELTCRAFT,0.43741955266790733,High-Revenue Priority,Prioritize inventory monitoring and avoid stockouts
22151,14670,6156.61,13,1128.4615384615386,557.767665996129,0.5750320872063857,330,PLACE SETTING WHITE HEART,0.49427264198702636,High-Revenue Priority,Prioritize inventory monitoring and avoid stockouts
22152,2407,1053.08,13,185.15384615384616,239.87421917671983,0.5289912927095201,105,PLACE SETTING WHITE STAR,1.2955400287899284,High-Turnover Volatile,Monitor closely and replenish in smaller batches
22153,2593,1109.05,9,288.1111111111111,274.35626676114236,0.5381060606060606,131,ANGEL DECORATION STARS ON DRESS,0.9522585425569925,High-Turnover Stable,Keep stable local warehouse inventory
22154,3745,1636.67,11,340.45454545454544,408.7036490261284,0.6031449024139701,162,ANGEL DECORATION 3 BUTTONS,1.2004646566855575,High-Turnover Volatile,Monitor closely and replenish in smaller batches
22155,2404,1113.45,13,184.92307692307693,253.60943119242154,0.6570131356658948,141,STAR DECORATION RUSTIC,1.3714320322385523,High-Turnover Volatile,Monitor closely and replenish in smaller batches
22156,2159,2081.81,13,166.07692307692307,73.50222393286425,1.1797372227188017,254,HEART DECORATION WITH PEARLS,0.44257939375971994,High-Turnover Stable,Keep stable local warehouse inventory
22157,212,180.2,2,106.0,38.18376618407357,0.85,11,ANGEL DECORATION WITH LACE PADDED,0.3602242092837129,Regular,Maintain standard replenishment review
22158,3413,11797.38,13,262.53846153846155,384.3582563582695,3.9204734509424166,303,3 HEARTS HANGING DECORATION RUSTIC,1.464007422401847,High-Revenue Priority,Prioritize inventory monitoring and avoid stockouts
22161,5059,1641.19,13,389.15384615384613,358.2405723704501,0.6654886149582551,339,HEART DECORATION RUSTIC HANGING,0.9205628465736018,High-Turnover Stable,Keep stable local warehouse inventory
22162,256,817.6400000000001,11,23.272727272727273,31.282873618294428,3.060777272727273,90,HEART GARLAND RUSTIC PADDED,1.3441859757860886,Regular,Maintain standard replenishment review
22163,851,1023.8199999999999,13,65.46153846153847,117.42913847977667,2.6168515779092703,121,HEART STRING MEMO HOLDER HANGING,1.7938646301258478,Regular,Maintain standard replenishment review
22164,78,250.22000000000003,6,13.0,13.65283853270081,3.6206666666666667,15,STRING OF STARS CARD HOLDER,1.050218348669293,Long-Tail,Limit stock and avoid excessive local warehouse space
22165,414,3315.45,13,31.846153846153847,50.15948922162544,11.744640242424744,145,"DIAMANTE HEART SHAPED WALL MIRROR,",1.5750564248336492,High-Revenue Priority,Prioritize inventory monitoring and avoid stockouts
22166,206,1606.45,13,15.846153846153847,25.96743522775579,11.983975463133358,86,WALL MIRROR RECTANGLE DIAMANTE PINK,1.6387216405865304,Regular,Maintain standard replenishment review
22167,234,2371.22,13,18.0,9.416297927883688,10.49470808678501,154,OVAL WALL MIRROR DIAMANTE,0.5231276626602049,Regular,Maintain standard replenishment review
22168,139,1171.3,5,27.8,24.128820940941146,8.494516129032258,74,ORGANISER WOOD ANTIQUE WHITE,0.8679431993144298,Regular,Maintain standard replenishment review
22169,1178,10191.06,13,90.61538461538461,48.92943637106137,10.186021233184837,365,FAMILY ALBUM WHITE PICTURE FRAME,0.539968313093207,High-Revenue Priority,Prioritize inventory monitoring and avoid stockouts
22170,1055,6899.45,13,81.15384615384616,39.738407437151096,7.717389448356941,263,PICTURE FRAME WOOD TRIPLE PORTRAIT,0.4896675797942789,High-Revenue Priority,Prioritize inventory monitoring and avoid stockouts
22171,1768,13401.01,13,136.0,124.29601763532087,9.90952461306105,374,3 HOOK PHOTO SHELF ANTIQUE WHITE,0.9139413061420651,High-Revenue Priority,Prioritize inventory monitoring and avoid stockouts
22173,2347,7500.85,12,195.58333333333334,71.71719501351164,3.841555819928582,490,METAL 4 HOOK HANGER FRENCH CHATEAU,0.3666835705846356,High-Revenue Priority,Prioritize inventory monitoring and avoid stockouts
22174,3218,5978.78,13,247.53846153846155,333.1672791518338,2.664343133199199,321,PHOTO CUBE,1.3459212644418392,High-Revenue Priority,Prioritize inventory monitoring and avoid stockouts
22175,876,2591.28,13,67.38461538461539,76.20645036296517,3.452866422466423,170,PINK OWL SOFT TOY,1.1309176423727707,Regular,Maintain standard replenishment review
22176,512,1536.88,11,46.54545454545455,35.29408912654819,3.298712711530894,115,BLUE OWL SOFT TOY,0.7582714460781836,Regular,Maintain standard replenishment review
22178,24125,32950.92,13,1855.7692307692307,683.6071183857672,1.6660836201495763,1031,VICTORIAN GLASS HANGING T-LIGHT,0.36836860265347043,High-Revenue Priority,Prioritize inventory monitoring and avoid stockouts
22179,961,7192.45,13,73.92307692307692,36.63664271932664,8.968167232228645,287,SET 10 NIGHT OWL LIGHTS,0.49560494833636454,High-Revenue Priority,Prioritize inventory monitoring and avoid stockouts
22180,325,3471.79,12,27.083333333333332,13.780475868108297,11.98524223583434,151,RETROSPOT LAMP,0.508817570514768,High-Revenue Priority,Prioritize inventory monitoring and avoid stockouts
22181,567,480.51,12,47.25,40.68979099121905,1.0539170274170273,56,SNOWSTORM PHOTO FRAME FRIDGE MAGNET,0.8611595976977576,Regular,Maintain standard replenishment review
22182,372,1420.58,13,28.615384615384617,32.82666208419222,4.242910945685139,122,CAKE STAND VICTORIAN FILIGREE SMALL,1.147168298641126,Regular,Maintain standard replenishment review
22183,321,1913.01,8,40.125,27.90001280081632,6.157638859995839,128,CAKE STAND VICTORIAN FILIGREE MED,0.695327421827198,Regular,Maintain standard replenishment review
22184,56,471.86,2,28.0,4.242640687119285,8.43275,35,CAKE STAND VICTORIAN FILIGREE LARGE,0.1515228816828316,Long-Tail,Limit stock and avoid excessive local warehouse space
22185,1472,2235.94,13,113.23076923076923,74.88675210626803,1.9961471359887026,162,SLATE TILE NATURAL HANGING,0.6613639791993781,Regular,Maintain standard replenishment review
22186,848,1997.48,10,84.8,117.60461064279939,3.6061004972323856,149,RED STAR CARD HOLDER,1.3868468236179174,Regular,Maintain standard replenishment review
22187,1264,3237.18,9,140.44444444444446,212.4788878401282,4.916385185185185,191,GREEN CHRISTMAS TREE CARD HOLDER,1.5129034735452165,High-Revenue Priority,Prioritize inventory monitoring and avoid stockouts
22188,4869,12479.27,13,374.53846153846155,554.6417184971176,4.3329625601833275,188,BLACK HEART CARD HOLDER,1.480867188429355,High-Revenue Priority,Prioritize inventory monitoring and avoid stockouts
22189,8279,23416.07,13,636.8461538461538,553.8445699763678,4.479541488028165,522,CREAM HEART CARD HOLDER,0.8696677629777487,High-Revenue Priority,Prioritize inventory monitoring and avoid stockouts
22190,676,1057.71,13,52.0,46.98049240553643,2.244624542124542,116,LOCAL CAFE MUG,0.9034710077987775,Regular,Maintain standard replenishment review
22191,1433,11809.65,13,110.23076923076923,116.33153330471339,8.903185482674452,409,IVORY DINER WALL CLOCK,1.0553453823874908,High-Revenue Priority,Prioritize inventory monitoring and avoid stockouts
22192,938,8063.49,13,72.15384615384616,30.829764173187556,9.065292198091374,362,BLUE DINER WALL CLOCK,0.42727818150473157,High-Revenue Priority,Prioritize inventory monitoring and avoid stockouts
22193,1382,11714.27,13,106.3076923076923,72.43316990553501,9.373076357025507,456,RED DINER WALL CLOCK,0.6813539860867982,High-Revenue Priority,Prioritize inventory monitoring and avoid stockouts
22194,64,608.6899999999999,9,7.111111111111111,4.935697631653617,10.531358585858586,43,BLACK DINER WALL CLOCK,0.6940824794512899,Long-Tail,Limit stock and avoid excessive local warehouse space
22195,1976,3720.66,13,152.0,89.1683800458436,2.3591315311108865,373,LARGE HEART MEASURING SPOONS,0.586634079248971,High-Revenue Priority,Prioritize inventory monitoring and avoid stockouts
22196,2823,2733.76,13,217.15384615384616,107.36141932265221,1.2147628953311544,470,SMALL HEART MEASURING SPOONS,0.4944025686129928,High-Turnover Stable,Keep stable local warehouse inventory
22197,56676,51171.770000000004,13,4359.692307692308,2991.389347906626,1.0496664549963812,1389,POPCORN HOLDER,0.6861468967955773,High-Revenue Priority,Prioritize inventory monitoring and avoid stockouts
22198,1025,1870.9099999999999,3,341.6666666666667,448.3573723419002,2.0464141414141412,86,LARGE POPCORN HOLDER,1.3122654800250737,Regular,Maintain standard replenishment review
22199,459,1892.59,13,35.30769230769231,21.75386791425307,5.39369688026773,165,FRYING PAN RED RETROSPOT,0.6161226206651197,Regular,Maintain standard replenishment review
22200,394,1792.48,13,30.307692307692307,21.30095700269754,5.75444873636062,139,FRYING PAN PINK POLKADOT,0.702823454403726,Regular,Maintain standard replenishment review
22201,192,712.55,13,14.76923076923077,14.934043023429425,4.664594017094017,86,FRYING PAN BLUE POLKADOT,1.0111591630447005,Regular,Maintain standard replenishment review
22202,64,319.35,5,12.8,14.184498581197715,4.93159595959596,37,MILK PAN PINK POLKADOT,1.1081639516560715,Long-Tail,Limit stock and avoid excessive local warehouse space
22203,403,1483.13,13,31.0,16.436747447918847,4.595866436667907,145,MILK PAN RED RETROSPOT,0.5302176596102854,Regular,Maintain standard replenishment review
22204,193,654.54,13,14.846153846153847,18.04552647170555,4.214260355029586,78,MILK PAN BLUE POLKADOT,1.2155017830682495,Regular,Maintain standard replenishment review
22206,5,4.17,5,1.0,0.0,0.834,5,"MUG , DOTCOMGIFTSHOP.COM",0.0,Long-Tail,Limit stock and avoid excessive local warehouse space
22207,1261,5563.59,13,97.0,44.65795935030321,5.929400988257859,207,FRYING PAN UNION FLAG,0.4603913335082805,High-Revenue Priority,Prioritize inventory monitoring and avoid stockouts
22208,1497,1561.53,13,115.15384615384616,103.65314447219804,1.4386423942249886,279,WOOD STAMP SET THANK YOU,0.9001275071065962,Regular,Maintain standard replenishment review
22209,933,954.26,13,71.76923076923077,48.21333468062172,1.4169720031602384,172,WOOD STAMP SET HAPPY BIRTHDAY,0.671782798336637,Regular,Maintain standard replenishment review
22210,1017,958.04,13,78.23076923076923,89.35990324352589,1.4664809079809078,187,WOOD STAMP SET BEST WISHES,1.142260316780567,Regular,Maintain standard replenishment review
22211,960,1052.79,13,73.84615384615384,61.58442193965148,1.577260271651576,195,WOOD STAMP SET FLOWERS,0.8339557137661139,Regular,Maintain standard replenishment review
22212,1602,3686.2400000000002,13,123.23076923076923,65.9572511128153,2.84573372695318,397,FOUR HOOK  WHITE LOVEBIRDS,0.5352336232625462,High-Revenue Priority,Prioritize inventory monitoring and avoid stockouts
22214,193,416.6,13,14.846153846153847,19.63774492249621,3.231524526198439,56,CANDLE PLATE LACE WHITE,1.3227496579919726,Regular,Maintain standard replenishment review
22215,342,2462.89,13,26.307692307692307,23.368014519083612,9.026484267868883,100,CAKE STAND WHITE TWO TIER LACE,0.8882578618365116,Regular,Maintain standard replenishment review
22216,588,512.93,13,45.23076923076923,55.80494877421095,1.2252564102564103,68,T-LIGHT HOLDER WHITE LACE,1.233782881062487,Regular,Maintain standard replenishment review
22217,839,831.26,13,64.53846153846153,93.79020505416631,1.5149798534798533,82,T-LIGHT HOLDER HANGING LACE,1.4532451319477497,Regular,Maintain standard replenishment review
22218,1,4.25,1,1.0,0.0,4.25,1,CAKE STAND LACE WHITE,0.0,Long-Tail,Limit stock and avoid excessive local warehouse space
22219,4109,4013.33,13,316.0769230769231,156.4222179116837,1.1911198639816731,542,LOVEBIRD HANGING DECORATION WHITE,0.4948865497327544,High-Revenue Priority,Prioritize inventory monitoring and avoid stockouts
22220,214,1697.5,12,17.833333333333332,22.319308124391203,11.023164351851852,82,CAKE STAND LOVEBIRD 2 TIER WHITE,1.251549988283619,Regular,Maintain standard replenishment review
22221,131,1104.54,13,10.076923076923077,9.647638212377322,10.542679487179488,51,CAKE STAND LOVEBIRD 2 TIER PINK,0.9573992119153067,Regular,Maintain standard replenishment review
22222,1057,3880.2,13,81.3076923076923,110.11765269881771,5.933688404239229,222,CAKE PLATE LOVEBIRD WHITE,1.3543325308274647,High-Revenue Priority,Prioritize inventory monitoring and avoid stockouts
22223,441,1821.6100000000001,13,33.92307692307692,45.450452030134855,6.248966666666667,78,CAKE PLATE LOVEBIRD PINK,1.3398092435187148,Regular,Maintain standard replenishment review
22224,832,2758.1600000000003,13,64.0,32.79227551319568,3.739866876157898,163,WHITE LOVEBIRD LANTERN,0.5123793048936826,Regular,Maintain standard replenishment review
22227,2340,1707.42,13,180.0,76.67355041559856,0.8935821097061507,289,HANGING HEART MIRROR DECORATION,0.4259641689755475,High-Turnover Stable,Keep stable local warehouse inventory
22228,1000,777.78,12,83.33333333333333,73.64204991138904,0.7945470588235294,147,BUNNY WOODEN PAINTED WITH BIRD,0.8837045989366685,Regular,Maintain standard replenishment review
22229,568,432.46,12,47.333333333333336,43.89519197802738,0.745617201426025,101,BUNNY WOODEN PAINTED WITH FLOWER,0.9273632108033952,Regular,Maintain standard replenishment review
22230,1047,480.63,13,80.53846153846153,112.04881033476393,0.8362239316239316,101,JIGSAW TREE WITH WATERING CAN,1.3912459735930576,Regular,Maintain standard replenishment review
22231,974,992.92,13,74.92307692307692,50.10898378943896,1.3136045137658041,142,JIGSAW TREE WITH BIRDHOUSE,0.6688057384627377,Regular,Maintain standard replenishment review
22232,626,549.74,13,48.15384615384615,36.7283862832872,1.221621978021978,78,JIGSAW TOADSTOOLS 3 PIECE,0.7627300665858364,Regular,Maintain standard replenishment review
22233,590,597.24,13,45.38461538461539,40.080208044907614,1.3218680294064908,104,JIGSAW RABBIT AND BIRDHOUSE,0.8831232281081338,Regular,Maintain standard replenishment review
22236,268,3179.4,12,22.333333333333332,14.163546893559557,12.573065476190477,82,CAKE STAND 3 TIER MAGIC GARDEN,0.6341886668758011,High-Revenue Priority,Prioritize inventory monitoring and avoid stockouts
22241,1950,2606.93,12,162.5,266.3372776284714,1.6066479438008114,238,GARLAND WOODEN HAPPY EASTER,1.638998631559824,High-Turnover Volatile,Monitor closely and replenish in smaller batches
22242,616,954.78,3,205.33333333333334,213.35729032150115,1.9360714285714284,33,5 HOOK HANGER MAGIC TOADSTOOL,1.0390777126047133,Regular,Maintain standard replenishment review
22243,3092,4741.74,12,257.6666666666667,360.8473193454371,1.8287498513994456,130,5 HOOK HANGER RED MAGIC TOADSTOOL,1.400442377796004,High-Revenue Priority,Prioritize inventory monitoring and avoid stockouts
22244,1703,3276.21,10,170.3,92.18706826640901,2.8230202464202465,159,3 HOOK HANGER MAGIC GARDEN,0.5413215987457957,High-Revenue Priority,Prioritize inventory monitoring and avoid stockouts
22245,1262,1070.0,9,140.22222222222223,160.6422872236462,1.093517483321831,98,"HOOK, 1 HANGER ,MAGIC GARDEN",1.1456264540513597,Regular,Maintain standard replenishment review
22246,419,939.37,12,34.916666666666664,20.676989113211786,3.0093329124579125,89,MAGIC GARDEN FELT GARLAND,0.5921810724547528,Regular,Maintain standard replenishment review
22247,668,591.4399999999999,9,74.22222222222223,89.54576731730229,1.0964939752346048,113,BUNNY DECORATION MAGIC GARDEN,1.2064549488858092,Regular,Maintain standard replenishment review
22248,577,511.49,12,48.083333333333336,69.9356305772846,1.273342013888889,108,DECORATION  PINK CHICK MAGIC GARDEN,1.4544671870492463,Regular,Maintain standard replenishment review
22249,928,812.86,11,84.36363636363636,113.08251211153096,1.1636693257602349,145,DECORATION WHITE CHICK MAGIC GARDEN,1.3404177082185782,Regular,Maintain standard replenishment review
22250,819,730.95,13,63.0,77.32399368889322,1.2985387872996568,147,DECORATION  BUTTERFLY  MAGIC GARDEN,1.2273649791887813,Regular,Maintain standard replenishment review
22251,712,889.49,13,54.76923076923077,61.48597922311753,1.792997806893961,137,BIRDHOUSE DECORATION MAGIC GARDEN,1.1226372610962472,Regular,Maintain standard replenishment review
22252,637,754.07,13,49.0,35.66510900025401,1.2275897435897436,66,BIRDCAGE DECORATION TEALIGHT HOLDER,0.7278593673521228,Regular,Maintain standard replenishment review
22254,657,836.8,13,50.53846153846154,66.5802966157098,1.6185493096646941,61,FELT TOADSTOOL LARGE,1.3174183500825378,Regular,Maintain standard replenishment review
22255,629,602.63,13,48.38461538461539,38.651301102590025,1.1908941058941058,77,FELT TOADSTOOL  SMALL,0.7988345219931166,Regular,Maintain standard replenishment review
22256,286,387.9,6,47.666666666666664,52.221323869341596,1.8050873015873015,50,FELT FARM ANIMAL CHICKEN,1.0955522490071663,Regular,Maintain standard replenishment review
22257,373,280.42,7,53.285714285714285,61.77570797035106,1.3398744588744589,42,FELT FARM ANIMAL SHEEP,1.1593296401942559,Regular,Maintain standard replenishment review
22258,912,743.89,8,114.0,137.44609332908874,1.4841935483870967,77,FELT FARM ANIMAL RABBIT,1.2056674853428837,Regular,Maintain standard replenishment review
22259,481,332.84000000000003,5,96.2,104.20748533574736,1.2666190476190475,44,FELT FARM ANIMAL HEN,1.0832378933029871,Regular,Maintain standard replenishment review
22260,548,574.04,13,42.15384615384615,58.53039972789945,1.3311385601577908,103,FELT EGG COSY BLUE RABBIT,1.388494884056009,Regular,Maintain standard replenishment review
22261,579,544.7099999999999,12,48.25,66.73301622544462,1.2753379629629629,107,FELT EGG COSY WHITE RABBIT,1.3830676937915982,Regular,Maintain standard replenishment review
22262,1023,950.4599999999999,13,78.6923076923077,90.3671996314524,1.1886121216245056,137,FELT EGG COSY CHICKEN,1.14836128563918,Regular,Maintain standard replenishment review
22263,326,195.97,12,27.166666666666668,46.905772727368166,1.2963730158730158,51,FELT EGG COSY LADYBIRD,1.7265928611301165,Regular,Maintain standard replenishment review
22264,1561,736.9799999999999,10,156.1,233.0815069646,1.3246619047619048,96,FELT FARM ANIMAL WHITE BUNNY,1.4931550734439463,Regular,Maintain standard replenishment review
22265,536,363.55,10,53.6,56.0658343180388,0.7495861244019139,64,EASTER DECORATION NATURAL CHICK,1.0460043716052014,Regular,Maintain standard replenishment review
22266,1887,595.85,12,157.25,204.9652409556313,0.4771110262286733,92,EASTER DECORATION HANGING BUNNY,1.3034355545668126,High-Turnover Volatile,Monitor closely and replenish in smaller batches
22267,836,673.17,12,69.66666666666667,61.8331087147762,0.7820416666666666,83,EASTER DECORATION EGG BUNNY,0.8875565844226249,Regular,Maintain standard replenishment review
22268,2009,802.34,11,182.63636363636363,137.54146482226568,0.6538480167922892,158,DECORATION SITTING BUNNY,0.7530891553235055,High-Turnover Stable,Keep stable local warehouse inventory
22269,932,621.49,13,71.6923076923077,68.01640073710729,1.134576513481491,125,EGG CUP NATURAL CHICKEN,0.9487266197235995,Regular,Maintain standard replenishment review
22270,239,927.2,9,26.555555555555557,28.592442668960235,4.17888468013468,52,HAPPY EASTER HANGING DECORATION,1.0767028620110548,Regular,Maintain standard replenishment review
22271,1701,5007.35,12,141.75,67.1607637078241,3.342621091599033,301,FELTCRAFT DOLL ROSIE,0.47379727483473794,High-Revenue Priority,Prioritize inventory monitoring and avoid stockouts
22272,196,564.92,6,32.666666666666664,18.575970140659322,2.991481481481482,48,FELTCRAFT DOLL MARIA,0.5686521471630405,Regular,Maintain standard replenishment review
22273,3069,8509.59,13,236.07692307692307,277.87031193779995,3.250925662591833,329,FELTCRAFT DOLL MOLLY,1.1770329277260996,High-Revenue Priority,Prioritize inventory monitoring and avoid stockouts
22274,1340,3953.4800000000005,13,103.07692307692308,62.845659540472035,3.239559150995298,267,FELTCRAFT DOLL EMILY,0.6096966970344302,High-Revenue Priority,Prioritize inventory monitoring and avoid stockouts
22275,69,527.85,1,69.0,0.0,7.65,1,WEEKEND BAG VINTAGE ROSE PAISLEY,0.0,Long-Tail,Limit stock and avoid excessive local warehouse space
22276,290,838.86,13,22.307692307692307,21.50342846844279,3.1277041420118343,85,WASH BAG VINTAGE ROSE PAISLEY,0.9639467934129528,Regular,Maintain standard replenishment review
22277,417,897.74,13,32.07692307692308,33.312814197296355,2.649256981580511,100,COSMETIC BAG VINTAGE ROSE PAISLEY,1.0385289797718287,Regular,Maintain standard replenishment review
22278,400,2679.6,13,30.76923076923077,20.017300209876147,7.786465257120937,176,OVERNIGHT BAG VINTAGE ROSE PAISLEY,0.6505622568209748,Regular,Maintain standard replenishment review
22279,831,1003.4,13,63.92307692307692,67.31203648984524,1.6095579710144927,128,POCKET BAG BLUE PAISLEY RED SPOT,1.053016214642585,Regular,Maintain standard replenishment review
22280,468,509.59,13,36.0,42.359571921034956,1.5282086013206415,95,POCKET BAG PINK PAISELY BROWN SPOT,1.1766547755843044,Regular,Maintain standard replenishment review
22281,131,929.44,8,16.375,18.791620472966134,8.561983173076923,63,EASTER TREE YELLOW BIRDS,1.1475798762116722,Regular,Maintain standard replenishment review
22282,149,2378.52,13,11.461538461538462,6.063763746158879,17.18717915844839,99,12 EGG HOUSE PAINTED WOOD,0.529053212752117,Regular,Maintain standard replenishment review
22283,295,2694.63,13,22.692307692307693,11.470139605257755,9.829628139381985,153,6 EGG HOUSE PAINTED WOOD,0.5054637792147485,Regular,Maintain standard replenishment review
22284,915,1577.2699999999998,13,70.38461538461539,80.59315361900421,2.0194395604395603,130,HEN HOUSE DECORATION,1.1450393410350326,Regular,Maintain standard replenishment review
22285,870,1493.25,13,66.92307692307692,72.85540650089227,1.9539767206477734,120,HANGING HEN ON NEST DECORATION,1.0886440051857467,Regular,Maintain standard replenishment review
22286,1123,1022.49,12,93.58333333333333,69.29968953535773,1.304586111111111,115,DECORATION WOBBLY RABBIT METAL,0.7405131562104121,Regular,Maintain standard replenishment review
22287,794,716.86,12,66.16666666666667,58.15470485669837,1.3752849927849928,80,DECORATION WOBBLY CHICKEN,0.8789124159702524,Regular,Maintain standard replenishment review
22288,474,616.95,10,47.4,71.9308309728481,1.6326666666666667,58,HANGING METAL RABBIT DECORATION,1.5175280795959516,Regular,Maintain standard replenishment review
22289,148,193.52,9,16.444444444444443,31.145268946948875,1.6252777777777778,34,HANGING METAL CHICKEN DECORATION,1.893969057584729,Regular,Maintain standard replenishment review
22291,1265,1871.2199999999998,11,115.0,122.96259593876506,1.5316546352150064,119,HANGING CHICK CREAM DECORATION,1.0692399646849136,Regular,Maintain standard replenishment review
22292,1136,1604.51,12,94.66666666666667,139.83583448480078,1.5568165006038648,112,HANGING CHICK  YELLOW DECORATION,1.4771390966704308,Regular,Maintain standard replenishment review
22293,903,1335.87,12,75.25,75.94630280066903,1.7233074039949041,122,HANGING CHICK GREEN DECORATION,1.0092531933643725,Regular,Maintain standard replenishment review
22294,5433,6775.08,13,417.9230769230769,215.8461881133807,1.4514411838161838,298,HEART FILIGREE DOVE  SMALL,0.5164734852703753,High-Revenue Priority,Prioritize inventory monitoring and avoid stockouts
22295,2789,4613.969999999999,13,214.53846153846155,126.82902886998134,1.9323489264049363,250,HEART FILIGREE DOVE LARGE,0.5911715221619783,High-Revenue Priority,Prioritize inventory monitoring and avoid stockouts
22296,3140,5247.719999999999,13,241.53846153846155,97.01513231159299,1.8944342302633872,318,HEART IVORY TRELLIS LARGE,0.40165500638557605,High-Revenue Priority,Prioritize inventory monitoring and avoid stockouts
22297,4164,5459.91,13,320.3076923076923,162.89791517766815,1.7444698443133928,378,HEART IVORY TRELLIS SMALL,0.5085669782203857,High-Revenue Priority,Prioritize inventory monitoring and avoid stockouts
22299,1355,1356.97,13,104.23076923076923,147.13494590916295,1.7816073926073925,79,PIG KEYRING WITH LIGHT & SOUND,1.4116267873203827,Regular,Maintain standard replenishment review
22300,1522,3393.91,13,117.07692307692308,125.21146216065947,3.109417460169425,195,COFFEE MUG DOG + BALL DESIGN,1.0694802944077353,High-Revenue Priority,Prioritize inventory monitoring and avoid stockouts
22301,2198,4962.98,13,169.07692307692307,121.00582736550442,3.140944143425561,250,COFFEE MUG CAT + BIRD DESIGN,0.7156850572118096,High-Revenue Priority,Prioritize inventory monitoring and avoid stockouts
22302,2323,5118.99,13,178.69230769230768,135.9089061438976,2.722722296245953,211,COFFEE MUG PEARS  DESIGN,0.7605750236206066,High-Revenue Priority,Prioritize inventory monitoring and avoid stockouts
22303,2774,6247.35,13,213.3846153846154,150.04973534439532,2.800289647683207,259,COFFEE MUG APPLES DESIGN,0.7031890985858468,High-Revenue Priority,Prioritize inventory monitoring and avoid stockouts
22304,761,1352.8799999999999,12,63.416666666666664,127.4936421468882,3.022468253968254,61,COFFEE MUG BLUE PAISLEY DESIGN,2.0104122283346366,Regular,Maintain standard replenishment review
22305,693,1604.58,13,53.30769230769231,78.95925596511218,2.939056776556776,51,COFFEE MUG PINK PAISLEY DESIGN,1.4811981638477032,Regular,Maintain standard replenishment review
22306,1150,1392.45,8,143.75,161.16783620986985,1.7154732142857143,110,SILVER MUG BONE CHINA TREE OF LIFE,1.121167556242573,Regular,Maintain standard replenishment review
22307,740,933.28,6,123.33333333333333,110.1320419617591,3.37513282247765,72,GOLD MUG BONE CHINA TREE OF LIFE,0.8929625023926414,Regular,Maintain standard replenishment review
22308,250,877.38,13,19.23076923076923,15.817468435002729,4.061064528866386,105,TEA COSY BLUE STRIPE,0.8225083586201419,Regular,Maintain standard replenishment review
22309,369,1091.05,12,30.75,32.008876609749706,3.7458815172400697,121,TEA COSY RED  STRIPE,1.0409390767398279,Regular,Maintain standard replenishment review
22310,668,1296.23,12,55.666666666666664,71.29622370891404,2.6649968796635464,109,IVORY KNITTED MUG COSY,1.280770485788875,Regular,Maintain standard replenishment review
22311,1131,3400.8100000000004,13,87.0,111.7631424039249,3.801877233877234,141,OFFICE MUG WARMER BLACK+SILVER,1.284633820734769,High-Revenue Priority,Prioritize inventory monitoring and avoid stockouts
22312,645,1950.49,13,49.61538461538461,54.12876385918191,3.4832822392661105,131,OFFICE MUG WARMER POLKADOT,1.0909673335959145,Regular,Maintain standard replenishment review
22313,565,1564.83,13,43.46153846153846,75.6963400531089,3.347509157509158,65,OFFICE MUG WARMER PINK,1.741685700337019,Regular,Maintain standard replenishment review
22314,570,1759.1200000000001,13,43.84615384615385,47.721145127791026,3.6878183884266886,133,OFFICE MUG WARMER CHOC+BLUE,1.0883769941426022,Regular,Maintain standard replenishment review
22315,916,1218.93,13,70.46153846153847,43.39472968117861,1.4889110747928453,172,200 RED + WHITE BENDY STRAWS,0.615864067527644,Regular,Maintain standard replenishment review
22316,660,742.37,13,50.76923076923077,73.95286093874692,1.4251410256410255,55,200 BENDY SKULL STRAWS,1.4566472609147123,Regular,Maintain standard replenishment review
22317,286,879.6700000000001,12,23.833333333333332,25.995920425864494,3.900882716049383,89,FIVE CATS HANGING DECORATION,1.0907379199663425,Regular,Maintain standard replenishment review
22318,455,1520.97,13,35.0,18.699376103674332,3.9050325738932554,140,FIVE HEART HANGING DECORATION,0.5342678886764095,Regular,Maintain standard replenishment review
22319,1322,572.26,13,101.6923076923077,159.53389640626253,0.6146153846153847,61,HAIRCLIPS FORTIES FABRIC ASSORTED,1.568790206718164,Regular,Maintain standard replenishment review
22320,182,1105.6200000000001,13,14.0,10.661457061146317,6.214207758053912,70,BIRDS MOBILE VINTAGE DESIGN,0.7615326472247369,Regular,Maintain standard replenishment review
22321,893,860.93,13,68.6923076923077,54.11620924052333,1.3024979757085018,132,BIRD DECORATION RED RETROSPOT,0.7878059575888054,Regular,Maintain standard replenishment review
22322,808,737.61,12,67.33333333333333,85.12272779862491,1.21520916005291,138,BIRD DECORATION GREEN POLKADOT,1.2641989277023502,Regular,Maintain standard replenishment review
22323,1,1.95,1,1.0,0.0,1.95,1,PINK POLKADOT KIDS BAG,0.0,Long-Tail,Limit stock and avoid excessive local warehouse space
22324,286,688.3,13,22.0,22.015146301277824,3.443017094017094,74,BLUE POLKADOT KIDS BAG,1.000688468239901,Regular,Maintain standard replenishment review
22325,246,1131.5,12,20.5,23.65855601526164,5.5192275985663075,92,MOBILE VINTAGE HEARTS,1.1540759031834946,Regular,Maintain standard replenishment review
22326,8516,24308.82,13,655.0769230769231,249.6248724047284,3.4944650655825624,728,ROUND SNACK BOXES SET OF4 WOODLAND,0.3810619235863632,High-Revenue Priority,Prioritize inventory monitoring and avoid stockouts
22327,1159,4280.650000000001,13,89.15384615384616,43.96939495043902,4.372334764904516,284,ROUND SNACK BOXES SET OF 4 SKULLS,0.49318562066929006,High-Revenue Priority,Prioritize inventory monitoring and avoid stockouts
22328,6824,19062.52,13,524.9230769230769,429.3536734710405,3.2655539941600633,579,ROUND SNACK BOXES SET OF 4 FRUITS,0.8179363650532718,High-Revenue Priority,Prioritize inventory monitoring and avoid stockouts
22329,1591,2642.0899999999997,13,122.38461538461539,94.0758014064,2.1562769452769452,237,ROUND CONTAINER SET OF 5 RETROSPOT,0.7686897663627907,Regular,Maintain standard replenishment review
22331,1840,2975.14,13,141.53846153846155,96.01962940341537,2.025878842480057,183,WOODLAND PARTY BAG + STICKER SET,0.6783995555676086,Regular,Maintain standard replenishment review
22332,1023,1663.1499999999999,13,78.6923076923077,55.54035262069165,1.7816253045596935,146,SKULLS PARTY BAG + STICKER SET,0.705791382276629,Regular,Maintain standard replenishment review
22333,4452,6977.94,13,342.46153846153845,175.2263371493259,1.8739302680167418,315,RETROSPOT PARTY BAG + STICKER SET,0.5116672019185168,High-Revenue Priority,Prioritize inventory monitoring and avoid stockouts
22334,707,1160.71,13,54.38461538461539,43.44064621514905,1.7813434343434342,101,DINOSAUR PARTY BAG + STICKER SET,0.7987671864171678,Regular,Maintain standard replenishment review
22335,2380,1668.89,13,183.07692307692307,102.29732933827543,0.909194985056804,225,HEART DECORATION PAINTED ZINC,0.5587669249569667,High-Turnover Stable,Keep stable local warehouse inventory
22336,2381,754.0300000000001,11,216.45454545454547,357.67928752902753,0.6841753246753247,79,DOVE DECORATION PAINTED ZINC,1.6524452594789176,High-Turnover Volatile,Monitor closely and replenish in smaller batches
22337,912,574.5400000000001,7,130.28571428571428,119.77856553617914,0.7756065637724624,77,ANGEL DECORATION PAINTED ZINC,0.9193530249487435,Regular,Maintain standard replenishment review
22338,4661,1222.21,9,517.8888888888889,743.4407246789156,0.728808083874282,179,STAR DECORATION PAINTED ZINC,1.4355216739133747,High-Turnover Volatile,Monitor closely and replenish in smaller batches
22339,2468,683.3100000000001,6,411.3333333333333,419.9650779132316,0.6523439649781113,83,CHRISTMAS TREE PAINTED ZINC,1.0209847923336264,High-Turnover Stable,Keep stable local warehouse inventory
22340,1386,769.8100000000001,7,198.0,257.5105175845575,1.5953085029724374,127,NOEL GARLAND PAINTED ZINC,1.3005581696189772,Regular,Maintain standard replenishment review
22341,453,827.6299999999999,13,34.84615384615385,26.494798715490536,2.5253409923409924,78,LOVE GARLAND PAINTED ZINC,0.760336386978757,Regular,Maintain standard replenishment review
22342,961,1071.3799999999999,13,73.92307692307692,52.55070811204092,2.023493561993562,126,HOME GARLAND PAINTED ZINC,0.7108836685291696,Regular,Maintain standard replenishment review
22343,1956,858.03,13,150.46153846153845,166.26465618836704,0.7699179154179153,93,PARTY PIZZA DISH RED RETROSPOT,1.1050309460372043,High-Turnover Volatile,Monitor closely and replenish in smaller batches
22344,1225,459.81,12,102.08333333333333,142.79639563399562,0.8852715053763441,76,PARTY PIZZA DISH PINK POLKADOT,1.3988218347819978,Regular,Maintain standard replenishment review
22345,1099,383.75,13,84.53846153846153,134.20048148486364,0.8089007444168733,70,PARTY PIZZA DISH BLUE POLKADOT,1.5874488255716355,Regular,Maintain standard replenishment review
22346,1034,381.09,10,103.4,127.76645360448363,0.8002777777777779,59,PARTY PIZZA DISH GREEN POLKADOT,1.2356523559427817,Regular,Maintain standard replenishment review
22348,4072,3573.0899999999997,13,313.2307692307692,140.90372235806606,1.0786722961249278,357,TEA BAG PLATE RED RETROSPOT,0.44983997805865883,High-Revenue Priority,Prioritize inventory monitoring and avoid stockouts
22349,1366,5381.5199999999995,13,105.07692307692308,224.91793375157283,4.162460317460317,131,DOG BOWL CHASING BALL DESIGN,2.1405074222331235,High-Revenue Priority,Prioritize inventory monitoring and avoid stockouts
22350,1409,3819.5699999999997,13,108.38461538461539,252.48186022680864,3.017020737809199,119,ILLUSTRATED CAT BOWL,2.329499065257993,High-Revenue Priority,Prioritize inventory monitoring and avoid stockouts
22351,13,23.09,2,6.5,7.7781745930520225,2.4699999999999998,2,DOTCOMGIFTSHOP TEA TOWEL,1.1966422450849266,Long-Tail,Limit stock and avoid excessive local warehouse space
22352,3082,7845.67,13,237.07692307692307,115.96871815167911,3.3599672623568866,481,LUNCH BOX WITH CUTLERY RETROSPOT,0.4891607190044869,High-Revenue Priority,Prioritize inventory monitoring and avoid stockouts
22353,60,153.0,4,15.0,11.633285577743433,2.55,24,LUNCH BOX WITH CUTLERY FAIRY CAKES,0.7755523718495622,Long-Tail,Limit stock and avoid excessive local warehouse space
22354,750,2860.98,13,57.69230769230769,31.61851940288744,4.771798534798535,83,RETROSPOT PADDED SEAT CUSHION,0.5480543363167156,Regular,Maintain standard replenishment review
22355,18014,29173.65,13,1385.6923076923076,337.49256402064736,1.2253353732294923,880,CHARLOTTE BAG SUKI DESIGN,0.24355519774999534,High-Revenue Priority,Prioritize inventory monitoring and avoid stockouts
22356,9571,11307.49,13,736.2307692307693,292.44320070917297,1.283012557727292,735,CHARLOTTE BAG PINK POLKADOT,0.3972167599226046,High-Revenue Priority,Prioritize inventory monitoring and avoid stockouts
22357,464,2158.04,13,35.69230769230769,22.035519112653155,5.362582295909219,179,KINGS CHOICE BISCUIT TIN,0.6173744578976099,Regular,Maintain standard replenishment review
22358,697,2548.2700000000004,13,53.61538461538461,29.99038307396351,4.382212435404176,254,KINGS CHOICE TEA CADDY,0.5593615207482434,Regular,Maintain standard replenishment review
22359,183,605.7700000000001,13,14.076923076923077,8.067026904437785,3.6419240759240763,81,GLASS JAR KINGS CHOICE,0.5730674850147061,Regular,Maintain standard replenishment review
22360,974,3086.62,13,74.92307692307692,38.25454556533453,3.9627153240286033,211,GLASS JAR ENGLISH CONFECTIONERY,0.5105842837262309,Regular,Maintain standard replenishment review
22361,727,2592.33,13,55.92307692307692,32.46911747712878,4.5511760795548595,268,GLASS JAR DAISY FRESH COTTON WOOL,0.580603201104091,Regular,Maintain standard replenishment review
22362,408,1329.44,13,31.384615384615383,31.394103643673976,4.159095285056823,133,GLASS JAR PEACOCK BATH SALTS,1.0003023219798082,Regular,Maintain standard replenishment review
22363,354,1057.1,13,27.23076923076923,34.806976901558706,3.8177387057387056,79,GLASS JAR MARMALADE,1.2782223155939638,Regular,Maintain standard replenishment review
22364,610,1983.6200000000001,13,46.92307692307692,28.294468064922572,4.15718785308259,163,GLASS JAR DIGESTIVE BISCUITS,0.6029968603999893,Regular,Maintain standard replenishment review
22365,787,5738.13,13,60.53846153846154,78.86128685294557,9.95066637249919,178,DOORMAT RESPECTABLE HOUSE,1.3026642046865213,High-Revenue Priority,Prioritize inventory monitoring and avoid stockouts
22366,773,5841.13,13,59.46153846153846,52.251978247423615,9.731389317668583,217,DOORMAT AIRMAIL,0.8787525449113933,High-Revenue Priority,Prioritize inventory monitoring and avoid stockouts
22367,3732,7475.429999999999,13,287.0769230769231,145.78492236765635,2.418005244732421,547,CHILDRENS APRON SPACEBOY DESIGN,0.5078252922774739,High-Revenue Priority,Prioritize inventory monitoring and avoid stockouts
22371,1080,5047.82,13,83.07692307692308,37.12919232998373,5.135407858890489,388,AIRLINE BAG VINTAGE TOKYO 78,0.4469254632312856,High-Revenue Priority,Prioritize inventory monitoring and avoid stockouts
22372,278,1285.24,13,21.384615384615383,13.162690084341051,4.993622977449901,146,AIRLINE BAG VINTAGE WORLD CHAMPION,0.6155214787641499,Regular,Maintain standard replenishment review
22374,542,2410.52,13,41.69230769230769,22.0657525567889,4.809699764790262,220,AIRLINE BAG VINTAGE JET SET RED,0.5292523675982578,Regular,Maintain standard replenishment review
22375,346,1626.54,13,26.615384615384617,14.168853526535246,5.240429488547492,167,AIRLINE BAG VINTAGE JET SET BROWN,0.5323557683380294,Regular,Maintain standard replenishment review
22376,252,1133.2,13,19.384615384615383,10.291893748143579,4.741696134275082,122,AIRLINE BAG VINTAGE JET SET WHITE,0.5309310266899466,Regular,Maintain standard replenishment review
22377,1322,2154.73,13,101.6923076923077,129.34023904376176,2.6938751956942,206,BOTTLE BAG RETROSPOT,1.271878296194329,Regular,Maintain standard replenishment review
22378,2283,3638.57,13,175.6153846153846,237.82680619221574,3.2592290564356827,293,WALL TIDY RETROSPOT,1.3542481298724507,High-Revenue Priority,Prioritize inventory monitoring and avoid stockouts
22379,6895,15605.49,13,530.3846153846154,242.66662264017634,3.1978004254839973,747,RECYCLING BAG RETROSPOT,0.45752952782049205,High-Revenue Priority,Prioritize inventory monitoring and avoid stockouts
22380,1302,2794.46,13,100.15384615384616,30.970002028431082,2.6762563340094156,284,TOY TIDY SPACEBOY,0.30922429060645473,Regular,Maintain standard replenishment review
22381,3429,7412.74,13,263.7692307692308,152.6046929412471,3.035166617029546,468,TOY TIDY PINK POLKADOT,0.5785538081762065,High-Revenue Priority,Prioritize inventory monitoring and avoid stockouts
22382,10416,18013.16,13,801.2307692307693,372.01750717006,2.0166223908289913,1155,LUNCH BAG SPACEBOY DESIGN,0.46430756463237133,High-Revenue Priority,Prioritize inventory monitoring and avoid stockouts
22383,12406,22321.54,13,954.3076923076923,420.168494895279,2.23765856015067,1281,LUNCH BAG SUKI DESIGN,0.4402861868159461,High-Revenue Priority,Prioritize inventory monitoring and avoid stockouts
22384,10463,17349.39,13,804.8461538461538,435.6831505719583,2.101098973862934,1086,LUNCH BAG PINK POLKADOT,0.5413247593840637,High-Revenue Priority,Prioritize inventory monitoring and avoid stockouts
22385,8555,16871.010000000002,13,658.0769230769231,337.0236048949839,2.6686956656807346,683,JUMBO BAG SPACEBOY DESIGN,0.5121340577013198,High-Revenue Priority,Prioritize inventory monitoring and avoid stockouts
22386,21004,41607.39,13,1615.6923076923076,876.7552285382909,2.6321129750706342,1209,JUMBO BAG PINK POLKADOT,0.5426498748332594,High-Revenue Priority,Prioritize inventory monitoring and avoid stockouts
22389,238,431.55,11,21.636363636363637,14.813998293996983,2.552967532467532,44,PAPERWEIGHT SAVE THE PLANET,0.6846805934200286,Regular,Maintain standard replenishment review
22390,266,440.34000000000003,13,20.46153846153846,19.268347899320034,2.6568376068376063,36,PAPERWEIGHT CHILDHOOD MEMORIES,0.9416861755306785,Regular,Maintain standard replenishment review
22391,158,245.58,11,14.363636363636363,16.818280097992943,3.0290909090909093,29,PAPERWEIGHT HOME SWEET HOME,1.1708929182146985,Regular,Maintain standard replenishment review
22393,510,736.88,13,39.23076923076923,63.97806114358506,3.1462164224664226,71,PAPERWEIGHT VINTAGE COLLAGE,1.6308133232678543,Regular,Maintain standard replenishment review
22394,168,230.68,11,15.272727272727273,18.900216448977027,2.7836363636363632,23,PAPERWEIGHT KINGS CHOICE,1.237514172254448,Regular,Maintain standard replenishment review
22395,152,220.04,11,13.818181818181818,22.622193447224262,3.6934469696969696,33,PAPERWEIGHT VINTAGE PAISLEY,1.6371324205228084,Regular,Maintain standard replenishment review
22396,1220,622.87,13,93.84615384615384,88.44286870992498,0.9175996919746919,127,MAGNETS PACK OF 4 RETRO PHOTO,0.942424010843463,Regular,Maintain standard replenishment review
22398,2497,1491.62,13,192.07692307692307,147.28569829782157,0.9819892122189283,245,MAGNETS PACK OF 4 SWALLOWS,0.7668057981063999,High-Turnover Stable,Keep stable local warehouse inventory
22399,1134,1324.5800000000002,13,87.23076923076923,83.57048307282686,1.3361365301365302,96,MAGNETS PACK OF 4 CHILDHOOD MEMORY,0.9580390475720892,Regular,Maintain standard replenishment review
22400,1393,729.09,13,107.15384615384616,120.09846387710803,0.9515223029658514,150,MAGNETS PACK OF 4 HOME SWEET HOME,1.1208040419256313,Regular,Maintain standard replenishment review
22402,1713,1025.66,13,131.76923076923077,112.04549213463389,0.9243368700265252,150,MAGNETS PACK OF 4 VINTAGE COLLAGE,0.8503160523936022,Regular,Maintain standard replenishment review
22403,1316,681.78,13,101.23076923076923,109.5933041188754,1.065020581270581,124,MAGNETS PACK OF 4 VINTAGE LABELS,1.0826086273141187,Regular,Maintain standard replenishment review
22405,372,415.36,13,28.615384615384617,22.70660132185668,1.4606880341880344,70,MONEY BOX POCKET MONEY DESIGN,0.7935102612476796,Regular,Maintain standard replenishment review
22406,346,403.46,13,26.615384615384617,24.874814778333732,1.5466085972850676,84,MONEY BOX KINGS CHOICE DESIGN,0.934602867394042,Regular,Maintain standard replenishment review
22407,94,99.28,10,9.4,7.411702458499891,1.2648333333333333,24,MONEY BOX FIRST ADE DESIGN,0.7884789849467969,Long-Tail,Limit stock and avoid excessive local warehouse space
22408,145,162.44,11,13.181818181818182,11.779797806568515,1.4674242424242423,29,MONEY BOX CONFECTIONERY DESIGN,0.8936398336017495,Regular,Maintain standard replenishment review
22409,228,299.72,13,17.53846153846154,14.78521437458937,1.5574679487179486,57,MONEY BOX BISCUITS DESIGN,0.843016609077464,Regular,Maintain standard replenishment review
22410,237,247.42000000000002,13,18.23076923076923,21.96646628444459,1.458501221001221,58,MONEY BOX HOUSEKEEPING DESIGN,1.2049116527332475,Regular,Maintain standard replenishment review
22411,12237,27985.97,13,941.3076923076923,421.48574207110585,2.703799238995595,1169,JUMBO SHOPPER VINTAGE RED PAISLEY,0.44776617201310587,High-Revenue Priority,Prioritize inventory monitoring and avoid stockouts
22412,911,1931.8500000000001,12,75.91666666666667,46.881782337615064,2.5423022613960113,147,METAL SIGN NEIGHBOURHOOD WITCH,0.6175426872133707,Regular,Maintain standard replenishment review
22413,3756,11042.84,13,288.9230769230769,374.63147704076283,3.3286407638025612,409,METAL SIGN TAKE IT OR LEAVE IT,1.2966478172337372,High-Revenue Priority,Prioritize inventory monitoring and avoid stockouts
22414,277,2022.19,13,21.307692307692307,30.499684739858694,10.028834665334667,93,DOORMAT NEIGHBOURHOOD WITCH,1.4313931466359677,Regular,Maintain standard replenishment review
22415,19,151.05,2,9.5,4.949747468305833,7.95,13,WHITE TISSUE REAM,0.5210260492953508,Long-Tail,Limit stock and avoid excessive local warehouse space
22416,868,1210.82,13,66.76923076923077,97.41419630128681,1.5807359307359308,76,SET OF 36 DOILIES SPACEBOY DESIGN,1.4589683777842493,Regular,Maintain standard replenishment review
22417,8396,4550.04,13,645.8461538461538,243.95554450003323,0.7711025922396899,519,PACK OF 60 SPACEBOY CAKE CASES,0.3777301189257304,High-Revenue Priority,Prioritize inventory monitoring and avoid stockouts
22418,6410,5454.55,13,493.0769230769231,232.23783123429794,1.057308588055029,312,10 COLOUR SPACEBOY PEN,0.4709971616296214,High-Revenue Priority,Prioritize inventory monitoring and avoid stockouts
22419,3338,1673.1,13,256.7692307692308,171.7033070183147,0.5928054589888955,272,LIPSTICK PEN RED,0.6687067079802549,High-Turnover Stable,Keep stable local warehouse inventory
22420,1333,611.3,13,102.53846153846153,92.37569610438251,0.5807200854700855,126,LIPSTICK PEN BABY PINK,0.9008882590825001,Regular,Maintain standard replenishment review
22421,2597,1347.1000000000001,13,199.76923076923077,163.79517384330643,0.6143577989500442,213,LIPSTICK PEN FUSCHIA,0.8199219329853614,High-Turnover Stable,Keep stable local warehouse inventory
22422,1273,776.1,13,97.92307692307692,142.26000933646202,1.0788515912755263,205,TOOTHPASTE TUBE PEN,1.4527730725640269,Regular,Maintain standard replenishment review
22423,13505,170216.63999999998,13,1038.8461538461538,383.1441952567915,14.089824857092234,1946,REGENCY CAKESTAND 3 TIER,0.36881707059150604,High-Revenue Priority,Prioritize inventory monitoring and avoid stockouts
22424,849,12066.73,13,65.3076923076923,21.576934503402065,16.054621508166623,440,ENAMEL BREAD BIN CREAM,0.33038886754325897,High-Revenue Priority,Prioritize inventory monitoring and avoid stockouts
22425,457,2331.27,13,35.15384615384615,14.999145274793461,5.805138851344735,165,ENAMEL COLANDER CREAM,0.426671528604628,Regular,Maintain standard replenishment review
22426,734,2825.21,13,56.46153846153846,23.715731012049734,5.027756335706711,206,ENAMEL WASH BOWL CREAM,0.4200333830472024,Regular,Maintain standard replenishment review
22427,2075,12468.810000000001,11,188.63636363636363,88.74150407478197,6.642465925730756,499,ENAMEL FLOWER JUG CREAM,0.47043688907113335,High-Revenue Priority,Prioritize inventory monitoring and avoid stockouts
22428,246,1854.76,13,18.923076923076923,9.041216165073687,8.293135864135865,114,ENAMEL FIRE BUCKET CREAM,0.47778784612178016,Regular,Maintain standard replenishment review
22429,1256,5481.68,13,96.61538461538461,50.02755650895225,4.894747431983271,373,ENAMEL MEASURING JUG CREAM,0.5178011422104931,High-Revenue Priority,Prioritize inventory monitoring and avoid stockouts
22430,600,3157.19,13,46.15384615384615,34.61417376799605,5.775878797715445,191,ENAMEL WATERING CAN CREAM,0.7499737649732477,High-Revenue Priority,Prioritize inventory monitoring and avoid stockouts
22431,2052,3987.0099999999998,13,157.84615384615384,118.61762527399132,2.4398200179374694,333,WATERING CAN BLUE ELEPHANT,0.7514761835096917,High-Revenue Priority,Prioritize inventory monitoring and avoid stockouts
22432,1704,3319.42,13,131.07692307692307,103.80226517957234,2.27829237914082,275,WATERING CAN PINK BUNNY,0.7919186897502586,High-Revenue Priority,Prioritize inventory monitoring and avoid stockouts
22433,1394,2667.5,13,107.23076923076923,97.06711925789105,2.4553301561236784,227,WATERING CAN GREEN DINOSAUR,0.9052170375556554,Regular,Maintain standard replenishment review
22434,777,1539.21,13,59.76923076923077,40.97388161205836,2.124038406038406,123,BALLOON PUMP WITH 10 BALLOONS,0.6855346987860473,Regular,Maintain standard replenishment review
22435,2745,3430.5,13,211.15384615384616,130.10562769909055,1.4586427823540145,265,SET OF 9 HEART SHAPED BALLOONS,0.6161650856423232,High-Revenue Priority,Prioritize inventory monitoring and avoid stockouts
22436,2114,1385.51,13,162.6153846153846,85.98113985204203,0.7048303043110735,162,12 COLOURED PARTY BALLOONS,0.5287392706133143,High-Turnover Stable,Keep stable local warehouse inventory
22437,2828,2417.2400000000002,13,217.53846153846155,109.39806167129241,1.013876327470141,226,SET OF 9 BLACK SKULL BALLOONS,0.5028906653913724,High-Turnover Stable,Keep stable local warehouse inventory
22438,1009,1034.9,13,77.61538461538461,158.85556252013885,2.0597288864981174,98,BALLOON ART MAKE YOUR OWN FLOWERS,2.046701994808528,Regular,Maintain standard replenishment review
22439,1834,1251.62,13,141.07692307692307,63.88852471096504,0.7766942861060507,195,6 ROCKET BALLOONS,0.4528630432074948,Regular,Maintain standard replenishment review
22440,6010,2375.04,13,462.3076923076923,754.4985514250931,0.4564745397764628,154,BALLOON WATER BOMB PACK OF 35,1.6320268167264909,High-Turnover Volatile,Monitor closely and replenish in smaller batches
22441,1047,2292.9100000000003,13,80.53846153846153,40.08868374120762,2.5551738744533057,219,GROW YOUR OWN BASIL IN ENAMEL MUG,0.4977582508459399,Regular,Maintain standard replenishment review
22442,292,1209.5,11,26.545454545454547,55.36671136407442,7.938865800865801,75,GROW YOUR OWN FLOWERS SET OF 3,2.0857322774137623,Regular,Maintain standard replenishment review
22443,162,1375.8400000000001,9,18.0,11.6081867662439,8.446345679012346,88,GROW YOUR OWN HERBS SET OF 3,0.6448992647913278,Regular,Maintain standard replenishment review
22444,838,1106.62,6,139.66666666666666,160.41903461455772,2.901137931034483,57,GROW YOUR OWN PLANT IN A CAN,1.1485849733739217,Regular,Maintain standard replenishment review
22445,534,1615.91,13,41.07692307692308,31.608178104359688,3.70845808678501,130,PENCIL CASE LIFE IS BEAUTIFUL,0.7694874819413406,Regular,Maintain standard replenishment review
22446,439,1135.18,12,36.583333333333336,37.41282797343308,3.1776818160597577,133,PIN CUSHION BABUSHKA PINK,1.0226741131690136,Regular,Maintain standard replenishment review
22447,137,410.81,12,11.416666666666666,18.067843526469055,3.880096618357488,45,PIN CUSHION BABUSHKA BLUE,1.5825848344352458,Regular,Maintain standard replenishment review
22448,201,656.4300000000001,13,15.461538461538462,15.371051713179252,3.9793846153846153,45,PIN CUSHION BABUSHKA RED,0.9941476232404491,Regular,Maintain standard replenishment review
22449,485,1563.8500000000001,12,40.416666666666664,25.829716266816455,3.3437074602276806,142,SILK PURSE BABUSHKA PINK,0.6390857633026752,Regular,Maintain standard replenishment review
22450,194,657.76,10,19.4,23.013039781828038,3.3916363636363642,58,SILK PURSE BABUSHKA BLUE,1.1862391640117547,Regular,Maintain standard replenishment review
22451,222,775.8000000000001,6,37.0,51.18202809580722,3.538021164021164,51,SILK PURSE BABUSHKA RED,1.3832980566434383,Regular,Maintain standard replenishment review
22452,722,1760.31,13,55.53846153846154,61.228554592084706,2.8105700133200133,144,MEASURING TAPE BABUSHKA PINK,1.1024531990264559,Regular,Maintain standard replenishment review
22453,442,1185.79,13,34.0,42.47940677551889,3.1181025641025646,78,MEASURING TAPE BABUSHKA BLUE,1.249394316927026,Regular,Maintain standard replenishment review
22454,266,757.02,11,24.181818181818183,50.51498427559526,2.972583732057416,41,MEASURING TAPE BABUSHKA RED,2.088965515156195,Regular,Maintain standard replenishment review
22456,1698,9391.12,13,130.6153846153846,46.2556995795085,6.759077703017988,468,NATURAL SLATE CHALKBOARD LARGE,0.35413668700448203,High-Revenue Priority,Prioritize inventory monitoring and avoid stockouts
22457,9106,27953.260000000002,13,700.4615384615385,130.49496502714538,3.601491881837554,1247,NATURAL SLATE HEART CHALKBOARD,0.18629854440510543,High-Revenue Priority,Prioritize inventory monitoring and avoid stockouts
22458,523,1421.83,5,104.6,137.2071426712181,3.185621212121212,23,CAST IRON HOOK GARDEN FORK,1.311731765499217,Regular,Maintain standard replenishment review
22459,386,1018.19,5,77.2,105.90184134376511,3.0779242424242423,25,CAST IRON HOOK GARDEN TROWEL,1.371785509634263,Regular,Maintain standard replenishment review
22460,2546,3273.5,13,195.84615384615384,111.92992313187611,1.5651282665562851,211,EMBOSSED GLASS TEALIGHT HOLDER,0.5715196389294538,High-Revenue Priority,Prioritize inventory monitoring and avoid stockouts
22461,237,1428.0800000000002,8,29.625,35.005866855224625,12.353645833333333,51,SAVOY ART DECO CLOCK,1.1816326364632785,Regular,Maintain standard replenishment review
22464,3294,5321.83,13,253.3846153846154,88.66090688830342,1.9620355549164723,348,HANGING METAL HEART LANTERN,0.3499064327710821,High-Revenue Priority,Prioritize inventory monitoring and avoid stockouts
22465,2041,3124.14,13,157.0,123.78475942807606,1.972686078627255,197,HANGING METAL STAR LANTERN,0.7884379581406118,High-Turnover Stable,Keep stable local warehouse inventory
22466,3069,5605.79,13,236.07692307692307,263.49967158058644,2.354446959191303,209,FAIRY TALE COTTAGE NIGHT LIGHT,1.1161602250073717,High-Revenue Priority,Prioritize inventory monitoring and avoid stockouts
22467,7850,18637.27,13,603.8461538461538,269.50567283882486,2.884434154059037,676,GUMBALL COAT RACK,0.44631512699423226,High-Revenue Priority,Prioritize inventory monitoring and avoid stockouts
22468,515,3619.67,13,39.61538461538461,24.52053038285286,8.272045032262424,152,BABUSHKA LIGHTS STRING OF 10,0.6189648446157033,High-Revenue Priority,Prioritize inventory monitoring and avoid stockouts
22469,17963,32094.6,13,1381.7692307692307,866.8993745764416,1.983839817564374,1201,HEART OF WICKER SMALL,0.6273836146241575,High-Revenue Priority,Prioritize inventory monitoring and avoid stockouts
22470,9883,30086.31,13,760.2307692307693,590.4646692572094,3.2635152426282232,924,HEART OF WICKER LARGE,0.7766913589338987,High-Revenue Priority,Prioritize inventory monitoring and avoid stockouts
22471,419,1502.02,11,38.09090909090909,43.51655902172079,5.713350769600769,105,TV DINNER TRAY AIR HOSTESS,1.1424394969902831,Regular,Maintain standard replenishment review
22472,320,1527.01,13,24.615384615384617,22.900285520557965,6.724150797920029,107,TV DINNER TRAY DOLLY GIRL,0.9303240992726672,Regular,Maintain standard replenishment review
22473,503,1623.04,13,38.69230769230769,61.38727421784938,5.921563053755362,112,TV DINNER TRAY VINTAGE PAISLEY,1.5865498306800039,Regular,Maintain standard replenishment review
22474,303,1636.27,13,23.307692307692307,20.798175462383774,6.847026228756998,132,SPACEBOY TV DINNER TRAY,0.8923309604323072,Regular,Maintain standard replenishment review
22475,313,1590.8200000000002,13,24.076923076923077,22.024461924799052,6.066223137973139,138,SKULL DESIGN TV DINNER TRAY,0.9147540096561907,Regular,Maintain standard replenishment review
22476,872,2799.61,13,67.07692307692308,169.2653053337972,6.591309624594254,124,EMPIRE UNION JACK TV DINNER TRAY,2.523450652912114,Regular,Maintain standard replenishment review
22477,1364,1967.8999999999999,13,104.92307692307692,163.64364818025658,1.8469465020306888,127,WATERING CAN GARDEN MARKER,1.5596535383748795,Regular,Maintain standard replenishment review
22478,1537,2210.62,13,118.23076923076923,154.21962361415717,1.8083261951723488,140,BIRDHOUSE GARDEN MARKER,1.3043949947846736,Regular,Maintain standard replenishment review
22479,1139,1658.5699999999997,13,87.61538461538461,151.1905742551094,1.7876758241758242,98,DAISY GARDEN MARKER,1.7256167386447956,Regular,Maintain standard replenishment review
22480,630,755.96,9,70.0,47.791212581394085,1.2893024691358024,73,RED TEA TOWEL CLASSIC DESIGN,0.6827316083056297,Regular,Maintain standard replenishment review
22481,825,747.3,13,63.46153846153846,45.86504730295788,1.1216875316990702,128,BLACK TEA TOWEL CLASSIC DESIGN,0.7227219575011545,Regular,Maintain standard replenishment review
22482,478,565.86,8,59.75,59.434838268476845,1.2576325757575757,53,BLUE TEA TOWEL CLASSIC DESIGN,0.9947253266690685,Regular,Maintain standard replenishment review
22483,769,2299.9900000000002,13,59.15384615384615,44.97192856632189,3.601925177386716,168,RED GINGHAM TEDDY BEAR,0.7602536688715015,Regular,Maintain standard replenishment review
22485,522,7139.35,13,40.15384615384615,23.793718197058343,14.9939658213837,206,SET OF 2 WOODEN MARKET CRATES,0.5925638631451312,High-Revenue Priority,Prioritize inventory monitoring and avoid stockouts
22486,66,382.7,7,9.428571428571429,7.634508123364221,7.433428571428571,23,PLASMATRONIC LAMP,0.8097205585386296,Long-Tail,Limit stock and avoid excessive local warehouse space
22487,768,7755.88,13,59.07692307692308,29.432016406348882,11.11214733918885,417,WHITE WOOD GARDEN PLANT LADDER,0.4981981943783014,High-Revenue Priority,Prioritize inventory monitoring and avoid stockouts
22488,3167,5527.48,13,243.6153846153846,97.72626605433709,2.1054502588561412,412,NATURAL SLATE RECTANGLE CHALKBOARD,0.40114981329535276,High-Revenue Priority,Prioritize inventory monitoring and avoid stockouts
22489,9719,4072.13,13,747.6153846153846,290.94659832505874,0.5420383012979576,443,PACK OF 12 TRADITIONAL CRAYONS,0.38916614654036047,High-Revenue Priority,Prioritize inventory monitoring and avoid stockouts
22491,3935,3173.43,13,302.6923076923077,181.5752298706079,0.9131884786387829,218,PACK OF 12 COLOURED PENCILS,0.5998673413768495,High-Revenue Priority,Prioritize inventory monitoring and avoid stockouts
22492,26489,16844.22,13,2037.6153846153845,944.2061514363568,0.7743334605565374,376,MINI PAINT SET VINTAGE,0.46338782017715424,High-Revenue Priority,Prioritize inventory monitoring and avoid stockouts
22493,2461,3986.64,13,189.30769230769232,197.8907041000935,1.879527789596787,220,PAINT YOUR OWN CANVAS SET,1.0453389489236957,High-Revenue Priority,Prioritize inventory monitoring and avoid stockouts
22494,1061,1538.52,13,81.61538461538461,44.65523198450259,1.9182203168613028,242,EMERGENCY FIRST AID TIN,0.547142333457619,Regular,Maintain standard replenishment review
22495,276,731.12,13,21.23076923076923,25.007178456574714,3.4573949579831935,97,SET OF 2 ROUND TINS CAMEMBERT,1.1778743475922873,Regular,Maintain standard replenishment review
22496,253,535.11,13,19.46153846153846,28.497413287920782,3.0737239427239427,79,SET OF 2 ROUND TINS DUTCH CHEESE,1.4642939634109493,Regular,Maintain standard replenishment review
22497,224,1140.9,13,17.23076923076923,10.886948196149415,5.548821990874623,100,SET OF 2 TINS VINTAGE BATHROOM,0.6318318149551,Regular,Maintain standard replenishment review
22498,333,2116.04,13,25.615384615384617,18.168372067682444,7.041173884145545,150,WOODEN REGATTA BUNTING,0.7092757864260413,Regular,Maintain standard replenishment review
22499,2091,12792.25,13,160.84615384615384,215.80579469893993,6.939629058738229,407,WOODEN UNION JACK BUNTING,1.3416907370091915,High-Revenue Priority,Prioritize inventory monitoring and avoid stockouts
22500,248,967.0500000000001,13,19.076923076923077,22.414509952489624,5.674741899126515,96,SET OF 2 TINS JARDIN DE PROVENCE,1.1749541507353432,Regular,Maintain standard replenishment review
22501,1592,19202.76,12,132.66666666666666,164.8858190789412,14.938565747368179,441,PICNIC BASKET WICKER LARGE,1.2428579327558384,High-Revenue Priority,Prioritize inventory monitoring and avoid stockouts
22502,1809,12094.17,10,180.9,152.6407911113904,9.234851464827251,459,PICNIC BASKET WICKER SMALL,0.8437854677246567,High-Revenue Priority,Prioritize inventory monitoring and avoid stockouts
22503,87,1710.72,9,9.666666666666666,7.7298124168701525,24.762407407407405,33,CABIN BAG VINTAGE PAISLEY,0.7996357672624296,Long-Tail,Limit stock and avoid excessive local warehouse space
22504,247,4674.62,11,22.454545454545453,23.508992476767848,26.31541354561117,68,CABIN BAG VINTAGE RETROSPOT,1.0469591791273132,High-Revenue Priority,Prioritize inventory monitoring and avoid stockouts
22505,1456,7079.47,13,112.0,67.9301111437336,5.692983637671501,310,MEMO BOARD COTTAGE DESIGN,0.6065188494976214,High-Revenue Priority,Prioritize inventory monitoring and avoid stockouts
22507,2958,14183.45,13,227.53846153846155,142.25951367402192,6.318382834504165,457,MEMO BOARD RETROSPOT  DESIGN,0.6252108444091565,High-Revenue Priority,Prioritize inventory monitoring and avoid stockouts
22508,1578,6465.88,13,121.38461538461539,211.77721724394658,4.624785619127673,294,DOORSTOP RETROSPOT HEART,1.744679229512868,High-Revenue Priority,Prioritize inventory monitoring and avoid stockouts
22509,193,1885.3400000000001,13,14.846153846153847,29.294044200844407,16.963423076923075,84,SEWING BOX RETROSPOT DESIGN,1.9731739617149082,Regular,Maintain standard replenishment review
22510,210,402.74,10,21.0,31.13768706175132,3.1205833333333333,42,GINGHAM BABUSHKA DOORSTOP,1.482747002940539,Regular,Maintain standard replenishment review
22511,251,495.2,9,27.88888888888889,40.88534102965403,3.3375396825396826,54,RETROSPOT BABUSHKA DOORSTOP,1.4660082440911804,Regular,Maintain standard replenishment review
22512,122,269.71000000000004,9,13.555555555555555,13.965234612342815,4.019537037037037,37,DOORSTOP RACING CAR DESIGN,1.0302222255006994,Regular,Maintain standard replenishment review
22513,152,539.9,12,12.666666666666666,14.828310351445571,4.9554880952380955,67,DOORSTOP FOOTBALL DESIGN,1.170656080377282,Regular,Maintain standard replenishment review
22514,302,704.45,13,23.23076923076923,18.5658909749117,2.5621371406371405,99,CHILDS GARDEN SPADE BLUE,0.7991939823637487,Regular,Maintain standard replenishment review
22515,266,608.95,13,20.46153846153846,18.200803025395082,2.688585939701324,84,CHILDS GARDEN SPADE PINK,0.8895129298125417,Regular,Maintain standard replenishment review
22516,206,494.89,11,18.727272727272727,16.230162716934842,2.761094696969697,62,CHILDS GARDEN RAKE BLUE,0.8666591742052586,Regular,Maintain standard replenishment review
22517,199,447.63,13,15.307692307692308,13.798457736190516,2.513235042735043,69,CHILDS GARDEN RAKE PINK,0.901406786786315,Regular,Maintain standard replenishment review
22518,363,783.5400000000001,6,60.5,28.59895102971436,2.677828393584973,81,CHILDS GARDEN BRUSH BLUE,0.47270993437544395,Regular,Maintain standard replenishment review
22519,411,906.7500000000001,7,58.714285714285715,22.852529296296616,2.674816902604497,88,CHILDS GARDEN BRUSH PINK,0.3892158274308426,Regular,Maintain standard replenishment review
22520,719,622.1,6,119.83333333333333,69.05480914944785,0.9340108225108225,113,CHILDS GARDEN TROWEL BLUE,0.5762570999953923,Regular,Maintain standard replenishment review
22521,609,525.51,6,101.5,87.22556964560334,0.9490714285714286,104,CHILDS GARDEN TROWEL PINK,0.8593652181832842,Regular,Maintain standard replenishment review
22522,918,762.39,13,70.61538461538461,80.20134917977633,0.8925154257507197,127,CHILDS GARDEN FORK BLUE,1.1357489535262444,Regular,Maintain standard replenishment review
22523,852,740.61,13,65.53846153846153,59.53236568541993,0.9714748497116917,134,CHILDS GARDEN FORK PINK,0.9083576923831681,Regular,Maintain standard replenishment review
22524,642,883.2,6,107.0,45.0643983650065,1.574676827801828,81,CHILDRENS GARDEN GLOVES BLUE,0.42116260154211677,Regular,Maintain standard replenishment review
22525,489,648.97,5,97.8,55.99285668725967,1.68328373015873,74,CHILDRENS GARDEN GLOVES PINK,0.5725240970067451,Regular,Maintain standard replenishment review
22526,121,1669.26,13,9.307692307692308,7.180814895546506,15.219568681318682,77,WHEELBARROW FOR CHILDREN,0.7714925094388808,Regular,Maintain standard replenishment review
22528,1,3.36,1,1.0,0.0,3.36,1,GARDENERS KNEELING PAD,0.0,Long-Tail,Limit stock and avoid excessive local warehouse space
22529,851,349.03,13,65.46153846153847,68.302776157117,0.476025641025641,70,MAGIC DRAWING SLATE GO TO THE FAIR,1.0434031610370398,Regular,Maintain standard replenishment review
22530,3604,1506.38,13,277.2307692307692,216.92746631311041,0.5007205104320488,232,MAGIC DRAWING SLATE DOLLY GIRL,0.7824797619507312,High-Turnover Stable,Keep stable local warehouse inventory
22531,3382,1412.41,13,260.15384615384613,171.69053854432696,0.48790135505520116,200,MAGIC DRAWING SLATE CIRCUS PARADE,0.6599577176452545,High-Turnover Stable,Keep stable local warehouse inventory
22532,1072,366.75,13,82.46153846153847,94.29175943546656,0.44628730244114856,73,MAGIC DRAWING SLATE LEAP FROG,1.1434635006166654,Regular,Maintain standard replenishment review
22533,1758,634.3100000000001,13,135.23076923076923,170.26114933935744,0.4483205128205128,87,MAGIC DRAWING SLATE BAKE A CAKE,1.2590414911329049,Regular,Maintain standard replenishment review
22534,4496,1871.12,13,345.84615384615387,221.86439032054628,0.5053174870001793,261,MAGIC DRAWING SLATE SPACEBOY,0.6415118047524692,High-Turnover Stable,Keep stable local warehouse inventory
22535,1715,649.59,13,131.92307692307693,104.51033564394604,0.48971043417366944,133,MAGIC DRAWING SLATE BUNNIES,0.7922066258724771,Regular,Maintain standard replenishment review
22536,4752,1803.95,13,365.53846153846155,354.27710796884577,0.43456360306360303,156,MAGIC DRAWING SLATE PURDEY,0.9691924249989468,High-Turnover Stable,Keep stable local warehouse inventory
22537,1881,823.84,13,144.69230769230768,101.47116553926753,0.5006813725490196,170,MAGIC DRAWING SLATE DINOSAUR,0.7012892886818065,High-Turnover Stable,Keep stable local warehouse inventory
22538,402,164.42000000000002,12,33.5,40.85117111929818,0.5333710317460317,40,MINI JIGSAW GO TO THE FAIR,1.2194379438596472,Regular,Maintain standard replenishment review
22539,2918,1129.32,13,224.46153846153845,132.45289438426488,0.5516978460136355,136,MINI JIGSAW DOLLY GIRL,0.5900917158997407,High-Turnover Stable,Keep stable local warehouse inventory
22540,2519,960.86,13,193.76923076923077,133.5060259851928,0.5135331079177233,91,MINI JIGSAW CIRCUS PARADE,0.688994973325727,High-Turnover Stable,Keep stable local warehouse inventory
22541,503,201.95,13,38.69230769230769,65.26916655331293,0.5714871794871794,35,MINI JIGSAW LEAP FROG,1.6868770679782665,Regular,Maintain standard replenishment review
22543,1453,530.8,12,121.08333333333333,156.35708451742082,0.5035674603174602,55,MINI JIGSAW BAKE A CAKE,1.2913179726146249,Regular,Maintain standard replenishment review
22544,4518,1714.92,13,347.53846153846155,182.1586375409336,0.5185450372277295,175,MINI JIGSAW SPACEBOY,0.5241395059832087,High-Turnover Stable,Keep stable local warehouse inventory
22545,1141,435.25,13,87.76923076923077,80.66510382041899,0.5610989010989011,74,MINI JIGSAW BUNNIES,0.9190590268759394,Regular,Maintain standard replenishment review
22546,2102,799.5600000000001,13,161.69230769230768,167.03561726738832,0.4932142857142857,85,MINI JIGSAW PURDEY,1.0330461581712884,High-Turnover Stable,Keep stable local warehouse inventory
22547,809,338.23,13,62.23076923076923,44.59288778522468,0.611254817646122,101,MINI JIGSAW DINOSAUR,0.7165729804795066,Regular,Maintain standard replenishment review
22548,1975,2348.94,12,164.58333333333334,157.03239870302002,1.4080614860901626,209,HEADS AND TAILS SPORTING FUN,0.9541209035120203,High-Turnover Stable,Keep stable local warehouse inventory
22549,3188,4798.38,13,245.23076923076923,187.17422981728095,1.9745674856956907,356,PICTURE DOMINOES,0.7632575243490126,High-Revenue Priority,Prioritize inventory monitoring and avoid stockouts
22550,1162,4194.89,13,89.38461538461539,63.46198135043593,4.448966670113446,217,HOLIDAY FUN LUDO,0.7099877431632247,High-Revenue Priority,Prioritize inventory monitoring and avoid stockouts
22551,8062,13582.31,13,620.1538461538462,365.3276716761375,1.8585477224874423,672,PLASTERS IN TIN SPACEBOY,0.5890920034470091,High-Revenue Priority,Prioritize inventory monitoring and avoid stockouts
22553,4194,7052.919999999999,13,322.61538461538464,160.14552676734291,1.9574424583860441,557,PLASTERS IN TIN SKULLS,0.4963976747676342,High-Revenue Priority,Prioritize inventory monitoring and avoid stockouts
22554,7779,13288.67,13,598.3846153846154,325.1288304814822,1.9139129197267057,702,PLASTERS IN TIN WOODLAND ANIMALS,0.5433442339965637,High-Revenue Priority,Prioritize inventory monitoring and avoid stockouts
22555,5998,9822.029999999999,13,461.38461538461536,205.33246961190304,1.8486226004923134,514,PLASTERS IN TIN STRONGMAN,0.4450353626133277,High-Revenue Priority,Prioritize inventory monitoring and avoid stockouts
22556,6077,10002.46,13,467.46153846153845,171.61614890243447,1.7734209662124922,568,PLASTERS IN TIN CIRCUS PARADE,0.36712357013849733,High-Revenue Priority,Prioritize inventory monitoring and avoid stockouts
22557,4712,7762.24,13,362.46153846153845,164.90786083174618,1.892045156856177,566,PLASTERS IN TIN VINTAGE PAISLEY,0.45496650908588715,High-Revenue Priority,Prioritize inventory monitoring and avoid stockouts
22558,8652,13288.19,13,665.5384615384615,254.56257101958755,1.8421225828617136,770,CLOTHES PEGS RETROSPOT PACK 24,0.3824911492434857,High-Revenue Priority,Prioritize inventory monitoring and avoid stockouts
22559,505,626.53,13,38.84615384615385,30.435303387804307,1.6875876068376068,81,SEASIDE FLYING DISC,0.7834830575078336,Regular,Maintain standard replenishment review
22560,8144,9572.32,13,626.4615384615385,302.22414843528946,1.4154304085268132,389,TRADITIONAL MODELLING CLAY,0.48243049234513297,High-Revenue Priority,Prioritize inventory monitoring and avoid stockouts
22561,5859,9701.97,13,450.6923076923077,308.43567255193443,1.770882488741622,431,WOODEN SCHOOL COLOURING SET,0.6843597445255415,High-Revenue Priority,Prioritize inventory monitoring and avoid stockouts
22562,1413,1763.37,13,108.6923076923077,73.7217568693085,1.340829319955407,211,MONSTERS STENCIL CRAFT,0.6782610327678773,Regular,Maintain standard replenishment review
22563,2823,3348.1800000000003,13,217.15384615384616,117.19417374159161,1.3240458306322096,281,HAPPY STENCIL CRAFT,0.5396826987745983,High-Revenue Priority,Prioritize inventory monitoring and avoid stockouts
22564,2265,2599.35,13,174.23076923076923,187.07358349330252,1.329278867562804,185,ALPHABET STENCIL CRAFT,1.0737115167386018,High-Turnover Stable,Keep stable local warehouse inventory
22565,933,872.67,13,71.76923076923077,41.8890475863597,1.0947079391197039,148,FELTCRAFT HAIRBANDS PINK AND WHITE,0.5836630424680344,Regular,Maintain standard replenishment review
22566,873,789.78,13,67.15384615384616,58.77902992542798,1.0592882999353586,150,FELTCRAFT HAIRBAND PINK AND PURPLE,0.8752891054187442,Regular,Maintain standard replenishment review
22567,2436,3236.6,12,203.0,201.83881958361997,1.6026687155460608,221,20 DOLLY PEGS RETROSPOT,0.9942798994266994,High-Revenue Priority,Prioritize inventory monitoring and avoid stockouts
22568,3224,11906.98,13,248.0,188.48474739352253,4.136854783338716,467,FELTCRAFT CUSHION OWL,0.7600191427158166,High-Revenue Priority,Prioritize inventory monitoring and avoid stockouts
22569,2567,9459.949999999999,11,233.36363636363637,99.67574702732126,4.249759598559499,347,FELTCRAFT CUSHION BUTTERFLY,0.4271263020259189,High-Revenue Priority,Prioritize inventory monitoring and avoid stockouts
22570,2841,10372.62,12,236.75,122.70669019324829,4.234016138080965,383,FELTCRAFT CUSHION RABBIT,0.5182964738891164,High-Revenue Priority,Prioritize inventory monitoring and avoid stockouts
22571,2338,2116.36,9,259.77777777777777,231.9486892492485,1.1313591536956686,253,ROCKING HORSE RED CHRISTMAS,0.8928734829953963,High-Turnover Stable,Keep stable local warehouse inventory
22572,1380,1244.67,9,153.33333333333334,183.26619982964672,1.2121515976761073,179,ROCKING HORSE GREEN CHRISTMAS,1.1952143467150873,Regular,Maintain standard replenishment review
22573,2684,2423.0,10,268.4,308.95350243469755,1.248291083916084,221,STAR WOODEN CHRISTMAS DECORATION,1.1510935262097526,High-Turnover Volatile,Monitor closely and replenish in smaller batches
22574,2333,2199.59,12,194.41666666666666,280.85274638414194,1.2963747032323556,222,HEART WOODEN CHRISTMAS DECORATION,1.4445919231074598,High-Turnover Volatile,Monitor closely and replenish in smaller batches
22575,636,1216.22,8,79.5,76.74075095503599,2.360496031746032,90,METAL MERRY CHRISTMAS WREATH,0.9652924648432201,Regular,Maintain standard replenishment review
22576,1538,1414.46,10,153.8,176.0093431863459,1.1383049398137632,173,SWALLOW WOODEN CHRISTMAS DECORATION,1.1444040519268261,Regular,Maintain standard replenishment review
22577,10608,4075.3599999999997,13,816.0,1521.8034805234654,0.796685629481406,538,WOODEN HEART CHRISTMAS SCANDINAVIAN,1.8649552457395409,High-Revenue Priority,Prioritize inventory monitoring and avoid stockouts
22578,10460,3876.54,8,1307.5,1840.3793087295892,0.7932898491855185,512,WOODEN STAR CHRISTMAS SCANDINAVIAN,1.4075558766574296,High-Revenue Priority,Prioritize inventory monitoring and avoid stockouts
22579,5167,1988.02,8,645.875,955.3692535948002,0.9041190657665505,338,WOODEN TREE CHRISTMAS SCANDINAVIAN,1.4791859935665572,High-Turnover Volatile,Monitor closely and replenish in smaller batches
22580,1311,6848.19,10,131.1,187.81163731545263,6.535579601990049,246,ADVENT CALENDAR GINGHAM SACK,1.4325830458844595,High-Revenue Priority,Prioritize inventory monitoring and avoid stockouts
22581,1569,1137.28,8,196.125,192.25462097363038,0.969072675829491,177,WOOD STOCKING CHRISTMAS SCANDISPOT,0.9802657538489759,Regular,Maintain standard replenishment review
22582,1049,2618.75,13,80.6923076923077,103.90731816975536,3.0705850815850817,101,PACK OF 6 SWEETIE GIFT BOXES,1.287697937280095,Regular,Maintain standard replenishment review
22583,572,1567.85,13,44.0,30.268245186443608,3.282396506271506,110,PACK OF 6 HANDBAG GIFT BOXES,0.6879146633282638,Regular,Maintain standard replenishment review
22584,2330,5946.96,13,179.23076923076923,142.14731434099969,3.11288760135501,196,PACK OF 6 PANNETONE GIFT BOXES,0.7930966036193116,High-Revenue Priority,Prioritize inventory monitoring and avoid stockouts
22585,6196,7516.64,13,476.61538461538464,369.54443541148026,1.4730382486383164,393,PACK OF 6 BIRDY GIFT TAGS,0.775351462290065,High-Revenue Priority,Prioritize inventory monitoring and avoid stockouts
22586,855,773.7,13,65.76923076923077,37.82008691633289,1.0498559773559772,160,FELTCRAFT HAIRBAND PINK AND BLUE,0.5750422572074007,Regular,Maintain standard replenishment review
22587,918,830.52,13,70.61538461538461,61.924064333583146,1.0210750679694516,161,FELTCRAFT HAIRBAND RED AND BLUE,0.8769203010202407,Regular,Maintain standard replenishment review
22588,684,2141.32,10,68.4,48.29814811264622,3.42877485380117,175,CARD HOLDER GINGHAM HEART,0.7061132765006757,Regular,Maintain standard replenishment review
22589,379,1212.82,8,47.375,47.52123585454041,3.33899864024864,79,CARDHOLDER GINGHAM STAR,1.0030867726552064,Regular,Maintain standard replenishment review
22591,413,1509.41,8,51.625,63.61477254313093,4.416164295874823,86,CARDHOLDER GINGHAM CHRISTMAS TREE,1.2322474100364345,Regular,Maintain standard replenishment review
22592,658,3021.12,8,82.25,90.43663922485021,5.0287812452493155,135,CARDHOLDER HOLLY WREATH METAL,1.099533607596963,Regular,Maintain standard replenishment review
22593,2263,2085.64,11,205.72727272727272,245.59034627162808,1.1932433304659242,198,CHRISTMAS GINGHAM STAR,1.1937665969897964,High-Turnover Volatile,Monitor closely and replenish in smaller batches
22594,2006,1905.77,11,182.36363636363637,227.0428473778783,1.2175224414530703,196,CHRISTMAS GINGHAM TREE,1.245000658602523,High-Turnover Volatile,Monitor closely and replenish in smaller batches
22595,6788,5720.21,13,522.1538461538462,692.6556198373819,1.0486760222386915,467,GINGHAM HEART DECORATION,1.3265355123579794,High-Revenue Priority,Prioritize inventory monitoring and avoid stockouts
22596,3464,4095.42,7,494.85714285714283,379.2305493018851,1.2868957219474542,261,CHRISTMAS STAR WISH LIST CHALKBOARD,0.7663434887740173,High-Revenue Priority,Prioritize inventory monitoring and avoid stockouts
22597,2787,1218.5900000000001,13,214.3846153846154,363.6334093702838,0.9320381352094906,184,MUSICAL ZINC HEART DECORATION,1.6961730612894472,High-Turnover Volatile,Monitor closely and replenish in smaller batches
22598,984,441.1,7,140.57142857142858,162.8515245480344,0.9072315541601255,94,CHRISTMAS MUSICAL ZINC TREE,1.1584966177197569,Regular,Maintain standard replenishment review
22599,1929,947.36,7,275.57142857142856,326.2048728140324,0.8987291655712708,122,CHRISTMAS MUSICAL ZINC STAR,1.1837398184023986,High-Turnover Volatile,Monitor closely and replenish in smaller batches
22600,1698,1543.23,10,169.8,176.1241986023878,1.2165904323406478,193,CHRISTMAS RETROSPOT STAR WOOD,1.0372449858797868,Regular,Maintain standard replenishment review
22601,2479,2219.83,11,225.36363636363637,285.11901821073695,1.2635178297603882,200,CHRISTMAS RETROSPOT ANGEL WOOD,1.2651509480912086,High-Turnover Volatile,Monitor closely and replenish in smaller batches
22602,2215,2023.87,13,170.3846153846154,130.42720732368846,1.193377391497515,273,RETROSPOT WOODEN HEART DECORATION,0.76548699557921,High-Turnover Stable,Keep stable local warehouse inventory
22603,1387,1235.38,9,154.11111111111111,150.24600198045573,1.1951473877043228,171,CHRISTMAS RETROSPOT TREE WOOD,0.974919984011609,Regular,Maintain standard replenishment review
22604,1251,3039.66,13,96.23076923076923,104.39121438620035,2.8339497189587686,125,SET OF 4 NAPKIN CHARMS CUTLERY,1.0848007889852953,Regular,Maintain standard replenishment review
22605,781,11261.26,13,60.07692307692308,32.24763954788406,16.243403149556993,298,WOODEN CROQUET GARDEN SET,0.5367724892733583,High-Revenue Priority,Prioritize inventory monitoring and avoid stockouts
22606,307,4542.76,13,23.615384615384617,17.183026807184184,16.73611944119953,139,WOODEN SKITTLES GARDEN SET,0.7276200276657797,High-Revenue Priority,Prioritize inventory monitoring and avoid stockouts
22607,1327,12531.57,13,102.07692307692308,94.34375225601104,10.69842745203104,358,WOODEN ROUNDERS GARDEN SET,0.9242417327265589,High-Revenue Priority,Prioritize inventory monitoring and avoid stockouts
22608,5211,1114.6399999999999,12,434.25,295.04456520082766,0.40486680680669324,144,PENS ASSORTED FUNKY JEWELED,0.6794348076012151,High-Turnover Stable,Keep stable local warehouse inventory
22609,5838,1361.26,12,486.5,343.45159775432694,0.5425795391255918,154,PENS ASSORTED SPACEBALL,0.7059642297108467,High-Turnover Stable,Keep stable local warehouse inventory
22610,9572,2571.4,13,736.3076923076923,518.7045377051346,0.568165646069586,216,PENS ASSORTED FUNNY FACE,0.7044670904896313,High-Turnover Stable,Keep stable local warehouse inventory
22611,225,1077.0300000000002,9,25.0,22.655021518418383,5.479944444444445,46,VINTAGE UNION JACK SHOPPING BAG,0.9062008607367353,Regular,Maintain standard replenishment review
22613,1538,1222.61,13,118.3076923076923,98.59038544687866,1.0062631975867269,145,PACK OF 20 SPACEBOY NAPKINS,0.8333387586537208,Regular,Maintain standard replenishment review
22614,3020,1019.54,13,232.30769230769232,136.435811901534,0.4204817976141505,218,PACK OF 12 SPACEBOY TISSUES,0.5873064750728285,High-Turnover Stable,Keep stable local warehouse inventory
22615,2061,655.47,13,158.53846153846155,119.34516844334014,0.4847680652680652,101,PACK OF 12 CIRCUS PARADE TISSUES,0.7527836922675506,High-Turnover Stable,Keep stable local warehouse inventory
22616,26107,7971.299999999999,13,2008.2307692307693,933.4848823848331,0.44562640942238235,511,PACK OF 12 LONDON TISSUES,0.46482948906434407,High-Revenue Priority,Prioritize inventory monitoring and avoid stockouts
22617,2197,10685.650000000001,13,169.0,160.0432233283663,5.396899574503023,461,BAKING SET SPACEBOY DESIGN,0.9470013214696231,High-Revenue Priority,Prioritize inventory monitoring and avoid stockouts
22618,69,671.53,5,13.8,14.652644812456213,11.520999999999999,28,COOKING SET RETROSPOT,1.061785855975088,Long-Tail,Limit stock and avoid excessive local warehouse space
22619,2476,9880.04,13,190.46153846153845,90.99598469586024,4.5460417268289826,442,SET OF 6 SOLDIER SKITTLES,0.47776567085871696,High-Revenue Priority,Prioritize inventory monitoring and avoid stockouts
22620,4889,6782.21,13,376.0769230769231,186.64112691582812,1.6309074130559216,483,4 TRADITIONAL SPINNING TOPS,0.4962844446524372,High-Revenue Priority,Prioritize inventory monitoring and avoid stockouts
22621,6100,9993.65,13,469.2307692307692,330.7509520888675,1.8508393824097593,608,TRADITIONAL KNITTING NANCY,0.7048790782221767,High-Revenue Priority,Prioritize inventory monitoring and avoid stockouts
22622,1330,13791.91,13,102.3076923076923,86.81434656340373,12.023081875783912,263,BOX OF VINTAGE ALPHABET BLOCKS,0.8485612821986831,High-Revenue Priority,Prioritize inventory monitoring and avoid stockouts
22623,922,5156.06,13,70.92307692307692,47.964329694856815,6.152204319792815,231,BOX OF VINTAGE JIGSAW BLOCKS,0.676286644287569,High-Revenue Priority,Prioritize inventory monitoring and avoid stockouts
22624,1879,16344.710000000001,13,144.53846153846155,67.60006827488587,9.643269750976113,709,IVORY KITCHEN SCALES,0.4676960551216159,High-Revenue Priority,Prioritize inventory monitoring and avoid stockouts
22625,1613,14022.7,13,124.07692307692308,58.41583908847202,9.530174440090919,542,RED KITCHEN SCALES,0.47080341484819355,High-Revenue Priority,Prioritize inventory monitoring and avoid stockouts
22626,509,4333.86,13,39.15384615384615,20.687541153417893,9.163771122040353,196,BLACK KITCHEN SCALES,0.5283654911481976,High-Revenue Priority,Prioritize inventory monitoring and avoid stockouts
22627,846,7470.89,12,70.5,38.951018191849855,8.823805968753263,353,MINT KITCHEN SCALES,0.5524967119411327,High-Revenue Priority,Prioritize inventory monitoring and avoid stockouts
22628,957,4581.31,13,73.61538461538461,62.518715146664235,5.894054809905763,188,PICNIC BOXES SET OF 3 RETROSPOT,0.8492615432671213,High-Revenue Priority,Prioritize inventory monitoring and avoid stockouts
22629,14249,25719.02,13,1096.076923076923,457.58340979877863,2.195510462477708,900,SPACEBOY LUNCH BOX,0.41747381061015665,High-Revenue Priority,Prioritize inventory monitoring and avoid stockouts
22630,11588,21292.989999999998,13,891.3846153846154,432.2444405776162,2.3388778391318077,849,DOLLY GIRL LUNCH BOX,0.4849135077242847,High-Revenue Priority,Prioritize inventory monitoring and avoid stockouts
22631,3665,7176.17,13,281.9230769230769,145.01980412944843,2.640230029270488,395,CIRCUS PARADE LUNCH BOX,0.5143949396133233,High-Revenue Priority,Prioritize inventory monitoring and avoid stockouts
22632,4462,8971.730000000001,8,557.75,506.0275966500528,2.1843142870532577,391,HAND WARMER RED RETROSPOT,0.9072659733752628,High-Revenue Priority,Prioritize inventory monitoring and avoid stockouts
22633,4839,9998.52,10,483.9,537.9143777384816,2.3831382289521548,478,HAND WARMER UNION JACK,1.1116230166118652,High-Revenue Priority,Prioritize inventory monitoring and avoid stockouts
22634,751,7053.5,13,57.76923076923077,27.917001528799158,10.333561892983745,219,CHILDS BREAKFAST SET SPACEBOY,0.4832503593533809,High-Revenue Priority,Prioritize inventory monitoring and avoid stockouts
22635,674,6342.679999999999,13,51.84615384615385,35.177753751118885,10.361916090508284,190,CHILDS BREAKFAST SET DOLLY GIRL,0.6785026687901269,High-Revenue Priority,Prioritize inventory monitoring and avoid stockouts
22636,591,4975.56,13,45.46153846153846,20.79509310957509,8.856634310471355,197,CHILDS BREAKFAST SET CIRCUS PARADE,0.4574216758451374,High-Revenue Priority,Prioritize inventory monitoring and avoid stockouts
22637,2758,7106.08,12,229.83333333333334,247.62208497970647,3.1056059974231385,328,PIGGY BANK RETROSPOT,1.0773984843206952,High-Revenue Priority,Prioritize inventory monitoring and avoid stockouts
22638,300,481.88,11,27.272727272727273,28.21733831916437,2.4850112816476453,52,SET OF 4 NAPKIN CHARMS CROWNS,1.0346357383693603,Regular,Maintain standard replenishment review
22639,805,1935.1599999999999,13,61.92307692307692,29.814598042070873,2.775529168543874,148,SET OF 4 NAPKIN CHARMS HEARTS,0.481477980803629,Regular,Maintain standard replenishment review
22640,237,446.84000000000003,13,18.23076923076923,17.064357816580962,2.6647115384615385,57,SET OF 4 NAPKIN CHARMS 3 KEYS,0.9360196270698419,Regular,Maintain standard replenishment review
22641,139,303.73,12,11.583333333333334,11.789504834488353,2.519642857142857,37,SET OF 4 NAPKIN CHARMS INSTRUMENT,1.01779897851698,Regular,Maintain standard replenishment review
22642,269,596.36,10,26.9,24.21409139782499,2.8487849206349205,51,SET OF 4 NAPKIN CHARMS STARS,0.9001520965734198,Regular,Maintain standard replenishment review
22643,238,441.83,12,19.833333333333332,18.457978483489725,2.442108134920635,48,SET OF 4 NAPKIN CHARMS LEAVES,0.9306543773188097,Regular,Maintain standard replenishment review
22644,2214,2986.97,13,170.30769230769232,142.49759332200705,2.1721397093982393,276,CERAMIC CHERRY CAKE MONEY BANK,0.8367067358564099,High-Turnover Stable,Keep stable local warehouse inventory
22645,2342,4692.34,13,180.15384615384616,108.34424008213063,2.276542242102672,350,CERAMIC HEART FAIRY CAKE MONEY BANK,0.601398429149316,High-Revenue Priority,Prioritize inventory monitoring and avoid stockouts
22646,4159,5682.72,13,319.9230769230769,186.68086026624044,2.0391195832632043,389,CERAMIC STRAWBERRY CAKE MONEY BANK,0.5835179570716821,High-Revenue Priority,Prioritize inventory monitoring and avoid stockouts
22647,720,448.78,11,65.45454545454545,100.75848712278648,1.7388138528138528,44,CERAMIC LOVE HEART MONEY BANK,1.5393657754870156,Regular,Maintain standard replenishment review
22649,785,4083.38,13,60.38461538461539,25.24063675087742,5.847615503400571,197,STRAWBERRY FAIRY CAKE TEAPOT,0.4179978060654859,High-Revenue Priority,Prioritize inventory monitoring and avoid stockouts
22650,851,1320.7,13,65.46153846153847,33.13511577519984,1.8601171918789785,143,CERAMIC PIRATE CHEST MONEY BANK,0.5061768567304323,Regular,Maintain standard replenishment review
22651,2166,1837.47,13,166.6153846153846,130.33580888199174,1.0605572162260002,170,GENTLEMAN SHIRT REPAIR KIT,0.7822555473065063,High-Turnover Stable,Keep stable local warehouse inventory
22652,5081,8595.57,12,423.4166666666667,215.42324443389168,1.9696225916632508,466,TRAVEL SEWING KIT,0.5087736534553632,High-Revenue Priority,Prioritize inventory monitoring and avoid stockouts
22653,1866,3359.0,13,143.53846153846155,118.84977589700888,2.0689469419469417,249,BUTTON BOX,0.8279995105365034,High-Revenue Priority,Prioritize inventory monitoring and avoid stockouts
22654,1398,9815.65,13,107.53846153846153,94.03599965316066,7.806507538329454,324,DELUXE SEWING KIT,0.8744406262454139,High-Revenue Priority,Prioritize inventory monitoring and avoid stockouts
22655,52,6615.0,11,4.7272727272727275,3.466724941235145,125.9090909090909,32,VINTAGE RED KITCHEN CABINET,0.733345660645896,High-Revenue Priority,Prioritize inventory monitoring and avoid stockouts
22656,23,3310.0,8,2.875,2.587745847533828,147.5,17,VINTAGE BLUE KITCHEN CABINET,0.9000855121856793,High-Revenue Priority,Prioritize inventory monitoring and avoid stockouts
22659,11435,20657.9,13,879.6153846153846,513.7865215666811,2.335799416169804,702,LUNCH BOX I LOVE LONDON,0.5841036100014739,High-Revenue Priority,Prioritize inventory monitoring and avoid stockouts
22660,364,2678.96,13,28.0,32.698114114833395,9.764395792241945,102,DOORMAT I LOVE LONDON,1.1677897898154783,Regular,Maintain standard replenishment review
22661,5184,4206.45,13,398.7692307692308,180.74021589293744,0.9733839736797042,414,CHARLOTTE BAG DOLLY GIRL DESIGN,0.4532451401636163,High-Revenue Priority,Prioritize inventory monitoring and avoid stockouts
22662,6706,11060.880000000001,13,515.8461538461538,264.93516381492475,1.984517721751036,682,LUNCH BAG DOLLY GIRL DESIGN,0.5135933685645723,High-Revenue Priority,Prioritize inventory monitoring and avoid stockouts
22663,3409,7031.7,13,262.2307692307692,160.86959203350284,2.5652747136297336,449,JUMBO BAG DOLLY GIRL DESIGN,0.613465736707403,High-Revenue Priority,Prioritize inventory monitoring and avoid stockouts
22664,703,1451.85,13,54.07692307692308,28.75025083502617,2.7978643984220906,161,TOY TIDY DOLLY GIRL DESIGN,0.5316547096093033,Regular,Maintain standard replenishment review
22665,1509,5171.43,12,125.75,63.99875709020378,4.101447074243587,354,RECIPE BOX BLUE SKETCHBOOK DESIGN,0.5089364380930719,High-Revenue Priority,Prioritize inventory monitoring and avoid stockouts
22666,8218,26079.100000000002,13,632.1538461538462,321.96942043043106,3.7208378135533655,1104,RECIPE BOX PANTRY YELLOW DESIGN,0.5093213027008522,High-Revenue Priority,Prioritize inventory monitoring and avoid stockouts
22667,2826,7889.5,12,235.5,120.96919217117001,3.039409881256827,457,RECIPE BOX RETROSPOT,0.513669605822378,High-Revenue Priority,Prioritize inventory monitoring and avoid stockouts
22668,2119,6520.97,13,163.0,110.40380428228005,4.190081564739961,342,PINK BABY BUNTING,0.6773239526520248,High-Revenue Priority,Prioritize inventory monitoring and avoid stockouts
22669,1078,3431.5,13,82.92307692307692,28.155702614987067,3.7428995545988517,233,RED BABY BUNTING,0.3395400129822188,High-Revenue Priority,Prioritize inventory monitoring and avoid stockouts
22670,1882,2516.75,13,144.76923076923077,30.282431227126413,1.6365128704417875,301,FRENCH WC SIGN BLUE METAL,0.20917726139885406,High-Turnover Stable,Keep stable local warehouse inventory
22671,962,1608.6999999999998,13,74.0,78.04165554369025,2.1562288438057666,144,FRENCH LAUNDRY SIGN BLUE METAL,1.054616966806625,Regular,Maintain standard replenishment review
22672,1464,2491.42,13,112.61538461538461,80.9892363851914,2.1092682064898662,218,FRENCH BATHROOM SIGN BLUE METAL,0.7191667165351696,Regular,Maintain standard replenishment review
22673,779,1001.08,13,59.92307692307692,31.928204716367254,1.5057292002868925,130,FRENCH GARDEN SIGN BLUE METAL,0.5328198476415589,Regular,Maintain standard replenishment review
22674,1334,1677.72,13,102.61538461538461,64.05406370343006,1.548474510707995,186,FRENCH TOILET SIGN BLUE METAL,0.6242150136016423,Regular,Maintain standard replenishment review
22675,1216,1525.16,13,93.53846153846153,77.22868139991276,1.5854743824551518,162,FRENCH KITCHEN SIGN BLUE METAL,0.825635574176699,Regular,Maintain standard replenishment review
22676,1144,1564.64,13,88.0,39.87898360456712,1.6659553691922113,197,FRENCH BLUE METAL DOOR SIGN 1,0.45317026823371725,Regular,Maintain standard replenishment review
22677,990,1375.32,13,76.15384615384616,35.741773304837004,1.7111187779038457,186,FRENCH BLUE METAL DOOR SIGN 2,0.46933641713422325,Regular,Maintain standard replenishment review
22678,833,1139.06,13,64.07692307692308,30.23921719241846,1.6714391001155706,159,FRENCH BLUE METAL DOOR SIGN 3,0.4719205564242977,Regular,Maintain standard replenishment review
22679,730,1010.53,13,56.15384615384615,30.626367054784005,1.7504467199467202,151,FRENCH BLUE METAL DOOR SIGN 4,0.5454010571399891,Regular,Maintain standard replenishment review
22680,812,1120.29,13,62.46153846153846,32.13413394044663,1.6317144649825048,151,FRENCH BLUE METAL DOOR SIGN 5,0.5144627354997614,Regular,Maintain standard replenishment review
22681,699,959.4,13,53.76923076923077,27.435238429660266,1.713515725727264,124,FRENCH BLUE METAL DOOR SIGN 6,0.5102404858162853,Regular,Maintain standard replenishment review
22682,667,884.25,13,51.30769230769231,22.32854904744378,1.6166526251526252,112,FRENCH BLUE METAL DOOR SIGN 7,0.4351891118692191,Regular,Maintain standard replenishment review
22683,634,858.99,13,48.76923076923077,25.69096419026816,1.6309590729783037,118,FRENCH BLUE METAL DOOR SIGN 8,0.5267863319771074,Regular,Maintain standard replenishment review
22684,521,713.57,13,40.07692307692308,23.99813026904922,1.7025210622710623,97,FRENCH BLUE METAL DOOR SIGN 9,0.5988017149666791,Regular,Maintain standard replenishment review
22685,584,768.3000000000001,13,44.92307692307692,23.30758652764352,1.5520601812717199,98,FRENCH BLUE METAL DOOR SIGN 0,0.5188332617454893,Regular,Maintain standard replenishment review
22686,981,1293.38,13,75.46153846153847,63.73462609996676,1.839939231520114,157,FRENCH BLUE METAL DOOR SIGN NO,0.8445974916407419,Regular,Maintain standard replenishment review
22687,590,3354.2200000000007,7,84.28571428571429,189.5993269025625,11.5669693877551,52,DOORMAT CHRISTMAS VILLAGE,2.2494835395219277,High-Revenue Priority,Prioritize inventory monitoring and avoid stockouts
22688,705,3519.66,7,100.71428571428571,236.3434748310985,8.844186507936508,32,DOORMAT PEACE ON EARTH BLUE,2.3466727997414036,High-Revenue Priority,Prioritize inventory monitoring and avoid stockouts
22689,671,5159.75,9,74.55555555555556,103.81366854984837,11.984865249652103,145,DOORMAT MERRY CHRISTMAS RED,1.3924337063317964,High-Revenue Priority,Prioritize inventory monitoring and avoid stockouts
22690,1614,9903.65,13,124.15384615384616,145.18542520620895,8.338115027623768,282,DOORMAT HOME SWEET HOME BLUE,1.1693993356138266,High-Revenue Priority,Prioritize inventory monitoring and avoid stockouts
22691,368,2654.92,12,30.666666666666668,35.007358533816166,9.600698993136493,118,DOORMAT WELCOME SUNRISE,1.1415443000157446,Regular,Maintain standard replenishment review
22692,1520,11523.16,13,116.92307692307692,88.72002924787384,9.738957478215477,442,DOORMAT WELCOME TO OUR HOME,0.7587897238304999,High-Revenue Priority,Prioritize inventory monitoring and avoid stockouts
22693,16172,17837.45,13,1244.0,1082.5054272381271,1.4595079690597939,303,GROW A FLYTRAP OR SUNFLOWER IN TIN,0.8701812116062115,High-Revenue Priority,Prioritize inventory monitoring and avoid stockouts
22694,1802,4167.72,13,138.6153846153846,175.16018309989786,2.651603127921833,404,WICKER STAR,1.2636417204765107,High-Revenue Priority,Prioritize inventory monitoring and avoid stockouts
22695,741,1001.49,12,61.75,70.6658268960966,1.8617350630850629,123,WICKER WREATH SMALL,1.144385860665532,Regular,Maintain standard replenishment review
22696,729,1452.55,13,56.07692307692308,56.76480943105147,2.335913052514347,151,WICKER WREATH LARGE,1.0122668348472825,Regular,Maintain standard replenishment review
22697,7209,22571.15,13,554.5384615384615,140.87678740931466,3.878491670241868,1007,GREEN REGENCY TEACUP AND SAUCER,0.2540433120156874,High-Revenue Priority,Prioritize inventory monitoring and avoid stockouts
22698,5720,17264.16,12,476.6666666666667,205.23615370562464,3.7583440961855588,760,PINK REGENCY TEACUP AND SAUCER,0.43056535742438734,High-Revenue Priority,Prioritize inventory monitoring and avoid stockouts
22699,9674,28563.620000000003,13,744.1538461538462,321.9057434907114,3.712871591116032,1057,ROSES REGENCY TEACUP AND SAUCER,0.4325795602004598,High-Revenue Priority,Prioritize inventory monitoring and avoid stockouts
22700,1193,2593.33,10,119.3,226.75882930255807,2.6977965367965373,51,BLACK AND WHITE DOG BOWL,1.9007445876157425,Regular,Maintain standard replenishment review
22701,539,893.39,13,41.46153846153846,36.36531173296742,2.6469792757849437,112,PINK DOG BOWL,0.8770854406838153,Regular,Maintain standard replenishment review
22702,1363,2684.6499999999996,13,104.84615384615384,261.71066917299026,2.1934935897435897,49,BLACK AND WHITE CAT BOWL,2.496139911407831,Regular,Maintain standard replenishment review
22703,360,583.33,13,27.692307692307693,28.613471813653952,2.12464381270903,123,PINK CAT BOWL,1.0332642599375037,Regular,Maintain standard replenishment review
22704,5203,2137.26,13,400.2307692307692,177.04950053876357,0.4191984486102133,172,WRAP RED APPLES,0.44236853872841175,High-Turnover Stable,Keep stable local warehouse inventory
22705,1858,780.36,13,142.92307692307693,74.52008849795865,0.42,76,WRAP GREEN PEARS,0.5213999733441671,Regular,Maintain standard replenishment review
22706,2032,837.44,13,156.30769230769232,119.24511493515126,0.4194405594405594,70,WRAP COWBOYS,0.7628870542111055,High-Turnover Stable,Keep stable local warehouse inventory
22707,1257,527.94,13,96.6923076923077,61.49713355838169,0.42,49,WRAP MONSTER FUN,0.6360085411765807,Regular,Maintain standard replenishment review
22708,2775,1149.5,13,213.46153846153845,91.06738840424288,0.41923076923076924,99,WRAP DOLLY GIRL,0.42662199973158826,High-Turnover Stable,Keep stable local warehouse inventory
22709,1325,528.5,11,120.45454545454545,81.25437051182371,0.4168181818181818,39,WRAP WEDDING DAY,0.6745645853811779,Regular,Maintain standard replenishment review
22710,4476,1763.92,13,344.3076923076923,245.02631988400236,0.4161025641025641,103,WRAP I LOVE LONDON,0.711649275802509,High-Turnover Stable,Keep stable local warehouse inventory
22711,2877,1192.34,13,221.30769230769232,117.1988229572469,0.41938461538461536,102,WRAP CIRCUS PARADE,0.5295741044296871,High-Turnover Stable,Keep stable local warehouse inventory
22712,4411,1812.12,12,367.5833333333333,245.90554666129003,0.5311623185685685,310,CARD DOLLY GIRL,0.6689790432862118,High-Turnover Stable,Keep stable local warehouse inventory
22713,3441,1437.3600000000001,13,264.6923076923077,170.82563459825764,0.5476729662236628,217,CARD I LOVE LONDON,0.6453743823822579,High-Turnover Stable,Keep stable local warehouse inventory
22714,3475,1410.69,13,267.3076923076923,169.7578592266961,0.5507946313841843,224,CARD BIRTHDAY COWBOY,0.6350653726466329,High-Turnover Stable,Keep stable local warehouse inventory
22715,1543,645.64,12,128.58333333333334,76.42995406768134,0.5271419778478602,130,CARD WEDDING DAY,0.5944001612522203,Regular,Maintain standard replenishment review
22716,3201,1360.9099999999999,13,246.23076923076923,81.85572047425259,0.5298897077281692,288,CARD CIRCUS PARADE,0.3324349784958712,High-Turnover Stable,Keep stable local warehouse inventory
22717,1229,535.78,13,94.53846153846153,47.16392580602146,0.5765071210840441,131,CARD DOG AND BALL,0.49888611511658176,Regular,Maintain standard replenishment review
22718,1609,707.15,13,123.76923076923077,59.210294496472265,0.5649096527067174,166,CARD CAT AND TREE,0.47839268393669326,Regular,Maintain standard replenishment review
22719,620,895.72,6,103.33333333333333,60.944783752727076,2.136420944041868,109,GUMBALL MONOCHROME COAT RACK,0.5897882298651008,Regular,Maintain standard replenishment review
22720,7458,37985.14,13,573.6923076923077,375.2913056581035,5.958717883912276,1374,SET OF 3 CAKE TINS PANTRY DESIGN,0.6541682721313147,High-Revenue Priority,Prioritize inventory monitoring and avoid stockouts
22721,1020,4671.81,13,78.46153846153847,52.37145435033507,5.459445355548188,297,SET OF 3 CAKE TINS SKETCHBOOK,0.6674793201513293,High-Revenue Priority,Prioritize inventory monitoring and avoid stockouts
22722,5949,24369.11,12,495.75,291.73653275764855,4.76943422936625,829,SET OF 6 SPICE TINS PANTRY DESIGN,0.5884751038984338,High-Revenue Priority,Prioritize inventory monitoring and avoid stockouts
22723,1163,4258.87,13,89.46153846153847,60.617125446823174,4.325241437401859,294,SET OF 6 HERB TINS SKETCHBOOK,0.6775774985457448,High-Revenue Priority,Prioritize inventory monitoring and avoid stockouts
22725,1967,8104.85,13,151.30769230769232,83.35804761727631,4.747243581242299,425,ALARM CLOCK BAKELIKE CHOCOLATE,0.5509174473943019,High-Revenue Priority,Prioritize inventory monitoring and avoid stockouts
22726,6407,27110.28,13,492.84615384615387,296.6880646273249,4.802084888882237,976,ALARM CLOCK BAKELIKE GREEN,0.6019892055806498,High-Revenue Priority,Prioritize inventory monitoring and avoid stockouts
22727,7786,30592.37,13,598.9230769230769,325.44212530506394,4.399242224222923,1047,ALARM CLOCK BAKELIKE RED,0.5433788375245096,High-Revenue Priority,Prioritize inventory monitoring and avoid stockouts
22728,5348,20642.15,13,411.38461538461536,296.3439832530035,4.619488917294514,780,ALARM CLOCK BAKELIKE PINK,0.7203574761198664,High-Revenue Priority,Prioritize inventory monitoring and avoid stockouts
22729,2311,9023.95,13,177.76923076923077,125.62056217445311,5.061180037139759,441,ALARM CLOCK BAKELIKE ORANGE,0.7066496357714801,High-Revenue Priority,Prioritize inventory monitoring and avoid stockouts
22730,2871,11400.9,13,220.84615384615384,143.84763128269103,4.402630377077342,566,ALARM CLOCK BAKELIKE IVORY,0.6513476860588587,High-Revenue Priority,Prioritize inventory monitoring and avoid stockouts
22731,1172,1536.24,8,146.5,143.83820275374887,1.572439640974967,143,3D CHRISTMAS STAMPS STICKERS,0.9818307355204702,Regular,Maintain standard replenishment review
22732,1645,2162.75,11,149.54545454545453,199.7800608851462,1.6390561547128277,188,3D VINTAGE CHRISTMAS STICKERS,1.3359153007517377,Regular,Maintain standard replenishment review
22733,1583,2095.08,10,158.3,192.3862145673529,1.573495610004587,197,3D TRADITIONAL CHRISTMAS STICKERS,1.2153266870963544,Regular,Maintain standard replenishment review
22734,3231,10523.34,10,323.1,426.6636588435647,3.9933690486959144,418,SET OF 6 RIBBONS VINTAGE CHRISTMAS,1.3205312870429113,High-Revenue Priority,Prioritize inventory monitoring and avoid stockouts
22735,741,1379.21,8,92.625,85.11830003001704,2.635646016157046,136,RIBBON REEL SOCKS AND MITTENS,0.9189560057221813,Regular,Maintain standard replenishment review
22736,1212,2280.6,12,101.0,125.01563538577521,2.6377905656853025,222,RIBBON REEL MAKING SNOWMEN,1.2377785681759923,Regular,Maintain standard replenishment review
22737,1348,2628.15,13,103.6923076923077,148.35115133548544,2.3803913751576813,257,RIBBON REEL CHRISTMAS PRESENT,1.430686177567738,Regular,Maintain standard replenishment review
22738,2043,3639.17,11,185.72727272727272,238.0155839053783,2.5896926547718766,273,RIBBON REEL SNOWY VILLAGE,1.2815327571997852,High-Revenue Priority,Prioritize inventory monitoring and avoid stockouts
22739,1808,3540.47,13,139.07692307692307,173.14900208513166,2.685133983256918,317,RIBBON REEL CHRISTMAS SOCK BAUBLE,1.2449872937537123,High-Revenue Priority,Prioritize inventory monitoring and avoid stockouts
22740,6842,5793.619999999999,9,760.2222222222222,396.9697021744159,1.095628121600434,170,POLKADOT PEN,0.5221758724890008,High-Revenue Priority,Prioritize inventory monitoring and avoid stockouts
22741,8499,7323.0599999999995,13,653.7692307692307,295.5723695493637,1.0848656780843482,232,FUNKY DIVA PEN,0.45210504813998453,High-Revenue Priority,Prioritize inventory monitoring and avoid stockouts
22742,639,1323.5700000000002,13,49.15384615384615,69.45843619729973,3.091709495632573,101,MAKE YOUR OWN PLAYTIME CARD KIT,1.413082426549134,Regular,Maintain standard replenishment review
22743,930,2408.54,13,71.53846153846153,58.91889253402424,3.6420915293856475,206,MAKE YOUR OWN FLOWERPOWER CARD KIT,0.8235974225186184,Regular,Maintain standard replenishment review
22744,861,2067.15,13,66.23076923076923,59.858379873044015,3.186842103765181,171,MAKE YOUR OWN MONSOON CARD KIT,0.9037850619623371,Regular,Maintain standard replenishment review
22745,2009,4636.59,13,154.53846153846155,76.04123375359734,2.5530567898826058,421,POPPY'S PLAYHOUSE BEDROOM,0.4920537774000823,High-Revenue Priority,Prioritize inventory monitoring and avoid stockouts
22746,1435,3211.34,13,110.38461538461539,57.81657556666955,2.4969154656022385,326,POPPY'S PLAYHOUSE LIVINGROOM,0.5237738553078077,High-Revenue Priority,Prioritize inventory monitoring and avoid stockouts
22747,954,2080.85,13,73.38461538461539,43.653061102169495,2.5100742584617164,227,POPPY'S PLAYHOUSE BATHROOM,0.5948530338870057,Regular,Maintain standard replenishment review
22748,2104,4853.530000000001,13,161.84615384615384,83.74947378326839,2.469946417825402,433,POPPY'S PLAYHOUSE KITCHEN,0.5174634786989016,High-Revenue Priority,Prioritize inventory monitoring and avoid stockouts
22749,2362,9216.16,13,181.69230769230768,109.58207321104473,4.128811140831082,449,FELTCRAFT PRINCESS CHARLOTTE DOLL,0.603118946546817,High-Revenue Priority,Prioritize inventory monitoring and avoid stockouts
22750,1997,7476.83,13,153.6153846153846,91.95699942685027,4.042994109843898,412,FELTCRAFT PRINCESS LOLA DOLL,0.5986184239103923,High-Revenue Priority,Prioritize inventory monitoring and avoid stockouts
22751,1561,5793.97,13,120.07692307692308,102.31769278287238,4.189804799872856,289,FELTCRAFT PRINCESS OLIVIA DOLL,0.852101221125779,High-Revenue Priority,Prioritize inventory monitoring and avoid stockouts
22752,1667,13509.97,13,128.23076923076923,104.78482225188424,9.639834769012431,378,SET 7 BABUSHKA NESTING BOXES,0.8171581819283114,High-Revenue Priority,Prioritize inventory monitoring and avoid stockouts
22753,1010,758.13,13,77.6923076923077,66.67506357375375,0.9725998145701493,217,SMALL YELLOW BABUSHKA NOTEBOOK,0.858193887582969,Regular,Maintain standard replenishment review
22754,1951,1350.47,13,150.07692307692307,155.29781149910082,0.9800289297905397,266,SMALL RED BABUSHKA NOTEBOOK,1.034788082772071,High-Turnover Stable,Keep stable local warehouse inventory
22755,1687,1187.96,13,129.76923076923077,116.72699905202869,0.9838997610151456,251,SMALL PURPLE BABUSHKA NOTEBOOK,0.8994967324696935,Regular,Maintain standard replenishment review
22756,599,656.52,13,46.07692307692308,45.556670822287444,1.4805030525030527,123,LARGE YELLOW BABUSHKA NOTEBOOK,0.9887090495655038,Regular,Maintain standard replenishment review
22757,1096,1167.74,13,84.3076923076923,91.91425770374674,1.551586283349632,163,LARGE RED BABUSHKA NOTEBOOK,1.0902238596247333,Regular,Maintain standard replenishment review
22758,1195,1110.25,13,91.92307692307692,137.64293270297944,1.549624236874237,178,LARGE PURPLE BABUSHKA NOTEBOOK,1.497370816015676,Regular,Maintain standard replenishment review
22759,5423,9007.64,12,451.9166666666667,359.9256131059541,2.0298886216769745,421,SET OF 3 NOTEBOOKS IN PARCEL,0.796442440949926,High-Revenue Priority,Prioritize inventory monitoring and avoid stockouts
22760,273,3466.3599999999997,10,27.3,12.65833059030034,14.246672727272728,78,"TRAY, BREAKFAST IN BED",0.4636751131978146,High-Revenue Priority,Prioritize inventory monitoring and avoid stockouts
22761,36,895.38,12,3.0,2.174229226018436,26.673333333333332,26,CHEST 7 DRAWER MA CAMPAGNE,0.7247430753394787,Long-Tail,Limit stock and avoid excessive local warehouse space
22762,157,2594.33,13,12.076923076923077,5.2513734467206845,17.715602564102564,107,CUPBOARD 3 DRAWER MA CAMPAGNE,0.43482710068387836,Regular,Maintain standard replenishment review
22763,201,2126.5699999999997,13,15.461538461538462,5.839740071489835,11.32280574980575,105,KEY CABINET MA CAMPAGNE,0.3776946314893923,Regular,Maintain standard replenishment review
22764,4,149.82,2,2.0,0.0,37.455,2,"RUSTIC WOODEN CABINET, GLASS DOORS",0.0,Long-Tail,Limit stock and avoid excessive local warehouse space
22765,27,316.95000000000005,1,27.0,0.0,19.874,5,NEWSPAPER STAND,0.0,Long-Tail,Limit stock and avoid excessive local warehouse space
22766,3257,9725.59,13,250.53846153846155,177.41505732068674,3.2264438530167303,502,PHOTO FRAME CORNICE,0.7081350154034165,High-Revenue Priority,Prioritize inventory monitoring and avoid stockouts
22767,764,7074.049999999999,13,58.76923076923077,47.62729232655342,10.210939292905238,213,TRIPLE PHOTO FRAME CORNICE,0.810412042205752,High-Revenue Priority,Prioritize inventory monitoring and avoid stockouts
22768,846,8049.64,13,65.07692307692308,46.19967809855667,10.914418749336319,249,FAMILY PHOTO FRAME CORNICE,0.7099241315381047,High-Revenue Priority,Prioritize inventory monitoring and avoid stockouts
22769,11,366.73,2,5.5,6.363961030678928,43.35714285714286,8,CHALKBOARD KITCHEN ORGANISER,1.1570838237598051,Long-Tail,Limit stock and avoid excessive local warehouse space
22770,91,1470.83,13,7.0,3.0276503540974917,16.15151282051282,59,MIRROR CORNICE,0.4325214791567845,Long-Tail,Limit stock and avoid excessive local warehouse space
22771,6527,8915.44,13,502.0769230769231,162.81966585687243,1.5820867649923227,440,CLEAR DRAWER KNOB ACRYLIC EDWARDIAN,0.3242922715090151,High-Revenue Priority,Prioritize inventory monitoring and avoid stockouts
22772,3793,5116.7,13,291.7692307692308,155.45371971863196,1.7206689405035438,254,PINK DRAWER KNOB ACRYLIC EDWARDIAN,0.5327968247672595,High-Revenue Priority,Prioritize inventory monitoring and avoid stockouts
22773,2075,2739.4,13,159.6153846153846,73.48303484653047,1.5338561084300844,191,GREEN DRAWER KNOB ACRYLIC EDWARDIAN,0.4603756400023596,High-Turnover Stable,Keep stable local warehouse inventory
22774,2254,2871.75,13,173.3846153846154,128.55319162480205,1.5902446596231425,140,RED DRAWER KNOB ACRYLIC EDWARDIAN,0.7414336695308016,High-Turnover Stable,Keep stable local warehouse inventory
22775,3105,4469.37,13,238.84615384615384,113.16422149089802,1.7514248801469063,237,PURPLE DRAWERKNOB ACRYLIC EDWARDIAN,0.4737954522968355,High-Revenue Priority,Prioritize inventory monitoring and avoid stockouts
22776,1215,12807.63,13,93.46153846153847,38.67948505477502,11.618303541847498,524,SWEETHEART CAKESTAND 3 TIER,0.41385457260253106,High-Revenue Priority,Prioritize inventory monitoring and avoid stockouts
22777,352,2951.5299999999997,6,58.666666666666664,49.970658057170574,9.878950980392156,58,GLASS CLOCHE LARGE,0.851772580519953,Regular,Maintain standard replenishment review
22778,774,3025.96,12,64.5,29.417063693775358,4.861692132185553,138,GLASS CLOCHE SMALL,0.4560785068802381,Regular,Maintain standard replenishment review
22779,1533,5772.85,13,117.92307692307692,122.4911299771413,4.155467728350081,148,WOODEN OWLS LIGHT GARLAND,1.0387375666685172,High-Revenue Priority,Prioritize inventory monitoring and avoid stockouts
22780,1338,5010.34,13,102.92307692307692,109.87982946417839,4.170581878905408,130,LIGHT GARLAND BUTTERFILES PINK,1.0675917660944088,High-Revenue Priority,Prioritize inventory monitoring and avoid stockouts
22781,612,5122.16,13,47.07692307692308,20.540454143232967,9.831181029110208,227,GUMBALL MAGAZINE RACK,0.43631683637586366,High-Revenue Priority,Prioritize inventory monitoring and avoid stockouts
22782,241,3399.95,13,18.53846153846154,26.225354731046643,22.16346153846154,74,SET 3 WICKER STORAGE BASKETS,1.4146456908863334,High-Revenue Priority,Prioritize inventory monitoring and avoid stockouts
22783,463,5961.25,6,77.16666666666667,100.60897905588082,16.31310606060606,33,SET 3 WICKER OVAL BASKETS W LIDS,1.303788065518974,High-Revenue Priority,Prioritize inventory monitoring and avoid stockouts
22784,1263,6316.4400000000005,13,97.15384615384616,40.832679220297216,5.6933041972387235,296,LANTERN CREAM GAZEBO,0.4202888597496942,High-Revenue Priority,Prioritize inventory monitoring and avoid stockouts
22785,245,1087.57,12,20.416666666666668,33.18942420090892,7.134354497354497,74,SQUARECUSHION COVER PINK UNION JACK,1.6256044506567633,Regular,Maintain standard replenishment review
22786,123,764.63,11,11.181818181818182,7.373170034906042,7.385326839826839,47,CUSHION COVER PINK UNION JACK,0.6593891901135485,Regular,Maintain standard replenishment review
22788,217,1996.1100000000001,7,31.0,29.647934160747187,11.457214285714286,58,BROCANTE COAT RACK,0.9563849729273286,Regular,Maintain standard replenishment review
22789,844,1657.02,13,64.92307692307692,40.75426672644542,2.212579676733523,138,T-LIGHT HOLDER SWEETHEART HANGING,0.6277315964973821,Regular,Maintain standard replenishment review
22791,7799,9706.24,12,649.9166666666666,262.18052709512733,1.5019209115171073,342,T-LIGHT GLASS FLUTED ANTIQUE,0.40340637583555944,High-Revenue Priority,Prioritize inventory monitoring and avoid stockouts
22792,2773,2612.73,13,213.30769230769232,206.83100372662727,1.1650305998349475,205,FLUTED ANTIQUE CANDLE HOLDER,0.9696368728619381,High-Turnover Stable,Keep stable local warehouse inventory
22794,323,2761.05,13,24.846153846153847,9.007831350609624,8.919334824049757,180,SWEETHEART WIRE MAGAZINE RACK,0.3625442958449694,Regular,Maintain standard replenishment review
22795,1195,8463.25,11,108.63636363636364,46.87061494640907,7.973307756234729,366,SWEETHEART RECIPE BOOK STAND,0.4314449911384935,High-Revenue Priority,Prioritize inventory monitoring and avoid stockouts
22796,543,5416.8,13,41.76923076923077,13.651335991725292,10.4018952316155,218,PHOTO FRAME 3 CLASSIC HANGING,0.3268275651794269,High-Revenue Priority,Prioritize inventory monitoring and avoid stockouts
22797,153,2681.86,13,11.76923076923077,9.220934932296238,19.718864844557153,83,CHEST OF DRAWERS GINGHAM HEART,0.7834781315022947,Regular,Maintain standard replenishment review
22798,1790,5537.700000000001,13,137.69230769230768,72.18539166085316,3.7361525124861337,266,ANTIQUE GLASS DRESSING TABLE POT,0.524251447816252,High-Revenue Priority,Prioritize inventory monitoring and avoid stockouts
22799,207,1623.08,13,15.923076923076923,9.801883649427955,8.43923717948718,89,SWEETHEART WIRE FRUIT BOWL,0.6155772340220454,Regular,Maintain standard replenishment review
22800,870,3560.7400000000002,13,66.92307692307692,52.9220520175058,4.934093130980945,203,ANTIQUE TALL SWIRLGLASS TRINKET POT,0.7907892830202016,High-Revenue Priority,Prioritize inventory monitoring and avoid stockouts
22801,1026,4200.14,13,78.92307692307692,37.86260586749046,4.726148893841201,220,ANTIQUE GLASS PEDESTAL BOWL,0.4797406201533879,High-Revenue Priority,Prioritize inventory monitoring and avoid stockouts
22802,87,1474.74,12,7.25,6.784005252999682,18.876722222222224,49,FAUX FUR CHOCOLATE THROW,0.9357248624827148,Long-Tail,Limit stock and avoid excessive local warehouse space
22803,54,2038.09,11,4.909090909090909,7.462634192489212,40.29484848484849,31,IVORY EMBROIDERED QUILT,1.5201662243959504,Long-Tail,Limit stock and avoid excessive local warehouse space
22804,2965,7677.25,13,228.07692307692307,152.93160864607722,3.189918760368128,472,CANDLEHOLDER PINK HANGING HEART,0.6705264460030368,High-Revenue Priority,Prioritize inventory monitoring and avoid stockouts
22805,1877,2559.78,13,144.3846153846154,68.9789079617077,1.718713773971127,193,BLUE DRAWER KNOB ACRYLIC EDWARDIAN,0.47774416808854564,High-Turnover Stable,Keep stable local warehouse inventory
22806,260,677.0400000000001,13,20.0,21.621748310439653,3.692478632478633,38,SET OF 6 T-LIGHTS WEDDING CAKE,1.0810874155219827,Regular,Maintain standard replenishment review
22807,818,2417.73,13,62.92307692307692,26.405370471621673,3.8082490992234477,195,SET OF 6 T-LIGHTS TOADSTOOLS,0.4196452519939875,Regular,Maintain standard replenishment review
22808,345,1038.8700000000001,9,38.333333333333336,31.30894440890654,3.5674170274170276,75,SET OF 6 T-LIGHTS EASTER CHICKS,0.8167550715366924,Regular,Maintain standard replenishment review
22809,1228,3745.8,8,153.5,150.49537249648955,3.3523572874493928,203,SET OF 6 T-LIGHTS SANTA,0.9804258794559579,High-Revenue Priority,Prioritize inventory monitoring and avoid stockouts
22810,896,2899.6800000000003,10,89.6,116.96457203406129,3.642586947682299,164,SET OF 6 T-LIGHTS SNOWMEN,1.3054081700230056,Regular,Maintain standard replenishment review
22811,881,2419.29,13,67.76923076923077,67.05489523039294,3.7823153396311286,108,SET OF 6 T-LIGHTS CACTI,0.9894592939785565,Regular,Maintain standard replenishment review
22812,1713,3584.8999999999996,9,190.33333333333334,234.50426435355072,2.9588584508637106,184,PACK 3 BOXES CHRISTMAS PANNETONE,1.2320714414372191,High-Revenue Priority,Prioritize inventory monitoring and avoid stockouts
22813,2372,4640.78,13,182.46153846153845,137.93030570099245,2.6068726300581138,218,PACK 3 BOXES BIRD PANNETONE,0.7559418103342757,High-Revenue Priority,Prioritize inventory monitoring and avoid stockouts
22814,2129,888.47,13,163.76923076923077,58.560728943200274,0.5199869491996189,235,CARD PARTY GAMES,0.3575807779528434,High-Turnover Stable,Keep stable local warehouse inventory
22815,2628,1118.84,13,202.15384615384616,98.20798181567369,0.5169767570057753,268,CARD PSYCHEDELIC APPLES,0.48580812922517425,High-Turnover Stable,Keep stable local warehouse inventory
22816,3987,1691.76,11,362.45454545454544,489.91618949293024,0.5750006173701722,266,CARD MOTORBIKE SANTA,1.3516624239835047,High-Turnover Volatile,Monitor closely and replenish in smaller batches
22817,2639,1114.81,13,203.0,102.0857482707552,0.49708010518065976,290,CARD SUKI BIRTHDAY,0.5028854594618483,High-Turnover Stable,Keep stable local warehouse inventory
22818,3537,1510.0800000000002,11,321.54545454545456,426.9340379113297,0.5772142974040507,241,CARD CHRISTMAS VILLAGE,1.3277564085452718,High-Turnover Volatile,Monitor closely and replenish in smaller batches
22819,2608,1104.81,13,200.6153846153846,93.85852692708892,0.48914955877455873,270,"BIRTHDAY CARD, RETRO SPOT",0.46785308667644016,High-Turnover Stable,Keep stable local warehouse inventory
22820,940,575.4200000000001,13,72.3076923076923,63.60081841111876,0.6739846153846154,77,GIFT BAG BIRTHDAY,0.8795857865367488,Regular,Maintain standard replenishment review
22821,1159,714.87,13,89.15384615384616,86.28233321857394,0.7479280889361534,138,GIFT BAG PSYCHEDELIC APPLES,0.9677914856268,Regular,Maintain standard replenishment review
22822,433,2582.75,13,33.30769230769231,25.801759033654452,6.643669185264208,158,CREAM WALL PLANTER HEART SHAPED,0.7746486545900875,Regular,Maintain standard replenishment review
22823,24,2745.0,10,2.4,1.9550504398153572,119.0,13,CHEST NATURAL WOOD 20 DRAWERS,0.8146043499230655,Long-Tail,Limit stock and avoid excessive local warehouse space
22824,54,1902.3000000000002,12,4.5,3.0600059417648793,35.68928571428572,42,3 TIER SWEETHEART GARDEN SHELF,0.6800013203921954,Long-Tail,Limit stock and avoid excessive local warehouse space
22825,71,568.47,12,5.916666666666667,3.9876703915337774,8.41375,27,DECORATIVE PLANT POT WITH FRIEZE,0.6739724605409201,Long-Tail,Limit stock and avoid excessive local warehouse space
22826,55,5735.0,10,5.5,4.85912657903775,138.0,38,LOVE SEAT ANTIQUE WHITE METAL,0.8834775598250455,High-Revenue Priority,Prioritize inventory monitoring and avoid stockouts
22827,32,4920.0,11,2.909090909090909,1.8140862964338522,156.69696969696972,23,RUSTIC  SEVENTEEN DRAWER SIDEBOARD,0.6235921643991367,High-Revenue Priority,Prioritize inventory monitoring and avoid stockouts
22828,10,1530.0,6,1.6666666666666667,0.816496580927726,156.66666666666666,7,REGENCY MIRROR WITH SHUTTERS,0.4898979485566356,Long-Tail,Limit stock and avoid excessive local warehouse space
22829,217,2207.5299999999997,12,18.083333333333332,10.219930024074023,10.93298447507658,107,SWEETHEART WIRE WALL TIDY,0.5651574206861211,Regular,Maintain standard replenishment review
22830,131,2610.29,2,65.5,89.80256121069154,17.063000000000002,6,UTILTY CABINET WITH HOOKS,1.3710314688655196,Regular,Maintain standard replenishment review
22831,706,2070.9,13,54.30769230769231,46.24641358236084,3.3391733821733824,121,WHITE BROCANTE SOAP DISH,0.8515628563324233,Regular,Maintain standard replenishment review
22832,158,1738.82,12,13.166666666666666,11.06865626510967,12.476119658119657,74,BROCANTE SHELF WITH HOOKS,0.8406574378564307,Regular,Maintain standard replenishment review
22833,76,2603.53,3,25.333333333333332,41.28357219685977,55.415,5,HALL CABINET WITH 3 DRAWERS,1.6296146919813068,Long-Tail,Limit stock and avoid excessive local warehouse space
22834,4773,6872.530000000001,13,367.15384615384613,906.128196058542,2.4685626088680714,365,HAND WARMER BABUSHKA DESIGN,2.4679795828118682,High-Revenue Priority,Prioritize inventory monitoring and avoid stockouts
22835,3097,16426.56,13,238.23076923076923,287.74008927217454,5.935594486175253,654,HOT WATER BOTTLE I AM SO POORLY,1.207820846153784,High-Revenue Priority,Prioritize inventory monitoring and avoid stockouts
22837,1136,5500.280000000001,10,113.6,328.51287815108725,5.807017521902378,176,HOT WATER BOTTLE BABUSHKA,2.891838716118726,High-Revenue Priority,Prioritize inventory monitoring and avoid stockouts
22838,571,8238.61,12,47.583333333333336,39.631159305258635,17.195710640918538,160,3 TIER CAKE TIN RED AND CREAM,0.8328790046639293,High-Revenue Priority,Prioritize inventory monitoring and avoid stockouts
22839,439,6891.97,13,33.76923076923077,18.371870917945213,18.687970943551083,196,3 TIER CAKE TIN GREEN AND CREAM,0.5440417356111339,High-Revenue Priority,Prioritize inventory monitoring and avoid stockouts
22840,900,6800.4400000000005,13,69.23076923076923,46.95592587053283,8.497745497013364,263,ROUND CAKE TIN VINTAGE RED,0.6782522625743631,High-Revenue Priority,Prioritize inventory monitoring and avoid stockouts
22841,520,4030.22,13,40.0,23.25224003546038,8.71784493695556,208,ROUND CAKE TIN VINTAGE GREEN,0.5813060008865095,High-Revenue Priority,Prioritize inventory monitoring and avoid stockouts
22842,577,3742.21,13,44.38461538461539,31.229095572180924,7.702765436992157,155,BISCUIT TIN VINTAGE RED,0.7036018066522565,High-Revenue Priority,Prioritize inventory monitoring and avoid stockouts
22843,445,2870.77,13,34.23076923076923,29.80814722564354,7.764845820845821,123,BISCUIT TIN VINTAGE GREEN,0.8707998065918338,Regular,Maintain standard replenishment review
22844,982,9493.02,13,75.53846153846153,29.03335835613747,10.804710200251453,412,VINTAGE CREAM DOG FOOD CONTAINER,0.38435199453135144,High-Revenue Priority,Prioritize inventory monitoring and avoid stockouts
22845,799,5377.88,13,61.46153846153846,28.74779813195956,7.850654156927039,314,VINTAGE CREAM CAT FOOD CONTAINER,0.46773639013200785,High-Revenue Priority,Prioritize inventory monitoring and avoid stockouts
22846,649,10413.42,13,49.92307692307692,24.676106994626533,17.33095618049182,266,BREAD BIN DINER STYLE RED,0.4942825746227195,High-Revenue Priority,Prioritize inventory monitoring and avoid stockouts
22847,886,14075.29,12,73.83333333333333,47.420427767966935,17.522764690574828,361,BREAD BIN DINER STYLE IVORY,0.6422631300401842,High-Revenue Priority,Prioritize inventory monitoring and avoid stockouts
22848,314,5063.9,11,28.545454545454547,14.306387638839068,18.252384400952582,122,BREAD BIN DINER STYLE PINK,0.5011791848000947,High-Revenue Priority,Prioritize inventory monitoring and avoid stockouts
22849,318,4950.98,10,31.8,26.89403072967845,17.008067756512492,127,BREAD BIN DINER STYLE MINT,0.8457242367823412,High-Revenue Priority,Prioritize inventory monitoring and avoid stockouts
22851,2729,2358.44,13,209.92307692307693,142.45611110002824,1.0094568920250357,349,SET 20 NAPKINS FAIRY CAKES DESIGN,0.6786110092709297,High-Turnover Stable,Keep stable local warehouse inventory
22852,386,1740.88,13,29.692307692307693,12.126998910039639,4.6168914418914415,124,DOG BOWL VINTAGE CREAM,0.4084222430842365,Regular,Maintain standard replenishment review
22853,466,1636.46,13,35.84615384615385,17.339003017504368,3.679197247197247,115,CAT BOWL VINTAGE CREAM,0.48370609276299736,Regular,Maintain standard replenishment review
22854,767,3708.52,10,76.7,55.19269275305684,5.389423376623377,161,CREAM SWEETHEART EGG HOLDER,0.7195918220737527,High-Revenue Priority,Prioritize inventory monitoring and avoid stockouts
22855,2630,3286.73,9,292.22222222222223,206.90443311936176,1.511689848805019,236,FINE WICKER HEART,0.7080379840586524,High-Revenue Priority,Prioritize inventory monitoring and avoid stockouts
22856,550,705.82,8,68.75,99.7994417390627,3.2004375,26,ASSORTED EASTER DECORATIONS  BELLS,1.4516282434772756,Regular,Maintain standard replenishment review
22857,1145,965.86,7,163.57142857142858,160.5374900585085,1.440945054945055,61,ASSORTED EASTER GIFT TAGS,0.9814519042878248,Regular,Maintain standard replenishment review
22858,1123,1855.83,7,160.42857142857142,133.38522799627793,1.8109108528995121,136,EASTER TIN KEEPSAKE,0.8314306286499961,Regular,Maintain standard replenishment review
22859,1179,1963.47,11,107.18181818181819,102.78698184285612,1.794852912802422,155,EASTER TIN BUNNY BOUQUET,0.9589964378892428,Regular,Maintain standard replenishment review
22860,589,1017.77,7,84.14285714285714,91.85936455878006,1.831354497354497,107,EASTER TIN CHICKS PINK DAISY,1.0917072188649584,Regular,Maintain standard replenishment review
22861,305,522.93,5,61.0,33.3391661563393,2.023478991596639,50,EASTER TIN CHICKS IN GARDEN,0.5465437074809721,Regular,Maintain standard replenishment review
22862,171,826.95,2,85.5,24.748737341529164,5.4320070733863846,66,LOVE HEART NAPKIN BOX,0.2894589162751949,Regular,Maintain standard replenishment review
22863,707,2035.3300000000002,13,54.38461538461539,45.42675140916136,3.217948717948718,109,SOAP DISH BROCANTE,0.8352868010171113,Regular,Maintain standard replenishment review
22865,8332,17561.43,12,694.3333333333334,913.9737745723673,2.4903426421568446,647,HAND WARMER OWL DESIGN,1.3163328486399912,High-Revenue Priority,Prioritize inventory monitoring and avoid stockouts
22866,6515,14188.920000000002,10,651.5,800.6873783055267,2.3247936849067115,547,HAND WARMER SCOTTY DOG DESIGN,1.2289906036922897,High-Revenue Priority,Prioritize inventory monitoring and avoid stockouts
22867,6397,13986.29,10,639.7,705.8637026130942,2.6379038331055304,551,HAND WARMER BIRD DESIGN,1.103429267802242,High-Revenue Priority,Prioritize inventory monitoring and avoid stockouts
22868,63,144.65,11,5.7272727272727275,4.818524859143286,2.9078787878787877,20,NUMBER TILE COTTAGE GARDEN 0,0.8413297373107325,Long-Tail,Limit stock and avoid excessive local warehouse space
22869,96,246.14000000000001,12,8.0,5.892985043869764,3.1058055555555555,44,NUMBER TILE COTTAGE GARDEN 1,0.7366231304837205,Long-Tail,Limit stock and avoid excessive local warehouse space
22870,93,240.29,12,7.75,5.986727744846019,3.075527777777778,39,NUMBER TILE COTTAGE GARDEN 2,0.7724809993349702,Long-Tail,Limit stock and avoid excessive local warehouse space
22871,67,163.35,10,6.7,5.2925524193068805,3.054533333333333,25,NUMBER TILE COTTAGE GARDEN 3,0.7899331969114747,Long-Tail,Limit stock and avoid excessive local warehouse space
22872,72,177.46,12,6.0,6.701424543266223,3.0854166666666667,30,NUMBER TILE COTTAGE GARDEN 4,1.1169040905443706,Long-Tail,Limit stock and avoid excessive local warehouse space
22873,60,145.5,11,5.454545454545454,5.52021079966402,3.127424242424242,26,NUMBER TILE COTTAGE GARDEN 5,1.0120386466050704,Long-Tail,Limit stock and avoid excessive local warehouse space
22874,65,150.81,10,6.5,4.743416490252568,3.0076666666666667,21,NUMBER TILE COTTAGE GARDEN 6,0.7297563831157797,Long-Tail,Limit stock and avoid excessive local warehouse space
22875,63,149.09,11,5.7272727272727275,4.941475672122834,2.944545454545455,25,NUMBER TILE COTTAGE GARDEN 7,0.8627973395770028,Long-Tail,Limit stock and avoid excessive local warehouse space
22876,61,138.81,9,6.777777777777778,5.333333333333334,2.831296296296296,20,NUMBER TILE COTTAGE GARDEN 8,0.7868852459016394,Long-Tail,Limit stock and avoid excessive local warehouse space
22877,63,138.10999999999999,10,6.3,5.538752366533259,2.6585,19,NUMBER TILE COTTAGE GARDEN 9,0.8791670423068666,Long-Tail,Limit stock and avoid excessive local warehouse space
22878,75,204.19,12,6.25,4.392659165636978,3.385666666666667,33,NUMBER TILE COTTAGE GARDEN NO,0.7028254665019165,Long-Tail,Limit stock and avoid excessive local warehouse space
22879,70,102.46,10,7.0,10.349449797506683,2.9383333333333335,16,NUMBER TILE VINTAGE FONT 0,1.4784928282152403,Long-Tail,Limit stock and avoid excessive local warehouse space
22880,97,196.69,12,8.083333333333334,9.848473193466297,3.190361111111111,32,NUMBER TILE VINTAGE FONT 1,1.2183678177484079,Long-Tail,Limit stock and avoid excessive local warehouse space
22881,102,197.56,13,7.846153846153846,9.326004448549174,3.138153846153846,34,NUMBER TILE VINTAGE FONT 2,1.1886084101092085,Regular,Maintain standard replenishment review
22882,107,211.75,13,8.23076923076923,9.782244511987404,3.1725384615384615,41,NUMBER TILE VINTAGE FONT 3,1.1884969967835164,Regular,Maintain standard replenishment review
22883,99,189.53,12,8.25,9.545346319732792,3.279277777777778,31,NUMBER TILE VINTAGE FONT 4,1.1570116751191262,Long-Tail,Limit stock and avoid excessive local warehouse space
22884,99,194.05,12,8.25,9.621235981836316,3.0174583333333334,36,NUMBER TILE VINTAGE FONT 5,1.1662104220407656,Long-Tail,Limit stock and avoid excessive local warehouse space
22885,95,170.82999999999998,12,7.916666666666667,9.596006113656523,3.185416666666667,27,NUMBER TILE VINTAGE FONT 6,1.212127088040824,Long-Tail,Limit stock and avoid excessive local warehouse space
22886,87,146.43,12,7.25,9.391727501080164,2.8640000000000003,25,NUMBER TILE VINTAGE FONT 7,1.2954106898041604,Long-Tail,Limit stock and avoid excessive local warehouse space
22887,78,126.78,12,6.5,9.634219315449583,3.0056944444444444,23,NUMBER TILE VINTAGE FONT 8,1.4821875869922434,Long-Tail,Limit stock and avoid excessive local warehouse space
22888,76,124.97999999999999,12,6.333333333333333,9.31600122305052,3.1304166666666666,21,NUMBER TILE VINTAGE FONT 9,1.4709475615342928,Long-Tail,Limit stock and avoid excessive local warehouse space
22889,169,263.8,11,15.363636363636363,29.438997018487996,3.569848484848485,33,NUMBER TILE VINTAGE FONT NO,1.9161477349311713,Regular,Maintain standard replenishment review
22890,375,3840.37,13,28.846153846153847,22.033482679194382,11.413797787770328,160,NOVELTY BISCUITS CAKE STAND 3 TIER,0.7638273995454052,High-Revenue Priority,Prioritize inventory monitoring and avoid stockouts
22891,404,2040.1799999999998,13,31.076923076923077,21.88782591023885,5.6038457682668215,161,TEA FOR ONE POLKADOT,0.7043112297849135,Regular,Maintain standard replenishment review
22892,2448,2991.6,12,204.0,78.16416291137752,1.2457395676219205,197,SET OF SALT AND PEPPER TOADSTOOLS,0.38315766133028195,High-Turnover Stable,Keep stable local warehouse inventory
22893,1866,928.5,13,143.53846153846155,116.40132830328541,0.6290217859064012,141,MINI CAKE STAND T-LIGHT HOLDER,0.8109417298728351,Regular,Maintain standard replenishment review
22894,305,3027.38,13,23.46153846153846,13.213726351887422,10.18524678425488,122,TABLECLOTH RED APPLES DESIGN,0.5632080084411033,Regular,Maintain standard replenishment review
22895,2052,6316.6,13,157.84615384615384,90.56107161638323,3.6559811951627372,283,SET OF 2 TEA TOWELS APPLE AND PEARS,0.5737299858737729,High-Revenue Priority,Prioritize inventory monitoring and avoid stockouts
22896,1566,3997.46,13,120.46153846153847,68.38690832878198,3.2554327012856423,286,PEG BAG APPLES DESIGN,0.5677074126910382,High-Revenue Priority,Prioritize inventory monitoring and avoid stockouts
22897,1330,1984.1,13,102.3076923076923,53.06188936104803,1.7980604233808348,209,OVEN MITT APPLES DESIGN,0.5186500463861837,Regular,Maintain standard replenishment review
22898,2414,5150.92,13,185.69230769230768,92.8371195655637,2.5403359364629625,365,CHILDRENS APRON APPLES DESIGN,0.499951348116126,High-Revenue Priority,Prioritize inventory monitoring and avoid stockouts
22899,2069,4326.43,13,159.15384615384616,69.2361251489497,2.412253454174817,313,CHILDREN'S APRON DOLLY GIRL,0.4350264025791909,High-Revenue Priority,Prioritize inventory monitoring and avoid stockouts
22900,4874,14831.18,13,374.9230769230769,241.9636548252862,3.727787158784518,528,SET 2 TEA TOWELS I LOVE LONDON,0.6453687962102422,High-Revenue Priority,Prioritize inventory monitoring and avoid stockouts
22902,1264,2582.88,13,97.23076923076923,55.60748427767892,2.697472842103915,134,TOTE BAG I LOVE LONDON,0.571912417412837,Regular,Maintain standard replenishment review
22903,193,550.6,10,19.3,15.902829936838284,3.187135574229692,59,CALENDAR FAMILY FAVOURITES,0.8239808257429162,Regular,Maintain standard replenishment review
22904,1834,5467.26,12,152.83333333333334,78.76066546343057,3.3030265893745487,271,CALENDAR PAPER CUT DESIGN,0.515336960502272,High-Revenue Priority,Prioritize inventory monitoring and avoid stockouts
22905,581,1502.29,13,44.69230769230769,46.940360415078146,2.9934153686603784,110,CALENDAR IN SEASON DESIGN,1.0503006633322132,Regular,Maintain standard replenishment review
22906,1733,2947.87,13,133.30769230769232,57.30384602477193,2.0135441083134378,251,12 MESSAGE CARDS WITH ENVELOPES,0.429861510860955,Regular,Maintain standard replenishment review
22907,6549,5649.599999999999,13,503.7692307692308,207.19079526133788,0.9995045333921322,668,PACK OF 20 NAPKINS PANTRY DESIGN,0.4112811632917075,High-Revenue Priority,Prioritize inventory monitoring and avoid stockouts
22908,4380,3569.58,13,336.9230769230769,193.17671596169038,0.9707456105184341,375,PACK OF 20 NAPKINS RED APPLES,0.5733555496579852,High-Revenue Priority,Prioritize inventory monitoring and avoid stockouts
22909,8760,7882.54,12,730.0,872.5757065357502,1.1888780241635502,608,SET OF 20 VINTAGE CHRISTMAS NAPKINS,1.1953091870352743,High-Revenue Priority,Prioritize inventory monitoring and avoid stockouts
22910,10308,32096.14,13,792.9230769230769,1118.0049538902217,3.56966594729813,815,PAPER CHAIN KIT VINTAGE CHRISTMAS,1.4099790842620181,High-Revenue Priority,Prioritize inventory monitoring and avoid stockouts
22911,463,1358.0900000000001,12,38.583333333333336,27.9462416836759,3.179956654456655,94,PAPER CHAIN KIT LONDON,0.7243086397496993,Regular,Maintain standard replenishment review
22912,287,1342.39,12,23.916666666666668,20.82593808138536,5.268844276094276,100,YELLOW COAT RACK PARIS FASHION,0.8707709302321405,Regular,Maintain standard replenishment review
22913,352,1673.15,13,27.076923076923077,34.762195793854225,5.6755006105006105,112,RED COAT RACK PARIS FASHION,1.283831094659389,Regular,Maintain standard replenishment review
22914,467,2261.21,13,35.92307692307692,33.727984272365326,5.632737810098134,154,BLUE COAT RACK PARIS FASHION,0.9388946371322254,Regular,Maintain standard replenishment review
22915,3134,1398.8600000000001,13,241.07692307692307,142.62682165851643,1.1479952513113623,182,ASSORTED BOTTLE TOP  MAGNETS,0.5916237018381346,High-Turnover Stable,Keep stable local warehouse inventory
22916,1893,1306.41,13,145.6153846153846,96.38511162824757,0.8438076478779314,237,HERB MARKER THYME,0.6619157164116315,High-Turnover Stable,Keep stable local warehouse inventory
22917,1925,1332.42,13,148.07692307692307,96.08022822834184,0.8485431459566074,239,HERB MARKER ROSEMARY,0.6488534893342566,High-Turnover Stable,Keep stable local warehouse inventory
22918,1857,1267.55,13,142.84615384615384,91.7849353596458,0.8416953257990082,237,HERB MARKER PARSLEY,0.6425439739770573,Regular,Maintain standard replenishment review
22919,1741,1214.06,13,133.92307692307693,101.06883919591763,0.8294739908420546,240,HERB MARKER MINT,0.7546782938236238,Regular,Maintain standard replenishment review
22920,1896,1312.29,13,145.84615384615384,100.11647063449496,0.8541466726677869,240,HERB MARKER BASIL,0.6864525940128874,High-Turnover Stable,Keep stable local warehouse inventory
22921,1704,1173.07,13,131.07692307692307,93.97026261754438,0.8255835305719922,208,HERB MARKER CHIVES,0.716909280532909,Regular,Maintain standard replenishment review
22922,1449,1321.2,13,111.46153846153847,48.94659570153199,1.6381676528599605,99,FRIDGE MAGNETS US DINER ASSORTED,0.43913439897854784,Regular,Maintain standard replenishment review
22923,1234,1039.27,13,94.92307692307692,63.289627294501614,0.9484807692307692,78,FRIDGE MAGNETS LES ENFANTS ASSORTED,0.6667464787913461,Regular,Maintain standard replenishment review
22924,1169,1063.1,13,89.92307692307692,56.77508482081076,1.342521978021978,85,FRIDGE MAGNETS LA VIE EN ROSE,0.6313739116086741,Regular,Maintain standard replenishment review
22925,444,2727.7200000000003,11,40.36363636363637,30.48695697268826,6.52275407925408,180,BLUE GIANT GARDEN THERMOMETER,0.755307492566601,Regular,Maintain standard replenishment review
22926,586,3609.25,6,97.66666666666667,34.372469603836535,6.288197515697515,193,IVORY GIANT GARDEN THERMOMETER,0.3519365488447427,High-Revenue Priority,Prioritize inventory monitoring and avoid stockouts
22927,426,2680.91,11,38.72727272727273,21.964020165219797,6.919432567432568,147,GREEN GIANT GARDEN THERMOMETER,0.5671460606042671,Regular,Maintain standard replenishment review
22928,288,1993.75,13,22.153846153846153,21.78625772456173,7.435056267806268,115,YELLOW GIANT GARDEN THERMOMETER,0.9834074667336892,Regular,Maintain standard replenishment review
22929,16,1004.75,7,2.2857142857142856,1.1126972805283737,63.65714285714286,11,SCHOOL DESK AND CHAIR,0.4868050602311635,Long-Tail,Limit stock and avoid excessive local warehouse space
22930,1012,2645.2,13,77.84615384615384,60.65317545114758,3.068528626344416,188,BAKING MOULD HEART MILK CHOCOLATE,0.7791415818823306,Regular,Maintain standard replenishment review
22931,813,1963.3,13,62.53846153846154,92.11009299077506,2.8699871794871794,129,BAKING MOULD HEART WHITE CHOCOLATE,1.4728551154736478,Regular,Maintain standard replenishment review
22932,788,1799.2800000000002,13,60.61538461538461,68.70048333349926,2.7252008547008546,71,BAKING MOULD TOFFEE CUP CHOCOLATE,1.1333836082937696,Regular,Maintain standard replenishment review
22933,784,2248.1200000000003,11,71.27272727272727,102.26445219047613,3.5770017257302813,120,BAKING MOULD EASTER EGG MILK CHOC,1.4348328751214765,Regular,Maintain standard replenishment review
22934,589,1707.47,10,58.9,82.91823281602987,3.3211555555555554,78,BAKING MOULD EASTER EGG WHITE CHOC,1.40777984407521,Regular,Maintain standard replenishment review
22935,618,1868.82,13,47.53846153846154,41.62654478537981,3.7168803418803416,64,BAKING MOULD ROSE MILK CHOCOLATE,0.8756392916018405,Regular,Maintain standard replenishment review
22936,207,697.97,13,15.923076923076923,22.827109389428244,4.4286630036630035,49,BAKING MOULD ROSE WHITE CHOCOLATE,1.4335865800124017,Regular,Maintain standard replenishment review
22937,966,2547.94,13,74.3076923076923,73.2113204080997,2.9724847956996565,159,BAKING MOULD CHOCOLATE CUPCAKES,0.9852455127384017,Regular,Maintain standard replenishment review
22938,2331,4418.429999999999,13,179.30769230769232,113.47127728738567,2.093777482712089,184,CUPCAKE LACE PAPER SET 6,0.6328299462616961,High-Revenue Priority,Prioritize inventory monitoring and avoid stockouts
22939,457,2333.27,13,35.15384615384615,20.606819881801886,6.034375618533513,124,APRON APPLE DELIGHT,0.5861896246464432,Regular,Maintain standard replenishment review
22940,1899,7822.25,13,146.07692307692307,172.05350986367657,4.788052517887106,319,FELTCRAFT CHRISTMAS FAIRY,1.177828134927749,High-Revenue Priority,Prioritize inventory monitoring and avoid stockouts
22941,1656,13676.92,10,165.6,223.71718257160708,10.27968714062723,309,CHRISTMAS LIGHTS 10 REINDEER,1.3509491701184002,High-Revenue Priority,Prioritize inventory monitoring and avoid stockouts
22942,591,4316.04,6,98.5,59.82557981332066,8.263749517736578,149,CHRISTMAS LIGHTS 10 SANTAS,0.6073662925210219,High-Revenue Priority,Prioritize inventory monitoring and avoid stockouts
22943,1346,6710.92,13,103.53846153846153,170.86476884006612,7.637701089450132,207,CHRISTMAS LIGHTS 10 VINTAGE BAUBLES,1.650254082407771,High-Revenue Priority,Prioritize inventory monitoring and avoid stockouts
22944,3363,1838.96,9,373.6666666666667,593.7164727376191,3.585241479020549,110,CHRISTMAS METAL POSTCARD WITH BELLS,1.5888933257920226,High-Turnover Volatile,Monitor closely and replenish in smaller batches
22945,2841,2900.14,12,236.75,280.15778833299703,2.725976369644848,170,CHRISTMAS METAL TAGS ASSORTED,1.183348630762395,High-Turnover Volatile,Monitor closely and replenish in smaller batches
22946,453,7030.219999999999,11,41.18181818181818,44.61797436419135,20.080734316134315,137,WOODEN ADVENT CALENDAR CREAM,1.0834386710951542,High-Revenue Priority,Prioritize inventory monitoring and avoid stockouts
22947,744,8680.34,6,124.0,197.89593224722938,16.21302744039586,136,WOODEN ADVENT CALENDAR RED,1.5959349374776564,High-Revenue Priority,Prioritize inventory monitoring and avoid stockouts
22948,1593,1598.19,13,122.53846153846153,63.031229540886294,1.5409864342247945,135,METAL DECORATION NAUGHTY CHILDREN,0.5143791487956823,Regular,Maintain standard replenishment review
22949,944,1400.1499999999999,13,72.61538461538461,62.566682376403364,1.834025147928994,104,36 DOILIES DOLLY GIRL,0.8616174479801311,Regular,Maintain standard replenishment review
22950,4885,6719.349999999999,6,814.1666666666666,866.0291950429076,1.7910422555628036,182,36 DOILIES VINTAGE CHRISTMAS,1.063700137207256,High-Revenue Priority,Prioritize inventory monitoring and avoid stockouts
22951,7361,3924.2000000000003,13,566.2307692307693,254.4638657537824,0.6771035721250789,432,60 CAKE CASES DOLLY GIRL DESIGN,0.449399572720985,High-Revenue Priority,Prioritize inventory monitoring and avoid stockouts
22952,15792,9398.07,13,1214.7692307692307,1632.9195302609655,0.8766494512164396,617,60 CAKE CASES VINTAGE CHRISTMAS,1.3442220043941586,High-Revenue Priority,Prioritize inventory monitoring and avoid stockouts
22953,502,647.11,13,38.61538461538461,35.523556647991725,1.3261338020953406,98,BIRTHDAY PARTY CORDON BARRIER TAPE,0.9199327418802639,Regular,Maintain standard replenishment review
22954,197,241.38,12,16.416666666666668,11.500658742661289,1.488888888888889,40,HEN PARTY CORDON BARRIER TAPE,0.7005477406697231,Regular,Maintain standard replenishment review
22955,1040,2053.3500000000004,13,80.0,72.22649560006816,2.244157941204095,134,36 FOIL STAR CAKE CASES,0.9028311950008521,Regular,Maintain standard replenishment review
22956,1900,3704.3900000000003,13,146.15384615384616,76.23302669430329,2.169505293495678,196,36 FOIL HEART CAKE CASES,0.5215943931715488,High-Revenue Priority,Prioritize inventory monitoring and avoid stockouts
22957,1775,5014.650000000001,6,295.8333333333333,250.00833319444908,3.049100804424334,214,SET 3 PAPER VINTAGE CHICK PAPER EGG,0.8450985910798279,High-Revenue Priority,Prioritize inventory monitoring and avoid stockouts
22959,4601,1888.42,7,657.2857142857143,595.1161551287598,0.414808658008658,139,WRAP CHRISTMAS VILLAGE,0.9054147111283022,High-Turnover Stable,Keep stable local warehouse inventory
22960,8614,36755.88,13,662.6153846153846,229.2918585782243,5.107753965530691,1120,JAM MAKING SET WITH JARS,0.34604065028057995,High-Revenue Priority,Prioritize inventory monitoring and avoid stockouts
22961,16173,25352.829999999998,13,1244.076923076923,433.82128838544827,1.9020224427858081,1156,JAM MAKING SET PRINTED,0.3487093766778475,High-Revenue Priority,Prioritize inventory monitoring and avoid stockouts
22962,3896,3288.11,13,299.6923076923077,187.8218946304293,1.0704241486594428,342,JAM JAR WITH PINK LID,0.6267157675039993,High-Revenue Priority,Prioritize inventory monitoring and avoid stockouts
22963,3272,2762.69,13,251.69230769230768,145.10937519412994,1.0940344355263472,305,JAM JAR WITH GREEN LID,0.5765348036441593,High-Turnover Stable,Keep stable local warehouse inventory
22964,2617,5457.990000000001,13,201.30769230769232,125.78843654816116,2.5338213703696844,376,3 PIECE SPACEBOY COOKIE CUTTER SET,0.624856582012264,High-Revenue Priority,Prioritize inventory monitoring and avoid stockouts
22965,1359,2885.4100000000003,13,104.53846153846153,56.15546186646404,2.3681803085831725,235,3 TRADITIONAL BISCUIT CUTTERS  SET,0.5371751319087804,Regular,Maintain standard replenishment review
22966,7435,9195.9,13,571.9230769230769,299.7183293078301,1.51952950212365,669,GINGERBREAD MAN COOKIE CUTTER,0.524053568392978,High-Revenue Priority,Prioritize inventory monitoring and avoid stockouts
22967,1165,3253.71,7,166.42857142857142,167.44437598085833,2.9822703222703226,137,SET 3 SONG BIRD PAPER EGGS ASSORTED,1.0061035466661017,High-Revenue Priority,Prioritize inventory monitoring and avoid stockouts
22968,789,7802.23,13,60.69230769230769,63.71470868303569,12.109145745920745,186,ROSE COTTAGE KEEPSAKE BOX,1.049798748896659,High-Revenue Priority,Prioritize inventory monitoring and avoid stockouts
22969,12472,18701.55,13,959.3846153846154,508.21116648848806,1.8116987854172488,643,HOMEMADE JAM SCENTED CANDLES,0.5297261998356595,High-Revenue Priority,Prioritize inventory monitoring and avoid stockouts
22970,4334,10140.6,13,333.38461538461536,218.62507421822198,2.77384813789152,317,LONDON BUS COFFEE MUG,0.6557743342955437,High-Revenue Priority,Prioritize inventory monitoring and avoid stockouts
22971,2431,5849.29,13,187.0,99.76305261301233,2.818644206520725,272,QUEENS GUARD COFFEE MUG,0.5334922599626328,High-Revenue Priority,Prioritize inventory monitoring and avoid stockouts
22972,1783,3047.8399999999997,13,137.15384615384616,74.94091689885455,1.9518454589255336,228,CHILDREN'S SPACEBOY MUG,0.5464004036371897,Regular,Maintain standard replenishment review
22973,1236,2104.66,13,95.07692307692308,47.798991513876,1.9656632256632256,142,CHILDREN'S CIRCUS PARADE MUG,0.5027402020067864,Regular,Maintain standard replenishment review
22974,1586,2709.89,13,122.0,93.87136588616006,2.0157954608797004,203,CHILDRENS DOLLY GIRL MUG,0.7694374252963939,Regular,Maintain standard replenishment review
22975,1204,1624.63,13,92.61538461538461,53.542099419582065,1.5256174239912927,186,SPACEBOY CHILDRENS EGG CUP,0.5781123691483113,Regular,Maintain standard replenishment review
22976,1054,1374.01,13,81.07692307692308,50.33464932903498,1.4926569704805,142,CIRCUS PARADE CHILDRENS EGG CUP,0.6208258456142834,Regular,Maintain standard replenishment review
22977,950,1252.61,13,73.07692307692308,63.63890521065126,1.48242232553771,135,DOLLY GIRL CHILDRENS EGG CUP,0.8708481765668067,Regular,Maintain standard replenishment review
22978,2410,9371.119999999999,11,219.0909090909091,237.12674018147115,4.477771387386969,232,PANTRY ROLLING PIN,1.082321220745304,High-Revenue Priority,Prioritize inventory monitoring and avoid stockouts
22979,4006,6284.42,10,400.6,266.6767498093692,1.8789448082760476,379,PANTRY WASHING UP BRUSH,0.6656933345216405,High-Revenue Priority,Prioritize inventory monitoring and avoid stockouts
22980,2291,3800.81,11,208.27272727272728,188.7183567696004,1.9852152493476716,288,PANTRY SCRUBBING BRUSH,0.9061117086275008,High-Revenue Priority,Prioritize inventory monitoring and avoid stockouts
22981,470,702.68,10,47.0,53.040864749109566,1.8626378787878786,104,PANTRY APPLE CORER,1.1285290372150971,Regular,Maintain standard replenishment review
22982,1130,1513.77,10,113.0,91.3892772703669,1.683433569120507,210,PANTRY PASTRY BRUSH,0.8087546661094416,Regular,Maintain standard replenishment review
22983,5157,2207.96,13,396.6923076923077,159.8756728499704,0.5284358361857125,441,CARD BILLBOARD FONT,0.4030218629144106,High-Turnover Stable,Keep stable local warehouse inventory
22984,2693,1096.09,13,207.15384615384616,128.677792796482,0.488609488550665,163,CARD GINGHAM ROSE,0.6211701843127613,High-Turnover Stable,Keep stable local warehouse inventory
22985,3782,1500.44,13,290.9230769230769,330.2134313688803,0.4187692307692308,99,WRAP BILLBOARD FONTS DESIGN,1.135054100421852,High-Turnover Volatile,Monitor closely and replenish in smaller batches
22986,4080,1701.6,13,313.84615384615387,105.7905526294339,0.41948717948717945,154,WRAP GINGHAM ROSE,0.33707774122123546,High-Turnover Stable,Keep stable local warehouse inventory
22987,102,42.84,5,20.4,10.285912696499032,0.42000000000000004,5,WRAP SUMMER ROSE DESIGN,0.5042114066911291,Regular,Maintain standard replenishment review
22988,9001,10768.31,12,750.0833333333334,308.57663210098696,1.4566747085895322,415,SOLDIERS EGG CUP,0.41138979949026144,High-Revenue Priority,Prioritize inventory monitoring and avoid stockouts
22989,2787,8921.27,11,253.36363636363637,171.3967751897758,3.7810855708203848,368,SET 2 PANTRY DESIGN TEA TOWELS,0.676485298560292,High-Revenue Priority,Prioritize inventory monitoring and avoid stockouts
22990,517,2413.23,11,47.0,28.75760768909681,5.3528459419368515,158,COTTON APRON PANTRY DESIGN,0.6118639933850385,Regular,Maintain standard replenishment review
22991,3581,7094.589999999999,11,325.54545454545456,244.97524921361492,2.1767217169625,271,GIRAFFE WOODEN RULER,0.7525070486874516,High-Revenue Priority,Prioritize inventory monitoring and avoid stockouts
22992,4927,9860.09,11,447.90909090909093,330.37023308568666,2.19541332478655,344,REVOLVER WOODEN RULER,0.7375832279160854,High-Revenue Priority,Prioritize inventory monitoring and avoid stockouts
22993,12589,16403.48,11,1144.4545454545455,372.2937989374423,1.507386259417473,1068,SET OF 4 PANTRY JELLY MOULDS,0.3253023900478088,High-Revenue Priority,Prioritize inventory monitoring and avoid stockouts
22994,2170,946.86,11,197.27272727272728,93.36283083657105,0.5300034732579795,217,TRAVEL CARD WALLET RETROSPOT,0.4732678060840007,High-Turnover Stable,Keep stable local warehouse inventory
22995,2333,1038.48,11,212.0909090909091,79.68118290469155,0.5410278302307714,264,TRAVEL CARD WALLET SUKI,0.37569353276965584,High-Turnover Stable,Keep stable local warehouse inventory
22996,4797,2093.25,11,436.09090909090907,198.44316795770752,0.5295713967626435,407,TRAVEL CARD WALLET VINTAGE TICKET,0.45504999948609187,High-Turnover Stable,Keep stable local warehouse inventory
22997,2497,1074.77,11,227.0,74.30881508946298,0.4952679855633416,220,TRAVEL CARD WALLET UNION JACK,0.3273516083236255,High-Turnover Stable,Keep stable local warehouse inventory
22998,12269,5222.08,11,1115.3636363636363,526.190321599946,0.5018814378244238,529,TRAVEL CARD WALLET KEEP CALM,0.47176571339142603,High-Revenue Priority,Prioritize inventory monitoring and avoid stockouts
22999,2894,1252.5900000000001,11,263.09090909090907,140.63317855005235,0.48885506818609586,222,TRAVEL CARD WALLET VINTAGE LEAF,0.5345421437631569,High-Turnover Stable,Keep stable local warehouse inventory
23000,3145,1358.1999999999998,11,285.90909090909093,104.82791092591184,0.5267164924483002,277,TRAVEL CARD WALLET TRANSPORT,0.3666477011717107,High-Turnover Stable,Keep stable local warehouse inventory
23002,2047,884.13,11,186.0909090909091,91.59416416503242,0.523087294889019,189,TRAVEL CARD WALLET SKULLS,0.4922011752884009,High-Turnover Stable,Keep stable local warehouse inventory
23003,542,226.20000000000002,5,108.4,78.32496409191644,0.4185,53,TRAVEL CARD WALLET VINTAGE ROSE,0.7225550192981222,Regular,Maintain standard replenishment review
23004,1978,893.0799999999999,11,179.8181818181818,56.067491796616295,0.606060949326062,220,TRAVEL CARD WALLET PANTRY,0.31180101605802796,High-Turnover Stable,Keep stable local warehouse inventory
23005,4733,2126.55,8,591.625,432.74602828911094,0.5096667343073593,241,TRAVEL CARD WALLET I LOVE LONDON,0.7314532487455921,High-Turnover Stable,Keep stable local warehouse inventory
23006,1686,732.51,11,153.27272727272728,68.25700097292719,0.5242725092791937,170,TRAVEL CARD WALLET FLOWER MEADOW,0.44533037408196857,Regular,Maintain standard replenishment review
23007,495,7690.9,10,49.5,37.432160860237104,16.01194421968013,182,SPACEBOY BABY GIFT SET,0.7562052699037799,High-Revenue Priority,Prioritize inventory monitoring and avoid stockouts
23008,427,6617.91,10,42.7,34.39331330360598,15.948950840387681,130,DOLLY GIRL BABY GIFT SET,0.8054640117940509,High-Revenue Priority,Prioritize inventory monitoring and avoid stockouts
23009,263,4082.5199999999995,10,26.3,16.418485516839446,16.537487729782292,103,I LOVE LONDON BABY GIFT SET,0.6242770158494085,High-Revenue Priority,Prioritize inventory monitoring and avoid stockouts
23010,313,4845.7,10,31.3,30.404860722515334,16.368682806615467,110,CIRCUS PARADE BABY GIFT SET,0.9714013010388285,High-Revenue Priority,Prioritize inventory monitoring and avoid stockouts
23012,1067,4181.31,7,152.42857142857142,74.99301554779872,4.689416306291972,245,GLASS APOTHECARY BOTTLE PERFUME,0.4919879183079579,High-Revenue Priority,Prioritize inventory monitoring and avoid stockouts
23013,920,3658.36,7,131.42857142857142,62.27856009590337,4.698558753971725,222,GLASS APOTHECARY BOTTLE TONIC,0.4738586094253518,High-Revenue Priority,Prioritize inventory monitoring and avoid stockouts
23014,848,3387.9800000000005,7,121.14285714285714,61.04214001116652,5.041831226859178,207,GLASS APOTHECARY BOTTLE ELIXIR,0.503885589714818,High-Revenue Priority,Prioritize inventory monitoring and avoid stockouts
23015,34,288.88,6,5.666666666666667,5.465040408511785,8.715555555555556,16,CORDIAL GLASS JUG,0.9644188956197268,Long-Tail,Limit stock and avoid excessive local warehouse space
23016,74,575.25,7,10.571428571428571,7.322502824789323,8.240462585034013,24,GLASS TWIST BON BON JAR,0.6926691861287197,Long-Tail,Limit stock and avoid excessive local warehouse space
23017,67,826.28,7,9.571428571428571,4.577377082170635,13.947091836734696,22,APOTHECARY MEASURING JAR,0.4782334264954395,Long-Tail,Limit stock and avoid excessive local warehouse space
23018,51,612.1600000000001,6,8.5,5.75325994545701,12.714440476190477,21,LARGE APOTHECARY MEASURING JAR,0.6768541112302365,Long-Tail,Limit stock and avoid excessive local warehouse space
23019,81,629.0500000000001,7,11.571428571428571,6.023762469230862,8.086190476190476,28,SMALL APOTHECARY MEASURING JAR,0.5205720652421733,Long-Tail,Limit stock and avoid excessive local warehouse space
23020,176,2141.84,7,25.142857142857142,13.52070722297927,12.941230158730159,72,GLASS  SONGBIRD STORAGE JAR,0.5377554009139482,Regular,Maintain standard replenishment review
23021,120,500.82,7,17.142857142857142,13.508374827350274,4.631428571428572,27,GLASS BONNE JAM JAR,0.7879885315954327,Regular,Maintain standard replenishment review
23022,392,745.76,7,56.0,36.15245496505043,2.006119047619048,20,SMALL BONNE JAM JAR  T-LIGHT HOLDER,0.6455795529473292,Regular,Maintain standard replenishment review
23023,274,437.82,7,39.142857142857146,27.26675980889901,1.7333333333333332,25,RIDGED BONNE JAM JAR T-LIGHT HOLDER,0.6965960535120185,Regular,Maintain standard replenishment review
23024,255,667.8500000000001,6,42.5,41.788754468158054,2.888611111111111,11,LARGE BONNE JAM JAR  T-LIGHT HOLDER,0.9832648110154836,Regular,Maintain standard replenishment review
23025,344,748.32,7,49.142857142857146,36.676189239653255,2.180408163265306,53,DRAWER KNOB VINTAGE GLASS BALL,0.7463178042952696,Regular,Maintain standard replenishment review
23026,544,1174.0,7,77.71428571428571,43.234686251181415,2.2928962703962705,61,DRAWER KNOB VINTAGE GLASS STAR,0.5563286833791726,Regular,Maintain standard replenishment review
23027,295,627.95,7,42.142857142857146,31.7092445585856,2.180408163265306,30,DRAWER KNOB VINTAGE GLASS HEXAGON,0.7524227522376243,Regular,Maintain standard replenishment review
23028,1369,2377.1299999999997,6,228.16666666666666,165.00595948833686,1.8545043257543259,137,DRAWER KNOB CRACKLE GLAZE BLUE,0.7231817070343471,Regular,Maintain standard replenishment review
23029,1346,2294.02,7,192.28571428571428,87.65218058841869,1.8133087930132263,155,DRAWER KNOB CRACKLE GLAZE GREEN,0.4558434354524003,Regular,Maintain standard replenishment review
23031,1278,2152.2999999999997,7,182.57142857142858,94.56894688155153,1.8163736805066855,155,DRAWER KNOB CRACKLE GLAZE PINK,0.5179832771289989,Regular,Maintain standard replenishment review
23032,2315,3832.2299999999996,6,385.8333333333333,175.26598833392254,1.7747874970194129,196,DRAWER KNOB CRACKLE GLAZE IVORY,0.45425310151340614,High-Revenue Priority,Prioritize inventory monitoring and avoid stockouts
23033,714,1058.8999999999999,7,102.0,78.24960063795854,1.7435974389755902,74,DRAWER KNOB CERAMIC RED,0.7671529474309661,Regular,Maintain standard replenishment review
23034,973,1439.97,7,139.0,88.38929045233176,1.6658843537414965,87,DRAWER KNOB CERAMIC BLACK,0.6358941759160559,Regular,Maintain standard replenishment review
23035,2185,3191.29,7,312.14285714285717,118.49392188551074,1.6573048810785767,190,DRAWER KNOB CERAMIC IVORY,0.37961439505655614,High-Revenue Priority,Prioritize inventory monitoring and avoid stockouts
23036,184,232.42000000000002,7,26.285714285714285,20.580851016695803,1.2845714285714287,16,T-LIGHT HOLDER SILVER PETIT FOUR,0.7829671582438621,Regular,Maintain standard replenishment review
23037,196,325.15999999999997,7,28.0,13.79613472438325,1.8504761904761904,20,CANDLE HOLDER SILVER MADELINE,0.49271909729940183,Regular,Maintain standard replenishment review
23038,44,42.92,5,8.8,9.418067742376884,1.31,8,T-LIGHT HOLDER SILVER SAUCER,1.070234970724646,Long-Tail,Limit stock and avoid excessive local warehouse space
23039,193,388.01,7,27.571428571428573,26.075896551267054,2.3566666666666665,27,T-LIGHT HOLDER SILVER HEART HANDLE,0.9457579060045045,Regular,Maintain standard replenishment review
23040,253,1394.03,9,28.11111111111111,42.55421378795655,6.016555555555556,41,PAPER LANTERN 9 POINT SNOW STAR,1.513786261231656,Regular,Maintain standard replenishment review
23041,248,1078.88,9,27.555555555555557,24.418799679299923,4.485964285714285,53,PAPER LANTERN 9 POINT SNOW STAR,0.8861661173939488,Regular,Maintain standard replenishment review
23042,93,645.01,9,10.333333333333334,10.380269746013347,7.48,27,PAPER LANTERN 7 POINT SNOW STAR,1.0045422334851626,Long-Tail,Limit stock and avoid excessive local warehouse space
23043,81,543.51,6,13.5,11.43241006962224,7.6645,23,PAPER LANTERN 9 POINT HOLLY STAR L,0.8468451903423881,Long-Tail,Limit stock and avoid excessive local warehouse space
23044,101,423.29,8,12.625,8.830749846821778,4.279375,25,PAPER LANTERN 9 POINT HOLLY STAR S,0.699465334401725,Regular,Maintain standard replenishment review
23045,118,497.9800000000001,7,16.857142857142858,19.385807277736046,4.815357142857144,25,PAPER LANTERN 5 POINT STAR MOON,1.1500055164758671,Regular,Maintain standard replenishment review
23046,349,2111.49,7,49.857142857142854,94.86205523711536,6.823642857142858,36,PAPER LANTERN 9 POINT DELUXE STAR,1.902677325672801,Regular,Maintain standard replenishment review
23047,58,333.5,7,8.285714285714286,3.6839419880650364,5.75,25,PAPER LANTERN 5 POINT SEQUIN STAR,0.44461368821474573,Long-Tail,Limit stock and avoid excessive local warehouse space
23048,545,2235.57,9,60.55555555555556,81.52930625105171,4.822349206349206,95,SET OF 10 LANTERNS FAIRY LIGHT STAR,1.3463555160724134,Regular,Maintain standard replenishment review
23049,453,3872.09,10,45.3,31.545557884149428,9.041142024642024,184,RECYCLED ACAPULCO MAT RED,0.6963699312174267,High-Revenue Priority,Prioritize inventory monitoring and avoid stockouts
23050,496,4278.3,10,49.6,33.84014709713236,9.323202770212072,204,RECYCLED ACAPULCO MAT GREEN,0.6822610301841201,High-Revenue Priority,Prioritize inventory monitoring and avoid stockouts
23051,364,3215.24,10,36.4,25.859449164881898,9.799211489891581,161,RECYCLED ACAPULCO MAT BLUE,0.7104244276066456,High-Revenue Priority,Prioritize inventory monitoring and avoid stockouts
23052,653,5941.09,10,65.3,46.014611206055456,10.160282943349028,277,RECYCLED ACAPULCO MAT TURQUOISE,0.7046647964173883,High-Revenue Priority,Prioritize inventory monitoring and avoid stockouts
23053,363,3246.0699999999997,10,36.3,29.6124973617559,9.955117923455855,163,RECYCLED ACAPULCO MAT PINK,0.8157712771833582,High-Revenue Priority,Prioritize inventory monitoring and avoid stockouts
23054,294,2596.68,10,29.4,21.024853018379094,10.461449013949013,129,RECYCLED ACAPULCO MAT LAVENDER,0.715131055046908,Regular,Maintain standard replenishment review
23055,321,800.46,8,40.125,56.222612380226,6.081666666666667,34,IVORY CHANDELIER T-LIGHT HOLDER,1.401186601376349,Regular,Maintain standard replenishment review
23056,483,1153.8,8,60.375,101.2351400030077,6.599166666666667,35,FLOWERS CHANDELIER T-LIGHT HOLDER,1.6767725052258005,Regular,Maintain standard replenishment review
23057,437,1233.47,8,54.625,48.28468405494349,4.844017857142857,41,BEADED CHANDELIER T-LIGHT HOLDER,0.8839301428822607,Regular,Maintain standard replenishment review
23058,490,430.86,4,122.5,127.10232098588916,1.354970238095238,48,CHRISTMAS HANGING SNOWFLAKE,1.0375699672317482,Regular,Maintain standard replenishment review
23060,249,528.17,9,27.666666666666668,19.73575435599055,2.285,42,HEART BEADED TRELLIS DECORATION,0.7133405188912247,Regular,Maintain standard replenishment review
23061,1015,1332.68,9,112.77777777777777,60.49540845753869,1.5436678876678878,117,VINTAGE EMBOSSED HEART,0.5364124887860574,Regular,Maintain standard replenishment review
23064,158,2283.51,8,19.75,34.97652273821889,45.53041666666667,14,CINDERELLA CHANDELIER,1.770963176618678,Regular,Maintain standard replenishment review
23065,272,3414.94,7,38.857142857142854,24.855774456039864,13.183938561438563,98,LARGE DECO JEWELLERY STAND,0.6396706661480848,High-Revenue Priority,Prioritize inventory monitoring and avoid stockouts
23066,259,2137.81,7,37.0,26.695817400234567,9.142962936898897,85,SMALL DECO JEWELLERY STAND,0.721508578384718,Regular,Maintain standard replenishment review
23067,294,1236.66,9,32.666666666666664,25.16942589730644,4.324595141700405,78,HANGING ENGRAVED METAL HEART,0.7704926295093808,Regular,Maintain standard replenishment review
23068,809,1966.93,9,89.88888888888889,50.85136292284712,2.5838458300958305,136,ALUMINIUM STAMPED HEART,0.5657135553839606,Regular,Maintain standard replenishment review
23069,88,556.21,9,9.777777777777779,6.200358412579424,6.364999999999999,32,EDWARDIAN PHOTO FRAME,0.6341275649228957,Long-Tail,Limit stock and avoid excessive local warehouse space
23070,160,709.54,8,20.0,11.109841197270617,5.055625,44,EDWARDIAN HEART PHOTO FRAME,0.5554920598635309,Regular,Maintain standard replenishment review
23071,243,821.1,6,40.5,78.47993374105256,11.69375,17,MARIE ANTOINETTE TRINKET BOX GOLD,1.9377761417543842,Regular,Maintain standard replenishment review
23072,262,889.76,6,43.666666666666664,91.86221566382268,14.733174603174604,28,MARIE ANTOINETTE TRINKET BOX SILVER,2.1037148625302904,Regular,Maintain standard replenishment review
23073,142,1694.0,9,15.777777777777779,12.804079211112546,12.421785714285713,60,GEORGIAN TRINKET BOX,0.8115261471831895,Regular,Maintain standard replenishment review
23074,240,534.7900000000001,4,60.0,42.38710495736488,2.6715073529411764,47,EMBOSSED HEART TRINKET BOX,0.7064517492894147,Regular,Maintain standard replenishment review
23075,464,1927.1000000000001,9,51.55555555555556,29.37733442260849,4.249925925925926,78,PARLOUR CERAMIC WALL HOOK,0.5698189866454233,Regular,Maintain standard replenishment review
23076,8052,9905.76,10,805.2,382.14214923536264,1.3516255764932237,276,ICE CREAM SUNDAE LIP GLOSS,0.47459283312886563,High-Revenue Priority,Prioritize inventory monitoring and avoid stockouts
23077,10335,13620.77,10,1033.5,639.3742166281722,1.3463606914791222,341,DOUGHNUT LIP GLOSS,0.6186494597273074,High-Revenue Priority,Prioritize inventory monitoring and avoid stockouts
23078,6783,8493.34,10,678.3,296.6251094488724,1.4828239115722988,255,ICE CREAM PEN LIP GLOSS,0.4373066629056058,High-Revenue Priority,Prioritize inventory monitoring and avoid stockouts
23079,238,2109.1,8,29.75,18.9717835595015,8.93610294117647,100,TOADSTOOL BEDSIDE LIGHT,0.6377070104034117,Regular,Maintain standard replenishment review
23080,1067,9059.869999999999,8,133.375,103.03527481956291,9.133223632386436,254,RED METAL BOX TOP SECRET,0.7725231476630772,High-Revenue Priority,Prioritize inventory monitoring and avoid stockouts
23081,481,4021.75,8,60.125,37.843427434628595,9.208877361673414,138,GREEN METAL BOX ARMY SUPPLIES,0.6294125145052573,High-Revenue Priority,Prioritize inventory monitoring and avoid stockouts
23082,2328,8558.76,8,291.0,132.63052869855093,4.150600665212189,297,SET 6 PAPER TABLE LANTERN HEARTS,0.45577501270979703,High-Revenue Priority,Prioritize inventory monitoring and avoid stockouts
23083,1884,7092.98,8,235.5,227.4605146267934,4.0971249034096395,245,SET 6 PAPER TABLE LANTERN STARS,0.9658620578632416,High-Revenue Priority,Prioritize inventory monitoring and avoid stockouts
23084,30709,66807.63,8,3838.625,4930.948994072323,2.6945072177478613,991,RABBIT NIGHT LIGHT,1.284561267139229,High-Revenue Priority,Prioritize inventory monitoring and avoid stockouts
23085,376,3583.23,7,53.714285714285715,50.522979213140516,10.472892857142858,78,ANTIQUE SILVER BAUBLE LAMP,0.9405873789680415,High-Revenue Priority,Prioritize inventory monitoring and avoid stockouts
23086,1209,1431.43,8,151.125,127.81620453939769,1.5118020833333332,46,ZINC  STAR T-LIGHT HOLDER,0.845764794305361,Regular,Maintain standard replenishment review
23087,868,1090.6599999999999,8,108.5,80.72705335175527,1.6645833333333333,69,ZINC  HEART T-LIGHT HOLDER,0.744028141490832,Regular,Maintain standard replenishment review
23088,795,1033.28,8,99.375,67.22231240975191,1.6797998366013072,79,ZINC HEART FLOWER T-LIGHT HOLDER,0.6764509424880695,Regular,Maintain standard replenishment review
23089,2353,4214.13,8,294.125,156.86794947161314,2.3552401347944643,224,GLASS BON BON JAR,0.5333376947611157,High-Revenue Priority,Prioritize inventory monitoring and avoid stockouts
23090,2237,1870.03,8,279.625,142.59526890568884,0.9370164088587793,149,VINTAGE GLASS T-LIGHT HOLDER,0.5099517886658519,High-Turnover Stable,Keep stable local warehouse inventory
23091,578,3643.82,7,82.57142857142857,59.39937469608341,6.716581800985916,207,ZINC HERB GARDEN CONTAINER,0.7193695897449548,High-Revenue Priority,Prioritize inventory monitoring and avoid stockouts
23092,520,3734.08,8,65.0,61.2978675928337,8.240780295187903,133,LARGE ANTIQUE WHITE PHOTO FRAME,0.9430441168128261,High-Revenue Priority,Prioritize inventory monitoring and avoid stockouts
23093,939,2239.2400000000002,8,117.375,80.39356317516969,2.9648567708333333,142,SMALL PARISIENNE HEART PHOTO FRAME,0.6849291857309452,Regular,Maintain standard replenishment review
23094,151,1912.42,7,21.571428571428573,9.93071234197465,12.809027777777777,78,LE GRAND TRAY CHIC SET,0.4603641483034605,Regular,Maintain standard replenishment review
23096,1033,1736.6899999999998,8,129.125,95.47540820247154,2.1081919656430523,146,PETIT TRAY CHIC,0.73940296768613,Regular,Maintain standard replenishment review
23099,131,885.45,8,16.375,8.830749846821778,7.026546474358975,56,FRENCH CARRIAGE LANTERN,0.5392824333936964,Regular,Maintain standard replenishment review
23100,2166,2739.38,8,270.75,225.09981912793393,1.4174903472389986,257,SILVER BELLS TABLE DECORATION,0.8313936071207163,High-Turnover Stable,Keep stable local warehouse inventory
23101,2031,1739.6299999999997,8,253.875,211.01959116902594,0.9300329613095237,213,SILVER STARS TABLE DECORATION,0.8311948445850357,High-Turnover Stable,Keep stable local warehouse inventory
23102,1274,1075.03,8,159.25,97.54083394001862,0.9684083175410817,157,SILVER HEARTS TABLE DECORATION,0.6125013120252346,Regular,Maintain standard replenishment review
23103,4048,6806.5599999999995,8,506.0,362.9600528983871,1.8793277751985433,364,JINGLE BELL HEART DECORATION,0.7173123575066939,High-Revenue Priority,Prioritize inventory monitoring and avoid stockouts
23104,118,1405.42,8,14.75,15.040421726610118,12.610833333333334,46,IVORY CAFE HANGING LAMP,1.0196896085837368,Regular,Maintain standard replenishment review
23106,279,780.91,8,34.875,12.999313168669447,2.8031944444444443,52,ZINC HEARTS PLANT POT HOLDER,0.3727401625424931,Regular,Maintain standard replenishment review
23107,359,1009.51,8,44.875,29.24984737444918,3.128425324675325,73,WHITE HEARTS WIRE PLANT POT HOLDER,0.6518071838317365,Regular,Maintain standard replenishment review
23108,2166,13038.23,8,270.75,176.84759378790378,6.514171223585158,363,SET OF 10 LED DOLLY LIGHTS,0.6531767083579086,High-Revenue Priority,Prioritize inventory monitoring and avoid stockouts
23109,2290,6595.98,8,286.25,183.68820632489485,3.251978463326392,267,PACK OF SIX LED TEA LIGHTS,0.6417055242791087,High-Revenue Priority,Prioritize inventory monitoring and avoid stockouts
23110,666,3951.6800000000003,8,83.25,33.53356527421443,6.84854175897204,241,PARISIENNE KEY CABINET,0.4028055888794526,High-Revenue Priority,Prioritize inventory monitoring and avoid stockouts
23111,297,3668.54,8,37.125,20.8836060104571,13.714069784382286,130,PARISIENNE SEWING BOX,0.5625213740190464,High-Revenue Priority,Prioritize inventory monitoring and avoid stockouts
23112,533,4409.58,8,66.625,24.348291227810748,9.3579154315197,234,PARISIENNE CURIO CABINET,0.36545277640241275,High-Revenue Priority,Prioritize inventory monitoring and avoid stockouts
23113,212,1085.2400000000002,4,53.0,47.30750469005948,6.698222222222222,55,PANTRY CHOPPING BOARD,0.8925944281143299,Regular,Maintain standard replenishment review
23114,149,737.95,4,37.25,38.921930407761984,5.248115942028986,45,VINTAGE LEAF CHOPPING BOARD,1.0448840377922681,Regular,Maintain standard replenishment review
23115,152,770.3199999999999,4,38.0,36.615115275889366,5.918929971988796,45,RED APPLES CHOPPING BOARD,0.9635556651549834,Regular,Maintain standard replenishment review
23116,76,382.44,4,19.0,23.84673283002656,6.225,22,VEGETABLE GARDEN CHOPPING BOARD,1.2550912015803453,Long-Tail,Limit stock and avoid excessive local warehouse space
23117,93,501.23,4,23.25,22.321514285549714,5.610842105263158,45,POPPY FIELDS CHOPPING BOARD,0.9600651305612781,Long-Tail,Limit stock and avoid excessive local warehouse space
23118,803,6027.18,8,100.375,47.074219514051876,8.500961486488576,253,PARISIENNE JEWELLERY DRAWER,0.46898350698930885,High-Revenue Priority,Prioritize inventory monitoring and avoid stockouts
23119,2246,1379.38,7,320.85714285714283,293.5991760725432,0.7950413699204022,149,PACK OF 6 LARGE FRUIT STRAWS,0.915046408062245,High-Turnover Stable,Keep stable local warehouse inventory
23120,1613,652.15,7,230.42857142857142,280.11001240159027,0.47329135478642864,98,PACK OF 6 SMALL FRUIT STRAWS,1.2156045175518486,Regular,Maintain standard replenishment review
23121,2501,1000.4399999999999,7,357.2857142857143,435.9861290934664,0.5487124813077626,111,PACK OF 6 COCKTAIL PARASOL STRAWS,1.2202730522408096,High-Turnover Volatile,Monitor closely and replenish in smaller batches
23122,2251,1726.09,7,321.57142857142856,354.43610479316635,1.0397872398959582,133,PARTY CHARMS 50 PIECES,1.1022002370289492,High-Turnover Volatile,Monitor closely and replenish in smaller batches
23123,935,759.5699999999999,7,133.57142857142858,83.37836878323047,1.0144660755910755,95,COCKTAIL SWORDS 50 PIECES,0.6242230817995864,Regular,Maintain standard replenishment review
23124,567,751.38,6,94.5,129.91035370593062,1.9256111111111112,43,18PC WOODEN CUTLERY SET DISPOSABLE,1.3747127376288955,Regular,Maintain standard replenishment review
23125,459,574.88,6,76.5,142.4412159453857,1.8472844932844932,38,6PC WOOD PLATE SET DISPOSABLE,1.8619766790246495,Regular,Maintain standard replenishment review
23126,1098,5477.59,10,109.8,59.4769796737453,5.360867304101128,289,FELTCRAFT GIRL AMELIE KIT,0.5416846964821976,High-Revenue Priority,Prioritize inventory monitoring and avoid stockouts
23127,728,3719.4,10,72.8,38.98090700729155,5.225097002288274,193,FELTCRAFT GIRL NICOLE KIT,0.5354520193309279,High-Revenue Priority,Prioritize inventory monitoring and avoid stockouts
23128,441,2224.01,10,44.1,25.821825393776223,5.221097688844972,137,FELTCRAFT BOY JEAN-PAUL KIT,0.5855289204937919,Regular,Maintain standard replenishment review
23129,950,3999.5,8,118.75,140.15679994716123,4.612381292653553,172,HEART SHAPED HOLLY WREATH,1.180267789028726,High-Revenue Priority,Prioritize inventory monitoring and avoid stockouts
23130,954,3955.78,8,119.25,108.24938139051221,4.403628177966102,183,MISTLETOE HEART WREATH GREEN,0.9077516259162449,High-Revenue Priority,Prioritize inventory monitoring and avoid stockouts
23131,942,3835.9800000000005,9,104.66666666666667,100.64541718329751,4.1634961334961345,115,MISTLETOE HEART WREATH CREAM,0.9615804189487023,High-Revenue Priority,Prioritize inventory monitoring and avoid stockouts
23132,1020,5138.6,9,113.33333333333333,115.59087334214583,6.28930286935287,152,SMALL IVORY HEART WALL ORGANISER,1.0199194706659926,High-Revenue Priority,Prioritize inventory monitoring and avoid stockouts
23133,782,5525.400000000001,9,86.88888888888889,91.1255239277729,9.259705015998493,155,LARGE IVORY HEART WALL ORGANISER,1.0487592267902253,High-Revenue Priority,Prioritize inventory monitoring and avoid stockouts
23134,1065,6431.110000000001,6,177.5,198.76694896284945,7.922916666666667,38,LARGE ZINC HEART WALL ORGANISER,1.1198137969737998,High-Revenue Priority,Prioritize inventory monitoring and avoid stockouts
23135,1541,5416.18,9,171.22222222222223,195.68519219512868,5.49512962962963,45,SMALL ZINC HEART WALL ORGANISER,1.1428726344945868,High-Revenue Priority,Prioritize inventory monitoring and avoid stockouts
23136,135,511.89,9,15.0,6.164414002968976,4.091439153439153,49,IVORY WIRE SWEETHEART LETTER TRAY,0.41096093353126506,Regular,Maintain standard replenishment review
23137,83,275.62,9,9.222222222222221,8.36327952686292,3.7816666666666663,23,ZINC WIRE SWEETHEART LETTER TRAY,0.9068616354429673,Long-Tail,Limit stock and avoid excessive local warehouse space
23138,867,1214.11,9,96.33333333333333,108.88755668119292,1.7762716049382714,81,SINGLE WIRE HOOK IVORY HEART,1.130320657590238,Regular,Maintain standard replenishment review
23139,402,511.3,9,44.666666666666664,87.65985398116973,1.6301481481481483,26,SINGLE WIRE HOOK PINK HEART,1.9625340443545463,Regular,Maintain standard replenishment review
23140,170,716.3,8,21.25,13.677405769056813,4.6527232142857144,51,TRIPLE WIRE HOOK IVORY HEART,0.643642624426203,Regular,Maintain standard replenishment review
23141,79,272.91,8,9.875,7.259230577094832,4.609166666666667,25,TRIPLE WIRE HOOK PINK HEART,0.7351119571741602,Long-Tail,Limit stock and avoid excessive local warehouse space
23142,120,1210.42,8,15.0,23.82675566908524,11.19838474025974,39,IVORY WIRE KITCHEN ORGANISER,1.588450377939016,Regular,Maintain standard replenishment review
23143,30,239.97000000000003,5,6.0,5.70087712549569,11.361166666666666,16,ZINC WIRE KITCHEN ORGANISER,0.9501461875826149,Long-Tail,Limit stock and avoid excessive local warehouse space
23144,5065,4177.91,9,562.7777777777778,330.9493079679189,0.9542193092782798,273,ZINC T-LIGHT HOLDER STARS SMALL,0.5880639233388489,High-Revenue Priority,Prioritize inventory monitoring and avoid stockouts
23145,2084,1979.48,9,231.55555555555554,134.6162240511068,1.1289229797979798,169,ZINC T-LIGHT HOLDER STAR LARGE,0.5813560539635131,High-Turnover Stable,Keep stable local warehouse inventory
23146,774,2566.3,9,86.0,46.10856753359401,3.4567531547357633,217,TRIPLE HOOK ANTIQUE IVORY ROSE,0.5361461341115583,Regular,Maintain standard replenishment review
23147,1867,2750.75,9,207.44444444444446,126.49615716604904,1.498466924636079,260,SINGLE ANTIQUE ROSE HOOK IVORY,0.6097832964619396,Regular,Maintain standard replenishment review
23148,2131,1809.6699999999998,9,236.77777777777777,137.600670218006,0.9162192094835773,245,MINIATURE ANTIQUE ROSE HOOK IVORY,0.5811384476593402,High-Turnover Stable,Keep stable local warehouse inventory
23149,93,236.51000000000002,7,13.285714285714286,17.336995950032072,2.9310714285714288,20,ANTIQUE IVORY WIRE BOWL SMALL,1.3049351790346722,Long-Tail,Limit stock and avoid excessive local warehouse space
23150,148,390.75000000000006,9,16.444444444444443,7.650344945019,2.9250815696649033,49,IVORY SWEETHEART SOAP DISH,0.4652236790889933,Regular,Maintain standard replenishment review
23151,61,114.33000000000001,8,7.625,8.314144574157945,2.660714285714286,21,ZINC SWEETHEART SOAP DISH,1.0903796162830093,Long-Tail,Limit stock and avoid excessive local warehouse space
23152,550,2065.65,9,61.111111111111114,38.13608673043304,3.9152899892646267,158,IVORY SWEETHEART WIRE LETTER RACK,0.6240450555889043,Regular,Maintain standard replenishment review
23153,259,1005.69,9,28.77777777777778,14.350764594419505,4.302681790431791,89,ZINC SWEETHEART WIRE LETTER RACK,0.49867521756670097,Regular,Maintain standard replenishment review
23154,2652,5740.96,10,265.2,96.86508372186772,2.2192376701255734,233,SET OF 4 JAM JAR MAGNETS,0.3652529552106626,High-Revenue Priority,Prioritize inventory monitoring and avoid stockouts
23155,2089,1805.77,10,208.9,125.26101637070578,1.3353062354312353,132,KNICKERBOCKERGLORY MAGNET ASSORTED,0.5996219069923685,High-Turnover Stable,Keep stable local warehouse inventory
23156,1641,3373.37,10,164.1,77.0446479502488,2.2662012203482793,203,SET OF 5 MINI GROCERY MAGNETS,0.4694981593555686,High-Revenue Priority,Prioritize inventory monitoring and avoid stockouts
23157,2317,4699.0599999999995,10,231.7,323.0394024814242,2.890656338426712,162,SET OF 6 NATIVITY MAGNETS,1.3942140806276402,High-Revenue Priority,Prioritize inventory monitoring and avoid stockouts
23158,2597,5438.95,10,259.7,81.98651650661155,2.642371979800657,254,SET OF 5 LUCKY CAT MAGNETS,0.31569702158880075,High-Revenue Priority,Prioritize inventory monitoring and avoid stockouts
23159,2280,4686.4800000000005,9,253.33333333333334,90.49585625872602,2.3375041210214107,221,SET OF 5 PANCAKE DAY MAGNETS,0.3572204852318132,High-Revenue Priority,Prioritize inventory monitoring and avoid stockouts
23160,1450,1794.48,8,181.25,125.81817947226182,1.601027129851143,76,REGENCY TEA SPOON,0.6941692660538583,Regular,Maintain standard replenishment review
23161,1715,2145.3,8,214.375,135.14641531105653,1.6859698996655519,98,REGENCY CAKE FORK,0.6304205962031791,Regular,Maintain standard replenishment review
23162,1412,5143.6900000000005,9,156.88888888888889,109.61232189453479,4.501340550954682,176,REGENCY TEA STRAINER,0.6986621083929271,High-Revenue Priority,Prioritize inventory monitoring and avoid stockouts
23163,1784,4415.38,9,198.22222222222223,108.14778982690514,3.3133836190200925,208,REGENCY SUGAR TONGS,0.545588625808378,High-Revenue Priority,Prioritize inventory monitoring and avoid stockouts
23164,578,2718.65,8,72.25,46.70500126171867,5.845110028860029,92,REGENCY CAKE SLICE,0.6464360036224037,Regular,Maintain standard replenishment review
23165,3052,5048.36,8,381.5,130.771338056712,2.00346045575825,276,LARGE CERAMIC TOP STORAGE JAR,0.3427820132548152,High-Revenue Priority,Prioritize inventory monitoring and avoid stockouts
23166,3553,4236.47,8,444.125,190.10105395364255,1.4934799853294844,242,MEDIUM CERAMIC TOP STORAGE JAR,0.4280350215674473,High-Revenue Priority,Prioritize inventory monitoring and avoid stockouts
23167,5354,4134.0199999999995,8,669.25,584.7958740327382,1.0198296690988222,228,SMALL CERAMIC TOP STORAGE JAR,0.873807805801626,High-Revenue Priority,Prioritize inventory monitoring and avoid stockouts
23168,3279,4543.67,8,409.875,151.11248175732254,1.8324538928166187,336,CLASSIC CAFE SUGAR DISPENSER,0.3686794309419275,High-Revenue Priority,Prioritize inventory monitoring and avoid stockouts
23169,1524,6530.04,8,190.5,95.89875613672697,4.721708897767683,307,CLASSIC GLASS COOKIE JAR,0.5034055440248135,High-Revenue Priority,Prioritize inventory monitoring and avoid stockouts
23170,6749,10938.25,8,843.625,554.1240030122191,2.1729805356690335,442,REGENCY TEA PLATE ROSES,0.6568368682912658,High-Revenue Priority,Prioritize inventory monitoring and avoid stockouts
23171,6199,9982.39,8,774.875,608.157272304741,2.2118520954080982,380,REGENCY TEA PLATE GREEN,0.7848456490462862,High-Revenue Priority,Prioritize inventory monitoring and avoid stockouts
23172,3813,6274.8099999999995,8,476.625,354.8387712348083,2.146043640787062,304,REGENCY TEA PLATE PINK,0.7444820796953754,High-Revenue Priority,Prioritize inventory monitoring and avoid stockouts
23173,2741,24673.58,8,342.625,281.00988162594666,11.62705233454895,414,REGENCY TEAPOT ROSES,0.8201674764712051,High-Revenue Priority,Prioritize inventory monitoring and avoid stockouts
23174,3006,12158.28,8,375.75,351.2568250480795,4.94947056636831,320,REGENCY SUGAR BOWL GREEN,0.9348152363222343,High-Revenue Priority,Prioritize inventory monitoring and avoid stockouts
23175,3112,9455.15,8,389.0,360.98278550170704,4.032484035892265,328,REGENCY MILK JUG PINK,0.9279763123437199,High-Revenue Priority,Prioritize inventory monitoring and avoid stockouts
23176,2133,4621.08,10,213.3,161.8071897866923,2.7235731889581887,220,ABC TREASURE BOOK BOX,0.7585897317707093,High-Revenue Priority,Prioritize inventory monitoring and avoid stockouts
23177,2516,5485.29,10,251.6,181.51963468941253,2.714902691113796,264,TREASURE ISLAND BOOK BOX,0.7214611871598272,High-Revenue Priority,Prioritize inventory monitoring and avoid stockouts
23178,326,934.0,10,32.6,35.29935473127582,3.3516595238095244,67,JAM CLOCK MAGNET,1.082802292370424,Regular,Maintain standard replenishment review
23179,324,930.48,10,32.4,44.264859400858576,3.658220779220779,53,CLOCK MAGNET MUM'S KITCHEN,1.3661993642240302,Regular,Maintain standard replenishment review
23180,121,616.14,10,12.1,8.37257427557379,5.954123809523809,48,MUM'S KITCHEN CLOCK,0.6919482872375033,Regular,Maintain standard replenishment review
23181,201,1733.57,10,20.1,7.187179944564875,9.65773315018315,82,BULL DOG BOTTLE TOP WALL CLOCK,0.3575711415206405,Regular,Maintain standard replenishment review
23182,3741,3688.21,10,374.1,180.87592432383033,1.54970009526771,433,TOILET SIGN OCCUPIED OR VACANT,0.4834961890506023,High-Revenue Priority,Prioritize inventory monitoring and avoid stockouts
23183,220,944.6700000000001,10,22.0,16.51262143533445,4.756030303030303,83,MOTHER'S KITCHEN SPOON REST,0.7505737016061113,Regular,Maintain standard replenishment review
23184,866,4724.9,10,86.6,42.39287151816394,6.447180918945749,263,BULL DOG BOTTLE OPENER,0.48952507526748207,High-Revenue Priority,Prioritize inventory monitoring and avoid stockouts
23185,317,114.85,8,39.625,32.75422546350754,0.40875,30,FRENCH STYLE STORAGE JAR JAM,0.8266050590159632,Regular,Maintain standard replenishment review
23186,1976,811.9599999999999,8,247.0,246.62580099066219,0.422734375,69,FRENCH STYLE STORAGE JAR CAFE,0.998485024253693,High-Turnover Stable,Keep stable local warehouse inventory
23187,2332,687.56,7,333.14285714285717,298.3507044689904,0.42666666666666664,73,FRENCH STYLE STORAGE JAR BONBONS,0.8955638641865062,High-Turnover Stable,Keep stable local warehouse inventory
23188,3459,6427.969999999999,7,494.14285714285717,302.4077978334491,1.9452870678657785,332,VINTAGE  2 METER FOLDING RULER,0.6119845576276796,High-Revenue Priority,Prioritize inventory monitoring and avoid stockouts
23189,1249,3507.51,5,249.8,131.59293294094482,3.4667928473715066,141,SET OF 12 FORK CANDLES,0.5267931662968167,High-Revenue Priority,Prioritize inventory monitoring and avoid stockouts
23190,1701,2760.2499999999995,8,212.625,117.48670137509181,1.7904655840050574,201,BUNDLE OF 3 SCHOOL EXERCISE BOOKS,0.5525535631985505,Regular,Maintain standard replenishment review
23191,2200,3627.24,8,275.0,119.8689760887755,1.8850968933027756,280,BUNDLE OF 3 RETRO NOTE BOOKS,0.43588718577736546,High-Revenue Priority,Prioritize inventory monitoring and avoid stockouts
23192,3515,6112.589999999999,8,439.375,151.56699367417886,1.7645509987751267,344,BUNDLE OF 3 ALPHABET EXERCISE BOOKS,0.34496044079471716,High-Revenue Priority,Prioritize inventory monitoring and avoid stockouts
23193,1912,4056.7799999999997,10,191.2,168.8232474776175,2.7166989650872004,172,BUFFALO BILL TREASURE BOOK BOX,0.8829667755105519,High-Revenue Priority,Prioritize inventory monitoring and avoid stockouts
23194,1817,4036.87,10,181.7,155.0068457269621,2.7012003593628595,211,GYMKHANA TREASURE BOOK BOX,0.8530921614032037,High-Revenue Priority,Prioritize inventory monitoring and avoid stockouts
23196,1872,2842.24,7,267.42857142857144,153.07825574180148,1.834532664763104,298,VINTAGE LEAF MAGNETIC NOTEPAD,0.5724080075815227,Regular,Maintain standard replenishment review
23197,1465,2284.65,7,209.28571428571428,92.54677067248085,1.9211451453323374,247,SKETCHBOOK MAGNETIC SHOPPING LIST,0.4422029998002498,Regular,Maintain standard replenishment review
23198,3337,5055.35,7,476.7142857142857,223.5730412234551,1.7879592267746263,474,PANTRY MAGNETIC  SHOPPING LIST,0.4689875003189049,High-Revenue Priority,Prioritize inventory monitoring and avoid stockouts
23199,14286,29336.73,9,1587.3333333333333,783.7328945501778,2.594383325755894,972,JUMBO BAG APPLES,0.49374184872963744,High-Revenue Priority,Prioritize inventory monitoring and avoid stockouts
23200,6947,13974.16,8,868.375,424.36976380106466,2.4626284777371574,594,JUMBO BAG PEARS,0.4886941284595534,High-Revenue Priority,Prioritize inventory monitoring and avoid stockouts
23201,12924,27050.370000000003,9,1436.0,546.7469707277764,2.4034840585691892,898,JUMBO BAG ALPHABET,0.3807430158271424,High-Revenue Priority,Prioritize inventory monitoring and avoid stockouts
23202,10701,21372.13,8,1337.625,453.5753008833577,2.323216670450467,875,JUMBO BAG VINTAGE LEAF,0.33909002962964785,High-Revenue Priority,Prioritize inventory monitoring and avoid stockouts
23203,20144,41413.86,8,2518.0,1098.1144879161866,2.2859531541864104,1226,JUMBO BAG VINTAGE DOILY,0.43610583316766743,High-Revenue Priority,Prioritize inventory monitoring and avoid stockouts
23204,7871,7665.69,9,874.5555555555555,354.19243043545947,1.1386096393594594,581,CHARLOTTE BAG APPLES DESIGN,0.4049970618624235,High-Revenue Priority,Prioritize inventory monitoring and avoid stockouts
23205,5757,5654.38,9,639.6666666666666,231.70886905770354,1.1677114508457178,466,CHARLOTTE BAG VINTAGE ALPHABET,0.362233771325227,High-Revenue Priority,Prioritize inventory monitoring and avoid stockouts
23206,12100,20775.03,9,1344.4444444444443,525.0409772368037,2.1367991045285866,1030,LUNCH BAG APPLE DESIGN,0.3905263467050606,High-Revenue Priority,Prioritize inventory monitoring and avoid stockouts
23207,7797,13271.1,9,866.3333333333334,482.1973143848895,2.043223861273292,735,LUNCH BAG ALPHABET DESIGN,0.5565955918255746,High-Revenue Priority,Prioritize inventory monitoring and avoid stockouts
23208,6298,10425.41,9,699.7777777777778,199.86293914691748,1.9555171267879115,667,LUNCH BAG VINTAGE LEAF DESIGN,0.2856091540683165,High-Revenue Priority,Prioritize inventory monitoring and avoid stockouts
23209,13149,21384.170000000002,8,1643.625,588.3494922237971,1.8584073527886935,1096,LUNCH BAG VINTAGE DOILY,0.3579584711985989,High-Revenue Priority,Prioritize inventory monitoring and avoid stockouts
23210,2661,3346.77,7,380.14285714285717,315.677276434562,1.4226890042959837,189,WHITE ROCKING HORSE HAND PAINTED,0.8304174878023051,High-Revenue Priority,Prioritize inventory monitoring and avoid stockouts
23211,2305,2900.5699999999997,7,329.2857142857143,198.73660481964083,1.4854450411743645,159,RED ROCKING HORSE HAND PAINTED,0.6035384961984754,High-Turnover Stable,Keep stable local warehouse inventory
23212,2236,2785.8900000000003,7,319.42857142857144,179.90447200561482,1.4444459771351645,183,HEART WREATH DECORATION WITH BELL,0.5632072021642682,High-Turnover Stable,Keep stable local warehouse inventory
23213,1670,2123.42,7,238.57142857142858,186.8384838506753,1.413495639550119,151,STAR WREATH DECORATION WITH BELL,0.7831553215297766,Regular,Maintain standard replenishment review
23214,789,1695.0400000000002,7,112.71428571428571,93.57833489598306,2.3471753246753244,103,JINGLE BELL HEART ANTIQUE GOLD,0.8302260383674036,Regular,Maintain standard replenishment review
23215,3564,7038.400000000001,7,509.14285714285717,532.6623159724581,2.2325232161471655,210,JINGLE BELL HEART ANTIQUE SILVER,1.046194223290462,High-Revenue Priority,Prioritize inventory monitoring and avoid stockouts
23216,525,630.73,7,75.0,84.26545357776618,1.357983193277311,44,LAUREL HEART ANTIQUE GOLD,1.1235393810368823,Regular,Maintain standard replenishment review
23217,1309,1613.8200000000002,7,187.0,139.2934552183507,1.426319266074088,97,LAUREL HEART ANTIQUE SILVER,0.7448847872639074,Regular,Maintain standard replenishment review
23218,379,483.03000000000003,5,75.8,59.225838955645024,1.5817362041467304,40,LAUREL STAR ANTIQUE GOLD,0.7813435218422826,Regular,Maintain standard replenishment review
23219,430,568.6,7,61.42857142857143,58.00820959961082,1.4526349206349207,61,LAUREL STAR ANTIQUE SILVER,0.9443196911564552,Regular,Maintain standard replenishment review
23220,993,869.15,7,141.85714285714286,144.33344330799724,1.1491449502878075,103,REINDEER HEART DECORATION GOLD,1.0174562972366372,Regular,Maintain standard replenishment review
23221,1488,1323.1999999999998,8,186.0,196.14863169108705,1.1635768398268398,142,REINDEER HEART DECORATION SILVER,1.0545625359735862,Regular,Maintain standard replenishment review
23222,787,708.57,6,131.16666666666666,115.99554589149821,0.9706891835016834,74,CHRISTMAS TREE HANGING GOLD,0.8843370715997323,Regular,Maintain standard replenishment review
23223,801,750.19,7,114.42857142857143,109.1571606184666,1.1885405071119357,88,CHRISTMAS TREE HANGING SILVER,0.9539327394872238,Regular,Maintain standard replenishment review
23224,726,639.0600000000001,7,103.71428571428571,101.01767879223631,1.009547060782355,70,CHERUB HEART DECORATION GOLD,0.9739996577763832,Regular,Maintain standard replenishment review
23225,1283,1116.41,7,183.28571428571428,188.75797050342385,1.063808547008547,85,CHERUB HEART DECORATION SILVER,1.0298564251940507,Regular,Maintain standard replenishment review
23226,1199,1536.67,8,149.875,108.54549737322132,1.5115071486928104,97,FILIGREE HEART DAISY WHITE,0.7242401826403424,Regular,Maintain standard replenishment review
23227,1642,2070.06,8,205.25,127.68460025726338,1.5410571880067816,117,FILIGREE HEART BUTTERFLY WHITE,0.6220930585006742,Regular,Maintain standard replenishment review
23228,1348,1810.24,8,168.5,99.40250068714138,1.7664464693204869,124,FILIGREE HEART BIRD WHITE,0.5899258201017292,Regular,Maintain standard replenishment review
23229,1862,6713.46,7,266.0,119.6508810386841,4.190972169486099,254,VINTAGE DONKEY TAIL GAME,0.44981534225069214,High-Revenue Priority,Prioritize inventory monitoring and avoid stockouts
23230,7926,3196.92,12,660.5,330.9013860241859,0.41783629514607773,233,WRAP ALPHABET DESIGN,0.5009862013992217,High-Revenue Priority,Prioritize inventory monitoring and avoid stockouts
23231,7277,3008.34,12,606.4166666666666,220.1839967487247,0.4192102564102564,260,WRAP DOILEY DESIGN,0.3630902790964266,High-Turnover Stable,Keep stable local warehouse inventory
23232,8475,3415.5,12,706.25,320.0008877828594,0.4174991370285488,235,WRAP VINTAGE LEAF DESIGN,0.4530986021704204,High-Revenue Priority,Prioritize inventory monitoring and avoid stockouts
23233,5150,2095.0,12,429.1666666666667,282.60825225464356,0.41874999999999996,157,WRAP POPPIES  DESIGN,0.6585046654477131,High-Turnover Stable,Keep stable local warehouse inventory
23234,1710,5045.1,7,244.28571428571428,166.14422879505855,3.2715403894351267,275,BISCUIT TIN VINTAGE CHRISTMAS,0.6801225740148596,High-Revenue Priority,Prioritize inventory monitoring and avoid stockouts
23235,735,1947.77,7,105.0,97.37898472805448,2.994605579883775,104,STORAGE TIN VINTAGE LEAF,0.9274189021719474,Regular,Maintain standard replenishment review
23236,2486,7039.74,7,355.14285714285717,188.5713203462893,3.397031756083123,325,STORAGE TIN VINTAGE DOILY,0.5309731465905169,High-Revenue Priority,Prioritize inventory monitoring and avoid stockouts
23237,1046,4245.34,7,149.42857142857142,64.80703959410876,4.256549979600163,173,SET OF 4 KNICK KNACK TINS LEAF,0.43369911774260167,High-Revenue Priority,Prioritize inventory monitoring and avoid stockouts
23238,1843,7746.71,7,263.2857142857143,76.17023540665187,4.756567432407913,273,SET OF 4 KNICK KNACK TINS LONDON,0.28930637430632833,High-Revenue Priority,Prioritize inventory monitoring and avoid stockouts
23239,824,3279.1400000000003,7,117.71428571428571,60.6017444350526,4.336126930713397,175,SET OF 4 KNICK KNACK TINS POPPIES,0.5148206444725343,High-Revenue Priority,Prioritize inventory monitoring and avoid stockouts
23240,4164,16946.22,7,594.8571428571429,213.06605280321608,4.449255345544232,534,SET OF 4 KNICK KNACK TINS DOILY,0.35818020403998857,High-Revenue Priority,Prioritize inventory monitoring and avoid stockouts
23241,2164,4667.47,7,309.14285714285717,112.03485852095109,2.4902515470034303,362,TREASURE TIN GYMKHANA DESIGN,0.3624048103727623,High-Revenue Priority,Prioritize inventory monitoring and avoid stockouts
23242,1469,3022.55,7,209.85714285714286,96.15339926636078,2.295729156635431,213,TREASURE TIN BUFFALO BILL,0.4581850203298335,Regular,Maintain standard replenishment review
23243,4767,23345.27,7,681.0,650.7167842720313,6.055910359279919,466,SET OF TEA COFFEE SUGAR TINS PANTRY,0.9555312544376378,High-Revenue Priority,Prioritize inventory monitoring and avoid stockouts
23244,935,1732.03,7,133.57142857142858,88.23804384137479,2.1406069812540403,111,ROUND STORAGE TIN VINTAGE LEAF,0.6606056758177791,Regular,Maintain standard replenishment review
23245,6319,31002.65,7,902.7142857142857,378.07967162390275,5.959443527557242,868,SET OF 3 REGENCY CAKE TINS,0.4188253998049247,High-Revenue Priority,Prioritize inventory monitoring and avoid stockouts
23247,2156,6585.830000000001,7,308.0,266.285561005474,3.206951631322365,307,BISCUIT TIN 50'S CHRISTMAS,0.8645635097580324,High-Revenue Priority,Prioritize inventory monitoring and avoid stockouts
23249,812,1376.6,7,116.0,71.19456908126256,1.830142857142857,79,VINTAGE RED ENAMEL TRIM PLATE,0.6137462851832979,Regular,Maintain standard replenishment review
23250,1137,1478.53,7,162.42857142857142,69.24800151835224,1.4491471876106765,107,VINTAGE RED TRIM ENAMEL BOWL,0.42632894514376934,Regular,Maintain standard replenishment review
23251,1676,2060.75,7,239.42857142857142,95.94591730563134,1.360387794198139,118,VINTAGE RED ENAMEL TRIM MUG,0.40072877156289943,Regular,Maintain standard replenishment review
23252,575,2156.61,7,82.14285714285714,50.28395559695151,3.978488450404085,134,VINTAGE RED ENAMEL TRIM JUG,0.6121525029194097,Regular,Maintain standard replenishment review
23253,258,3848.86,9,28.666666666666668,26.655205870523677,18.36652380952381,70,16 PIECE CUTLERY SET PANTRY DESIGN,0.9298327629252445,High-Revenue Priority,Prioritize inventory monitoring and avoid stockouts
23254,1686,6832.56,9,187.33333333333334,109.45090223474634,4.2925364965095,294,CHILDRENS CUTLERY DOLLY GIRL,0.5842574852388595,High-Revenue Priority,Prioritize inventory monitoring and avoid stockouts
23255,1005,4059.8700000000003,9,111.66666666666667,57.47390712314589,4.36745018671094,155,CHILDRENS CUTLERY CIRCUS PARADE,0.514691705580411,High-Revenue Priority,Prioritize inventory monitoring and avoid stockouts
23256,2096,8596.52,9,232.88888888888889,104.37605621554741,4.476444702018141,363,CHILDRENS CUTLERY SPACEBOY,0.4481796306965299,High-Revenue Priority,Prioritize inventory monitoring and avoid stockouts
23263,3839,5117.19,7,548.4285714285714,351.77827161573293,1.430725693056937,443,SET OF 3 WOODEN HEART DECORATIONS,0.6414295132352514,High-Revenue Priority,Prioritize inventory monitoring and avoid stockouts
23264,1962,2689.56,7,280.2857142857143,257.4540180858932,1.4983952774988973,299,SET OF 3 WOODEN SLEIGH DECORATIONS,0.918541348930302,High-Turnover Stable,Keep stable local warehouse inventory
23265,1755,2387.29,7,250.71428571428572,236.76550585316426,1.5127435624981078,292,SET OF 3 WOODEN TREE DECORATIONS,0.9443638410097719,Regular,Maintain standard replenishment review
23266,2041,2728.82,7,291.57142857142856,243.01979147307952,1.4763235444329401,318,SET OF 3 WOODEN STOCKING DECORATION,0.8334828712942464,High-Turnover Stable,Keep stable local warehouse inventory
23267,1154,1471.95,7,164.85714285714286,144.99474538919054,1.3504290249433109,107,SET OF 4 SANTA PLACE SETTINGS,0.879517519691797,Regular,Maintain standard replenishment review
23268,1435,2000.74,6,239.16666666666666,255.5366249027068,1.6864364801864802,88,SET OF 2 CERAMIC CHRISTMAS REINDEER,1.0684458184085301,Regular,Maintain standard replenishment review
23269,779,1152.98,7,111.28571428571429,131.40739995108632,1.7434523809523808,94,SET OF 2 CERAMIC CHRISTMAS TREES,1.180811039355076,Regular,Maintain standard replenishment review
23270,1174,1646.32,7,167.71428571428572,113.96156411368746,1.527518315018315,125,SET OF 2 CERAMIC PAINTED HEARTS,0.6794982528073358,Regular,Maintain standard replenishment review
23271,1731,1496.89,7,247.28571428571428,250.08379548044445,1.1323561360403465,104,CHRISTMAS TABLE SILVER CANDLE SPIKE,1.011315175253097,Regular,Maintain standard replenishment review
23272,364,562.22,7,52.0,29.732137494637012,1.757518315018315,44,TREE T-LIGHT HOLDER WILLIE WINKIE,0.5717718748968657,Regular,Maintain standard replenishment review
23273,969,1649.05,7,138.42857142857142,84.45483436499681,1.885939003352537,112,HEART T-LIGHT HOLDER WILLIE WINKIE,0.6100968426779956,Regular,Maintain standard replenishment review
23274,1180,2005.0,7,168.57142857142858,150.3494342555115,1.927017224803095,119,STAR T-LIGHT HOLDER WILLIE WINKIE,0.8919034235496445,Regular,Maintain standard replenishment review
23275,3644,4426.72,7,520.5714285714286,466.7672000554656,1.5227704375818327,322,SET OF 3 HANGING OWLS OLLIE BEAK,0.8966439079001809,High-Revenue Priority,Prioritize inventory monitoring and avoid stockouts
23280,2023,1614.1599999999999,8,252.875,153.62983108758533,1.0469113342131724,157,FOLDING BUTTERFLY MIRROR HOT PINK,0.6075326983196652,High-Turnover Stable,Keep stable local warehouse inventory
23281,1280,1000.8199999999999,8,160.0,121.05488719703023,0.9709876600008179,101,FOLDING BUTTERFLY MIRROR RED,0.7565930449814389,Regular,Maintain standard replenishment review
23282,812,757.8599999999999,8,101.5,62.98979509185821,1.2885180650113641,135,FOLDING BUTTERFLY MIRROR IVORY,0.6205891142054997,Regular,Maintain standard replenishment review
23283,988,6953.88,9,109.77777777777777,95.82507210769236,9.343935882239455,232,DOORMAT VINTAGE LEAF,0.8729004544222989,High-Revenue Priority,Prioritize inventory monitoring and avoid stockouts
23284,5269,36580.84,9,585.4444444444445,438.8565002113764,8.921276786671102,723,DOORMAT KEEP CALM AND COME IN,0.7496125454360196,High-Revenue Priority,Prioritize inventory monitoring and avoid stockouts
23285,4807,4572.41,7,686.7142857142857,741.6294479692929,1.1245119897959184,191,PINK VINTAGE SPOT BEAKER,1.0799679916340859,High-Revenue Priority,Prioritize inventory monitoring and avoid stockouts
23286,5040,4740.820000000001,7,720.0,711.6893048702268,1.06460872506439,221,BLUE VINTAGE SPOT BEAKER,0.988457367875315,High-Revenue Priority,Prioritize inventory monitoring and avoid stockouts
23287,1871,1596.5900000000001,7,267.2857142857143,214.56989093355597,1.0792530647127587,197,RED VINTAGE SPOT BEAKER,0.8027735096391725,Regular,Maintain standard replenishment review
23288,4609,4430.63,7,658.4285714285714,737.8859119454843,1.0571737786023498,183,GREEN VINTAGE SPOT BEAKER,1.1206772366279865,High-Revenue Priority,Prioritize inventory monitoring and avoid stockouts
23289,1614,2003.7,7,230.57142857142858,131.02907710740791,1.5562904762969016,190,DOLLY GIRL CHILDRENS BOWL,0.568279764406354,Regular,Maintain standard replenishment review
23290,2422,2880.35,7,346.0,107.76517681205434,1.447070961910637,213,SPACEBOY CHILDRENS BOWL,0.3114600485897524,High-Turnover Stable,Keep stable local warehouse inventory
23291,1625,2047.7800000000002,7,232.14285714285714,129.9761882954317,1.5188620836265538,193,DOLLY GIRL CHILDRENS CUP,0.5598974265033981,Regular,Maintain standard replenishment review
23292,2164,2682.08,7,309.14285714285717,98.57726000694171,1.545273059286555,219,SPACEBOY CHILDRENS CUP,0.31887283736071714,High-Turnover Stable,Keep stable local warehouse inventory
23293,8453,6974.6,6,1408.8333333333333,599.651370937036,1.0870030035796574,549,SET OF 12 FAIRY CAKE BAKING CASES,0.42563684202321256,High-Revenue Priority,Prioritize inventory monitoring and avoid stockouts
23294,4382,3599.51,6,730.3333333333334,446.7834673157308,1.121780655086666,352,SET OF 6 SNACK LOAF BAKING CASES,0.6117528078261946,High-Revenue Priority,Prioritize inventory monitoring and avoid stockouts
23295,6132,5071.79,6,1022.0,447.738763119746,1.138794452885511,443,SET OF 12 MINI LOAF BAKING CASES,0.43810055099779455,High-Revenue Priority,Prioritize inventory monitoring and avoid stockouts
23296,4969,5973.05,6,828.1666666666666,557.2605913454374,1.566192262700535,376,SET OF 6 TEA TIME BAKING CASES,0.6728845940979321,High-Revenue Priority,Prioritize inventory monitoring and avoid stockouts
23297,4281,6755.93,5,856.2,891.2610167622053,1.7714784089150286,158,SET 40 HEART SHAPE PETIT FOUR CASES,1.0409495640763902,High-Revenue Priority,Prioritize inventory monitoring and avoid stockouts
23298,8459,43113.53,8,1057.375,537.0107574075482,5.652393449396871,1144,SPOTTY BUNTING,0.5078716230358654,High-Revenue Priority,Prioritize inventory monitoring and avoid stockouts
23299,1004,3742.8799999999997,8,125.5,154.35672968808325,4.878595777977214,144,FOOD COVER WITH BEADS SET 2,1.229934101100265,High-Revenue Priority,Prioritize inventory monitoring and avoid stockouts
23300,6665,11567.59,8,833.125,352.7983792884704,1.899783792255065,754,GARDENERS KNEELING PAD CUP OF TEA,0.4234639211264461,High-Revenue Priority,Prioritize inventory monitoring and avoid stockouts
23301,8703,16174.949999999999,8,1087.875,696.9874845156321,1.935020555847519,908,GARDENERS KNEELING PAD KEEP CALM,0.6406871051505293,High-Revenue Priority,Prioritize inventory monitoring and avoid stockouts
23302,1505,2130.27,8,188.125,110.41148685065077,1.8788294583731884,227,KNEELING MAT HOUSEWORK  DESIGN,0.5869049134918314,Regular,Maintain standard replenishment review
23303,65,126.75,3,21.666666666666668,8.386497083606084,1.95,6,SET 4 PICNIC CUTLERY FONDANT,0.38706909616643465,Long-Tail,Limit stock and avoid excessive local warehouse space
23304,71,138.45,3,23.666666666666668,15.50268793897798,1.95,9,SET 4 PICNIC CUTLERY CHERRY,0.6550431523511822,Long-Tail,Limit stock and avoid excessive local warehouse space
23305,82,159.9,3,27.333333333333332,3.5118845842842457,1.95,9,SET 4 PICNIC CUTLERY BLUEBERRY,0.12848358235186266,Long-Tail,Limit stock and avoid excessive local warehouse space
23306,2807,4121.93,7,401.0,347.44831749964385,1.9261134598265486,276,SET OF 36 DOILIES PANTRY DESIGN,0.8664546571063437,High-Revenue Priority,Prioritize inventory monitoring and avoid stockouts
23307,12024,6358.14,7,1717.7142857142858,741.1672582905323,0.6937905483402828,627,SET OF 60 PANTRY DESIGN CAKE CASES,0.4314845981398641,High-Revenue Priority,Prioritize inventory monitoring and avoid stockouts
23308,6139,3272.61,7,877.0,379.9692970052536,0.7055918471739803,382,SET OF 60 VINTAGE LEAF CAKE CASES,0.4332603158554773,High-Revenue Priority,Prioritize inventory monitoring and avoid stockouts
23309,8227,4469.45,7,1175.2857142857142,373.55308158534143,0.7435936526024147,405,SET OF 60 I LOVE LONDON CAKE CASES,0.3178402298647612,High-Revenue Priority,Prioritize inventory monitoring and avoid stockouts
23310,12050,4997.28,7,1721.4285714285713,748.0465353489842,0.4773120936398968,245,BUBBLEGUM RING ASSORTED,0.4345498545595759,High-Revenue Priority,Prioritize inventory monitoring and avoid stockouts
23311,2384,6472.900000000001,6,397.3333333333333,333.5911669494063,2.9716812630427487,343,VINTAGE CHRISTMAS STOCKING,0.8395750846042105,High-Revenue Priority,Prioritize inventory monitoring and avoid stockouts
23312,1422,5960.0,6,237.0,143.31503759201266,4.494537510152265,213,VINTAGE CHRISTMAS GIFT SACK,0.6047047999662981,High-Revenue Priority,Prioritize inventory monitoring and avoid stockouts
23313,2977,15734.310000000001,6,496.1666666666667,407.1743688724361,5.41533236341932,399,VINTAGE CHRISTMAS BUNTING,0.8206403134815642,High-Revenue Priority,Prioritize inventory monitoring and avoid stockouts
23314,403,4962.96,6,67.16666666666667,43.68714532521742,13.50571060389658,116,VINTAGE CHRISTMAS TABLECLOTH,0.6504289626583238,High-Revenue Priority,Prioritize inventory monitoring and avoid stockouts
23315,201,1996.44,7,28.714285714285715,16.41863053276456,11.060569340016709,85,IVORY REFECTORY CLOCK,0.5717931031311041,Regular,Maintain standard replenishment review
23316,250,2501.64,7,35.714285714285715,20.039247205706822,11.019607179828453,110,RED REFECTORY CLOCK,0.561098921759791,Regular,Maintain standard replenishment review
23317,173,1777.46,7,24.714285714285715,13.864995320521938,11.528037940817354,82,BLUE REFECTORY CLOCK,0.5610113713505986,Regular,Maintain standard replenishment review
23318,3669,8853.17,6,611.5,495.7453983649268,2.729310576421492,373,BOX OF 6 MINI VINTAGE CRACKERS,0.8107038403351216,High-Revenue Priority,Prioritize inventory monitoring and avoid stockouts
23319,3624,9019.85,6,604.0,519.002890165363,2.621988605427766,401,BOX OF 6 MINI 50'S CRACKERS,0.8592763082207998,High-Revenue Priority,Prioritize inventory monitoring and avoid stockouts
23320,2649,7018.89,6,441.5,259.4137621638451,2.7209256554509724,332,GIANT 50'S CHRISTMAS CRACKER,0.5875736402352097,High-Revenue Priority,Prioritize inventory monitoring and avoid stockouts
23321,4699,8410.49,7,671.2857142857143,396.07058053067357,1.7506293542188975,627,SMALL WHITE HEART OF WICKER,0.5900178897030677,High-Revenue Priority,Prioritize inventory monitoring and avoid stockouts
23322,3029,8776.210000000001,7,432.7142857142857,247.33291618499027,3.171160110040617,561,LARGE WHITE HEART OF WICKER,0.5715848178590068,High-Revenue Priority,Prioritize inventory monitoring and avoid stockouts
23323,1469,3146.78,7,209.85714285714286,181.37201968277665,2.374949599220116,294,WHITE WICKER STAR,0.8642642190465871,High-Revenue Priority,Prioritize inventory monitoring and avoid stockouts
23324,387,791.08,5,77.4,73.72787803809356,2.534193181818182,43,RUSTIC STRAWBERRY JAM POT LARGE,0.9525565637996584,Regular,Maintain standard replenishment review
23325,462,740.9399999999999,4,115.5,57.44272509784565,1.7829166666666667,35,RUSTIC STRAWBERRY JAM POT SMALL,0.4973396112367589,Regular,Maintain standard replenishment review
23326,3442,2237.0800000000004,5,688.4,421.24375366288814,2.6616751596229853,76,HANGING MINI COLOURED BOTTLES,0.6119171319914122,High-Turnover Stable,Keep stable local warehouse inventory
23327,1734,1051.14,5,346.8,242.22241845048117,0.7343463203463203,41,HANGING CLEAR MINI BOTTLE,0.6984498801916988,Regular,Maintain standard replenishment review
23328,2837,13254.49,5,567.4,220.87168220484944,4.925043959484153,404,SET 6 SCHOOL MILK BOTTLES IN CRATE,0.38926979591972055,High-Revenue Priority,Prioritize inventory monitoring and avoid stockouts
23329,1767,3038.1899999999996,5,353.4,155.13800308112775,1.7781149155722324,233,DECORATIVE WICKER HEART LARGE,0.43898699230653015,Regular,Maintain standard replenishment review
23330,1794,2286.9700000000003,5,358.8,244.1427860904352,1.3958885361552027,216,DECORATIVE WICKER HEART MEDIUM,0.6804425476322051,Regular,Maintain standard replenishment review
23331,1596,1062.28,5,319.2,163.34227866660854,0.7846448717948717,109,DECORATIVE WICKER HEART SMALL,0.5117239306598012,Regular,Maintain standard replenishment review
23332,2059,3542.7099999999996,5,411.8,169.3906727066163,1.7759541995295418,287,IVORY WICKER HEART LARGE,0.41134209010834455,High-Revenue Priority,Prioritize inventory monitoring and avoid stockouts
23333,2077,2680.45,5,415.4,267.3579996932951,1.3227800854295206,232,IVORY WICKER HEART MEDIUM,0.6436157912693671,High-Turnover Stable,Keep stable local warehouse inventory
23334,2271,1491.7500000000002,5,454.2,260.3155777128983,0.7929506514157677,130,IVORY WICKER HEART SMALL,0.5731298496541134,High-Turnover Stable,Keep stable local warehouse inventory
23335,365,765.82,7,52.142857142857146,37.26226228339056,2.322057823129252,94,EGG FRYING PAN IVORY,0.7146187287225587,Regular,Maintain standard replenishment review
23336,225,519.25,7,32.142857142857146,20.61090788416473,2.577873093681917,85,EGG FRYING PAN PINK,0.6412282452851249,Regular,Maintain standard replenishment review
23337,180,388.75,7,25.714285714285715,17.969550965585142,2.3121938775510205,69,EGG FRYING PAN MINT,0.6988158708838667,Regular,Maintain standard replenishment review
23338,425,902.9200000000001,7,60.714285714285715,28.111173850234273,2.3045830161218093,108,EGG FRYING PAN RED,0.46300756929797626,Regular,Maintain standard replenishment review
23339,173,400.84000000000003,7,24.714285714285715,15.052289811567826,2.490307192807193,76,EGG FRYING PAN BLUE,0.6090521889073687,Regular,Maintain standard replenishment review
23340,2500,4034.08,6,416.6666666666667,438.66053693792276,1.9861179354667726,151,VINTAGE CHRISTMAS CAKE FRILL,1.0527852886510145,High-Revenue Priority,Prioritize inventory monitoring and avoid stockouts
23341,307,2741.35,7,43.857142857142854,24.01685915788165,9.760540507111935,121,PINK DINER WALL CLOCK,0.5476156811243373,Regular,Maintain standard replenishment review
23342,373,3176.4100000000003,7,53.285714285714285,41.955191517118536,8.742595670995671,163,MINT DINER WALL CLOCK,0.7873628434847982,High-Revenue Priority,Prioritize inventory monitoring and avoid stockouts
23343,5818,13489.91,7,831.1428571428571,737.866615898255,2.577391458480402,472,JUMBO BAG VINTAGE CHRISTMAS,0.8877735151749373,High-Revenue Priority,Prioritize inventory monitoring and avoid stockouts
23344,10025,23289.27,7,1432.142857142857,1346.2328214405595,2.6110981655702603,711,JUMBO BAG 50'S CHRISTMAS,0.9400129426517623,High-Revenue Priority,Prioritize inventory monitoring and avoid stockouts
23345,2451,2886.25,6,408.5,360.82946110316436,1.5024786776779677,174,DOLLY GIRL BEAKER,0.8833034543529116,High-Turnover Stable,Keep stable local warehouse inventory
23346,2628,3112.34,6,438.0,356.9672253863091,1.516411531007752,184,SPACEBOY BEAKER,0.814993665265546,High-Turnover Stable,Keep stable local warehouse inventory
23347,832,1042.3,6,138.66666666666666,146.403096506415,1.593621031746032,95,I LOVE LONDON BEAKER,1.0557915613443392,Regular,Maintain standard replenishment review
23348,734,1608.8500000000001,8,91.75,112.64324214084039,3.4157207376526335,166,CHILDRENS TOY COOKING UTENSIL SET,1.2277192603906308,Regular,Maintain standard replenishment review
23349,3209,4327.6,5,641.8,447.7071587544698,1.5161010018629837,336,ROLL WRAP VINTAGE CHRISTMAS,0.6975804904245401,High-Revenue Priority,Prioritize inventory monitoring and avoid stockouts
23350,2700,3430.08,5,540.0,288.55328797294965,1.4672897241349778,304,ROLL WRAP VINTAGE SPOT,0.5343579406906475,High-Revenue Priority,Prioritize inventory monitoring and avoid stockouts
23351,3451,4785.77,5,690.2,510.08450280321205,1.5334721195754244,352,ROLL WRAP 50'S CHRISTMAS,0.7390386885007418,High-Revenue Priority,Prioritize inventory monitoring and avoid stockouts
23352,1800,2459.2000000000003,5,360.0,204.78281177872327,1.5261723112892978,212,ROLL WRAP 50'S RED CHRISTMAS,0.5688411438297869,Regular,Maintain standard replenishment review
23353,3995,3500.09,5,799.0,495.91178651046397,0.9888671330534586,326,6 GIFT TAGS VINTAGE CHRISTMAS,0.620665565094448,High-Revenue Priority,Prioritize inventory monitoring and avoid stockouts
23354,3692,3389.56,5,738.4,539.5672339940594,0.9902864869871258,320,6 GIFT TAGS 50'S CHRISTMAS,0.7307248564383253,High-Revenue Priority,Prioritize inventory monitoring and avoid stockouts
23355,5780,28559.8,5,1156.0,821.2925788048982,5.3308024925456525,779,HOT WATER BOTTLE KEEP CALM,0.7104607083087354,High-Revenue Priority,Prioritize inventory monitoring and avoid stockouts
23356,2354,13304.570000000002,5,470.8,412.33142009795955,6.2349982261782895,476,LOVE HOT WATER BOTTLE,0.8758101531392514,High-Revenue Priority,Prioritize inventory monitoring and avoid stockouts
23357,450,1982.05,5,90.0,56.824290580701486,4.924070995670996,102,HOT WATER BOTTLE SEX BOMB,0.6313810064522387,Regular,Maintain standard replenishment review
23358,594,2008.38,5,118.8,77.23147026957339,4.119827654203382,89,HOT STUFF HOT WATER BOTTLE,0.6500965510906851,Regular,Maintain standard replenishment review
23359,990,1866.46,5,198.0,100.88607436113271,1.970966112531969,79,SET OF 12 T-LIGHTS VINTAGE DOILY,0.5095256280865289,Regular,Maintain standard replenishment review
23360,1182,2286.4,5,236.4,136.4836986603162,2.107532541029994,114,SET 8 CANDLES VINTAGE DOILY,0.5773422109150431,Regular,Maintain standard replenishment review
23365,1857,1463.0800000000002,4,464.25,363.67968965377577,0.8095846702317291,169,SET 12 COLOUR PENCILS LOVE LONDON,0.7833703600512133,Regular,Maintain standard replenishment review
23366,2249,1667.95,4,562.25,451.4579160896395,0.8182643905320068,195,SET 12 COLOURING PENCILS DOILY,0.8029487169224357,High-Turnover Stable,Keep stable local warehouse inventory
23367,3262,2480.8,4,815.5,584.8649416745716,0.760980235042735,281,SET 12 COLOUR PENCILS SPACEBOY,0.7171857040767279,High-Turnover Stable,Keep stable local warehouse inventory
23368,2379,1679.5500000000002,4,594.75,480.52566702171765,0.8150604509716659,232,SET 12 COLOUR PENCILS DOLLY GIRL,0.8079456360180204,High-Turnover Stable,Keep stable local warehouse inventory
23369,1105,1581.0600000000002,4,276.25,165.81591198273665,1.5111613033943554,126,SET 36 COLOUR PENCILS LOVE LONDON,0.6002385954126214,Regular,Maintain standard replenishment review
23370,1550,2151.6,4,387.5,290.5678348796829,1.57517706992707,151,SET 36 COLOURING PENCILS DOILY,0.749852477108859,Regular,Maintain standard replenishment review
23371,1705,2304.78,4,426.25,350.4239099528836,1.5555080889787662,185,SET 36 COLOUR PENCILS SPACEBOY,0.8221088796548589,Regular,Maintain standard replenishment review
23372,1373,1730.29,4,343.25,292.02325820614584,1.7132777777777777,146,SET 36 COLOUR PENCILS DOLLY GIRL,0.850759674307781,Regular,Maintain standard replenishment review
23373,1608,1313.3899999999999,5,321.6,268.0322741760776,0.9252905982905982,100,VINTAGE CHRISTMAS PAPER GIFT BAG,0.8334336883584501,Regular,Maintain standard replenishment review
23374,2446,1954.63,5,489.2,289.31937370317945,0.8738949407223601,130,RED SPOT PAPER GIFT BAG,0.5914132741275132,High-Turnover Stable,Keep stable local warehouse inventory
23375,1342,1100.69,5,268.4,259.3208437438071,0.9622406195954583,103,50'S CHRISTMAS PAPER GIFT BAG,0.9661730392839311,Regular,Maintain standard replenishment review
23376,3015,1375.55,4,753.75,416.98071498172027,0.5115876325215222,154,PACK OF 12 VINTAGE CHRISTMAS TISSUE,0.5532082454152176,High-Turnover Stable,Keep stable local warehouse inventory
23377,1351,592.4499999999999,4,337.75,218.19620375554965,0.5911769695227143,133,PACK OF 12 DOLLY GIRL TISSUES,0.6460287305863794,Regular,Maintain standard replenishment review
23378,3997,1840.08,4,999.25,625.3923435199166,0.4714552419354839,176,PACK OF 12 50'S CHRISTMAS TISSUES,0.6258617398247852,High-Turnover Stable,Keep stable local warehouse inventory
23379,1220,465.35999999999996,4,305.0,309.163387224296,0.5618657407407408,76,PACK OF 12 RED APPLE TISSUES,1.0136504499157246,Regular,Maintain standard replenishment review
23380,2320,974.1400000000001,4,580.0,402.2909394952862,0.5029569159178434,120,PACK OF 12 VINTAGE DOILY TISSUES,0.693605068095321,High-Turnover Stable,Keep stable local warehouse inventory
23381,1496,562.88,4,374.0,392.34763497014563,0.5012439538149478,80,PACK OF 12 VINTAGE LEAF TISSUES,1.0490578475137584,Regular,Maintain standard replenishment review
23382,1863,7311.18,3,621.0,236.3810483097154,4.763935551294235,219,BOX OF 6 CHRISTMAS CAKE DECORATIONS,0.38064581048263346,High-Revenue Priority,Prioritize inventory monitoring and avoid stockouts
23388,821,3432.09,4,205.25,141.0209795266884,4.800358107088989,154,WOODLAND MINI BACKPACK,0.687069327779237,High-Revenue Priority,Prioritize inventory monitoring and avoid stockouts
23389,1115,4751.49,4,278.75,164.42500823577092,4.523748274672188,237,SPACEBOY MINI BACKPACK,0.5898655003973845,High-Revenue Priority,Prioritize inventory monitoring and avoid stockouts
23390,747,3025.59,4,186.75,124.22124080311976,4.459701548451549,163,DOLLY GIRL MINI BACKPACK,0.6651739802041219,Regular,Maintain standard replenishment review
23391,389,1628.17,4,97.25,64.26702109169211,4.797891009852217,87,I LOVE LONDON MINI BACKPACK,0.6608434045418212,Regular,Maintain standard replenishment review
23392,638,1425.11,4,159.5,90.11289215940931,2.7334059706257983,112,SPACEBOY ROCKET LOLLY MAKERS,0.5649711107172998,Regular,Maintain standard replenishment review
23393,785,3147.91,4,196.25,110.21607565747082,4.62577814739704,227,HOME SWEET HOME CUSHION COVER,0.5616105765985775,High-Revenue Priority,Prioritize inventory monitoring and avoid stockouts
23394,435,1877.6499999999999,4,108.75,65.443996414237,5.190614225698971,150,POSTE FRANCE CUSHION COVER,0.6017838750734438,Regular,Maintain standard replenishment review
23395,747,3253.33,4,186.75,88.78579090522688,5.1630780542986425,209,BELLE JARDINIERE CUSHION COVER,0.47542592184860444,High-Revenue Priority,Prioritize inventory monitoring and avoid stockouts
23396,650,2735.53,4,162.5,87.67553820764375,4.853606301995653,195,LE JARDIN BOTANIQUE CUSHION COVER,0.5395417735855,Regular,Maintain standard replenishment review
23397,487,5077.75,4,121.75,76.95615634892377,12.8528118084857,216,FOOT STOOL HOME SWEET HOME,0.632083419703686,High-Revenue Priority,Prioritize inventory monitoring and avoid stockouts
23398,606,535.35,4,151.5,73.20519107276478,1.0544148550724637,69,HANGING HEART BONHEUR,0.48320258133838134,Regular,Maintain standard replenishment review
23399,1914,1745.55,4,478.5,340.80737472458935,1.1775544977080217,225,HOME SWEET HOME HANGING HEART,0.7122411175017541,High-Turnover Stable,Keep stable local warehouse inventory
23400,459,2396.84,4,114.75,146.71145149578476,6.851132775119617,106,SHELF WITH 4 HOOKS HOME SWEET HOME,1.2785311677192572,Regular,Maintain standard replenishment review
23401,459,2354.87,4,114.75,71.72342713507213,7.436193627450981,83,RUSTIC MIRROR WITH LACE HEART,0.6250407593470338,Regular,Maintain standard replenishment review
23402,296,1147.28,4,74.0,47.23699115453199,4.789477777777778,68,HOME SWEET HOME 3 PEG HANGER,0.6383377183044864,Regular,Maintain standard replenishment review
23403,625,2204.11,4,156.25,93.07120929696788,4.615469073324337,134,LETTER HOLDER HOME SWEET HOME,0.5956557395005945,Regular,Maintain standard replenishment review
23404,1005,4532.06,4,251.25,109.5030440977175,6.034422955974843,168,HOME SWEET HOME BLACKBOARD,0.43583301133419905,High-Revenue Priority,Prioritize inventory monitoring and avoid stockouts
23405,252,1311.48,4,63.0,34.009802508492555,6.2919833333333335,70,HOME SWEET HOME 2 DRAWER CABINET,0.5398381350554374,Regular,Maintain standard replenishment review
23406,455,2416.41,4,113.75,88.53389181550757,7.085905005991213,110,HOME SWEET HOME KEY HOLDER,0.7783199280484182,Regular,Maintain standard replenishment review
23407,260,2659.68,4,65.0,27.410460290431704,10.808256113256112,130,SET OF 2 TRAYS HOME SWEET HOME,0.4216993890835647,Regular,Maintain standard replenishment review
23408,298,619.84,4,74.5,49.86983055916673,2.08,57,PHOTO FRAME LINEN AND LACE SMALL,0.6693936987807615,Regular,Maintain standard replenishment review
23409,209,779.1800000000001,4,52.25,30.291638010073562,3.7875243055555554,42,PHOTO FRAME LINEN AND LACE LARGE,0.5797442681353792,Regular,Maintain standard replenishment review
23410,36,290.1,3,12.0,7.211102550927978,7.914285714285715,18,CURIO CABINET LINEN AND LACE,0.6009252125773316,Long-Tail,Limit stock and avoid excessive local warehouse space
23411,226,1113.66,4,56.5,49.50757517794625,5.662,55,TRELLIS COAT RACK,0.8762402686362168,Regular,Maintain standard replenishment review
23412,356,2339.8,2,178.0,18.384776310850235,7.703010664479081,75,HEART MIRROR ANTIQUE WHITE,0.10328526017331592,Regular,Maintain standard replenishment review
23413,161,849.91,4,40.25,19.13765920900464,6.3038823529411765,57,VINTAGE COFFEE GRINDER BOX,0.4754697940125376,Regular,Maintain standard replenishment review
23414,137,1338.95,3,45.666666666666664,7.637626158259733,10.065084175084174,63,ZINC BOX SIGN HOME,0.16724728813707446,Regular,Maintain standard replenishment review
23415,328,412.17999999999995,4,82.0,29.966648127543397,1.4135833333333334,47,HOME SWEET HOME HOOK,0.3654469283846756,Regular,Maintain standard replenishment review
23416,132,184.67999999999998,4,33.0,22.818121453499774,1.8941666666666668,25,CHAMBRE HOOK,0.6914582258636295,Regular,Maintain standard replenishment review
23417,146,157.5,4,36.5,26.901053263146903,1.756,27,BATHROOM HOOK,0.7370151578944357,Regular,Maintain standard replenishment review
23418,557,1166.0,4,139.25,108.4293164539308,2.5037491776315792,79,LAVENDER TOILETTE BOTTLE,0.7786665454501314,Regular,Maintain standard replenishment review
23419,472,1041.6399999999999,4,118.0,72.1433757642839,2.769199074074074,85,HOME SWEET HOME BOTTLE,0.6113845403752873,Regular,Maintain standard replenishment review
23420,164,351.37,4,41.0,32.69046751985457,2.208125,32,PANTRY HOOK TEA STRAINER,0.7973284760940139,Regular,Maintain standard replenishment review
23421,160,349.2,4,40.0,27.60434748368452,2.376822916666667,33,PANTRY HOOK SPATULA,0.690108687092113,Regular,Maintain standard replenishment review
23422,213,477.89,4,53.25,36.08670115153227,2.9048809523809522,47,PANTRY HOOK BALLOON WHISK,0.6776845286672726,Regular,Maintain standard replenishment review
23423,219,876.9,4,54.75,38.37859646556485,4.822286363636364,66,PANTRY 3 HOOK ROLLING PIN HANGER,0.7009789308778968,Regular,Maintain standard replenishment review
23424,462,2509.62,4,115.5,61.592748490927626,6.454574898785426,135,GINGHAM RECIPE BOOK BOX,0.5332705497050011,Regular,Maintain standard replenishment review
23425,275,621.44,4,68.75,27.5,3.0230383403361345,56,STORAGE TIN HOME SWEET HOME,0.4,Regular,Maintain standard replenishment review
23426,1269,3427.09,4,317.25,166.41589467355575,3.4570099325680808,205,METAL SIGN DROP YOUR PANTS,0.5245575876235012,High-Revenue Priority,Prioritize inventory monitoring and avoid stockouts
23427,235,2835.58,4,58.75,60.38418667167755,13.029791666666668,112,STOOL HOME SWEET HOME,1.027815943347703,Regular,Maintain standard replenishment review
23428,75,659.61,2,37.5,2.1213203435596424,9.970625,32,IVORY RETRO KITCHEN WALL CLOCK,0.056568542494923796,Long-Tail,Limit stock and avoid excessive local warehouse space
23429,47,400.01,2,23.5,10.606601717798213,8.648823529411764,23,RED RETRO KITCHEN WALL CLOCK,0.45134475394886014,Long-Tail,Limit stock and avoid excessive local warehouse space
23430,36,301.88,2,18.0,4.242640687119285,8.755714285714287,18,BLUE RETRO KITCHEN WALL CLOCK,0.2357022603955158,Long-Tail,Limit stock and avoid excessive local warehouse space
23431,1437,1161.27,5,287.4,231.8766913684944,1.1334952380952381,71,NATURAL HANGING QUILTED HEARTS,0.8068082511081921,Regular,Maintain standard replenishment review
23432,1276,1088.36,5,255.2,329.4377027603246,1.2668024132730014,74,PRETTY HANGING QUILTED HEARTS,1.290900089186225,Regular,Maintain standard replenishment review
23433,1222,1078.7,5,244.4,247.17665747396134,1.2597909407665504,87,HANGING QUILTED PATCHWORK APPLES,1.011361118960562,Regular,Maintain standard replenishment review
23434,2085,1876.27,4,521.25,297.93665434115354,0.8971641315841157,198,3 RAFFIA RIBBONS 50'S CHRISTMAS,0.5715811114458581,High-Turnover Stable,Keep stable local warehouse inventory
23435,824,732.4200000000001,4,206.0,122.59146245422912,0.9019378284758719,99,3 RAFFIA RIBBONS VINTAGE CHRISTMAS,0.5951041866710152,Regular,Maintain standard replenishment review
23436,1967,2352.39,5,393.4,362.2220313564596,1.4608722222222221,113,VINTAGE CHRISTMAS GIFT BAG LARGE,0.9207474106671572,High-Turnover Stable,Keep stable local warehouse inventory
23437,1939,2373.63,5,387.8,399.52684515561657,1.529476746387329,131,50'S CHRISTMAS GIFT BAG LARGE,1.0302394150480056,High-Turnover Stable,Keep stable local warehouse inventory
23438,1809,2209.9199999999996,5,361.8,306.29920012954653,1.3925766666666668,109,RED SPOT GIFT BAG LARGE,0.8465981208666294,Regular,Maintain standard replenishment review
23439,3986,8855.51,5,797.2,599.4453269481713,2.1975350179937343,397,HAND WARMER RED LOVE HEART,0.751938443236542,High-Revenue Priority,Prioritize inventory monitoring and avoid stockouts
23440,164,299.35999999999996,2,82.0,89.09545442950498,2.0075000000000003,5,PAINT YOUR OWN EGGS IN CRATE,1.086529932067134,Regular,Maintain standard replenishment review
23441,22,9.24,2,11.0,12.727922061357855,0.42,3,HAND PAINTED HANGING EASTER EGG,1.1570838237598051,Long-Tail,Limit stock and avoid excessive local warehouse space
23442,40,83.2,2,20.0,15.556349186104045,2.08,7,12 HANGING EGGS HAND PAINTED,0.7778174593052023,Long-Tail,Limit stock and avoid excessive local warehouse space
23445,2648,2144.64,5,529.6,417.65093080226694,0.8787813765182186,100,ICE CREAM BUBBLES,0.7886158058955192,High-Turnover Stable,Keep stable local warehouse inventory
23446,157,230.25,2,78.5,92.63098833543772,1.5499999999999998,3,BLUE BUNNY EASTER EGG BASKET,1.180012590260353,Regular,Maintain standard replenishment review
23447,158,231.9,2,79.0,91.92388155425118,1.5499999999999998,4,PINK BUNNY EASTER EGG BASKET,1.1635934373955845,Regular,Maintain standard replenishment review
23448,25,41.25,2,12.5,0.7071067811865476,1.65,3,CREAM BUNNY EASTER EGG BASKET,0.0565685424949238,Long-Tail,Limit stock and avoid excessive local warehouse space
23449,12,15.0,1,12.0,0.0,1.25,1,SET OF 6 EASTER RAINBOW CHICKS,0.0,Long-Tail,Limit stock and avoid excessive local warehouse space
23451,277,556.17,3,92.33333333333333,61.84927916583453,2.3062007168458782,52,SQUARE MINI PORTRAIT FRAME,0.669847788799652,Regular,Maintain standard replenishment review
23452,518,1021.76,3,172.66666666666666,109.50038051684264,2.1042438513867086,87,HEART MINI PORTRAIT FRAME,0.6341720879353822,Regular,Maintain standard replenishment review
23453,316,615.98,3,105.33333333333333,69.6730459599215,1.9888989441930616,47,OVAL  MINI PORTRAIT FRAME,0.6614529679739383,Regular,Maintain standard replenishment review
23454,174,733.2,3,58.0,48.569537778323564,4.441904761904762,52,THREE MINI HANGING FRAMES,0.8374058237641994,Regular,Maintain standard replenishment review
23455,207,569.43,3,69.0,41.58124577258358,2.8723361823361824,35,SMALL PARLOUR PICTURE FRAME,0.6026267503272983,Regular,Maintain standard replenishment review
23456,158,634.1,3,52.666666666666664,39.576929306520654,4.122820512820513,36,MEDIUM PARLOUR PICTURE FRAME,0.7514606830352023,Regular,Maintain standard replenishment review
23457,112,549.88,3,37.333333333333336,23.459184413217212,5.165208333333333,31,LARGE PARLOUR PICTURE FRAME,0.6283710110683182,Regular,Maintain standard replenishment review
23458,49,732.55,3,16.333333333333332,10.214368964029708,14.949999999999998,29,DOLLY CABINET 3 DRAWERS,0.6253695284099822,Long-Tail,Limit stock and avoid excessive local warehouse space
23459,31,387.5,3,10.333333333333334,4.725815626252609,12.5,18,DOLLY CABINET 2 DRAWERS,0.4573369960889621,Long-Tail,Limit stock and avoid excessive local warehouse space
23460,106,987.1800000000001,3,35.333333333333336,13.503086067019396,9.774166666666666,42,SWEETHEART WALL TIDY,0.38216281321753004,Regular,Maintain standard replenishment review
23461,843,3024.61,4,210.75,293.55791592120283,4.556492753623189,93,SWEETHEART BIRD HOUSE,1.3929201229950312,Regular,Maintain standard replenishment review
23462,69,1387.59,3,23.0,19.0,20.54661506707946,38,ROCOCO WALL MIRROR WHITE,0.8260869565217391,Long-Tail,Limit stock and avoid excessive local warehouse space
23463,13,139.4,3,4.333333333333333,3.214550253664318,11.625,8,VINTAGE ZINC WATERING CAN,0.7418192893071504,Long-Tail,Limit stock and avoid excessive local warehouse space
23464,18,99.2,3,6.0,5.5677643628300215,6.128333333333333,8,VINTAGE ZINC WATERING CAN SMALL,0.9279607271383369,Long-Tail,Limit stock and avoid excessive local warehouse space
23465,29,247.63,3,9.666666666666666,7.76745346515403,11.043333333333331,16,TUSCAN VILLA BIRD FEEDER,0.8035296688090376,Long-Tail,Limit stock and avoid excessive local warehouse space
23466,55,498.03,4,13.75,12.76388133236386,10.314980158730158,27,TUSCAN VILLA DOVECOTE BIRD FEEDER,0.9282822787173717,Long-Tail,Limit stock and avoid excessive local warehouse space
23467,32,120.08000000000001,3,10.666666666666666,2.3094010767585034,4.178,11,VINTAGE ZINC PLANTER,0.2165063509461097,Long-Tail,Limit stock and avoid excessive local warehouse space
23468,19,156.75,2,9.5,2.1213203435596424,8.25,11,TUSCAN VILLA BIRD TABLE,0.22329687826943603,Long-Tail,Limit stock and avoid excessive local warehouse space
23469,332,1355.24,4,83.0,95.92705562040356,4.963181467181467,72,CARD HOLDER LOVE BIRD SMALL,1.1557476580771513,Regular,Maintain standard replenishment review
23470,226,1423.0,3,75.33333333333333,66.51566231597889,7.029925675675675,82,CARD HOLDER LOVE BIRD LARGE,0.8829512696811357,Regular,Maintain standard replenishment review
23471,65,616.79,4,16.25,18.661457606521523,10.026777777777777,27,SIX DRAWER OFFICE TIDY,1.1483973911705552,Long-Tail,Limit stock and avoid excessive local warehouse space
23472,58,894.42,3,19.333333333333332,12.055427546683415,15.562592592592592,33,NINE DRAWER OFFICE TIDY,0.6235565972422457,Long-Tail,Limit stock and avoid excessive local warehouse space
23473,678,552.02,3,226.0,140.43859868284076,0.9078728070175438,51,WOODLAND SMALL RED FELT HEART,0.6214097286851361,Regular,Maintain standard replenishment review
23474,312,270.96,3,104.0,97.18024490605073,1.00679012345679,37,WOODLAND SMALL BLUE FELT HEART,0.9344254317889493,Regular,Maintain standard replenishment review
23475,286,242.18,3,95.33333333333333,110.75348000552097,0.9615555555555556,31,WOODLAND SMALL PINK FELT HEART,1.1617497902677025,Regular,Maintain standard replenishment review
23476,205,264.72,2,102.5,91.21677477306463,1.5020833333333334,22,WOODLAND LARGE RED FELT HEART,0.8899197538835574,Regular,Maintain standard replenishment review
23477,92,123.47,2,46.0,29.698484809834994,1.6936666666666667,13,WOODLAND LARGE BLUE FELT HEART,0.6456192349964129,Long-Tail,Limit stock and avoid excessive local warehouse space
23478,285,324.4,3,95.0,99.29249719893241,1.4507407407407407,13,WOODLAND LARGE PINK FELT HEART,1.0451841810413938,Regular,Maintain standard replenishment review
23479,113,872.38,3,37.666666666666664,35.50117368951811,8.57224074074074,44,WIRE EGG BASKET,0.9425090360049057,Regular,Maintain standard replenishment review
23480,1798,6719.14,3,599.3333333333334,403.94595348057805,4.4283290665273425,215,MINI LIGHTS WOODLAND MUSHROOMS,0.6739921359520212,High-Revenue Priority,Prioritize inventory monitoring and avoid stockouts
23481,228,281.17,3,76.0,57.654141221598294,1.2675438596491226,29,PEARLISED IVORY HEART SMALL,0.7586071213368196,Regular,Maintain standard replenishment review
23482,418,661.02,3,139.33333333333334,108.02931700854789,1.7383208020050125,39,PEARLISED IVORY HEART LARGE,0.7753300263771379,Regular,Maintain standard replenishment review
23483,1328,1636.36,3,442.6666666666667,196.82564196093287,2.4999744572158367,73,HANGING  BUTTERFLY T-LIGHT HOLDER,0.44463623936957725,Regular,Maintain standard replenishment review
23484,185,547.35,4,46.25,49.5874648138687,3.740625,35,HEART TRELLIS TRIPLE T-LIGHT HOLDER,1.0721614013809448,Regular,Maintain standard replenishment review
23485,251,5585.719999999999,3,83.66666666666667,76.78758580222022,24.720166666666668,76,BOTANICAL GARDENS WALL CLOCK,0.9177799099866958,High-Revenue Priority,Prioritize inventory monitoring and avoid stockouts
23486,265,3991.57,3,88.33333333333333,64.22097269065094,17.781443089430894,70,ANTIQUE HEART SHELF UNIT,0.7270298795168031,High-Revenue Priority,Prioritize inventory monitoring and avoid stockouts
23487,74,735.88,3,24.666666666666668,19.55334583474995,10.268835978835979,41,SWEET HEART CAKE CARRIER,0.7927032095168899,Long-Tail,Limit stock and avoid excessive local warehouse space
23489,913,2709.23,3,304.3333333333333,193.9286810488158,3.2737105438401777,159,VINTAGE BELLS GARLAND,0.6372245817595262,Regular,Maintain standard replenishment review
23490,542,2032.7700000000002,3,180.66666666666666,152.39531926320223,4.056070127504554,101,T-LIGHT HOLDER HANGING LOVE BIRD,0.8435165272870973,Regular,Maintain standard replenishment review
23491,228,1897.76,3,76.0,52.08646657242167,8.35954248366013,78,VINTAGE JINGLE BELLS HEART,0.6853482443739694,Regular,Maintain standard replenishment review
23492,76,635.38,3,25.333333333333332,22.89832599412746,8.389666666666667,28,VINTAGE JINGLE BELLS WREATH,0.9038812892418735,Long-Tail,Limit stock and avoid excessive local warehouse space
23493,3964,8497.98,4,991.0,798.8762941365411,2.1592008492924424,415,VINTAGE DOILY TRAVEL SEWING KIT,0.806131477433442,High-Revenue Priority,Prioritize inventory monitoring and avoid stockouts
23494,759,5056.51,4,189.75,155.05348539563155,6.742085959383754,200,VINTAGE DOILY DELUXE SEWING KIT,0.81714616809292,High-Revenue Priority,Prioritize inventory monitoring and avoid stockouts
23495,225,306.66,3,75.0,88.15327560561774,1.5976543209876544,41,SET OF 3 PANTRY WOODEN SPOONS,1.175377008074903,Regular,Maintain standard replenishment review
23496,112,154.51999999999998,3,37.333333333333336,37.5410886008029,1.5124561403508772,31,PANTRY KITCHEN THERMOMETER,1.005564873235792,Regular,Maintain standard replenishment review
23497,2546,3638.62,3,848.6666666666666,596.2384869608245,1.5903640920483024,194,CLASSIC CHROME BICYCLE BELL,0.7025590969687642,High-Revenue Priority,Prioritize inventory monitoring and avoid stockouts
23498,1640,2372.68,2,820.0,428.5067093990478,1.6520833333333333,99,CLASSIC BICYCLE CLIPS,0.5225691578037168,Regular,Maintain standard replenishment review
23499,1312,586.23,3,437.3333333333333,490.29005020837747,0.489069264069264,110,SET 12 VINTAGE DOILY CHALK,1.1210900538301314,Regular,Maintain standard replenishment review
23500,1626,2038.33,3,542.0,231.25527021021597,1.3886293183940241,98,KEY RING BASEBALL BOOT ASSORTED,0.42667024024025085,Regular,Maintain standard replenishment review
23501,1821,2217.87,3,607.0,198.5472236018424,1.4950333333333334,112,KEY RING BASEBALL BOOT UNION JACK,0.3270959202666267,Regular,Maintain standard replenishment review
23502,714,896.41,4,178.5,137.5705879418514,1.3079756542256542,94,PLAYING CARDS VINTAGE DOILY,0.7707035739039293,Regular,Maintain standard replenishment review
23503,3643,4860.55,4,910.75,539.4962928510259,1.2757943800162947,335,PLAYING CARDS KEEP CALM & CARRY ON,0.5923648562734295,High-Revenue Priority,Prioritize inventory monitoring and avoid stockouts
23504,1927,2848.89,4,481.75,318.85772689398635,1.3537284598584383,208,PLAYING CARDS JUBILEE UNION JACK,0.6618738492869463,High-Turnover Stable,Keep stable local warehouse inventory
23505,1200,1651.29,4,300.0,222.50543064533653,1.3436418650793651,115,PLAYING CARDS I LOVE LONDON,0.7416847688177884,Regular,Maintain standard replenishment review
23506,2723,1129.12,4,680.75,858.4421452064587,0.4851384535005224,146,MINI PLAYING CARDS SPACEBOY,1.26102408403446,High-Turnover Volatile,Monitor closely and replenish in smaller batches
23507,2882,1155.6699999999998,4,720.5,650.3191524167191,0.48642641614606336,119,MINI PLAYING CARDS BUFFALO BILL,0.9025942434652591,High-Turnover Stable,Keep stable local warehouse inventory
23508,2627,1163.45,4,656.75,790.52192674629,0.47791049104459665,120,MINI PLAYING CARDS DOLLY GIRL,1.2036877453312371,High-Turnover Volatile,Monitor closely and replenish in smaller batches
23509,1062,451.46000000000004,4,265.5,370.7780108546532,0.49204973118279566,65,MINI PLAYING CARDS FUN FAIR,1.396527347851801,Regular,Maintain standard replenishment review
23510,2521,1118.8,4,630.25,639.6584375013485,0.519526282051282,120,MINI PLAYING CARDS GYMKHANA,1.014928103929153,High-Turnover Stable,Keep stable local warehouse inventory
23511,571,1252.0100000000002,4,142.75,127.71941904033231,2.461612007168459,98,EMBROIDERED RIBBON REEL EMILY,0.8947069635049549,Regular,Maintain standard replenishment review
23512,500,975.2400000000001,4,125.0,167.1984848416197,2.2966815476190474,57,EMBROIDERED RIBBON REEL ROSIE,1.3375878787329576,Regular,Maintain standard replenishment review
23513,560,1101.78,4,140.0,174.67111953611564,2.340528846153846,69,EMBROIDERED RIBBON REEL SUSIE,1.2476508538293973,Regular,Maintain standard replenishment review
23514,472,964.91,4,118.0,106.34221488509004,2.2505357142857143,73,EMBROIDERED RIBBON REEL SALLY,0.9012052108905936,Regular,Maintain standard replenishment review
23515,579,1164.98,4,144.75,173.27507033615655,2.3875714285714285,71,EMBROIDERED RIBBON REEL DAISY,1.1970643891962456,Regular,Maintain standard replenishment review
23516,296,1058.6,4,74.0,95.81231653602786,3.8343939393939395,42,EMBROIDERED RIBBON REEL SOPHIE,1.2947610342706468,Regular,Maintain standard replenishment review
23517,334,996.38,4,83.5,94.50396817065408,3.487013440860215,63,EMBROIDERED RIBBON REEL REBECCA,1.131784049947953,Regular,Maintain standard replenishment review
23518,355,963.0699999999999,4,88.75,122.58976303101333,3.085892857142857,43,EMBROIDERED RIBBON REEL RACHEL,1.381293104574798,Regular,Maintain standard replenishment review
23519,224,792.3100000000001,3,74.66666666666667,71.38860786801584,4.43052380952381,24,EMBROIDERED RIBBON REEL CLAIRE,0.9560974268037835,Regular,Maintain standard replenishment review
23520,167,600.55,4,41.75,42.57835913544188,3.9250454545454545,32,EMBROIDERED RIBBON REEL RUBY,1.0198409373758535,Regular,Maintain standard replenishment review
23521,413,793.37,3,137.66666666666666,160.88608806647434,4.392418300653595,44,WALL ART CAT AND BIRD,1.1686640779647048,Regular,Maintain standard replenishment review
23522,354,727.4399999999999,3,118.0,137.5790681753587,3.410566239316239,32,WALL ART DOG AND BALL,1.1659243065708365,Regular,Maintain standard replenishment review
23523,354,1151.3100000000002,3,118.0,141.39660533407442,3.92495670995671,40,WALL ART TREASURE AHOY,1.1982763163904613,Regular,Maintain standard replenishment review
23524,475,1535.13,3,158.33333333333334,117.50035460939398,4.449754273504273,62,WALL ART HORSE & PONY,0.7421075027961724,Regular,Maintain standard replenishment review
23525,576,1841.3200000000002,3,192.0,267.215269024807,4.217666666666666,52,WALL ART BUFFALO BILL,1.3917461928375365,Regular,Maintain standard replenishment review
23526,996,5933.4,3,332.0,160.61444517850816,8.42103674461588,141,WALL ART DOG LICENCE,0.4837784493328559,High-Revenue Priority,Prioritize inventory monitoring and avoid stockouts
23527,414,1406.06,3,138.0,133.13151392514095,3.9806499999999994,47,WALL ART ANIMALS AND NATURE,0.9647211153995721,Regular,Maintain standard replenishment review
23528,479,1504.49,3,159.66666666666666,170.08625262887455,5.290888888888889,50,WALL ART SPACEBOY,1.0652583671954565,Regular,Maintain standard replenishment review
23529,637,2011.99,3,212.33333333333334,235.89475054212912,4.806775362318841,37,WALL ART DOLLY GIRL,1.110964288267484,Regular,Maintain standard replenishment review
23530,1056,4436.27,3,352.0,140.75865870347016,5.768720973172587,87,WALL ART ONLY ONE PERSON,0.39988255313485843,High-Revenue Priority,Prioritize inventory monitoring and avoid stockouts
23531,976,5538.259999999999,3,325.3333333333333,181.48645495830627,7.678369091226235,112,WALL ART BIG LOVE,0.5578477099128267,High-Revenue Priority,Prioritize inventory monitoring and avoid stockouts
23532,210,901.5800000000002,3,70.0,86.81013765684283,5.1379166666666665,31,WALL ART WORK REST AND PLAY,1.2401448236691832,Regular,Maintain standard replenishment review
23533,215,998.64,3,71.66666666666667,93.85272150200726,5.778093434343435,36,WALL ART GARDEN HAVEN,1.309572858167543,Regular,Maintain standard replenishment review
23534,1384,8591.05,3,461.3333333333333,331.71724907416757,7.887431566613482,259,WALL ART STOP FOR TEA,0.7190402797850454,High-Revenue Priority,Prioritize inventory monitoring and avoid stockouts
23535,1323,8434.29,3,441.0,155.00967711726904,7.557244876898128,214,WALL ART BICYCLE SAFETY,0.3514958664790681,High-Revenue Priority,Prioritize inventory monitoring and avoid stockouts
23536,622,3418.33,3,207.33333333333334,214.947280358076,7.106729362591431,84,WALL ART VILLAGE SHOW,1.0367232171611382,High-Revenue Priority,Prioritize inventory monitoring and avoid stockouts
23537,111,581.13,3,37.0,31.32091952673165,6.135855072463767,34,WALL ART I LOVE LONDON,0.8465113385603149,Regular,Maintain standard replenishment review
23538,331,1329.54,3,110.33333333333333,168.88260222217485,6.484166666666667,32,WALL ART VINTAGE HEART,1.5306580261828537,Regular,Maintain standard replenishment review
23539,247,1227.95,3,82.33333333333333,106.35945342720287,7.026590909090909,41,WALL ART LOVES' SECRET,1.2918152238121807,Regular,Maintain standard replenishment review
23540,150,947.0600000000001,3,50.0,78.88599368709251,6.846666666666667,14,WALL ART THE MAGIC FOREST,1.57771987374185,Regular,Maintain standard replenishment review
23541,870,6807.41,3,290.0,271.23237269913045,11.642272988505747,151,WALL ART CLASSIC PUDDINGS,0.935284043790105,High-Revenue Priority,Prioritize inventory monitoring and avoid stockouts
23542,504,3783.6600000000003,3,168.0,36.75595189897821,10.402482721956405,88,WALL ART 70'S ALPHABET,0.2187854279701084,High-Revenue Priority,Prioritize inventory monitoring and avoid stockouts
23543,1236,7010.76,3,412.0,286.4140359689099,7.804406805179163,103,WALL ART KEEP CALM,0.6951796989536648,High-Revenue Priority,Prioritize inventory monitoring and avoid stockouts
23544,163,1007.53,3,54.333333333333336,79.51310164578749,7.096444444444444,19,WALL ART MID CENTURY MODERN,1.4634313186341255,Regular,Maintain standard replenishment review
23545,2480,1025.6,6,413.3333333333333,172.09493504071136,0.4186666666666667,84,WRAP RED VINTAGE DOILY,0.4163587138081727,High-Turnover Stable,Keep stable local warehouse inventory
23546,3250,1365.0,6,541.6666666666666,226.20050103098063,0.42,120,WRAP PAISLEY PARK,0.41760092498027196,High-Turnover Stable,Keep stable local warehouse inventory
23547,1575,661.5,6,262.5,132.99436078270386,0.42,62,WRAP FLOWER SHOP,0.50664518393411,Regular,Maintain standard replenishment review
23548,1075,451.5,6,179.16666666666666,101.7554257357644,0.42,43,WRAP MAGIC FOREST,0.5679372599205456,Regular,Maintain standard replenishment review
23549,1305,548.1,6,217.5,111.52354011597731,0.42,52,WRAP BIRD GARDEN,0.512751908579206,Regular,Maintain standard replenishment review
23550,1855,763.1,6,309.1666666666667,171.6221625159952,0.41904761904761906,64,WRAP ALPHABET POSTER,0.5551121159547014,Regular,Maintain standard replenishment review
23551,1840,839.84,4,460.0,268.7439921809106,0.5418496206174778,136,PACK OF 12 PAISLEY PARK TISSUES,0.5842260699585013,Regular,Maintain standard replenishment review
23552,1863,3881.91,2,931.5,436.2848839920998,2.2501751241036954,116,BICYCLE PUNCTURE REPAIR KIT,0.46836809875695096,High-Revenue Priority,Prioritize inventory monitoring and avoid stockouts
23553,568,6444.65,3,189.33333333333334,143.50725881757108,13.63612433862434,68,LANDMARK FRAME CAMDEN TOWN,0.757960874036467,High-Revenue Priority,Prioritize inventory monitoring and avoid stockouts
23554,422,4805.530000000001,3,140.66666666666666,204.35589869962976,13.77963122605364,57,LANDMARK FRAME OXFORD STREET,1.4527670523670364,High-Revenue Priority,Prioritize inventory monitoring and avoid stockouts
23555,421,4780.570000000001,3,140.33333333333334,202.81107793543558,13.47275641025641,50,LANDMARK FRAME NOTTING HILL,1.4452095814876644,High-Revenue Priority,Prioritize inventory monitoring and avoid stockouts
23556,436,4937.01,3,145.33333333333334,203.85615843857485,13.103303140096621,53,LANDMARK FRAME COVENT GARDEN,1.402679989256249,High-Revenue Priority,Prioritize inventory monitoring and avoid stockouts
23557,350,3930.27,3,116.66666666666667,178.89195994603372,14.07199252136752,32,LANDMARK FRAME BAKER STREET,1.533359656680289,High-Revenue Priority,Prioritize inventory monitoring and avoid stockouts
23558,415,4703.87,3,138.33333333333334,197.7734394031042,13.464696969696972,52,LANDMARK FRAME LONDON BRIDGE,1.4296875137573797,High-Revenue Priority,Prioritize inventory monitoring and avoid stockouts
23559,649,1482.41,4,162.25,72.04338970370564,2.8822984273818117,124,WOODLAND BUNNIES LOLLY MAKERS,0.44402705518462643,Regular,Maintain standard replenishment review
23560,172,499.17999999999995,2,86.0,52.32590180780452,3.491818181818182,26,SET OF 6 RIBBONS COUNTRY STYLE,0.6084407186954014,Regular,Maintain standard replenishment review
23561,170,476.0,2,85.0,48.08326112068523,3.235833333333334,16,SET OF 6 RIBBONS PARTY,0.565685424949238,Regular,Maintain standard replenishment review
23562,251,724.59,2,125.5,130.8147545195113,3.1641935483870967,43,SET OF 6 RIBBONS PERFECTLY PRETTY,1.0423486415897314,Regular,Maintain standard replenishment review
23564,644,841.31,3,214.66666666666666,182.0585986250947,1.8590501792114695,76,EGG CUP MILKMAID INGRID,0.8480990619181431,Regular,Maintain standard replenishment review
23565,410,586.31,3,136.66666666666666,89.76822006330154,1.9204324045407635,63,EGG CUP MILKMAID HELGA,0.6568406346095235,Regular,Maintain standard replenishment review
23566,881,1156.93,3,293.6666666666667,104.42381592976449,1.8426467331118495,83,EGG CUP MILKMAID HEIDI,0.3555862063442604,Regular,Maintain standard replenishment review
23567,211,291.58000000000004,3,70.33333333333333,57.29165151514951,1.8462318840579706,37,EGG CUP HENRIETTA HEN PINK,0.8145732442912254,Regular,Maintain standard replenishment review
23568,630,787.52,3,210.0,53.075418038862395,1.8287301587301588,48,EGG CUP HENRIETTA HEN CREAM,0.2527400858993447,Regular,Maintain standard replenishment review
23569,954,4717.660000000001,3,318.0,215.36248512682053,5.25284405617739,192,TRADTIONAL ALPHABET STAMP SET,0.6772405192667312,High-Revenue Priority,Prioritize inventory monitoring and avoid stockouts
23570,2772,4931.870000000001,3,924.0,983.3961561852883,1.4067590771773826,276,TRADITIONAL PICK UP STICKS GAME,1.0642815543130826,High-Revenue Priority,Prioritize inventory monitoring and avoid stockouts
23571,2841,6406.91,3,947.0,1127.8248977567396,1.8848999309868875,257,TRADITIONAL NAUGHTS & CROSSES,1.1909449817916997,High-Revenue Priority,Prioritize inventory monitoring and avoid stockouts
23575,179,367.35,2,89.5,85.55992052357225,2.4575111111111108,32,SNACK TRAY PAISLEY PARK,0.9559767656265056,Regular,Maintain standard replenishment review
23576,198,400.04,2,99.0,83.43860018001261,2.2356666666666665,37,SNACK TRAY RED VINTAGE DOILY,0.8428141432324506,Regular,Maintain standard replenishment review
23578,60,125.72,2,30.0,15.556349186104045,2.410222222222222,14,SNACK TRAY RED GINGHAM,0.5185449728701348,Long-Tail,Limit stock and avoid excessive local warehouse space
23579,169,358.75,3,56.333333333333336,71.23435500749153,2.379814814814815,35,SNACK TRAY I LOVE LONDON,1.2645151776477785,Regular,Maintain standard replenishment review
23580,116,234.92,2,58.0,22.627416997969522,2.2043333333333335,25,SNACK TRAY HAPPY FOREST,0.3901278792753366,Regular,Maintain standard replenishment review
23581,4900,11361.23,3,1633.3333333333333,1256.1792600315184,2.221687690365217,336,JUMBO BAG PAISLEY PARK,0.7690893428764399,High-Revenue Priority,Prioritize inventory monitoring and avoid stockouts
23582,4682,9985.81,3,1560.6666666666667,849.0832310988912,2.1680740248226953,257,VINTAGE DOILY JUMBO BAG RED,0.5440516218062097,High-Revenue Priority,Prioritize inventory monitoring and avoid stockouts
23583,3375,5480.83,3,1125.0,1041.0970175732903,1.8103786378800617,324,LUNCH BAG PAISLEY PARK,0.9254195711762581,High-Revenue Priority,Prioritize inventory monitoring and avoid stockouts
23597,243,661.3700000000001,2,121.5,24.748737341529164,3.084545454545455,30,PAPER BUNTING PAISLEY PARK,0.20369331145291494,Regular,Maintain standard replenishment review
23598,427,1215.5300000000002,2,213.5,4.949747468305833,3.11952380952381,47,PAPER BUNTING VINTAGE PARTY,0.023183828891362213,Regular,Maintain standard replenishment review
23601,8,19.92,2,4.0,4.242640687119285,2.49,4,SET 10 CARDS SNOWY SNOWDROPS  17100,1.0606601717798212,Long-Tail,Limit stock and avoid excessive local warehouse space
23602,1,2.91,1,1.0,0.0,2.91,1,SET 10 CARDS 3 WISE MEN 17107,0.0,Long-Tail,Limit stock and avoid excessive local warehouse space
23603,20,49.8,3,6.666666666666667,3.5118845842842465,2.49,14,SET 10 CARD KRAFT REINDEER 17084,0.5267826876426369,Long-Tail,Limit stock and avoid excessive local warehouse space
23604,4,6.64,1,4.0,0.0,1.66,2,SET 10 MINI SANTA & SNOWMAN  17087,0.0,Long-Tail,Limit stock and avoid excessive local warehouse space
23605,4,11.64,1,4.0,0.0,2.91,1,SET 10 CARDS 12 DAYS OF XMAS 17059,0.0,Long-Tail,Limit stock and avoid excessive local warehouse space
23607,8,13.280000000000001,3,2.6666666666666665,1.5275252316519468,1.66,7,SET 10 CARDS HATS & STOCKINGS 17081,0.5728219618694801,Long-Tail,Limit stock and avoid excessive local warehouse space
23608,4,11.64,2,2.0,1.4142135623730951,2.91,3,SET 10 CARDS RUDOLPHS NOSE 17097,0.7071067811865476,Long-Tail,Limit stock and avoid excessive local warehouse space
23609,1,2.91,1,1.0,0.0,2.91,1,SET 10 CARDS SNOWY ROBIN 17099,0.0,Long-Tail,Limit stock and avoid excessive local warehouse space
23610,3,6.24,2,1.5,0.7071067811865476,2.08,3,SET 10 CARDS CHRISTMAS ROBIN 17095,0.47140452079103173,Long-Tail,Limit stock and avoid excessive local warehouse space
23611,40,99.6,4,10.0,7.788880963698615,2.49,16,SET 10 CARDS RED RIDING HOOD 17214,0.7788880963698614,Long-Tail,Limit stock and avoid excessive local warehouse space
23612,5,8.299999999999999,2,2.5,2.1213203435596424,1.66,2,SET 10 MINICARDS CUTE SNOWMAN 17071,0.8485281374238569,Long-Tail,Limit stock and avoid excessive local warehouse space
23613,11,27.39,2,5.5,3.5355339059327378,2.49,6,SET 10 XMAS CARDS & BADGES 17070,0.6428243465332251,Long-Tail,Limit stock and avoid excessive local warehouse space
23614,26,86.58,4,6.5,5.066228051190222,3.33,11,SET 10 CARDS 12 DAYS WRAP  17058,0.779419700183111,Long-Tail,Limit stock and avoid excessive local warehouse space
23615,4,9.96,3,1.3333333333333333,0.5773502691896257,2.49,4,SET 10 CARDS PRINTED GRAPHIC 17219,0.4330127018922193,Long-Tail,Limit stock and avoid excessive local warehouse space
23616,8,19.92,2,4.0,1.4142135623730951,2.49,7,SET 10 CARDS JINGLE BELLS 17217,0.3535533905932738,Long-Tail,Limit stock and avoid excessive local warehouse space
23617,2,5.82,1,2.0,0.0,2.91,1,SET 10 CARDS SWIRLY XMAS TREE 17104,0.0,Long-Tail,Limit stock and avoid excessive local warehouse space
23619,4,9.96,2,2.0,1.4142135623730951,2.49,2,SET 10 CARDS POINSETTIA 17093,0.7071067811865476,Long-Tail,Limit stock and avoid excessive local warehouse space
23620,10,24.9,3,3.3333333333333335,2.3094010767585034,2.49,7,SET 10 CARDS PERFECT POST 17090,0.692820323027551,Long-Tail,Limit stock and avoid excessive local warehouse space
23621,6,14.940000000000001,2,3.0,1.4142135623730951,2.49,4,SET 10 CARDS DAVID'S MADONNA 17074,0.47140452079103173,Long-Tail,Limit stock and avoid excessive local warehouse space
23623,8,23.28,3,2.6666666666666665,1.1547005383792517,2.91,6,SET 10 CARD CHRISTMAS WELCOME 17112,0.4330127018922194,Long-Tail,Limit stock and avoid excessive local warehouse space
23624,4,9.96,3,1.3333333333333333,0.5773502691896258,2.49,4,SET 10 CARD PERFECT NATIVITY 17089,0.4330127018922194,Long-Tail,Limit stock and avoid excessive local warehouse space
23625,9,44.910000000000004,4,2.25,1.8929694486000912,4.99,4,SET 6 CARDS SPARKLY REINDEER 17262,0.8413197549333739,Long-Tail,Limit stock and avoid excessive local warehouse space
23626,43,107.07000000000001,3,14.333333333333334,13.650396819628847,2.49,16,SET 10 CARDS DINKY TREE 17076,0.9523532664857335,Long-Tail,Limit stock and avoid excessive local warehouse space
23627,7,17.43,1,7.0,0.0,2.49,2,SET 10 CARDS XMAS GRAPHIC  17218,0.0,Long-Tail,Limit stock and avoid excessive local warehouse space
23628,1,2.91,1,1.0,0.0,2.91,1,SET 10 CARDS TRIANGLE ICONS  17220,0.0,Long-Tail,Limit stock and avoid excessive local warehouse space
23629,24,59.760000000000005,3,8.0,3.605551275463989,2.49,10,SET 10 CARDS DRESSING UP 17077,0.45069390943299864,Long-Tail,Limit stock and avoid excessive local warehouse space
23630,2,5.48,2,1.0,0.0,2.74,2,SET 10 CARDS HANGING BAUBLES 17080,0.0,Long-Tail,Limit stock and avoid excessive local warehouse space
23632,15,31.200000000000003,3,5.0,5.291502622129181,2.08,10,SET 10 CARDS CHEERFUL ROBIN 17065,1.0583005244258363,Long-Tail,Limit stock and avoid excessive local warehouse space
23633,3,7.470000000000001,2,1.5,0.7071067811865476,2.49,3,SET 10 CARDS WORLD CHILDREN 17067,0.47140452079103173,Long-Tail,Limit stock and avoid excessive local warehouse space
23634,5,14.55,4,1.25,0.5,2.91,5,SET 10 CARDS XMAS CHOIR 17068,0.4,Long-Tail,Limit stock and avoid excessive local warehouse space
23635,3,12.48,3,1.0,0.0,4.16,3,SET 10 CARDS CHRISTMAS HOLLY  17259,0.0,Long-Tail,Limit stock and avoid excessive local warehouse space
23636,9,26.19,3,3.0,2.6457513110645907,2.91,7,SET 10 CARDS WISHING TREE 17116,0.8819171036881969,Long-Tail,Limit stock and avoid excessive local warehouse space
23637,11,27.39,4,2.75,1.5,2.49,9,SET 10 CARDS OUT OF ORDER 17216,0.5454545454545454,Long-Tail,Limit stock and avoid excessive local warehouse space
23638,2,5.82,2,1.0,0.0,2.91,2,SET 10 CARDS ROBIN WATERPUMP  17096,0.0,Long-Tail,Limit stock and avoid excessive local warehouse space
23639,4,13.32,3,1.3333333333333333,0.5773502691896258,3.33,4,SET 10 CARDS MAGICAL TREE 17086,0.4330127018922194,Long-Tail,Limit stock and avoid excessive local warehouse space
23640,9,22.41,3,3.0,1.7320508075688772,2.49,8,SET 10 CARDS SCOTTIE DOG 17211,0.5773502691896257,Long-Tail,Limit stock and avoid excessive local warehouse space
23643,1,3.33,1,1.0,0.0,3.33,1,SET 10 CARDS CHRISTMAS BAUBLE 16954,0.0,Long-Tail,Limit stock and avoid excessive local warehouse space
23644,5,16.65,4,1.25,0.5,3.33,5,SET 10 CARDS CHRISTMAS TREE 16955,0.4,Long-Tail,Limit stock and avoid excessive local warehouse space
23645,9,22.41,3,3.0,2.6457513110645907,2.49,4,SET 10 CHRISTMAS CARDS HOHOHO 16956,0.8819171036881969,Long-Tail,Limit stock and avoid excessive local warehouse space
23646,8,19.92,3,2.6666666666666665,2.8867513459481287,2.49,5,SET 10 CARDS JINGLE BELLS 16957,1.0825317547305484,Long-Tail,Limit stock and avoid excessive local warehouse space
23649,2,4.98,1,2.0,0.0,2.49,2,SET 10 CARDS DECK THE HALLS 16960,0.0,Long-Tail,Limit stock and avoid excessive local warehouse space
23650,4,9.96,3,1.3333333333333333,0.5773502691896257,2.49,4,SET 10 CARDS FILIGREE BAUBLE 16961,0.4330127018922193,Long-Tail,Limit stock and avoid excessive local warehouse space
23652,2,5.82,1,2.0,0.0,2.91,1,SET 10 CARD CHRISTMAS STAMPS 16963,0.0,Long-Tail,Limit stock and avoid excessive local warehouse space
23654,5,12.450000000000001,3,1.6666666666666667,0.5773502691896257,2.49,4,SET 10 CARD SNOWMAN 16965,0.3464101615137754,Long-Tail,Limit stock and avoid excessive local warehouse space
23660,294,514.8599999999999,3,98.0,82.54089895318563,2.3380331262939955,41,HENRIETTA HEN MUG,0.8422540709508738,Regular,Maintain standard replenishment review
23661,207,373.78999999999996,3,69.0,49.95998398718719,2.4156613190730836,32,MILK MAIDS MUG,0.7240577389447418,Regular,Maintain standard replenishment review
23664,1,1.65,1,1.0,0.0,1.65,1,FLOWER SHOP DESIGN MUG,0.0,Long-Tail,Limit stock and avoid excessive local warehouse space
23681,1576,2525.04,2,788.0,683.0651506262049,1.8944296296296295,132,LUNCH BAG RED VINTAGE DOILY,0.8668339474951838,Regular,Maintain standard replenishment review
23691,1175,481.5,2,587.5,406.5863991822648,0.41884615384615387,38,WRAP KEEP CALM BIRTHDAY,0.6920619560549188,Regular,Maintain standard replenishment review
23692,50,21.0,1,50.0,0.0,0.42,2,WRAP A PRETTY THANK YOU,0.0,Long-Tail,Limit stock and avoid excessive local warehouse space
23694,376,165.07999999999998,2,188.0,121.62236636408618,0.5791954022988506,41,PAISLEY PARK CARD,0.6469274806600328,Regular,Maintain standard replenishment review
23695,741,313.24,2,370.5,176.06958851545033,0.49978676470588235,57,DOILY THANK YOU CARD,0.4752215614452101,Regular,Maintain standard replenishment review
23697,456,194.57999999999998,2,228.0,183.84776310850236,0.5150384615384616,35,A PRETTY THANK YOU CARD,0.8063498381951858,Regular,Maintain standard replenishment review
23702,4,27.0,2,2.0,1.4142135623730951,7.125,3,HIGH RESOLUTION IMAGE,0.7071067811865476,Long-Tail,Limit stock and avoid excessive local warehouse space
35001G,198,677.34,11,18.0,15.987495113369073,3.8518636363636363,30,HAND OPEN SHAPE GOLD,0.8881941729649485,Regular,Maintain standard replenishment review
35001W,92,270.02000000000004,1,92.0,0.0,3.0840000000000005,5,HAND OPEN SHAPE DECO.WHITE,0.0,Long-Tail,Limit stock and avoid excessive local warehouse space
35004B,565,2879.01,13,43.46153846153846,39.174003677216405,6.073112332112332,110,SET OF 3 BLACK FLYING DUCKS,0.9013487571748907,Regular,Maintain standard replenishment review
35004C,391,1871.75,4,97.75,142.8037697915103,5.314114832535886,38,SET OF 3 COLOURED  FLYING DUCKS,1.4609081308594403,Regular,Maintain standard replenishment review
35004G,127,454.65,11,11.545454545454545,15.068932519350108,5.621212121212121,21,SET OF 3 GOLD FLYING DUCKS,1.3051831315972535,Regular,Maintain standard replenishment review
35004P,1,5.45,1,1.0,0.0,5.45,1,SET OF 3 PINK FLYING DUCKS,0.0,Long-Tail,Limit stock and avoid excessive local warehouse space
35095A,925,388.57,13,71.15384615384616,104.54014073857479,0.6911986013986013,100,BLUE VICTORIAN FABRIC OVAL BOX,1.4692127887583484,Regular,Maintain standard replenishment review
35095B,862,352.25,13,66.3076923076923,102.79460476713149,0.6523825618825618,98,RED VICTORIAN FABRIC OVAL BOX,1.5502666612212406,Regular,Maintain standard replenishment review
35241,103,530.49,6,17.166666666666668,13.556056457047774,5.779166019166019,44,ENAMEL BLUE RIM BISCUIT BIN,0.7896731916726858,Regular,Maintain standard replenishment review
35265,17,52.2,7,2.4285714285714284,1.5118578920369088,2.5285714285714285,12,COLOURFUL FLOWER FRUIT BOWL,0.6225297202504919,Long-Tail,Limit stock and avoid excessive local warehouse space
35271S,19,3.61,1,19.0,0.0,0.19,2,GOLD PRINT PAPER BAG,0.0,Long-Tail,Limit stock and avoid excessive local warehouse space
35400,10,89.5,3,3.3333333333333335,2.0816659994661326,8.95,5,WOODEN BOX ADVENT CALENDAR,0.6244997998398397,Long-Tail,Limit stock and avoid excessive local warehouse space
35443,8,6.8,6,1.3333333333333333,0.816496580927726,0.85,6,RASTA IN BATH W SPLIFF ASHTRAY,0.6123724356957946,Long-Tail,Limit stock and avoid excessive local warehouse space
35471D,1848,979.11,13,142.15384615384616,196.86071478494895,1.3013152996120059,223,SET OF 3 BIRD LIGHT PINK FEATHER,1.3848426905867621,Regular,Maintain standard replenishment review
35591T,5,6.25,3,1.6666666666666667,1.1547005383792517,1.25,4,TURQUOISE CHRISTMAS TREE,0.692820323027551,Long-Tail,Limit stock and avoid excessive local warehouse space
35597A,1,1.25,1,1.0,0.0,1.25,1,DUSTY PINK CHRISTMAS TREE 30CM,0.0,Long-Tail,Limit stock and avoid excessive local warehouse space
35597B,1,1.25,1,1.0,0.0,1.25,1,BLACKCHRISTMAS TREE 30CM,0.0,Long-Tail,Limit stock and avoid excessive local warehouse space
35597D,46,17.479999999999997,2,23.0,1.4142135623730951,0.38,2,PINK/WHITE CHRISTMAS TREE 30CM,0.06148754619013457,Long-Tail,Limit stock and avoid excessive local warehouse space
35598A,9,26.550000000000004,1,9.0,0.0,2.95,2,DUSTY PINK CHRISTMAS TREE 60CM,0.0,Long-Tail,Limit stock and avoid excessive local warehouse space
35598B,558,460.64,6,93.0,118.5833040524677,2.1911111111111112,25,BLACK CHRISTMAS TREE 60CM,1.2750892908867495,Regular,Maintain standard replenishment review
35598C,2,5.9,1,2.0,0.0,2.95,2,WHITE CHRISTMAS TREE 60CM,0.0,Long-Tail,Limit stock and avoid excessive local warehouse space
35598D,684,493.01,11,62.18181818181818,93.84648973916732,1.4673484848484848,42,PINK/WHITE CHRISTMAS TREE 60CM,1.5092271741678955,Regular,Maintain standard replenishment review
35599B,217,551.13,6,36.166666666666664,31.62541172327511,4.124333333333333,27,BLACK CHRISTMAS TREE 120CM,0.8744353471873303,Regular,Maintain standard replenishment review
35599D,201,553.07,9,22.333333333333332,24.799193535274487,3.98,34,PINK AND WHITE CHRISTMAS TREE 120CM,1.110411650833186,Regular,Maintain standard replenishment review
35607A,26,7.82,2,13.0,15.556349186104045,0.9099999999999999,2,PINK FLUFFY CHRISTMAS DECORATION,1.1966422450849266,Long-Tail,Limit stock and avoid excessive local warehouse space
35607B,96,18.24,5,19.2,19.588261791185047,0.19,7,BLACK FEATHER CHRISTMAS DECORATION,1.020221968290888,Long-Tail,Limit stock and avoid excessive local warehouse space
35609A,1,2.51,1,1.0,0.0,2.51,1,PINK FEATHER CHRISTMAS DECORATION,0.0,Long-Tail,Limit stock and avoid excessive local warehouse space
35610A,10,15.02,1,10.0,0.0,2.09,3,PINK CHRISTMAS FLOCK DROPLET,0.0,Long-Tail,Limit stock and avoid excessive local warehouse space
35610B,24,30.0,1,24.0,0.0,1.25,1,BLACK CHRISTMAS FLOCK DROPLET,0.0,Long-Tail,Limit stock and avoid excessive local warehouse space
35610C,25,32.51,1,25.0,0.0,1.88,2,WHITE CHRISTMAS FLOCK DROPLET,0.0,Long-Tail,Limit stock and avoid excessive local warehouse space
35637A,170,440.62,9,18.88888888888889,28.811648878728047,6.6365185185185185,28,IVORY STRING CURTAIN WITH POLE,1.525322587697367,Regular,Maintain standard replenishment review
35637C,30,100.85999999999999,6,5.0,6.164414002968976,8.343333333333332,9,PINK STRING CURTAIN WITH POLE,1.2328828005937953,Long-Tail,Limit stock and avoid excessive local warehouse space
35638A,38,82.1,5,7.6,14.205632685663812,3.55,5,PINK AND BLACK STRING CURTAIN,1.8691621954820805,Long-Tail,Limit stock and avoid excessive local warehouse space
35638B,57,128.32999999999998,4,14.25,22.67708094089713,4.0975,5,PINK/BLUE STRING CURTAIN,1.5913741011155882,Long-Tail,Limit stock and avoid excessive local warehouse space
35645,4,17.0,2,2.0,1.4142135623730951,4.25,3,VINTAGE BEAD PINK JEWEL BOX,0.7071067811865476,Long-Tail,Limit stock and avoid excessive local warehouse space
35646,619,937.25,12,51.583333333333336,41.02207461916823,2.0395186507936507,94,VINTAGE BEAD PINK EVENING BAG,0.7952583124879139,Regular,Maintain standard replenishment review
35647,13,16.25,2,6.5,7.7781745930520225,1.25,2,VINTAGE BEAD PINK SHADE,1.1966422450849266,Long-Tail,Limit stock and avoid excessive local warehouse space
35648,955,1046.74,11,86.81818181818181,49.450618159570425,1.5994046335745937,127,VINTAGE BEAD PINK PURSE,0.569588271995052,Regular,Maintain standard replenishment review
35649,57,156.85,8,7.125,3.758324094593227,2.7895,35,VINTAGE BEAD COSMETIC BAG,0.527484083451681,Long-Tail,Limit stock and avoid excessive local warehouse space
35650,1,4.95,1,1.0,0.0,4.95,1,VINTAGE BEAD PINK JEWEL STAND,0.0,Long-Tail,Limit stock and avoid excessive local warehouse space
35651,439,966.0399999999998,9,48.77777777777778,39.76109209320644,2.4071031746031744,57,VINTAGE BEAD PINK SCARF,0.815147673892615,Regular,Maintain standard replenishment review
35653,150,433.19,8,18.75,22.486503888840904,3.473307291666667,52,VINTAGE BEAD NOTEBOOK,1.1992802074048483,Regular,Maintain standard replenishment review
35809A,429,525.39,7,61.285714285714285,54.42950880332679,2.3848956525930207,71,ENAMEL PINK TEA CONTAINER,0.8881271832710665,Regular,Maintain standard replenishment review
35809B,8,9.18,1,8.0,0.0,1.6766666666666667,3,ENAMEL BLUE RIM TEA CONTAINER,0.0,Long-Tail,Limit stock and avoid excessive local warehouse space
35810A,633,640.09,11,57.54545454545455,44.79143586973661,1.8541818181818182,75,ENAMEL PINK COFFEE CONTAINER,0.7783661841502413,Regular,Maintain standard replenishment review
35810B,140,164.13,8,17.5,19.83503394069623,1.5198869047619048,25,ENAMEL BLUE RIM COFFEE CONTAINER,1.1334305108969276,Regular,Maintain standard replenishment review
35815P,162,63.28,3,54.0,56.24055476255546,0.9533333333333335,5,"ACRYLIC JEWEL SNOWFLAKE, PINK",1.041491754862138,Regular,Maintain standard replenishment review
35816P,78,29.64,1,78.0,0.0,0.38,2,"ACRYLIC JEWEL ANGEL,PINK",0.0,Long-Tail,Limit stock and avoid excessive local warehouse space
35817P,18,19.86,2,9.0,4.242640687119285,1.4649999999999999,2,PINK ACRYLIC JEWEL SNOWFLAKE,0.4714045207910316,Long-Tail,Limit stock and avoid excessive local warehouse space
35818B,31,11.78,3,10.333333333333334,12.096831541082702,0.38000000000000006,3,"ACRYLIC JEWEL ICICLE, BLUE",1.1706611168789711,Long-Tail,Limit stock and avoid excessive local warehouse space
35818P,263,105.83,7,37.57142857142857,46.25241306446307,1.2214285714285715,19,"ACRYLIC JEWEL ICICLE, PINK",1.2310528192062415,Regular,Maintain standard replenishment review
35819B,268,106.05000000000001,6,44.666666666666664,46.16780985347547,1.0816666666666668,24,"ACRYLIC HANGING JEWEL,BLUE",1.0336076832867642,Regular,Maintain standard replenishment review
35819P,95,66.55000000000001,3,31.666666666666668,16.258331197676263,0.6699999999999999,7,"ACRYLIC HANGING JEWEL,PINK",0.5134209851897767,Long-Tail,Limit stock and avoid excessive local warehouse space
35833G,2,6.72,1,2.0,0.0,3.36,1,4 GOLD FLOCK CHRISTMAS BALLS,0.0,Long-Tail,Limit stock and avoid excessive local warehouse space
35833P,49,88.47,7,7.0,7.937253933193772,2.0404761904761903,22,4 PINK FLOCK CHRISTMAS BALLS,1.1338934190276817,Long-Tail,Limit stock and avoid excessive local warehouse space
35909A,8,23.6,3,2.6666666666666665,2.8867513459481287,2.9500000000000006,3,RABBIT EASTER DECORATION,1.0825317547305484,Long-Tail,Limit stock and avoid excessive local warehouse space
35909B,8,23.6,2,4.0,2.8284271247461903,2.95,2,PINK FLOWERS RABBIT EASTER,0.7071067811865476,Long-Tail,Limit stock and avoid excessive local warehouse space
35910A,20,39.0,3,6.666666666666667,5.033222956847166,1.95,4,MULTICOLOUR EASTER RABBIT,0.7549834435270749,Long-Tail,Limit stock and avoid excessive local warehouse space
35910B,13,25.349999999999998,2,6.5,7.7781745930520225,1.95,3,PINK FLOWERS RABBIT EASTER,1.1966422450849266,Long-Tail,Limit stock and avoid excessive local warehouse space
35911A,319,292.07,12,26.583333333333332,34.791478406313374,1.3220576563958917,70,MULTICOLOUR RABBIT EGG WARMER,1.3087703475729169,Regular,Maintain standard replenishment review
35911B,119,100.76,3,39.666666666666664,54.3721742560782,1.6645454545454548,15,PINK/FLOWER RABBIT EGG WARMER,1.3707270820860051,Regular,Maintain standard replenishment review
35912B,252,301.26,7,36.0,34.75629439396553,1.4316530612244898,20,WHITE/PINK CHICK DECORATION,0.9654526220545981,Regular,Maintain standard replenishment review
35913B,36,35.480000000000004,5,7.2,6.534523701081817,1.0126666666666666,10,WHITE/PINK CHICK EASTER DECORATION,0.9075727362613634,Long-Tail,Limit stock and avoid excessive local warehouse space
35914,195,218.81,6,32.5,36.9689058534331,1.6637938596491229,40,PINK CHICK EGG WARMER + EGG CUP,1.1375047954902493,Regular,Maintain standard replenishment review
35915B,220,257.22,5,44.0,73.25298628724975,1.2126666666666666,50,BLUE KNITTED HEN,1.6648405974374945,Regular,Maintain standard replenishment review
35915C,315,316.46,4,78.75,63.89770470577693,1.4212660256410259,60,PEACH KNITTED HEN,0.8113994248352626,Regular,Maintain standard replenishment review
35916A,87,67.39,8,10.875,12.240885822287769,1.06925,29,YELLOW FELT HANGING HEART W FLOWER,1.1255986963023237,Long-Tail,Limit stock and avoid excessive local warehouse space
35916B,91,76.67999999999999,7,13.0,13.152946437965905,1.210952380952381,32,BLUE FELT HANGING HEART WITH FLOWER,1.0117651106127619,Long-Tail,Limit stock and avoid excessive local warehouse space
35916C,106,107.72,8,13.25,12.056415008498291,1.070625,20,PINK FELT HANGING HEART W FLOWER,0.9099181138489276,Regular,Maintain standard replenishment review
35920,72,104.84,4,18.0,5.715476066494082,1.6475,15,FOUR RABBIT EASTER DECORATIONS,0.3175264481385601,Long-Tail,Limit stock and avoid excessive local warehouse space
35921,68,133.23,4,17.0,11.604596790352808,2.6918409090909092,23,EASTER BUNNY HANGING GARLAND,0.6826233406089887,Long-Tail,Limit stock and avoid excessive local warehouse space
35922,28,138.6,4,7.0,5.0990195135927845,4.95,10,EASTER BUNNY WREATH,0.7284313590846835,Long-Tail,Limit stock and avoid excessive local warehouse space
35923,1318,690.5200000000001,12,109.83333333333333,162.00832376670334,1.049378306878307,62,CANDY HEART HANGING DECORATION,1.475037849165736,Regular,Maintain standard replenishment review
35924,676,1240.94,13,52.0,46.574313378370555,2.871412087912088,72,HANGING FAIRY CAKE DECORATION,0.8956598726609722,Regular,Maintain standard replenishment review
35933,226,92.21,7,32.285714285714285,41.788013774742815,0.6892857142857143,19,PINK STOCKING CHRISTMAS DECORATION,1.2943190107221227,Regular,Maintain standard replenishment review
35953,3557,1603.67,8,444.625,669.8792934978233,1.1758850784632033,130,FOLKART STAR CHRISTMAS DECORATIONS,1.506616347478939,High-Turnover Volatile,Monitor closely and replenish in smaller batches
35954,1245,350.48,8,155.625,190.37176974090912,0.9932236842105262,54,SMALL FOLKART STAR CHRISTMAS DEC,1.2232724160058417,Regular,Maintain standard replenishment review
35957,592,343.57,2,296.0,89.09545442950498,1.4832336182336183,40,SMALLFOLKART BAUBLE CHRISTMAS DEC,0.3009981568564358,Regular,Maintain standard replenishment review
35958,12,10.2,1,12.0,0.0,0.85,3,FOLKART ZINC STAR CHRISTMAS DEC,0.0,Long-Tail,Limit stock and avoid excessive local warehouse space
35961,2986,2629.81,13,229.69230769230768,135.51530332732696,1.105415423173318,244,FOLKART ZINC HEART CHRISTMAS DEC,0.5899862502529305,High-Turnover Stable,Keep stable local warehouse inventory
35964,783,404.08,10,78.3,115.6979304530168,1.24505,100,FOLKART CLIP ON STARS,1.4776236328610064,Regular,Maintain standard replenishment review
35965,342,532.17,11,31.09090909090909,20.04721699116636,1.8483868092691622,68,FOLKART HEART NAPKIN RINGS,0.6447935289556431,Regular,Maintain standard replenishment review
35966,27,10.260000000000002,2,13.5,2.1213203435596424,0.38,2,FOLKART CHRISTMAS TREE T-LIGHT HOLD,0.15713484026367722,Long-Tail,Limit stock and avoid excessive local warehouse space
35967,485,252.32999999999998,10,48.5,42.87514172312178,0.7286376811594202,67,FOLK ART METAL STAR T-LIGHT HOLDER,0.8840235406829233,Regular,Maintain standard replenishment review
35968,163,82.1,7,23.285714285714285,12.324964985944662,0.4138095238095238,19,FOLK ART METAL HEART T-LIGHT HOLDER,0.5292929748565193,Regular,Maintain standard replenishment review
35970,4998,9424.85,13,384.46153846153845,605.4894184851094,3.295115910665679,453,ZINC FOLKART SLEIGH BELLS,1.5749024490409007,High-Revenue Priority,Prioritize inventory monitoring and avoid stockouts
35971,462,600.93,13,35.53846153846154,34.55096569951744,1.826027700429284,88,ROSE FOLKART HEART DECORATIONS,0.9722133205491921,Regular,Maintain standard replenishment review
35972,96,120.0,9,10.666666666666666,13.143439428094915,1.25,16,DAISY FOLKART HEART DECORATION,1.2321974463838983,Long-Tail,Limit stock and avoid excessive local warehouse space
37327,1578,840.0799999999999,11,143.45454545454547,108.94435610564105,1.5169384756657485,81,ASSTD MULTICOLOUR CIRCLES MUG,0.7594346750076372,Regular,Maintain standard replenishment review
37330,6,2.34,1,6.0,0.0,0.39,1,BIG POLKADOT MUG,0.0,Long-Tail,Limit stock and avoid excessive local warehouse space
37333,21,120.99,6,3.5,3.271085446759225,4.423333333333333,17,"RETRO ""TEA FOR ONE""",0.9345958419312071,Long-Tail,Limit stock and avoid excessive local warehouse space
37340,2544,1695.8600000000001,13,195.69230769230768,169.1554436090193,3.3373239954489953,135,MULTICOLOUR SPRING FLOWER MUG,0.864394955549234,High-Turnover Stable,Keep stable local warehouse inventory
37342,1546,1468.6100000000001,10,154.6,120.92899661463424,1.877626598264137,108,POLKADOT COFFEE CUP & SAUCER PINK,0.7822056702110883,Regular,Maintain standard replenishment review
37343,72,123.29999999999998,3,24.0,12.165525060596439,1.5466666666666666,13,POLKADOT MUG PINK,0.5068968775248516,Long-Tail,Limit stock and avoid excessive local warehouse space
37351,10,9.06,2,5.0,1.4142135623730951,0.8200000000000001,2,ORANGE FLOWER MUG,0.282842712474619,Long-Tail,Limit stock and avoid excessive local warehouse space
37370,2567,3839.0099999999998,10,256.7,255.5034463781479,3.61522823371284,159,RETRO COFFEE MUGS ASSORTED,0.9953387081345848,High-Revenue Priority,Prioritize inventory monitoring and avoid stockouts
37379A,6,7.5,1,6.0,0.0,1.25,1,PINK CHERRY BLOSSOM CUP & SAUCER,0.0,Long-Tail,Limit stock and avoid excessive local warehouse space
37413,703,284.49,11,63.90909090909091,56.26980459439067,0.44212121212121214,81,ICON MUG REVOLUTIONARY,0.8804663592294415,Regular,Maintain standard replenishment review
37423,78,33.18,1,78.0,0.0,0.5433333333333333,3,WHITE WITH BLACK CATS PLATE,0.0,Long-Tail,Limit stock and avoid excessive local warehouse space
37444A,53,66.35,8,6.625,7.963084470587655,1.927,18,YELLOW BREAKFAST CUP AND SAUCER,1.2019750144283254,Long-Tail,Limit stock and avoid excessive local warehouse space
37444B,4,11.8,3,1.3333333333333333,0.5773502691896257,2.9500000000000006,3,BLUE BREAKFAST CUP AND SAUCER,0.4330127018922193,Long-Tail,Limit stock and avoid excessive local warehouse space
37444C,21,42.27,3,7.0,3.605551275463989,2.7544444444444447,9,PINK BREAKFAST CUP AND SAUCER,0.5150787536377127,Long-Tail,Limit stock and avoid excessive local warehouse space
37446,1354,1976.09,13,104.15384615384616,58.73790110006507,1.727448043657409,183,MINI CAKE STAND WITH HANGING CAKES,0.5639532601926484,Regular,Maintain standard replenishment review
37447,820,1313.28,13,63.07692307692308,34.11857152749692,2.0952775429698507,115,CERAMIC CAKE DESIGN SPOTTED PLATE,0.5409041827529999,Regular,Maintain standard replenishment review
37448,1427,2170.87,13,109.76923076923077,71.01543710836614,1.8254397661162367,185,CERAMIC CAKE DESIGN SPOTTED MUG,0.646952125023658,Regular,Maintain standard replenishment review
37449,553,5017.79,13,42.53846153846154,28.144316728294612,9.851564893439893,146,CERAMIC CAKE STAND + HANGING CAKES,0.6616204655837793,High-Revenue Priority,Prioritize inventory monitoring and avoid stockouts
37450,714,2117.54,13,54.92307692307692,33.43765726059353,3.683815628815629,134,CERAMIC CAKE BOWL + HANGING CAKES,0.6088088856970811,Regular,Maintain standard replenishment review
37461,1,1.25,1,1.0,0.0,1.25,1,FUNKY MONKEY MUG,0.0,Long-Tail,Limit stock and avoid excessive local warehouse space
37462E,36,13.1,9,4.0,4.924428900898052,0.6077777777777778,12,"PET MUG, GOLDFISH",1.231107225224513,Long-Tail,Limit stock and avoid excessive local warehouse space
37464,3,3.75,1,3.0,0.0,1.25,2,ROBOT MUG IN DISPLAY BOX,0.0,Long-Tail,Limit stock and avoid excessive local warehouse space
37467,159,130.27,9,17.666666666666668,14.64581851587681,1.5285185185185184,17,PIG MUG IN TWO COLOUR DESIGNS,0.8290085952383099,Regular,Maintain standard replenishment review
37468,64,32.03,7,9.142857142857142,13.533028380331475,1.4000000000000001,13,HARDMAN MUG 3 ASSORTED,1.480174979098755,Long-Tail,Limit stock and avoid excessive local warehouse space
37471,29,30.43,3,9.666666666666666,7.767453465154029,2.776666666666667,3,MULTICOLOUR POLKADOT PLATE,0.8035296688090375,Long-Tail,Limit stock and avoid excessive local warehouse space
37474,1,9.95,1,1.0,0.0,9.95,1,SET/4 2 TONE EGG SHAPE MIXING BOWLS,0.0,Long-Tail,Limit stock and avoid excessive local warehouse space
37475,70,661.98,11,6.363636363636363,4.985433326657318,10.130696969696968,43,SET/4 COLOURFUL MIXING BOWLS,0.78342523704615,Long-Tail,Limit stock and avoid excessive local warehouse space
37476,37,399.02,9,4.111111111111111,3.515837184954831,11.867962962962963,26,CONDIMENT TRAY 4 BOWLS AND 4 SPOONS,0.8552036395836076,Long-Tail,Limit stock and avoid excessive local warehouse space
37479B,131,78.09,6,21.833333333333332,26.82101166374353,1.7249999999999999,21,CUBIC MUG FLOCK BLUE ON BROWN,1.228443282308864,Regular,Maintain standard replenishment review
37479P,163,142.23,11,14.818181818181818,14.33051416954871,2.272727272727273,32,CUBIC MUG FLOCK PINK ON BROWN,0.9670899132824283,Regular,Maintain standard replenishment review
37482P,494,349.35,4,123.5,125.78420674578612,4.812548076923077,47,CUBIC MUG PINK POLKADOT,1.0184956011804545,Regular,Maintain standard replenishment review
37487B,68,19.72,1,68.0,0.0,0.29,2,YELLOW/ORANGE FLOWER DESIGN PLATE,0.0,Long-Tail,Limit stock and avoid excessive local warehouse space
37488A,28,10.92,2,14.0,16.97056274847714,0.39,3,YELLOW PINK FLOWER DESIGN BIG BOWL,1.2121830534626528,Long-Tail,Limit stock and avoid excessive local warehouse space
37489A,33,14.43,9,3.6666666666666665,2.598076211353316,0.5633333333333334,14,YELLOW/PINK FLOWER DESIGN BIG MUG,0.7085662394599953,Long-Tail,Limit stock and avoid excessive local warehouse space
37489B,31,16.77,8,3.875,2.997022331772464,0.78,12,BLUE/YELLOW FLOWER DESIGN BIG MUG,0.7734251178767649,Long-Tail,Limit stock and avoid excessive local warehouse space
37489C,23,13.65,6,3.8333333333333335,2.7141603981096374,0.91,8,GREEN/BLUE FLOWER DESIGN BIG MUG,0.7080418429851227,Long-Tail,Limit stock and avoid excessive local warehouse space
37489D,40,17.16,10,4.0,3.2998316455372216,0.546,16,PINK/GREEN FLOWER DESIGN BIG MUG,0.8249579113843054,Long-Tail,Limit stock and avoid excessive local warehouse space
37491A,6,19.81,4,1.5,0.5773502691896257,3.3075,4,YELLOW/PINK CERAMIC CANDLE HOLDER,0.38490017945975047,Long-Tail,Limit stock and avoid excessive local warehouse space
37491B,4,6.6,1,4.0,0.0,1.65,1,BLUE/YELLOW CERAMIC CANDLE HOLDER,0.0,Long-Tail,Limit stock and avoid excessive local warehouse space
37491C,8,13.2,1,8.0,0.0,1.65,1,GREEN/BLUE CERAMIC CANDLE HOLDER,0.0,Long-Tail,Limit stock and avoid excessive local warehouse space
37491D,4,9.879999999999999,2,2.0,0.0,2.4699999999999998,2,PURPLE/BLUE CERAMIC CANDLE HOLDER,0.0,Long-Tail,Limit stock and avoid excessive local warehouse space
37495,400,1472.24,13,30.76923076923077,17.569641649513166,3.987861111111111,84,FAIRY CAKE BIRTHDAY CANDLE SET,0.5710133536091778,Regular,Maintain standard replenishment review
37500,379,2355.73,13,29.153846153846153,22.501282014758456,7.527057692307692,112,TEA TIME TEAPOT IN GIFT BOX,0.7718117841473877,Regular,Maintain standard replenishment review
37501,133,906.83,9,14.777777777777779,12.336711249131367,6.879639804639805,49,TEA TIME TEA SET IN GIFT BOX,0.8348150469337015,Regular,Maintain standard replenishment review
37509,2,5.1,1,2.0,0.0,2.55,2,NEW ENGLAND MUG W GIFT BOX,0.0,Long-Tail,Limit stock and avoid excessive local warehouse space
40001,820,674.38,12,68.33333333333333,56.71513079069871,1.0820833333333333,55,WHITE BAMBOO RIBS LAMPSHADE,0.8299775237663226,Regular,Maintain standard replenishment review
40003,155,179.23000000000002,7,22.142857142857142,33.20355689495013,1.522857142857143,15,WHITE BAMBOO RIBS LAMPSHADE,1.4995154726751674,Regular,Maintain standard replenishment review
40005B,12,10.2,3,4.0,4.358898943540674,0.85,4,BLUE ORGANDY ROUND LAMPSHADE W BEA,1.0897247358851685,Long-Tail,Limit stock and avoid excessive local warehouse space
40016,5556,2136.34,10,555.6,622.5032262299262,2.251869318181818,97,CHINESE DRAGON PAPER LANTERNS,1.1204161739199536,High-Turnover Volatile,Monitor closely and replenish in smaller batches
40046A,50,62.5,5,10.0,9.669539802906858,1.25,6,RED DAISY PAPER LAMPSHADE,0.9669539802906858,Long-Tail,Limit stock and avoid excessive local warehouse space
44089A,15,6.3,4,3.75,3.095695936834452,0.42,4,PINK GAUZE BUTTERFLY LAMPSHADE,0.8255189164891872,Long-Tail,Limit stock and avoid excessive local warehouse space
44089C,24,10.08,4,6.0,4.396968652757639,0.42,6,LILAC GAUZE BUTTERFLY LAMPSHADE,0.7328281087929399,Long-Tail,Limit stock and avoid excessive local warehouse space
44091A,9,3.78,2,4.5,4.949747468305833,0.42,3,BLUE CRUSOE CHECK LAMPSHADE,1.0999438818457405,Long-Tail,Limit stock and avoid excessive local warehouse space
44092B,14,11.899999999999999,5,2.8,2.0493901531919194,0.85,5,BLUE WHITE PLASTIC RINGS LAMPSHADE,0.7319250547113998,Long-Tail,Limit stock and avoid excessive local warehouse space
44092C,20,17.0,5,4.0,1.8708286933869707,0.85,8,PURPLE/COPPER HANGING LAMPSHADE,0.46770717334674267,Long-Tail,Limit stock and avoid excessive local warehouse space
44228,36,30.599999999999998,2,18.0,8.48528137423857,0.85,2,CANNABIS LEAF BEAD CURTAIN,0.4714045207910316,Long-Tail,Limit stock and avoid excessive local warehouse space
44234,693,154.77,12,57.75,133.84531438125947,0.3481944444444444,33,ASSORTED CIRCULAR MOBILE,2.3176677814936704,Regular,Maintain standard replenishment review
44235,538,200.04,10,53.8,133.64613308617982,0.414,13,ASSORTED COLOURED CIRCLE MOBILE,2.484128867772859,Regular,Maintain standard replenishment review
44236,52,56.52,3,17.333333333333332,22.233608194203057,2.0766666666666667,6,PINK/PURPLE CIRCLE CURTAIN,1.2827081650501764,Long-Tail,Limit stock and avoid excessive local warehouse space
44242A,12,9.48,1,12.0,0.0,0.79,1,LILAC FEATHERS CURTAIN,0.0,Long-Tail,Limit stock and avoid excessive local warehouse space
44242B,52,50.28,2,26.0,8.48528137423857,1.02,3,PINK FEATHERS CURTAIN,0.32635697593225266,Long-Tail,Limit stock and avoid excessive local warehouse space
44265,2,8.5,1,2.0,0.0,4.25,1,M/COLOUR POM-POM CURTAIN,0.0,Long-Tail,Limit stock and avoid excessive local warehouse space
45013,3,8.850000000000001,2,1.5,0.7071067811865476,2.95,2,FOLDING SHOE TIDY,0.47140452079103173,Long-Tail,Limit stock and avoid excessive local warehouse space
46000M,1020,1581.0,13,78.46153846153847,59.995298961134424,1.5500000000000003,136,POLYESTER FILLER PAD 45X45CM,0.7646459671517132,Regular,Maintain standard replenishment review
46000P,18,76.5,4,4.5,4.358898943540674,4.25,6,POLYESTER FILLER PAD 65CMX65CM,0.9686442096757053,Long-Tail,Limit stock and avoid excessive local warehouse space
46000R,103,149.35,12,8.583333333333334,5.142661732699294,1.45,38,POLYESTER FILLER PAD 45X30CM,0.5991450562368109,Regular,Maintain standard replenishment review
46000S,1512,2192.4,13,116.3076923076923,79.99831728999536,1.4499999999999997,182,POLYESTER FILLER PAD 40X40CM,0.6878162200859389,Regular,Maintain standard replenishment review
46000U,107,133.75,11,9.727272727272727,10.0607247163503,1.25,26,POLYESTER FILLER PAD 30CMX30CM,1.0342801110266664,Regular,Maintain standard replenishment review
46115B,12,2.28,2,6.0,0.0,0.19,2,GREEN POP ART MAO CUSHION COVER,0.0,Long-Tail,Limit stock and avoid excessive local warehouse space
46118,232,317.17,10,23.2,13.701581417242803,2.7032333333333334,46,FUNKY MONKEY CUSHION COVER,0.5905854059156381,Regular,Maintain standard replenishment review
46126A,52,69.84,3,17.333333333333332,13.613718571108091,1.4516666666666669,8,ELVIS WALLHANGING / CURTAIN,0.7854068406408514,Long-Tail,Limit stock and avoid excessive local warehouse space
46138B,33,34.650000000000006,6,5.5,6.685805860178712,1.2166666666666666,11,BLUE CHENILLE SHAGGY CUSHION COVER,1.2156010654870384,Long-Tail,Limit stock and avoid excessive local warehouse space
46775D,60,720.9300000000001,13,4.615384615384615,3.2025630761017427,12.198461538461537,39,SUNSET COLOUR CHUNKY KNITTED THROW,0.693888666488711,Long-Tail,Limit stock and avoid excessive local warehouse space
46776A,160,672.6,13,12.307692307692308,12.808751014993717,4.189205128205128,71,WOVEN BUBBLE GUM CUSHION COVER,1.0407110199682394,Regular,Maintain standard replenishment review
46776B,162,683.8,13,12.461538461538462,12.514094617772558,4.258551282051282,89,WOVEN BERRIES CUSHION COVER,1.0042174693274275,Regular,Maintain standard replenishment review
46776C,117,492.79,12,9.75,7.863899102284381,4.284761904761905,59,WOVEN FROST CUSHION COVER,0.8065537540804494,Regular,Maintain standard replenishment review
46776D,89,378.29,12,7.416666666666667,6.444988656923981,4.219722222222222,37,WOVEN SUNSET CUSHION COVER,0.8689872346414357,Long-Tail,Limit stock and avoid excessive local warehouse space
46776E,68,292.56,12,5.666666666666667,4.849242365066065,4.271729497354497,39,WOVEN CANDY CUSHION COVER,0.8557486526587172,Long-Tail,Limit stock and avoid excessive local warehouse space
46776F,217,912.03,13,16.692307692307693,16.316579581234826,4.224910256410256,90,WOVEN ROSE GARDEN CUSHION COVER,0.9774909426546209,Regular,Maintain standard replenishment review
47013A,14,3.04,2,7.0,1.4142135623730951,0.205,4,WINE BOTTLE DRESSING LT.BLUE,0.20203050891044216,Long-Tail,Limit stock and avoid excessive local warehouse space
47013C,40,11.53,4,10.0,8.48528137423857,0.38437499999999997,11,WINE BOTTLE DRESSING DARK BLUE,0.8485281374238569,Long-Tail,Limit stock and avoid excessive local warehouse space
47016,2,4.2,1,2.0,0.0,2.1,1,LIGHT DECORATION BATTERY OPERATED,0.0,Long-Tail,Limit stock and avoid excessive local warehouse space
47021G,582,309.29999999999995,7,83.14285714285714,119.67376288815157,2.3983537414965985,27,SET/6 BEAD COASTERS GAUZE BAG GOLD,1.4393751550121323,Regular,Maintain standard replenishment review
47310M,410,570.4499999999999,13,31.53846153846154,22.209665255677105,1.5430865411391728,121,SMALL POP BOX FUNKY MONKEY,0.7042088983507374,Regular,Maintain standard replenishment review
47341A,27,38.75,4,6.75,5.619905100029122,1.875,5,FUSCHIA TABLE RUN FLOWER,0.8325785333376478,Long-Tail,Limit stock and avoid excessive local warehouse space
47341B,45,56.25,7,6.428571428571429,8.423323628614833,1.25,11,BLUE TABLE RUN FLOWER,1.3102947866734185,Long-Tail,Limit stock and avoid excessive local warehouse space
47343A,159,145.17,6,26.5,23.244354153213205,0.995,14,FUSCHIA FLOWER PURSE WITH BEADS,0.8771454397438946,Regular,Maintain standard replenishment review
47344B,44,43.66,4,11.0,12.516655570345725,0.97,6,BLUE FLOWER DES PURSE,1.1378777791223387,Long-Tail,Limit stock and avoid excessive local warehouse space
47348A,97,50.31,8,12.125,14.865468134476723,0.78,15,FUSCHIA VOILE POINTY SHOE DEC,1.226017990472307,Long-Tail,Limit stock and avoid excessive local warehouse space
47351B,38,112.10000000000001,8,4.75,1.4880476182856899,2.95,8,BLUE  VOILE LAMPSHADE,0.31327318279698735,Long-Tail,Limit stock and avoid excessive local warehouse space
47367B,112,376.27,10,11.2,10.21763181955584,3.416571428571429,43,PAIR PADDED HANGERS PINK CHECK,0.9122885553174859,Regular,Maintain standard replenishment review
47369A,33,93.19,7,4.714285714285714,3.4982989063393704,3.468857142857143,20,PINK GREEN EMBROIDERY COSMETIC BAG,0.7420634043750179,Long-Tail,Limit stock and avoid excessive local warehouse space
47369B,35,97.13000000000001,7,5.0,8.062257748298551,4.3914285714285715,22,BLUE GREEN EMBROIDERY COSMETIC BAG,1.6124515496597103,Long-Tail,Limit stock and avoid excessive local warehouse space
47420,196,37.24,9,21.77777777777778,20.60204952048326,0.19,13,ASSORTED COLOUR SUCTION CUP HOOK,0.9460124779813741,Regular,Maintain standard replenishment review
47421,994,393.0,13,76.46153846153847,60.73523878910192,0.415032967032967,55,ASSORTED COLOUR LIZARD SUCTION HOOK,0.7943240485496227,Regular,Maintain standard replenishment review
47422,616,245.76,13,47.38461538461539,45.812186263661445,0.4175384615384615,44,ASSORTED MONKEY SUCTION CUP HOOK,0.9668156192006473,Regular,Maintain standard replenishment review
47469,469,238.60999999999999,8,58.625,106.12652489229207,0.635625,12,ASSORTED SHAPES PHOTO CLIP SILVER,1.8102605525337667,Regular,Maintain standard replenishment review
47471,290,189.88,12,24.166666666666668,36.85310726589435,1.0487857142857142,39,RAINBOW PEGS PHOTO CLIP STRING,1.5249561627266628,Regular,Maintain standard replenishment review
47480,746,1274.1699999999998,13,57.38461538461539,40.04692760070877,2.186720642102995,86,HANGING PHOTO CLIP ROPE LADDER,0.6978687115405013,Regular,Maintain standard replenishment review
47481,225,171.79000000000002,11,20.454545454545453,45.79817384211653,1.018409090909091,23,50CM METAL STRING WITH  7 CLIPS,2.239021832281253,Regular,Maintain standard replenishment review
47503A,2698,1229.04,12,224.83333333333334,177.52072008812397,0.7226805555555554,161,ASS FLORAL PRINT MULTI SCREWDRIVER,0.7895658417559257,High-Turnover Stable,Keep stable local warehouse inventory
47503H,100,110.86,13,7.6923076923076925,12.161308971382804,1.8739743589743587,37,ASS FLORAL PRINT SPIRIT LEVEL,1.5809701662797644,Long-Tail,Limit stock and avoid excessive local warehouse space
47503J,3,23.85,1,3.0,0.0,7.95,2,SET/3 FLORAL GARDEN TOOLS IN BAG,0.0,Long-Tail,Limit stock and avoid excessive local warehouse space
47504H,978,964.38,13,75.23076923076923,91.30183810321478,1.9281582196712286,118,ENGLISH ROSE SPIRIT LEVEL,1.2136236148689081,Regular,Maintain standard replenishment review
47504K,2006,2039.18,12,167.16666666666666,169.6503534456749,1.7713101473877335,211,ENGLISH ROSE GARDEN SECATEURS,1.0148575480299595,High-Turnover Stable,Keep stable local warehouse inventory
47518F,832,134.37,12,69.33333333333333,78.90193376283722,0.9154761904761904,33,ICON PLACEMAT POP ART ELVIS,1.1380086600409214,Regular,Maintain standard replenishment review
47556B,2600,6045.0,2,1300.0,0.0,2.325,2,TEA TIME TEA TOWELS,0.0,High-Revenue Priority,Prioritize inventory monitoring and avoid stockouts
47559B,2150,2890.05,13,165.3846153846154,91.03436939011777,1.6109895763258517,313,TEA TIME OVEN GLOVE,0.550440373056526,High-Turnover Stable,Keep stable local warehouse inventory
47563A,285,551.51,12,23.75,15.823601474897036,2.68783665895508,105,RETRO LONGBOARD IRONING BOARD COVER,0.666256904206191,Regular,Maintain standard replenishment review
47566,18090,98610.18,13,1391.5384615384614,1014.2649732182591,5.976796414001489,1674,PARTY BUNTING,0.7288803013729889,High-Revenue Priority,Prioritize inventory monitoring and avoid stockouts
47566B,2525,12724.07,13,194.23076923076923,157.244583290996,5.970178937757321,465,TEA TIME PARTY BUNTING,0.8095760723892863,High-Revenue Priority,Prioritize inventory monitoring and avoid stockouts
47567B,597,3384.7500000000005,13,45.92307692307692,27.867129796176048,6.314977466977467,131,TEA TIME KITCHEN APRON,0.60682192185978,High-Revenue Priority,Prioritize inventory monitoring and avoid stockouts
47570B,187,1769.25,4,46.75,43.115155881275285,12.238068181818182,33,TEA TIME TABLE CLOTH,0.9222493236636424,Regular,Maintain standard replenishment review
47574A,548,665.2,11,49.81818181818182,76.75782459374182,2.1969487012987012,114,ENGLISH ROSE SCENTED HANGING FLOWER,1.5407592527940874,Regular,Maintain standard replenishment review
47574B,4,17.0,1,4.0,0.0,4.25,2,ENGLISH ROSE SCENTED HANGING HEART,0.0,Long-Tail,Limit stock and avoid excessive local warehouse space
47578A,213,197.43,13,16.384615384615383,16.745837599925448,1.0577142857142856,45,ENGLISH ROSE SMALL SCENTED FLOWER,1.0220464262865299,Regular,Maintain standard replenishment review
47579,1,2.1,1,1.0,0.0,2.1,1,TEA TIME BREAKFAST BASKET,0.0,Long-Tail,Limit stock and avoid excessive local warehouse space
47580,376,1086.12,13,28.923076923076923,25.457354989804482,3.1388318764568766,108,TEA TIME DES TEA COSY,0.8801745076262188,Regular,Maintain standard replenishment review
47585A,264,1129.44,13,20.307692307692307,22.79029258033858,5.191602564102565,83,PINK FAIRY CAKE CUSHION COVER,1.122249255850006,Regular,Maintain standard replenishment review
47586A,21,53.55,7,3.0,1.8257418583505538,2.55,8,PINK FAIRY CAKE CUSHION COVER,0.6085806194501846,Long-Tail,Limit stock and avoid excessive local warehouse space
47589,13,70.85,3,4.333333333333333,4.163331998932265,5.45,3,CONGRATULATIONS BUNTING,0.9607689228305228,Long-Tail,Limit stock and avoid excessive local warehouse space
47590A,1987,10475.4,13,152.84615384615384,105.46867319560356,6.011743823673938,389,BLUE HAPPY BIRTHDAY BUNTING,0.6900315810482367,High-Revenue Priority,Prioritize inventory monitoring and avoid stockouts
47590B,2332,12163.25,13,179.3846153846154,121.62684631112386,6.012381075056147,401,PINK HAPPY BIRTHDAY BUNTING,0.6780227281494897,High-Revenue Priority,Prioritize inventory monitoring and avoid stockouts
47591B,210,348.92,4,52.5,58.3409518834469,2.26478021978022,57,SCOTTIES CHILDRENS APRON,1.1112562263513694,Regular,Maintain standard replenishment review
47591D,3341,6724.6900000000005,13,257.0,150.65081037507454,2.464886186927553,495,PINK FAIRY CAKE CHILDRENS APRON,0.5861899236384224,High-Revenue Priority,Prioritize inventory monitoring and avoid stockouts
47593A,33,14.37,4,8.25,13.17510278264778,1.01,12,CAROUSEL PONIES BABY BIB,1.5969821554724581,Long-Tail,Limit stock and avoid excessive local warehouse space
47593B,1993,951.1099999999999,13,153.30769230769232,109.2217809591907,0.7153569128956125,246,SCOTTIE DOGS BABY BIB,0.7124350990815248,High-Turnover Stable,Keep stable local warehouse inventory
47594A,107,197.89,9,11.88888888888889,17.076624699017984,2.002834138486312,49,CAROUSEL DESIGN WASHBAG,1.4363516101977742,Regular,Maintain standard replenishment review
47594B,168,310.65,12,14.0,24.78635988530055,1.99591512345679,54,SCOTTIES DESIGN WASHBAG,1.7704542775214678,Regular,Maintain standard replenishment review
47599A,2450,4636.900000000001,13,188.46153846153845,111.0980163223864,2.2696200625999388,164,PINK PARTY BAGS,0.5894996784453156,High-Revenue Priority,Prioritize inventory monitoring and avoid stockouts
47599B,1480,2822.32,13,113.84615384615384,69.28305006017725,2.1568951465201467,118,BLUE PARTY BAGS,0.608567331609665,Regular,Maintain standard replenishment review
48111,1170,7692.58,13,90.0,135.21649307684325,9.351417092159794,232,DOORMAT 3 SMILEY CATS,1.5024054786315917,High-Revenue Priority,Prioritize inventory monitoring and avoid stockouts
48116,1489,9064.78,13,114.53846153846153,129.04690063733636,9.459259646462135,200,DOORMAT MULTICOLOUR STRIPE,1.1266687093924599,High-Revenue Priority,Prioritize inventory monitoring and avoid stockouts
48129,891,5918.19,13,68.53846153846153,89.81148347568126,8.826822523630215,202,DOORMAT TOPIARY,1.3103807914521397,High-Revenue Priority,Prioritize inventory monitoring and avoid stockouts
48138,3740,25445.5,13,287.6923076923077,200.11970776487118,8.895066361994152,610,DOORMAT UNION FLAG,0.6956032622843116,High-Revenue Priority,Prioritize inventory monitoring and avoid stockouts
48173C,1814,10253.61,13,139.53846153846155,176.93530615482757,8.446663998394767,195,DOORMAT BLACK FLOCK,1.2680038478570883,High-Revenue Priority,Prioritize inventory monitoring and avoid stockouts
48184,2029,14252.449999999999,13,156.07692307692307,125.42026785868218,8.634640924953588,404,DOORMAT ENGLISH ROSE,0.8035798334957459,High-Revenue Priority,Prioritize inventory monitoring and avoid stockouts
48185,2941,19318.01,13,226.23076923076923,247.6217390315835,9.911682880778532,362,DOORMAT FAIRY CAKE,1.0945537597451838,High-Revenue Priority,Prioritize inventory monitoring and avoid stockouts
48187,3805,24092.49,13,292.6923076923077,231.57625979915147,8.4752679708072,599,DOORMAT NEW ENGLAND,0.7911935288801496,High-Revenue Priority,Prioritize inventory monitoring and avoid stockouts
48188,2061,12083.17,13,158.53846153846155,193.97491907658895,8.747178888649476,285,DOORMAT WELCOME PUPPIES,1.2235196254224436,High-Revenue Priority,Prioritize inventory monitoring and avoid stockouts
48189,27,451.10999999999996,5,5.4,1.140175425099138,16.7,17,DOORMAT FRIENDSHIP,0.2111435972405811,Long-Tail,Limit stock and avoid excessive local warehouse space
48194,3414,22098.52,13,262.61538461538464,216.58429400641313,9.268425078076179,591,DOORMAT HEARTS,0.8247205102763241,High-Revenue Priority,Prioritize inventory monitoring and avoid stockouts
51008,519,1690.55,8,64.875,149.3743499686992,3.443055555555556,22,AFGHAN SLIPPER SOCK PAIR,2.3024947972053824,Regular,Maintain standard replenishment review
51014A,3770,1938.86,13,290.0,298.29822884712763,0.8158324175824175,238,"FEATHER PEN,HOT PINK",1.0286145822314745,High-Turnover Stable,Keep stable local warehouse inventory
51014C,2675,1401.03,13,205.76923076923077,216.39822621198238,0.8405678015192185,173,"FEATHER PEN,COAL BLACK",1.0516549311236527,High-Turnover Stable,Keep stable local warehouse inventory
51014L,1975,1003.26,13,151.92307692307693,131.72032337397138,0.7771529940647587,147,"FEATHER PEN,LIGHT PINK",0.8670198500565204,High-Turnover Stable,Keep stable local warehouse inventory
51020A,325,116.32999999999998,5,65.0,118.82550231326607,0.866,18,SUMMER FUN DESIGN SHOWER CAP,1.8280846509733242,Regular,Maintain standard replenishment review
51020B,197,70.57,4,49.25,83.87043579235772,0.77,15,STRIPY DESIGN SHOWER CAP,1.7029530110123396,Regular,Maintain standard replenishment review
62018,4415,5716.85,13,339.61538461538464,401.7975316129461,1.8338165680473373,61,SOMBRERO,1.1830957895737937,High-Revenue Priority,Prioritize inventory monitoring and avoid stockouts
62043B,17,14.11,2,8.5,7.7781745930520225,0.83,5,BLUE CHECK BAG W HANDLE 34X20CM,0.9150793638884732,Long-Tail,Limit stock and avoid excessive local warehouse space
62074B,16,6.72,4,4.0,4.08248290463863,0.42,4,ELEPHANT CLIP W SUCTION CUP,1.0206207261596576,Long-Tail,Limit stock and avoid excessive local warehouse space
62086A,88,171.6,6,14.666666666666666,11.483321238503548,1.95,14,PINK RETRO BIG FLOWER BAG,0.78295372080706,Long-Tail,Limit stock and avoid excessive local warehouse space
62094B,19,63.21,3,6.333333333333333,5.8594652770823155,4.178888888888888,8,TURQ ICE CREAM BUM BAG,0.9251787279603656,Long-Tail,Limit stock and avoid excessive local warehouse space
62096A,106,132.5,3,35.333333333333336,25.006665778014735,1.25,8,PINK/YELLOW FLOWERS HANDBAG,0.7077358239060774,Regular,Maintain standard replenishment review
62096B,2,2.5,1,2.0,0.0,1.25,1,PURPLE/TURQ FLOWERS HANDBAG,0.0,Long-Tail,Limit stock and avoid excessive local warehouse space
62097B,9,7.470000000000001,2,4.5,0.7071067811865476,0.83,3,BLUE STRIPES SHOULDER BAG,0.15713484026367724,Long-Tail,Limit stock and avoid excessive local warehouse space
70006,2702,1863.98,11,245.63636363636363,478.5054383655995,1.941102059556605,120,LOVE HEART POCKET WARMER,1.9480236202892653,High-Turnover Volatile,Monitor closely and replenish in smaller batches
70007,829,936.56,9,92.11111111111111,128.67735275141118,1.9223130194525544,106,HI TEC ALPINE HAND WARMER,1.396979704176961,Regular,Maintain standard replenishment review
71038,234,1217.7,11,21.272727272727273,8.591750800516843,5.377272727272728,47,WHITE HANGING BEADS CANDLE HOLDER,0.4038857213918174,Regular,Maintain standard replenishment review
71050,33,11.549999999999999,4,8.25,6.652067347825035,0.35,6,SMALL SINGLE FLAME CANDLE HOLDER,0.8063111936757619,Long-Tail,Limit stock and avoid excessive local warehouse space
71053,1931,8370.57,13,148.53846153846155,76.00396413413293,4.884952589526595,330,WHITE METAL LANTERN,0.5116786813794552,High-Revenue Priority,Prioritize inventory monitoring and avoid stockouts
71101E,346,278.5,10,34.6,18.833775806011683,0.8240000000000001,22,STANDING FAIRY POLE SUPPORT,0.5443287805205689,Regular,Maintain standard replenishment review
71143,178,196.35999999999999,7,25.428571428571427,35.60363812335823,2.0070238095238095,37,SILVER BOOK MARK WITH BEADS,1.4001430722668968,Regular,Maintain standard replenishment review
71215,11,4.62,2,5.5,6.363961030678928,0.42,2,METAL BASE FOR CANDLES,1.1570838237598051,Long-Tail,Limit stock and avoid excessive local warehouse space
71270,236,334.98,13,18.153846153846153,17.03352651804745,1.7318589743589743,49,PHOTO CLIP LINE,0.9382874776890544,Regular,Maintain standard replenishment review
71279,175,558.37,11,15.909090909090908,7.942978603201011,3.57569696969697,38,PINK GLASS CANDLEHOLDER,0.499272940772635,Regular,Maintain standard replenishment review
71403,76,283.96000000000004,12,6.333333333333333,6.286107819243281,4.4815,33,"PINK/WHITE ""KEEP CLEAN"" BULLET BIN",0.992543339880518,Long-Tail,Limit stock and avoid excessive local warehouse space
71406C,138,57.96,11,12.545454545454545,9.740263203462588,0.42,21,BLACK ORANGE SQUEEZER,0.7763977915803513,Regular,Maintain standard replenishment review
71459,13521,10787.49,13,1040.076923076923,533.6130716693607,0.961955715279793,438,HANGING JAM JAR T-LIGHT HOLDER,0.5130515443903327,High-Revenue Priority,Prioritize inventory monitoring and avoid stockouts
71477,6723,20568.45,12,560.25,379.1205433152316,3.8829707005392486,315,COLOUR GLASS. STAR T-LIGHT HOLDER,0.6766988724948355,High-Revenue Priority,Prioritize inventory monitoring and avoid stockouts
71495A,103,40.379999999999995,6,17.166666666666668,25.06325331369945,0.7272222222222222,8,CD WALL TIDY BLUE OFFICE,1.4599953386621038,Regular,Maintain standard replenishment review
71495B,163,61.05,7,23.285714285714285,23.71858824996607,0.545,8,CD WALL TIDY RED FLOWERS,1.0185896794463958,Regular,Maintain standard replenishment review
71496A,127,80.96000000000001,9,14.11111111111111,20.9311039152528,1.0705555555555555,12,A4 WALL TIDY BLUE OFFICE,1.4833065766714582,Regular,Maintain standard replenishment review
71496B,13,7.37,3,4.333333333333333,3.511884584284246,0.57,4,A4 WALL TIDY RED FLOWERS,0.8104349040655953,Long-Tail,Limit stock and avoid excessive local warehouse space
71510,52,36.519999999999996,6,8.666666666666666,8.477420991472975,0.7966666666666667,8,SQUARE METAL CANDLEHOLDER BASE,0.9781639605545741,Long-Tail,Limit stock and avoid excessive local warehouse space
72024U,72,15.120000000000001,2,36.0,16.97056274847714,0.21,3,LILAC VOTIVE CANDLE,0.4714045207910316,Long-Tail,Limit stock and avoid excessive local warehouse space
72051S,130,89.53,5,26.0,29.50423698386386,0.6513333333333333,13,BAG OF SILVER STONES,1.1347783455332254,Regular,Maintain standard replenishment review
72122,324,335.78999999999996,13,24.923076923076923,19.141845689751456,1.1288942307692307,61,COFFEE SCENT PILLAR CANDLE,0.7680370184159535,Regular,Maintain standard replenishment review
72127,169,210.61,10,16.9,21.486171263292945,1.2630357142857143,30,COLUMBIAN CANDLE ROUND,1.2713710806682217,Regular,Maintain standard replenishment review
72128,193,152.05,11,17.545454545454547,17.48349871372224,0.9278636363636363,36,COLUMBIAN CANDLE ROUND,0.9964688386059308,Regular,Maintain standard replenishment review
72130,219,133.34,10,21.9,20.28381949568013,0.7194166666666667,27,COLUMBIAN CANDLE ROUND,0.9262018034557138,Regular,Maintain standard replenishment review
72131,136,236.39999999999998,9,15.11111111111111,32.53246242003687,1.9300000000000002,18,COLUMBIAN CANDLE RECTANGLE,2.15288354250244,Regular,Maintain standard replenishment review
72132,28,54.6,6,4.666666666666667,5.278888771954441,1.95,12,COLUMBIAN CUBE CANDLE,1.1311904511330944,Long-Tail,Limit stock and avoid excessive local warehouse space
72133,45,63.51,9,5.0,2.179449471770337,1.3844444444444446,16,COLUMBIAN CANDLE RECTANGLE,0.4358898943540674,Long-Tail,Limit stock and avoid excessive local warehouse space
72134,105,58.62,9,11.666666666666666,17.97220075561143,0.9983333333333333,11,COLUMBIAN  CUBE CANDLE,1.5404743504809797,Regular,Maintain standard replenishment review
72140E,31,26.349999999999998,5,6.2,3.1144823004794873,0.85,8,BEST DAD CANDLE LETTERS,0.5023358549160463,Long-Tail,Limit stock and avoid excessive local warehouse space
72225C,624,165.6,10,62.4,46.92121055556858,0.27799999999999997,17,LAVENDER SCENT CAKE CANDLE,0.7519424768520606,Regular,Maintain standard replenishment review
72232,3317,630.23,13,255.15384615384616,352.3622298511023,0.18999999999999997,65,FENG SHUI PILLAR CANDLE,1.3809794959494512,High-Turnover Volatile,Monitor closely and replenish in smaller batches
72349B,888,2145.2,13,68.3076923076923,56.752950900349106,3.054728303747535,196,SET/6 PURPLE BUTTERFLY T-LIGHTS,0.830842749667273,Regular,Maintain standard replenishment review
72351A,1279,2561.02,13,98.38461538461539,88.33887258877832,2.397364705053619,165,SET/6 TURQUOISE BUTTERFLY T-LIGHTS,0.8978931537561518,Regular,Maintain standard replenishment review
72351B,2095,4005.75,13,161.15384615384616,133.140180607913,2.3543761341222877,185,SET/6 PINK  BUTTERFLY T-LIGHTS,0.8261681851565007,High-Revenue Priority,Prioritize inventory monitoring and avoid stockouts
72369A,30,39.92,5,6.0,7.035623639735144,1.734,5,PINK CLEAR GLASS CANDLE PLATE,1.1726039399558574,Long-Tail,Limit stock and avoid excessive local warehouse space
72586,655,302.71,12,54.583333333333336,118.41180709965566,0.7370314009661835,82,SET OF 6 HALLOWEEN GHOST T-LIGHTS,2.1693766186196455,Regular,Maintain standard replenishment review
72598,607,605.89,13,46.69230769230769,66.31036195470585,1.3208898207056103,93,SET/12 TAPER CANDLES,1.4201560220941944,Regular,Maintain standard replenishment review
72709,44,37.4,6,7.333333333333333,6.153589738247641,0.85,7,IVORY SCULPTED RND CANDLE,0.8391258733974056,Long-Tail,Limit stock and avoid excessive local warehouse space
72741,5958,8196.0,13,458.3076923076923,294.97242374369637,1.582835556256609,292,GRAND CHOCOLATECANDLE,0.6436122035360948,High-Revenue Priority,Prioritize inventory monitoring and avoid stockouts
72760B,409,4145.389999999999,13,31.46153846153846,20.53296286712086,11.313095579858736,153,VINTAGE CREAM 3 BASKET CAKE STAND,0.6526369615466289,High-Revenue Priority,Prioritize inventory monitoring and avoid stockouts
72780,137,116.45,12,11.416666666666666,6.3883179367190275,0.85,20,BLACK SILOUETTE CANDLE PLATE,0.5595606951870681,Regular,Maintain standard replenishment review
72783,16,33.6,2,8.0,5.656854249492381,2.1,2,BLACK SIL'T SQU CANDLE PLATE,0.7071067811865476,Long-Tail,Limit stock and avoid excessive local warehouse space
72798C,7,11.549999999999999,3,2.3333333333333335,1.5275252316519465,1.6499999999999997,3,SET/4 GARDEN ROSE DINNER CANDLE,0.6546536707079771,Long-Tail,Limit stock and avoid excessive local warehouse space
72799C,81,129.47000000000003,6,13.5,22.9237867726953,2.739166666666667,19,PINK PILLAR CANDLE SILVER FLOCK,1.6980582794589112,Long-Tail,Limit stock and avoid excessive local warehouse space
72799E,451,916.9900000000001,13,34.69230769230769,54.73783672406839,2.968923076923077,76,IVORY PILLAR CANDLE SILVER FLOCK,1.5778090408268048,Regular,Maintain standard replenishment review
72799F,144,421.13,11,13.090909090909092,9.148273557940268,3.0514646464646464,30,IVORY PILLAR CANDLE GOLD FLOCK,0.6988264523426593,Regular,Maintain standard replenishment review
72800B,142,285.7,12,11.833333333333334,17.21433511156714,2.4885042735042733,38,4 PURPLE FLOCK DINNER CANDLES,1.4547325446394768,Regular,Maintain standard replenishment review
72800C,130,259.71999999999997,11,11.818181818181818,14.729685548701857,2.7750688705234157,35,4 PINK DINNER CANDLE SILVER FLOCK,1.2463580079670802,Regular,Maintain standard replenishment review
72800D,87,226.67,12,7.25,5.863988713867347,2.8010416666666664,31,4 BLUE DINNER CANDLES SILVER FLOCK,0.8088260294989444,Long-Tail,Limit stock and avoid excessive local warehouse space
72800E,538,1205.64,13,41.38461538461539,36.50465372510392,2.6426497190592215,136,4 IVORY DINNER CANDLES SILVER FLOCK,0.8820827108296486,Regular,Maintain standard replenishment review
72801C,184,276.59000000000003,13,14.153846153846153,13.427869984018027,2.041263736263736,44,4 ROSE PINK DINNER CANDLES,0.948708205392578,Regular,Maintain standard replenishment review
72801D,150,297.90999999999997,13,11.538461538461538,8.292721553822412,2.2472262609185685,62,4 SKY BLUE DINNER CANDLES,0.7187025346646091,Regular,Maintain standard replenishment review
72801G,45,57.46,8,5.625,5.604526232048012,1.3004166666666666,13,4 BURGUNDY WINE DINNER CANDLES,0.9963602190307577,Long-Tail,Limit stock and avoid excessive local warehouse space
72802A,329,1383.69,13,25.307692307692307,21.32441720729477,4.718981684981685,64,ROSE SCENT CANDLE IN JEWELLED BOX,0.8426061510481215,Regular,Maintain standard replenishment review
72802B,630,1545.48,12,52.5,88.246040343823,4.238333333333333,79,OCEAN SCENT CANDLE IN JEWELLED BOX,1.680876958929962,Regular,Maintain standard replenishment review
72802C,892,2120.48,12,74.33333333333333,130.0282020691409,4.655313035113035,103,VANILLA SCENT CANDLE JEWELLED BOX,1.7492583238001018,Regular,Maintain standard replenishment review
72803A,529,722.47,11,48.09090909090909,122.17483746291994,4.260681818181818,41,ROSE SCENT CANDLE JEWELLED DRAWER,2.54049756539153,Regular,Maintain standard replenishment review
72803B,1,8.47,1,1.0,0.0,8.47,1,OCEAN SCENT CANDLE JEWELLED DRAWER,0.0,Long-Tail,Limit stock and avoid excessive local warehouse space
72807A,397,1894.8899999999999,12,33.083333333333336,32.05239555175339,5.667456654456655,111,SET/3 ROSE CANDLE IN JEWELLED BOX,0.9688381526978355,Regular,Maintain standard replenishment review
72807B,399,1855.37,12,33.25,27.964669268073372,5.487582633053221,114,SET/3 OCEAN SCENT CANDLE JEWEL BOX,0.8410426847540864,Regular,Maintain standard replenishment review
72807C,602,2712.3,12,50.166666666666664,29.486000787225155,5.247592499554109,160,SET/3 VANILLA SCENTED CANDLE IN BOX,0.5877608130343885,Regular,Maintain standard replenishment review
72811,53,78.92999999999999,5,10.6,9.838699100999074,1.585,8,SMALL ZINC/GLASS CANDLEHOLDER,0.9281791604716108,Long-Tail,Limit stock and avoid excessive local warehouse space
72812,34,116.06,7,4.857142857142857,2.6726124191242437,3.695,11,LARGE ZINC GLASS CANDLEHOLDER,0.550243733349109,Long-Tail,Limit stock and avoid excessive local warehouse space
72815,3,15.97,2,1.5,0.7071067811865476,6.11,2,3 WICK CHRISTMAS BRIAR CANDLE,0.47140452079103173,Long-Tail,Limit stock and avoid excessive local warehouse space
72816,868,975.32,9,96.44444444444444,168.5290116798226,2.220406026640676,68,SET/3 CHRISTMAS DECOUPAGE CANDLES,1.7474206280165936,Regular,Maintain standard replenishment review
72817,1188,1202.27,10,118.8,175.5225848082741,1.460608023141418,160,SET OF 2 CHRISTMAS DECOUPAGE CANDLE,1.4774628350864825,Regular,Maintain standard replenishment review
72818,1809,796.06,7,258.42857142857144,487.87698488548557,1.148805194805195,75,CHRISTMAS DECOUPAGE CANDLE,1.8878600852395793,Regular,Maintain standard replenishment review
72819,225,509.07,12,18.75,19.955063153358985,2.997240079365079,43,CUPID DESIGN SCENTED CANDLES,1.0642700348458125,Regular,Maintain standard replenishment review
72821,11,18.15,2,5.5,4.949747468305833,1.65,4,CUPID SCENTED CANDLE IN GLASS,0.899954085146515,Long-Tail,Limit stock and avoid excessive local warehouse space
75011,172,138.76,8,21.5,22.897286177311805,0.805,12,BLUE DAISY MOBILE,1.0649900547586886,Regular,Maintain standard replenishment review
75013B,25,41.25,2,12.5,3.5355339059327378,1.65,6,"STRING OF 8 BUTTERFLIES,PINK",0.282842712474619,Long-Tail,Limit stock and avoid excessive local warehouse space
75049L,7100,6810.48,13,546.1538461538462,437.6428997393968,1.7090503405352633,204,LARGE CIRCULAR MIRROR MOBILE,0.8013179854383321,High-Revenue Priority,Prioritize inventory monitoring and avoid stockouts
75131,490,529.21,5,98.0,166.5502927046362,1.7671666666666668,15,METAL TUBE CHIME ON BAMBOO,1.6994927827003694,Regular,Maintain standard replenishment review
75172,93,85.31,4,23.25,40.52468383590426,2.27,8,PAINTED SEA SHELL METAL WINDCHIME,1.7429971542324414,Long-Tail,Limit stock and avoid excessive local warehouse space
75178,459,218.87,8,57.375,74.2850446398389,1.3747916666666666,13,ASSTD COL BUTTERFLY/CRYSTAL W/CHIME,1.2947284468817237,Regular,Maintain standard replenishment review
77079,1,2.12,1,1.0,0.0,2.12,1,DOLPHIN WINDMILL,0.0,Long-Tail,Limit stock and avoid excessive local warehouse space
77101A,387,426.94,4,96.75,161.33892896632233,1.4334375,22,UNION FLAG WINDSOCK,1.6675858291092747,Regular,Maintain standard replenishment review
78033,36,173.4,5,7.2,5.805170109479997,5.4399999999999995,7,FLAG OF ST GEORGE CHAIR,0.8062736263166662,Long-Tail,Limit stock and avoid excessive local warehouse space
78034B,8,15.6,5,1.6,0.8944271909999159,1.95,6,BLUE NETTING STORAGE HANGER,0.5590169943749473,Long-Tail,Limit stock and avoid excessive local warehouse space
78124,198,256.5,7,28.285714285714285,20.483442790981908,1.4642857142857142,18,MAGAZINE RACK GEBRA ASSORTED,0.7241621188730978,Regular,Maintain standard replenishment review
79000,4162,3357.3399999999997,10,416.2,226.4399846905724,0.9706665001665001,125,MOROCCAN TEA GLASS,0.5440653164117549,High-Revenue Priority,Prioritize inventory monitoring and avoid stockouts
79026B,25,10.61,3,8.333333333333334,8.736894948054104,0.6766666666666666,9,"S/4 ICON COASTER,ELVIS LIVES",1.0484273937664925,Long-Tail,Limit stock and avoid excessive local warehouse space
79030D,581,350.23,11,52.81818181818182,61.220614472280786,2.2254545454545456,47,TUMBLER BAROQUE,1.1590822017127171,Regular,Maintain standard replenishment review
79030G,1403,733.4899999999999,7,200.42857142857142,309.3169125362407,3.698189655172414,67,TUMBLER NEW ENGLAND,1.5432775393825267,Regular,Maintain standard replenishment review
79051A,823,289.55,12,68.58333333333333,69.87320768016272,0.4182222222222222,41,SMOKEY GREY COLOUR D.O.F. GLASS,1.0188074023839038,Regular,Maintain standard replenishment review
79062D,52,19.4,3,17.333333333333332,9.237604307034012,0.41,4,"RETRO TIN ASHTRAY,REVOLUTIONARY",0.532938710021193,Long-Tail,Limit stock and avoid excessive local warehouse space
79063C,235,43.65,8,29.375,33.92402225141184,0.18875,14,"RETRO PILL BOX KEY CHAIN,THE KING",1.1548603319629562,Regular,Maintain standard replenishment review
79063D,189,35.14,6,31.5,39.17524728703062,0.20833333333333334,11,"RETRO PILL BOX , REVOLUTIONARY",1.2436586440327182,Regular,Maintain standard replenishment review
79066K,799,716.26,13,61.46153846153846,56.33917432925836,1.106368148442809,155,RETRO MOD TRAY,0.9166574046062061,Regular,Maintain standard replenishment review
79067,172,719.69,1,172.0,0.0,5.865263157894737,38,CORONA MEXICAN TRAY,0.0,Regular,Maintain standard replenishment review
79071B,20,59.0,6,3.3333333333333335,1.96638416050035,2.9500000000000006,11,ENGLISH ROSE METAL WASTE BIN,0.589915248150105,Long-Tail,Limit stock and avoid excessive local warehouse space
79144B,180,103.23,13,13.846153846153847,11.495261007955655,0.7277628205128205,53,PAINTED LIGHTBULB STAR+ MOON,0.8302132950190195,Regular,Maintain standard replenishment review
79144C,152,98.12,13,11.692307692307692,11.84894239573456,0.7778653846153846,51,PAINTED LIGHTBULB RAINBOW DESIGN,1.0133963891088769,Regular,Maintain standard replenishment review
79149B,18,7.56,6,3.0,4.427188724235731,0.42,8,SILICON STAR BULB  BLUE,1.4757295747452437,Long-Tail,Limit stock and avoid excessive local warehouse space
79151B,11,4.62,2,5.5,6.363961030678928,0.42,2,"SILICON CUBE 25W, BLUE",1.1570838237598051,Long-Tail,Limit stock and avoid excessive local warehouse space
79157B,4,3.4,2,2.0,1.4142135623730951,0.85,2,UBO-LIGHT TRIOBASE BLUE,0.7071067811865476,Long-Tail,Limit stock and avoid excessive local warehouse space
79157V,5,4.25,2,2.5,0.7071067811865476,0.85,3,UBO-LIGHT TRIOBASE PURPLE,0.282842712474619,Long-Tail,Limit stock and avoid excessive local warehouse space
79160,441,789.53,12,36.75,60.00321961058726,2.064722222222222,47,HEART SHAPE WIRELESS DOORBELL,1.6327406696758437,Regular,Maintain standard replenishment review
79161A,2,5.9,1,2.0,0.0,2.95,2,ST GEORGE SET OF 10 PARTY LIGHTS,0.0,Long-Tail,Limit stock and avoid excessive local warehouse space
79163,1529,626.55,9,169.88888888888889,151.61665842219023,0.6699999999999999,35,BLACK CHAMPAGNE GLASS,0.8924459946368294,Regular,Maintain standard replenishment review
79164,1666,697.6200000000001,8,208.25,360.92648638113076,0.78375,19,BLACK WINE GLASS,1.733140390785742,Regular,Maintain standard replenishment review
79190A,384,179.36,13,29.53846153846154,24.7541760268693,0.5989865134865135,63,RETRO PLASTIC 70'S TRAY,0.8380320009096377,Regular,Maintain standard replenishment review
79190B,692,282.06,13,53.23076923076923,82.56023442125337,0.5809615384615384,56,RETRO PLASTIC POLKA TRAY,1.5509870628270142,Regular,Maintain standard replenishment review
79190D,265,126.98,13,20.384615384615383,11.24380171130196,0.5894358974358974,47,RETRO PLASTIC DAISY TRAY,0.5515827254600962,Regular,Maintain standard replenishment review
79191B,147,128.1,13,11.307692307692308,6.896673296894856,0.9011538461538462,29,RETRO PLASTIC POLKA TRAY,0.6099098833988648,Regular,Maintain standard replenishment review
79191C,948,679.08,13,72.92307692307692,68.2806238236265,0.8326068376068375,53,RETRO PLASTIC ELEPHANT TRAY,0.936337668467452,Regular,Maintain standard replenishment review
79191D,23,27.409999999999997,7,3.2857142857142856,2.138089935299395,1.3392857142857142,15,RETRO PLASTIC DAISY TRAY,0.6507230237867725,Long-Tail,Limit stock and avoid excessive local warehouse space
79192A,3,3.75,2,1.5,0.7071067811865476,1.25,2,RETRO PLASTIC 70'S TRAY,0.47140452079103173,Long-Tail,Limit stock and avoid excessive local warehouse space
79302M,370,1037.54,12,30.833333333333332,24.51653739949029,3.4306574074074074,62,"ART LIGHTS,FUNK MONKEY",0.7951309426861716,Regular,Maintain standard replenishment review
79321,10225,53761.61,13,786.5384615384615,565.9051179871963,7.017539267829171,658,CHILLI LIGHTS,0.7194881695680735,High-Revenue Priority,Prioritize inventory monitoring and avoid stockouts
79323B,8,54.0,1,8.0,0.0,6.75,1,BLACK CHERRY LIGHTS,0.0,Long-Tail,Limit stock and avoid excessive local warehouse space
79329,12,12.18,2,6.0,0.0,1.015,2,PINK FLOCK GLASS CANDLEHOLDER,0.0,Long-Tail,Limit stock and avoid excessive local warehouse space
79331,26,17.5,2,13.0,9.899494936611665,1.015,3,PINK FLOCK GLASS CANDLEHOLDER,0.7614996105085896,Long-Tail,Limit stock and avoid excessive local warehouse space
79336,36,13.679999999999998,3,12.0,10.392304845413264,0.38000000000000006,3,LIGHT PINK FLOCK GLASS CANDLEHOLDER,0.8660254037844387,Long-Tail,Limit stock and avoid excessive local warehouse space
79337,644,259.96,8,80.5,108.16653826391968,0.618125,10,BLUE FLOCK GLASS CANDLEHOLDER,1.3436837051418593,Regular,Maintain standard replenishment review
79403,95,85.52,10,9.5,6.770032003863301,1.008,15,FROSTED WHITE BASE,0.7126349477750843,Long-Tail,Limit stock and avoid excessive local warehouse space
79406,144,34.12,8,18.0,23.591766118106303,0.3725,8,FROSTED WHITE BASE,1.310653673228128,Regular,Maintain standard replenishment review
81950B,116,33.63999999999999,2,58.0,76.36753236814714,0.29,8,FLOWER BLUE CLOCK WITH SUCKER,1.316681592554261,Regular,Maintain standard replenishment review
81950V,20,8.6,4,5.0,6.733003292241386,0.71,6,FLOWER PURPLE CLOCK WITH SUCKER,1.3466006584482773,Long-Tail,Limit stock and avoid excessive local warehouse space
81952B,200,38.0,1,200.0,0.0,0.19,9,ROUND BLUE CLOCK WITH SUCKER,0.0,Regular,Maintain standard replenishment review
81952V,365,69.35000000000001,5,73.0,111.66915420114903,0.19,24,ROUND PURPLE CLOCK WITH SUCKER,1.5297144411116306,Regular,Maintain standard replenishment review
81953B,11,2.09,1,11.0,0.0,0.19,3,ROUND BLUE CLOCK WITH SUCKER,0.0,Long-Tail,Limit stock and avoid excessive local warehouse space
81953P,28,5.32,1,28.0,0.0,0.19,3,ROUND ARTICULATED PINK CLOCK W/SUCK,0.0,Long-Tail,Limit stock and avoid excessive local warehouse space
82001S,1700,6645.33,13,130.76923076923077,88.94675733845298,4.733139922043768,153,VINYL RECORD FRAME SILVER,0.6801810855293463,High-Revenue Priority,Prioritize inventory monitoring and avoid stockouts
82011A,18,67.5,9,2.0,0.9999999999999999,3.75,12,"BATHROOM SCALES, TROPICAL BEACH",0.49999999999999994,Long-Tail,Limit stock and avoid excessive local warehouse space
82011B,43,146.85,9,4.777777777777778,4.603742438977711,3.683333333333333,21,BATHROOM SCALES RUBBER DUCKS,0.9635739988558,Long-Tail,Limit stock and avoid excessive local warehouse space
82011C,51,172.05,8,6.375,5.2898150116183515,3.6666666666666665,20,BATHROOM SCALES FOOTPRINTS IN SAND,0.8297749037832708,Long-Tail,Limit stock and avoid excessive local warehouse space
82095,68,356.11,6,11.333333333333334,8.524474568362947,5.251416666666667,30,HEART BUTTONS JEWELLERY BOX,0.752159520737907,Long-Tail,Limit stock and avoid excessive local warehouse space
82482,8767,22514.81,13,674.3846153846154,258.9454699550784,3.1205326544364613,1092,WOODEN PICTURE FRAME WHITE FINISH,0.38397297928778595,High-Revenue Priority,Prioritize inventory monitoring and avoid stockouts
82483,2284,14504.02,12,190.33333333333334,76.24998758072428,7.009704343774666,530,WOOD 2 DRAWER CABINET WHITE FINISH,0.4006128944696547,High-Revenue Priority,Prioritize inventory monitoring and avoid stockouts
82484,5996,35871.520000000004,13,461.2307692307692,284.9342479257726,8.411461682648305,682,WOOD BLACK BOARD ANT WHITE FINISH,0.617769383428126,High-Revenue Priority,Prioritize inventory monitoring and avoid stockouts
82486,2081,17888.47,13,160.07692307692307,46.90853074239542,9.17398246166653,594,WOOD S/3 CABINET ANT WHITE FINISH,0.2930374337583568,High-Revenue Priority,Prioritize inventory monitoring and avoid stockouts
82494L,6711,21071.89,13,516.2307692307693,269.8030620799036,3.525789433637189,964,WOODEN FRAME ANTIQUE WHITE,0.5226404123139244,High-Revenue Priority,Prioritize inventory monitoring and avoid stockouts
82551,2918,4542.889999999999,13,224.46153846153845,135.83238162321933,1.7717867016279008,351,LAUNDRY 15C METAL SIGN,0.6051476905763713,High-Revenue Priority,Prioritize inventory monitoring and avoid stockouts
82552,3012,4674.83,13,231.69230769230768,157.47083572066322,1.6841442781784068,364,WASHROOM METAL SIGN,0.6796550014504057,High-Revenue Priority,Prioritize inventory monitoring and avoid stockouts
82567,711,1408.07,13,54.69230769230769,18.272860638045593,2.057998468014305,291,"AIRLINE LOUNGE,METAL SIGN",0.3341029371231965,Regular,Maintain standard replenishment review
82578,2046,1211.25,13,157.3846153846154,70.90079743502945,0.7589775203010498,304,KITCHEN METAL SIGN,0.45049382534476184,High-Turnover Stable,Keep stable local warehouse inventory
82580,5592,3346.76,13,430.15384615384613,154.78309885871806,0.8364836969583667,627,BATHROOM METAL SIGN,0.3598319537130427,High-Revenue Priority,Prioritize inventory monitoring and avoid stockouts
82581,3870,2148.7400000000002,13,297.6923076923077,134.71042066557968,0.7330931202453728,403,TOILET METAL SIGN,0.45251562497481546,High-Turnover Stable,Keep stable local warehouse inventory
82582,4364,8856.69,13,335.6923076923077,140.71803048139958,2.3930571919474177,436,AREA PATROLLED METAL SIGN,0.41918753351471005,High-Revenue Priority,Prioritize inventory monitoring and avoid stockouts
82583,7234,16895.86,13,556.4615384615385,381.63171937192175,3.1816098084805153,608,HOT BATHS METAL SIGN,0.6858186828635586,High-Revenue Priority,Prioritize inventory monitoring and avoid stockouts
82599,508,1217.73,6,84.66666666666667,54.32003927342714,2.7162377525252523,141,FANNY'S REST STOPMETAL SIGN,0.6415752670089819,Regular,Maintain standard replenishment review
82600,5989,12782.78,13,460.6923076923077,264.5787168989551,2.516650286036987,544,NO SINGING METAL SIGN,0.5743067823821033,High-Revenue Priority,Prioritize inventory monitoring and avoid stockouts
82605,14,29.400000000000006,2,7.0,8.48528137423857,2.1,3,OLD DOC RUSSEL METAL SIGN,1.2121830534626528,Long-Tail,Limit stock and avoid excessive local warehouse space
82613A,72,94.84,8,9.0,9.812528434899654,1.4264583333333332,19,"METAL SIGN,CUPCAKE SINGLE HOOK",1.0902809372110727,Long-Tail,Limit stock and avoid excessive local warehouse space
82613B,587,510.18,13,45.15384615384615,70.09023488076656,1.723969159046082,115,"METAL SIGN,CUPCAKE SINGLE HOOK",1.5522539241055626,Regular,Maintain standard replenishment review
82613C,542,455.78000000000003,13,41.69230769230769,71.71515950316294,1.8039939668174962,100,"METAL SIGN,CUPCAKE SINGLE HOOK",1.7201053017363803,Regular,Maintain standard replenishment review
82613D,696,534.24,13,53.53846153846154,108.36021362767747,1.509646223146223,111,METAL SIGN CUPCAKE SINGLE HOOK,2.023969507413516,Regular,Maintain standard replenishment review
82615,36,91.8,1,36.0,0.0,2.55,1,PINK MARSHMALLOW SCARF KNITTING KIT,0.0,Long-Tail,Limit stock and avoid excessive local warehouse space
82616B,343,502.74,11,31.181818181818183,29.54934240154316,1.9846017316017317,73,FRAPPUCINO SCARF KNITTING KIT,0.9476465493206261,Regular,Maintain standard replenishment review
82616C,324,501.44,12,27.0,25.544969261000386,2.0374301016702976,85,MIDNIGHT GLAMOUR SCARF KNITTING KIT,0.9461099726296439,Regular,Maintain standard replenishment review
84006,918,848.6999999999999,13,70.61538461538461,87.03499148957128,1.0989338188693027,105,MAGIC TREE -PAPER FLOWERS,1.232521665974321,Regular,Maintain standard replenishment review
84012,1145,1181.99,13,88.07692307692308,104.40902063396433,1.8141153846153844,114,MAGIC SHEEP WOOL GROWING FROM PAPER,1.185429928595228,Regular,Maintain standard replenishment review
84016,27,12.16,2,13.5,16.263455967290593,0.625,2,FLAG OF ST GEORGE CAR FLAG,1.2047004420215255,Long-Tail,Limit stock and avoid excessive local warehouse space
84029E,4718,21961.73,13,362.9230769230769,579.1989384109835,6.1057050084321,427,RED WOOLLY HOTTIE WHITE HEART.,1.5959275539090263,High-Revenue Priority,Prioritize inventory monitoring and avoid stockouts
84029G,3311,16114.04,13,254.69230769230768,358.4286039123609,5.749310536398789,458,KNITTED UNION FLAG HOT WATER BOTTLE,1.407300468396464,High-Revenue Priority,Prioritize inventory monitoring and avoid stockouts
84030E,1605,7292.45,13,123.46153846153847,140.9619424907632,5.645592749083374,375,ENGLISH ROSE HOT WATER BOTTLE,1.1417478207974587,High-Revenue Priority,Prioritize inventory monitoring and avoid stockouts
84031A,431,1976.54,13,33.15384615384615,40.78571268194733,4.490723712561948,165,CHARLIE+LOLA RED HOT WATER BOTTLE,1.2301955101283417,Regular,Maintain standard replenishment review
84031B,304,1452.35,13,23.384615384615383,21.344548334170568,4.64366976639345,143,CHARLIE LOLA BLUE HOT WATER BOTTLE,0.9127602906059783,Regular,Maintain standard replenishment review
84032A,979,3314.1800000000003,13,75.3076923076923,83.8733018858252,3.4887690391503776,312,CHARLIE+LOLA PINK HOT WATER BOTTLE,1.1137414959302632,High-Revenue Priority,Prioritize inventory monitoring and avoid stockouts
84032B,912,2350.79,13,70.15384615384616,96.59524328682559,3.392561320755156,254,CHARLIE + LOLA RED HOT WATER BOTTLE,1.3769058801850138,Regular,Maintain standard replenishment review
84033,23,37.95,6,3.8333333333333335,4.167333280008532,1.6499999999999997,7,FLAG OF ST GEORGE,1.087130420871791,Long-Tail,Limit stock and avoid excessive local warehouse space
84050,3217,4733.73,12,268.0833333333333,267.3473934563021,2.0762106677198138,255,PINK HEART SHAPE EGG FRYING PAN,0.9972548092867968,High-Revenue Priority,Prioritize inventory monitoring and avoid stockouts
84051,281,215.20999999999998,11,25.545454545454547,38.11919106267508,0.9161363636363636,25,ASS COLOUR GLOWING TIARAS,1.492210326296889,Regular,Maintain standard replenishment review
84077,54711,13744.41,13,4208.538461538462,2547.438439406162,0.3161373713853114,531,WORLD WAR 2 GLIDERS ASSTD DESIGNS,0.6053024019352617,High-Revenue Priority,Prioritize inventory monitoring and avoid stockouts
84078A,386,15324.75,13,29.692307692307693,16.85914497330067,46.51496753246753,149,SET/4 WHITE RETRO STORAGE CUBES,0.5677950379609034,High-Revenue Priority,Prioritize inventory monitoring and avoid stockouts
84086B,16,47.2,6,2.6666666666666665,2.1602468994692865,2.9500000000000006,7,YELLOW/BLUE RETRO RADIO,0.8100925873009824,Long-Tail,Limit stock and avoid excessive local warehouse space
84086C,218,622.27,10,21.8,23.625786289090524,3.276608695652174,53,PINK/PURPLE RETRO RADIO,1.0837516646371799,Regular,Maintain standard replenishment review
84192,111,138.75,10,11.1,9.503800409426864,1.25,25,ASSORTED COLOUR METAL CAT,0.8561982350835012,Regular,Maintain standard replenishment review
84199,138,28.98,11,12.545454545454545,13.246611916740344,0.21,31,GLOW IN DARK DOLPHINS,1.0558893556822013,Regular,Maintain standard replenishment review
84201B,13,2.4699999999999998,2,6.5,7.7781745930520225,0.19,2,HAPPY BIRTHDAY CARD STRIPEY TEDDY,1.1966422450849266,Long-Tail,Limit stock and avoid excessive local warehouse space
84201C,5,0.95,1,5.0,0.0,0.19,1,HAPPY BIRTHDAY CARD TEDDY/CAKE,0.0,Long-Tail,Limit stock and avoid excessive local warehouse space
84206A,24,4.5600000000000005,2,12.0,8.48528137423857,0.19,3,3 BLACK CATS W HEARTS BLANK CARD,0.7071067811865475,Long-Tail,Limit stock and avoid excessive local warehouse space
84206B,5,0.95,1,5.0,0.0,0.19,1,CAT WITH SUNGLASSES BLANK CARD,0.0,Long-Tail,Limit stock and avoid excessive local warehouse space
84206C,8,1.52,2,4.0,1.4142135623730951,0.19,2,CHAMPAGNE TRAY BLANK CARD,0.3535533905932738,Long-Tail,Limit stock and avoid excessive local warehouse space
84212,10315,4934.87,13,793.4615384615385,525.0140657456419,0.8510826103720841,111,"ASSORTED FLOWER COLOUR ""LEIS""",0.6616755069988701,High-Revenue Priority,Prioritize inventory monitoring and avoid stockouts
84218,123,223.11,3,41.0,32.07802986469088,1.9033333333333333,41,BOX/12 CHICK & EGG IN BASKET,0.7823909723095337,Regular,Maintain standard replenishment review
84226,51,36.21,5,10.2,13.442470011125188,0.808,10,HEN HOUSE W FAMILY IN BARN & NEST,1.3178892167769793,Long-Tail,Limit stock and avoid excessive local warehouse space
84227,1,0.42,1,1.0,0.0,0.42,1,HEN HOUSE W CHICK IN NEST,0.0,Long-Tail,Limit stock and avoid excessive local warehouse space
84228,297,124.08999999999999,6,49.5,54.47476479985939,0.5297692307692308,27,HEN HOUSE W CHICK STANDING,1.1005002989870585,Regular,Maintain standard replenishment review
84231,108,72.63,5,21.6,14.976648490233053,0.7094,20,EASTER BUNNY WITH BASKET ON BACK,0.693363356029308,Regular,Maintain standard replenishment review
84247E,128,348.69,7,18.285714285714285,15.007934409441402,2.7326111111111113,47,PACK OF 12 CHRISTMAS FUN CARDS,0.8207464130163268,Regular,Maintain standard replenishment review
84247G,357,158.63,8,44.625,23.445605741192285,0.4948958333333333,32,"DECOUPAGE,GREETING CARD,",0.5253917252928243,Regular,Maintain standard replenishment review
84247K,22,64.9,7,3.142857142857143,3.9761191895520196,2.95,9,"FOLK ART GREETING CARD,PACK/12",1.265128833039279,Long-Tail,Limit stock and avoid excessive local warehouse space
84247L,128,62.059999999999995,4,32.0,40.39801975344831,0.7176666666666667,19,FAWN AND MUSHROOM GREETING CARD,1.2624381172952597,Regular,Maintain standard replenishment review
84247N,22,64.9,9,2.4444444444444446,1.0137937550497034,2.9500000000000006,18,PACK/12 BLUE FOLKART CARDS,0.41473380888396955,Long-Tail,Limit stock and avoid excessive local warehouse space
84249A,174,80.46,13,13.384615384615385,15.190668525657792,0.7038461538461539,27,"GREETING CARD,SQUARE, DOUGHNUTS",1.1349350047905247,Regular,Maintain standard replenishment review
84251B,233,68.5,10,23.3,17.543913157813133,0.40728333333333333,52,"GREETING CARD, STICKY GORDON",0.7529576462580744,Regular,Maintain standard replenishment review
84251C,127,53.88,8,15.875,29.887587007700322,0.6235185185185185,40,"GREETING CARD, TWO SISTERS.",1.882682646154351,Regular,Maintain standard replenishment review
84251G,270,74.7,11,24.545454545454547,20.39295778627336,0.4710349821746881,53,"GREETING CARD, OVERCROWDED POOL.",0.8308242061074331,Regular,Maintain standard replenishment review
84270,17,3.5700000000000003,1,17.0,0.0,0.21,4,ASSTD DESIGN BUBBLE GUM RING,0.0,Long-Tail,Limit stock and avoid excessive local warehouse space
84279B,186,752.2,5,37.2,20.30270917882636,4.532744891640867,67,CHERRY BLOSSOM DECORATIVE FLASK,0.5457717521189881,Regular,Maintain standard replenishment review
84279P,367,1528.21,13,28.23076923076923,15.341413701447934,4.9106479439364055,123,CHERRY BLOSSOM  DECORATIVE FLASK,0.5434288232120522,Regular,Maintain standard replenishment review
84306,10,88.22,2,5.0,2.8284271247461903,9.145,9,S/3 PINK SQUARE PLANTERS ROSES,0.565685424949238,Long-Tail,Limit stock and avoid excessive local warehouse space
84313B,127,518.61,5,25.4,19.844394674567425,5.351946666666667,39,BLUE TV TRAY TABLE,0.7812753808884814,Regular,Maintain standard replenishment review
84313C,504,1165.9099999999999,7,72.0,79.68479570574719,3.83406162464986,43,ORANGE TV TRAY TABLE,1.1067332736909332,Regular,Maintain standard replenishment review
84341B,645,282.38,7,92.14285714285714,97.58659158482203,0.7182993197278912,40,SMALL PINK MAGIC CHRISTMAS TREE,1.0590792885174485,Regular,Maintain standard replenishment review
84347,9461,26425.579999999998,13,727.7692307692307,1057.0661563849062,3.7347788864055165,449,ROTATING SILVER ANGELS T-LIGHT HLDR,1.4524743719483968,High-Revenue Priority,Prioritize inventory monitoring and avoid stockouts
84352,34,577.35,6,5.666666666666667,3.777124126457412,17.11759259259259,23,SILVER CHRISTMAS TREE BAUBLE STAND,0.6665513164336608,Long-Tail,Limit stock and avoid excessive local warehouse space
84356,424,2124.15,13,32.61538461538461,27.560655717702794,6.223775303643725,82,POMPOM CURTAIN,0.8450201045522083,Regular,Maintain standard replenishment review
84358,33,312.7,8,4.125,2.5877458475338284,9.90625,13,FLOOR LAMP SHADE WOOD BASE,0.6273323266748675,Long-Tail,Limit stock and avoid excessive local warehouse space
84360,78,434.12,10,7.8,12.136263382478516,6.464166666666666,20,TABLE LAMP WHITE SHADE WOOD BASE,1.555931202881861,Long-Tail,Limit stock and avoid excessive local warehouse space
84375,4298,9355.85,13,330.61538461538464,189.56245165359908,2.511702943911842,515,SET OF 20 KIDS COOKIE CUTTERS,0.573362464284967,High-Revenue Priority,Prioritize inventory monitoring and avoid stockouts
84378,6308,8488.4,13,485.2307692307692,372.2416674344222,1.63097405384266,684,SET OF 3 HEART COOKIE CUTTERS,0.767143575879437,High-Revenue Priority,Prioritize inventory monitoring and avoid stockouts
84380,5748,8089.81,13,442.15384615384613,150.4830257060278,1.7154494140788066,683,SET OF 3 BUTTERFLY COOKIE CUTTERS,0.34034087233444005,High-Revenue Priority,Prioritize inventory monitoring and avoid stockouts
84387A,11,21.45,1,11.0,0.0,1.95,1,BIRD ON BRANCH CANVAS SCREEN,0.0,Long-Tail,Limit stock and avoid excessive local warehouse space
84388,24,13.14,3,8.0,11.269427669584644,1.2299999999999998,6,WISE MAN STAR SHAPE EGG PAN,1.4086784586980805,Long-Tail,Limit stock and avoid excessive local warehouse space
84402B,61,48.19,1,61.0,0.0,0.79,3,PURPLE DRESS JEWELLERY STAND,0.0,Long-Tail,Limit stock and avoid excessive local warehouse space
84406B,1987,7536.97,13,152.84615384615384,108.3919170985904,4.437678484228884,282,CREAM CUPID HEARTS COAT HANGER,0.7091569815207223,High-Revenue Priority,Prioritize inventory monitoring and avoid stockouts
84415A,12,15.0,1,12.0,0.0,1.25,2,PINK FLOCK SUEDE CUSHION COVER,0.0,Long-Tail,Limit stock and avoid excessive local warehouse space
84415B,8,20.0,3,2.6666666666666665,1.1547005383792517,2.9166666666666665,3,BLUE FLOCK CUSHION COVER,0.4330127018922194,Long-Tail,Limit stock and avoid excessive local warehouse space
84422,566,244.17000000000002,8,70.75,186.04281381291935,1.0808333333333333,15,PINK/BLUE DISC/MIRROR STRING,2.6295804072497435,Regular,Maintain standard replenishment review
84429A,54,182.5,12,4.5,4.358898943540674,3.9561111111111114,21,MEDIUM PINK BUDDHA HEAD,0.9686442096757053,Long-Tail,Limit stock and avoid excessive local warehouse space
84452,74,62.9,4,18.5,5.066228051190222,0.85,16,METAL RABBIT LADDER EASTER,0.27385016492920117,Long-Tail,Limit stock and avoid excessive local warehouse space
84457,126,112.56,7,18.0,19.6468827043885,1.0264285714285715,26,SET/3 RABBITS FLOWER SKIPPPING ROPE,1.0914934835771388,Regular,Maintain standard replenishment review
84459A,680,1004.5400000000001,10,68.0,95.57545012536778,2.3154541980894923,89,PINK METAL CHICKEN HEART,1.4055213253730556,Regular,Maintain standard replenishment review
84459B,721,1079.67,5,144.2,103.04222435487308,2.0883853238265004,91,YELLOW METAL CHICKEN HEART,0.7145785322806734,Regular,Maintain standard replenishment review
84461,35,89.25,4,8.75,9.673847907287636,2.55,13,12 PINK HEN+CHICKS IN BASKET,1.1055826179757298,Long-Tail,Limit stock and avoid excessive local warehouse space
84462,12,15.0,4,3.0,1.632993161855452,1.25,6,3 PINK HEN+CHICKS IN BASKET,0.5443310539518174,Long-Tail,Limit stock and avoid excessive local warehouse space
84465,10,29.500000000000004,4,2.5,2.3804761428476167,2.95,7,15 PINK FLUFFY CHICKS IN BOX,0.9521904571390467,Long-Tail,Limit stock and avoid excessive local warehouse space
84466,46,57.5,6,7.666666666666667,11.16542281629615,1.25,10,TOP SECRET PEN SET,1.4563594977777587,Long-Tail,Limit stock and avoid excessive local warehouse space
84497,13,48.75,5,2.6,2.073644135332772,3.75,7,BUTTONS AND STRIPES NOTEBOOK,0.7975554366664507,Long-Tail,Limit stock and avoid excessive local warehouse space
84499,7,5.949999999999999,2,3.5,3.5355339059327378,0.85,2,BLACK FLOWER CANDLE PLATE,1.0101525445522108,Long-Tail,Limit stock and avoid excessive local warehouse space
84507B,39,118.73,9,4.333333333333333,2.8284271247461903,3.10787037037037,22,STRIPES DESIGN MONKEY DOLL,0.6527139518645055,Long-Tail,Limit stock and avoid excessive local warehouse space
84507C,60,160.43,9,6.666666666666667,4.582575694955841,2.732222222222222,27,BLUE CIRCLES DESIGN MONKEY DOLL,0.6873863542433761,Long-Tail,Limit stock and avoid excessive local warehouse space
84508A,1631,3448.05,10,163.1,119.7640736336792,2.41125,36,CAMOUFLAGE DESIGN TEDDY,0.734298428164802,High-Revenue Priority,Prioritize inventory monitoring and avoid stockouts
84508B,56,142.8,11,5.090909090909091,2.3432688900143517,2.55,30,STRIPES DESIGN TEDDY,0.46028496053853335,Long-Tail,Limit stock and avoid excessive local warehouse space
84508C,56,154.95,12,4.666666666666667,4.923659639173309,3.190138888888889,25,BLUE CIRCLES DESIGN TEDDY,1.0550699226799947,Long-Tail,Limit stock and avoid excessive local warehouse space
84509A,992,4163.12,13,76.3076923076923,48.451667696417864,5.370965593879655,296,SET OF 4 ENGLISH ROSE PLACEMATS,0.6349512903764438,High-Revenue Priority,Prioritize inventory monitoring and avoid stockouts
84509B,222,843.34,13,17.076923076923077,13.847150961247939,4.095513935340022,83,SET OF 4 FAIRY CAKE PLACEMATS,0.8108692004334379,Regular,Maintain standard replenishment review
84509C,173,821.16,13,13.307692307692308,8.596361782605237,5.569976495726495,78,SET OF 4 POLKADOT PLACEMATS,0.645969382507908,Regular,Maintain standard replenishment review
84509E,91,183.45,9,10.11111111111111,9.930312739844155,3.6470987654320988,23,SET OF 4 CAROUSEL PLACEMATS,0.9821188424021692,Long-Tail,Limit stock and avoid excessive local warehouse space
84509G,519,965.4100000000001,12,43.25,69.15480000431181,3.4973565323565325,68,SET OF 4 FAIRY CAKE PLACEMATS,1.5989549133944927,Regular,Maintain standard replenishment review
84510A,1249,1760.8,13,96.07692307692308,42.214652942751094,1.8289941060362005,279,SET OF 4 ENGLISH ROSE COASTERS,0.4393838977227896,Regular,Maintain standard replenishment review
84510C,172,310.03000000000003,13,13.23076923076923,9.211893093114703,1.9590135718981871,77,SET OF 4 POLKADOT COASTERS,0.6962477337819253,Regular,Maintain standard replenishment review
84510E,35,50.75,11,3.1818181818181817,2.7136021011998728,1.7298484848484847,17,SET OF 4 GREEN CAROUSEL COASTERS,0.8528463746628172,Long-Tail,Limit stock and avoid excessive local warehouse space
84519A,512,905.55,13,39.38461538461539,31.07662160300585,2.8528076923076924,88,TOMATO CHARLIE+LOLA COASTER SET,0.7890548453888204,Regular,Maintain standard replenishment review
84519B,471,773.3,13,36.23076923076923,28.446305694980985,2.6434373034373033,126,CARROT CHARLIE+LOLA COASTER SET,0.7851421954028721,Regular,Maintain standard replenishment review
84520B,554,508.37,4,138.5,126.46343345014795,1.084935665330402,80,PACK 20 ENGLISH ROSE PAPER NAPKINS,0.9130933823115375,Regular,Maintain standard replenishment review
84522,20,36.76,8,2.5,2.0,1.878,12,PINK PARTY SUNGLASSES,0.8,Long-Tail,Limit stock and avoid excessive local warehouse space
84527,52,95.09999999999998,6,8.666666666666666,10.4626319187223,2.2616666666666667,8,FLAMES SUNGLASSES PINK LENSES,1.2072267598525732,Long-Tail,Limit stock and avoid excessive local warehouse space
84531A,147,76.69,4,36.75,43.161518354509575,1.1883333333333332,29,PINK KNITTED EGG COSY,1.174463084476451,Regular,Maintain standard replenishment review
84531B,155,85.61,4,38.75,40.74616546375867,1.208125,28,BLUE KNITTED EGG COSY,1.0515139474518367,Regular,Maintain standard replenishment review
84534B,55,54.04,2,27.5,37.476659402887016,1.107727272727273,12,FAIRY CAKE NOTEBOOK A5 SIZE,1.362787614650437,Long-Tail,Limit stock and avoid excessive local warehouse space
84535A,399,186.56,3,133.0,208.9282173379173,0.6773611111111112,21,ENGLISH ROSE NOTEBOOK A6 SIZE,1.5708888521647917,Regular,Maintain standard replenishment review
84535B,1332,850.2,13,102.46153846153847,79.94437168495706,0.909703663003663,155,FAIRY CAKES NOTEBOOK A6 SIZE,0.7802378617901214,Regular,Maintain standard replenishment review
84536A,3120,1407.52,13,240.0,131.0387983257885,0.5515653055914091,344,ENGLISH ROSE NOTEBOOK A7 SIZE,0.5459949930241187,High-Turnover Stable,Keep stable local warehouse inventory
84536B,2059,872.03,13,158.3846153846154,161.21648926290513,0.5733367746483851,177,FAIRY CAKES NOTEBOOK A7 SIZE,1.0178797282262102,High-Turnover Stable,Keep stable local warehouse inventory
84539,26,42.9,2,13.0,4.242640687119285,1.65,2,KNITTED RABBIT DOLL,0.32635697593225266,Long-Tail,Limit stock and avoid excessive local warehouse space
84548,22,36.3,3,7.333333333333333,5.507570547286102,1.6499999999999997,4,CROCHET BEAR RED/BLUE  KEYRING,0.7510323473571958,Long-Tail,Limit stock and avoid excessive local warehouse space
84549,38,69.38,6,6.333333333333333,9.070097390142328,2.5733333333333337,7,CROCHET WHITE RABBIT KEYRING,1.4321206405487887,Long-Tail,Limit stock and avoid excessive local warehouse space
84550,1,1.65,1,1.0,0.0,1.65,1,CROCHET LILAC/RED BEAR KEYRING,0.0,Long-Tail,Limit stock and avoid excessive local warehouse space
84551,13,21.45,2,6.5,7.7781745930520225,1.65,2,CROCHET DOG KEYRING,1.1966422450849266,Long-Tail,Limit stock and avoid excessive local warehouse space
84558A,338,1016.72,12,28.166666666666668,23.001317485322573,3.256837301587302,86,3D DOG PICTURE PLAYING CARDS,0.816614821964115,Regular,Maintain standard replenishment review
84559A,426,423.99,13,32.76923076923077,21.16267880867104,1.2445755616932088,116,3D SHEET OF DOG STICKERS,0.6458094472129661,Regular,Maintain standard replenishment review
84559B,260,255.62,12,21.666666666666668,19.60210254647252,1.0972777777777778,75,3D SHEET OF CAT STICKERS,0.9047124252218085,Regular,Maintain standard replenishment review
84562A,3,23.85,2,1.5,0.7071067811865476,7.95,3,PINK/WHITE RIBBED MELAMINE JUG,0.47140452079103173,Long-Tail,Limit stock and avoid excessive local warehouse space
84563A,96,369.84000000000003,6,16.0,13.2664991614216,5.873562091503268,35,PINK & WHITE BREAKFAST TRAY,0.82915619758885,Long-Tail,Limit stock and avoid excessive local warehouse space
84563B,94,346.3,7,13.428571428571429,11.487052753094718,4.398534798534799,38,BLUE & WHITE BREAKFAST TRAY,0.8554188220389684,Long-Tail,Limit stock and avoid excessive local warehouse space
84568,12442,2678.33,13,957.0769230769231,1052.070455620603,0.38820173727238944,147,GIRLS ALPHABET IRON ON PATCHES,1.0992538115309307,High-Turnover Volatile,Monitor closely and replenish in smaller batches
84569A,294,355.84,13,22.615384615384617,12.678975126421308,1.4441236802413273,65,PACK 3 IRON ON DOG PATCHES,0.5606349545696496,Regular,Maintain standard replenishment review
84569B,85,118.4,4,21.25,11.324751652906125,1.760892857142857,19,PACK 3 FIRE ENGINE/CAR PATCHES,0.5329294895485235,Long-Tail,Limit stock and avoid excessive local warehouse space
84569C,1,1.25,1,1.0,0.0,1.25,1,PACK 4 FLOWER/BUTTERFLY PATCHES,0.0,Long-Tail,Limit stock and avoid excessive local warehouse space
84569D,467,560.62,13,35.92307692307692,30.00961384418205,1.6885030525030527,98,PACK 6 HEART/ICE-CREAM PATCHES,0.8353853960907209,Regular,Maintain standard replenishment review
84575A,14,39.3,3,4.666666666666667,5.507570547286102,4.616666666666666,4,PINK DOG CANNISTER,1.1801936887041646,Long-Tail,Limit stock and avoid excessive local warehouse space
84576,66,148.32,4,16.5,10.082988974836116,2.7246785714285715,17,BLUE CAT BISCUIT BARREL PINK HEART,0.6110902408991585,Long-Tail,Limit stock and avoid excessive local warehouse space
84580,389,1482.43,13,29.923076923076923,17.466451359017466,3.8439525890775887,165,MOUSE TOY WITH PINK T-SHIRT,0.5837117420751338,Regular,Maintain standard replenishment review
84581,187,709.71,13,14.384615384615385,10.71244184378194,3.8541488903253605,90,DOG TOY WITH PINK CROCHET SKIRT,0.7447152083912578,Regular,Maintain standard replenishment review
84584,144,314.51,8,18.0,16.681897802279998,2.5650416666666667,30,PINK GINGHAM CAT WITH SCARF,0.9267721001266666,Regular,Maintain standard replenishment review
84592,76,241.24,10,7.6,4.1952353926806065,3.7073333333333336,22,CROCHET ROSE PURSE WITH SUEDE BACK,0.5520046569316588,Long-Tail,Limit stock and avoid excessive local warehouse space
84593,5,14.750000000000002,1,5.0,0.0,2.95,1,CROCHET ROSE DES CLOTHES HANGER,0.0,Long-Tail,Limit stock and avoid excessive local warehouse space
84595E,78,154.67999999999998,7,11.142857142857142,18.479074394465503,3.11421768707483,22,LARGE TORTILLA DESIGN RED BOWL,1.6583784712981862,Long-Tail,Limit stock and avoid excessive local warehouse space
84596B,5014,2558.27,13,385.6923076923077,220.37142306243817,0.756545941278476,526,SMALL DOLLY MIX DESIGN ORANGE BOWL,0.5713658755109087,High-Turnover Stable,Keep stable local warehouse inventory
84596E,574,436.78000000000003,5,114.8,65.52633058549823,1.100504018667358,85,SMALL LICORICE DES PINK BOWL,0.5707868517900543,Regular,Maintain standard replenishment review
84596F,3732,1976.26,13,287.0769230769231,161.65779780061212,0.8012492277785022,446,SMALL MARSHMALLOWS PINK BOWL,0.5631166590053477,High-Turnover Stable,Keep stable local warehouse inventory
84596G,1858,956.46,13,142.92307692307693,98.2441359899422,0.7301763331334062,246,SMALL CHOCOLATES PINK BOWL,0.6873916942245686,Regular,Maintain standard replenishment review
84596J,568,296.45000000000005,6,94.66666666666667,105.66677181908543,1.0466812169312167,68,MIXED NUTS LIGHT GREEN BOWL,1.1161982938635784,Regular,Maintain standard replenishment review
84596L,1255,631.84,10,125.5,108.12775365793517,0.8207350574411993,173,BISCUITS SMALL BOWL LIGHT BLUE,0.8615757263580492,Regular,Maintain standard replenishment review
84597B,41,51.25,5,8.2,5.215361924162119,1.25,5,RETRO BROWN BALL ASHTRAY,0.636019746849039,Long-Tail,Limit stock and avoid excessive local warehouse space
84597C,46,57.5,7,6.571428571428571,7.546680127869536,1.25,13,RETRO PINK BALL ASHTRAY,1.1484078455453641,Long-Tail,Limit stock and avoid excessive local warehouse space
84598,1687,485.56,13,129.76923076923077,142.29438607229838,0.3712884615384615,98,BOYS ALPHABET IRON ON PATCHES,1.0965186834261285,Regular,Maintain standard replenishment review
84600,53,446.89,11,4.818181818181818,4.445631154699675,9.966969696969697,25,NEW BAROQUE JEWELLERY BOX,0.9226781641829513,Long-Tail,Limit stock and avoid excessive local warehouse space
84609,93,770.59,8,11.625,10.901343298616263,9.623645833333333,20,TALL ROCOCO CANDLE HOLDER,0.9377499611712914,Long-Tail,Limit stock and avoid excessive local warehouse space
84613A,6,27.9,3,2.0,1.0,4.65,3,PINK NEW BAROQUE FLOCK CANDLESTICK,0.5,Long-Tail,Limit stock and avoid excessive local warehouse space
84613C,1,4.65,1,1.0,0.0,4.65,1,BLUE NEW BAROQUE FLOCK CANDLESTICK,0.0,Long-Tail,Limit stock and avoid excessive local warehouse space
84614A,2,11.9,1,2.0,0.0,5.95,1,PINK BAROQUE FLOCK CANDLE HOLDER,0.0,Long-Tail,Limit stock and avoid excessive local warehouse space
84616,12,444.42,5,2.4,2.1908902300206643,40.34133333333334,8,SILVER ROCCOCO CHANDELIER,0.9128709291752768,Long-Tail,Limit stock and avoid excessive local warehouse space
84617,3,38.25,3,1.0,0.0,12.75,3,NEW BAROQUE BLACK BOXES,0.0,Long-Tail,Limit stock and avoid excessive local warehouse space
84620,2,11.9,1,2.0,0.0,5.95,1,BLUE GINGHAM ROSE CUSHION COVER,0.0,Long-Tail,Limit stock and avoid excessive local warehouse space
84625A,478,605.48,12,39.833333333333336,30.53413390507963,2.252337606837607,42,PINK NEW BAROQUECANDLESTICK CANDLE,0.7665472946881915,Regular,Maintain standard replenishment review
84625C,449,536.41,10,44.9,31.342020072455803,2.1499030303030304,35,BLUE NEW BAROQUE CANDLESTICK CANDLE,0.6980405361348732,Regular,Maintain standard replenishment review
84629,19,145.05,3,6.333333333333333,8.386497083606084,16.283333333333335,9,WHITE 3 FRAME BIRDS AND TREE,1.324183750043066,Long-Tail,Limit stock and avoid excessive local warehouse space
84631,38,324.68,6,6.333333333333333,5.202563470700446,8.867962962962963,23,FRUIT TREE AND BIRDS WALL PLAQUE,0.8214573901105968,Long-Tail,Limit stock and avoid excessive local warehouse space
84632,5,299.75,3,1.6666666666666667,0.5773502691896257,59.95000000000001,4,DECORATIVE HANGING SHELVING UNIT,0.3464101615137754,Long-Tail,Limit stock and avoid excessive local warehouse space
84637,116,619.59,10,11.6,6.850790708621402,5.7839125000000005,83,KITCHEN FLOWER POTS WALL PLAQUE,0.5905854059156381,Regular,Maintain standard replenishment review
84638,50,331.5,10,5.0,3.9157800414902435,6.712000000000001,37,SMALL KITCHEN FLOWER POTS PLAQUE,0.7831560082980487,Long-Tail,Limit stock and avoid excessive local warehouse space
84658,57,412.23,9,6.333333333333333,3.427827300200522,7.183259259259259,22,WHITE STITCHED CUSHION COVER,0.5412358895053456,Long-Tail,Limit stock and avoid excessive local warehouse space
84659A,280,676.27,12,23.333333333333332,18.4456613934666,2.4942165071770335,89,WHITE TRAVEL ALARM CLOCK,0.790528345434283,Regular,Maintain standard replenishment review
84660A,847,813.29,9,94.11111111111111,119.69799961198646,2.7989814814814817,44,WHITE STITCHED WALL CLOCK,1.2718795708475539,Regular,Maintain standard replenishment review
84660B,709,748.36,10,70.9,76.84681732728646,3.116611111111111,42,BLACK STITCHED WALL CLOCK,1.0838761259137724,Regular,Maintain standard replenishment review
84660C,679,828.24,10,67.9,90.90953989788115,4.612465367965368,61,PINK STITCHED WALL CLOCK,1.338873930749354,Regular,Maintain standard replenishment review
84661A,105,172.75,9,11.666666666666666,19.931131427994746,3.3055555555555554,21,WHITE SQUARE TABLE CLOCK,1.7083826938281212,Regular,Maintain standard replenishment review
84661B,116,305.2,9,12.88888888888889,14.970341048590413,3.911539682539682,30,BLACK SQUARE TABLE CLOCK,1.1614919779078767,Regular,Maintain standard replenishment review
84661C,71,104.84,5,14.2,20.68090907092819,3.3574999999999995,14,PINK SQUARE TABLE CLOCK,1.4564020472484642,Long-Tail,Limit stock and avoid excessive local warehouse space
84663A,272,374.12,10,27.2,54.66829265874527,3.974,34,GRASS HOPPER WOODEN WALL CLOCK,2.0098637006891646,Regular,Maintain standard replenishment review
84665,89,529.55,8,11.125,8.708575412447534,5.95,16,SQUARE CHERRY BLOSSOM CABINET,0.7827932955009019,Long-Tail,Limit stock and avoid excessive local warehouse space
84666,24,94.80000000000001,3,8.0,3.4641016151377544,3.9500000000000006,4,SQUARE CHERRY BLOSSOM CABINET,0.4330127018922193,Long-Tail,Limit stock and avoid excessive local warehouse space
84673A,92,63.72,11,8.363636363636363,10.337047230933283,0.6644117647058824,43,PINK FLY SWAT,1.2359512993507187,Long-Tail,Limit stock and avoid excessive local warehouse space
84673B,179,156.63,12,14.916666666666666,15.042112601464975,0.9607870370370369,66,BLUE FLY SWAT,1.0084097833384342,Regular,Maintain standard replenishment review
84674,189,455.15000000000003,12,15.75,14.765592682744815,3.2237777777777783,46,FLYING PIG WATERING CAN,0.9374979481107819,Regular,Maintain standard replenishment review
84675,9,26.55,1,9.0,0.0,2.95,2,FROG KING WATERING CAN,0.0,Long-Tail,Limit stock and avoid excessive local warehouse space
84678,142,247.04,4,35.5,15.154757228892407,2.708333333333333,13,CLASSICAL ROSE SMALL VASE,0.42689456982795515,Regular,Maintain standard replenishment review
84679,6,55.7,2,3.0,1.4142135623730951,11.95,2,CLASSICAL ROSE TABLE LAMP,0.47140452079103173,Long-Tail,Limit stock and avoid excessive local warehouse space
84683,194,162.20000000000002,4,48.5,22.06807649071391,1.3685416666666668,12,CLASSICAL ROSE CANDLESTAND,0.4550118864064724,Regular,Maintain standard replenishment review
84685,33,173.58,4,8.25,4.9916597106239795,5.497428571428571,20,BEACH HUT KEY CABINET,0.6050496618938157,Long-Tail,Limit stock and avoid excessive local warehouse space
84686,49,66.39,4,12.25,19.311050377094116,3.385,8,BEACH HUT MIRROR,1.5764122756811523,Long-Tail,Limit stock and avoid excessive local warehouse space
84687,79,492.53000000000003,9,8.777777777777779,7.172478263783337,7.999555555555556,30,BEACH HUT SHELF W 3 DRAWERS,0.8171177768867093,Long-Tail,Limit stock and avoid excessive local warehouse space
84688,40,198.82,5,8.0,4.0,6.095000000000001,14,BEACH HUT DESIGN BLACKBOARD,0.5,Long-Tail,Limit stock and avoid excessive local warehouse space
84689,3,9.95,2,1.5,0.7071067811865476,3.975,2,S/2 BEACH HUT TREASURE CHESTS,0.47140452079103173,Long-Tail,Limit stock and avoid excessive local warehouse space
84691,242,174.5,4,60.5,39.0,0.7525,4,PACK 20 DOLLY PEGS,0.6446280991735537,Regular,Maintain standard replenishment review
84692,7903,4327.38,13,607.9230769230769,186.98817321712335,0.6855024015281129,583,BOX OF 24 COCKTAIL PARASOLS,0.30758525266640563,High-Revenue Priority,Prioritize inventory monitoring and avoid stockouts
84705C,12,15.0,1,12.0,0.0,1.25,1,PINK FLOCK PHOTO FRAME,0.0,Long-Tail,Limit stock and avoid excessive local warehouse space
84706D,8,29.599999999999998,2,4.0,2.8284271247461903,5.449999999999999,4,CHERRY BLOSSOM TABLE CLOCK,0.7071067811865476,Long-Tail,Limit stock and avoid excessive local warehouse space
84706F,16,47.2,4,4.0,1.632993161855452,2.95,10,RED PEONY TABLE CLOCK,0.408248290463863,Long-Tail,Limit stock and avoid excessive local warehouse space
84707A,95,695.23,12,7.916666666666667,10.474717035304437,12.599097222222222,45,SILVER JEWELLED MIRROR TRINKET TRAY,1.3231221518279288,Long-Tail,Limit stock and avoid excessive local warehouse space
84707B,34,210.55,7,4.857142857142857,4.947341758580103,8.712952380952382,18,PINK JEWELLED MIRROR TRINKET TRAY,1.0185703620606097,Long-Tail,Limit stock and avoid excessive local warehouse space
84708B,62,326.35,10,6.2,3.7653389990514503,5.7177,19,PINK JEWELLED PHOTO FRAME,0.607312741782492,Long-Tail,Limit stock and avoid excessive local warehouse space
84709B,20,119.0,6,3.3333333333333335,1.7511900715418265,5.95,11,PINK OVAL JEWELLED MIRROR,0.5253570214625479,Long-Tail,Limit stock and avoid excessive local warehouse space
84711A,25,221.8,10,2.5,2.3687784005919825,10.541,17,SILVER OVAL SHAPE TRINKET BOX,0.947511360236793,Long-Tail,Limit stock and avoid excessive local warehouse space
84711B,20,186.64,9,2.2222222222222223,1.6414763002993509,9.492222222222221,13,PINK OVAL SHAPE TRINKET BOX,0.7386643351347079,Long-Tail,Limit stock and avoid excessive local warehouse space
84712B,30,231.56,10,3.0,2.0548046676563256,7.743266666666666,20,PINK JEWELLED PHOTO FRAME,0.6849348892187752,Long-Tail,Limit stock and avoid excessive local warehouse space
84715,16,47.2,3,5.333333333333333,2.309401076758503,2.9500000000000006,3,SET OF 6 ICE CREAM SKITTLES,0.4330127018922193,Long-Tail,Limit stock and avoid excessive local warehouse space
84723,41,97.95,4,10.25,13.524668819112232,4.95,6,CHERRY BLOSSOM CANVAS ART PICTURE,1.3194798847914373,Long-Tail,Limit stock and avoid excessive local warehouse space
84725,41,39.65,7,5.857142857142857,10.270160197201916,1.6357142857142857,18,FREESTYLE CANVAS ART PICTURE,1.7534419848881322,Long-Tail,Limit stock and avoid excessive local warehouse space
84731,2,2.04,2,1.0,0.0,1.02,2,3 BIRDS CANVAS SCREEN,0.0,Long-Tail,Limit stock and avoid excessive local warehouse space
84732B,22,8.58,2,11.0,12.727922061357855,0.39,2,CUTE BIRD CEATURE SCREEN,1.1570838237598051,Long-Tail,Limit stock and avoid excessive local warehouse space
84732D,11,4.29,2,5.5,4.949747468305833,0.39,2,CUTE RABBIT CEATURE SCREEN,0.899954085146515,Long-Tail,Limit stock and avoid excessive local warehouse space
84741C,60,117.0,4,15.0,10.739335795724674,1.95,14,CITRUS GARLAND FELT FLOWERS,0.7159557197149783,Long-Tail,Limit stock and avoid excessive local warehouse space
84743C,1,1.25,1,1.0,0.0,1.25,1,ORANGE FELT VASE + FLOWERS,0.0,Long-Tail,Limit stock and avoid excessive local warehouse space
84744,110,140.01999999999998,9,12.222222222222221,12.940032629187781,1.285,20,S/6 SEW ON CROCHET FLOWERS,1.0587299423880914,Regular,Maintain standard replenishment review
84745A,32,13.440000000000001,3,10.666666666666666,5.033222956847166,0.42,5,PINK HANGING GINGHAM EASTER HEN,0.47186465220442186,Long-Tail,Limit stock and avoid excessive local warehouse space
84745B,32,13.440000000000001,3,10.666666666666666,5.033222956847166,0.42,5,BLUE HANGING GINGHAM EASTER HEN,0.47186465220442186,Long-Tail,Limit stock and avoid excessive local warehouse space
84746,14,38.31,2,7.0,5.656854249492381,2.540625,9,PINK EASTER HENS+FLOWER,0.8081220356417687,Long-Tail,Limit stock and avoid excessive local warehouse space
84748,204,570.86,9,22.666666666666668,35.67562192870644,4.415437037037037,61,FOLK FELT HANGING MULTICOL GARLAND,1.573924496854696,Regular,Maintain standard replenishment review
84750B,61,54.99,4,15.25,18.409689477736084,1.56,12,BLACK SMALL GLASS CAKE STAND,1.2071927526384316,Long-Tail,Limit stock and avoid excessive local warehouse space
84751B,17,37.11,4,4.25,3.304037933599835,3.01,8,BLACK MEDIUM GLASS CAKE STAND,0.7774206902587847,Long-Tail,Limit stock and avoid excessive local warehouse space
84754,414,572.88,9,46.0,75.38567503179898,1.9786596119929452,61,S/15 SILVER GLASS BAUBLES IN BAG,1.6388190224304127,Regular,Maintain standard replenishment review
84755,16368,10465.6,13,1259.076923076923,800.3164438248226,0.7414770607033314,618,COLOUR GLASS T-LIGHT HOLDER HANGING,0.6356374492743582,High-Revenue Priority,Prioritize inventory monitoring and avoid stockouts
84760S,43,62.349999999999994,5,8.6,4.33589667773576,1.45,8,SMALL HANGING GLASS+ZINC LANTERN,0.5041740322948558,Long-Tail,Limit stock and avoid excessive local warehouse space
84763,601,748.3400000000001,6,100.16666666666667,66.10421065761747,1.4129761904761906,57,ZINC FINISH 15CM PLANTER POTS,0.6599422029046669,Regular,Maintain standard replenishment review
84766,132,305.4,6,22.0,26.743223440714846,4.283333333333334,12,SILVER ROCOCO CANDLE STICK,1.2156010654870384,Regular,Maintain standard replenishment review
84773,3,8.850000000000001,1,3.0,0.0,2.95,1,RED ROSE AND LACE C/COVER,0.0,Long-Tail,Limit stock and avoid excessive local warehouse space
84789,186,640.72,7,26.571428571428573,19.940387348771527,3.9174761904761906,48,ENCHANTED BIRD PLANT CAGE,0.7504446851688209,Regular,Maintain standard replenishment review
84792,833,3974.32,13,64.07692307692308,30.117717760098007,5.552078781550275,241,ENCHANTED BIRD COATHANGER 5 HOOK,0.470024406820257,High-Revenue Priority,Prioritize inventory monitoring and avoid stockouts
84795B,192,1657.42,11,17.454545454545453,15.286357554130653,11.247753246753247,62,SUNSET CHECK HAMMOCK,0.8757809015387354,Regular,Maintain standard replenishment review
84795C,2,15.9,1,2.0,0.0,7.95,1,OCEAN STRIPE HAMMOCK,0.0,Long-Tail,Limit stock and avoid excessive local warehouse space
84796A,78,709.24,8,9.75,10.68710838881527,9.732797619047618,55,PINK HAWAIIAN PICNIC HAMPER FOR 2,1.0961136809041303,Long-Tail,Limit stock and avoid excessive local warehouse space
84796B,256,2393.5899999999997,10,25.6,24.581836112598804,12.852089082214082,124,BLUE SAVANNAH PICNIC HAMPER FOR 2,0.9602279731483907,Regular,Maintain standard replenishment review
84798A,23,58.64999999999999,3,7.666666666666667,1.1547005383792517,2.55,4,PINK FOXGLOVE ARTIIFCIAL FLOWER,0.15061311370164152,Long-Tail,Limit stock and avoid excessive local warehouse space
84798B,11,28.049999999999997,2,5.5,2.1213203435596424,2.55,3,PURPLE FOXGLOVE ARTIIFCIAL FLOWER,0.385694607919935,Long-Tail,Limit stock and avoid excessive local warehouse space
84799,176,140.32,5,35.2,37.218275080933026,1.084,9,SPRIG LAVENDER ARTIFICIAL FLOWER,1.057337360253779,Regular,Maintain standard replenishment review
84800L,336,598.8000000000001,7,48.0,30.708305065568176,1.961309523809524,21,LARGE WHITE/PINK ROSE ART FLOWER,0.6397563555326703,Regular,Maintain standard replenishment review
84800M,127,174.31,6,21.166666666666668,16.845375230806425,1.5383333333333333,11,MEDIUM WHITE/PINK ROSE ART FLOWER,0.7958444990932169,Regular,Maintain standard replenishment review
84800S,107,120.07,6,17.833333333333332,14.372427306014341,1.1866666666666668,9,SMALL WHITE/PINK ROSE ART FLOWER,0.8059305031409911,Regular,Maintain standard replenishment review
84801A,46,96.60000000000001,5,9.2,3.03315017762062,2.1,5,PINK HYDRANGEA ART FLOWER,0.3296902366978935,Long-Tail,Limit stock and avoid excessive local warehouse space
84801B,22,46.2,3,7.333333333333333,4.163331998932265,2.1,3,WHITE HYDRANGEA ART FLOWER,0.5677270907634907,Long-Tail,Limit stock and avoid excessive local warehouse space
84802A,2,3.38,1,2.0,0.0,1.69,1,WHITE ANEMONE ARTIFICIAL FLOWER,0.0,Long-Tail,Limit stock and avoid excessive local warehouse space
84802B,4,6.76,1,4.0,0.0,1.69,1,PURPLE ANEMONE ARTIFICIAL FLOWER,0.0,Long-Tail,Limit stock and avoid excessive local warehouse space
84803A,3,5.07,1,3.0,0.0,1.69,1,PINK ALLIUM  ARTIFICIAL FLOWER,0.0,Long-Tail,Limit stock and avoid excessive local warehouse space
84803B,17,28.73,2,8.5,9.192388155425117,1.69,4,WHITE ALLIUM  ARTIFICIAL FLOWER,1.0814574300500137,Long-Tail,Limit stock and avoid excessive local warehouse space
84804A,70,180.58,7,10.0,7.32575365861197,2.641428571428572,8,CREAM DELPHINIUM ARTIFICIAL FLOWER,0.732575365861197,Long-Tail,Limit stock and avoid excessive local warehouse space
84804B,99,188.37000000000003,5,19.8,17.44133022449836,2.518,6,BLUE DELPHINIUM ARTIFICIAL FLOWER,0.8808752638635534,Long-Tail,Limit stock and avoid excessive local warehouse space
84805A,32,60.0,3,10.666666666666666,11.71893055416463,2.9166666666666665,4,CREAM CLIMBING HYDRANGA ART FLOWER,1.098649739452934,Long-Tail,Limit stock and avoid excessive local warehouse space
84805B,38,52.5,2,19.0,24.041630560342615,2.5,3,BLUE CLIMBING HYDRANGA ART FLOWER,1.2653489768601376,Long-Tail,Limit stock and avoid excessive local warehouse space
84806A,137,96.88999999999999,7,19.571428571428573,34.62107808285363,1.2985714285714285,11,PINK CANDYSTUFT ARTIFICIAL FLOWER,1.7689601940144188,Regular,Maintain standard replenishment review
84806B,308,411.56,12,25.666666666666668,22.120880030716076,1.345,20,WHITE CANDYSTUFT ARTIFICIAL FLOWER,0.8618524687291977,Regular,Maintain standard replenishment review
84809A,55,115.5,6,9.166666666666666,5.455883674224247,2.1,8,WHITE CHRYSANTHEMUMS ART FLOWER,0.5951873099153725,Long-Tail,Limit stock and avoid excessive local warehouse space
84809B,18,37.8,1,18.0,0.0,2.1,1,PINK CHRYSANTHEMUMS ART FLOWER,0.0,Long-Tail,Limit stock and avoid excessive local warehouse space
84813,166,1393.79,10,16.6,14.446837408620308,12.453468253968255,38,SET OF 4 DIAMOND NAPKIN RINGS,0.8702914101578498,Regular,Maintain standard replenishment review
84816,8,319.6,5,1.6,0.5477225575051661,39.95,6,DANISH ROSE BEDSIDE CABINET,0.34232659844072877,Long-Tail,Limit stock and avoid excessive local warehouse space
84817,921,647.6400000000001,13,70.84615384615384,101.22404700617189,1.747,52,DANISH ROSE DECORATIVE PLATE,1.4287867655594295,Regular,Maintain standard replenishment review
84818,1370,1397.82,11,124.54545454545455,121.18940847810391,1.680573593073593,95,DANISH ROSE PHOTO FRAME,0.9730536447147029,Regular,Maintain standard replenishment review
84819,808,939.04,12,67.33333333333333,107.88911254645024,3.412622423328306,61,DANISH ROSE ROUND SEWING BOX,1.6023135526700532,Regular,Maintain standard replenishment review
84820,255,459.25,11,23.181818181818183,34.86780228754942,4.73230303030303,30,DANISH ROSE TRINKET TRAYS,1.5041012751491905,Regular,Maintain standard replenishment review
84821,923,396.95,13,71.0,92.23791700452333,0.6995970695970696,39,DANISH ROSE DELUXE COASTER,1.2991255916130047,Regular,Maintain standard replenishment review
84823,112,890.4,3,37.333333333333336,52.88036812781595,7.95,25,DANISH ROSE FOLDING CHAIR,1.41643843199507,Regular,Maintain standard replenishment review
84824,2,31.9,2,1.0,0.0,15.95,2,DANISH ROSE UMBRELLA STAND,0.0,Long-Tail,Limit stock and avoid excessive local warehouse space
84826,1162,389.38,11,105.63636363636364,162.08101229155298,0.6704040404040404,31,ASSTD DESIGN 3D PAPER STICKERS,1.534329720488023,Regular,Maintain standard replenishment review
84827,509,153.09,6,84.83333333333333,79.43152187051855,0.45444444444444443,14,ASS DES PHONE SPONGE CRAFT STICKER,0.9363244228351892,Regular,Maintain standard replenishment review
84828,1075,1506.3600000000001,13,82.6923076923077,85.45114063543818,1.7988598605771595,181,JUNGLE POPSICLES ICE LOLLY MOULDS,1.0333626309401827,Regular,Maintain standard replenishment review
84832,2921,2702.5,13,224.69230769230768,187.42793486892705,1.0951094310701246,267,ZINC WILLIE WINKIE  CANDLE STICK,0.834153766962017,High-Turnover Stable,Keep stable local warehouse inventory
84836,5925,7403.07,13,455.7692307692308,214.89421965475393,1.3843211754171105,534,ZINC METAL HEART DECORATION,0.4714978659091647,High-Revenue Priority,Prioritize inventory monitoring and avoid stockouts
84840,6,76.44,3,2.0,1.0,11.326666666666668,6,SWEETHEART CARRY-ALL BASKET,0.5,Long-Tail,Limit stock and avoid excessive local warehouse space
84842,14,52.5,4,3.5,0.5773502691896257,3.75,9,HELLO SAILOR BATHROOM SET,0.1649572197684645,Long-Tail,Limit stock and avoid excessive local warehouse space
84843,171,963.85,13,13.153846153846153,12.99260144496445,6.544120879120879,48,WHITE SOAP RACK WITH 2 BOTTLES,0.9877416303189348,Regular,Maintain standard replenishment review
84846A,56,126.04,5,11.2,10.00999500499376,2.3743000000000003,13,SCENTED CANDLE IN DIGITALIS TIN,0.8937495540173,Long-Tail,Limit stock and avoid excessive local warehouse space
84847,20,75.0,8,2.5,2.138089935299395,3.75,11,FLORAL BATHROOM SET,0.855235974119758,Long-Tail,Limit stock and avoid excessive local warehouse space
84849A,180,344.34000000000003,12,15.0,10.144411806955143,2.381698412698413,53,HELLO SAILOR BLUE SOAP HOLDER,0.6762941204636762,Regular,Maintain standard replenishment review
84849B,266,478.83,8,33.25,22.95181287579947,1.9306103210514975,76,FAIRY SOAP SOAP HOLDER,0.6902800864902096,Regular,Maintain standard replenishment review
84849D,494,859.0,13,38.0,31.927000067863144,1.8085488870104254,114,HOT BATHS SOAP HOLDER,0.840184212312188,Regular,Maintain standard replenishment review
84854,5,24.75,1,5.0,0.0,4.95,1,GIRLY PINK TOOL SET,0.0,Long-Tail,Limit stock and avoid excessive local warehouse space
84856L,2,17.82,2,1.0,0.0,8.91,2,LARGE TAHITI BEACH BAG,0.0,Long-Tail,Limit stock and avoid excessive local warehouse space
84856S,4,18.6,1,4.0,0.0,4.65,1,SMALL TAHITI BEACH BAG,0.0,Long-Tail,Limit stock and avoid excessive local warehouse space
84857B,24,46.8,1,24.0,0.0,1.95,1,BLUE MONTE CARLO HANDBAG,0.0,Long-Tail,Limit stock and avoid excessive local warehouse space
84857C,98,232.32999999999998,6,16.333333333333332,27.63090057646813,6.638333333333333,10,PINK MONTE CARLO HANDBAG,1.691687790396008,Long-Tail,Limit stock and avoid excessive local warehouse space
84858C,186,261.68,3,62.0,79.95623803056269,4.807777777777779,6,PINK RIVIERA HANDBAG,1.2896167424284304,Regular,Maintain standard replenishment review
84859A,129,272.99,10,12.9,14.027354229029317,2.851069696969697,35,SILVER DISCO HANDBAG,1.087391800699947,Regular,Maintain standard replenishment review
84859B,31,64.81,8,3.875,3.758324094593227,2.3133333333333335,11,BLUE DISCO HANDBAG,0.9698900889272843,Long-Tail,Limit stock and avoid excessive local warehouse space
84859C,84,180.52,8,10.5,9.971387638065798,2.5521875,22,PINK DISCO HANDBAG,0.9496559655300759,Long-Tail,Limit stock and avoid excessive local warehouse space
84865,27,146.21,5,5.4,6.107372593840988,7.4322,14,NEW BAROQUE BLACK PHOTO ALBUM,1.1309949247853681,Long-Tail,Limit stock and avoid excessive local warehouse space
84870B,44,146.07999999999998,7,6.285714285714286,6.156684327197709,4.344214285714286,25,BLUE GEISHA GIRL,0.9794725065996356,Long-Tail,Limit stock and avoid excessive local warehouse space
84870C,46,146.05,6,7.666666666666667,8.334666560017064,3.8204375,28,GREEN GEISHA GIRL,1.087130420871791,Long-Tail,Limit stock and avoid excessive local warehouse space
84872A,66,732.23,7,9.428571428571429,7.43543638838463,11.749172932330826,53,TEATIME FUNKY FLOWER BACKPACK FOR 2,0.7886068896771578,Long-Tail,Limit stock and avoid excessive local warehouse space
84873A,2,33.9,2,1.0,0.0,16.95,2,FUNKY FLOWER PICNIC BAG FOR 4,0.0,Long-Tail,Limit stock and avoid excessive local warehouse space
84874B,41,67.50999999999999,7,5.857142857142857,7.380798769522881,1.643333333333333,14,BLUE TRAVEL FIRST AID KIT,1.2601363752843944,Long-Tail,Limit stock and avoid excessive local warehouse space
84875B,131,203.51,9,14.555555555555555,15.91470319477488,2.782328042328042,20,GREEN SQUARE COMPACT MIRROR,1.0933765553662131,Regular,Maintain standard replenishment review
84875D,51,63.75,5,10.2,5.890670590009257,1.25,8,BLUE SQUARE COMPACT MIRROR,0.5775167245107115,Long-Tail,Limit stock and avoid excessive local warehouse space
84876B,218,315.81,7,31.142857142857142,21.396483912304934,3.24784632034632,33,GREEN HEART COMPACT MIRROR,0.6870430614042868,Regular,Maintain standard replenishment review
84876D,128,217.5,8,16.0,16.431676725154986,3.0603125,16,BLUE HEART COMPACT MIRROR,1.0269797953221866,Regular,Maintain standard replenishment review
84877A,40,58.16,3,13.333333333333334,11.060440015358038,2.27,4,PINK ROUND COMPACT MIRROR,0.8295330011518528,Long-Tail,Limit stock and avoid excessive local warehouse space
84877B,144,210.56,8,18.0,20.31888635868469,2.3701388888888886,21,GREEN ROUND COMPACT MIRROR,1.1288270199269272,Regular,Maintain standard replenishment review
84877D,96,150.92999999999998,6,16.0,20.287927444665215,2.46425,18,BLUE ROUND COMPACT MIRROR,1.267995465291576,Long-Tail,Limit stock and avoid excessive local warehouse space
84879,36333,58878.61,13,2794.846153846154,1507.8145800105221,1.7293871304680932,1452,ASSORTED COLOUR BIRD ORNAMENT,0.539498239620642,High-Revenue Priority,Prioritize inventory monitoring and avoid stockouts
84880,312,2012.74,13,24.0,28.40481179894233,7.768056776556777,76,WHITE WIRE EGG HOLDER,1.1835338249559304,Regular,Maintain standard replenishment review
84881,12,82.57,4,3.0,1.8257418583505538,6.880833333333333,6,BLUE WIRE SPIRAL CANDLE HOLDER,0.6085806194501846,Long-Tail,Limit stock and avoid excessive local warehouse space
84882,38,157.34,10,3.8,2.440400695696417,4.615666666666667,18,GREEN WIRE STANDING CANDLE HOLDER,0.6422107093937939,Long-Tail,Limit stock and avoid excessive local warehouse space
84884A,339,1519.63,13,26.076923076923077,19.120065979931216,5.482069182953798,104,ANT WHITE WIRE HEART SPIRAL,0.7332178694368903,Regular,Maintain standard replenishment review
84898F,46,98.63000000000001,4,11.5,6.95221787153807,2.269166666666667,19,YELLOW FLOWERS FELT HANDBAG KIT,0.6045406844815713,Long-Tail,Limit stock and avoid excessive local warehouse space
84905,35,173.48,4,8.75,3.774917217635375,4.956666666666667,20,PINK BUTTERFLY CUSHION COVER,0.43141911058689997,Long-Tail,Limit stock and avoid excessive local warehouse space
84906,35,123.02,5,7.0,4.123105625617661,4.801333333333334,12,PINK B'FLY C/COVER W BOBBLES,0.5890150893739515,Long-Tail,Limit stock and avoid excessive local warehouse space
84907,29,180.93,8,3.625,2.9246489410818914,6.5165625,23,PINK YELLOW PATCH CUSHION COVER,0.8067997078846597,Long-Tail,Limit stock and avoid excessive local warehouse space
84910A,26,192.14,5,5.2,3.420526275297414,7.103285714285714,17,PINK PAISLEY CUSHION COVER,0.6577935144802719,Long-Tail,Limit stock and avoid excessive local warehouse space
84912A,156,560.62,10,15.6,13.623509092741122,3.6237738095238092,74,PINK ROSE WASHBAG,0.8733018649193027,Regular,Maintain standard replenishment review
84912B,323,1132.8500000000001,13,24.846153846153847,9.923424760351587,3.4298126519229757,160,GREEN ROSE WASHBAG,0.39939480459619386,Regular,Maintain standard replenishment review
84913A,273,952.83,11,24.818181818181817,18.252770648962755,3.629911448400085,124,SOFT PINK ROSE TOWEL,0.7354596232182796,Regular,Maintain standard replenishment review
84913B,196,754.07,12,16.333333333333332,12.032783501246866,4.071726325757576,86,MINT GREEN ROSE TOWEL,0.7367010306885837,Regular,Maintain standard replenishment review
84915,217,372.33000000000004,7,31.0,52.94651389216606,3.663,23,HAND TOWEL PINK FLOWER AND DAISY,1.7079520610376149,Regular,Maintain standard replenishment review
84916,223,453.39,6,37.166666666666664,59.904646453064615,4.4264015151515155,29,HAND TOWEL PALE BLUE W FLOWERS,1.6117842094994965,Regular,Maintain standard replenishment review
84917,184,466.29999999999995,5,36.8,34.60780258843373,5.106777777777777,27,WHITE HAND TOWEL WITH BUTTERFLY,0.9404294181639601,Regular,Maintain standard replenishment review
84919,58,381.78000000000003,8,7.25,4.496029994816062,6.6635,29,BLUE CUSHION COVER WITH FLOWER,0.6201420682504912,Long-Tail,Limit stock and avoid excessive local warehouse space
84920,115,446.23,12,9.583333333333334,9.73707379352781,4.3602083333333335,48,PINK FLOWER FABRIC PONY,1.0160424828029018,Regular,Maintain standard replenishment review
84921,11,41.25,4,2.75,2.362907813126304,3.75,5,CREAM AND PINK FLOWERS PONY,0.8592392047732015,Long-Tail,Limit stock and avoid excessive local warehouse space
84922,9,42.29,5,1.8,0.8366600265340756,4.654,6,PINK BUTTERFLY WASHBAG,0.4648111258522642,Long-Tail,Limit stock and avoid excessive local warehouse space
84923,162,671.62,13,12.461538461538462,7.784764871373066,4.139230769230769,98,PINK BUTTERFLY HANDBAG W BOBBLES,0.6247033538756164,Regular,Maintain standard replenishment review
84924A,81,348.59000000000003,11,7.363636363636363,4.904543348217595,4.951878787878788,33,WAKE UP COCKEREL CALENDAR SIGN,0.6660490966715252,Long-Tail,Limit stock and avoid excessive local warehouse space
84924F,10,7.9,1,10.0,0.0,0.79,3,PSYCHEDELIC METAL SIGN CALENDAR,0.0,Long-Tail,Limit stock and avoid excessive local warehouse space
84925D,15,38.25,6,2.5,1.9748417658131499,2.55,10,LA PALMIERA WALL THERMOMETER,0.7899367063252599,Long-Tail,Limit stock and avoid excessive local warehouse space
84925F,79,109.93,7,11.285714285714286,18.08972347047061,2.2985714285714285,14,PSYCHEDELIC WALL THERMOMETER,1.6028868897885349,Long-Tail,Limit stock and avoid excessive local warehouse space
84926A,604,210.51999999999998,11,54.90909090909091,68.10206244373887,0.8562121212121212,35,WAKE UP COCKEREL TILE COASTER,1.2402693491409398,Regular,Maintain standard replenishment review
84926D,709,276.53,10,70.9,49.960984778124626,0.8585333333333333,34,LA PALMIERA TILE COASTER,0.7046683325546491,Regular,Maintain standard replenishment review
84926E,968,327.8,11,88.0,119.65199538662111,0.8924242424242425,39,FLOWERS TILE COASTER,1.3596817657570581,Regular,Maintain standard replenishment review
84926F,430,195.22,10,43.0,39.58956091362132,1.1509,28,PSYCHEDELIC TILE COASTER,0.9206874631074725,Regular,Maintain standard replenishment review
84927A,50,70.45,8,6.25,5.625198409199194,2.311875,18,WAKE UP COCKEREL TILE HOOK,0.900031745471871,Long-Tail,Limit stock and avoid excessive local warehouse space
84927D,47,51.86,7,6.714285714285714,10.904346009952267,2.737142857142857,14,LA PALMIERA TILE HOOK,1.6240515333971461,Long-Tail,Limit stock and avoid excessive local warehouse space
84927E,59,80.16000000000001,5,11.8,10.545141061171254,2.0131,13,FLOWERS TILE HOOK,0.8936560221331571,Long-Tail,Limit stock and avoid excessive local warehouse space
84927F,299,182.95,11,27.181818181818183,34.40877266575541,1.6059956709956709,44,PSYCHEDELIC TILE HOOK,1.2658745796766202,Regular,Maintain standard replenishment review
84929,2406,634.26,11,218.72727272727272,278.0708869727613,0.3885454545454545,64,ASSTD FRUIT+FLOWERS FRIDGE MAGNETS,1.271313282086606,High-Turnover Volatile,Monitor closely and replenish in smaller batches
84931A,133,317.44,12,11.083333333333334,12.16147668465944,2.8354513888888886,51,PINK SCOTTIE DOG W FLOWER PATTERN,1.0972760918489721,Regular,Maintain standard replenishment review
84931B,177,424.08,13,13.615384615384615,18.346382302507042,2.8714456815114713,49,BLUE SCOTTIE DOG W FLOWER PATTERN,1.3474744063988222,Regular,Maintain standard replenishment review
84944,662,1041.06,8,82.75,137.17116523318074,2.61625,82,SET OF 6 KASHMIR FOLKART BAUBLES,1.657657585899465,Regular,Maintain standard replenishment review
84945,10509,8713.83,13,808.3846153846154,439.801572390235,0.9410583230803671,345,MULTI COLOUR SILVER T-LIGHT HOLDER,0.5440499039940103,High-Revenue Priority,Prioritize inventory monitoring and avoid stockouts
84946,18957,25569.420000000002,13,1458.2307692307693,666.581972184236,1.5496434272820363,901,ANTIQUE SILVER T-LIGHT GLASS,0.4571169298093088,High-Revenue Priority,Prioritize inventory monitoring and avoid stockouts
84947,8652,10229.77,13,665.5384615384615,395.6927712642338,1.481483383761265,347,ANTIQUE SILVER TEA GLASS ENGRAVED,0.5945453104987332,High-Revenue Priority,Prioritize inventory monitoring and avoid stockouts
84949,4723,7513.74,13,363.3076923076923,265.6248559577287,1.8816672181645802,286,SILVER HANGING T-LIGHT HOLDER,0.7311291821830347,High-Revenue Priority,Prioritize inventory monitoring and avoid stockouts
84950,3619,2297.0299999999997,13,278.38461538461536,511.5749437540145,0.7887761323643676,120,ASSORTED COLOUR T-LIGHT HOLDER,1.8376552276325475,High-Turnover Volatile,Monitor closely and replenish in smaller batches
84951A,451,534.05,13,34.69230769230769,23.109826969583796,2.2152150499073575,92,SET OF 4 PISTACHIO LOVEBIRD COASTER,0.6661369193006416,Regular,Maintain standard replenishment review
84951B,451,554.78,13,34.69230769230769,30.321567174165583,2.0043836996336997,82,SET OF 4 BLACK LOVEBIRD COASTERS,0.8740141314061033,Regular,Maintain standard replenishment review
84952A,92,264.46999999999997,7,13.142857142857142,15.192416654684132,5.036142857142857,26,CLEAR LOVE BIRD T-LIGHT HOLDER,1.155944745465097,Long-Tail,Limit stock and avoid excessive local warehouse space
84952B,183,320.89,8,22.875,39.189785476757656,4.609404761904762,28,BLACK LOVE BIRD T-LIGHT HOLDER,1.713214665650608,Regular,Maintain standard replenishment review
84952C,144,255.0,5,28.8,47.17732506194051,3.707,12,MIRROR LOVE BIRD T-LIGHT HOLDER,1.638101564650712,Regular,Maintain standard replenishment review
84963A,4,171.8,1,4.0,0.0,42.95,1,PINK PAINTED KASHMIRI CHAIR,0.0,Long-Tail,Limit stock and avoid excessive local warehouse space
84963B,3,149.85000000000002,1,3.0,0.0,49.95,1,BLUE PAINTED KASHMIRI CHAIR,0.0,Long-Tail,Limit stock and avoid excessive local warehouse space
84968A,266,3188.13,13,20.46153846153846,22.45222848856131,15.652570171208103,100,SET OF 16 VINTAGE ROSE CUTLERY,1.0972893622229212,High-Revenue Priority,Prioritize inventory monitoring and avoid stockouts
84968B,2,25.5,2,1.0,0.0,12.75,2,SET OF 16 VINTAGE IVORY CUTLERY,0.0,Long-Tail,Limit stock and avoid excessive local warehouse space
84968C,314,3547.74,12,26.166666666666668,52.1934049009213,16.132159340659342,103,SET OF 16 VINTAGE PISTACHIO CUTLERY,1.9946524165957185,High-Revenue Priority,Prioritize inventory monitoring and avoid stockouts
84968D,159,1723.6,11,14.454545454545455,26.314876539188383,15.336128099173555,57,SET OF 16 VINTAGE RED CUTLERY,1.8205260498809572,Regular,Maintain standard replenishment review
84968E,140,1722.74,11,12.727272727272727,13.289777342686438,15.45179797979798,50,SET OF 16 VINTAGE BLACK CUTLERY,1.0441967912110774,Regular,Maintain standard replenishment review
84968F,178,1931.17,12,14.833333333333334,24.255583549635194,13.845424382716049,66,SET OF 16 VINTAGE SKY BLUE CUTLERY,1.6352078797506873,Regular,Maintain standard replenishment review
84969,558,2389.52,13,42.92307692307692,24.577976382870155,4.877097388255562,210,BOX OF 6 ASSORTED COLOUR TEASPOONS,0.5726051845471541,Regular,Maintain standard replenishment review
84970L,6253,6819.1,13,481.0,208.05488058042127,1.4047671239364432,506,SINGLE HEART ZINC T-LIGHT HOLDER,0.43254652927322507,High-Revenue Priority,Prioritize inventory monitoring and avoid stockouts
84970S,9117,8146.8,13,701.3076923076923,307.6153942331735,1.2583398658082798,603,HANGING HEART ZINC T-LIGHT HOLDER,0.4386311423748224,High-Revenue Priority,Prioritize inventory monitoring and avoid stockouts
84971L,2,4.92,1,2.0,0.0,2.46,1,LARGE HEART FLOWERS HOOK,0.0,Long-Tail,Limit stock and avoid excessive local warehouse space
84971S,1761,1540.4499999999998,13,135.46153846153845,47.48441039719489,1.0978903707231882,172,SMALL HEART FLOWERS HOOK,0.3505379529605529,Regular,Maintain standard replenishment review
84974,39,388.05,11,3.5454545454545454,2.3817487845545915,9.95,28,S/2 ZINC HEART DESIGN PLANTERS,0.6717752982077053,Long-Tail,Limit stock and avoid excessive local warehouse space
84975,5,8.45,1,5.0,0.0,1.69,2,HEART SHAPED MIRROR,0.0,Long-Tail,Limit stock and avoid excessive local warehouse space
84976,500,436.67,11,45.45454545454545,81.96018989285426,1.9016666666666666,36,RECTANGULAR SHAPED MIRROR,1.8031241776427938,Regular,Maintain standard replenishment review
84977,1,1.25,1,1.0,0.0,1.25,1,WIRE FLOWER T-LIGHT HOLDER,0.0,Long-Tail,Limit stock and avoid excessive local warehouse space
84978,12391,16333.12,13,953.1538461538462,504.4584300934099,1.4889744928169342,723,HANGING HEART JAR T-LIGHT HOLDER,0.5292518433713445,High-Revenue Priority,Prioritize inventory monitoring and avoid stockouts
84984A,19,88.35,5,3.8,1.7888543819998317,4.65,6,GREEN PEONY CUSHION COVER,0.4707511531578505,Long-Tail,Limit stock and avoid excessive local warehouse space
84984B,17,79.05,4,4.25,1.707825127659933,4.65,5,RED PEONY CUSHION COVER,0.40184120650821953,Long-Tail,Limit stock and avoid excessive local warehouse space
84984D,13,60.45,4,3.25,1.892969448600091,4.65,4,ORIENTAL RED CUSHION COVER,0.5824521380307972,Long-Tail,Limit stock and avoid excessive local warehouse space
84985A,36,52.2,4,9.0,6.164414002968976,1.45,18,SET OF 72 GREEN PAPER DOILIES,0.6849348892187751,Long-Tail,Limit stock and avoid excessive local warehouse space
84987,3039,4453.7699999999995,13,233.76923076923077,164.1559999137781,1.9491446400247612,333,SET OF 36 TEATIME PAPER DOILIES,0.7022138857779253,High-Revenue Priority,Prioritize inventory monitoring and avoid stockouts
84988,4299,6653.849999999999,13,330.6923076923077,160.21099869410997,2.1715556318020357,509,SET OF 72 PINK HEART PAPER DOILIES,0.4844715010522051,High-Revenue Priority,Prioritize inventory monitoring and avoid stockouts
84989A,69,102.36,13,5.3076923076923075,2.9547875102567414,1.3881410256410258,42,75 GREEN FAIRY CAKE CASES,0.5566990961353281,Long-Tail,Limit stock and avoid excessive local warehouse space
84990,2,1.1,2,1.0,0.0,0.55,2,60 GOLD AND SILVER FAIRY CAKE CASES,0.0,Long-Tail,Limit stock and avoid excessive local warehouse space
84991,18093,9117.17,13,1391.7692307692307,635.5219841261924,0.6970003659664346,824,60 TEATIME FAIRY CAKE CASES,0.4566288505853369,High-Revenue Priority,Prioritize inventory monitoring and avoid stockouts
84992,13189,6461.280000000001,13,1014.5384615384615,476.51838288860296,0.6847855563048755,611,72 SWEETHEART FAIRY CAKE CASES,0.4696898155699324,High-Revenue Priority,Prioritize inventory monitoring and avoid stockouts
84993A,375,186.25,13,28.846153846153847,18.068601467030007,0.6441089743589743,74,75 GREEN PETIT FOUR CASES,0.6263781841903736,Regular,Maintain standard replenishment review
84993B,58,24.36,6,9.666666666666666,7.201851613763412,0.42,18,75 BLACK PETIT FOUR CASES,0.7450191324582841,Long-Tail,Limit stock and avoid excessive local warehouse space
84997A,2679,10812.62,13,206.07692307692307,105.42253201479396,5.315999765990497,325,CHILDRENS CUTLERY POLKADOT GREEN,0.5115688376977684,High-Revenue Priority,Prioritize inventory monitoring and avoid stockouts
84997B,4550,18993.89,13,350.0,200.08581492283085,5.073831341352147,436,CHILDRENS CUTLERY RETROSPOT RED,0.5716737569223739,High-Revenue Priority,Prioritize inventory monitoring and avoid stockouts
84997C,4067,16871.47,13,312.84615384615387,212.4381659659449,5.0477373251860165,397,CHILDRENS CUTLERY POLKADOT BLUE,0.679049952681899,High-Revenue Priority,Prioritize inventory monitoring and avoid stockouts
84997D,5398,22295.989999999998,13,415.2307692307692,237.08091229442948,4.9490319955176965,545,CHILDRENS CUTLERY POLKADOT PINK,0.5709618117502007,High-Revenue Priority,Prioritize inventory monitoring and avoid stockouts
85006,55,57.25,3,18.333333333333332,27.465129406819354,2.25,9,SET 4 NURSERY DES ROUND BOXES,1.4980979676446922,Long-Tail,Limit stock and avoid excessive local warehouse space
85008,13,66.12,4,3.25,2.8722813232690143,4.5225,8,SET OF 3 CONEY ISLAND OVAL BOXES,0.8837788686981582,Long-Tail,Limit stock and avoid excessive local warehouse space
85014A,1181,6904.04,13,90.84615384615384,66.01495557049446,6.869573830019133,292,BLACK/BLUE POLKADOT UMBRELLA,0.7266675888369417,High-Revenue Priority,Prioritize inventory monitoring and avoid stockouts
85014B,1934,11259.310000000001,13,148.76923076923077,100.74485416648157,7.296407730907731,372,RED RETROSPOT UMBRELLA,0.6771887818843125,High-Revenue Priority,Prioritize inventory monitoring and avoid stockouts
85015,2180,1718.54,13,167.69230769230768,131.2944430249459,1.5056869071099839,143,SET OF 12  VINTAGE POSTCARD SET,0.7829485134515124,High-Turnover Stable,Keep stable local warehouse inventory
85016,563,560.11,6,93.83333333333333,109.72040223525735,2.0088703703703703,42,SET OF 6 VINTAGE NOTELETS KIT,1.1693115691146432,Regular,Maintain standard replenishment review
85017A,16,13.58,3,5.333333333333333,3.214550253664318,0.8466666666666667,8,ENVELOPE 50 ROMANTIC IMAGES,0.6027281725620597,Long-Tail,Limit stock and avoid excessive local warehouse space
85017B,1065,590.09,12,88.75,61.61777340995047,0.6952327868281816,157,ENVELOPE 50 BLOSSOM IMAGES,0.6942847708163433,Regular,Maintain standard replenishment review
85017C,49,26.169999999999998,5,9.8,8.136338242723197,0.6779999999999999,10,ENVELOPE 50 CURIOUS IMAGES,0.8302385961962445,Long-Tail,Limit stock and avoid excessive local warehouse space
85018D,12,30.6,2,6.0,7.0710678118654755,2.55,7,YULETIDE IMAGES S/6 PAPER BOXES,1.1785113019775793,Long-Tail,Limit stock and avoid excessive local warehouse space
85019A,414,564.35,12,34.5,17.624879109836858,2.072361111111111,33,ROMANTIC IMAGES NOTEBOOK SET,0.5108660611546916,Regular,Maintain standard replenishment review
85019B,512,682.97,11,46.54545454545455,46.310611389537144,1.8552272727272727,36,BLOSSOM  IMAGES NOTEBOOK SET,0.9949545415720871,Regular,Maintain standard replenishment review
85019C,182,270.72,7,26.0,19.330459556530638,2.48,11,CURIOUS  IMAGES NOTEBOOK SET,0.7434792137127169,Regular,Maintain standard replenishment review
85020,85,188.81,11,7.7272727272727275,5.021770785109752,2.534242424242424,22,ROUND PINK HEART MIRROR,0.6498762192494973,Long-Tail,Limit stock and avoid excessive local warehouse space
85023B,33,84.14999999999999,8,4.125,5.962681563572838,2.55,12,EAU DE NILE JEWELLED PHOTOFRAME,1.4454985608661426,Long-Tail,Limit stock and avoid excessive local warehouse space
85024B,193,289.65000000000003,10,19.3,48.21952117371368,1.64,12,EAU DE NILE JEWELLED PHOTOFRAME,2.4984207862027814,Regular,Maintain standard replenishment review
85024C,12,19.799999999999997,6,2.0,1.0954451150103324,1.6499999999999997,9,PINK SMALL JEWELLED PHOTOFRAME,0.5477225575051662,Long-Tail,Limit stock and avoid excessive local warehouse space
85025B,329,555.12,12,27.416666666666668,45.17935637461254,2.436388888888889,38,EAU DE NILE HEART SHAPE PHOTO FRAME,1.647879259864287,Regular,Maintain standard replenishment review
85025C,321,520.91,9,35.666666666666664,52.50238089839355,2.078458553791887,39,PINK HEART SHAPE PHOTO FRAME,1.4720293709829968,Regular,Maintain standard replenishment review
85026B,79,70.27,8,9.875,9.523467255754522,0.99625,11,EAU DE NILE JEWELLED T-LIGHT HOLDER,0.9644017474181794,Long-Tail,Limit stock and avoid excessive local warehouse space
85027L,70,160.5,4,17.5,19.070046320517072,4.95,18,FRENCH CHATEAU LARGE PLATTER,1.0897169326009755,Long-Tail,Limit stock and avoid excessive local warehouse space
85028L,10,19.5,2,5.0,1.4142135623730951,1.95,4,FRENCH CHATEAU LARGE FRUIT BOWL,0.282842712474619,Long-Tail,Limit stock and avoid excessive local warehouse space
85028S,24,51.599999999999994,2,12.0,1.4142135623730951,2.025,8,FRENCH CHATEAU SMALL FRUITBOWL,0.11785113019775793,Long-Tail,Limit stock and avoid excessive local warehouse space
85030,15,29.25,2,7.5,7.7781745930520225,1.95,6,FRENCH CHATEAU OVAL PLATTER,1.0370899457402696,Long-Tail,Limit stock and avoid excessive local warehouse space
85031A,16,45.9,4,4.0,3.4641016151377544,4.025,7,ROMANTIC IMAGES SCRAP BOOK SET,0.8660254037844386,Long-Tail,Limit stock and avoid excessive local warehouse space
85031B,1,4.95,1,1.0,0.0,4.95,1,BLOSSOM IMAGES SCRAP BOOK SET,0.0,Long-Tail,Limit stock and avoid excessive local warehouse space
85031C,3,14.85,1,3.0,0.0,4.95,1,CURIOUS IMAGES SCRAP BOOK SET,0.0,Long-Tail,Limit stock and avoid excessive local warehouse space
85032A,789,776.49,11,71.72727272727273,57.52580448649268,1.5927959835509242,135,ROMANTIC IMAGES GIFT WRAP SET,0.8020074136266406,Regular,Maintain standard replenishment review
85032B,786,739.99,11,71.45454545454545,24.204807937117103,1.4308114360387088,133,BLOSSOM IMAGES GIFT WRAP SET,0.3387441314354811,Regular,Maintain standard replenishment review
85032C,671,710.74,13,51.61538461538461,43.30423085861716,1.746054131054131,139,CURIOUS IMAGES GIFT WRAP SET,0.838979137350258,Regular,Maintain standard replenishment review
85032D,687,561.34,9,76.33333333333333,87.39565206576354,1.252974358974359,93,YULETIDE IMAGES GIFT WRAP SET,1.1449212061017058,Regular,Maintain standard replenishment review
85034A,501,936.27,11,45.54545454545455,97.90032036348363,4.698898071625345,77,3 GARDENIA MORRIS BOXED CANDLES,2.149508031932774,Regular,Maintain standard replenishment review
85034B,946,1637.07,10,94.6,143.69814040395775,3.9155442307692305,121,3 WHITE CHOC MORRIS BOXED CANDLES,1.5190078266803146,Regular,Maintain standard replenishment review
85034C,1113,1732.0,10,111.3,181.38421467518427,3.866981350413885,156,3 ROSE MORRIS BOXED CANDLES,1.6296874633888974,Regular,Maintain standard replenishment review
85035A,274,782.24,10,27.4,45.626990063143786,4.417219047619048,82,GARDENIA 3 WICK MORRIS BOXED CANDLE,1.665218615443204,Regular,Maintain standard replenishment review
85035B,620,1062.57,10,62.0,129.2749008895385,4.81374757033248,71,CHOCOLATE 3 WICK MORRIS BOX CANDLE,2.0850790466054594,Regular,Maintain standard replenishment review
85035C,1138,1769.13,11,103.45454545454545,150.32389273589453,3.816381674357284,131,ROSE 3 WICK MORRIS BOX CANDLE,1.4530428999075922,Regular,Maintain standard replenishment review
85036A,212,726.68,11,19.272727272727273,22.44589454261473,4.4178341307814994,60,GARDENIA 1 WICK MORRIS BOXED CANDLE,1.1646454715507644,Regular,Maintain standard replenishment review
85036B,356,564.4,11,32.36363636363637,42.89119426472694,3.414181818181818,49,CHOCOLATE 1 WICK MORRIS BOX CANDLE,1.3252897104269559,Regular,Maintain standard replenishment review
85036C,561,882.61,11,51.0,84.4653775223908,3.5920000563952175,82,ROSE 1 WICK MORRIS BOXED CANDLE,1.656183872988055,Regular,Maintain standard replenishment review
85038,1061,2171.26,13,81.61538461538461,97.1240945573741,2.462722877480942,142,6 CHOCOLATE LOVE HEART T-LIGHTS,1.190021893728429,Regular,Maintain standard replenishment review
85039A,744,1142.4299999999998,13,57.23076923076923,46.75673542595022,1.8533751853140994,191,SET/4 RED MINI ROSE CANDLE IN BOWL,0.8169859684641839,Regular,Maintain standard replenishment review
85039B,806,1174.6299999999999,13,62.0,47.36911792859704,1.6213810906156105,172,S/4 IVORY MINI ROSE CANDLE IN BOWL,0.7640180311064039,Regular,Maintain standard replenishment review
85039C,305,265.77,12,25.416666666666668,40.387798187376376,1.5920913715913716,67,S/4 BLACK MINI ROSE CANDLE IN BOWL,1.589028125404972,Regular,Maintain standard replenishment review
85040A,915,1704.35,13,70.38461538461539,47.206176258229995,2.2429477705704652,183,S/4 PINK FLOWER CANDLES IN BOWL,0.6706888430131037,Regular,Maintain standard replenishment review
85040B,137,229.46999999999997,5,27.4,8.203657720797473,1.7355,35,SET/4 BLUE FLOWER CANDLES IN BOWL,0.2994035664524625,Regular,Maintain standard replenishment review
85045,42,191.1,6,7.0,10.469001862641921,4.891666666666667,11,GREEN CHRISTMAS TREE STRING 20LIGHT,1.4955716946631317,Long-Tail,Limit stock and avoid excessive local warehouse space
85047,3,19.05,1,3.0,0.0,6.35,2,WHITE BEADED GARLAND STRING 20LIGHT,0.0,Long-Tail,Limit stock and avoid excessive local warehouse space
85048,1355,10878.810000000001,10,135.5,207.27504539727988,10.029612553396454,259,15CM CHRISTMAS GLASS BALL 20 LIGHTS,1.5297051320832464,High-Revenue Priority,Prioritize inventory monitoring and avoid stockouts
85049A,3245,4655.2,13,249.6153846153846,311.25941443902235,1.7289449161425579,359,TRADITIONAL CHRISTMAS RIBBONS,1.2469560516817537,High-Revenue Priority,Prioritize inventory monitoring and avoid stockouts
85049B,56,72.42,4,14.0,17.088007490635064,1.855,15,LUSH GREENS RIBBONS,1.2205719636167902,Long-Tail,Limit stock and avoid excessive local warehouse space
85049C,1216,1518.15,13,93.53846153846153,48.32289896211281,1.366568951282371,225,ROMANTIC PINKS RIBBONS,0.5166099395620614,Regular,Maintain standard replenishment review
85049D,549,699.91,10,54.9,44.975178339464826,1.2966076923076923,109,BRIGHT BLUES RIBBONS,0.8192200061833301,Regular,Maintain standard replenishment review
85049E,2957,4129.32,13,227.46153846153845,198.86369510488646,1.663165044154798,450,SCANDINAVIAN REDS RIBBONS,0.8742739385740697,High-Revenue Priority,Prioritize inventory monitoring and avoid stockouts
85049F,378,477.34000000000003,10,37.8,28.42064976972436,1.2823553113553114,88,BABY BOOM RIBBONS,0.7518690415270995,Regular,Maintain standard replenishment review
85049G,1721,2275.61,13,132.3846153846154,74.20864556723211,1.5763113357218013,309,CHOCOLATE BOX RIBBONS,0.5605533947553849,Regular,Maintain standard replenishment review
85049H,848,869.1,13,65.23076923076923,62.76298517193321,1.2095948170603343,184,URBAN BLACK RIBBONS,0.9621684047584101,Regular,Maintain standard replenishment review
85053,1691,3645.29,13,130.07692307692307,81.06629132841584,2.6613284300888043,316,FRENCH ENAMEL CANDLEHOLDER,0.6232180882728598,High-Revenue Priority,Prioritize inventory monitoring and avoid stockouts
85054,586,1427.68,12,48.833333333333336,55.058371229307554,3.6022238317238315,114,FRENCH ENAMEL POT W LID,1.1274751787571513,Regular,Maintain standard replenishment review
85055,45,183.70999999999998,2,22.5,10.606601717798213,5.105714285714286,16,FRENCH ENAMEL UTENSIL HOLDER,0.4714045207910317,Long-Tail,Limit stock and avoid excessive local warehouse space
85059,411,1273.11,13,31.615384615384617,49.1740759302068,4.57649687705457,128,FRENCH ENAMEL WATER BASIN,1.555384396819193,Regular,Maintain standard replenishment review
85061W,2146,1882.1499999999999,13,165.07692307692307,108.77841509115488,1.1016690286771258,162,WHITE JEWELLED HEART DECORATION,0.6589559162092328,High-Turnover Stable,Keep stable local warehouse inventory
85062,1462,2429.5,13,112.46153846153847,58.27894900764681,1.8109674058972702,159,PEARL CRYSTAL PUMPKIN T-LIGHT HLDR,0.5182122688778443,Regular,Maintain standard replenishment review
85064,215,976.25,2,107.5,132.22896808188437,6.3409523809523805,30,CREAM SWEETHEART LETTER RACK,1.230036912389622,Regular,Maintain standard replenishment review
85066,1762,22313.7,13,135.53846153846155,70.63947832080795,14.440865443981922,509,CREAM SWEETHEART MINI CHEST,0.5211766277925671,High-Revenue Priority,Prioritize inventory monitoring and avoid stockouts
85067,7,126.65,2,3.5,3.5355339059327378,18.7,5,CREAM SWEETHEART WALL CABINET,1.0101525445522108,Long-Tail,Limit stock and avoid excessive local warehouse space
85071A,1039,577.33,12,86.58333333333333,73.43947208828547,1.5303418663761803,110,BLUE CHARLIE+LOLA PERSONAL DOORSIGN,0.8481940953411219,Regular,Maintain standard replenishment review
85071B,1288,678.72,12,107.33333333333333,73.97706442273889,1.4050717607555843,124,RED CHARLIE+LOLA PERSONAL DOORSIGN,0.6892273082863872,Regular,Maintain standard replenishment review
85071C,683,428.0,12,56.916666666666664,60.11270979408497,1.9838161375661374,105,"CHARLIE+LOLA""EXTREMELY BUSY"" SIGN",1.0561530271288722,Regular,Maintain standard replenishment review
85071D,403,249.49,12,33.583333333333336,32.07224326234116,1.5212453703703703,84,CHARLIE+LOLA MY ROOM DOOR SIGN,0.9550047621540791,Regular,Maintain standard replenishment review
85078,1932,696.8,12,161.0,162.78764750993295,1.1496717171717172,124,SCANDINAVIAN 3 HEARTS NAPKIN RING,1.0111034006828135,High-Turnover Stable,Keep stable local warehouse inventory
85084,20,17.0,1,20.0,0.0,0.85,7,HOLLY TOP CHRISTMAS STOCKING,0.0,Long-Tail,Limit stock and avoid excessive local warehouse space
85086A,146,122.08,7,20.857142857142858,22.901445161303478,0.8419327731092437,50,CANDY SPOT HEART DECORATION,1.0980144940350982,Regular,Maintain standard replenishment review
85087,339,1129.99,10,33.9,29.55390555126908,4.030163492063492,125,CANDY SPOT CUSHION COVER,0.8717966239312412,Regular,Maintain standard replenishment review
85088,259,534.83,11,23.545454545454547,23.44510028284646,2.6008636363636364,51,CANDY SPOT HAND BAG,0.9957378498506219,Regular,Maintain standard replenishment review
85089,13,38.35,4,3.25,0.9574271077563381,2.95,5,CANDY SPOT BUNNY,0.2945929562327194,Long-Tail,Limit stock and avoid excessive local warehouse space
85092,27,40.05,1,27.0,0.0,2.3,2,CANDY SPOT TEA COSY,0.0,Long-Tail,Limit stock and avoid excessive local warehouse space
85093,708,475.18,12,59.0,113.34099795829317,1.112385265700483,88,CANDY SPOT EGG WARMER HARE,1.9210338636998843,Regular,Maintain standard replenishment review
85094,640,242.13,13,49.23076923076923,61.61054272086048,0.7676098901098901,90,CANDY SPOT EGG WARMER RABBIT,1.2514641490174785,Regular,Maintain standard replenishment review
85095,150,243.49,12,12.5,15.559270840592403,2.794794372294372,48,THREE CANVAS LUGGAGE TAGS,1.244741667247392,Regular,Maintain standard replenishment review
85096,25,109.23,8,3.125,1.246423454758225,4.475625,16,HILDA CANDY SPOT RABBIT,0.398855505522632,Long-Tail,Limit stock and avoid excessive local warehouse space
85099B,47490,92601.23,13,3653.076923076923,1424.9405520663229,2.5053146017252104,2078,JUMBO BAG RED RETROSPOT,0.39006584916534426,High-Revenue Priority,Prioritize inventory monitoring and avoid stockouts
85099C,13627,27551.8,13,1048.2307692307693,413.851050871799,2.6252406156423436,927,JUMBO  BAG BAROQUE BLACK WHITE,0.39480910408258507,High-Revenue Priority,Prioritize inventory monitoring and avoid stockouts
85099F,17062,32336.77,13,1312.4615384615386,765.4944606140331,2.4225125683741933,819,JUMBO BAG STRAWBERRY,0.5832509663569587,High-Revenue Priority,Prioritize inventory monitoring and avoid stockouts
85103,106,704.14,6,17.666666666666668,16.907591983090516,8.53347222222222,27,SILVER T-LIGHT SETTING,0.9570335084768216,Regular,Maintain standard replenishment review
85104,201,525.75,9,22.333333333333332,45.986411036305064,3.1374074074074074,17,SILVER GLASS T-LIGHT SET,2.0590930314763463,Regular,Maintain standard replenishment review
85106,649,1142.31,7,92.71428571428571,185.78277125513577,2.703333333333333,20,CUT GLASS HEXAGON T-LIGHT HOLDER,2.0038203371124044,Regular,Maintain standard replenishment review
85107,249,541.39,10,24.9,28.88848290313017,2.4525499999999996,27,CUT GLASS T-LIGHT HOLDER OCTAGON,1.160180036270288,Regular,Maintain standard replenishment review
85109,12,10.2,1,12.0,0.0,0.85,1,PINK BOUDOIR T-LIGHT HOLDER,0.0,Long-Tail,Limit stock and avoid excessive local warehouse space
85111,1409,437.59,11,128.0909090909091,172.37601604948097,0.7436060606060605,57,SILVER GLITTER FLOWER VOTIVE HOLDER,1.3457318499249755,Regular,Maintain standard replenishment review
85114A,698,1266.91,13,53.69230769230769,53.013181718299414,2.2184087024087025,71,BLACK ENCHANTED FOREST PLACEMAT,0.9873515219740578,Regular,Maintain standard replenishment review
85114B,511,1018.05,13,39.30769230769231,29.533553278106737,2.3674658589273974,90,IVORY ENCHANTED FOREST PLACEMAT,0.7513428426915608,Regular,Maintain standard replenishment review
85114C,678,1454.8799999999999,13,52.15384615384615,43.79848961217375,2.4227362637362635,110,RED ENCHANTED FOREST PLACEMAT,0.8397940486110012,Regular,Maintain standard replenishment review
85115B,3,24.87,1,3.0,0.0,8.29,1,S/4 BLACK DISCO PARTITION PANEL,0.0,Long-Tail,Limit stock and avoid excessive local warehouse space
85116,911,1043.88,11,82.81818181818181,93.37324904041647,1.3921885602435842,87,BLACK CANDELABRA T-LIGHT HOLDER,1.1274486711795622,Regular,Maintain standard replenishment review
85118,146,144.51999999999998,2,73.0,2.8284271247461903,1.50875,10,HEART T-LIGHT HOLDER,0.038745577051317676,Regular,Maintain standard replenishment review
85119,1,3.36,1,1.0,0.0,3.36,1,WATERING CAN SINGLE HOOK PISTACHIO,0.0,Long-Tail,Limit stock and avoid excessive local warehouse space
85123A,35409,99941.43000000001,13,2723.769230769231,1172.4561224090048,3.2300837102101885,2253,WHITE HANGING HEART T-LIGHT HOLDER,0.43045354546349973,High-Revenue Priority,Prioritize inventory monitoring and avoid stockouts
85124B,87,248.76,12,7.25,6.510481060287606,3.002756944444444,38,BLUE JUICY FRUIT PHOTO FRAME,0.8979973876258768,Long-Tail,Limit stock and avoid excessive local warehouse space
85124C,94,261.89,10,9.4,10.72069649478677,2.82245,39,GREEN JUICY FRUIT PHOTO FRAME,1.1404996271049754,Long-Tail,Limit stock and avoid excessive local warehouse space
85125,161,760.39,10,16.1,14.090579989640045,5.564433333333334,33,SMALL ROUND CUT GLASS CANDLESTICK,0.8751913037043505,Regular,Maintain standard replenishment review
85126,2,27.14,1,2.0,0.0,13.57,1,LARGE ROUND CUTGLASS CANDLESTICK,0.0,Long-Tail,Limit stock and avoid excessive local warehouse space
85127,182,1081.79,13,14.0,13.946325680981353,7.656038461538462,50,SMALL SQUARE CUT GLASS CANDLESTICK,0.9961661200700966,Regular,Maintain standard replenishment review
85129B,119,168.59,12,9.916666666666666,13.15265844772167,2.034265873015873,31,BEADED CRYSTAL HEART GREEN SMALL,1.3263184989299164,Regular,Maintain standard replenishment review
85129C,80,107.31,8,10.0,11.161157134071205,1.8570833333333332,15,BEADED CRYSTAL HEART BLUE SMALL,1.1161157134071205,Long-Tail,Limit stock and avoid excessive local warehouse space
85129D,207,342.74,12,17.25,18.04602701175777,1.9131707875457875,65,BEADED CRYSTAL HEART PINK SMALL,1.046146493435233,Regular,Maintain standard replenishment review
85130A,77,127.04999999999998,4,19.25,22.0661883130428,1.65,10,BEADED PEARL HEART WHITE LARGE,1.1462954967814443,Long-Tail,Limit stock and avoid excessive local warehouse space
85130B,834,760.43,12,69.5,92.6101309989159,1.6596230158730159,62,BEADED CRYSTAL HEART GREEN LARGE,1.3325198704879986,Regular,Maintain standard replenishment review
85130C,482,437.22,10,48.2,63.70382859591547,1.2096571428571428,46,BEADED CRYSTAL HEART BLUE  LARGE,1.3216561949360055,Regular,Maintain standard replenishment review
85130D,565,569.29,13,43.46153846153846,78.76718371739103,1.5086630036630038,62,BEADED CRYSTAL HEART PINK LARGE,1.8123422802231566,Regular,Maintain standard replenishment review
85131A,996,901.48,10,99.6,71.05428284847517,0.9607597222222222,119,BEADED PEARL HEART WHITE ON STICK,0.7133964141413169,Regular,Maintain standard replenishment review
85131B,623,521.11,13,47.92307692307692,29.2502465472844,0.8357538461538461,172,BEADED CRYSTAL HEART GREEN ON STICK,0.6103582746624354,Regular,Maintain standard replenishment review
85131C,193,178.85,12,16.083333333333332,11.365484698165865,0.8635416666666665,50,BEADED CRYSTAL HEART BLUE ON STICK,0.7066622610258569,Regular,Maintain standard replenishment review
85131D,850,725.26,13,65.38461538461539,37.65974522293546,0.8452121212121212,206,BEADED CRYSTAL HEART PINK ON STICK,0.5759725739978365,Regular,Maintain standard replenishment review
85132A,553,1653.97,6,92.16666666666667,115.72280098004312,7.057316144512318,118,CHARLIE + LOLA BISCUITS TINS,1.255581927450739,Regular,Maintain standard replenishment review
85132B,538,1230.78,7,76.85714285714286,95.36671077377851,6.576277383112954,84,CHARLIE AND LOLA TABLE TINS,1.2408308093242557,Regular,Maintain standard replenishment review
85132C,1522,3585.24,10,152.2,157.77536774372186,5.58936503009186,213,CHARLIE AND LOLA FIGURES TINS,1.0366318511414052,High-Revenue Priority,Prioritize inventory monitoring and avoid stockouts
85135A,19,151.05,3,6.333333333333333,7.571877794400366,7.95,8,YELLOW DRAGONFLY HELICOPTER,1.1955596517474263,Long-Tail,Limit stock and avoid excessive local warehouse space
85135B,65,524.5500000000001,9,7.222222222222222,10.48543964001722,7.971666666666668,45,BLUE DRAGONFLY HELICOPTER,1.4518301040023842,Long-Tail,Limit stock and avoid excessive local warehouse space
85135C,106,856.3800000000001,13,8.153846153846153,10.89989414204066,7.983538461538462,67,RED DRAGONFLY HELICOPTER,1.3367794702502698,Regular,Maintain standard replenishment review
85136A,71,572.41,12,5.916666666666667,7.6569437688145445,7.986027777777778,53,YELLOW SHARK HELICOPTER,1.294131341208092,Long-Tail,Limit stock and avoid excessive local warehouse space
85136B,2,15.9,1,2.0,0.0,7.95,2,BLUE SHARK HELICOPTER,0.0,Long-Tail,Limit stock and avoid excessive local warehouse space
85136C,52,421.18000000000006,8,6.5,7.982122882685139,8.07,36,RED SHARK HELICOPTER,1.2280189050284829,Long-Tail,Limit stock and avoid excessive local warehouse space
85141,116,604.14,7,16.571428571428573,19.007517309888588,7.644458874458875,38,JARDIN ETCHED GLASS FRUITBOWL,1.1470053549070698,Regular,Maintain standard replenishment review
85144,220,582.7,6,36.666666666666664,48.95167685244977,5.306666666666667,41,JARDIN ETCHED GLASS CHEESE DISH,1.3350457323395393,Regular,Maintain standard replenishment review
85145,37,163.75,2,18.5,23.33452377915607,8.35,13,JARDIN ETCHED GLASS LARGE BELL JAR,1.261325609684112,Long-Tail,Limit stock and avoid excessive local warehouse space
85146,45,171.11,5,9.0,9.327379053088816,5.518,9,JARDIN ETCHED GLASS SMALL BELL JAR,1.0363754503432017,Long-Tail,Limit stock and avoid excessive local warehouse space
85150,4037,9383.43,11,367.0,208.6719914123599,3.0438322224459027,478,LADIES & GENTLEMEN METAL SIGN,0.5685885324587463,High-Revenue Priority,Prioritize inventory monitoring and avoid stockouts
85152,8198,15847.61,13,630.6153846153846,286.1347405394699,2.374275945457805,676,HAND OVER THE CHOCOLATE   SIGN,0.4537389152248241,High-Revenue Priority,Prioritize inventory monitoring and avoid stockouts
85159A,429,736.55,13,33.0,26.627053911388696,1.9682692307692307,46,"BLACK TEA,COFFEE,SUGAR JARS",0.8068804215572332,Regular,Maintain standard replenishment review
85159B,619,1119.85,12,51.583333333333336,21.07328482542134,1.945,57,"WHITE TEA,COFFEE,SUGAR JARS",0.408528946534824,Regular,Maintain standard replenishment review
85160A,7,23.63,2,3.5,3.5355339059327378,8.69,2,WHITE BIRD GARDEN DESIGN MUG,1.0101525445522108,Long-Tail,Limit stock and avoid excessive local warehouse space
85160B,106,62.239999999999995,8,13.25,11.448643088655903,1.4275,16,BLACK BIRD GARDEN DESIGN MUG,0.8640485349928984,Regular,Maintain standard replenishment review
85161,35,568.65,8,4.375,5.180664601601392,21.0403125,20,ACRYLIC GEOMETRIC LAMP,1.184151908937461,Long-Tail,Limit stock and avoid excessive local warehouse space
85163A,66,559.0,10,6.6,7.974960814950754,11.925545454545453,32,WHITE BAROQUE WALL CLOCK,1.20832739620466,Long-Tail,Limit stock and avoid excessive local warehouse space
85163B,84,783.68,11,7.636363636363637,10.744977685158096,14.608136363636364,36,BLACK BAROQUE WALL CLOCK,1.4070804111516553,Long-Tail,Limit stock and avoid excessive local warehouse space
85167B,50,109.94,4,12.5,15.154757228892407,3.57625,8,BLACK GRAND BAROQUE PHOTO FRAME,1.2123805783113926,Long-Tail,Limit stock and avoid excessive local warehouse space
85168B,51,432.78999999999996,7,7.285714285714286,6.750661343263233,8.528504201680672,35,BLACK BAROQUE CARRIAGE CLOCK,0.9265613608400516,Long-Tail,Limit stock and avoid excessive local warehouse space
85169A,812,813.0200000000001,13,62.46153846153846,105.16702222703923,1.469655586080586,88,IVORY LOVE BIRD CANDLE,1.683708483930431,Regular,Maintain standard replenishment review
85169B,329,356.06,12,27.416666666666668,44.118555843284,1.6971439393939394,62,BLACK LOVE BIRD CANDLE,1.609187447171453,Regular,Maintain standard replenishment review
85169C,429,452.86,11,39.0,65.42323746192938,1.3686714513556617,46,EAU DE NIL LOVE BIRD CANDLE,1.6775189092802403,Regular,Maintain standard replenishment review
85169D,351,356.08000000000004,12,29.25,50.042027791193135,1.62525,50,PINK LOVE BIRD CANDLE,1.7108385569638678,Regular,Maintain standard replenishment review
85170A,1,2.1,1,1.0,0.0,2.1,1,SET/6 IVORY BIRD T-LIGHT CANDLES,0.0,Long-Tail,Limit stock and avoid excessive local warehouse space
85170B,215,316.75,11,19.545454545454547,25.335207267214674,2.3643181818181818,39,SET/6 BLACK BIRD T-LIGHT CANDLES,1.2962199066947042,Regular,Maintain standard replenishment review
85170C,335,608.53,13,25.76923076923077,24.559973690790216,2.7813176219205635,72,SET/6 EAU DE NIL BIRD T-LIGHTS,0.9530736059112621,Regular,Maintain standard replenishment review
85170D,451,796.99,13,34.69230769230769,32.68889876646355,2.8076141503424115,100,SET/6 PINK BIRD T-LIGHT CANDLES,0.9422520708736722,Regular,Maintain standard replenishment review
85172,1234,536.08,13,94.92307692307692,112.23373047533552,0.5882051282051282,42,HYACINTH BULB T-LIGHT CANDLES,1.1823650698374082,Regular,Maintain standard replenishment review
85173,479,795.02,13,36.84615384615385,33.68443298678227,2.9896125730994147,86,SET/6 FROG PRINCE T-LIGHT CANDLES,0.9141912919168466,Regular,Maintain standard replenishment review
85174,613,2927.08,13,47.15384615384615,52.15497124571181,7.569157064214035,157,S/4 CACTI CANDLES,1.106059749093399,Regular,Maintain standard replenishment review
85175,5225,2238.58,12,435.4166666666667,150.4553442256559,1.0204727792632204,141,CACTI T-LIGHT CANDLES,0.34554337429815707,High-Turnover Stable,Keep stable local warehouse inventory
85176,918,880.47,13,70.61538461538461,34.85096474403174,1.1833014191690663,172,SEWING SUSAN 21 NEEDLE SET,0.49353218047103775,Regular,Maintain standard replenishment review
85177,812,644.21,13,62.46153846153846,86.32363077842145,1.0065174825174825,63,BASKET OF FLOWERS SEWING KIT,1.3820285715757128,Regular,Maintain standard replenishment review
85178,2374,2642.58,13,182.6153846153846,122.76979708756986,1.396707553487501,139,VICTORIAN SEWING KIT,0.6722861677078383,High-Turnover Stable,Keep stable local warehouse inventory
85179A,194,383.25,7,27.714285714285715,37.93289814797654,3.560637854209283,60,GREEN BITTY LIGHT CHAIN,1.3687128197723493,Regular,Maintain standard replenishment review
85179C,106,201.31,6,17.666666666666668,17.918333255821164,4.200326797385621,36,PINK BITTY LIGHT CHAIN,1.0142452786313865,Regular,Maintain standard replenishment review
85180A,497,1014.76,11,45.18181818181818,85.41992528891393,5.274118819776715,62,RED HEARTS LIGHT CHAIN,1.890581847440751,Regular,Maintain standard replenishment review
85180B,271,587.2,10,27.1,48.69964635965599,4.918637931034484,48,PINK HEARTS LIGHT CHAIN,1.7970349210205163,Regular,Maintain standard replenishment review
85183A,667,852.04,11,60.63636363636363,33.764693771076104,1.9603939393939394,86,CHARLIE & LOLA WASTEPAPER BIN BLUE,0.5568390277089013,Regular,Maintain standard replenishment review
85183B,996,1323.37,13,76.61538461538461,40.91156817156255,2.3676418581418583,118,CHARLIE & LOLA WASTEPAPER BIN FLORA,0.5339863315565393,Regular,Maintain standard replenishment review
85184C,1654,2997.42,13,127.23076923076923,276.135882566945,3.659098774413992,195,S/4 VALENTINE DECOUPAGE HEART BOX,2.170354578821212,Regular,Maintain standard replenishment review
85185B,297,900.3900000000001,12,24.75,14.232644934030422,3.2580357142857146,71,PINK HORSE SOCK PUPPET,0.5750563609709262,Regular,Maintain standard replenishment review
85185D,15,44.25000000000001,4,3.75,1.707825127659933,2.95,8,FROG SOCK PUPPET,0.4554200340426488,Long-Tail,Limit stock and avoid excessive local warehouse space
85186A,567,273.64,5,113.4,178.12018414542467,0.6709579343365253,79,EASTER BUNNY GARLAND OF FLOWERS,1.5707247279137977,Regular,Maintain standard replenishment review
85186C,528,269.17,7,75.42857142857143,80.96266041177489,0.6769282195636875,78,BUNNY EGG GARLAND,1.0733686039439854,Regular,Maintain standard replenishment review
85187,337,556.53,8,42.125,53.97204964476652,1.9140948275862069,69,S/12 MINI RABBIT EASTER,1.2812355998757632,Regular,Maintain standard replenishment review
85188A,319,278.17,4,79.75,60.66506408139696,1.0094411764705882,42,GREEN METAL SWINGING BUNNY,0.7606904587009023,Regular,Maintain standard replenishment review
85188B,78,68.7,4,19.5,21.97726097583591,1.0915,10,PINK METAL SWINGING BUNNY,1.1270390244018416,Long-Tail,Limit stock and avoid excessive local warehouse space
85189,9,7.6499999999999995,2,4.5,2.1213203435596424,0.85,3,HANGING BUTTERFLY  EGG,0.4714045207910316,Long-Tail,Limit stock and avoid excessive local warehouse space
85194L,935,812.6899999999999,6,155.83333333333334,128.45764541928466,0.9804126984126983,72,HANGING SPRING FLOWER EGG LARGE,0.8243271363804363,Regular,Maintain standard replenishment review
85194S,1172,473.38000000000005,11,106.54545454545455,72.2583747898659,0.5212264856355765,70,HANGING SPRING FLOWER EGG SMALL,0.6781929374475468,Regular,Maintain standard replenishment review
85195,11,23.1,3,3.6666666666666665,3.7859388972001824,2.1,3,HANGING HEART BASKET,1.0325287901455042,Long-Tail,Limit stock and avoid excessive local warehouse space
85197,34,71.4,5,6.8,4.54972526643093,2.1,19,SET OF 12 MINI BUNNIES IN A BUCKET,0.6690772450633721,Long-Tail,Limit stock and avoid excessive local warehouse space
85198,90,74.58,4,22.5,19.689252567496478,0.93875,9,ASSORTED FARMYARD ANIMALS IN BUCKET,0.8750778918887323,Long-Tail,Limit stock and avoid excessive local warehouse space
85199L,965,655.63,13,74.23076923076923,59.29186825379717,0.84,94,LARGE HANGING IVORY & RED WOOD BIRD,0.7987505567869049,Regular,Maintain standard replenishment review
85199S,2636,1292.23,13,202.76923076923077,240.6058858542166,0.5967636345136345,260,SMALL HANGING IVORY/RED WOOD BIRD,1.1865995888106282,High-Turnover Volatile,Monitor closely and replenish in smaller batches
85200,183,228.75,4,45.75,29.74754891863642,1.25,26,BUNNY EGG BOX,0.6502196484947851,Regular,Maintain standard replenishment review
85202,672,313.13,12,56.0,79.86921127124587,0.5923697679026626,106,HANGING WOOD AND FELT HEART,1.426235915557962,Regular,Maintain standard replenishment review
85203,895,408.99,13,68.84615384615384,79.88830343448923,0.6048934676434676,127,HANGING WOOD AND FELT BUTTERFLY,1.1603887649702347,Regular,Maintain standard replenishment review
85204,2050,325.36,13,157.69230769230768,199.2529316452603,0.32657342657342653,104,HANGING WOOD AND FELT FLOWER,1.2635551762870167,High-Turnover Volatile,Monitor closely and replenish in smaller batches
85205B,122,323.15,5,24.4,12.973048986263793,2.764222222222222,29,PINK FELT EASTER RABBIT GARLAND,0.5316823355026145,Regular,Maintain standard replenishment review
85206A,974,1568.9299999999998,4,243.5,169.7026811809407,1.7242276186790506,114,CREAM FELT EASTER EGG BASKET,0.6969309288744997,Regular,Maintain standard replenishment review
85206B,14,23.1,1,14.0,0.0,1.65,4,PINK FELT EASTER EGG BASKET,0.0,Long-Tail,Limit stock and avoid excessive local warehouse space
85208,223,416.91,11,20.272727272727273,27.28036256757197,2.2003787878787877,48,SET/12 FUNKY FELT FLOWER PEG IN BAG,1.3456681087143123,Regular,Maintain standard replenishment review
85211,149,175.16,9,16.555555555555557,27.189663068485746,1.8464603174603174,24,S/4 GROOVY CAT MAGNETS,1.6423286417206153,Regular,Maintain standard replenishment review
85212,2451,740.15,13,188.53846153846155,199.64577605708538,0.4891269841269841,79,MINI PAINTED GARDEN DECORATION,1.0589127249049817,High-Turnover Stable,Keep stable local warehouse inventory
85213,828,329.7,8,103.5,221.60002578648638,1.0052272727272726,32,MINI  ZINC GARDEN DECORATIONS,2.1410630510771633,Regular,Maintain standard replenishment review
85214,164,271.03999999999996,9,18.22222222222222,14.201916928515125,1.6677018043684708,58,TUB 24 PINK FLOWER PEGS,0.7793734899794886,Regular,Maintain standard replenishment review
85215,223,180.71,8,27.875,24.32187434036636,0.948125,18,ASSORTED CHEESE FRIDGE MAGNETS,0.8725336086230084,Regular,Maintain standard replenishment review
85216,55,35.75,6,9.166666666666666,6.013872850889572,0.65,8,ASSORTED CAKES FRIDGE MAGNETS,0.6560588564606806,Long-Tail,Limit stock and avoid excessive local warehouse space
85224,3,6.300000000000001,1,3.0,0.0,2.1,1,ASSORTED COLOUR SILK GLASSES CASE,0.0,Long-Tail,Limit stock and avoid excessive local warehouse space
85225,6,6.25,2,3.0,2.8284271247461903,1.125,3,BLING KEY RING STAND,0.9428090415820635,Long-Tail,Limit stock and avoid excessive local warehouse space
85227,1477,1359.3999999999999,13,113.61538461538461,58.245941863701916,1.0740406968197969,223,SET OF 6 3D KIT CARDS FOR KIDS,0.5126589331266925,Regular,Maintain standard replenishment review
85230A,840,203.28,9,93.33333333333333,56.85068161420758,0.2559259259259259,18,OPIUM SCENTED VOTIVE CANDLE,0.6091144458665099,Regular,Maintain standard replenishment review
85230B,1288,333.2,12,107.33333333333333,90.74773559241858,0.27305555555555555,39,CINNAMON SCENTED VOTIVE CANDLE,0.8454757974448937,Regular,Maintain standard replenishment review
85230E,1101,267.45,10,110.1,56.463262392461885,0.2617333333333333,24,STRAWBRY SCENTED VOTIVE CANDLE,0.5128361706853941,Regular,Maintain standard replenishment review
85230F,338,90.34,7,48.285714285714285,49.64445012860379,0.2833333333333333,12,JASMINE VOTIVE CANDLE,1.0281394997048123,Regular,Maintain standard replenishment review
85230G,984,243.11999999999998,12,82.0,54.59270680561312,0.2622222222222222,24,ORANGE VOTIVE CANDLE,0.6657647171416234,Regular,Maintain standard replenishment review
85231B,871,782.5,13,67.0,63.076672920079304,1.06355191093736,154,CINAMMON SET OF 9 T-LIGHTS,0.9414428794041687,Regular,Maintain standard replenishment review
85231G,600,511.05,11,54.54545454545455,30.90748658938037,1.0199246981089087,87,ORANGE SCENTED SET/9 T-LIGHTS,0.5666372541386401,Regular,Maintain standard replenishment review
85232A,75,374.7,6,12.5,14.307340773183533,5.4013333333333335,28,SET/3 POLKADOT STACKING TINS,1.1445872618546826,Long-Tail,Limit stock and avoid excessive local warehouse space
85232B,271,1341.45,2,135.5,183.1406563273158,4.95,12,SET OF 3 BABUSHKA STACKING TINS,1.3515915596111867,Regular,Maintain standard replenishment review
85232D,190,977.6700000000001,11,17.272727272727273,14.31147028848475,5.910641774891775,68,SET/3 DECOUPAGE STACKING TINS,0.8285588061754329,Regular,Maintain standard replenishment review
90000A,13,77.91,5,2.6,1.51657508881031,6.006,8,RASPBERRY ANT COPPER FLOWER NECKLAC,0.5832981110808885,Long-Tail,Limit stock and avoid excessive local warehouse space
90000B,11,67.83,6,1.8333333333333333,1.6020819787597222,6.16,7,MIDNIGHT BLUE COPPER FLOWER NECKLAC,0.8738628975053031,Long-Tail,Limit stock and avoid excessive local warehouse space
90000D,21,129.85000000000002,10,2.1,1.728840330651992,6.16,14,COPPER/OLIVE GREEN FLOWER NECKLACE,0.8232573003104723,Long-Tail,Limit stock and avoid excessive local warehouse space
90001A,5,20.950000000000003,4,1.25,0.5,4.175000000000001,4,ANTIQUE RASPBERRY FLOWER EARRINGS,0.4,Long-Tail,Limit stock and avoid excessive local warehouse space
90001B,5,21.15,3,1.6666666666666667,0.5773502691896258,4.216666666666667,3,ANTIQUE MID BLUE FLOWER EARRINGS,0.3464101615137755,Long-Tail,Limit stock and avoid excessive local warehouse space
90001C,5,21.130000000000003,4,1.25,0.5,4.2325,5,ANTIQUE OPAL WHITE FLOWER EARRINGS,0.4,Long-Tail,Limit stock and avoid excessive local warehouse space
90001D,7,29.73,5,1.4,0.5477225575051661,4.246,5,ANTIQUE OLIVE GREEN FLOWER EARRINGS,0.3912303982179758,Long-Tail,Limit stock and avoid excessive local warehouse space
90002D,13,48.71,5,2.6,2.5099800796022262,3.746,9,FLOWER BURST SILVER RING CRYSTAL,0.9653769536931639,Long-Tail,Limit stock and avoid excessive local warehouse space
90003B,11,41.31,6,1.8333333333333333,1.1690451944500122,3.7550000000000003,9,ROSE COLOUR PAIR HEART HAIR SLIDES,0.6376610151545521,Long-Tail,Limit stock and avoid excessive local warehouse space
90003C,28,104.84,11,2.5454545454545454,1.2933395813657265,3.7427272727272727,23,MIDNIGHT BLUE PAIR HEART HAIR SLIDE,0.5080976926793925,Long-Tail,Limit stock and avoid excessive local warehouse space
90003D,26,97.25999999999999,9,2.888888888888889,2.088327347690278,3.7393333333333327,15,CRYSTAL PAIR HEART HAIR SLIDES,0.72288254343125,Long-Tail,Limit stock and avoid excessive local warehouse space
90003E,19,71.11,7,2.7142857142857144,2.0586634591635513,3.7480952380952384,13,GREEN PAIR HEART HAIR SLIDES,0.7584549586392031,Long-Tail,Limit stock and avoid excessive local warehouse space
90005A,14,28.02,3,4.666666666666667,5.507570547286102,2.0128571428571425,10,JADE GREEN ENAMEL HAIR COMB,1.1801936887041646,Long-Tail,Limit stock and avoid excessive local warehouse space
90010A,18,167.3,9,2.0,1.118033988749895,9.282962962962962,15,MIDNIGHT BLUE GLASS/SILVER BRACELET,0.5590169943749475,Long-Tail,Limit stock and avoid excessive local warehouse space
90010B,11,100.08999999999999,4,2.75,1.5,9.052499999999998,7,BLACK/WHITE GLASS/SILVER BRACELET,0.5454545454545454,Long-Tail,Limit stock and avoid excessive local warehouse space
90010E,25,227.89000000000001,9,2.7777777777777777,1.6414763002993509,9.100185185185186,16,AMBER GLASS/SILVER BRACELET,0.5909314681077663,Long-Tail,Limit stock and avoid excessive local warehouse space
90011A,6,17.509999999999998,4,1.5,0.5773502691896257,2.9212499999999997,6,MIDNIGHT BLUE CRYSTAL DROP EARRINGS,0.38490017945975047,Long-Tail,Limit stock and avoid excessive local warehouse space
90011B,12,35.27,6,2.0,2.0,2.9324999999999997,7,BLACK CRYSTAL DROP EARRINGS,1.0,Long-Tail,Limit stock and avoid excessive local warehouse space
90011C,2,5.8,2,1.0,0.0,2.9,2,GREEN CRYSTAL DROP EARRINGS,0.0,Long-Tail,Limit stock and avoid excessive local warehouse space
90011D,3,8.76,3,1.0,0.0,2.92,3,PURPLE CRYSTAL DROP EARRINGS,0.0,Long-Tail,Limit stock and avoid excessive local warehouse space
90011E,3,8.76,3,1.0,0.0,2.92,3,AMBER CRYSTAL DROP EARRINGS,0.0,Long-Tail,Limit stock and avoid excessive local warehouse space
90012A,11,53.760000000000005,4,2.75,3.5,8.2775,5,MIDNIGHT BLUE DROP CRYSTAL NECKLACE,1.2727272727272727,Long-Tail,Limit stock and avoid excessive local warehouse space
90012B,13,45.35000000000001,3,4.333333333333333,2.886751345948129,5.283333333333333,3,BLACK DROP CRYSTAL NECKLACE,0.6661733875264914,Long-Tail,Limit stock and avoid excessive local warehouse space
90013A,44,165.32,10,4.4,2.6749870196985173,3.744880952380952,31,MIDNIGHT BLUE VINTAGE EARRINGS,0.6079515953860266,Long-Tail,Limit stock and avoid excessive local warehouse space
90013B,36,149.41,11,3.272727272727273,2.969542358374741,4.1440909090909095,31,BLACK VINTAGE EARRINGS,0.9073601650589486,Long-Tail,Limit stock and avoid excessive local warehouse space
90013C,39,158.08,11,3.5454545454545454,2.6967994498529686,4.073333333333334,28,GREEN VINTAGE EARRINGS,0.7606357422662219,Long-Tail,Limit stock and avoid excessive local warehouse space
90013D,6,25.17,3,2.0,1.0,4.180000000000001,3,PURPLE VINTAGE EARRINGS,0.5,Long-Tail,Limit stock and avoid excessive local warehouse space
90014A,27,217.59,12,2.25,1.8153386861559873,9.255972222222223,21,SILVER/MOP ORBIT NECKLACE,0.8068171938471055,Long-Tail,Limit stock and avoid excessive local warehouse space
90014B,17,158.74,8,2.125,0.8345229603962802,9.350625,15,GOLD M PEARL  ORBIT NECKLACE,0.3927166872453083,Long-Tail,Limit stock and avoid excessive local warehouse space
90014C,5,43.199999999999996,3,1.6666666666666667,0.5773502691896257,8.858333333333333,4,SILVER AND BLACK ORBIT NECKLACE,0.3464101615137754,Long-Tail,Limit stock and avoid excessive local warehouse space
90016A,17,105.71000000000001,7,2.4285714285714284,2.9920529661723827,7.815714285714286,7,SILVER/M.O.P PENDANT ORBIT NECKLACE,1.232021809600393,Long-Tail,Limit stock and avoid excessive local warehouse space
90016B,22,184.66,10,2.2,1.2292725943057183,8.4025,19,GOLD/M.O.P PENDANT ORBIT NECKLACE,0.5587602701389628,Long-Tail,Limit stock and avoid excessive local warehouse space
90016C,3,24.96,3,1.0,0.0,8.32,3,SILVER/BLACK PENDANT ORBIT NECKLACE,0.0,Long-Tail,Limit stock and avoid excessive local warehouse space
90018A,46,193.33,11,4.181818181818182,2.2723636072680717,4.195545454545455,37,SILVER M.O.P ORBIT DROP EARRINGS,0.5433912973901911,Long-Tail,Limit stock and avoid excessive local warehouse space
90018B,22,92.28,10,2.2,1.3984117975602022,4.199,17,GOLD M.O.P ORBIT DROP EARRINGS,0.6356417261637282,Long-Tail,Limit stock and avoid excessive local warehouse space
90018C,12,50.400000000000006,5,2.4,1.51657508881031,4.183333333333334,9,SILVER BLACK ORBIT DROP EARRINGS,0.6319062870042959,Long-Tail,Limit stock and avoid excessive local warehouse space
90019A,38,197.09,12,3.1666666666666665,2.167249338901663,5.2575,27,SILVER M.O.P ORBIT BRACELET,0.6843945280742094,Long-Tail,Limit stock and avoid excessive local warehouse space
90019B,18,96.52000000000001,9,2.0,1.3228756555322954,5.318333333333333,18,GOLD M.O.P ORBIT BRACELET,0.6614378277661477,Long-Tail,Limit stock and avoid excessive local warehouse space
90019C,13,68.73,8,1.625,0.9161253813129043,5.245,11,SILVER BLACK ORBIT BRACELET,0.5637694654233257,Long-Tail,Limit stock and avoid excessive local warehouse space
90020,1,12.48,1,1.0,0.0,12.48,1,FILIGREE DIAMANTE CHAIN,0.0,Long-Tail,Limit stock and avoid excessive local warehouse space
90021,1,11.95,1,1.0,0.0,11.95,1,LASER CUT MULTI STRAND NECKLACE,0.0,Long-Tail,Limit stock and avoid excessive local warehouse space
90022,20,75.2,9,2.2222222222222223,2.1081851067789197,3.742380952380952,19,EDWARDIAN DROP EARRINGS JET BLACK,0.9486832980505138,Long-Tail,Limit stock and avoid excessive local warehouse space
90023,13,55.02,7,1.8571428571428572,0.6900655593423541,4.225714285714286,9,FILIGREE DIAMANTE EARRINGS,0.37157376272280607,Long-Tail,Limit stock and avoid excessive local warehouse space
90024B,6,50.28,4,1.5,0.5773502691896257,8.365,5,NEW BAROQUE B'FLY NECKLACE RED,0.38490017945975047,Long-Tail,Limit stock and avoid excessive local warehouse space
90024C,4,33.81,3,1.3333333333333333,0.5773502691896257,8.436666666666667,3,NEW BAROQUE B'FLY NECKLACE GREEN,0.4330127018922193,Long-Tail,Limit stock and avoid excessive local warehouse space
90024D,2,16.82,2,1.0,0.0,8.41,2,NEW BAROQUE B'FLY NECKLACE PINK,0.0,Long-Tail,Limit stock and avoid excessive local warehouse space
90024E,2,16.810000000000002,2,1.0,0.0,8.405000000000001,2,NEW BAROQUE B'FLY NECKLACE MONTANA,0.0,Long-Tail,Limit stock and avoid excessive local warehouse space
90024F,5,42.13,4,1.25,0.5,8.4075,4,NEW BAROQUE B'FLY NECKLACE CRYSTAL,0.4,Long-Tail,Limit stock and avoid excessive local warehouse space
90025A,2,7.5,2,1.0,0.0,3.75,2,BAROQUE BUTTERFLY EARRINGS BLACK,0.0,Long-Tail,Limit stock and avoid excessive local warehouse space
90025B,1,3.73,1,1.0,0.0,3.73,1,BAROQUE BUTTERFLY EARRINGS RED,0.0,Long-Tail,Limit stock and avoid excessive local warehouse space
90025D,3,11.19,3,1.0,0.0,3.73,3,BAROQUE BUTTERFLY EARRINGS PINK,0.0,Long-Tail,Limit stock and avoid excessive local warehouse space
90025E,1,3.73,1,1.0,0.0,3.73,1,BAROQUE BUTTERFLY EARRINGS MONTANA,0.0,Long-Tail,Limit stock and avoid excessive local warehouse space
90025F,4,14.96,3,1.3333333333333333,0.5773502691896258,3.736666666666667,4,BAROQUE BUTTERFLY EARRINGS CRYSTAL,0.4330127018922194,Long-Tail,Limit stock and avoid excessive local warehouse space
90026A,2,17.0,1,2.0,0.0,8.5,1,GLASS BEAD HOOP NECKLACE BLACK,0.0,Long-Tail,Limit stock and avoid excessive local warehouse space
90026B,3,25.32,2,1.5,0.7071067811865476,8.455,3,GLASS BEAD HOOP NECKLACE MONTANA,0.47140452079103173,Long-Tail,Limit stock and avoid excessive local warehouse space
90026C,4,33.82,3,1.3333333333333333,0.5773502691896258,8.44,3,GLASS BEAD HOOP NECKLACE GREEN,0.4330127018922194,Long-Tail,Limit stock and avoid excessive local warehouse space
90026D,3,25.5,3,1.0,0.0,8.5,3,GLASS BEAD HOOP NECKLACE AMETHYST,0.0,Long-Tail,Limit stock and avoid excessive local warehouse space
90027A,6,17.66,2,3.0,2.8284271247461903,2.9275,3,GLASS BEAD HOOP EARRINGS BLACK,0.9428090415820635,Long-Tail,Limit stock and avoid excessive local warehouse space
90027B,3,8.76,3,1.0,0.0,2.92,3,GLASS BEAD HOOP EARRINGS MONTANA,0.0,Long-Tail,Limit stock and avoid excessive local warehouse space
90027C,5,14.5,4,1.25,0.5,2.9,5,GLASS BEAD HOOP EARRINGS GREEN,0.4,Long-Tail,Limit stock and avoid excessive local warehouse space
90027D,9,28.4,4,2.25,1.2583057392117916,3.2275,6,GLASS BEAD HOOP EARRINGS AMETHYST,0.5592469952052407,Long-Tail,Limit stock and avoid excessive local warehouse space
90028,16,134.16,7,2.2857142857142856,2.2146697055682827,8.394285714285715,14,NEW BAROQUE LARGE NECKLACE BLK/WHIT,0.9689179961861237,Long-Tail,Limit stock and avoid excessive local warehouse space
90029,5,42.14,4,1.25,0.5,8.41,4,NEW BAROQUE SMALL NECKLACE BLACK,0.4,Long-Tail,Limit stock and avoid excessive local warehouse space
90030A,72,72.0,4,18.0,24.0,1.0,7,SPOTTED WHITE NATURAL SEED NECKLACE,1.3333333333333333,Long-Tail,Limit stock and avoid excessive local warehouse space
90030B,122,190.73000000000002,10,12.2,11.173381065928275,3.3623333333333334,25,RED KUKUI COCONUT SEED NECKLACE,0.9158509070433013,Regular,Maintain standard replenishment review
90030C,77,91.7,6,12.833333333333334,19.893885157672614,2.626666666666667,11,BROWN KUKUI COCONUT SEED NECKLACE,1.5501728694290346,Long-Tail,Limit stock and avoid excessive local warehouse space
90031,50,59.89,6,8.333333333333334,10.893423092245461,2.6483333333333334,7,BILI NUT AND WOOD NECKLACE,1.3072107710694554,Long-Tail,Limit stock and avoid excessive local warehouse space
90032,21,103.13,6,3.5,2.8809720581775866,5.726666666666667,8,IVORY SHELL HEART NECKLACE,0.8231348737650247,Long-Tail,Limit stock and avoid excessive local warehouse space
90033,10,25.07,7,1.4285714285714286,0.5345224838248488,2.4992857142857146,9,IVORY SHELL HEART EARRINGS,0.37416573867739417,Long-Tail,Limit stock and avoid excessive local warehouse space
90034,2,20.17,2,1.0,0.0,10.085,2,WHITE SILVER NECKLACE SHELL GLASS,0.0,Long-Tail,Limit stock and avoid excessive local warehouse space
90035A,5,53.62,3,1.6666666666666667,1.1547005383792517,10.706666666666665,3,"PEARL & SHELL 42""NECKL. GREEN",0.692820323027551,Long-Tail,Limit stock and avoid excessive local warehouse space
90035C,2,21.5,1,2.0,0.0,10.75,1,"PEARL & SHELL 42""NECKL. IVORY",0.0,Long-Tail,Limit stock and avoid excessive local warehouse space
90036A,6,47.7,3,2.0,1.0,7.95,4,FLOWER GARLAND NECKLACE RED,0.5,Long-Tail,Limit stock and avoid excessive local warehouse space
90036B,4,31.8,2,2.0,1.4142135623730951,7.95,2,"FLOWER GLASS GARLAND NECKL.36""GREEN",0.7071067811865476,Long-Tail,Limit stock and avoid excessive local warehouse space
90036C,9,71.4,5,1.8,1.0954451150103321,7.92,5,"FLOWER GLASS GARLAND NECKL.36""BLUE",0.6085806194501845,Long-Tail,Limit stock and avoid excessive local warehouse space
90036D,12,95.35000000000001,5,2.4,1.3416407864998738,7.94,5,"FLOWER GLASS GARLAND NECKL.36""BLACK",0.5590169943749475,Long-Tail,Limit stock and avoid excessive local warehouse space
90036E,14,110.95,8,1.75,1.3887301496588271,7.922916666666667,11,"FLOWER GLASS GARLD NECKL36""AMETHYST",0.7935600855193298,Long-Tail,Limit stock and avoid excessive local warehouse space
90036F,8,64.08,3,2.6666666666666665,1.1547005383792517,8.03,5,"FLOWER GLASS GARLD NECKL36""TURQUOIS",0.4330127018922194,Long-Tail,Limit stock and avoid excessive local warehouse space
90037A,1,2.48,1,1.0,0.0,2.48,1,TINY CRYSTAL BRACELET RED,0.0,Long-Tail,Limit stock and avoid excessive local warehouse space
90037B,10,25.28,4,2.5,2.3804761428476167,2.505,5,TINY CRYSTAL BRACELET GREEN,0.9521904571390467,Long-Tail,Limit stock and avoid excessive local warehouse space
90037C,5,12.52,4,1.25,0.5,2.495,5,TINY CRYSTAL BRACELET BLUE,0.4,Long-Tail,Limit stock and avoid excessive local warehouse space
90038A,15,56.15,8,1.875,1.7268882005337975,3.7425,10,GLASS AND PAINTED BEADS BRACELET TO,0.921007040284692,Long-Tail,Limit stock and avoid excessive local warehouse space
90038B,13,48.77,6,2.1666666666666665,1.9407902170679516,3.7466666666666666,8,GLASS AND PAINTED BEADS BRACELET OL,0.8957493309544393,Long-Tail,Limit stock and avoid excessive local warehouse space
90038C,9,33.69,4,2.25,2.5,3.735,4,GLASS AND BEADS BRACELET IVORY,1.1111111111111112,Long-Tail,Limit stock and avoid excessive local warehouse space
90039A,8,29.96,3,2.6666666666666665,2.8867513459481287,3.736666666666667,3,FIRE POLISHED GLASS BRACELET RED,1.0825317547305484,Long-Tail,Limit stock and avoid excessive local warehouse space
90039B,11,41.31,5,2.2,2.16794833886788,3.758,6,FIRE POLISHED GLASS BRACELET MONTAN,0.9854310631217635,Long-Tail,Limit stock and avoid excessive local warehouse space
90039C,6,22.48,5,1.2,0.4472135954999579,3.75,6,FIRE POLISHED GLASS BRACELET BLACK,0.37267799624996495,Long-Tail,Limit stock and avoid excessive local warehouse space
90039D,21,78.69,8,2.625,3.814914340921881,3.745,9,FIRE POLISHED GLASS BRACELET GREEN,1.4533007013035737,Long-Tail,Limit stock and avoid excessive local warehouse space
90040A,14,54.290000000000006,3,4.666666666666667,2.081665999466133,3.84,5,MURANO STYLE GLASS BRACELET RED,0.4460712855998856,Long-Tail,Limit stock and avoid excessive local warehouse space
90040B,18,66.7,4,4.5,4.725815626252608,3.68,11,MURANO STYLE GLASS BRACELET BLACK,1.0501812502783574,Long-Tail,Limit stock and avoid excessive local warehouse space
90040C,15,54.42,5,3.0,1.5811388300841898,3.654,10,MURANO STYLE GLASS BRACELET GOLD,0.5270462766947299,Long-Tail,Limit stock and avoid excessive local warehouse space
90041,5,18.27,4,1.25,0.5,3.6925,4,PEARL AND CHERRY QUARTZ BRACLET,0.4,Long-Tail,Limit stock and avoid excessive local warehouse space
90042A,3,7.6499999999999995,2,1.5,0.7071067811865476,2.55,2,FRESHWATER PEARL BRACELET GOLD,0.47140452079103173,Long-Tail,Limit stock and avoid excessive local warehouse space
90042C,5,12.7,2,2.5,0.7071067811865476,2.54,5,FRESHWATER PEARL BRACELET IVORY,0.282842712474619,Long-Tail,Limit stock and avoid excessive local warehouse space
90043,4,24.810000000000002,2,2.0,1.4142135623730951,7.455,2,COPPER AND BRASS BAG CHARM,0.7071067811865476,Long-Tail,Limit stock and avoid excessive local warehouse space
90046,3,14.85,1,3.0,0.0,4.95,1,WHITE WITH METAL BAG CHARM,0.0,Long-Tail,Limit stock and avoid excessive local warehouse space
90048,3,14.85,1,3.0,0.0,4.95,1,GREEN WITH METAL BAG CHARM,0.0,Long-Tail,Limit stock and avoid excessive local warehouse space
90049,5,34.77,3,1.6666666666666667,1.1547005383792517,8.290000000000001,3,IVORY GOLD METAL BAG CHARM,0.692820323027551,Long-Tail,Limit stock and avoid excessive local warehouse space
90050,8,55.72,4,2.0,1.1547005383792515,6.98,4,CRACKED GLAZE NECKLACE IVORY,0.5773502691896257,Long-Tail,Limit stock and avoid excessive local warehouse space
90051,10,70.16,4,2.5,1.0,7.025,7,CRACKED GLAZE NECKLACE RED,0.4,Long-Tail,Limit stock and avoid excessive local warehouse space
90052,2,14.14,2,1.0,0.0,7.07,2,CRACKED GLAZE NECKLACE BROWN,0.0,Long-Tail,Limit stock and avoid excessive local warehouse space
90053,4,9.99,4,1.0,0.0,2.4975,4,CRACKED GLAZE EARRINGS IVORY,0.0,Long-Tail,Limit stock and avoid excessive local warehouse space
90054,9,22.58,6,1.5,0.5477225575051662,2.5124999999999997,9,CRACKED GLAZE EARRINGS RED,0.36514837167011077,Long-Tail,Limit stock and avoid excessive local warehouse space
90055,5,12.53,4,1.25,0.5,2.5125,5,CRACKED GLAZE EARRINGS BROWN,0.4,Long-Tail,Limit stock and avoid excessive local warehouse space
90056,4,43.510000000000005,3,1.3333333333333333,0.5773502691896258,10.896666666666667,4,CHUNKY CRACKED GLAZE NECKLACE IVORY,0.4330127018922194,Long-Tail,Limit stock and avoid excessive local warehouse space
90057,1008,1311.3600000000001,6,168.0,152.54638638787875,1.4283333333333335,22,DIAMANTE RING ASSORTED IN BOX.,0.9080142046897545,Regular,Maintain standard replenishment review
90058A,324,123.12,4,81.0,68.14690014960328,0.38,7,CRYSTAL STUD EARRINGS CLEAR DISPLAY,0.8413197549333739,Regular,Maintain standard replenishment review
90058B,612,232.56,6,102.0,89.39798655450804,0.38000000000000006,15,CRYSTAL STUD EARRINGS ASSORTED COL,0.8764508485736082,Regular,Maintain standard replenishment review
90059A,39,64.63,8,4.875,2.3566016694748027,1.6566666666666665,26,DIAMANTE HAIR GRIP PACK/2 CRYSTAL,0.48340547066149797,Long-Tail,Limit stock and avoid excessive local warehouse space
90059B,10,16.619999999999997,5,2.0,1.224744871391589,1.6593333333333333,9,DIAMANTE HAIR GRIP PACK/2 BLACK DIA,0.6123724356957945,Long-Tail,Limit stock and avoid excessive local warehouse space
90059C,9,14.889999999999999,6,1.5,1.224744871391589,1.6566666666666665,9,DIAMANTE HAIR GRIP PACK/2 MONTANA,0.8164965809277259,Long-Tail,Limit stock and avoid excessive local warehouse space
90059D,19,31.549999999999997,10,1.9,1.1005049346146119,1.655333333333333,18,DIAMANTE HAIR GRIP PACK/2 PERIDOT,0.5792131234813747,Long-Tail,Limit stock and avoid excessive local warehouse space
90059E,19,31.47,7,2.7142857142857144,2.3603873774083293,1.6538095238095238,14,DIAMANTE HAIR GRIP PACK/2 RUBY,0.8696164022030687,Long-Tail,Limit stock and avoid excessive local warehouse space
90059F,15,24.79,7,2.142857142857143,1.0690449676496976,1.6528571428571428,13,DIAMANTE HAIR GRIP PACK/2 LT ROSE,0.49888765156985887,Long-Tail,Limit stock and avoid excessive local warehouse space
90060B,1,5.95,1,1.0,0.0,5.95,1,FIRE POLISHED GLASS NECKL GOLD,0.0,Long-Tail,Limit stock and avoid excessive local warehouse space
90060D,3,17.85,1,3.0,0.0,5.95,3,FIRE POLISHED GLASS NECKL BRONZE,0.0,Long-Tail,Limit stock and avoid excessive local warehouse space
90060F,6,35.160000000000004,5,1.2,0.4472135954999579,5.868,6,FIRE POLISHED GLASS NECKL GREEN,0.37267799624996495,Long-Tail,Limit stock and avoid excessive local warehouse space
90062,44,558.03,5,8.8,4.43846820423443,12.651,26,CARNIVAL BRACELET,0.5043713868448215,Long-Tail,Limit stock and avoid excessive local warehouse space
90063A,12,102.0,6,2.0,0.6324555320336759,8.5,8,WHITE VINT ART DECO CRYSTAL NECKLAC,0.31622776601683794,Long-Tail,Limit stock and avoid excessive local warehouse space
90063B,9,76.32,5,1.8,0.8366600265340756,8.482,6,BLACK VINT ART DEC CRYSTAL NECKLACE,0.4648111258522642,Long-Tail,Limit stock and avoid excessive local warehouse space
90064A,10,38.7,4,2.5,1.7320508075688772,3.95,6,WHITE VINTAGE CRYSTAL EARRINGS,0.6928203230275509,Long-Tail,Limit stock and avoid excessive local warehouse space
90064B,11,41.25,4,2.75,1.4999999999999998,3.75,6,BLACK VINTAGE  CRYSTAL EARRINGS,0.5454545454545454,Long-Tail,Limit stock and avoid excessive local warehouse space
90065A,7,47.25,4,1.75,0.9574271077563381,6.75,4,WHITE VINTAGE CRYSTAL BRACELET,0.5471012044321932,Long-Tail,Limit stock and avoid excessive local warehouse space
90065B,2,13.5,2,1.0,0.0,6.75,2,BLACK VINT ART DEC CRYSTAL BRACELET,0.0,Long-Tail,Limit stock and avoid excessive local warehouse space
90067A,14,41.150000000000006,5,2.8,2.16794833886788,2.935,7,PINK VINTAGE VICTORIAN EARRINGS,0.7742672638813858,Long-Tail,Limit stock and avoid excessive local warehouse space
90067B,2,5.8,1,2.0,0.0,2.9,2,BROWN VINTAGE VICTORIAN EARRINGS,0.0,Long-Tail,Limit stock and avoid excessive local warehouse space
90068,1,7.5,1,1.0,0.0,7.5,1,"RUBY GLASS NECKLACE 42""",0.0,Long-Tail,Limit stock and avoid excessive local warehouse space
90069,2,15.0,1,2.0,0.0,7.5,1,RUBY GLASS CLUSTER NECKLACE,0.0,Long-Tail,Limit stock and avoid excessive local warehouse space
90070,17,104.79,9,1.8888888888888888,1.2692955176439846,6.167777777777778,13,RUBY GLASS CLUSTER BRACELET,0.6719799799291684,Long-Tail,Limit stock and avoid excessive local warehouse space
90071,44,54.62,12,3.6666666666666665,3.420083288016491,1.2346180555555555,33,RUBY GLASS CLUSTER EARRINGS,0.9327499876408613,Long-Tail,Limit stock and avoid excessive local warehouse space
90072,21,83.42,9,2.3333333333333335,1.9364916731037085,4.0761111111111115,14,RUBY DROP CHANDELIER EARRINGS,0.8299250027587322,Long-Tail,Limit stock and avoid excessive local warehouse space
90073,27,134.7,10,2.7,2.869378562220979,4.987,18,VINTAGE ENAMEL & CRYSTAL EARRINGS,1.0627328008225847,Long-Tail,Limit stock and avoid excessive local warehouse space
90074,4,37.239999999999995,3,1.3333333333333333,0.5773502691896257,9.43,3,BLACK DIAMOND CLUSTER NECKLACE,0.4330127018922193,Long-Tail,Limit stock and avoid excessive local warehouse space
90075,4,37.66,2,2.0,0.0,9.415,3,MONTANA DIAMOND CLUSTER NECKLACE,0.0,Long-Tail,Limit stock and avoid excessive local warehouse space
90076,9,24.12,4,2.25,2.5,2.8425,4,MONTANA DIAMOND CLUSTER EARRINGS,1.1111111111111112,Long-Tail,Limit stock and avoid excessive local warehouse space
90077,3,8.82,2,1.5,0.7071067811865476,2.9299999999999997,3,BLACK DIAMOND CLUSTER EARRINGS,0.47140452079103173,Long-Tail,Limit stock and avoid excessive local warehouse space
90078,2,15.0,1,2.0,0.0,7.5,1,PINK/WHITE GLASS DEMI CHOKER,0.0,Long-Tail,Limit stock and avoid excessive local warehouse space
90079,10,49.760000000000005,4,2.5,1.7320508075688772,4.9925,4,VINTAGE ENAMEL & CRYSTAL NECKLACE,0.6928203230275509,Long-Tail,Limit stock and avoid excessive local warehouse space
90081A,15,74.25,7,2.142857142857143,1.0690449676496976,4.95,8,LILY BROOCH AMETHYST COLOUR,0.49888765156985887,Long-Tail,Limit stock and avoid excessive local warehouse space
90081B,1,4.95,1,1.0,0.0,4.95,1,LILY BROOCH WHITE/SILVER COLOUR,0.0,Long-Tail,Limit stock and avoid excessive local warehouse space
90081C,20,99.60000000000001,9,2.2222222222222223,1.201850425154663,4.979259259259259,15,LILY BROOCH OLIVE COLOUR,0.5408326913195983,Long-Tail,Limit stock and avoid excessive local warehouse space
90082A,30,193.2,11,2.727272727272727,2.370270410350224,6.490909090909091,18,DIAMANTE BOW BROOCH GREEN COLOUR,0.8690991504617489,Long-Tail,Limit stock and avoid excessive local warehouse space
90082B,25,158.75,6,4.166666666666667,5.382068994974579,6.349999999999999,10,DIAMANTE BOW BROOCH RED COLOUR,1.2916965587938987,Long-Tail,Limit stock and avoid excessive local warehouse space
90082D,9,58.03,2,4.5,4.949747468305833,6.404999999999999,5,DIAMANTE BOW BROOCH BLACK COLOUR,1.0999438818457405,Long-Tail,Limit stock and avoid excessive local warehouse space
90083,25,23.47,4,6.25,5.377421934967226,1.45,9,CRYSTAL CZECH CROSS PHONE CHARM,0.8603875095947562,Long-Tail,Limit stock and avoid excessive local warehouse space
90084,1,0.85,1,1.0,0.0,0.85,1,PINK CRYSTAL GUITAR PHONE CHARM,0.0,Long-Tail,Limit stock and avoid excessive local warehouse space
90085,34,36.76,7,4.857142857142857,5.6103645582252915,1.4857142857142858,10,CRYSTAL STILETTO PHONE CHARM,1.1550750561052072,Long-Tail,Limit stock and avoid excessive local warehouse space
90086,102,77.78999999999999,11,9.272727272727273,17.5333448553943,1.4825454545454546,28,CRYSTAL FROG PHONE CHARM,1.8908509157778166,Regular,Maintain standard replenishment review
90087,107,61.459999999999994,11,9.727272727272727,21.03849285995035,1.4854545454545454,25,CRYSTAL SEA HORSE PHONE CHARM,2.162835714574335,Regular,Maintain standard replenishment review
90089,20,13.94,6,3.3333333333333335,4.760952285695233,1.3949999999999998,9,PINK CRYSTAL SKULL PHONE CHARM,1.42828568570857,Long-Tail,Limit stock and avoid excessive local warehouse space
90092,1,1.66,1,1.0,0.0,1.66,1,BLUE CRYSTAL BOOT PHONE CHARM,0.0,Long-Tail,Limit stock and avoid excessive local warehouse space
90093,52,28.57,9,5.777777777777778,10.473511562243317,1.2999999999999998,10,CLEAR CRYSTAL STAR PHONE CHARM,1.812723155003651,Long-Tail,Limit stock and avoid excessive local warehouse space
90094,14,35.699999999999996,7,2.0,1.5275252316519468,2.55,13,NECKLACE+BRACELET SET FRUIT SALAD,0.7637626158259734,Long-Tail,Limit stock and avoid excessive local warehouse space
90096,45,112.21000000000001,11,4.090909090909091,2.6628760937957834,2.483030303030303,26,NECKLACE+BRACELET SET BLUE BLOSSOM,0.6509252673723026,Long-Tail,Limit stock and avoid excessive local warehouse space
90098,23,58.65,4,5.75,4.9916597106239795,2.55,9,NECKLACE+BRACELET PINK BUTTERFLY,0.8681147322824312,Long-Tail,Limit stock and avoid excessive local warehouse space
90099,27,76.38,6,4.5,4.324349662087931,2.828888888888889,16,NECKLACE+BRACELET SET BLUE HIBISCUS,0.9609665915750958,Long-Tail,Limit stock and avoid excessive local warehouse space
90100,1,2.55,1,1.0,0.0,2.55,1,NECKLACE+BRACELET SET PINK DAISY,0.0,Long-Tail,Limit stock and avoid excessive local warehouse space
90101,33,82.77,9,3.6666666666666665,4.123105625617661,2.504722222222222,16,WHITE FRANGIPANI NECKLACE,1.1244833524411801,Long-Tail,Limit stock and avoid excessive local warehouse space
90102,10,8.5,1,10.0,0.0,0.85,1,WHITE FRANGIPANI HAIR CLIP,0.0,Long-Tail,Limit stock and avoid excessive local warehouse space
90103,29,72.66,6,4.833333333333333,5.154286242213045,2.4998333333333336,16,PURPLE FRANGIPANI NECKLACE,1.0664040501130438,Long-Tail,Limit stock and avoid excessive local warehouse space
90104,28,23.16,4,7.0,5.228129047119374,0.8285,12,PURPLE FRANGIPANI HAIRCLIP,0.7468755781599106,Long-Tail,Limit stock and avoid excessive local warehouse space
90108,70,81.96000000000001,10,7.0,8.219218670625303,1.7550000000000001,12,BLUE BLOSSOM HAIR CLIP,1.1741740958036146,Long-Tail,Limit stock and avoid excessive local warehouse space
90112,2,2.1,1,2.0,0.0,1.05,1,PINK DOLLY HAIR CLIPS,0.0,Long-Tail,Limit stock and avoid excessive local warehouse space
90114,167,417.96,13,12.846153846153847,14.501989253467688,2.474944444444444,88,SUMMER DAISIES BAG CHARM,1.1288973670364069,Regular,Maintain standard replenishment review
90115,54,134.52999999999997,5,10.8,8.814760348415605,2.4918461538461534,31,SUMMER BUTTERFLIES BAG CHARM,0.8161815137421856,Long-Tail,Limit stock and avoid excessive local warehouse space
90116,64,145.52,12,5.333333333333333,4.097301403104095,2.407979166666667,45,FRUIT SALAD BAG CHARM,0.7682440130820178,Long-Tail,Limit stock and avoid excessive local warehouse space
90118,24,59.339999999999996,9,2.6666666666666665,2.29128784747792,2.4655555555555555,18,PINK DAISY BAG CHARM,0.85923294280422,Long-Tail,Limit stock and avoid excessive local warehouse space
90119,83,205.06,10,8.3,7.789594198530356,2.4680357142857146,36,METALIC LEAVES BAG CHARMS,0.9385053251241392,Long-Tail,Limit stock and avoid excessive local warehouse space
90120A,7,29.73,2,3.5,2.1213203435596424,4.245,3,PINK MURANO TWIST BRACELET,0.6060915267313264,Long-Tail,Limit stock and avoid excessive local warehouse space
90120B,39,164.12,11,3.5454545454545454,3.8823610435825353,4.204545454545454,15,BLUE MURANO TWIST BRACELET,1.0950249097284075,Long-Tail,Limit stock and avoid excessive local warehouse space
90120C,51,215.2,10,5.1,4.094712037087183,4.19985,22,GREEN MURANO TWIST BRACELET,0.8028847131543496,Long-Tail,Limit stock and avoid excessive local warehouse space
90120D,10,41.790000000000006,3,3.3333333333333335,4.041451884327381,4.226666666666667,5,WHITE MURANO TWIST BRACELET,1.2124355652982142,Long-Tail,Limit stock and avoid excessive local warehouse space
90122A,21,104.53000000000002,8,2.625,2.559994419636775,4.988833333333334,14,PINK CRYSTAL+GLASS BRACELET,0.9752359693854382,Long-Tail,Limit stock and avoid excessive local warehouse space
90122B,6,29.93,5,1.2,0.4472135954999579,4.993,6,JADE CRYSTAL+GLASS BRACELET,0.37267799624996495,Long-Tail,Limit stock and avoid excessive local warehouse space
90122C,24,119.23,9,2.6666666666666665,2.5,4.973703703703704,11,TURQUOISE CRYSTAL+GLASS BRACELET,0.9375,Long-Tail,Limit stock and avoid excessive local warehouse space
90123A,15,89.12,7,2.142857142857143,1.2149857925879117,5.9314285714285715,9,PINK HEART OF GLASS BRACELET,0.5669933698743588,Long-Tail,Limit stock and avoid excessive local warehouse space
90123B,9,53.42,4,2.25,0.9574271077563381,5.93375,5,TURQUOISE HEART OF GLASS BRACELET,0.42552315900281695,Long-Tail,Limit stock and avoid excessive local warehouse space
90123C,14,83.29,5,2.8,1.0954451150103324,5.949,6,GREEN HEART OF GLASS BRACELET,0.3912303982179759,Long-Tail,Limit stock and avoid excessive local warehouse space
90123D,6,35.31,5,1.2,0.4472135954999579,5.872,5,WHITE HEART OF GLASS BRACELET,0.37267799624996495,Long-Tail,Limit stock and avoid excessive local warehouse space
90124A,8,79.66,5,1.6,0.8944271909999159,9.962,6,PINK MURANO TWIST NECKLACE,0.5590169943749473,Long-Tail,Limit stock and avoid excessive local warehouse space
90124B,12,119.89,8,1.5,0.5345224838248488,9.995625,11,BLUE MURANO TWIST NECKLACE,0.3563483225498992,Long-Tail,Limit stock and avoid excessive local warehouse space
90124C,11,109.54,6,1.8333333333333333,0.983192080250175,9.9625,8,GREEN MURANO TWIST NECKLACE,0.5362865892273682,Long-Tail,Limit stock and avoid excessive local warehouse space
90125A,115,106.24,4,28.75,26.13267431141839,1.925,10,PINK BERTIE GLASS BEAD BAG CHARM,0.9089625847449875,Regular,Maintain standard replenishment review
90125B,30,48.06,5,6.0,8.660254037844386,2.81675,12,AQUA BERTIE GLASS BEAD BAG CHARM,1.4433756729740643,Long-Tail,Limit stock and avoid excessive local warehouse space
90125C,77,69.85,2,38.5,14.849242404917497,1.4775,7,TURQUOISE BERTIE GLASS BEAD CHARM,0.385694607919935,Long-Tail,Limit stock and avoid excessive local warehouse space
90125D,95,110.03,5,19.0,20.396078054371138,2.8300454545454548,19,PURPLE BERTIE GLASS BEAD BAG CHARM,1.0734777923353231,Long-Tail,Limit stock and avoid excessive local warehouse space
90125E,11,21.05,2,5.5,6.363961030678928,2.0122222222222224,10,AMBER BERTIE GLASS BEAD BAG CHARM,1.1570838237598051,Long-Tail,Limit stock and avoid excessive local warehouse space
90126A,1,3.36,1,1.0,0.0,3.36,1,PINK BERTIE MOBILE PHONE CHARM,0.0,Long-Tail,Limit stock and avoid excessive local warehouse space
90126C,2,6.58,1,2.0,0.0,3.29,1,AMBER BERTIE MOBILE PHONE CHARM,0.0,Long-Tail,Limit stock and avoid excessive local warehouse space
90127A,2,4.92,1,2.0,0.0,2.46,1,PINK BEADS+HAND PHONE CHARM,0.0,Long-Tail,Limit stock and avoid excessive local warehouse space
90128A,3,7.43,2,1.5,0.7071067811865476,2.485,2,PINK LEAVES AND BEADS PHONE CHARM,0.47140452079103173,Long-Tail,Limit stock and avoid excessive local warehouse space
90128B,2,3.76,1,2.0,0.0,1.88,2,BLUE LEAVES AND BEADS PHONE CHARM,0.0,Long-Tail,Limit stock and avoid excessive local warehouse space
90128C,2,4.97,2,1.0,0.0,2.485,2,GREEN LEAVES AND BEADS PHONE CHARM,0.0,Long-Tail,Limit stock and avoid excessive local warehouse space
90128D,2,4.97,2,1.0,0.0,2.485,2,PURPLE LEAVES AND BEADS PHONE CHAR,0.0,Long-Tail,Limit stock and avoid excessive local warehouse space
90129A,45,82.98,8,5.625,5.655275665884277,1.8466964285714285,20,PINK GLASS TASSLE BAG CHARM,1.0053823406016493,Long-Tail,Limit stock and avoid excessive local warehouse space
90129B,57,121.38000000000001,10,5.7,7.557924465236619,2.0755,20,TURQUOISE GLASS TASSLE BAG CHARM,1.3259516605678279,Long-Tail,Limit stock and avoid excessive local warehouse space
90129C,35,79.76,8,4.375,4.240535680446853,2.1965624999999998,16,GREEN GLASS TASSLE BAG CHARM,0.9692652983878521,Long-Tail,Limit stock and avoid excessive local warehouse space
90129D,14,33.44,4,3.5,3.1091263510296048,1.9675,7,AMBER GLASS TASSLE BAG CHARM,0.8883218145798871,Long-Tail,Limit stock and avoid excessive local warehouse space
90129E,42,77.04,7,6.0,7.280109889280518,1.7285714285714284,14,PURPLE GLASS TASSLE BAG CHARM,1.2133516482134197,Long-Tail,Limit stock and avoid excessive local warehouse space
90129F,40,88.03,9,4.444444444444445,4.7987266829626565,2.267777777777778,16,RED GLASS TASSLE BAG CHARM,1.0797135036665977,Long-Tail,Limit stock and avoid excessive local warehouse space
90130A,6,17.5,3,2.0,1.7320508075688772,2.920833333333333,6,WHITE STONE/CRYSTAL EARRINGS,0.8660254037844386,Long-Tail,Limit stock and avoid excessive local warehouse space
90130B,39,113.97,12,3.25,2.2207697273283835,2.911805555555555,31,TURQ STONE/CRYSTAL EARRINGS,0.6833137622548873,Long-Tail,Limit stock and avoid excessive local warehouse space
90130C,14,40.949999999999996,8,1.75,1.164964745021435,2.918125,13,GREEN STONE/CRYSTAL EARRINGS,0.6656941400122486,Long-Tail,Limit stock and avoid excessive local warehouse space
90130D,3,8.7,2,1.5,0.7071067811865476,2.9,3,RED STONE/CRYSTAL EARRINGS,0.47140452079103173,Long-Tail,Limit stock and avoid excessive local warehouse space
90131,5,34.870000000000005,2,2.5,2.1213203435596424,7.01,2,PINK/AMETHYST/GOLD NECKLACE,0.8485281374238569,Long-Tail,Limit stock and avoid excessive local warehouse space
90132,3,15.16,3,1.0,0.0,5.053333333333334,3,LIGHT TOPAZ TEAL/AQUA COL NECKLACE,0.0,Long-Tail,Limit stock and avoid excessive local warehouse space
90133,19,94.43,5,3.8,4.658325879540846,4.981333333333334,13,TEAL/FUSCHIA COL BEAD NECKLACE,1.2258752314581174,Long-Tail,Limit stock and avoid excessive local warehouse space
90134,54,157.5,12,4.5,3.8494391563163872,2.9065,45,OLD ROSE COMBO BEAD NECKLACE,0.8554309236258638,Long-Tail,Limit stock and avoid excessive local warehouse space
90135,8,39.660000000000004,2,4.0,2.8284271247461903,4.965,2,ORANGE/WHT/FUSCHIA STONES NECKLACE,0.7071067811865476,Long-Tail,Limit stock and avoid excessive local warehouse space
90135A,1,4.98,1,1.0,0.0,4.98,1,ORANGE/FUSCHIA STONES NECKLACE,0.0,Long-Tail,Limit stock and avoid excessive local warehouse space
90136,3,29.849999999999998,2,1.5,0.7071067811865476,9.95,2,PALE PINK/AMETHYST STONE NECKLACE,0.47140452079103173,Long-Tail,Limit stock and avoid excessive local warehouse space
90137,3,16.310000000000002,3,1.0,0.0,5.436666666666667,3,PINK COMBO MINI CRYSTALS NECKLACE,0.0,Long-Tail,Limit stock and avoid excessive local warehouse space
90138,10,52.42,6,1.6666666666666667,1.2110601416389966,5.3525,7,WHITE/PINK MINI CRYSTALS NECKLACE,0.7266360849833979,Long-Tail,Limit stock and avoid excessive local warehouse space
90140,2,15.120000000000001,2,1.0,0.0,7.5600000000000005,2,PINK SWEETIE NECKLACE,0.0,Long-Tail,Limit stock and avoid excessive local warehouse space
90141A,12,63.11,6,2.0,1.5491933384829668,5.318333333333333,10,GREEN PENDANT TRIPLE SHELL NECKLACE,0.7745966692414834,Long-Tail,Limit stock and avoid excessive local warehouse space
90141B,9,44.86,5,1.8,1.0954451150103321,5.0120000000000005,5,IVORY PENDANT TRIPLE SHELL NECKLACE,0.6085806194501845,Long-Tail,Limit stock and avoid excessive local warehouse space
90141C,10,52.31,5,2.0,1.4142135623730951,5.242,8,TURQ PENDANT TRIPLE SHELL NECKLACE,0.7071067811865476,Long-Tail,Limit stock and avoid excessive local warehouse space
90141D,4,20.36,2,2.0,1.4142135623730951,5.23,2,ROSE PENDANT TRIPLE SHELL NECKLACE,0.7071067811865476,Long-Tail,Limit stock and avoid excessive local warehouse space
90141E,5,24.75,2,2.5,0.7071067811865476,4.95,2,ORANGE PENDANT TRIPLE SHELL NECKLAC,0.282842712474619,Long-Tail,Limit stock and avoid excessive local warehouse space
90142A,1,5.09,1,1.0,0.0,5.09,1,GREEN PENDANT SHELL NECKLACE,0.0,Long-Tail,Limit stock and avoid excessive local warehouse space
90142D,10,49.64,3,3.3333333333333335,2.516611478423583,4.996666666666667,4,MOP PENDANT SHELL NECKLACE,0.7549834435270749,Long-Tail,Limit stock and avoid excessive local warehouse space
90143,31,237.18,10,3.1,2.4244128727957572,7.698,18,SILVER BRACELET W PASTEL FLOWER,0.7820686686437927,Long-Tail,Limit stock and avoid excessive local warehouse space
90144,18,67.36,9,2.0,1.6583123951777,3.742592592592593,14,SILVER DROP EARRINGS WITH FLOWER,0.82915619758885,Long-Tail,Limit stock and avoid excessive local warehouse space
90145,28,168.0,11,2.5454545454545454,1.1281521496355325,6.005151515151516,18,SILVER HOOP EARRINGS WITH FLOWER,0.44320263021395917,Long-Tail,Limit stock and avoid excessive local warehouse space
90146,17,95.35000000000001,6,2.8333333333333335,3.0605010483034745,7.075,7,FINE SILVER NECKLACE W PASTEL FLOWE,1.0801768405776968,Long-Tail,Limit stock and avoid excessive local warehouse space
90147,30,304.11,9,3.3333333333333335,2.0615528128088303,10.228240740740741,22,CHUNKY SILVER NECKLACE PASTEL FLOWE,0.618465843842649,Long-Tail,Limit stock and avoid excessive local warehouse space
90148,7,88.98,5,1.4,0.5477225575051662,12.696000000000002,5,LONG SILVER NECKLACE PASTEL FLOWER,0.3912303982179759,Long-Tail,Limit stock and avoid excessive local warehouse space
90149,53,342.76000000000005,3,17.666666666666668,28.867513459481287,7.303333333333334,4,SILVER FLOWR PINK SHELL NECKLACE,1.6340101958196953,Long-Tail,Limit stock and avoid excessive local warehouse space
90151,8,68.0,2,4.0,2.8284271247461903,8.5,4,SILVER/NATURAL SHELL NECKLACE,0.7071067811865476,Long-Tail,Limit stock and avoid excessive local warehouse space
90152A,5,28.76,5,1.0,0.0,5.752000000000001,5,SILVER/NAT SHELL NECKLACE W PENDANT,0.0,Long-Tail,Limit stock and avoid excessive local warehouse space
90152B,2,11.46,1,2.0,0.0,5.73,2,BLUE/GREEN SHELL NECKLACE W PENDANT,0.0,Long-Tail,Limit stock and avoid excessive local warehouse space
90152C,1,5.95,1,1.0,0.0,5.95,1,BLUE/NAT SHELL NECKLACE W PENDANT,0.0,Long-Tail,Limit stock and avoid excessive local warehouse space
90154,57,421.75,5,11.4,22.700220263248546,8.61,5,LAZER CUT NECKLACE W PASTEL BEADS,1.9912473915130304,Long-Tail,Limit stock and avoid excessive local warehouse space
90155,9,67.62,5,1.8,1.0954451150103321,7.51,7,RESIN NECKLACE W PASTEL BEADS,0.6085806194501845,Long-Tail,Limit stock and avoid excessive local warehouse space
90156,4,19.8,3,1.3333333333333333,0.5773502691896257,4.95,3,RESIN BRACELET W PASTEL BEADS,0.4330127018922193,Long-Tail,Limit stock and avoid excessive local warehouse space
90157,10,49.59,4,2.5,2.380476142847617,4.96875,5,RIVIERA NECKLACE,0.9521904571390468,Long-Tail,Limit stock and avoid excessive local warehouse space
90158,45,224.12,12,3.75,3.194455423784382,4.984583333333334,35,ST TROPEZ NECKLACE,0.8518547796758351,Long-Tail,Limit stock and avoid excessive local warehouse space
90159,6,29.790000000000003,4,1.5,1.0,4.96875,5,COTE D'AZURE NECKLACE,0.6666666666666666,Long-Tail,Limit stock and avoid excessive local warehouse space
90160A,38,264.94,12,3.1666666666666665,2.4802248187442912,6.98,15,PURPLE BOUDICCA LARGE BRACELET,0.7832288901297763,Long-Tail,Limit stock and avoid excessive local warehouse space
90160B,30,209.73,8,3.75,2.7124053637210745,6.98125,12,RED BOUDICCA LARGE BRACELET,0.7233080969922866,Long-Tail,Limit stock and avoid excessive local warehouse space
90160C,54,377.04,12,4.5,3.4509550720186013,6.998125000000001,26,TURQ+RED BOUDICCA LARGE BRACELET,0.7668789048930225,Long-Tail,Limit stock and avoid excessive local warehouse space
90160D,38,264.7,10,3.8,3.359894178227774,6.974000000000001,12,PINK BOUDICCA LARGE BRACELET,0.8841826784809932,Long-Tail,Limit stock and avoid excessive local warehouse space
90161A,24,119.91,10,2.4,1.577621275493231,4.9806,21,ANT COPPER RED BOUDICCA BRACELET,0.6573421981221796,Long-Tail,Limit stock and avoid excessive local warehouse space
90161B,76,377.88000000000005,10,7.6,4.671426144361294,4.981133333333334,37,ANT COPPER TURQ BOUDICCA BRACELET,0.6146613347843808,Long-Tail,Limit stock and avoid excessive local warehouse space
90161C,83,412.74,11,7.545454545454546,5.972665005902078,4.981255050505051,50,ANT COPPER LIME BOUDICCA BRACELET,0.7915580128303958,Long-Tail,Limit stock and avoid excessive local warehouse space
90161D,64,318.89,10,6.4,3.6575644598253874,4.984666666666667,34,ANT COPPER PINK BOUDICCA BRACELET,0.5714944468477168,Long-Tail,Limit stock and avoid excessive local warehouse space
90162A,6,17.700000000000003,1,6.0,0.0,2.95,1,ANT SILVER TURQUOISE BOUDICCA RING,0.0,Long-Tail,Limit stock and avoid excessive local warehouse space
90162B,26,76.70000000000002,6,4.333333333333333,3.9327683210007,2.9500000000000006,9,ANT SILVER LIME GREEN BOUDICCA RING,0.9075619202309309,Long-Tail,Limit stock and avoid excessive local warehouse space
90162C,14,41.300000000000004,5,2.8,0.8366600265340756,2.95,7,ANT SILVER FUSCHIA BOUDICCA RING,0.29880715233359845,Long-Tail,Limit stock and avoid excessive local warehouse space
90162D,10,29.500000000000004,3,3.3333333333333335,0.5773502691896257,2.9500000000000006,5,ANT SILVER PURPLE BOUDICCA RING,0.1732050807568877,Long-Tail,Limit stock and avoid excessive local warehouse space
90163A,12,90.32000000000001,5,2.4,0.8944271909999159,7.516,9,PINK ROSEBUD & PEARL NECKLACE,0.37267799624996495,Long-Tail,Limit stock and avoid excessive local warehouse space
90163B,7,52.72,4,1.75,0.9574271077563381,7.505,5,WHITE ROSEBUD & PEARL NECKLACE,0.5471012044321932,Long-Tail,Limit stock and avoid excessive local warehouse space
90164A,27,130.67,9,3.0,2.692582403567252,6.600555555555555,14,PINK ROSEBUD PEARL BRACELET,0.8975274678557507,Long-Tail,Limit stock and avoid excessive local warehouse space
90164B,38,140.98,8,4.75,6.386369413502032,6.357083333333334,15,WHITE  ROSEBUD PEARL BRACELET,1.3444988238951645,Long-Tail,Limit stock and avoid excessive local warehouse space
90165A,16,39.98,7,2.2857142857142856,0.9511897312113419,2.4971428571428573,15,PINK ROSEBUD PEARL EARRINGS,0.4161455074049621,Long-Tail,Limit stock and avoid excessive local warehouse space
90165B,19,47.43,9,2.111111111111111,1.536590742882148,2.4905555555555554,18,WHITE ROSEBUD  PEARL EARRINGS,0.7278587729441753,Long-Tail,Limit stock and avoid excessive local warehouse space
90166,21,88.03999999999999,9,2.3333333333333335,1.5811388300841898,4.182222222222222,15,PINK & WHITE ROSEBUD RING,0.6776309271789385,Long-Tail,Limit stock and avoid excessive local warehouse space
90167,10,8.5,1,10.0,0.0,0.85,1,BEADED LOVE HEART JEWELLERY SET,0.0,Long-Tail,Limit stock and avoid excessive local warehouse space
90168,12,34.86,6,2.0,1.0954451150103321,2.91,11,2 DAISIES HAIR COMB,0.5477225575051661,Long-Tail,Limit stock and avoid excessive local warehouse space
90169,13,32.54,8,1.625,0.9161253813129042,2.495,10,DAISY HAIR COMB,0.5637694654233256,Long-Tail,Limit stock and avoid excessive local warehouse space
90170,73,120.53,10,7.3,5.478239782184704,1.652,36,DAISY HAIR BAND,0.7504438057787266,Long-Tail,Limit stock and avoid excessive local warehouse space
90173,32,120.34,8,4.0,6.164414002968976,3.746458333333333,17,PAIR BUTTERFLY HAIR CLIPS,1.541103500742244,Long-Tail,Limit stock and avoid excessive local warehouse space
90174,26,64.82,9,2.888888888888889,2.4209731743889917,2.502222222222222,19,BUTTERFLY HAIR BAND,0.8380291757500357,Long-Tail,Limit stock and avoid excessive local warehouse space
90175A,27,245.63,11,2.4545454545454546,1.694912172570388,9.118939393939394,25,WHITE GLASS CHUNKY CHARM BRACELET,0.6905197740101581,Long-Tail,Limit stock and avoid excessive local warehouse space
90175B,10,91.68,6,1.6666666666666667,0.816496580927726,9.175555555555556,9,PINK GLASS CHUNKY CHARM BRACELET,0.4898979485566356,Long-Tail,Limit stock and avoid excessive local warehouse space
90175C,9,80.55,4,2.25,0.49999999999999994,8.95,6,BLUE GLASS CHUNKY CHARM BRACELET,0.2222222222222222,Long-Tail,Limit stock and avoid excessive local warehouse space
90175D,23,210.04000000000002,10,2.3,1.4181364924121764,9.139,20,TIGRIS EYE CHUNKY CHARM BRACELET,0.6165810836574681,Long-Tail,Limit stock and avoid excessive local warehouse space
90176A,3,22.48,2,1.5,0.7071067811865476,7.49,2,CLASSIC DIAMANTE NECKLACE JET,0.47140452079103173,Long-Tail,Limit stock and avoid excessive local warehouse space
90176B,4,30.12,2,2.0,1.4142135623730951,7.5649999999999995,3,DIAMANTE NECKLACE BLACK,0.7071067811865476,Long-Tail,Limit stock and avoid excessive local warehouse space
90176C,3,23.32,2,1.5,0.7071067811865476,7.91,2,DIAMANTE NECKLACE,0.47140452079103173,Long-Tail,Limit stock and avoid excessive local warehouse space
90176D,7,52.5,4,1.75,0.5,7.5,4,DIAMANTE NECKLACE PURPLE,0.2857142857142857,Long-Tail,Limit stock and avoid excessive local warehouse space
90176E,4,29.98,3,1.3333333333333333,0.5773502691896257,7.493333333333333,3,DIAMANTE NECKLACE GREEN,0.4330127018922193,Long-Tail,Limit stock and avoid excessive local warehouse space
90177A,8,23.2,8,1.0,0.0,2.9,8,CLASSIC DIAMANTE EARRINGS JET,0.0,Long-Tail,Limit stock and avoid excessive local warehouse space
90177B,14,41.010000000000005,5,2.8,1.9235384061671343,2.9210000000000003,7,DROP DIAMANTE EARRINGS BLACK DIAMON,0.686978002202548,Long-Tail,Limit stock and avoid excessive local warehouse space
90177C,20,58.53,9,2.2222222222222223,1.6414763002993507,2.9185185185185185,13,DROP DIAMANTE EARRINGS CRYSTAL,0.7386643351347078,Long-Tail,Limit stock and avoid excessive local warehouse space
90177D,19,55.830000000000005,9,2.111111111111111,1.6914819275153699,2.935185185185185,13,DROP DIAMANTE EARRINGS PURPLE,0.8012282814546489,Long-Tail,Limit stock and avoid excessive local warehouse space
90177E,8,23.38,6,1.3333333333333333,0.5163977794943222,2.92,8,DROP DIAMANTE EARRINGS GREEN,0.38729833462074165,Long-Tail,Limit stock and avoid excessive local warehouse space
90178A,8,95.25,4,2.0,2.0,11.872499999999999,8,AMBER CHUNKY GLASS+BEAD NECKLACE,1.0,Long-Tail,Limit stock and avoid excessive local warehouse space
90178B,1,11.95,1,1.0,0.0,11.95,1,PURPLE CHUNKY GLASS+BEAD NECKLACE,0.0,Long-Tail,Limit stock and avoid excessive local warehouse space
90179A,6,35.31,4,1.5,1.0,5.86875,5,AMBER FINE BEAD NECKLACE W TASSEL,0.6666666666666666,Long-Tail,Limit stock and avoid excessive local warehouse space
90179B,3,17.59,2,1.5,0.7071067811865476,5.8525,3,PURPLE FINE BEAD NECKLACE W TASSEL,0.47140452079103173,Long-Tail,Limit stock and avoid excessive local warehouse space
90179C,6,35.44,5,1.2,0.4472135954999579,5.911,6,BLACK FINE BEAD NECKLACE W TASSEL,0.37267799624996495,Long-Tail,Limit stock and avoid excessive local warehouse space
90180A,17,127.24,7,2.4285714285714284,2.14919697074224,8.958571428571428,9,BLACK+WHITE NECKLACE W TASSEL,0.8849634585409224,Long-Tail,Limit stock and avoid excessive local warehouse space
90180B,5,49.81,4,1.25,0.5,9.96125,5,PURPLE AMETHYST NECKLACE W TASSEL,0.4,Long-Tail,Limit stock and avoid excessive local warehouse space
90181A,7,64.03999999999999,5,1.4,0.8944271909999159,9.174666666666667,7,AMBER GLASS/SHELL/PEARL NECKLACE,0.6388765649999399,Long-Tail,Limit stock and avoid excessive local warehouse space
90181B,15,137.63,8,1.875,0.6408699444616557,9.17375,14,AMETHYST GLASS/SHELL/PEARL NECKLACE,0.341797303712883,Long-Tail,Limit stock and avoid excessive local warehouse space
90181C,1,9.15,1,1.0,0.0,9.15,1,BLACK GLASS/SHELL/PEARL NECKLACE,0.0,Long-Tail,Limit stock and avoid excessive local warehouse space
90182A,8,23.2,5,1.6,1.3416407864998738,2.9,8,AMBER 3 BEAD DROP EARRINGS,0.8385254915624211,Long-Tail,Limit stock and avoid excessive local warehouse space
90182B,5,14.5,3,1.6666666666666667,1.1547005383792517,2.9,5,AMETHYST 3 BEAD DROP EARRINGS,0.692820323027551,Long-Tail,Limit stock and avoid excessive local warehouse space
90182C,8,23.259999999999998,6,1.3333333333333333,0.816496580927726,2.91,8,BLACK 3 BEAD DROP EARRINGS,0.6123724356957946,Long-Tail,Limit stock and avoid excessive local warehouse space
90183A,34,99.53999999999999,10,3.4,3.6270588023294517,2.9175833333333334,22,AMBER DROP EARRINGS W LONG BEADS,1.066782000685133,Long-Tail,Limit stock and avoid excessive local warehouse space
90183B,21,61.08,9,2.3333333333333335,1.224744871391589,2.908888888888889,17,AMETHYST DROP EARRINGS W LONG BEADS,0.5248906591678238,Long-Tail,Limit stock and avoid excessive local warehouse space
90183C,10,29.05,6,1.6666666666666667,1.632993161855452,2.908333333333333,10,BLACK DROP EARRINGS W LONG BEADS,0.9797958971132712,Long-Tail,Limit stock and avoid excessive local warehouse space
90184A,13,117.72999999999999,6,2.1666666666666665,1.602081978759722,9.07111111111111,9,AMBER CHUNKY BEAD BRACELET W STRAP,0.7394224517352563,Long-Tail,Limit stock and avoid excessive local warehouse space
90184B,33,297.94,9,3.6666666666666665,2.0,9.058703703703705,21,AMETHYST CHUNKY BEAD BRACELET W STR,0.5454545454545455,Long-Tail,Limit stock and avoid excessive local warehouse space
90184C,22,199.67,10,2.2,1.2292725943057183,9.105,18,BLACK CHUNKY BEAD BRACELET W STRAP,0.5587602701389628,Long-Tail,Limit stock and avoid excessive local warehouse space
90185A,25,105.53,6,4.166666666666667,4.5789372857319925,4.193333333333333,12,AMBER DIAMANTE EXPANDABLE RING,1.0989449485756781,Long-Tail,Limit stock and avoid excessive local warehouse space
90185B,17,71.52,7,2.4285714285714284,2.699206232527312,4.168095238095239,11,AMETHYST DIAMANTE EXPANDABLE RING,1.1114378604524227,Long-Tail,Limit stock and avoid excessive local warehouse space
90185C,20,84.59,5,4.0,4.636809247747852,4.189333333333334,9,BLACK DIAMANTE EXPANDABLE RING,1.159202311936963,Long-Tail,Limit stock and avoid excessive local warehouse space
90185D,35,148.63,5,7.0,4.242640687119285,4.229333333333334,11,CRYSTAL DIAMANTE EXPANDABLE RING,0.6060915267313264,Long-Tail,Limit stock and avoid excessive local warehouse space
90186A,11,32.16,6,1.8333333333333333,1.3291601358251257,2.917222222222222,9,AMETHYST HOOP EARRING FLORAL LEAF,0.7249964377227959,Long-Tail,Limit stock and avoid excessive local warehouse space
90186B,22,64.58000000000001,8,2.75,4.200340122282617,2.9302083333333333,15,CRYSTAL HOOP EARRING FLORAL LEAF,1.5273964081027698,Long-Tail,Limit stock and avoid excessive local warehouse space
90187A,1,3.32,1,1.0,0.0,3.32,1,BLUE DROP EARRINGS W BEAD CLUSTER,0.0,Long-Tail,Limit stock and avoid excessive local warehouse space
90187B,12,40.03,7,1.7142857142857142,1.2535663410560174,3.334285714285714,8,GREEN DROP EARRINGS W BEAD CLUSTER,0.7312470322826768,Long-Tail,Limit stock and avoid excessive local warehouse space
90188,9,22.58,6,1.5,0.8366600265340756,2.5233333333333334,7,DROP EARRINGS W FLOWER & LEAF,0.5577733510227171,Long-Tail,Limit stock and avoid excessive local warehouse space
90189A,2,15.0,2,1.0,0.0,7.5,2,SILVER 2 STRAND NECKLACE-LEAF CHARM,0.0,Long-Tail,Limit stock and avoid excessive local warehouse space
90190A,16,46.760000000000005,6,2.6666666666666665,2.065591117977289,2.9133333333333336,10,SILVER/CRYSTAL DROP EARRINGS W LEAF,0.7745966692414833,Long-Tail,Limit stock and avoid excessive local warehouse space
90190B,13,38.18,7,1.8571428571428572,1.864454471471609,2.924285714285714,7,GOLD/AMBER DROP EARRINGS W LEAF,1.003937023100097,Long-Tail,Limit stock and avoid excessive local warehouse space
90190C,20,58.43,7,2.857142857142857,2.5448360411214073,2.912591836734694,19,SILVER/AMETHYST DROP EARRINGS LEAF,0.8906926143924925,Long-Tail,Limit stock and avoid excessive local warehouse space
90191,26,163.82,8,3.25,4.301162633521313,10.607083333333334,10,SILVER LARIAT 40CM,1.3234346564680963,Long-Tail,Limit stock and avoid excessive local warehouse space
90192,42,209.1,11,3.8181818181818183,2.1362669223756576,4.976590909090909,25,JADE DROP EARRINGS W FILIGREE,0.559498479669815,Long-Tail,Limit stock and avoid excessive local warehouse space
90194,16,67.87,6,2.6666666666666665,1.632993161855452,4.232083333333333,10,SILVER LARIAT BLACK STONE EARRINGS,0.6123724356957946,Long-Tail,Limit stock and avoid excessive local warehouse space
90195A,19,122.84,6,3.1666666666666665,2.6394443859772205,6.5325,10,PURPLE GEMSTONE BRACELET,0.8335087534664908,Long-Tail,Limit stock and avoid excessive local warehouse space
90195B,4,29.98,3,1.3333333333333333,0.5773502691896257,7.010000000000001,4,BLACK GEMSTONE BRACELET,0.4330127018922193,Long-Tail,Limit stock and avoid excessive local warehouse space
90196A,8,102.0,3,2.6666666666666665,2.0816659994661326,12.75,5,PURPLE GEMSTONE NECKLACE 45CM,0.7806247497997998,Long-Tail,Limit stock and avoid excessive local warehouse space
90196B,5,63.480000000000004,3,1.6666666666666667,0.5773502691896257,12.660000000000002,5,BLACK GEMSTONE NECKLACE 45CM,0.3464101615137754,Long-Tail,Limit stock and avoid excessive local warehouse space
90197B,35,174.73000000000002,11,3.1818181818181817,2.786330268226716,4.991515151515151,27,BLACK GLASS BRACELET W HEART CHARMS,0.8757037985855394,Long-Tail,Limit stock and avoid excessive local warehouse space
90198A,75,315.73,12,6.25,5.528849954392126,4.20140873015873,44,VINTAGE ROSE BEAD BRACELET RASPBERR,0.8846159927027402,Long-Tail,Limit stock and avoid excessive local warehouse space
90198B,36,152.4,12,3.0,2.860387767736777,4.216666666666667,17,VINTAGE ROSE BEAD BRACELET BLACK,0.9534625892455924,Long-Tail,Limit stock and avoid excessive local warehouse space
90199A,11,69.63,5,2.2,1.3038404810405297,6.304,6,5 STRAND GLASS NECKLACE BLACK,0.5926547641093316,Long-Tail,Limit stock and avoid excessive local warehouse space
90199B,9,56.59,4,2.25,0.49999999999999994,6.28,8,5 STRAND GLASS NECKLACE AMETHYST,0.2222222222222222,Long-Tail,Limit stock and avoid excessive local warehouse space
90199C,18,113.94,6,3.0,2.3664319132398464,6.32,9,5 STRAND GLASS NECKLACE CRYSTAL,0.7888106377466154,Long-Tail,Limit stock and avoid excessive local warehouse space
90199D,6,37.620000000000005,5,1.2,0.4472135954999579,6.2780000000000005,6,5 STRAND GLASS NECKLACE AMBER,0.37267799624996495,Long-Tail,Limit stock and avoid excessive local warehouse space
90200A,78,328.44,13,6.0,6.013872850889571,4.188376068376069,50,PURPLE SWEETHEART BRACELET,1.0023121418149286,Long-Tail,Limit stock and avoid excessive local warehouse space
90200B,92,388.58,13,7.076923076923077,4.172559934890859,4.212197802197802,46,BLACK SWEETHEART BRACELET,0.5896008603650127,Long-Tail,Limit stock and avoid excessive local warehouse space
90200C,50,211.43,4,12.5,11.357816691600545,4.207321428571429,26,BLUE SWEETHEART BRACELET,0.9086253353280437,Long-Tail,Limit stock and avoid excessive local warehouse space
90200D,175,725.32,13,13.461538461538462,9.395170608841052,4.18763031839955,78,PINK SWEETHEART BRACELET,0.6979269595139067,Regular,Maintain standard replenishment review
90200E,103,423.41,12,8.583333333333334,7.668807342775412,4.188462301587301,44,GREEN SWEETHEART BRACELET,0.8934532826534459,Regular,Maintain standard replenishment review
90201A,69,202.51000000000002,11,6.2727272727272725,7.349706240264424,2.922954545454546,28,PURPLE ENAMEL FLOWER RING,1.1716922991725893,Long-Tail,Limit stock and avoid excessive local warehouse space
90201B,80,235.20000000000002,12,6.666666666666667,6.665151342936064,2.927638888888889,22,BLACK ENAMEL FLOWER RING,0.9997727014404096,Long-Tail,Limit stock and avoid excessive local warehouse space
90201C,57,167.72000000000003,11,5.181818181818182,6.226045001735561,2.930909090909091,20,RED ENAMEL FLOWER RING,1.2015174564752837,Long-Tail,Limit stock and avoid excessive local warehouse space
90201D,77,225.84,13,5.923076923076923,6.897602705065223,2.920576923076923,31,GREEN ENAMEL FLOWER RING,1.1645303268291936,Long-Tail,Limit stock and avoid excessive local warehouse space
90202A,16,46.58,6,2.6666666666666665,1.505545305418162,2.9125,14,PURPLE ENAMEL FLOWER HAIR TIE,0.5645794895318108,Long-Tail,Limit stock and avoid excessive local warehouse space
90202B,11,31.949999999999996,6,1.8333333333333333,0.983192080250175,2.908333333333333,9,WHITE ENAMEL FLOWER HAIR TIE,0.5362865892273682,Long-Tail,Limit stock and avoid excessive local warehouse space
90202C,14,41.01,7,2.0,1.1547005383792515,2.9214285714285713,13,GREEN ENAMEL FLOWER HAIR TIE,0.5773502691896257,Long-Tail,Limit stock and avoid excessive local warehouse space
90202D,16,46.760000000000005,7,2.2857142857142856,1.799470821684875,2.915714285714286,10,PINK ENAMEL FLOWER HAIR TIE,0.7872684844871328,Long-Tail,Limit stock and avoid excessive local warehouse space
90204,25,83.46000000000001,8,3.125,2.4748737341529163,3.3375,17,PAIR OF ENAMEL BUTTERFLY HAIRCLIP,0.7919595949289332,Long-Tail,Limit stock and avoid excessive local warehouse space
90205A,31,51.51,9,3.4444444444444446,2.6034165586355513,1.6588888888888889,16,LARGE MINT DIAMANTE HAIRSLIDE,0.7558306137974181,Long-Tail,Limit stock and avoid excessive local warehouse space
90205C,29,48.209999999999994,10,2.9,2.2335820757001272,1.658,15,LARGE CRYSTAL DIAMANTE HAIRSLIDE,0.7702007157586646,Long-Tail,Limit stock and avoid excessive local warehouse space
90206A,12,59.8,6,2.0,0.8944271909999159,4.988333333333333,9,GOLD DIAMANTE STAR BROOCH,0.4472135954999579,Long-Tail,Limit stock and avoid excessive local warehouse space
90206C,45,224.73000000000002,11,4.090909090909091,2.5477262590217755,4.988376623376624,31,CRYSTAL DIAMANTE STAR BROOCH,0.6227775299831007,Long-Tail,Limit stock and avoid excessive local warehouse space
90208,47,117.4,8,5.875,3.1819805153394642,2.500003787878788,36,PAIR OF PINK FLOWER CLUSTER SLIDE,0.5416137047386322,Long-Tail,Limit stock and avoid excessive local warehouse space
90209A,78,151.2,2,39.0,1.4142135623730951,2.0125,3,PURPLE ENAMEL+GLASS HAIR COMB,0.03626188621469475,Long-Tail,Limit stock and avoid excessive local warehouse space
90209B,184,355.64,10,18.4,18.282961102257662,2.061389010989011,54,GREEN ENAMEL+GLASS HAIR COMB,0.9936391903400904,Regular,Maintain standard replenishment review
90209C,260,474.2,10,26.0,43.32820482472512,2.035775,30,PINK ENAMEL+GLASS HAIR COMB,1.6664694163355815,Regular,Maintain standard replenishment review
90210A,34,57.55,5,6.8,10.305338422390601,2.5825,10,GREY ACRYLIC FACETED BANGLE,1.5154909444692062,Long-Tail,Limit stock and avoid excessive local warehouse space
90210B,41,61.56,4,10.25,3.685557397915997,1.869375,7,CLEAR ACRYLIC FACETED BANGLE,0.3595665754064387,Long-Tail,Limit stock and avoid excessive local warehouse space
90210C,99,130.51,5,19.8,31.059620087824644,2.5140000000000002,10,RED   ACRYLIC FACETED BANGLE,1.5686676812032647,Long-Tail,Limit stock and avoid excessive local warehouse space
90210D,107,132.05,4,26.75,39.092838218783754,1.775,8,PURPLE ACRYLIC FACETED BANGLE,1.461414512851729,Regular,Maintain standard replenishment review
90211A,12,70.97,4,3.0,1.8257418583505538,5.904166666666667,8,DIAMOND LAS VEGAS NECKLACE 45CM,0.6085806194501846,Long-Tail,Limit stock and avoid excessive local warehouse space
90211B,7,41.36,4,1.75,0.9574271077563382,5.8825,5,JET BLACK LAS VEGAS NECKLACE 45CM,0.5471012044321932,Long-Tail,Limit stock and avoid excessive local warehouse space
90212B,10,37.62,4,2.5,2.3804761428476167,3.7487500000000002,8,JET BLACK LAS VEGAS BRACELET ROUND,0.9521904571390467,Long-Tail,Limit stock and avoid excessive local warehouse space
90212C,7,26.25,3,2.3333333333333335,1.1547005383792515,3.75,3,PURPLE LAS VEGAS BRACELET ROUND,0.49487165930539345,Long-Tail,Limit stock and avoid excessive local warehouse space
90214A,130,111.66,13,10.0,7.047458170621991,0.8896923076923076,56,"LETTER ""A"" BLING KEY RING",0.7047458170621991,Regular,Maintain standard replenishment review
90214B,37,24.77,10,3.7,3.2676869155073254,0.7885,22,"LETTER ""B"" BLING KEY RING",0.8831586258127906,Long-Tail,Limit stock and avoid excessive local warehouse space
90214C,91,72.77,12,7.583333333333333,9.28790350483636,0.8846666666666666,33,"LETTER ""C"" BLING KEY RING",1.2247784841542453,Long-Tail,Limit stock and avoid excessive local warehouse space
90214D,68,49.9,13,5.230769230769231,6.233696684871213,0.8694615384615384,32,"LETTER ""D"" BLING KEY RING",1.1917361309312613,Long-Tail,Limit stock and avoid excessive local warehouse space
90214E,72,53.2,11,6.545454545454546,6.990903180042424,0.8552727272727272,30,"LETTER ""E"" BLING KEY RING",1.0680546525064814,Long-Tail,Limit stock and avoid excessive local warehouse space
90214F,27,15.43,10,2.7,3.6832956257496723,0.7779999999999999,15,"LETTER ""F"" BLING KEY RING",1.3641835650924712,Long-Tail,Limit stock and avoid excessive local warehouse space
90214G,60,40.199999999999996,13,4.615384615384615,6.423115307731153,0.8506153846153846,30,"LETTER ""G"" BLING KEY RING",1.3916749833417499,Long-Tail,Limit stock and avoid excessive local warehouse space
90214H,48,36.76,11,4.363636363636363,3.7489392439122637,0.8336363636363636,30,"LETTER ""H"" BLING KEY RING",0.8591319100632272,Long-Tail,Limit stock and avoid excessive local warehouse space
90214I,38,29.62,9,4.222222222222222,4.763868642652151,0.8188888888888889,13,"LETTER ""I"" BLING KEY RING",1.1282846785228777,Long-Tail,Limit stock and avoid excessive local warehouse space
90214J,71,57.21,12,5.916666666666667,3.4234042953903314,0.8478571428571429,41,"LETTER ""J"" BLING KEY RING",0.5786035428828729,Long-Tail,Limit stock and avoid excessive local warehouse space
90214K,78,60.7,13,6.0,7.211102550927978,0.9241608391608391,38,"LETTER ""K"" BLING KEY RING",1.2018504251546631,Long-Tail,Limit stock and avoid excessive local warehouse space
90214L,94,65.03999999999999,11,8.545454545454545,9.740263203462588,0.8133636363636363,37,"LETTER ""L"" BLING KEY RING",1.1398180344477498,Long-Tail,Limit stock and avoid excessive local warehouse space
90214M,60,49.82,10,6.0,4.47213595499958,0.8453999999999999,28,"LETTER ""M"" BLING KEY RING",0.7453559924999299,Long-Tail,Limit stock and avoid excessive local warehouse space
90214N,41,29.23,12,3.4166666666666665,3.9186809778368796,0.8741666666666666,24,"LETTER ""N"" BLING KEY RING",1.146931017903477,Long-Tail,Limit stock and avoid excessive local warehouse space
90214O,16,6.819999999999999,4,4.0,6.0,0.7675,5,"LETTER ""O"" BLING KEY RING",1.5,Long-Tail,Limit stock and avoid excessive local warehouse space
90214P,39,20.229999999999997,10,3.9,7.489993324429602,0.9046666666666667,16,"LETTER ""P"" BLING KEY RING",1.9205111088281033,Long-Tail,Limit stock and avoid excessive local warehouse space
90214R,41,28.009999999999998,9,4.555555555555555,3.9405301391789633,0.8291111111111111,25,"LETTER ""R"" BLING KEY RING",0.8649944207953822,Long-Tail,Limit stock and avoid excessive local warehouse space
90214S,94,71.0,12,7.833333333333333,6.3221592015463335,0.8306666666666667,41,"LETTER ""S"" BLING KEY RING",0.8070841533888937,Long-Tail,Limit stock and avoid excessive local warehouse space
90214T,24,13.459999999999999,9,2.6666666666666665,3.5355339059327373,0.7722222222222221,11,"LETTER ""T"" BLING KEY RING",1.3258252147247767,Long-Tail,Limit stock and avoid excessive local warehouse space
90214U,12,3.4799999999999995,1,12.0,0.0,0.29,1,"LETTER ""U"" BLING KEY RING",0.0,Long-Tail,Limit stock and avoid excessive local warehouse space
90214V,26,15.98,10,2.6,3.3399933466334266,0.82,14,"LETTER ""V"" BLING KEY RING",1.284612825628241,Long-Tail,Limit stock and avoid excessive local warehouse space
90214W,16,6.819999999999999,5,3.2,4.919349550499538,0.726,5,"LETTER ""W"" BLING KEY RING",1.5372967345311055,Long-Tail,Limit stock and avoid excessive local warehouse space
90214Y,66,22.839999999999996,6,11.0,24.008331887076203,0.8166666666666665,8,"LETTER ""Y"" BLING KEY RING",2.1825756260978366,Long-Tail,Limit stock and avoid excessive local warehouse space
90214Z,22,11.84,8,2.75,3.807886552931954,0.765,10,"LETTER ""Z"" BLING KEY RING",1.3846860192479833,Long-Tail,Limit stock and avoid excessive local warehouse space
DCGS0003,4,9.94,3,1.3333333333333333,0.5773502691896257,2.4766666666666666,4,BOXED GLASS ASHTRAY,0.4330127018922193,Long-Tail,Limit stock and avoid excessive local warehouse space
DCGS0004,1,16.63,1,1.0,0.0,16.63,1,HAYNES CAMPER SHOULDER BAG,0.0,Long-Tail,Limit stock and avoid excessive local warehouse space
DCGS0069,1,15.79,1,1.0,0.0,15.79,1,OOH LA LA DOGS COLLAR,0.0,Long-Tail,Limit stock and avoid excessive local warehouse space
DCGS0070,1,12.72,1,1.0,0.0,12.72,1,CAMOUFLAGE DOG COLLAR,0.0,Long-Tail,Limit stock and avoid excessive local warehouse space
DCGS0076,3,48.39,1,3.0,0.0,16.13,2,SUNJAR LED NIGHT NIGHT LIGHT,0.0,Long-Tail,Limit stock and avoid excessive local warehouse space
DCGSSBOY,47,150.54999999999998,7,6.714285714285714,7.867957924694431,3.1442857142857146,11,BOYS PARTY BAG,1.1718235206991705,Long-Tail,Limit stock and avoid excessive local warehouse space
DCGSSGIRL,47,144.43,8,5.875,8.356990230596521,3.035,13,GIRLS PARTY BAG,1.4224664222291952,Long-Tail,Limit stock and avoid excessive local warehouse space
