stock_code,total_units,total_revenue,active_months,avg_monthly_units,std_monthly_units,avg_unit_price,total_orders,description,demand_cv,sku_class,recommended_action
10002,860,759.89,5,172.0,132.18358445737505,1.045842857142857,71,INFLATABLE POLITICAL GLOBE,0.7685092119614828,Regular,Maintain standard replenishment review
10080,303,119.08999999999999,7,43.285714285714285,33.11955256196499,0.4557142857142857,22,GROOVY CACTUS INFLATABLE,0.7651381779991911,Regular,Maintain standard replenishment review
10120,192,40.32,10,19.2,15.454592988637534,0.21000000000000002,29,DOGGY RUBBER,0.8049267181582049,Regular,Maintain standard replenishment review
10123C,5,3.25,2,2.5,2.1213203435596424,0.65,3,HEARTS WRAPPING TAPE,0.8485281374238569,Long-Tail,Limit stock and avoid excessive local warehouse space
10124A,16,6.72,4,4.0,0.816496580927726,0.42,5,SPOTS ON RED BOOKCOVER TAPE,0.2041241452319315,Long-Tail,Limit stock and avoid excessive local warehouse space
10124G,17,7.14,4,4.25,0.4999999999999999,0.42,4,ARMY CAMO BOOKCOVER TAPE,0.11764705882352938,Long-Tail,Limit stock and avoid excessive local warehouse space
10125,1295,993.99,12,107.91666666666667,67.52031119776052,0.8981607142857143,91,MINI FUNKY DESIGN TAPES,0.6256708373537654,Regular,Maintain standard replenishment review
10133,2856,1539.6000000000001,10,285.6,302.45006934111365,0.7661761741887835,196,COLOURING PENCILS BROWN TUBE,1.05899884223079,High-Turnover Stable,Keep stable local warehouse inventory
10135,2229,2204.89,13,171.46153846153845,172.1959229988791,1.4499298790539485,175,COLOURING PENCILS BROWN TUBE,1.004283086130744,High-Turnover Stable,Keep stable local warehouse inventory
11001,1615,2389.44,13,124.23076923076923,130.5317035858555,2.0495271395271395,113,ASSTD DESIGN RACING CAR PEN,1.050719595427939,Regular,Maintain standard replenishment review
15030,143,41.47,8,17.875,29.49788127984788,0.29,12,FAN BLACK FRAME,1.6502311205509304,Regular,Maintain standard replenishment review
15034,6591,840.0200000000001,13,507.0,584.2171399973358,0.41856765456765455,138,PAPER POCKET TRAVELING FAN,1.1523020512767965,High-Turnover Volatile,Monitor closely and replenish in smaller batches
15036,23826,18569.84,13,1832.7692307692307,1455.6307426591263,1.0975904555532665,518,ASSORTED COLOURS SILK FAN,0.7942247819427786,High-Revenue Priority,Prioritize inventory monitoring and avoid stockouts
15039,2090,1978.6399999999999,13,160.76923076923077,184.10556475663353,1.258701990819638,145,SANDALWOOD FAN,1.1451542305436535,High-Turnover Volatile,Monitor closely and replenish in smaller batches
15044A,458,1439.02,13,35.23076923076923,27.671145760382014,3.606165445665446,102,PINK PAPER PARASOL,0.7854255346833322,Regular,Maintain standard replenishment review
15044B,321,946.83,9,35.666666666666664,34.73110997362451,3.4701798375916026,60,BLUE PAPER PARASOL,0.9737694385128368,Regular,Maintain standard replenishment review
15044C,313,1022.99,13,24.076923076923077,22.23158990588819,3.862608434300742,88,PURPLE PAPER PARASOL,0.923356769254142,Regular,Maintain standard replenishment review
15044D,644,1819.76,13,49.53846153846154,43.53468996983016,3.5414340104340103,84,RED PAPER PARASOL,0.8788058534282486,Regular,Maintain standard replenishment review
15056BL,2844,15828.84,13,218.76923076923077,148.9877812921549,6.517775263834631,321,EDWARDIAN PARASOL BLACK,0.6810271296758135,High-Revenue Priority,Prioritize inventory monitoring and avoid stockouts
15056N,3950,22152.69,13,303.84615384615387,171.60509226799678,6.9772656199745935,456,EDWARDIAN PARASOL NATURAL,0.5647762530339134,High-Revenue Priority,Prioritize inventory monitoring and avoid stockouts
15056P,776,4354.92,13,59.69230769230769,37.225404890085066,6.32535014985015,144,EDWARDIAN PARASOL PINK,0.6236214736741055,High-Revenue Priority,Prioritize inventory monitoring and avoid stockouts
15056bl,87,1086.88,13,6.6923076923076925,3.092588327615327,12.48,62,EDWARDIAN PARASOL BLACK,0.462110899528727,Long-Tail,Limit stock and avoid excessive local warehouse space
15056n,127,1585.28,12,10.583333333333334,6.229815892994435,12.481666666666667,84,EDWARDIAN PARASOL NATURAL,0.5886440213853009,Regular,Maintain standard replenishment review
15056p,33,412.48,13,2.5384615384615383,1.8081014266989475,12.48,26,EDWARDIAN PARASOL PINK,0.7122823802147369,Long-Tail,Limit stock and avoid excessive local warehouse space
15058A,200,1668.49,10,20.0,22.715633383201094,9.173219449149883,89,BLUE POLKADOT GARDEN PARASOL,1.1357816691600546,Regular,Maintain standard replenishment review
15058B,228,1885.27,11,20.727272727272727,25.904018642252826,11.12354025974026,97,PINK POLKADOT GARDEN PARASOL,1.249755285371847,Regular,Maintain standard replenishment review
15058C,240,1429.82,11,21.818181818181817,30.6751305842964,9.867766299357207,72,ICE CREAM DESIGN GARDEN PARASOL,1.4059434851135852,Regular,Maintain standard replenishment review
15060B,451,1807.55,12,37.583333333333336,27.036871569070712,4.8353544002293996,131,FAIRY CAKE DESIGN UMBRELLA,0.7193846093766043,Regular,Maintain standard replenishment review
15060b,3,24.869999999999997,3,1.0,0.0,8.29,3,FAIRY CAKE DESIGN UMBRELLA,0.0,Long-Tail,Limit stock and avoid excessive local warehouse space
16008,2892,360.71,11,262.90909090909093,270.34365335456073,0.17136363636363636,70,SMALL FOLDING SCISSOR(POINTED EDGE),1.028278072925369,High-Turnover Stable,Keep stable local warehouse inventory
16010,30,3.5999999999999996,3,10.0,3.4641016151377544,0.12,3,FOLDING CAMPING SCISSOR W/KNIF & S,0.34641016151377546,Long-Tail,Limit stock and avoid excessive local warehouse space
16011,1749,367.28999999999996,13,134.53846153846155,91.46731236222715,0.21,46,ANIMAL STICKERS,0.6798599546649244,Regular,Maintain standard replenishment review
16012,1220,256.2,11,110.9090909090909,103.11203086493306,0.21,35,FOOD/DRINK SPONGE STICKERS,0.9296986389461178,Regular,Maintain standard replenishment review
16014,13328,4335.76,13,1025.2307692307693,1185.1350945388851,0.4010805860805861,54,SMALL CHINESE STYLE SCISSOR,1.15596910481734,High-Revenue Priority,Prioritize inventory monitoring and avoid stockouts
16015,662,289.98,10,66.2,87.2745349139395,0.48949999999999994,24,MEDIUM CHINESE STYLE SCISSOR,1.31834644885105,Regular,Maintain standard replenishment review
16016,1273,1053.45,13,97.92307692307692,76.99508808842022,0.846,65,LARGE CHINESE STYLE SCISSOR,0.7862813394732623,Regular,Maintain standard replenishment review
16020C,84,69.89999999999999,4,21.0,27.483328279765054,0.8408333333333333,17,CLEAR STATIONERY BOX SET,1.3087299180840501,Long-Tail,Limit stock and avoid excessive local warehouse space
16033,840,100.79999999999998,3,280.0,183.3030277982336,0.12,4,MINI HIGHLIGHTER PENS,0.6546536707079771,Regular,Maintain standard replenishment review
16043,98,11.759999999999998,1,98.0,0.0,0.12,2,POP ART PUSH DOWN RUBBER,0.0,Regular,Maintain standard replenishment review
16045,8900,380.0,9,988.8888888888889,706.124005477162,0.05777777777777778,68,POPART WOODEN PENCILS ASST,0.714057983066793,High-Turnover Stable,Keep stable local warehouse inventory
16046,65,55.25,10,6.5,9.095175766428168,0.85,14,TEATIME PEN CASE & PENS,1.3992578102197182,Long-Tail,Limit stock and avoid excessive local warehouse space
16048,1460,205.3,13,112.3076923076923,94.864275516291,0.44699938949938944,67,TEATIME ROUND PENCIL SHARPENER,0.8446819052820432,Regular,Maintain standard replenishment review
16049,504,82.08000000000001,2,252.0,305.47012947258855,0.3075,5,TEATIME GEL PENS ASST,1.212183053462653,Regular,Maintain standard replenishment review
16052,479,115.3,6,79.83333333333333,155.70923757653773,0.6643333333333333,13,TEATIME PUSH DOWN RUBBER,1.9504288631716626,Regular,Maintain standard replenishment review
16054,1166,140.52,8,145.75,118.02874952436679,0.1575,33,POPART RECT PENCIL SHARPENER ASST,0.8098027411620363,Regular,Maintain standard replenishment review
16151A,49,61.25,1,49.0,0.0,1.25,3,FLOWERS HANDBAG BLUE AND ORANGE,0.0,Long-Tail,Limit stock and avoid excessive local warehouse space
16156L,475,199.5,10,47.5,21.88987589427283,0.42000000000000004,18,"WRAP, CAROUSEL",0.4608394925110069,Regular,Maintain standard replenishment review
16156S,5800,2331.0,13,446.15384615384613,250.3843199809199,0.41781574546734723,167,WRAP PINK FAIRY CAKES,0.561206234439993,High-Turnover Stable,Keep stable local warehouse inventory
16161G,700,70.0,9,77.77777777777777,57.88518328937418,0.1,22,WRAP BAD HAIR DAY,0.7442380708633825,Regular,Maintain standard replenishment review
16161M,25,10.5,1,25.0,0.0,0.42,1,WRAP  PINK FLOCK,0.0,Long-Tail,Limit stock and avoid excessive local warehouse space
16161P,7201,2980.42,13,553.9230769230769,303.0540275095244,0.41944240944240946,248,WRAP ENGLISH ROSE,0.5471048962121674,High-Turnover Stable,Keep stable local warehouse inventory
16161U,4075,1687.5,13,313.46153846153845,196.4835088010422,0.41967032967032963,134,WRAP SUKI AND FRIENDS,0.6268185556843064,High-Turnover Stable,Keep stable local warehouse inventory
16162L,20,13.0,5,4.0,3.7416573867739413,0.65,8,THE KING GIFT BAG,0.9354143466934853,Long-Tail,Limit stock and avoid excessive local warehouse space
16162M,28,11.76,3,9.333333333333334,5.033222956847167,0.42,8,THE KING GIFT BAG 25X24X12CM,0.539273888233625,Long-Tail,Limit stock and avoid excessive local warehouse space
16168M,371,173.12,12,30.916666666666668,19.810274346837545,0.6505833333333333,41,FUNKY MONKEY GIFT BAG MEDIUM,0.6407635907332898,Regular,Maintain standard replenishment review
16169E,4563,1892.46,6,760.5,594.5811130535513,0.41952564809707665,149,WRAP 50'S  CHRISTMAS,0.7818292084859321,High-Turnover Stable,Keep stable local warehouse inventory
16169K,200,84.0,4,50.0,35.35533905932738,0.42,8,WRAP FOLK ART,0.7071067811865476,Regular,Maintain standard replenishment review
16169M,660,277.2,11,60.0,32.4037034920393,0.42,25,WRAP DAISY CARPET,0.5400617248673216,Regular,Maintain standard replenishment review
16169N,25,10.5,1,25.0,0.0,0.42,1,WRAP BLUE RUSSIAN FOLKART,0.0,Long-Tail,Limit stock and avoid excessive local warehouse space
16169P,50,21.0,1,50.0,0.0,0.42,2,WRAP GREEN RUSSIAN FOLKART,0.0,Long-Tail,Limit stock and avoid excessive local warehouse space
16202A,7,3.5,2,3.5,0.7071067811865476,0.5,2,PASTEL PINK PHOTO ALBUM,0.20203050891044216,Long-Tail,Limit stock and avoid excessive local warehouse space
16202B,29,14.5,1,29.0,0.0,0.5,2,PASTEL BLUE PHOTO ALBUM,0.0,Long-Tail,Limit stock and avoid excessive local warehouse space
16202E,15,7.5,1,15.0,0.0,0.5,3,BLACK PHOTO ALBUM,0.0,Long-Tail,Limit stock and avoid excessive local warehouse space
16206B,7,8.75,2,3.5,2.1213203435596424,1.25,2,RED PURSE WITH PINK HEART,0.6060915267313264,Long-Tail,Limit stock and avoid excessive local warehouse space
16207A,60,163.1,8,7.5,6.458659745975609,2.9054583333333333,34,PINK STRAWBERRY HANDBAG,0.8611546327967479,Long-Tail,Limit stock and avoid excessive local warehouse space
16207B,29,76.14,6,4.833333333333333,3.311595788538611,3.0966666666666662,18,PINK HEART RED HANDBAG,0.6851577493528161,Long-Tail,Limit stock and avoid excessive local warehouse space
16216,3333,234.0,11,303.0,493.77099955343675,0.1673939393939394,45,LETTER SHAPE PENCIL SHARPENER,1.6296072592522666,High-Turnover Volatile,Monitor closely and replenish in smaller batches
16218,3821,283.31,12,318.4166666666667,359.49041163931764,0.3543208874458874,64,CARTOON  PENCIL SHARPENERS,1.1289937031331618,High-Turnover Volatile,Monitor closely and replenish in smaller batches
16219,3048,407.71999999999997,12,254.0,258.6654561046337,0.6100110294117647,100,HOUSE SHAPE PENCIL SHARPENER,1.0183679374198176,High-Turnover Stable,Keep stable local warehouse inventory
16225,813,689.35,12,67.75,82.95576586898038,1.4588703449328448,102,RATTLE SNAKE EGGS,1.2244393486196365,Regular,Maintain standard replenishment review
16235,3068,695.4,13,236.0,189.27625313282172,0.3155829410973642,168,RECYCLED PENCIL WITH RABBIT ERASER,0.8020180217492446,High-Turnover Stable,Keep stable local warehouse inventory
16236,1438,320.09,13,110.61538461538461,78.61248677483162,0.3121262062310449,136,KITTY PENCIL ERASERS,0.7106831210520245,Regular,Maintain standard replenishment review
16237,4991,1047.93,13,383.9230769230769,209.31931808382362,0.29999156524289144,290,SLEEPING CAT ERASERS,0.5452116079121834,High-Turnover Stable,Keep stable local warehouse inventory
16238,1396,321.67,13,107.38461538461539,55.23968751652273,0.3069646325896326,134,PARTY TIME PENCIL ERASERS,0.5144096975034351,Regular,Maintain standard replenishment review
16244B,7,7.85,2,3.5,0.7071067811865476,1.225,2,MAXWELL 2 TONE BLUE 60 PAGE PHOTO A,0.20203050891044216,Long-Tail,Limit stock and avoid excessive local warehouse space
16248B,13,16.25,5,2.6,2.5099800796022267,1.25,7,BLUE HOLE PUNCH,0.9653769536931641,Long-Tail,Limit stock and avoid excessive local warehouse space
16254,40,42.58,6,6.666666666666667,6.121002096606949,1.3699999999999999,17,TRANSPARENT ACRYLIC TAPE DISPENSER,0.9181503144910423,Long-Tail,Limit stock and avoid excessive local warehouse space
16258A,472,178.97,12,39.333333333333336,45.3036890597691,0.5778045634920635,59,SWIRLY CIRCULAR RUBBERS IN BAG,1.1517887049093838,Regular,Maintain standard replenishment review
16259,3380,326.56,9,375.55555555555554,423.95374485641446,0.12333333333333332,31,PIECE OF CAMO STATIONERY SET,1.128870918256725,High-Turnover Volatile,Monitor closely and replenish in smaller batches
17001,72,20.88,1,72.0,0.0,0.29,1,HEAVENS SCENT FRAGRANCE OILS ASSTD,0.0,Long-Tail,Limit stock and avoid excessive local warehouse space
17003,23020,6025.95,13,1770.7692307692307,1059.741254099804,0.3498866515400928,239,BROCADE RING PURSE,0.5984637838096201,High-Revenue Priority,Prioritize inventory monitoring and avoid stockouts
17007B,24,50.400000000000006,2,12.0,0.0,2.1,2,S/3 POT POURI CUSHIONS BLUE COLOURS,0.0,Long-Tail,Limit stock and avoid excessive local warehouse space
17011F,81,66.36,4,20.25,21.045585443666486,1.63875,7,ORIGAMI SANDLEWOOD INCENSE+FLOWER,1.0392881700576042,Long-Tail,Limit stock and avoid excessive local warehouse space
17012A,323,375.93,13,24.846153846153847,25.83875046593828,1.8568223443223444,65,ORIGAMI VANILLA INCENSE/CANDLE SET,1.0399497091554106,Regular,Maintain standard replenishment review
17012B,525,595.8499999999999,12,43.75,38.40484107741911,1.8660682189542481,85,ORIGAMI JASMINE INCENSE/CANDLE SET,0.8778249389124367,Regular,Maintain standard replenishment review
17012C,420,481.79999999999995,13,32.30769230769231,40.571715548693554,1.9261431623931624,85,ORIGAMI LAVENDER INCENSE/CANDL SET,1.2557911955548005,Regular,Maintain standard replenishment review
17012D,461,547.24,13,35.46153846153846,47.14095067740182,2.0670265845265843,97,ORIGAMI ROSE INCENSE/CANDLE SET,1.3293543574972313,Regular,Maintain standard replenishment review
17012E,44,62.64,1,44.0,0.0,2.3169999999999997,10,ORIGAMI OPIUM INCENSE/CANDLE SET,0.0,Long-Tail,Limit stock and avoid excessive local warehouse space
17012F,448,530.6,13,34.46153846153846,43.52894704411343,1.9523846153846154,94,ORIGAMI SANDLEWOOD INCENSE/CAND SET,1.2631167669050773,Regular,Maintain standard replenishment review
17013D,535,267.82,7,76.42857142857143,67.53729128626432,0.9602380952380952,13,ORIGAMI ROSE INCENSE IN TUBE,0.8836654934651407,Regular,Maintain standard replenishment review
17014A,155,71.19,6,25.833333333333332,35.391618593484345,0.8766666666666666,8,ORIGAMI VANILLA INCENSE CONES,1.36999813910262,Regular,Maintain standard replenishment review
17021,2391,632.34,13,183.92307692307693,211.6689480999601,0.2929230769230769,47,NAMASTE SWAGAT INCENSE,1.1508558449600506,High-Turnover Volatile,Monitor closely and replenish in smaller batches
17028J,6,2.52,1,6.0,0.0,0.42,1,INCENSE BAZAAR PEACH,0.0,Long-Tail,Limit stock and avoid excessive local warehouse space
17038,1525,158.06,13,117.3076923076923,88.00415199995265,0.3806666666666666,34,PORCELAIN BUDAH INCENSE HOLDER,0.7501993285241866,Regular,Maintain standard replenishment review
17084A,200,42.0,7,28.571428571428573,9.44911182523068,0.21,7,TRANQUILITY MASALA INCENSE,0.3307189138830738,Regular,Maintain standard replenishment review
17084J,225,47.25,7,32.142857142857146,12.198750911856665,0.21,8,LOVE POTION MASALA INCENSE,0.37951669503554064,Regular,Maintain standard replenishment review
17084N,1264,313.31,13,97.23076923076923,50.12177478593817,0.3543653846153846,101,FAIRY DREAMS INCENSE,0.5154929368806932,Regular,Maintain standard replenishment review
17084P,423,104.44,12,35.25,16.498622532034165,0.35447222222222213,39,DRAGONS BLOOD INCENSE,0.46804602927756495,Regular,Maintain standard replenishment review
17084R,4032,760.3199999999999,11,366.54545454545456,446.69550336585297,0.2037878787878788,27,ASSORTED INCENSE PACK,1.2186633276350154,High-Turnover Volatile,Monitor closely and replenish in smaller batches
17090A,109,107.44999999999999,8,13.625,16.273883547398444,1.1833333333333333,10,LAVENDER INCENSE 40 CONES IN TIN,1.1944134713686931,Regular,Maintain standard replenishment review
17090D,29,36.25,6,4.833333333333333,3.2506409624359724,1.25,12,VANILLA INCENSE 40 CONES IN TIN,0.6725464060212357,Long-Tail,Limit stock and avoid excessive local warehouse space
17091A,171,98.91,6,28.5,27.55902755904134,0.9392857142857144,25,LAVENDER INCENSE IN TIN,0.9669834231242576,Regular,Maintain standard replenishment review
17091J,2084,920.67,13,160.30769230769232,81.17305034655345,0.7073153000845309,95,VANILLA INCENSE IN TIN,0.5063577996666002,High-Turnover Stable,Keep stable local warehouse inventory
17096,2545,455.9800000000001,8,318.125,578.6606302488533,0.29974999999999996,24,ASSORTED LAQUERED INCENSE HOLDERS,1.818972511587751,High-Turnover Volatile,Monitor closely and replenish in smaller batches
17107D,170,433.5,12,14.166666666666666,8.9018214002767,2.55,46,"FLOWER FAIRY,5 SUMMER B'DRAW LINERS",0.6283638635489436,Regular,Maintain standard replenishment review
17109D,61,32.349999999999994,3,20.333333333333332,29.19474838619668,1.2533333333333332,5,FLOWER FAIRY INCENSE BOUQUET,1.435807297681804,Long-Tail,Limit stock and avoid excessive local warehouse space
17129F,588,553.8299999999999,13,45.23076923076923,44.5835430141247,1.414642857142857,57,BLUE GLASS GEMS IN BAG,0.985690576842893,Regular,Maintain standard replenishment review
17136A,352,29.59,10,35.2,33.59828037927603,0.10600000000000001,17,BLUE STONES ON WIRE FOR CANDLE,0.954496601683978,Regular,Maintain standard replenishment review
17164B,27,11.34,2,13.5,4.949747468305833,0.42,9,ASS COL SMALL SAND GECKO P'WEIGHT,0.36664796061524685,Long-Tail,Limit stock and avoid excessive local warehouse space
17165D,27,28.349999999999998,2,13.5,6.363961030678928,1.05,7,ASS COL LARGE SAND FROG P'WEIGHT,0.4714045207910317,Long-Tail,Limit stock and avoid excessive local warehouse space
17174,9,3.7800000000000002,2,4.5,4.949747468305833,0.42,3,ASSTD RASTA KEY-CHAINS,1.0999438818457405,Long-Tail,Limit stock and avoid excessive local warehouse space
17191A,4,15.0,2,2.0,0.0,3.75,2,ROSE FLOWER CANDLE+INCENSE 16X16CM,0.0,Long-Tail,Limit stock and avoid excessive local warehouse space
18007,5884,395.61,8,735.5,1304.781426687463,0.27625,30,ESSENTIAL BALM 3.5G TIN IN ENVELOPE,1.7740060186097388,High-Turnover Volatile,Monitor closely and replenish in smaller batches
18094C,192,283.93,11,17.454545454545453,15.108697073961318,1.9428831168831169,42,WHITE AND BLUE CERAMIC OIL BURNER,0.8656024365290339,Regular,Maintain standard replenishment review
18097A,5,12.75,3,1.6666666666666667,0.5773502691896257,2.55,4,PINK TALL PORCELAIN T-LIGHT HOLDER,0.3464101615137754,Long-Tail,Limit stock and avoid excessive local warehouse space
18097C,695,1591.01,13,53.46153846153846,77.78133386253991,3.166706043956044,69,WHITE TALL PORCELAIN T-LIGHT HOLDER,1.4549026477885163,Regular,Maintain standard replenishment review
18098C,213,658.75,8,26.625,44.67321824730594,3.141538461538462,49,PORCELAIN BUTTERFLY OIL BURNER,1.6778673520114906,Regular,Maintain standard replenishment review
18098c,52,263.12,1,52.0,0.0,5.06,12,PORCELAIN BUTTERFLY OIL BURNER,0.0,Long-Tail,Limit stock and avoid excessive local warehouse space
20615,309,466.99,13,23.76923076923077,23.19178678668322,2.6597885297206565,95,BLUE POLKADOT PASSPORT COVER,0.9757062402164461,Regular,Maintain standard replenishment review
20616,194,243.53,13,14.923076923076923,15.129780448184183,1.6937411477411477,71,CHERRY BLOSSOM PASSPORT COVER,1.0138512671463629,Regular,Maintain standard replenishment review
20617,93,194.94,12,7.75,4.433857339731502,2.433763888888889,43,FIRST CLASS PASSPORT COVER,0.5721106244814842,Regular,Maintain standard replenishment review
20618,148,286.39,13,11.384615384615385,9.215371773459655,2.083086691086691,76,QUEEN OF THE SKIES PASSPORT COVER,0.8094583314525372,Regular,Maintain standard replenishment review
20619,262,439.65000000000003,13,20.153846153846153,15.480343201654986,2.4736530904992446,99,TROPICAL PASSPORT COVER,0.7681086321431864,Regular,Maintain standard replenishment review
20622,185,303.7,13,14.23076923076923,16.70904867705842,2.4245811965811965,51,VIPPASSPORT COVER,1.174149366495997,Regular,Maintain standard replenishment review
20652,265,346.86,13,20.384615384615383,22.104066222976794,1.7658104395604395,78,BLUE POLKADOT LUGGAGE TAG,1.084350418485654,Regular,Maintain standard replenishment review
20653,73,95.18,11,6.636363636363637,6.576818794413105,1.9487465564738293,33,CHERRY BLOSSOM LUGGAGE TAG,0.991027489569098,Long-Tail,Limit stock and avoid excessive local warehouse space
20654,152,193.59,13,11.692307692307692,7.846279536449269,1.4757248520710058,49,FIRST CLASS LUGGAGE TAG,0.6710633814068454,Regular,Maintain standard replenishment review
20655,197,292.29,13,15.153846153846153,11.074340867113747,1.799556543697848,99,QUEEN OF SKIES LUGGAGE TAG,0.7307940673729885,Regular,Maintain standard replenishment review
20657,73,105.91,12,6.083333333333333,5.680242205676754,1.7320833333333334,33,TROPICAL LUGGAGE TAG,0.9337384447687814,Long-Tail,Limit stock and avoid excessive local warehouse space
20658,433,652.11,10,43.3,24.6533747971528,1.66531746031746,105,RED RETROSPOT LUGGAGE TAG,0.5693620045531825,Regular,Maintain standard replenishment review
20659,158,246.84,12,13.166666666666666,5.951826814033018,1.7171616161616161,62,ECONOMY LUGGAGE TAG,0.45203747954681156,Regular,Maintain standard replenishment review
20661,44,141.15,8,5.5,4.869731585445518,4.00875,33,BLUE POLKADOT PURSE,0.8854057428082759,Long-Tail,Limit stock and avoid excessive local warehouse space
20662,31,90.42,7,4.428571428571429,3.4572215654165053,2.9860714285714285,20,FIRST CLASS HOLIDAY PURSE,0.7806629341263076,Long-Tail,Limit stock and avoid excessive local warehouse space
20663,25,66.26,9,2.7777777777777777,3.032234233110042,2.8621296296296297,20,QUEEN OF THE SKIES HOLIDAY PURSE,1.0916043239196151,Long-Tail,Limit stock and avoid excessive local warehouse space
20664,32,81.66,4,8.0,5.41602560309064,2.5825,18,TROPICAL HOLIDAY PURSE,0.67700320038633,Long-Tail,Limit stock and avoid excessive local warehouse space
20665,461,1546.27,13,35.46153846153846,17.896067466603682,4.232428046312662,156,RED RETROSPOT PURSE,0.504661338537631,Regular,Maintain standard replenishment review
20666,30,41.53,5,6.0,8.54400374531753,2.428,17,ECONOMY HOLIDAY PURSE,1.4240006242195884,Long-Tail,Limit stock and avoid excessive local warehouse space
20667,20,49.69,4,5.0,3.265986323710904,2.5825,16,CHERRY BLOSSOM PURSE,0.6531972647421809,Long-Tail,Limit stock and avoid excessive local warehouse space
20668,12883,1501.3999999999999,13,991.0,1263.449840713908,0.19329193043442078,215,DISCO BALL CHRISTMAS DECORATION,1.2749241581371424,High-Turnover Volatile,Monitor closely and replenish in smaller batches
20669,304,447.34000000000003,11,27.636363636363637,14.786972153032055,1.7560086580086578,96,RED HEART LUGGAGE TAG,0.5350549134320809,Regular,Maintain standard replenishment review
20670,14,44.04,8,1.75,0.8864052604279182,3.5375,11,VIP HOLIDAY PURSE,0.5065172916730961,Long-Tail,Limit stock and avoid excessive local warehouse space
20671,10,12.5,1,10.0,0.0,1.25,2,BLUE TEATIME PRINT BOWL,0.0,Long-Tail,Limit stock and avoid excessive local warehouse space
20674,1563,2016.23,13,120.23076923076923,53.45582887792163,1.5716285202651599,205,GREEN POLKADOT BOWL,0.44461022099359004,Regular,Maintain standard replenishment review
20675,3120,3983.12,13,240.0,122.36284839225779,1.6026386380429913,322,BLUE POLKADOT BOWL,0.5098452016344075,High-Revenue Priority,Prioritize inventory monitoring and avoid stockouts
20676,5023,6374.81,13,386.38461538461536,192.27044254622984,1.6402232585277576,448,RED RETROSPOT BOWL,0.49761412564224333,High-Revenue Priority,Prioritize inventory monitoring and avoid stockouts
20677,3674,4747.34,13,282.61538461538464,102.54311163403295,1.6608296783318157,333,PINK POLKADOT BOWL,0.36283626871051394,High-Revenue Priority,Prioritize inventory monitoring and avoid stockouts
20678,4,6.6,1,4.0,0.0,1.65,1,LARGE BLACK DIAMANTE HAIRSLIDE,0.0,Long-Tail,Limit stock and avoid excessive local warehouse space
20679,1710,10021.42,13,131.53846153846155,68.32351399117704,7.070379620770397,326,EDWARDIAN PARASOL RED,0.519418527418305,High-Revenue Priority,Prioritize inventory monitoring and avoid stockouts
20681,140,506.96,4,35.0,20.37972849017703,4.246931372549019,46,PINK POLKADOT CHILDRENS UMBRELLA,0.5822779568622009,Regular,Maintain standard replenishment review
20682,1235,4171.33,13,95.0,44.98703516940557,3.986564619660845,237,RED RETROSPOT CHILDRENS UMBRELLA,0.47354773862532185,High-Revenue Priority,Prioritize inventory monitoring and avoid stockouts
20684,80,270.56,8,10.0,7.270291799999699,3.5140000000000002,35,STRAWBERRY DREAM CHILDS UMBRELLA,0.7270291799999699,Long-Tail,Limit stock and avoid excessive local warehouse space
20685,4088,28049.54,13,314.46153846153845,197.32233164064974,8.953945808607934,696,DOORMAT RED RETROSPOT,0.627492737604806,High-Revenue Priority,Prioritize inventory monitoring and avoid stockouts
20686,267,922.67,13,20.53846153846154,17.970417286081517,3.7450512820512816,77,DOLLY MIXTURE CHILDREN'S UMBRELLA,0.8749641375245681,Regular,Maintain standard replenishment review
20694,43,187.54,9,4.777777777777778,4.521553322083512,5.313611111111111,16,FLORAL PINK MONSTER,0.946371625552363,Long-Tail,Limit stock and avoid excessive local warehouse space
20695,5,21.25,4,1.25,0.5,4.25,4,FLORAL BLUE MONSTER,0.4,Long-Tail,Limit stock and avoid excessive local warehouse space
20696,54,230.81,9,6.0,5.361902647381804,5.043388888888889,30,FLORAL SOFT CAR TOY,0.8936504412303007,Long-Tail,Limit stock and avoid excessive local warehouse space
20697,19,48.45,6,3.1666666666666665,1.4719601443879746,2.55,11,LITTLE GREEN MONSTER SOFT TOY,0.46482951928041305,Long-Tail,Limit stock and avoid excessive local warehouse space
20698,17,43.35,4,4.25,1.5000000000000002,2.55,8,LITTLE PINK MONSTER SOFT TOY,0.3529411764705883,Long-Tail,Limit stock and avoid excessive local warehouse space
20699,97,266.03,8,12.125,19.874157664090895,2.792602272727273,41,MOUSEY LONG LEGS SOFT TOY,1.6391057867291459,Regular,Maintain standard replenishment review
20700,73,345.17,10,7.3,6.395310782127793,6.86065,54,GREEN CAT FLORAL CUSHION COVER,0.8760699701544922,Long-Tail,Limit stock and avoid excessive local warehouse space
20701,25,100.97,3,8.333333333333334,6.6583281184793925,3.9751851851851847,18,PINK CAT FLORAL CUSHION COVER,0.7989993742175271,Long-Tail,Limit stock and avoid excessive local warehouse space
20702,134,573.54,10,13.4,6.931409989637349,4.351,42,PINK PADDED MOBILE,0.5172694022117424,Regular,Maintain standard replenishment review
20703,1,4.25,1,1.0,0.0,4.25,1,BLUE PADDED SOFT MOBILE,0.0,Long-Tail,Limit stock and avoid excessive local warehouse space
20704,216,697.7,13,16.615384615384617,25.47396861352932,6.884717948717949,44,MR ROBOT SOFT TOY,1.533155518406857,Regular,Maintain standard replenishment review
20705,143,428.85,13,11.0,18.565200420859092,5.924358974358975,28,MRS ROBOT SOFT TOY,1.6877454928053721,Regular,Maintain standard replenishment review
20707,464,468.39,13,35.69230769230769,31.02521720414061,1.464875905140611,149,CRAZY DAISY HEART DECORATION,0.8692409992539395,Regular,Maintain standard replenishment review
20711,5007,11014.619999999999,13,385.15384615384613,268.0437918679975,3.186355487252133,522,JUMBO BAG TOYS,0.6959395434958994,High-Revenue Priority,Prioritize inventory monitoring and avoid stockouts
20712,9773,22092.420000000002,13,751.7692307692307,378.77943314593915,2.9399654049376505,863,JUMBO BAG WOODLAND ANIMALS,0.5038506733753412,High-Revenue Priority,Prioritize inventory monitoring and avoid stockouts
20713,11429,23001.06,11,1039.0,483.1949916958991,2.7827219995429386,657,JUMBO BAG OWLS,0.4650577398420588,High-Revenue Priority,Prioritize inventory monitoring and avoid stockouts
20716,400,469.63000000000005,7,57.142857142857146,32.62631132194062,1.425300453514739,73,PARTY FOOD SHOPPER BAG,0.5709604481339609,Regular,Maintain standard replenishment review
20717,2855,3561.98,13,219.6153846153846,173.2101510023486,1.71643870250114,412,STRAWBERRY SHOPPER BAG,0.7886977103434437,High-Revenue Priority,Prioritize inventory monitoring and avoid stockouts
20718,4769,6604.29,13,366.84615384615387,117.492443837782,1.756500856034879,575,RED RETROSPOT SHOPPER BAG,0.320277158710666,High-Revenue Priority,Prioritize inventory monitoring and avoid stockouts
20719,13290,16744.45,13,1022.3076923076923,320.1599560155789,1.223159142188765,833,WOODLAND CHARLOTTE BAG,0.31317377187377926,High-Revenue Priority,Prioritize inventory monitoring and avoid stockouts
20723,9793,12548.15,13,753.3076923076923,263.2933676261091,1.2353827349275215,722,STRAWBERRY CHARLOTTE BAG,0.34951636670472974,High-Revenue Priority,Prioritize inventory monitoring and avoid stockouts
20724,17761,21773.39,13,1366.2307692307693,467.11600162524826,1.1616554447923437,1032,RED RETROSPOT CHARLOTTE BAG,0.34190124548889295,High-Revenue Priority,Prioritize inventory monitoring and avoid stockouts
20725,19432,35862.36,13,1494.7692307692307,548.2856849377815,2.1663888748716946,1565,LUNCH BAG RED RETROSPOT,0.36680289749851586,High-Revenue Priority,Prioritize inventory monitoring and avoid stockouts
20726,9909,18283.78,13,762.2307692307693,324.4369876792086,2.1901425762876547,1017,LUNCH BAG WOODLAND,0.425641420913282,High-Revenue Priority,Prioritize inventory monitoring and avoid stockouts
20727,12195,22346.96,13,938.0769230769231,397.37942857728586,2.151339887630258,1273,LUNCH BAG  BLACK SKULL.,0.42361070697045644,High-Revenue Priority,Prioritize inventory monitoring and avoid stockouts
20728,11786,21699.48,13,906.6153846153846,420.5443968757517,2.1173711673224958,1150,LUNCH BAG CARS BLUE,0.46386196838492894,High-Revenue Priority,Prioritize inventory monitoring and avoid stockouts
20731,92,109.96,6,15.333333333333334,19.27347054027029,1.175,16,POSY CANDY BAG,1.2569654700176274,Regular,Maintain standard replenishment review
20733,1234,956.36,13,94.92307692307692,177.66938469080782,0.8410503200503201,205,GOLD MINI TAPE MEASURE,1.8717196118156416,Regular,Maintain standard replenishment review
20734,158,271.22,5,31.6,28.307242889409064,1.7581785714285711,26,SILVER MINI TAPE MEASURE,0.8957988256142109,Regular,Maintain standard replenishment review
20735,623,625.8,12,51.916666666666664,61.18148610833381,1.026670444139194,112,BLACK MINI TAPE MEASURE,1.1784555911717587,Regular,Maintain standard replenishment review
20748,57,751.1700000000001,11,5.181818181818182,3.6556307750696546,13.675,34,KENSINGTON COFFEE SET,0.7054726057151965,Long-Tail,Limit stock and avoid excessive local warehouse space
20749,1762,12550.57,13,135.53846153846155,70.01382647331809,8.047042989246785,383,ASSORTED COLOUR MINI CASES,0.5165605812446851,High-Revenue Priority,Prioritize inventory monitoring and avoid stockouts
20750,1747,12634.98,13,134.3846153846154,49.58080687379352,8.139401954781635,385,RED RETROSPOT MINI CASES,0.3689470459984635,High-Revenue Priority,Prioritize inventory monitoring and avoid stockouts
20751,971,2041.52,13,74.6923076923077,37.294737375364846,2.3568038641302973,198,FUNKY WASHING UP GLOVES ASSORTED,0.4993116229451524,Regular,Maintain standard replenishment review
20752,407,920.45,12,33.916666666666664,16.030983258753164,2.3798069933287325,148,BLUE POLKADOT WASHING UP GLOVES,0.47265798305906137,Regular,Maintain standard replenishment review
20754,1457,3088.86,12,121.41666666666667,76.07945408146232,2.4681535777926333,304,RETROSPOT RED WASHING UP GLOVES,0.6265981118583032,High-Revenue Priority,Prioritize inventory monitoring and avoid stockouts
20755,306,271.16999999999996,11,27.818181818181817,22.524733879973727,0.9212360446570973,62,BLUE PAISLEY POCKET BOOK,0.809712655816049,Regular,Maintain standard replenishment review
20756,63,53.55,8,7.875,5.409977554746151,0.85,22,GREEN FERN POCKET BOOK,0.686981276793162,Long-Tail,Limit stock and avoid excessive local warehouse space
20757,158,136.64,11,14.363636363636363,17.81164072887575,1.0095454545454545,33,RED DAISY POCKET BOOK,1.2400509368204637,Regular,Maintain standard replenishment review
20758,159,135.15,13,12.23076923076923,8.613495672043245,0.8499999999999999,42,ABSTRACT CIRCLES POCKET BOOK,0.7042480738148565,Regular,Maintain standard replenishment review
20759,64,54.4,11,5.818181818181818,6.925578413651553,0.85,20,CHRYSANTHEMUM POCKET BOOK,1.1903337898463606,Long-Tail,Limit stock and avoid excessive local warehouse space
20760,69,58.650000000000006,8,8.625,5.125217765408329,0.85,21,GARDEN PATH POCKET BOOK,0.5942281467140091,Long-Tail,Limit stock and avoid excessive local warehouse space
20761,120,505.97,13,9.23076923076923,4.746118522081073,4.275362637362638,63,BLUE PAISLEY SKETCHBOOK,0.5141628398921162,Regular,Maintain standard replenishment review
20762,106,420.08,12,8.833333333333334,4.468746688915917,4.020416666666667,56,GREEN FERN SKETCHBOOK,0.5058958515753867,Regular,Maintain standard replenishment review
20763,73,205.04000000000002,12,6.083333333333333,7.178988702308897,3.7775555555555553,27,DAISY SKETCHBOOK,1.180107731886394,Long-Tail,Limit stock and avoid excessive local warehouse space
20764,142,603.3100000000001,13,10.923076923076923,5.589596563580394,4.486014957264957,76,ABSTRACT CIRCLES SKETCHBOOK,0.5117236290601769,Regular,Maintain standard replenishment review
20765,102,416.05,13,7.846153846153846,3.6707436541331746,4.3342513597513594,59,CHRYSANTHEMUM SKETCHBOOK,0.4678398774875615,Regular,Maintain standard replenishment review
20766,122,493.57,13,9.384615384615385,7.041998550819475,4.361898046398046,57,GARDEN PATH SKETCHBOOK,0.7503768947594522,Regular,Maintain standard replenishment review
20767,250,656.06,13,19.23076923076923,13.28629523327105,2.898575655114117,79,BLUE PAISLEY JOURNAL,0.6908873521300946,Regular,Maintain standard replenishment review
20768,176,438.57,13,13.538461538461538,13.086987077598524,2.681290823211876,55,GREEN FERN JOURNAL,0.9666524545953455,Regular,Maintain standard replenishment review
20769,80,217.56,10,8.0,4.546060565661952,2.9623214285714283,34,DAISY JOURNAL,0.568257570707744,Long-Tail,Limit stock and avoid excessive local warehouse space
20770,184,447.25,12,15.333333333333334,14.87727573628093,2.510329365079365,72,ABSTRACT CIRCLE JOURNAL,0.9702571132357128,Regular,Maintain standard replenishment review
20771,102,267.13,11,9.272727272727273,7.656251159554643,2.8021239669421485,40,CHRYSANTHEMUM  JOURNAL,0.8256741446578536,Regular,Maintain standard replenishment review
20772,247,621.1899999999999,12,20.583333333333332,27.477125472698635,2.7573096001221002,65,GARDEN PATH JOURNAL,1.334921075596695,Regular,Maintain standard replenishment review
20773,56,92.39999999999999,10,5.6,4.857983120596447,1.65,23,BLUE PAISLEY NOTEBOOK,0.8674969858207943,Long-Tail,Limit stock and avoid excessive local warehouse space
20774,86,141.23999999999998,11,7.818181818181818,11.504939650586454,1.6449999999999998,44,GREEN FERN NOTEBOOK,1.4715620483308256,Long-Tail,Limit stock and avoid excessive local warehouse space
20775,134,233.54,12,11.166666666666666,13.992422191596377,1.7496343073593073,63,DAISY NOTEBOOK,1.253052733575795,Regular,Maintain standard replenishment review
20777,169,282.49,12,14.083333333333334,15.900019058498204,1.760174963924964,80,CHRYSANTHEMUM NOTEBOOK,1.1289954361063812,Regular,Maintain standard replenishment review
20778,15,24.75,4,3.75,1.2583057392117916,1.65,8,GARDEN PATH NOTEBOOK,0.33554819712314443,Long-Tail,Limit stock and avoid excessive local warehouse space
20780,47,312.7,8,5.875,10.232127274981902,7.956121794871795,28,BLACK EAR MUFF HEADPHONES,1.7416386851033026,Long-Tail,Limit stock and avoid excessive local warehouse space
20781,35,212.26,11,3.1818181818181817,3.5161962919661303,6.027194805194805,25,GOLD EAR MUFF HEADPHONES,1.1050902631893553,Long-Tail,Limit stock and avoid excessive local warehouse space
20782,53,368.08,9,5.888888888888889,6.293735862833069,6.954259259259259,27,CAMOUFLAGE EAR MUFF HEADPHONES,1.0687475993490116,Long-Tail,Limit stock and avoid excessive local warehouse space
20785,14,523.3000000000001,4,3.5,5.0,39.45,5,FUSCHIA RETRO BAR STOOL,1.4285714285714286,Long-Tail,Limit stock and avoid excessive local warehouse space
20793,8,54.0,4,2.0,2.0,6.75,4,BLUE TILED TRAY,1.0,Long-Tail,Limit stock and avoid excessive local warehouse space
20794,99,282.78999999999996,12,8.25,7.8175211137314085,3.6575555555555557,27,BLUE  TILE HOOK,0.9475783168159283,Regular,Maintain standard replenishment review
20795,49,113.05000000000001,6,8.166666666666666,3.0605010483034745,2.5511111111111116,11,LARGE BLUE PROVENCAL CERAMIC BALL,0.3747552304045071,Long-Tail,Limit stock and avoid excessive local warehouse space
20796,62,103.94,7,8.857142857142858,9.317162862670363,1.8842857142857141,9,SMALL BLUE PROVENCAL CERAMIC BALL,1.051937742559557,Long-Tail,Limit stock and avoid excessive local warehouse space
20798,36,75.60000000000001,2,18.0,11.313708498984761,2.1,5,CLEAR MILKSHAKE GLASS,0.628539361054709,Long-Tail,Limit stock and avoid excessive local warehouse space
20801,1013,1157.8,6,168.83333333333334,133.91402714677304,2.1162400793650793,81,LARGE PINK GLASS SUNDAE DISH,0.7931729149858224,Regular,Maintain standard replenishment review
20802,739,984.4699999999999,12,61.583333333333336,64.9075683125044,1.998184523809524,63,SMALL GLASS SUNDAE DISH CLEAR,1.0539794583897872,Regular,Maintain standard replenishment review
20803,939,476.38,6,156.5,198.49307292699157,1.4349646464646464,40,SMALL PINK GLASS SUNDAE DISH,1.268326344581416,Regular,Maintain standard replenishment review
20816,8,15.6,1,8.0,0.0,1.95,2,GOLD FLOWER CUSHION COVER,0.0,Long-Tail,Limit stock and avoid excessive local warehouse space
20818,15,42.7,3,5.0,4.358898943540674,4.825,5,GOLD TEDDY BEAR,0.8717797887081348,Long-Tail,Limit stock and avoid excessive local warehouse space
20819,64,244.72,9,7.111111111111111,7.114148656804349,4.229887566137567,27,SILVER TEDDY BEAR,1.0004271548631116,Long-Tail,Limit stock and avoid excessive local warehouse space
20820,5,24.75,2,2.5,0.7071067811865476,4.95,2,SILVER LOOKING MIRROR,0.282842712474619,Long-Tail,Limit stock and avoid excessive local warehouse space
20821,17,84.15,6,2.8333333333333335,2.48327740429189,4.95,6,GOLDIE LOOKING MIRROR,0.8764508485736081,Long-Tail,Limit stock and avoid excessive local warehouse space
20823,164,129.56,3,54.666666666666664,46.01449047129973,0.79,8,GOLD WINE GOBLET,0.8417284842310927,Regular,Maintain standard replenishment review
20826,276,128.39999999999998,4,69.0,73.40299721401027,1.2550000000000001,8,SILVER APERITIF GLASS,1.0638115538262358,Regular,Maintain standard replenishment review
20827,88,34.32,1,88.0,0.0,0.39,2,GOLD APERITIF GLASS,0.0,Regular,Maintain standard replenishment review
20828,1128,3074.7799999999997,13,86.76923076923077,38.796807957515114,3.1588560679696633,241,GLITTER BUTTERFLY CLIPS,0.4471263328437025,High-Revenue Priority,Prioritize inventory monitoring and avoid stockouts
20829,1314,2722.95,13,101.07692307692308,95.69261686816242,2.472817386836937,194,GLITTER HANGING BUTTERFLY STRING,0.9467306082847119,Regular,Maintain standard replenishment review
20830,136,409.83,10,13.6,8.579044235810887,2.8314761904761907,37,SILVER PHOTO FRAME,0.6308120761625652,Regular,Maintain standard replenishment review
20831,216,466.53000000000003,12,18.0,18.24081337899362,2.7311111111111113,39,GOLD PHOTO FRAME,1.013378521055201,Regular,Maintain standard replenishment review
20832,1067,572.67,12,88.91666666666667,88.86502362708528,0.7770785256410256,82,RED FLOCK LOVE HEART PHOTO FRAME,0.9994191973055514,Regular,Maintain standard replenishment review
20835,67,65.8,5,13.4,8.532291603080617,2.868,8,FRENCH LATTICE CUSHION COVER,0.6367381793343744,Long-Tail,Limit stock and avoid excessive local warehouse space
20836,170,141.1,6,28.333333333333332,11.272385136547928,0.83,17,FRENCH PAISLEY CUSHION COVER,0.39784888717227984,Regular,Maintain standard replenishment review
20837,141,142.47,6,23.5,15.921683328090658,1.1833333333333333,15,FRENCH FLORAL CUSHION COVER,0.6775184394932195,Regular,Maintain standard replenishment review
20838,385,461.45,9,42.77777777777778,25.518511799171293,2.0641317941317943,57,FRENCH LATTICE CUSHION COVER,0.5965366394611471,Regular,Maintain standard replenishment review
20839,575,840.44,12,47.916666666666664,41.51770341637043,3.3298923576423576,105,FRENCH PAISLEY CUSHION COVER,0.8664564191242525,Regular,Maintain standard replenishment review
20840,533,632.3199999999999,10,53.3,64.61862476613585,2.7840959706959705,74,FRENCH FLORAL CUSHION COVER,1.2123569374509542,Regular,Maintain standard replenishment review
20845,19,120.64999999999999,5,3.8,2.280350850198276,6.35,11,ZINC HEART LATTICE 2 WALL PLANTER,0.6000923289995463,Long-Tail,Limit stock and avoid excessive local warehouse space
20846,716,957.32,13,55.07692307692308,41.86976144041094,1.6261614774114774,88,ZINC HEART LATTICE T-LIGHT HOLDER,0.7602051658175171,Regular,Maintain standard replenishment review
20847,52,217.57999999999998,11,4.7272727272727275,4.31487911976475,4.659090909090909,18,ZINC HEART LATTICE CHARGER LARGE,0.9127628907194663,Long-Tail,Limit stock and avoid excessive local warehouse space
20848,21,61.95,8,2.625,1.1877349391654208,2.95,8,ZINC HEART LATTICE CHARGER SMALL,0.4524704530153984,Long-Tail,Limit stock and avoid excessive local warehouse space
20851,9,53.55,4,2.25,1.2583057392117916,5.95,7,ZINC HEART LATTICE TRAY OVAL,0.5592469952052407,Long-Tail,Limit stock and avoid excessive local warehouse space
20854,242,383.02,3,80.66666666666667,82.65792964582002,1.6904914529914528,41,BLUE PATCH PURSE PINK HEART,1.0246850782539672,Regular,Maintain standard replenishment review
20856,216,357.28999999999996,9,24.0,15.676415406590882,1.6771021999443052,61,DENIM PATCH PURSE PINK BUTTERFLY,0.6531839752746201,Regular,Maintain standard replenishment review
20857,32,52.8,3,10.666666666666666,4.509249752822894,1.6499999999999997,8,BLUE ROSE PATCH PURSE PINK BUTTERFL,0.42274216432714634,Long-Tail,Limit stock and avoid excessive local warehouse space
20860,1,2.1,1,1.0,0.0,2.1,1,GOLD COSMETICS BAG WITH BUTTERFLY,0.0,Long-Tail,Limit stock and avoid excessive local warehouse space
20861,2,4.2,1,2.0,0.0,2.1,2,GOLD COSMETIC BAG PINK STAR,0.0,Long-Tail,Limit stock and avoid excessive local warehouse space
20866,597,709.6999999999999,12,49.75,79.23971111874285,1.7373296957671958,90,BLUE ROSE FABRIC MIRROR,1.5927580124370422,Regular,Maintain standard replenishment review
20867,331,393.47,11,30.09090909090909,38.016981851416205,1.3712878787878788,62,PINK ROSE FABRIC MIRROR,1.2634042307117168,Regular,Maintain standard replenishment review
20868,458,219.35000000000002,11,41.63636363636363,80.28483384459699,0.8043073593073593,46,SILVER FABRIC MIRROR,1.9282383674466528,Regular,Maintain standard replenishment review
20869,180,86.76,10,18.0,22.9830855679176,0.8295714285714286,29,GOLD FABRIC MIRROR,1.2768380871065332,Regular,Maintain standard replenishment review
20871,2,8.42,1,2.0,0.0,4.21,1,OPULENT VELVET SET/3 CANDLES,0.0,Long-Tail,Limit stock and avoid excessive local warehouse space
20878,24,30.0,1,24.0,0.0,1.25,7,SET/9 CHRISTMAS T-LIGHTS SCENTED,0.0,Long-Tail,Limit stock and avoid excessive local warehouse space
20886,485,986.23,12,40.416666666666664,32.26723171305903,2.416562321937322,103,BOX OF 9 PEBBLE CANDLES,0.7983644959932132,Regular,Maintain standard replenishment review
20892,4,89.22,1,4.0,0.0,21.243333333333332,3,SET/3 TALL GLASS CANDLE HOLDER PINK,0.0,Long-Tail,Limit stock and avoid excessive local warehouse space
20893,268,609.02,10,26.8,44.978513388802284,2.9040999999999997,26,HANGING BAUBLE T-LIGHT HOLDER SMALL,1.6783027383881448,Regular,Maintain standard replenishment review
20894,33,108.71000000000001,8,4.125,4.4860896112315904,3.7783333333333333,15,HANGING BAUBLE T-LIGHT HOLDER LARGE,1.0875368754500825,Long-Tail,Limit stock and avoid excessive local warehouse space
20897,107,298.27,7,15.285714285714286,17.18249385968449,3.107464285714286,24,VINTAGE NOTEBOOK PARIS DAYS,1.124088383343845,Regular,Maintain standard replenishment review
20898,38,105.73000000000002,4,9.5,7.32575365861197,2.7798611111111113,13,VINTAGE NOTEBOOK TRAVELOGUE,0.7711319640644179,Long-Tail,Limit stock and avoid excessive local warehouse space
20901,19,85.13,2,9.5,12.020815280171307,5.319285714285714,15,VINTAGE KEEPSAKE BOX PINK FLOWER,1.2653489768601376,Long-Tail,Limit stock and avoid excessive local warehouse space
20902,112,686.86,8,14.0,13.125765283811619,8.329437500000001,56,VINTAGE KEEPSAKE BOX PARIS DAYS,0.9375546631294014,Regular,Maintain standard replenishment review
20903,82,441.89,10,8.2,8.469553313683864,7.320449999999999,56,VINTAGE KEEPSAKE BOX TRAVELOGUE,1.0328723553273005,Long-Tail,Limit stock and avoid excessive local warehouse space
20906,3,8.850000000000001,2,1.5,0.7071067811865476,2.95,2,VINTAGE NOTEBOOK BEAUTY GIRL,0.47140452079103173,Long-Tail,Limit stock and avoid excessive local warehouse space
20910,8,50.8,1,8.0,0.0,6.349999999999999,3,VINTAGE PHOTO ALBUM PARIS DAYS,0.0,Long-Tail,Limit stock and avoid excessive local warehouse space
20914,6361,18357.75,13,489.3076923076923,195.96954891657046,3.3027814959760566,880,SET/5 RED RETROSPOT LID GLASS BOWLS,0.4005037157546637,High-Revenue Priority,Prioritize inventory monitoring and avoid stockouts
20931,299,1060.9,12,24.916666666666668,28.74482825683868,4.816122023809524,68,BLUE POT PLANT CANDLE,1.1536385922477062,Regular,Maintain standard replenishment review
20932,204,628.7900000000001,12,17.0,23.15560014730385,4.89715873015873,35,PINK POT PLANT CANDLE,1.3620941263119912,Regular,Maintain standard replenishment review
20933,23,71.05000000000001,6,3.8333333333333335,4.262237284181474,3.0833333333333335,9,YELLOW POT PLANT CANDLE,1.1118879871777758,Long-Tail,Limit stock and avoid excessive local warehouse space
20934,68,424.46,11,6.181818181818182,3.7634606897955454,6.854454545454545,32,SET/3 POT PLANT CANDLES,0.6087951115845736,Long-Tail,Limit stock and avoid excessive local warehouse space
20935,6,17.7,2,3.0,2.8284271247461903,2.95,4,ROUND CACTUS CANDLE,0.9428090415820635,Long-Tail,Limit stock and avoid excessive local warehouse space
20936,100,319.66,10,10.0,10.519822558706334,3.5588380952380954,34,FORKED CACTUS CANDLE,1.0519822558706333,Regular,Maintain standard replenishment review
20941,64,83.78,8,8.0,6.324555320336759,1.3287499999999999,19,FROG CANDLE,0.7905694150420949,Long-Tail,Limit stock and avoid excessive local warehouse space
20954,2,16.94,1,2.0,0.0,8.47,2,*USB OFFICE MIRROR BALL,0.0,Long-Tail,Limit stock and avoid excessive local warehouse space
20956,822,1146.52,13,63.23076923076923,77.62747993478624,1.7783771301162605,101,PORCELAIN T-LIGHT HOLDERS ASSORTED,1.2276852057812908,Regular,Maintain standard replenishment review
20960,29,72.49,3,9.666666666666666,11.590225767142474,2.4766666666666666,10,WATERMELON BATH SPONGE,1.1989888724630147,Long-Tail,Limit stock and avoid excessive local warehouse space
20961,1232,1745.43,13,94.76923076923077,85.5016119206278,1.825807192064717,228,STRAWBERRY BATH SPONGE,0.9022085673442868,Regular,Maintain standard replenishment review
20963,1336,1911.17,13,102.76923076923077,97.8222485311614,1.8486881740505758,229,APPLE BATH SPONGE,0.9518631967852532,Regular,Maintain standard replenishment review
20964,2,5.1,1,2.0,0.0,2.55,1,POLYESTER FILLER PAD 60X40CM,0.0,Long-Tail,Limit stock and avoid excessive local warehouse space
20966,719,1022.8,9,79.88888888888889,141.4367742530602,2.2451955841735716,97,SANDWICH BATH SPONGE,1.7704185928755798,Regular,Maintain standard replenishment review
20967,265,1027.94,7,37.857142857142854,35.67178423454861,4.470924075924076,83,GREY FLORAL FELTCRAFT SHOULDER BAG,0.9422735458182653,Regular,Maintain standard replenishment review
20969,1960,7229.43,13,150.76923076923077,186.50297309790795,4.199571027718087,305,RED FLORAL FELTCRAFT SHOULDER BAG,1.2370095154453078,High-Revenue Priority,Prioritize inventory monitoring and avoid stockouts
20970,1116,4232.13,13,85.84615384615384,68.97082251919545,4.050395005940019,262,PINK FLORAL FELTCRAFT SHOULDER BAG,0.8034235598114166,High-Revenue Priority,Prioritize inventory monitoring and avoid stockouts
20971,10993,13828.1,13,845.6153846153846,1266.3708342123132,1.4077948909081357,522,PINK BLUE FELT CRAFT TRINKET BOX,1.4975730778459084,High-Revenue Priority,Prioritize inventory monitoring and avoid stockouts
20972,7337,9128.06,13,564.3846153846154,276.3444524687558,1.416076686409294,616,PINK CREAM FELT CRAFT TRINKET BOX,0.48963852829410187,High-Revenue Priority,Prioritize inventory monitoring and avoid stockouts
20973,4497,3210.27,12,374.75,438.6305392924665,0.7576409260857061,355,12 PENCIL SMALL TUBE WOODLAND,1.1704617459438733,High-Revenue Priority,Prioritize inventory monitoring and avoid stockouts
20974,6976,4527.43,13,536.6153846153846,315.3327709107577,0.7454429503915014,355,12 PENCILS SMALL TUBE SKULL,0.5876327439564005,High-Revenue Priority,Prioritize inventory monitoring and avoid stockouts
20975,6633,4383.27,11,603.0,451.3027808467393,0.7279408133343128,362,12 PENCILS SMALL TUBE RED RETROSPOT,0.7484291556330669,High-Revenue Priority,Prioritize inventory monitoring and avoid stockouts
20977,1739,2328.64,12,144.91666666666666,105.92060348404479,1.555561287477954,185,36 PENCILS TUBE WOODLAND,0.7309069820635639,Regular,Maintain standard replenishment review
20978,1795,2395.05,13,138.07692307692307,93.97026261754436,1.616404929453129,263,36 PENCILS TUBE SKULLS,0.6805645760602099,Regular,Maintain standard replenishment review
20979,3734,4723.73,13,287.2307692307692,178.50123895282158,1.5998619219099988,325,36 PENCILS TUBE RED RETROSPOT,0.6214558399535834,High-Revenue Priority,Prioritize inventory monitoring and avoid stockouts
20980,79,76.91,6,13.166666666666666,19.239715867617864,1.18,20,36 PENCILS TUBE POSY,1.4612442431102175,Long-Tail,Limit stock and avoid excessive local warehouse space
20981,1974,1740.57,13,151.84615384615384,107.66835356303336,0.9738645888594164,249,12 PENCILS TALL TUBE WOODLAND,0.7090621055316281,High-Turnover Stable,Keep stable local warehouse inventory
20982,2151,1880.6699999999998,13,165.46153846153845,167.74366127349165,0.9212698733804146,256,12 PENCILS TALL TUBE SKULLS,1.0137924670178482,High-Turnover Stable,Keep stable local warehouse inventory
20983,2737,2374.81,13,210.53846153846155,140.83123196732993,0.9116114358673622,268,12 PENCILS TALL TUBE RED RETROSPOT,0.6689097608970731,High-Turnover Stable,Keep stable local warehouse inventory
20984,3785,1166.0699999999997,11,344.09090909090907,442.88925354888767,0.6363068181818181,170,12 PENCILS TALL TUBE POSY,1.2871286100496075,High-Turnover Volatile,Monitor closely and replenish in smaller batches
20985,1179,1540.59,13,90.6923076923077,89.834463148787,1.6077080835830837,131,HEART CALCULATOR,0.9905411543123248,Regular,Maintain standard replenishment review
20986,654,829.74,13,50.30769230769231,72.76948148707282,1.7339435074850706,113,BLUE CALCULATOR RULER,1.4464881641161265,Regular,Maintain standard replenishment review
20992,4425,1944.6299999999999,13,340.38461538461536,341.03654214310103,0.7000344419567651,277,JAZZ HEARTS PURSE NOTEBOOK,1.0019152650531782,High-Turnover Stable,Keep stable local warehouse inventory
20996,3191,726.8900000000001,13,245.46153846153845,206.67067820755133,0.3767133507873892,225,JAZZ HEARTS ADDRESS BOOK,0.8419676642739478,High-Turnover Stable,Keep stable local warehouse inventory
20997,59,257.61,9,6.555555555555555,5.918426968188235,4.25473544973545,34,ROSE DU SUD CUSHION COVER,0.9028108934524426,Long-Tail,Limit stock and avoid excessive local warehouse space
20998,185,505.20000000000005,10,18.5,11.711817393840574,2.6984523809523813,69,ROSE DU SUD OVEN GLOVE,0.6330712104778689,Regular,Maintain standard replenishment review
21000,96,360.84,12,8.0,5.169842621131974,3.616757575757576,52,ROSE DU SUD COSMETICS BAG,0.6462303276414968,Regular,Maintain standard replenishment review
21001,73,348.19,13,5.615384615384615,3.9483849343425965,4.544038461538461,50,ROSE DU SUD WASHBAG,0.7031370431021062,Long-Tail,Limit stock and avoid excessive local warehouse space
21002,125,428.65999999999997,8,15.625,15.990510578822322,3.6837732919254655,66,ROSE DU SUD DRAWSTRING BAG,1.0233926770446287,Regular,Maintain standard replenishment review
21003,78,460.58,9,8.666666666666666,4.716990566028302,5.940222222222222,46,ROSE DU SUD CUSHION COVER,0.5442681422340349,Long-Tail,Limit stock and avoid excessive local warehouse space
21009,1,1.25,1,1.0,0.0,1.25,1,ETCHED GLASS STAR TREE DECORATION,0.0,Long-Tail,Limit stock and avoid excessive local warehouse space
21011,20,28.999999999999996,1,20.0,0.0,1.45,3,GLITTER SNOW PEAR TREE DECORATION,0.0,Long-Tail,Limit stock and avoid excessive local warehouse space
21012,1169,2614.05,13,89.92307692307692,39.71662443373375,2.325453965432939,199,ANTIQUE ALL GLASS CANDLESTICK,0.44167332561038386,Regular,Maintain standard replenishment review
21014,1385,598.8199999999999,8,173.125,214.61955542640698,0.9264172932330828,119,SWISS CHALET TREE DECORATION,1.2396797425352029,Regular,Maintain standard replenishment review
21015,1483,589.55,11,134.8181818181818,210.654607441574,0.9410811688311689,142,DARK BIRD HOUSE TREE DECORATION,1.5625088886428282,Regular,Maintain standard replenishment review
21018,24,22.06,1,24.0,0.0,1.087142857142857,6,BIRD BOX CHRISTMAS TREE DECORATION,0.0,Long-Tail,Limit stock and avoid excessive local warehouse space
21025,174,233.52,12,14.5,16.18360562140251,1.7016230158730157,56,SPACE FROG,1.116110732510518,Regular,Maintain standard replenishment review
21026,255,315.75,10,25.5,23.401092092274478,1.6865646464646464,68,SPACE OWL,0.9176898859715482,Regular,Maintain standard replenishment review
21027,167,187.79000000000002,12,13.916666666666666,13.090304068510425,1.228373015873016,42,NINJA RABBIT PINK,0.9406206516294917,Regular,Maintain standard replenishment review
21028,187,239.24,12,15.583333333333334,13.344786747390657,1.645361111111111,58,NINJA RABBIT BLACK,0.8563499517042132,Regular,Maintain standard replenishment review
21030,131,159.7,10,13.1,9.279008567729637,1.3537833333333333,33,SPACE CADET RED,0.708321264712186,Regular,Maintain standard replenishment review
21031,52,64.24,8,6.5,5.18238775634773,1.4223333333333332,19,SPACE CADET BLACK,0.7972904240534968,Long-Tail,Limit stock and avoid excessive local warehouse space
21032,97,117.78,9,10.777777777777779,10.603982480391243,1.730888888888889,30,SPACE CADET WHITE,0.9838746631290843,Regular,Maintain standard replenishment review
21033,1932,4851.73,10,193.2,137.49892928876048,3.2250080002247836,300,JUMBO BAG CHARLIE AND LOLA TOYS,0.7116921805836464,High-Revenue Priority,Prioritize inventory monitoring and avoid stockouts
21034,1878,1784.1,13,144.46153846153845,76.06424410174094,0.95,871,REX CASH+CARRY JUMBO SHOPPER,0.5265363010237658,High-Turnover Stable,Keep stable local warehouse inventory
21035,2599,8536.85,13,199.92307692307693,102.33642357315203,4.52296231515909,394,SET/2 RED RETROSPOT TEA TOWELS,0.5118789944020686,High-Revenue Priority,Prioritize inventory monitoring and avoid stockouts
21038,77,86.75,5,15.4,21.99545407578575,1.6540000000000004,23,SET/4 MODERN VINTAGE COTTON NAPKINS,1.4282762386873864,Long-Tail,Limit stock and avoid excessive local warehouse space
21039,523,1353.69,13,40.23076923076923,39.23466546765722,2.9638069622685004,90,RED RETROSPOT SHOPPING BAG,0.975240250630103,Regular,Maintain standard replenishment review
21040,22,29.7,3,7.333333333333333,6.6583281184793925,1.9633333333333332,8,MODERN VINTAGE COTTON SHOPPING BAG,0.9079538343380991,Long-Tail,Limit stock and avoid excessive local warehouse space
21041,914,3888.98,12,76.16666666666667,43.53647025683458,4.222920177970178,255,RED RETROSPOT OVEN GLOVE DOUBLE,0.571594795494546,High-Revenue Priority,Prioritize inventory monitoring and avoid stockouts
21042,334,2199.52,13,25.692307692307693,17.46608435122488,7.1054447758124235,131,RED RETROSPOT APRON,0.6798176543889922,Regular,Maintain standard replenishment review
21043,492,1139.86,7,70.28571428571429,73.87086544710819,3.673232323232323,90,APRON MODERN VINTAGE COTTON,1.051008248231214,Regular,Maintain standard replenishment review
21051,192,377.2,9,21.333333333333332,22.422087324778662,2.3014354727398207,51,RIBBONS PURSE,1.0510353433489998,Regular,Maintain standard replenishment review
21054,70,634.53,8,8.75,8.481071360893706,9.061527777777776,29,NURSE'S BAG SOFT TOY,0.9692652983878521,Long-Tail,Limit stock and avoid excessive local warehouse space
21055,178,1764.6399999999999,13,13.692307692307692,12.795732461675229,10.774159493284493,105,TOOL BOX SOFT TOY,0.9345197865268426,Regular,Maintain standard replenishment review
21056,184,1765.4,13,14.153846153846153,14.565061813841561,10.812700854700854,72,DOCTOR'S BAG SOFT TOY,1.0290532803257626,Regular,Maintain standard replenishment review
21058,1154,965.66,13,88.76923076923077,95.90460003405626,1.0062321983571982,122,PARTY INVITES WOODLAND,1.0803811095690912,Regular,Maintain standard replenishment review
21059,611,528.23,13,47.0,23.373774477677614,0.9413505212735982,94,PARTY INVITES DINOSAURS,0.4973143505888854,Regular,Maintain standard replenishment review
21060,405,359.28999999999996,13,31.153846153846153,12.608503439122304,0.9467350427350427,71,PARTY INVITES BALLOON GIRL,0.4047173943421974,Regular,Maintain standard replenishment review
21061,488,451.69999999999993,13,37.53846153846154,21.152680620571413,1.0297699522699522,83,PARTY INVITES FOOTBALL,0.5634935411217794,Regular,Maintain standard replenishment review
21062,538,457.38,13,41.38461538461539,21.58911169061255,0.8686923076923077,74,PARTY INVITES SPACEMAN,0.5216699850891509,Regular,Maintain standard replenishment review
21063,528,458.31,13,40.61538461538461,16.271337076479313,0.9251153846153846,102,PARTY INVITES JAZZ HEARTS,0.40062004165574067,Regular,Maintain standard replenishment review
21064,296,1281.2,13,22.76923076923077,31.898677731618296,5.619323565323565,101,BOOM BOX SPEAKER BOYS,1.4009554409156684,Regular,Maintain standard replenishment review
21065,562,1160.58,13,43.23076923076923,50.833312316094855,4.961349989042296,90,BOOM BOX SPEAKER GIRLS,1.1758595375609129,Regular,Maintain standard replenishment review
21066,702,693.47,13,54.0,130.41855696180662,1.4632393162393162,54,VINTAGE RED MUG,2.415158462255678,Regular,Maintain standard replenishment review
21067,317,504.15,10,31.7,21.566692426568853,1.700059829059829,76,VINTAGE RED TEATIME MUG,0.6803373005226767,Regular,Maintain standard replenishment review
21068,1638,1890.33,13,126.0,185.39597262795832,1.6825629662778983,198,VINTAGE BILLBOARD LOVE/HATE MUG,1.4713966081583993,Regular,Maintain standard replenishment review
21069,1949,2250.5200000000004,9,216.55555555555554,277.53653413159464,1.582907848324515,86,VINTAGE BILLBOARD TEA MUG,1.2815950780833,High-Turnover Volatile,Monitor closely and replenish in smaller batches
21070,1106,1184.98,13,85.07692307692308,158.81722279529464,1.7182190260719672,107,VINTAGE BILLBOARD MUG,1.8667485500351086,Regular,Maintain standard replenishment review
21071,991,1380.28,11,90.0909090909091,69.24370663887737,1.7434742719000396,177,VINTAGE BILLBOARD DRINK ME MUG,0.7685981564355712,Regular,Maintain standard replenishment review
21078,2769,2531.04,11,251.72727272727272,168.46310629279688,1.2662738218303435,313,SET/20 STRAWBERRY PAPER NAPKINS,0.6692286634961234,High-Turnover Stable,Keep stable local warehouse inventory
21080,13202,11312.56,13,1015.5384615384615,388.34748516086626,1.0841727224052569,986,SET/20 RED RETROSPOT PAPER NAPKINS,0.3824054921293184,High-Revenue Priority,Prioritize inventory monitoring and avoid stockouts
21082,88,143.44,6,14.666666666666666,5.278888771954441,1.63,25,SET/20 FRUIT SALAD PAPER NAPKINS,0.3599242344514392,Regular,Maintain standard replenishment review
21084,2610,773.14,12,217.5,227.9296143350159,0.527844558871358,181,SET/6 COLLAGE PAPER CUPS,1.047952249816165,High-Turnover Stable,Keep stable local warehouse inventory
21086,7121,4851.5,13,547.7692307692307,248.7475808412194,0.9404204026786155,428,SET/6 RED SPOTTY PAPER CUPS,0.454110174264268,High-Revenue Priority,Prioritize inventory monitoring and avoid stockouts
21087,141,74.57000000000001,3,47.0,24.24871130596428,0.5566666666666666,16,SET/6 POSIES PAPER CUPS,0.5159300277864741,Regular,Maintain standard replenishment review
21088,1678,428.28000000000003,12,139.83333333333334,160.7730378420763,0.5028037802840434,103,SET/6 FRUIT SALAD PAPER CUPS,1.14974758885871,Regular,Maintain standard replenishment review
21089,233,48.99,7,33.285714285714285,35.86880857474121,0.36257142857142854,25,SET/6 GREEN SPRING PAPER CUPS,1.0776036910866458,Regular,Maintain standard replenishment review
21090,2413,1274.1899999999998,13,185.6153846153846,213.5288967413772,0.7125374919198448,217,SET/6 COLLAGE PAPER PLATES,1.150383612779902,High-Turnover Volatile,Monitor closely and replenish in smaller batches
21094,8758,6933.259999999999,13,673.6923076923077,325.37859605270717,0.9691749723590988,527,SET/6 RED SPOTTY PAPER PLATES,0.48297804849111586,High-Revenue Priority,Prioritize inventory monitoring and avoid stockouts
21095,125,118.73,7,17.857142857142858,14.276187299469136,0.9428571428571428,14,SET/6 POSIES PAPER PLATES,0.7994664887702716,Regular,Maintain standard replenishment review
21096,1259,581.09,11,114.45454545454545,144.0148350944191,0.6536224429165606,105,SET/6 FRUIT SALAD  PAPER PLATES,1.258270997647824,Regular,Maintain standard replenishment review
21098,3719,5078.76,9,413.22222222222223,534.1864790917535,1.8703225286818603,248,CHRISTMAS TOILET ROLL,1.2927341521446039,High-Revenue Priority,Prioritize inventory monitoring and avoid stockouts
21100,65,162.21,4,16.25,12.0381338531629,3.426388888888889,27,CHARLIE AND LOLA CHARLOTTE BAG,0.7408082371177169,Long-Tail,Limit stock and avoid excessive local warehouse space
21106,237,702.51,13,18.23076923076923,23.738695015220213,4.1770598290598295,53,CREAM SLICE FLANNEL CHOCOLATE SPOT,1.3021225113833872,Regular,Maintain standard replenishment review
21107,901,2492.71,13,69.3076923076923,77.91596393485379,3.8896529786003473,97,CREAM SLICE FLANNEL PINK SPOT,1.1242036971732512,Regular,Maintain standard replenishment review
21108,10241,18056.280000000002,13,787.7692307692307,1242.118429260146,3.04474025374373,262,FAIRY CAKE FLANNEL ASSORTED COLOUR,1.57675418224606,High-Revenue Priority,Prioritize inventory monitoring and avoid stockouts
21109,936,2763.2,13,72.0,110.93691901256317,7.0955225688656025,112,"LARGE CAKE TOWEL, CHOCOLATE SPOTS",1.5407905418411552,Regular,Maintain standard replenishment review
21110,1105,3815.7,11,100.45454545454545,164.34984857696926,7.46323306961238,134,LARGE CAKE TOWEL PINK SPOTS,1.636061841037703,High-Revenue Priority,Prioritize inventory monitoring and avoid stockouts
21111,900,1651.02,12,75.0,92.54090004867136,3.500109903381643,94,"SWISS ROLL TOWEL, CHOCOLATE  SPOTS",1.2338786673156181,Regular,Maintain standard replenishment review
21112,1359,2885.13,12,113.25,146.76705414301324,3.6110433791354843,82,"SWISS ROLL TOWEL, PINK  SPOTS",1.2959563279736268,Regular,Maintain standard replenishment review
21114,1341,1778.08,13,103.15384615384616,42.07700510937488,2.013825759710375,138,LAVENDER SCENTED FABRIC HEART,0.40790534408789964,Regular,Maintain standard replenishment review
21115,562,3162.24,13,43.23076923076923,52.36912870218141,7.6929604241911935,162,ROSE CARAVAN DOORSTOP,1.2113855393743032,High-Revenue Priority,Prioritize inventory monitoring and avoid stockouts
21116,695,4051.79,13,53.46153846153846,46.8661487369711,6.840465642487315,251,OWL DOORSTOP,0.8766329979577328,High-Revenue Priority,Prioritize inventory monitoring and avoid stockouts
21117,109,141.75,8,13.625,11.746580049407694,1.9375,14,BLOND DOLL DOORSTOP,0.8621343155528582,Regular,Maintain standard replenishment review
21120,1,16.98,1,1.0,0.0,16.98,1,*BOOMBOX IPOD CLASSIC,0.0,Long-Tail,Limit stock and avoid excessive local warehouse space
21121,6606,7998.85,13,508.15384615384613,307.82187656550286,1.3704043990610881,379,SET/10 RED POLKADOT PARTY CANDLES,0.6057651219121309,High-Revenue Priority,Prioritize inventory monitoring and avoid stockouts
21122,5325,6488.54,13,409.61538461538464,190.7631771165225,1.3840313312191084,344,SET/10 PINK POLKADOT PARTY CANDLES,0.46571292066005493,High-Revenue Priority,Prioritize inventory monitoring and avoid stockouts
21123,1143,1380.8400000000001,13,87.92307692307692,50.6235477791076,1.270767206477733,154,SET/10 IVORY POLKADOT PARTY CANDLES,0.5757708846267706,Regular,Maintain standard replenishment review
21124,4011,4863.05,13,308.53846153846155,181.91234857508314,1.307691367739961,240,SET/10 BLUE POLKADOT PARTY CANDLES,0.5895937500563652,High-Revenue Priority,Prioritize inventory monitoring and avoid stockouts
21125,657,830.98,13,50.53846153846154,33.94509140905693,1.3192490842490843,103,SET 6 FOOTBALL CELEBRATION CANDLES,0.6716684753694674,Regular,Maintain standard replenishment review
21126,592,748.95,13,45.53846153846154,17.529096690053105,1.3686241194702733,126,SET OF 6 GIRLS CELEBRATION CANDLES,0.3849294881261662,Regular,Maintain standard replenishment review
21128,68,546.6,12,5.666666666666667,4.396968652757639,9.492305555555555,36,GOLD FISHING GNOME,0.7759356446042892,Long-Tail,Limit stock and avoid excessive local warehouse space
21129,52,419.52000000000004,10,5.2,4.1041983924323695,9.32685,27,SILVER FISHING GNOME,0.7892689216216094,Long-Tail,Limit stock and avoid excessive local warehouse space
21131,106,398.02,11,9.636363636363637,10.76357493839967,5.74369696969697,28,GOLD STANDING GNOME,1.1169747577584561,Regular,Maintain standard replenishment review
21132,44,217.35999999999999,11,4.0,2.32379000772445,5.017878787878788,22,SILVER STANDING GNOME,0.5809475019311126,Long-Tail,Limit stock and avoid excessive local warehouse space
21135,2869,3206.0,13,220.69230769230768,335.33177218375454,2.0148582019287904,177,VICTORIAN  METAL POSTCARD SPRING,1.5194538300414113,High-Revenue Priority,Prioritize inventory monitoring and avoid stockouts
21136,4687,7793.14,13,360.53846153846155,160.28496258467052,1.810858438309658,370,PAINTED METAL PEARS ASSORTED,0.4445710504802041,High-Revenue Priority,Prioritize inventory monitoring and avoid stockouts
21137,11651,40633.380000000005,13,896.2307692307693,683.9152181674463,4.079066021396585,375,BLACK RECORD COVER FRAME,0.7631016939470261,High-Revenue Priority,Prioritize inventory monitoring and avoid stockouts
21143,327,707.23,6,54.5,106.6466126982006,2.5249888888888887,36,ANTIQUE GLASS HEART DECORATION,1.9568185816183596,Regular,Maintain standard replenishment review
21144,5,16.8,1,5.0,0.0,3.36,2,PINK POODLE HANGING DECORATION,0.0,Long-Tail,Limit stock and avoid excessive local warehouse space
21145,122,152.5,5,24.4,11.696153213770756,1.25,8,ANTIQUE GLASS PLACE SETTING,0.47935054154798185,Regular,Maintain standard replenishment review
21147,203,415.77,10,20.3,27.53603699397089,2.2139655797101447,76,JINGLE BELLS TREE DECORATION,1.3564550243335414,Regular,Maintain standard replenishment review
21154,4034,6320.51,13,310.3076923076923,100.80045024319469,1.943307264399024,451,RED RETROSPOT OVEN GLOVE,0.3248403205655753,High-Revenue Priority,Prioritize inventory monitoring and avoid stockouts
21155,3155,9296.3,13,242.69230769230768,115.1740600246605,3.151942401273934,485,RED RETROSPOT PEG BAG,0.47456823464994824,High-Revenue Priority,Prioritize inventory monitoring and avoid stockouts
21156,3170,6091.099999999999,13,243.84615384615384,136.83679217340523,2.358523319277072,358,RETROSPOT CHILDRENS APRON,0.5611603464524505,High-Revenue Priority,Prioritize inventory monitoring and avoid stockouts
21157,78,225.5,8,9.75,9.422617167523804,2.9309374999999998,34,RED RETROSPOT WASHBAG,0.966422273592185,Long-Tail,Limit stock and avoid excessive local warehouse space
21158,1469,781.87,13,113.0,126.24117130846551,1.3573184980733939,170,MOODY GIRL DOOR HANGER,1.1171785071545621,Regular,Maintain standard replenishment review
21159,1126,601.79,13,86.61538461538461,98.35949239188733,1.2733942902975162,124,MOODY BOY  DOOR HANGER,1.135589166158557,Regular,Maintain standard replenishment review
21160,1,3.36,1,1.0,0.0,3.36,1,KEEP OUT GIRLS DOOR HANGER,0.0,Long-Tail,Limit stock and avoid excessive local warehouse space
21161,143,229.92,7,20.428571428571427,16.651898218693095,1.73025,43,KEEP OUT BOYS DOOR HANGER,0.8151278848311305,Regular,Maintain standard replenishment review
21162,1462,792.98,13,112.46153846153847,125.14965400445939,1.3135942879175961,162,TOXIC AREA  DOOR HANGER,1.1128218208330862,Regular,Maintain standard replenishment review
21163,1196,680.55,11,108.72727272727273,123.64715193573275,1.3915914085914087,127,DO NOT TOUCH MY STUFF DOOR HANGER,1.1372229693085787,Regular,Maintain standard replenishment review
21164,1766,5155.9800000000005,13,135.84615384615384,83.04300708452836,3.2848027790070233,282,HOME SWEET HOME METAL SIGN,0.6113018641556448,High-Revenue Priority,Prioritize inventory monitoring and avoid stockouts
21165,4154,6935.7,13,319.53846153846155,145.71754377597284,2.1580358402215247,449,BEWARE OF THE CAT METAL SIGN,0.456025052741369,High-Revenue Priority,Prioritize inventory monitoring and avoid stockouts
21166,10324,20874.44,13,794.1538461538462,507.7966860456795,2.5816601051595813,723,COOK WITH WINE METAL SIGN,0.6394185314407045,High-Revenue Priority,Prioritize inventory monitoring and avoid stockouts
21167,1432,337.14,13,110.15384615384616,69.57471541904448,0.3447307692307692,67,WHITE SAGE INCENSE,0.6316140366254037,Regular,Maintain standard replenishment review
21169,4413,7301.7699999999995,13,339.46153846153845,189.48070059358523,2.2699048613385324,450,YOU'RE CONFUSING ME METAL SIGN,0.5581801739670537,High-Revenue Priority,Prioritize inventory monitoring and avoid stockouts
21171,438,613.14,9,48.666666666666664,68.99818838201477,1.8171819266427107,73,BATHROOM METAL SIGN,1.4177709941509886,Regular,Maintain standard replenishment review
21172,3485,5338.63,12,290.4166666666667,178.06099993252226,2.1731325400890635,467,PARTY METAL SIGN,0.613122524875256,High-Revenue Priority,Prioritize inventory monitoring and avoid stockouts
21174,4175,9405.76,13,321.15384615384613,162.04003936982474,2.67632489664223,538,POTTERING IN THE SHED METAL SIGN,0.5045558112114303,High-Revenue Priority,Prioritize inventory monitoring and avoid stockouts
21175,12207,27029.97,13,939.0,759.2096767911572,2.7671100092453353,809,GIN + TONIC DIET METAL SIGN,0.8085300072323293,High-Revenue Priority,Prioritize inventory monitoring and avoid stockouts
21179,1940,1313.79,10,194.0,231.26463917627643,1.3602195709837388,266,NO JUNK MAIL METAL SIGN,1.1920857689498785,High-Turnover Volatile,Monitor closely and replenish in smaller batches
21181,12274,25225.480000000003,12,1022.8333333333334,702.9996551574653,2.4142453433400486,845,PLEASE ONE PERSON METAL SIGN,0.6873061644035835,High-Revenue Priority,Prioritize inventory monitoring and avoid stockouts
21186,2,6.72,1,2.0,0.0,3.36,1,WHITE DOVE HONEYCOMB PAPER GARLAND,0.0,Long-Tail,Limit stock and avoid excessive local warehouse space
21187,369,648.4499999999999,8,46.125,50.80336743619603,2.2343092105263156,48,WHITE BELL HONEYCOMB PAPER GARLAND,1.1014280202969329,Regular,Maintain standard replenishment review
21188,326,1021.9,9,36.22222222222222,21.182408844237816,3.7732698412698418,50,3D HEARTS  HONEYCOMB PAPER GARLAND,0.5847904282151545,Regular,Maintain standard replenishment review
21189,355,888.67,13,27.307692307692307,29.923192274512356,2.38926222796811,72,WHITE HONEYCOMB PAPER GARLAND,1.0957788720243962,Regular,Maintain standard replenishment review
21190,168,245.20000000000002,4,42.0,51.66559138666017,1.5833333333333333,7,PINK HEARTS PAPER GARLAND,1.2301331282538135,Regular,Maintain standard replenishment review
21191,562,1451.82,13,43.23076923076923,47.473069288727345,2.9808176638176636,95,LARGE WHITE HONEYCOMB PAPER BELL,1.0981314960025899,Regular,Maintain standard replenishment review
21192,1092,1923.29,12,91.0,120.55704044144414,2.454523656898657,88,WHITE BELL HONEYCOMB PAPER,1.3248026422136718,Regular,Maintain standard replenishment review
21194,498,555.97,13,38.30769230769231,30.578817873882937,1.8731593406593408,65,PINK  HONEYCOMB PAPER FAN,0.7982422336555787,Regular,Maintain standard replenishment review
21195,693,1308.56,6,115.5,111.06169456657862,3.1654484126984124,80,PINK  HONEYCOMB PAPER BALL,0.9615731131305508,Regular,Maintain standard replenishment review
21196,108,189.67999999999998,9,12.0,11.07925990308017,1.9051111111111112,13,ROUND WHITE CONFETTI IN TUBE,0.9232716585900141,Regular,Maintain standard replenishment review
21197,284,382.96,12,23.666666666666668,25.83631458848478,1.8251388888888889,27,MULTICOLOUR  CONFETTI IN TUBE,1.0916752643021737,Regular,Maintain standard replenishment review
21198,1028,1006.8199999999999,13,79.07692307692308,104.20369598248546,1.6162276449041155,71,WHITE HEART CONFETTI IN TUBE,1.3177510192337654,Regular,Maintain standard replenishment review
21199,966,888.3299999999999,12,80.5,126.87037049323578,1.7430549613784907,78,PINK  HEART CONFETTI IN TUBE,1.5760294471209413,Regular,Maintain standard replenishment review
21200,1119,1531.1399999999999,13,86.07692307692308,102.81412154827561,2.2422390942390944,75,MULTICOLOUR HONEYCOMB PAPER GARLAND,1.1944446649933715,Regular,Maintain standard replenishment review
21201,1240,2987.82,13,95.38461538461539,73.32864204108613,3.164726107226107,101,TROPICAL  HONEYCOMB PAPER GARLAND,0.7687680213984835,Regular,Maintain standard replenishment review
21202,474,485.46,10,47.4,68.15537803838781,1.8393333333333335,25,DOLLY HONEYCOMB GARLAND,1.43787717380565,Regular,Maintain standard replenishment review
21204,499,868.4399999999999,13,38.38461538461539,28.634298959867635,2.154080586080586,85,DAISIES  HONEYCOMB GARLAND,0.7459837404374333,Regular,Maintain standard replenishment review
21205,253,677.19,13,19.46153846153846,13.15684476242553,2.8645828031617504,68,MULTICOLOUR 3D BALLS GARLAND,0.6760434067649482,Regular,Maintain standard replenishment review
21206,1290,1610.9199999999998,12,107.5,100.60498812863919,1.9281757703081233,109,STRAWBERRY HONEYCOMB  GARLAND,0.9358603546850157,Regular,Maintain standard replenishment review
21207,1067,1684.85,13,82.07692307692308,62.54126842661777,1.6828370681605977,132,SKULL AND CROSSBONES  GARLAND,0.7619835890778172,Regular,Maintain standard replenishment review
21208,940,697.77,13,72.3076923076923,56.303322304852514,1.3773423243423244,83,PASTEL COLOUR HONEYCOMB FAN,0.7786629680458327,Regular,Maintain standard replenishment review
21209,1224,886.24,13,94.15384615384616,85.13797248569148,1.4024200244200244,89,MULTICOLOUR HONEYCOMB FAN,0.9042431718251546,Regular,Maintain standard replenishment review
21210,5808,8368.39,13,446.7692307692308,268.0846115955912,1.9820530178564155,453,SET OF 72 RETROSPOT PAPER  DOILIES,0.6000516444116194,High-Revenue Priority,Prioritize inventory monitoring and avoid stockouts
21211,883,1270.07,12,73.58333333333333,63.74018046774426,1.7590922619047618,103,SET OF 72 SKULL PAPER  DOILIES,0.8662312181346898,Regular,Maintain standard replenishment review
21212,36396,21246.45,13,2799.6923076923076,985.6168444697789,0.7838068166631117,1320,PACK OF 72 RETROSPOT CAKE CASES,0.3520447021130653,High-Revenue Priority,Prioritize inventory monitoring and avoid stockouts
21213,15169,8414.59,13,1166.8461538461538,604.6764763289879,0.7969180053466235,663,PACK OF 72 SKULL CAKE CASES,0.5182143972758153,High-Revenue Priority,Prioritize inventory monitoring and avoid stockouts
21215,1087,744.35,13,83.61538461538461,52.197602852906414,0.8969243021935329,124,IVORY PAPER CUP CAKE CASES,0.6242583597863692,Regular,Maintain standard replenishment review
21216,2128,11382.81,13,163.69230769230768,62.690223341156646,7.398062839061118,430,"SET 3 RETROSPOT TEA,COFFEE,SUGAR",0.38297598845631414,High-Revenue Priority,Prioritize inventory monitoring and avoid stockouts
21217,1088,11522.439999999999,13,83.6923076923077,54.49370699965366,12.690304892047841,344,RED RETROSPOT ROUND CAKE TINS,0.65111966084145,High-Revenue Priority,Prioritize inventory monitoring and avoid stockouts
21218,2433,10116.49,13,187.15384615384616,98.21476989557642,5.931915929981993,394,RED SPOTTY BISCUIT TIN,0.5247809324465653,High-Revenue Priority,Prioritize inventory monitoring and avoid stockouts
21219,448,561.84,13,34.46153846153846,26.906056891263304,1.6001866133866132,89,SET/4 BADGES BALLOON GIRL,0.7807561151482656,Regular,Maintain standard replenishment review
21220,338,445.01,13,26.0,20.46948949045872,1.5951892551892553,89,SET/4 BADGES DOGS,0.7872880573253354,Regular,Maintain standard replenishment review
21221,261,340.21999999999997,13,20.076923076923077,14.585732403399897,1.6127777777777779,54,SET/4 BADGES CUTE CREATURES,0.7264924185601481,Regular,Maintain standard replenishment review
21222,265,348.19,13,20.384615384615383,12.107425142851126,1.621897146712936,73,SET/4 BADGES BEETLES,0.5939491579511873,Regular,Maintain standard replenishment review
21224,914,1080.0,13,70.3076923076923,26.66891016203642,1.1065180757164563,165,SET/4 SKULL BADGES,0.3793171029611307,Regular,Maintain standard replenishment review
21226,93,80.54999999999998,5,18.6,21.984085152673515,1.082,20,POCKET MIRROR WOODLAND,1.1819400619716942,Regular,Maintain standard replenishment review
21228,5,6.25,2,2.5,2.1213203435596424,1.25,2,"POCKET MIRROR ""GLAMOROUS""",0.8485281374238569,Long-Tail,Limit stock and avoid excessive local warehouse space
21231,6054,7617.28,13,465.6923076923077,195.82831963030975,1.5758493437368035,509,SWEETHEART CERAMIC TRINKET BOX,0.4205101016177778,High-Revenue Priority,Prioritize inventory monitoring and avoid stockouts
21232,11842,16248.8,13,910.9230769230769,341.81146400183377,1.6861021673969558,831,STRAWBERRY CERAMIC TRINKET BOX,0.3752363648052558,High-Revenue Priority,Prioritize inventory monitoring and avoid stockouts
21238,3969,3488.44,13,305.3076923076923,147.4247743853254,1.080873880926947,387,RED RETROSPOT CUP,0.48287278080353496,High-Revenue Priority,Prioritize inventory monitoring and avoid stockouts
21239,3016,2707.34,13,232.0,120.82839070350974,1.1314199832335823,307,PINK  POLKADOT CUP,0.5208120288944386,High-Turnover Stable,Keep stable local warehouse inventory
21240,3570,3110.2599999999998,13,274.61538461538464,200.3607323726959,1.1214010425966947,325,BLUE POLKADOT CUP,0.729604907799733,High-Revenue Priority,Prioritize inventory monitoring and avoid stockouts
21242,3373,5699.71,13,259.46153846153845,121.69402572614605,2.0973215711092275,304,RED RETROSPOT PLATE,0.4690252992706489,High-Revenue Priority,Prioritize inventory monitoring and avoid stockouts
21243,2285,3827.16,13,175.76923076923077,98.0842782561285,2.153530132512033,210,PINK  POLKADOT PLATE,0.5580287165556544,High-Revenue Priority,Prioritize inventory monitoring and avoid stockouts
21244,2282,3789.3199999999997,13,175.53846153846155,142.95956035689215,2.3000805114945386,196,BLUE POLKADOT PLATE,0.8144059091321638,High-Revenue Priority,Prioritize inventory monitoring and avoid stockouts
21245,1075,1787.2,13,82.6923076923077,52.05027155770438,1.999596130365361,128,GREEN POLKADOT PLATE,0.6294451444187505,Regular,Maintain standard replenishment review
21246,286,1336.78,10,28.6,19.224983745116667,4.708258608058609,96,RED RETROSPOT BIG BOWL,0.6722022288502331,Regular,Maintain standard replenishment review
21248,205,330.71999999999997,13,15.76923076923077,14.04251785444148,1.8377100122100123,66,DOOR HANGER  MUM + DADS ROOM,0.8905011322328743,Regular,Maintain standard replenishment review
21249,724,2160.0,13,55.69230769230769,42.085992553708046,3.833776181083873,119,WOODLAND  HEIGHT CHART STICKERS,0.7556877115997301,Regular,Maintain standard replenishment review
21250,95,274.37,10,9.5,11.247221879201993,3.407,20,SET OF SKULL WALL STICKERS,1.183918092547578,Regular,Maintain standard replenishment review
21251,182,568.98,12,15.166666666666666,11.101460455382627,3.297511904761905,46,DINOSAUR HEIGHT CHART STICKER SET,0.7319644256296238,Regular,Maintain standard replenishment review
21253,134,590.42,13,10.307692307692308,6.329621044272916,5.06062271062271,62,SET OF PICTURE FRAME  STICKERS,0.6140677132503575,Regular,Maintain standard replenishment review
21257,688,6901.42,13,52.92307692307692,33.527256420365255,11.049083417559144,261,VICTORIAN SEWING BOX MEDIUM,0.6335092056173668,High-Revenue Priority,Prioritize inventory monitoring and avoid stockouts
21258,532,7674.8,8,66.5,88.07139960606638,16.09508904330963,163,VICTORIAN SEWING BOX LARGE,1.324381948963404,High-Revenue Priority,Prioritize inventory monitoring and avoid stockouts
21259,1179,7077.2,13,90.6923076923077,65.08889384959697,7.011066304553588,285,VICTORIAN SEWING BOX SMALL,0.7176892451609505,High-Revenue Priority,Prioritize inventory monitoring and avoid stockouts
21260,1161,3722.23,13,89.3076923076923,50.76479195824703,3.571188811188811,166,FIRST AID TIN,0.5684257497478135,High-Revenue Priority,Prioritize inventory monitoring and avoid stockouts
21261,187,672.09,9,20.77777777777778,27.284509239574835,4.914222582972583,45,GREEN GOOSE FEATHER CHRISTMAS TREE,1.313158198696115,Regular,Maintain standard replenishment review
21262,332,1233.21,12,27.666666666666668,26.667424231663528,4.885134259259259,78,WHITE GOOSE FEATHER CHRISTMAS TREE,0.9638828035541034,Regular,Maintain standard replenishment review
21263,167,349.17,7,23.857142857142858,18.087090897733034,2.744285714285714,42,GREEN GOOSE FEATHER TREE 60CM,0.7581415346355164,Regular,Maintain standard replenishment review
21264,283,571.65,10,28.3,38.172270330990564,2.742,48,WHITE GOOSE FEATHER TREE 60CM,1.3488434745933062,Regular,Maintain standard replenishment review
21265,131,267.21,9,14.555555555555555,12.25878369895553,2.816666666666667,19,PINK GOOSE FEATHER TREE 60CM,0.8422065136687005,Regular,Maintain standard replenishment review
21268,2,0.84,1,2.0,0.0,0.42,1,VINTAGE BLUE TINSEL REEL,0.0,Long-Tail,Limit stock and avoid excessive local warehouse space
21269,29,254.98000000000002,10,2.9,1.4491376746189437,9.348,19,ANTIQUE CREAM CUTLERY SHELF,0.4997026464203254,Long-Tail,Limit stock and avoid excessive local warehouse space
21270,50,530.19,10,5.0,9.614803401237303,12.618073684210525,36,ANTIQUE CREAM CUTLERY CUPBOARD,1.9229606802474606,Long-Tail,Limit stock and avoid excessive local warehouse space
21272,548,777.5699999999999,9,60.888888888888886,59.22508852767644,1.7460176366843032,103,SALLE DE BAIN HOOK,0.972674811585927,Regular,Maintain standard replenishment review
21275,13,270.08,6,2.1666666666666665,2.401388487243717,19.27861111111111,12,ZINC TOP  2 DOOR WOODEN SHELF,1.1083331479586387,Long-Tail,Limit stock and avoid excessive local warehouse space
21277,26,571.4300000000001,10,2.6,1.7126976771553504,22.04325,22,FRENCH STYLE EMBOSSED HEART CABINET,0.6587298758289809,Long-Tail,Limit stock and avoid excessive local warehouse space
21278,31,79.05,4,7.75,2.8722813232690143,2.55,7,VINTAGE KITCHEN PRINT PUDDINGS,0.37061694493793734,Long-Tail,Limit stock and avoid excessive local warehouse space
21279,85,266.15,9,9.444444444444445,5.547772325697746,3.4732222222222218,29,VINTAGE KITCHEN PRINT FRUITS,0.5874111874268202,Long-Tail,Limit stock and avoid excessive local warehouse space
21280,65,165.75,8,8.125,4.911720676097125,2.55,12,VINTAGE KITCHEN PRINT VEGETABLES,0.6045194678273385,Long-Tail,Limit stock and avoid excessive local warehouse space
21281,43,129.63,4,10.75,12.230426539304887,3.2388888888888885,14,VINTAGE KITCHEN PRINT SEAFOOD,1.1377140966795243,Long-Tail,Limit stock and avoid excessive local warehouse space
21284,403,374.49,13,31.0,52.67194066420311,2.3131410256410256,42,RETROSPOT CANDLE  SMALL,1.6990948601355842,Regular,Maintain standard replenishment review
21285,365,413.88,10,36.5,68.46450824251123,2.948,43,RETROSPOT CANDLE  MEDIUM,1.8757399518496227,Regular,Maintain standard replenishment review
21286,273,362.12,8,34.125,53.02677894907709,3.2384375,30,RETROSPOT CANDLE  LARGE,1.5538982842220392,Regular,Maintain standard replenishment review
21287,1790,760.15,11,162.72727272727272,165.0467151500392,0.6204090909090909,55,SCENTED VELVET LOUNGE CANDLE,1.0142535567879505,Regular,Maintain standard replenishment review
21288,355,1061.41,13,27.307692307692307,23.439228568735704,3.41327580539119,110,STRIPEY CHOCOLATE NESTING BOXES,0.8583379475875047,Regular,Maintain standard replenishment review
21289,567,708.75,12,47.25,58.44364029480959,1.25,49,LARGE STRIPES CHOCOLATE GIFT BAG,1.2369024401017903,Regular,Maintain standard replenishment review
21291,943,819.64,12,78.58333333333333,76.6176556122357,1.0246250000000001,52,SMALL POLKADOT CHOCOLATE GIFT BAG,0.9749860735385243,Regular,Maintain standard replenishment review
21292,867,594.51,9,96.33333333333333,116.91556782567496,0.8207142857142857,28,SMALL STRIPES CHOCOLATE GIFT BAG,1.213656413415311,Regular,Maintain standard replenishment review
21293,116,276.72,10,11.6,10.71032731111011,2.9267666666666665,24,MIRRORED DOVE WALL DECORATION,0.923304078543975,Regular,Maintain standard replenishment review
21294,1618,825.4899999999999,11,147.0909090909091,173.1343146493234,1.0014291617473436,71,ETCHED GLASS COASTER,1.1770565272821738,Regular,Maintain standard replenishment review
21306,494,192.73999999999998,10,49.4,48.58714964999604,1.3821904761904764,44,SET/4 DAISY MIRROR MAGNETS,0.9835455394736041,Regular,Maintain standard replenishment review
21307,79,39.2,6,13.166666666666666,27.852588150235995,1.7983333333333336,13,SET/4 BUTTERFLY MIRROR MAGNETS,2.1153864417900756,Long-Tail,Limit stock and avoid excessive local warehouse space
21310,1,29.95,1,1.0,0.0,29.95,1,CAPIZ CHANDELIER,0.0,Long-Tail,Limit stock and avoid excessive local warehouse space
21311,459,181.32999999999998,11,41.72727272727273,68.85505197019447,1.3534415584415584,51,SET/4 BIRD MIRROR MAGNETS,1.650121071181131,Regular,Maintain standard replenishment review
21313,3321,2893.77,13,255.46153846153845,94.4365884113209,1.1521823225357637,214,GLASS HEART T-LIGHT HOLDER,0.36967047556373733,High-Turnover Stable,Keep stable local warehouse inventory
21314,4246,9798.980000000001,13,326.61538461538464,101.1677966396574,2.837748162125621,541,SMALL GLASS HEART TRINKET POT,0.30974596239179136,High-Revenue Priority,Prioritize inventory monitoring and avoid stockouts
21316,159,214.73,5,31.8,55.648000862564686,3.97,15,SMALL CHUNKY GLASS ROMAN  BOWL,1.7499371340429146,Regular,Maintain standard replenishment review
21317,111,684.08,10,11.1,8.974655672751153,7.0393,34,GLASS SPHERE CANDLE STAND MEDIUM,0.8085275380856894,Regular,Maintain standard replenishment review
21318,694,421.78,6,115.66666666666667,215.79774481367193,1.8304945939728547,49,GLASS CHALICE BLUE SMALL,1.8656865545850598,Regular,Maintain standard replenishment review
21319,161,175.77999999999997,5,32.2,31.89357302028106,2.1113333333333335,19,GLASS CHALICE GREEN  SMALL,0.9904836341702192,Regular,Maintain standard replenishment review
21320,197,364.22,4,49.25,51.87404617596999,3.3762202380952377,19,GLASS CHALICE GREEN  LARGE,1.0532801254004058,Regular,Maintain standard replenishment review
21324,81,259.67,6,13.5,10.445094542415593,3.293571428571429,28,HANGING MEDINA LANTERN SMALL,0.7737107068455994,Long-Tail,Limit stock and avoid excessive local warehouse space
21326,10535,6859.27,13,810.3846153846154,424.0126842563279,0.8186890562347879,340,AGED GLASS SILVER T-LIGHT HOLDER,0.5232240052522319,High-Revenue Priority,Prioritize inventory monitoring and avoid stockouts
21327,864,1484.1299999999999,13,66.46153846153847,45.717639528988855,2.031458229364883,252,SKULLS WRITING SET,0.6878811503204341,Regular,Maintain standard replenishment review
21328,1337,2410.43,13,102.84615384615384,80.3272952300422,2.3402270148905653,346,BALLOONS  WRITING SET,0.7810432595292062,Regular,Maintain standard replenishment review
21329,941,1723.69,13,72.38461538461539,56.182052978892436,2.205690054758728,287,DINOSAURS  WRITING SET,0.7761601367966011,Regular,Maintain standard replenishment review
21331,12,165.74,6,2.0,1.2649110640673518,13.811666666666667,8,MOROCCAN BEATEN METAL DISH LARGE,0.6324555320336759,Long-Tail,Limit stock and avoid excessive local warehouse space
21332,19,268.1,7,2.7142857142857144,1.3801311186847083,13.433571428571428,13,MOROCCAN BEATEN METAL MIRROR,0.5084693595154188,Long-Tail,Limit stock and avoid excessive local warehouse space
21333,56,168.16000000000003,5,11.2,9.731392500562292,3.0345714285714287,16,CLASSIC WHITE FRAME,0.8688743304073475,Long-Tail,Limit stock and avoid excessive local warehouse space
21336,27,54.57000000000001,4,6.75,5.377421934967226,2.125,10,GOLD WASHBAG,0.7966551014766261,Long-Tail,Limit stock and avoid excessive local warehouse space
21340,975,11300.02,13,75.0,31.67806812291432,13.550026516483058,290,CLASSIC METAL BIRDCAGE PLANT HOLDER,0.42237424163885756,High-Revenue Priority,Prioritize inventory monitoring and avoid stockouts
21344,15,160.09,5,3.0,1.5811388300841898,12.117999999999999,6,MOROCCAN BEATEN METAL DISH,0.5270462766947299,Long-Tail,Limit stock and avoid excessive local warehouse space
21348,140,361.55999999999995,2,70.0,62.22539674441618,3.3099999999999996,6,PINK SPOTS CHOCOLATE NESTING BOXES,0.8889342392059454,Regular,Maintain standard replenishment review
21349,18,155.6,3,6.0,5.5677643628300215,7.886666666666667,11,IVY HEART WREATH,0.9279607271383369,Long-Tail,Limit stock and avoid excessive local warehouse space
21351,104,672.88,7,14.857142857142858,11.852265204432042,6.566571428571429,34,CINAMMON & ORANGE WREATH,0.7977486195290797,Regular,Maintain standard replenishment review
21352,378,1511.26,10,37.8,48.98026813592048,5.441441558441559,77,EUCALYPTUS & PINECONE  WREATH,1.2957742893100657,Regular,Maintain standard replenishment review
21354,799,1007.7099999999999,12,66.58333333333333,61.66103577895309,1.4964696886446884,95,TOAST ITS - BEST MUM,0.9260731280944144,Regular,Maintain standard replenishment review
21355,789,992.58,12,65.75,127.2885947900925,1.2881356470887362,120,TOAST ITS - I LOVE YOU,1.9359482097352472,Regular,Maintain standard replenishment review
21356,642,703.3,13,49.38461538461539,45.10457933428797,1.3666998855870094,151,TOAST ITS - FAIRY FLOWER,0.9133326033422797,Regular,Maintain standard replenishment review
21357,19,23.75,3,6.333333333333333,5.507570547286102,1.25,10,TOAST ITS - DINOSAUR,0.8696164022030688,Long-Tail,Limit stock and avoid excessive local warehouse space
21358,411,493.29,13,31.615384615384617,18.88358397099829,1.2977578042872162,108,TOAST ITS - HAPPY BIRTHDAY,0.5972909771848608,Regular,Maintain standard replenishment review
21359,129,844.28,7,18.428571428571427,25.48762538211529,16.850714285714286,29,RELAX LARGE WOOD LETTERS,1.3830494393395896,Regular,Maintain standard replenishment review
21360,39,236.17,7,5.571428571428571,5.31843156256751,8.475142857142858,16,JOY LARGE WOOD LETTERS,0.9545902804608353,Long-Tail,Limit stock and avoid excessive local warehouse space
21361,106,1505.96,8,13.25,11.436158196077661,14.286170455361631,69,LOVE LARGE WOOD LETTERS,0.8631062789492575,Regular,Maintain standard replenishment review
21363,243,1403.94,10,24.3,19.25876423865249,6.178229116809117,125,HOME SMALL WOOD LETTERS,0.7925417382161518,Regular,Maintain standard replenishment review
21364,30,222.96,10,3.0,2.449489742783178,7.022799999999999,24,PEACE SMALL WOOD LETTERS,0.8164965809277259,Long-Tail,Limit stock and avoid excessive local warehouse space
21365,363,447.09000000000003,11,33.0,24.987997118616768,2.404666666666667,52,MIRRORED WALL ART STARS,0.7572120338974778,Regular,Maintain standard replenishment review
21366,89,470.17,12,7.416666666666667,6.09706834669273,6.578277777777777,46,MIRRORED WALL ART PHOTO FRAMES,0.82207663101475,Regular,Maintain standard replenishment review
21367,171,199.49,11,15.545454545454545,14.767285711082023,2.2625310245310244,43,MIRRORED WALL ART GENTS,0.9499423556836389,Regular,Maintain standard replenishment review
21368,163,143.28,10,16.3,15.36265312734461,1.5302,33,MIRRORED WALL ART LADIES,0.9424940568923073,Regular,Maintain standard replenishment review
21369,101,161.49,11,9.181818181818182,9.206716915580513,2.686818181818182,16,MIRRORED WALL ART SPLODGES,1.002711743281046,Regular,Maintain standard replenishment review
21370,16,100.66000000000001,3,5.333333333333333,2.886751345948129,5.9191666666666665,9,MIRRORED WALL ART FOXY,0.5412658773652742,Long-Tail,Limit stock and avoid excessive local warehouse space
21371,287,319.71,12,23.916666666666668,24.44086865489974,2.093611111111111,38,MIRRORED WALL ART POPPIES,1.0219178531665396,Regular,Maintain standard replenishment review
21372,75,107.75,9,8.333333333333334,4.55521678957215,2.371111111111111,33,MIRRORED WALL ART TABLE LAMP,0.5466260147486579,Long-Tail,Limit stock and avoid excessive local warehouse space
21373,512,389.03999999999996,7,73.14285714285714,23.996031417914168,0.87,47,MIRRORED WALL ART SNOWFLAKES,0.32807074204179526,Regular,Maintain standard replenishment review
21374,304,463.79,11,27.636363636363637,22.83537924919456,2.607119047619048,46,MIRRORED WALL ART SKULLS,0.8262801702011189,Regular,Maintain standard replenishment review
21375,41,312.77,13,3.1538461538461537,1.8187062180825981,8.110897435897435,27,LARGE CAMPHOR WOOD FIELD MUSHROOM,0.5766629471969213,Long-Tail,Limit stock and avoid excessive local warehouse space
21376,33,192.81,11,3.0,1.61245154965971,6.281818181818181,17,LARGE  TALL CAMPHOR WOOD TOADSTOOL,0.53748384988657,Long-Tail,Limit stock and avoid excessive local warehouse space
21377,121,215.67999999999998,13,9.307692307692308,5.691874550395141,2.4699743589743592,41,SMALL CAMPHOR WOOD FIELD  MUSHROOM,0.6115237120259243,Regular,Maintain standard replenishment review
21378,142,217.89,12,11.833333333333334,9.494815172056544,2.130706349206349,34,SMALL TALL CAMPHOR WOOD TOADSTOOL,0.8023787469343558,Regular,Maintain standard replenishment review
21379,178,246.82999999999998,13,13.692307692307692,10.926913374665139,1.9345054945054942,50,CAMPHOR WOOD PORTOBELLO MUSHROOM,0.7980329992732967,Regular,Maintain standard replenishment review
21380,2165,6307.51,13,166.53846153846155,116.723044985852,3.4415996648512777,290,WOODEN HAPPY BIRTHDAY GARLAND,0.7008774063815593,High-Revenue Priority,Prioritize inventory monitoring and avoid stockouts
21381,1811,3131.2400000000002,13,139.30769230769232,160.03248868869545,2.413614484930274,224,MINI WOODEN HAPPY BIRTHDAY GARLAND,1.1487699353688794,High-Revenue Priority,Prioritize inventory monitoring and avoid stockouts
21382,1143,1376.5300000000002,13,87.92307692307692,89.1108500113403,2.0704114774114775,128,SET/4 SPRING FLOWER DECORATION,1.0135092302252178,Regular,Maintain standard replenishment review
21383,991,751.28,13,76.23076923076923,90.49876043916646,1.0519955402205368,167,PACK OF 12 STICKY BUNNIES,1.1871684013210535,Regular,Maintain standard replenishment review
21385,3883,3442.45,13,298.6923076923077,166.5274675118115,1.1014622544122543,317,IVORY HANGING DECORATION  HEART,0.5575217815229332,High-Revenue Priority,Prioritize inventory monitoring and avoid stockouts
21386,709,285.64,12,59.083333333333336,34.121329861468645,0.5489772727272727,51,IVORY HANGING DECORATION  EGG,0.5775119299543353,Regular,Maintain standard replenishment review
21389,1113,964.23,13,85.61538461538461,90.94644803540385,0.9470196861961567,128,IVORY HANGING DECORATION  BIRD,1.0622675871161276,Regular,Maintain standard replenishment review
21390,3903,4848.13,13,300.2307692307692,163.50033325458077,1.4590496497321945,212,FILIGRIS HEART WITH BUTTERFLY,0.5445822014628618,High-Revenue Priority,Prioritize inventory monitoring and avoid stockouts
21391,1069,1055.59,12,89.08333333333333,144.22675223621331,1.9883621753937846,106,FRENCH LAVENDER SCENT HEART,1.6190093796394387,Regular,Maintain standard replenishment review
21392,34,46.39,3,11.333333333333334,8.144527815247077,2.2066666666666666,7,RED POLKADOT PUDDING BOWL,0.7186348072276832,Long-Tail,Limit stock and avoid excessive local warehouse space
21393,29,38.67,2,14.5,2.1213203435596424,1.245,7,BLUE POLKADOT PUDDING BOWL,0.1462979547282512,Long-Tail,Limit stock and avoid excessive local warehouse space
21394,3865,1603.77,11,351.3636363636364,281.9032716118324,0.9941123226149965,131,RED POLKADOT BEAKER,0.8023120278732616,High-Turnover Stable,Keep stable local warehouse inventory
21395,2838,1139.06,8,354.75,232.02324390949653,0.5073068181818182,90,BLUE POLKADOT BEAKER,0.6540471991811037,High-Turnover Stable,Keep stable local warehouse inventory
21397,1075,550.43,6,179.16666666666666,293.1862320550995,1.639171717171717,65,BLUE POLKADOT EGG CUP,1.636388271935439,Regular,Maintain standard replenishment review
21398,1532,729.5999999999999,5,306.4,400.7010107299456,2.103614774114774,63,RED POLKADOT COFFEE  MUG,1.3077709227478644,Regular,Maintain standard replenishment review
21399,2054,869.61,7,293.42857142857144,375.61942492495297,1.6479906832298137,71,BLUE POLKADOT COFFEE MUG,1.2801051482349906,High-Turnover Volatile,Monitor closely and replenish in smaller batches
21400,881,128.63,13,67.76923076923077,52.181021208471705,0.2983732933732934,72,RED PUDDING SPOON,0.7699810166970853,Regular,Maintain standard replenishment review
21401,1052,151.19,13,80.92307692307692,65.69812470492282,0.31502197802197796,82,BLUE PUDDING SPOON,0.8118589554790843,Regular,Maintain standard replenishment review
21402,1369,185.52,13,105.3076923076923,86.22295190897512,0.35521153846153847,92,RED  EGG  SPOON,0.8187716397492159,Regular,Maintain standard replenishment review
21403,1857,322.18,13,142.84615384615384,90.80184116511272,0.32519787151008867,106,BLUE EGG  SPOON,0.6356617852161903,High-Turnover Stable,Keep stable local warehouse inventory
21407,290,1421.11,12,24.166666666666668,14.345308598558583,5.472925770308123,138,BROWN CHECK CAT DOORSTOP,0.5935989764920793,Regular,Maintain standard replenishment review
21408,285,1282.81,13,21.923076923076923,26.556422758790195,5.96658421869734,117,SPOTTY PINK DUCK DOORSTOP,1.2113455995237632,Regular,Maintain standard replenishment review
21410,1,8.47,1,1.0,0.0,8.47,1,COUNTRY COTTAGE  DOORSTOP GREEN,0.0,Long-Tail,Limit stock and avoid excessive local warehouse space
21411,785,2961.83,13,60.38461538461539,74.32085671996619,5.0897985778054595,241,GINGHAM HEART  DOORSTOP RED,1.2307912577828795,Regular,Maintain standard replenishment review
21413,48,75.02,7,6.857142857142857,7.221001117771492,1.4705714285714286,17,PERIWINKLE T-LIGHT HOLDER,1.0530626630083426,Long-Tail,Limit stock and avoid excessive local warehouse space
21414,1,2.1,1,1.0,0.0,2.1,1,SCALLOP SHELL SOAP DISH,0.0,Long-Tail,Limit stock and avoid excessive local warehouse space
21415,219,446.02000000000004,13,16.846153846153847,12.707256154432356,2.8143076923076924,46,CLAM SHELL SMALL,0.7543120091672174,Regular,Maintain standard replenishment review
21416,5,18.75,3,1.6666666666666667,1.1547005383792517,3.75,4,CLAM SHELL LARGE,0.692820323027551,Long-Tail,Limit stock and avoid excessive local warehouse space
21417,340,629.8000000000001,13,26.153846153846153,36.70569018977429,3.1905341880341878,68,COCKLE SHELL DISH,1.4034528601972522,Regular,Maintain standard replenishment review
21418,74,189.75,11,6.7272727272727275,6.900592859905721,3.713636363636364,25,STARFISH SOAP DISH,1.0257638034994991,Long-Tail,Limit stock and avoid excessive local warehouse space
21420,53,120.41,12,4.416666666666667,7.513119837788407,4.0424999999999995,19,OYSTER TRINKET BOX,1.7010837368577525,Long-Tail,Limit stock and avoid excessive local warehouse space
21421,299,348.43,6,49.833333333333336,64.44351531897267,1.3527777777777779,14,PORCELAIN ROSE LARGE,1.2931809094108229,Regular,Maintain standard replenishment review
21422,1607,1295.0,12,133.91666666666666,153.2837288010424,1.1044325396825396,63,PORCELAIN ROSE SMALL,1.1446202524035525,Regular,Maintain standard replenishment review
21424,346,1401.02,11,31.454545454545453,22.94499351215265,5.30179797979798,70,WOODLAND STORAGE BOX LARGE,0.7294651116580322,Regular,Maintain standard replenishment review
21425,87,320.49,11,7.909090909090909,8.677033426863646,4.313030303030303,30,SKULLS STORAGE BOX LARGE,1.0970961804080472,Long-Tail,Limit stock and avoid excessive local warehouse space
21426,256,624.58,12,21.333333333333332,22.69294377046964,3.6885462962962965,46,WOODLAND STORAGE BOX SMALL,1.0637317392407644,Regular,Maintain standard replenishment review
21427,96,256.44,11,8.727272727272727,7.564270078347402,3.369272727272727,41,SKULLS STORAGE BOX SMALL,0.8667392798106399,Regular,Maintain standard replenishment review
21428,1207,5163.63,13,92.84615384615384,49.404531090859386,5.504801807607128,262,SET3 BOOK BOX GREEN GINGHAM FLOWER,0.5321117681699852,High-Revenue Priority,Prioritize inventory monitoring and avoid stockouts
21429,1740,3391.15,11,158.1818181818182,104.62582681328561,2.375848517616801,286,RED GINGHAM ROSE JEWELLERY BOX,0.6614276407736447,High-Revenue Priority,Prioritize inventory monitoring and avoid stockouts
21430,3034,11905.95,13,233.3846153846154,140.09136213053876,4.946927231275534,477,SET/3 RED GINGHAM ROSE STORAGE BOX,0.600259626795321,High-Revenue Priority,Prioritize inventory monitoring and avoid stockouts
21439,1430,1767.15,13,110.0,148.5580694543383,1.6097476754015216,130,BASKET OF TOADSTOOLS,1.3505279041303482,Regular,Maintain standard replenishment review
21441,421,292.03,12,35.083333333333336,36.92365177777058,1.0702767857142856,62,BLUE BIRDHOUSE DECORATION,1.052455632620539,Regular,Maintain standard replenishment review
21442,437,307.94,13,33.61538461538461,35.42959794093648,1.111863247863248,59,GREEN BIRDHOUSE DECORATION,1.0539697327967374,Regular,Maintain standard replenishment review
21445,214,267.5,6,35.666666666666664,45.41659021400293,1.25,21,12 PINK ROSE PEG PLACE SETTINGS,1.2733623424486804,Regular,Maintain standard replenishment review
21446,449,630.92,13,34.53846153846154,25.339742778934518,1.5445886720117488,105,12 RED ROSE PEG PLACE SETTINGS,0.733667385581623,Regular,Maintain standard replenishment review
21447,969,1478.1,10,96.9,53.252960272437235,1.7121680727554178,148,12 IVORY ROSE PEG PLACE SETTINGS,0.5495661534823244,Regular,Maintain standard replenishment review
21448,344,592.6199999999999,11,31.272727272727273,33.31993670189338,1.8766049783549783,77,12 DAISY PEGS IN WOOD BOX,1.065463092211707,Regular,Maintain standard replenishment review
21452,817,2549.11,13,62.84615384615385,32.98192978446974,3.612290232203694,184,TOADSTOOL MONEY BOX,0.5248042682963362,Regular,Maintain standard replenishment review
21454,572,485.15999999999997,13,44.0,59.65176722724427,0.9155595980595981,136,PAINTED PINK RABBIT,1.3557219824373699,Regular,Maintain standard replenishment review
21455,612,516.79,13,47.07692307692308,59.85463159252526,0.9169857789269553,117,PAINTED YELLOW WOODEN DAISY,1.2714219129131181,Regular,Maintain standard replenishment review
21456,171,222.22,6,28.5,32.00468715672753,1.5693055555555555,25,2 PICTURE BOOK EGGS EASTER CHICKS,1.122971479183422,Regular,Maintain standard replenishment review
21457,124,165.89000000000001,5,24.8,15.514509338035799,1.5726666666666667,25,2 PICTURE BOOK EGGS EASTER DUCKS,0.6255850539530564,Regular,Maintain standard replenishment review
21458,182,256.54,7,26.0,28.118795611950855,1.9038732993197276,36,2 PICTURE BOOK EGGS EASTER BUNNY,1.0814921389211867,Regular,Maintain standard replenishment review
21459,76,150.38,4,19.0,12.192894105447921,2.040833333333333,19,YELLOW EASTER EGG HUNT START POST,0.6417312687077853,Long-Tail,Limit stock and avoid excessive local warehouse space
21460,28,56.78,3,9.333333333333334,2.0816659994661326,2.095333333333333,11,GREEN EASTER EGG HUNT START POST,0.22303564279994276,Long-Tail,Limit stock and avoid excessive local warehouse space
21461,10,23.86,3,3.3333333333333335,2.0816659994661326,2.858333333333333,6,BLUE EASTER EGG HUNT START POST,0.6244997998398397,Long-Tail,Limit stock and avoid excessive local warehouse space
21462,198,932.4,12,16.5,24.115253565854427,7.090291666666666,73,"NURSERY A,B,C PAINTED LETTERS",1.4615305191426926,Regular,Maintain standard replenishment review
21463,649,3435.05,13,49.92307692307692,44.051979786122246,5.810530118448671,134,MIRRORED DISCO BALL,0.8823971297682422,High-Revenue Priority,Prioritize inventory monitoring and avoid stockouts
21464,249,1055.25,13,19.153846153846153,14.293624183799306,4.246794871794872,105,DISCO BALL ROTATOR BATTERY OPERATED,0.7462534714433373,Regular,Maintain standard replenishment review
21465,237,897.8,13,18.23076923076923,11.09920302059151,3.9750811965811965,79,PINK FLOWER CROCHET FOOD COVER,0.608817043323585,Regular,Maintain standard replenishment review
21466,304,1116.89,13,23.384615384615383,14.603301347860018,3.99557264957265,112,RED FLOWER CROCHET FOOD COVER,0.6244832813229614,Regular,Maintain standard replenishment review
21467,264,1004.39,13,20.307692307692307,17.580219070424082,4.2175435120435125,104,CHERRY CROCHET FOOD COVER,0.8656926057405798,Regular,Maintain standard replenishment review
21468,148,572.23,11,13.454545454545455,12.258577701867672,4.163421271538919,66,BUTTERFLY CROCHET FOOD COVER,0.9111105048685432,Regular,Maintain standard replenishment review
21469,290,1085.32,13,22.307692307692307,21.929373814530955,3.894242110453649,89,POLKA DOT RAFFIA FOOD COVER,0.9830408951341463,Regular,Maintain standard replenishment review
21470,381,1470.32,13,29.307692307692307,16.585056604187475,4.245324009324009,140,FLOWER VINE RAFFIA FOOD COVER,0.5658943198279192,Regular,Maintain standard replenishment review
21471,639,2220.59,13,49.15384615384615,34.280330010678504,3.7703378334628335,163,STRAWBERRY RAFFIA FOOD COVER,0.6974089047555877,Regular,Maintain standard replenishment review
21472,123,476.40999999999997,6,20.5,14.774978849392646,4.021856060606061,37,LADYBIRD + BEE RAFFIA FOOD COVER,0.720730675580129,Regular,Maintain standard replenishment review
21473,27,618.66,11,2.4545454545454546,1.634847782739198,21.40472727272727,21,SWEETHEART CREAM STEEL TABLE RECT,0.6660490966715251,Long-Tail,Limit stock and avoid excessive local warehouse space
21476,41,699.63,9,4.555555555555555,4.719934086168765,17.357777777777777,24,STEEL SWEETHEART ROUND TABLE CREAM,1.0360830920858264,Long-Tail,Limit stock and avoid excessive local warehouse space
21479,3915,20582.2,13,301.15384615384613,421.21962722429527,5.027152032871393,499,WHITE SKULL HOT WATER BOTTLE,1.3986858630691799,High-Revenue Priority,Prioritize inventory monitoring and avoid stockouts
21481,3307,11443.87,13,254.3846153846154,258.71269085658787,4.084177838737806,490,FAWN BLUE HOT WATER BOTTLE,1.0170139041837443,High-Revenue Priority,Prioritize inventory monitoring and avoid stockouts
21484,1871,8495.42,13,143.92307692307693,180.91409634522748,5.732317950391882,402,CHICK GREY HOT WATER BOTTLE,1.2570193759957013,High-Revenue Priority,Prioritize inventory monitoring and avoid stockouts
21485,3524,17663.98,13,271.0769230769231,306.73752665171287,5.657495250767952,623,RETROSPOT HEART HOT WATER BOTTLE,1.1315516022906547,High-Revenue Priority,Prioritize inventory monitoring and avoid stockouts
21486,36,147.88,1,36.0,0.0,4.042727272727273,11,PINK HEART DOTS HOT WATER BOTTLE,0.0,Long-Tail,Limit stock and avoid excessive local warehouse space
21488,69,566.1700000000001,2,34.5,47.37615433949868,7.928,16,RED WHITE SCARF  HOT WATER BOTTLE,1.3732218649130052,Long-Tail,Limit stock and avoid excessive local warehouse space
21491,1,1.95,1,1.0,0.0,1.95,1,SET OF THREE VINTAGE GIFT WRAPS,0.0,Long-Tail,Limit stock and avoid excessive local warehouse space
21494,1928,3571.33,13,148.30769230769232,156.832917790125,2.909091575091575,313,ROTATING LEAVES T-LIGHT HOLDER,1.057483366842129,High-Revenue Priority,Prioritize inventory monitoring and avoid stockouts
21495,5800,2356.0,13,446.15384615384613,270.1940186094202,0.4180811496196111,165,SKULLS AND CROSSBONES WRAP,0.6056072830900798,High-Turnover Stable,Keep stable local warehouse inventory
21497,8550,3409.0,13,657.6923076923077,456.9355141620797,0.41847119547119543,230,FANCY FONTS BIRTHDAY WRAP,0.6947557525271387,High-Revenue Priority,Prioritize inventory monitoring and avoid stockouts
21498,10526,4311.92,13,809.6923076923077,288.40578606521996,0.41757992097348084,336,RED RETROSPOT WRAP,0.356191831545493,High-Revenue Priority,Prioritize inventory monitoring and avoid stockouts
21499,6927,2809.34,13,532.8461538461538,216.65135054346578,0.4167748386878821,217,BLUE POLKADOT WRAP,0.40659268905226725,High-Turnover Stable,Keep stable local warehouse inventory
21500,6350,2593.0,13,488.46153846153845,219.52016436788344,0.4169481277460817,213,PINK POLKADOT WRAP,0.44941136012322597,High-Turnover Stable,Keep stable local warehouse inventory
21503,726,288.92,10,72.6,85.64682000972236,0.41866666666666663,23,TOYBOX  WRAP,1.1797082645967267,Regular,Maintain standard replenishment review
21504,1891,778.89,13,145.46153846153845,82.62930814246579,0.48147798355490656,115,SKULLS GREETING CARD,0.5680491834225571,High-Turnover Stable,Keep stable local warehouse inventory
21506,4922,2085.8900000000003,13,378.61538461538464,169.19492627417372,0.5118696605554853,323,"FANCY FONT BIRTHDAY CARD,",0.4468781067785978,High-Turnover Stable,Keep stable local warehouse inventory
21507,3320,1420.24,13,255.3846153846154,100.55722952755018,0.5344487799649743,262,"ELEPHANT, BIRTHDAY CARD,",0.393748187909082,High-Turnover Stable,Keep stable local warehouse inventory
21508,2478,1041.94,13,190.6153846153846,66.55641524493646,0.553252476762026,213,VINTAGE KID DOLLY CARD,0.3491660202518862,High-Turnover Stable,Keep stable local warehouse inventory
21509,3741,1572.28,13,287.7692307692308,115.31345241424484,0.5343939051396064,274,COWBOYS AND INDIANS BIRTHDAY CARD,0.40071501774530416,High-Turnover Stable,Keep stable local warehouse inventory
21518,318,132.44,7,45.42857142857143,44.85479217377315,0.5773540372670807,38,BANK ACCOUNT  GREETING  CARD,0.9873696390453208,Regular,Maintain standard replenishment review
21519,3299,1389.22,13,253.76923076923077,97.06969476116448,0.5080099249228803,246,GIN & TONIC DIET GREETING CARD,0.382511679871215,High-Turnover Stable,Keep stable local warehouse inventory
21520,504,214.19,13,38.76923076923077,31.102394993938557,0.5494322344322344,58,BOOZE & WOMEN GREETING CARD,0.8022443153198437,Regular,Maintain standard replenishment review
21523,3245,21593.739999999998,13,249.6153846153846,197.29231209111117,9.511956929299142,502,DOORMAT FANCY FONT HOME SWEET HOME,0.7903852256346519,High-Revenue Priority,Prioritize inventory monitoring and avoid stockouts
21524,1752,13572.06,13,134.76923076923077,77.59848994036959,9.190902564419302,480,DOORMAT SPOTTY HOME SWEET HOME,0.5757878819776282,High-Revenue Priority,Prioritize inventory monitoring and avoid stockouts
21527,477,3724.9900000000002,6,79.5,68.60830853475402,8.402921151510014,144,RED RETROSPOT TRADITIONAL TEAPOT,0.862997591632126,High-Revenue Priority,Prioritize inventory monitoring and avoid stockouts
21528,215,1557.5700000000002,13,16.53846153846154,8.84698992704472,8.132043123543124,111,DAIRY MAID TRADITIONAL TEAPOT,0.534934274658518,Regular,Maintain standard replenishment review
21530,777,769.57,13,59.76923076923077,54.50405771768106,1.993598760214145,104,DAIRY MAID TOASTRACK,0.9119083015828234,Regular,Maintain standard replenishment review
21531,1516,3682.17,13,116.61538461538461,60.24054346470553,2.836612810161483,246,RED RETROSPOT SUGAR JAM BOWL,0.516574581161723,High-Revenue Priority,Prioritize inventory monitoring and avoid stockouts
21533,1351,6651.720000000001,13,103.92307692307692,54.42496599059041,5.221710402659634,339,RETROSPOT LARGE MILK JUG,0.5237043359568285,High-Revenue Priority,Prioritize inventory monitoring and avoid stockouts
21534,370,1879.18,13,28.46153846153846,13.169506347464106,5.495536487770651,155,DAIRY MAID LARGE MILK JUG,0.4627123851811713,Regular,Maintain standard replenishment review
21535,2487,5986.01,13,191.30769230769232,98.44997428083684,2.7157595214056918,343,RED RETROSPOT SMALL MILK JUG,0.5146158687779971,High-Revenue Priority,Prioritize inventory monitoring and avoid stockouts
21537,332,1387.96,13,25.53846153846154,22.104356224567233,4.481410256410256,61,RED RETROSPOT PUDDING BOWL,0.865532020841488,Regular,Maintain standard replenishment review
21538,5,18.75,1,5.0,0.0,3.75,2,DAIRY MAID  PUDDING BOWL,0.0,Long-Tail,Limit stock and avoid excessive local warehouse space
21539,969,4743.9,12,80.75,37.268375577449284,5.43055284414924,238,RED RETROSPOT BUTTER DISH,0.4615278709281645,High-Revenue Priority,Prioritize inventory monitoring and avoid stockouts
21544,1972,1687.6799999999998,13,151.69230769230768,73.37618212038633,1.084023540185305,174,SKULLS  WATER TRANSFER TATTOOS,0.48371722493155295,High-Turnover Stable,Keep stable local warehouse inventory
21547,79,253.53000000000003,3,26.333333333333332,16.165807537309522,3.612857142857143,22,CERAMIC BIRDHOUSE CRESTED TIT SMALL,0.6138914254674502,Long-Tail,Limit stock and avoid excessive local warehouse space
21555,137,350.46999999999997,13,10.538461538461538,9.125197574257271,2.7111447767918357,69,CERAMIC STRAWBERRY TRINKET TRAY,0.865894660330982,Regular,Maintain standard replenishment review
21556,977,2515.52,11,88.81818181818181,133.8363315260981,3.2544244644244644,114,CERAMIC STRAWBERRY MONEY BOX,1.506857366209907,Regular,Maintain standard replenishment review
21557,551,1843.61,13,42.38461538461539,57.40432396829015,4.448654784696968,162,SET OF 6 FUNKY BEAKERS,1.3543669901774444,Regular,Maintain standard replenishment review
21558,2131,5550.219999999999,13,163.92307692307693,66.0460212509196,3.448755210962477,412,SKULL LUNCH BOX WITH CUTLERY,0.4029086233045306,High-Revenue Priority,Prioritize inventory monitoring and avoid stockouts
21559,3933,9735.38,13,302.53846153846155,150.6174045856008,3.2008570929793354,573,STRAWBERRY LUNCH BOX WITH CUTLERY,0.4978454766368702,High-Revenue Priority,Prioritize inventory monitoring and avoid stockouts
21561,1281,3127.38,13,98.53846153846153,86.11873139704217,3.084142142635486,213,DINOSAUR LUNCH BOX WITH CUTLERY,0.8739605840449245,High-Revenue Priority,Prioritize inventory monitoring and avoid stockouts
21562,324,380.36,11,29.454545454545453,34.86363043735875,1.4177272727272727,28,HAWAIIAN GRASS SKIRT,1.1836417741078589,Regular,Maintain standard replenishment review
21563,1395,2803.13,13,107.3076923076923,156.97897131749028,3.330850258153902,159,RED HEART SHAPE LOVE BUCKET,1.4628864710590492,Regular,Maintain standard replenishment review
21564,1042,1831.62,13,80.15384615384616,158.15016395493984,3.2486320090166245,123,PINK  HEART SHAPE LOVE BUCKET,1.973082659706543,Regular,Maintain standard replenishment review
21576,252,585.34,12,21.0,10.60874424922453,2.752546957671958,78,LETS GO SHOPPING COTTON TOTE BAG,0.5051782975821205,Regular,Maintain standard replenishment review
21577,720,1664.9,13,55.38461538461539,34.60380148080665,2.8345252634792106,175,SAVE THE PLANET COTTON TOTE BAG,0.6247908600701201,Regular,Maintain standard replenishment review
21578,746,1657.76,13,57.38461538461539,52.88594403925374,2.84397998553171,127,WOODLAND DESIGN  COTTON TOTE BAG,0.921604922936057,Regular,Maintain standard replenishment review
21579,176,409.72,12,14.666666666666666,7.2905085660408595,2.6407268518518516,50,LOLITA  DESIGN  COTTON TOTE BAG,0.4970801295027859,Regular,Maintain standard replenishment review
21580,181,444.07,12,15.083333333333334,11.532234139247443,3.2267500000000005,62,RABBIT  DESIGN  COTTON TOTE BAG,0.7645680092318746,Regular,Maintain standard replenishment review
21581,252,590.67,13,19.384615384615383,17.3567396205742,3.07250641025641,79,SKULLS  DESIGN  COTTON TOTE BAG,0.8953873613788278,Regular,Maintain standard replenishment review
21584,1059,1743.35,13,81.46153846153847,46.07532851142678,1.6423076923076922,146,RETROSPOT SMALL TUBE MATCHES,0.5656083764386668,Regular,Maintain standard replenishment review
21586,743,1721.85,11,67.54545454545455,79.1547391333755,2.482190082644628,67,KINGS CHOICE GIANT TUBE MATCHES,1.1718736614631635,Regular,Maintain standard replenishment review
21587,195,475.65,2,97.5,74.24621202458749,2.5374999999999996,26,COSY HOUR GIANT TUBE MATCHES,0.7614996105085897,Regular,Maintain standard replenishment review
21588,1494,3442.5,13,114.92307692307692,153.35658965216848,2.527697368421052,132,RETROSPOT GIANT TUBE MATCHES,1.3344281562772358,High-Revenue Priority,Prioritize inventory monitoring and avoid stockouts
21591,1374,1996.1399999999999,12,114.5,170.45207270933696,1.2523676470588236,146,COSY HOUR CIGAR BOX MATCHES,1.4886643904745587,Regular,Maintain standard replenishment review
21592,2149,2149.07,13,165.30769230769232,158.79986598198826,1.181965811965812,216,RETROSPOT CIGAR BOX MATCHES,0.9606320417709853,High-Turnover Stable,Keep stable local warehouse inventory
21594,2,8.34,2,1.0,0.0,4.17,2,DR. JAM'S AROUZER STRESS BALL,0.0,Long-Tail,Limit stock and avoid excessive local warehouse space
21595,2,16.94,1,2.0,0.0,8.47,2,DAD'S CAB ELECTRONIC METER,0.0,Long-Tail,Limit stock and avoid excessive local warehouse space
21609,763,2086.69,9,84.77777777777777,64.31130883790536,3.0060830527497195,76,SET 12 LAVENDER  BOTANICAL T-LIGHTS,0.7585868670264067,Regular,Maintain standard replenishment review
21613,227,661.9300000000001,10,22.7,19.539418847265875,3.065066666666667,42,S/12 VANILLA  BOTANICAL T-LIGHTS,0.8607673500998183,Regular,Maintain standard replenishment review
21614,51,153.29,3,17.0,16.522711641858304,3.896666666666667,9,SET OF 12 ROSE BOTANICAL T-LIGHTS,0.9719242142269591,Long-Tail,Limit stock and avoid excessive local warehouse space
21615,891,1347.92,13,68.53846153846153,130.7036185322958,3.2462408625712467,135,4 LAVENDER BOTANICAL DINNER CANDLES,1.9070112692703092,Regular,Maintain standard replenishment review
21616,822,1288.3400000000001,12,68.5,131.1075200672403,2.9767479886931945,138,4 PEAR BOTANICAL DINNER CANDLES,1.9139783951421943,Regular,Maintain standard replenishment review
21617,525,1009.26,12,43.75,56.52211956393709,3.1223556998557,102,4 LILY  BOTANICAL DINNER CANDLES,1.2919341614614193,Regular,Maintain standard replenishment review
21618,404,768.37,11,36.72727272727273,44.49290035295723,3.238690476190476,91,4 WILDFLOWER BOTANICAL CANDLES,1.211440356144875,Regular,Maintain standard replenishment review
21619,974,1476.3999999999999,13,74.92307692307692,141.7118329206972,2.9581320512820515,164,4 VANILLA BOTANICAL CANDLES,1.8914310348758352,Regular,Maintain standard replenishment review
21620,881,1429.49,12,73.41666666666667,97.38905887151178,2.938201175314219,165,SET OF 4 ROSE BOTANICAL CANDLES,1.3265252059683783,Regular,Maintain standard replenishment review
21621,2787,24525.83,13,214.3846153846154,173.6526890383688,9.75748269054159,475,VINTAGE UNION JACK BUNTING,0.8100053668815194,High-Revenue Priority,Prioritize inventory monitoring and avoid stockouts
21622,380,1982.64,13,29.23076923076923,29.992092975076634,5.682552447552448,104,VINTAGE UNION JACK CUSHION COVER,1.0260452859894638,Regular,Maintain standard replenishment review
21623,3269,22980.239999999998,13,251.46153846153845,371.0439361640378,10.408308333623232,221,VINTAGE UNION JACK MEMOBOARD,1.4755494555315056,High-Revenue Priority,Prioritize inventory monitoring and avoid stockouts
21624,216,1331.5600000000002,13,16.615384615384617,10.500305245868343,6.769795998872922,95,VINTAGE UNION JACK DOORSTOP,0.6319628157235576,Regular,Maintain standard replenishment review
21625,407,2939.51,13,31.307692307692307,13.924705953715357,8.273165371079399,169,VINTAGE UNION JACK APRON,0.44476947763709984,Regular,Maintain standard replenishment review
21626,794,1584.8,12,66.16666666666667,95.10552353076349,2.248044642857143,99,VINTAGE UNION JACK PENNANT,1.43736307603169,Regular,Maintain standard replenishment review
21627,63,1299.83,11,5.7272727272727275,2.195035721390843,22.227636363636364,47,ELEPHANT CARNIVAL POUFFE,0.38326020532221067,Long-Tail,Limit stock and avoid excessive local warehouse space
21628,63,1161.6499999999999,11,5.7272727272727275,5.330870643542368,21.145151515151515,33,TRIANGULAR POUFFE VINTAGE,0.9307869377613658,Long-Tail,Limit stock and avoid excessive local warehouse space
21629,71,672.0500000000001,13,5.461538461538462,5.767948575466911,9.658875739644971,42,SQUARE FLOOR CUSHION VINTAGE RED,1.0561032602967584,Long-Tail,Limit stock and avoid excessive local warehouse space
21630,69,718.14,12,5.75,7.92148975887743,12.427083333333334,35,FLOOR CUSHION ELEPHANT CARNIVAL,1.3776503928482486,Long-Tail,Limit stock and avoid excessive local warehouse space
21631,169,896.01,6,28.166666666666668,45.37583791696487,11.159843137254903,27,HIPPY CHIC DECORATIVE PARASOL,1.6109764940934272,Regular,Maintain standard replenishment review
21632,88,489.7400000000001,2,44.0,8.48528137423857,8.554421052631579,24,VINTAGE PINK DECORATIVE PARASOL,0.1928473039599675,Regular,Maintain standard replenishment review
21633,125,895.46,9,13.88888888888889,22.03658574078823,11.803572984749456,42,SUNFLOWER DECORATIVE PARASOL,1.5866341733367524,Regular,Maintain standard replenishment review
21634,976,481.95,9,108.44444444444444,186.6066123634899,0.9657239057239058,28,ASSORTED MINI MADRAS NOTEBOOK,1.7207576959748043,Regular,Maintain standard replenishment review
21635,271,374.96,5,54.2,104.04422136764732,3.121,16,MADRAS NOTEBOOK LARGE,1.9196350805838989,Regular,Maintain standard replenishment review
21636,913,705.16,9,101.44444444444444,71.99324814020949,1.1759876543209875,73,MADRAS NOTEBOOK MEDIUM,0.7096815260261614,Regular,Maintain standard replenishment review
21637,109,136.25,5,21.8,14.703741020570241,1.25,6,ASSORTED SANSKRIT MINI NOTEBOOK,0.6744835330536808,Regular,Maintain standard replenishment review
21638,247,547.76,10,24.7,21.364820513066697,2.406688888888889,40,ASSORTED TUTTI FRUTTI NOTEBOOK,0.8649724904075586,Regular,Maintain standard replenishment review
21640,650,633.83,12,54.166666666666664,47.10883594658675,1.1337863756613757,78,ASSORTED TUTTI FRUTTI  FOB NOTEBOOK,0.869701586706217,Regular,Maintain standard replenishment review
21641,1153,451.59,10,115.3,197.80127513351485,1.1684666666666668,49,ASSORTED TUTTI FRUTTI KEYRING BALL,1.7155357773938842,Regular,Maintain standard replenishment review
21642,2471,830.7299999999999,11,224.63636363636363,273.62794913066637,0.6199393939393939,101,ASSORTED TUTTI FRUTTI PEN,1.2180928532728976,High-Turnover Volatile,Monitor closely and replenish in smaller batches
21643,550,743.31,12,45.833333333333336,30.00858463032123,1.694047619047619,60,ASSORTED TUTTI FRUTTI MIRROR,0.654732755570645,Regular,Maintain standard replenishment review
21644,215,268.75,11,19.545454545454547,17.901752072708618,1.25,32,ASSORTED TUTTI FRUTTI HEART BOX,0.9159035944176501,Regular,Maintain standard replenishment review
21647,107,224.70000000000002,8,13.375,11.734412152785012,2.1,25,ASSORTED TUTTI FRUTTI LARGE PURSE,0.8773392263764495,Regular,Maintain standard replenishment review
21648,729,982.79,12,60.75,75.20532500488852,1.666578042328042,66,ASSORTED TUTTI FRUTTI SMALL PURSE,1.237947736705984,Regular,Maintain standard replenishment review
21650,2550,692.85,11,231.8181818181818,143.43278438475505,0.5428644490439422,132,ASSORTED TUTTI FRUTTI BRACELET,0.6187296581303159,High-Turnover Stable,Keep stable local warehouse inventory
21651,127,198.57,3,42.333333333333336,63.81483631047981,1.7045833333333331,11,HANGING GLASS ETCHED TEALIGHT,1.5074370782003104,Regular,Maintain standard replenishment review
21654,974,504.68,10,97.4,115.4442626455632,1.065122222222222,59,RIDGED GLASS FINGER BOWL,1.1852593700776508,Regular,Maintain standard replenishment review
21655,36,60.84,2,18.0,8.48528137423857,1.69,2,HANGING RIDGE GLASS T-LIGHT HOLDER,0.4714045207910316,Long-Tail,Limit stock and avoid excessive local warehouse space
21656,219,444.58,6,36.5,31.411781229341326,2.208066378066378,47,RIDGED GLASS POSY VASE,0.8605967460093514,Regular,Maintain standard replenishment review
21657,30,223.46,3,10.0,6.557438524302,7.725703703703704,17,MILK BOTTLE WITH GLASS STOPPER,0.6557438524302001,Long-Tail,Limit stock and avoid excessive local warehouse space
21658,878,3709.78,9,97.55555555555556,50.33416114109559,5.832911658701712,212,GLASS  BEURRE DISH,0.5159538157971074,High-Revenue Priority,Prioritize inventory monitoring and avoid stockouts
21661,3,17.85,2,1.5,0.7071067811865476,5.95,3,VINTAGE GLASS TEA CADDY,0.47140452079103173,Long-Tail,Limit stock and avoid excessive local warehouse space
21662,86,557.3000000000001,8,10.75,18.744523009592506,7.274309523809524,26,VINTAGE GLASS COFFEE CADDY,1.743676559031861,Long-Tail,Limit stock and avoid excessive local warehouse space
21664,98,350.22,8,12.25,21.056047655178375,3.7435714285714288,18,RIDGED GLASS STORAGE JAR CREAM LID,1.7188610330757856,Regular,Maintain standard replenishment review
21666,412,283.51,12,34.333333333333336,26.137167313071917,0.8516157407407406,43,RIDGED GLASS T-LIGHT HOLDER,0.7612767178564636,Regular,Maintain standard replenishment review
21667,2,29.9,1,2.0,0.0,14.95,1,GLASS CAKE COVER AND PLATE,0.0,Long-Tail,Limit stock and avoid excessive local warehouse space
21668,5494,7481.16,13,422.61538461538464,200.5540402906984,1.7224870812215944,437,RED STRIPE CERAMIC DRAWER KNOB,0.47455451834347995,High-Revenue Priority,Prioritize inventory monitoring and avoid stockouts
21669,5252,7091.15,13,404.0,179.68166294867154,1.613698079518431,425,BLUE STRIPE CERAMIC DRAWER KNOB,0.4447565914571078,High-Revenue Priority,Prioritize inventory monitoring and avoid stockouts
21670,4328,6083.99,13,332.9230769230769,137.25976682824282,1.7600023096320432,374,BLUE SPOT CERAMIC DRAWER KNOB,0.41228673030664437,High-Revenue Priority,Prioritize inventory monitoring and avoid stockouts
21671,4402,6054.79,13,338.61538461538464,117.92479133013724,1.7652010588854457,369,RED SPOT CERAMIC DRAWER KNOB,0.34825585808536663,High-Revenue Priority,Prioritize inventory monitoring and avoid stockouts
21672,4992,6776.0,13,384.0,184.0470954221591,1.7802186701376477,409,WHITE SPOT RED CERAMIC DRAWER KNOB,0.47928931099520594,High-Revenue Priority,Prioritize inventory monitoring and avoid stockouts
21673,4372,6041.2,13,336.3076923076923,167.69038166383933,1.7231661698784317,365,WHITE SPOT BLUE CERAMIC DRAWER KNOB,0.49862190339201995,High-Revenue Priority,Prioritize inventory monitoring and avoid stockouts
21675,628,568.26,12,52.333333333333336,29.005746557076122,1.1871181644442512,110,BUTTERFLIES STICKERS,0.5542499342116456,Regular,Maintain standard replenishment review
21676,257,245.35999999999999,12,21.416666666666668,15.547337295167202,1.177541514041514,61,FLOWERS  STICKERS,0.7259457102801806,Regular,Maintain standard replenishment review
21677,835,737.8399999999999,13,64.23076923076923,40.137583896214295,1.048046637458402,119,HEARTS  STICKERS,0.6248965157494442,Regular,Maintain standard replenishment review
21678,125,111.86,12,10.416666666666666,8.016554840774901,1.0762407407407408,32,PAISLEY PATTERN  STICKERS,0.7695892647143906,Regular,Maintain standard replenishment review
21679,1140,1028.58,13,87.6923076923077,48.99555186508365,1.122148434898435,138,SKULLS  STICKERS,0.558721205479024,Regular,Maintain standard replenishment review
21680,868,786.31,13,66.76923076923077,57.259866465896586,1.1706278793670097,103,WOODLAND  STICKERS,0.8575786452265617,Regular,Maintain standard replenishment review
21681,2,19.9,1,2.0,0.0,9.95,2,GIANT MEDINA STAMPED METAL BOWL,0.0,Long-Tail,Limit stock and avoid excessive local warehouse space
21682,182,930.96,13,14.0,12.832251036613439,5.470269230769231,55,LARGE MEDINA STAMPED METAL BOWL,0.9165893597581027,Regular,Maintain standard replenishment review
21683,310,948.7,13,23.846153846153847,17.53019373274843,3.324656898656899,58,MEDIUM MEDINA STAMPED METAL BOWL,0.7351371565346115,Regular,Maintain standard replenishment review
21684,771,612.1,13,59.30769230769231,96.3789263060003,1.1576993006993006,47,SMALL MEDINA STAMPED METAL BOWL,1.6250662023061009,Regular,Maintain standard replenishment review
21686,35,1351.64,10,3.5,3.24037034920393,39.7678,20,MEDINA STAMPED METAL STOOL,0.9258200997725515,Long-Tail,Limit stock and avoid excessive local warehouse space
21688,348,1101.2800000000002,12,29.0,20.937135342821765,3.84271164021164,57,SILVER PLATE CANDLE BOWL SMALL,0.7219701842352333,Regular,Maintain standard replenishment review
21689,95,369.87,11,8.636363636363637,5.78399044384977,4.162727272727273,26,SILVER VANILLA  FLOWER CANDLE POT,0.669725209287868,Regular,Maintain standard replenishment review
21690,22,82.5,2,11.0,11.313708498984761,3.75,7,SILVER  CANDLEPOT JARDIN,1.02851895445316,Long-Tail,Limit stock and avoid excessive local warehouse space
21692,17,63.75,3,5.666666666666667,3.5118845842842465,3.75,7,SILVER LATTICE VANILLA CANDLE POT,0.6197443384031023,Long-Tail,Limit stock and avoid excessive local warehouse space
21693,361,1107.91,13,27.76923076923077,21.502534138072527,3.4943516483516484,50,SMALL HAMMERED SILVER CANDLEPOT,0.7743294841965176,Regular,Maintain standard replenishment review
21694,307,840.3299999999999,11,27.90909090909091,57.371516531210055,3.452909090909091,24,SMALL REGAL  SILVER CANDLEPOT,2.055656944115018,Regular,Maintain standard replenishment review
21695,284,857.6800000000001,13,21.846153846153847,20.448496904198745,3.38718315018315,41,SMALL SILVER FLOWER CANDLE POT,0.9360227456147312,Regular,Maintain standard replenishment review
21696,224,672.4000000000001,12,18.666666666666668,11.0233911077831,3.209722222222222,33,SMALL SILVER TRELLIS CANDLEPOT,0.5905388093455232,Regular,Maintain standard replenishment review
21698,296,164.17,11,26.90909090909091,21.82867172071881,1.0009772727272728,45,MOCK LOBSTER FRIDGE MAGNET,0.8112006382699557,Regular,Maintain standard replenishment review
21700,1726,2334.9399999999996,13,132.76923076923077,94.4317688829293,3.0065600406852675,198,BIG DOUGHNUT FRIDGE MAGNETS,0.7112473901958754,Regular,Maintain standard replenishment review
21703,9390,3528.89,13,722.3076923076923,545.6586821776938,0.48524810552389874,294,BAG 125G SWIRLY MARBLES,0.755438005144837,High-Revenue Priority,Prioritize inventory monitoring and avoid stockouts
21704,5144,4039.2799999999997,13,395.6923076923077,202.9960527594008,0.9578943581470107,248,BAG 250G SWIRLY MARBLES,0.5130149078289679,High-Revenue Priority,Prioritize inventory monitoring and avoid stockouts
21705,1459,1462.1699999999998,13,112.23076923076923,220.01369421248677,1.868539618146109,141,BAG 500G SWIRLY MARBLES,1.9603687626883675,Regular,Maintain standard replenishment review
21706,346,1616.81,13,26.615384615384617,19.56416137370601,5.366695526695527,120,FOLDING UMBRELLA RED/WHITE POLKADOT,0.7350696469889542,Regular,Maintain standard replenishment review
21707,160,763.66,12,13.333333333333334,8.866005899279596,5.123153273809524,74,FOLDING UMBRELLA BLACKBLUE POLKADOT,0.6649504424459697,Regular,Maintain standard replenishment review
21708,190,863.11,11,17.272727272727273,12.720777563426767,5.167239623121976,64,FOLDING UMBRELLA CREAM POLKADOT,0.7364660694615496,Regular,Maintain standard replenishment review
21709,133,607.23,12,11.083333333333334,7.993842327161271,4.901018518518518,59,FOLDING UMBRELLA CHOCOLATE POLKADOT,0.7212489317739492,Regular,Maintain standard replenishment review
21710,107,501.98,11,9.727272727272727,6.034747866993435,4.912794372294372,45,FOLDING UMBRELLA PINKWHITE POLKADOT,0.6203946405320354,Regular,Maintain standard replenishment review
21711,104,513.0200000000001,11,9.454545454545455,11.192529976405124,5.481950216450216,36,FOLDING UMBRELLA WHITE/RED POLKADOT,1.1838252859659266,Regular,Maintain standard replenishment review
21713,786,1817.74,13,60.46153846153846,59.57993983522668,2.7177143799670116,157,CITRONELLA CANDLE FLOWERPOT,0.9854188522365737,Regular,Maintain standard replenishment review
21714,1651,3010.65,13,127.0,107.29942528581721,2.0391254631978977,225,CITRONELLA CANDLE GARDEN POT,0.8448773644552536,Regular,Maintain standard replenishment review
21715,1330,3507.1699999999996,13,102.3076923076923,72.51480839040696,3.419074953930217,231,GIRLS VINTAGE TIN SEASIDE BUCKET,0.7087913602069853,High-Revenue Priority,Prioritize inventory monitoring and avoid stockouts
21716,1425,3872.92,13,109.61538461538461,79.81075372565034,3.5283114778040354,244,BOYS VINTAGE TIN SEASIDE BUCKET,0.7280981041638277,High-Revenue Priority,Prioritize inventory monitoring and avoid stockouts
21717,408,946.9300000000001,4,102.0,94.70304465362592,2.7292434210526313,41,EASTER TIN BUCKET,0.9284612220943718,Regular,Maintain standard replenishment review
21718,1493,2113.39,13,114.84615384615384,114.95712690234141,1.7620608844213494,229,RED METAL BEACH SPADE,1.000966275773904,Regular,Maintain standard replenishment review
21719,345,307.44,13,26.53846153846154,17.737039327423396,1.073923076923077,58,LOVELY BONBON STICKER SHEET,0.6683522065405917,Regular,Maintain standard replenishment review
21720,57,48.45,6,9.5,5.319774431308154,0.85,8,CAKE SHOP  STICKER SHEET,0.5599762559271741,Long-Tail,Limit stock and avoid excessive local warehouse space
21721,195,179.45999999999998,10,19.5,22.242351993937653,1.0118571428571428,33,CANDY SHOP  STICKER SHEET,1.1406334355865464,Regular,Maintain standard replenishment review
21722,98,95.52999999999999,12,8.166666666666666,8.462036433746938,1.1128333333333333,36,SWEET PUDDING STICKER SHEET,1.0361677265812579,Regular,Maintain standard replenishment review
21723,397,350.08,13,30.53846153846154,31.745381250966744,1.1078681318681318,59,ALPHABET HEARTS STICKER SHEET,1.0395213004094903,Regular,Maintain standard replenishment review
21724,408,355.83,13,31.384615384615383,23.038151190067538,0.981554945054945,81,PANDA AND BUNNIES STICKER SHEET,0.7340587388992108,Regular,Maintain standard replenishment review
21725,301,277.24,12,25.083333333333332,22.805335632990218,1.0905833333333332,50,SWEETIES  STICKERS,0.9091828159331649,Regular,Maintain standard replenishment review
21726,237,204.69,12,19.75,24.465653104263986,0.88,42,MULTI HEARTS  STICKERS,1.2387672457855183,Regular,Maintain standard replenishment review
21730,517,2514.4300000000003,13,39.76923076923077,56.322218597036,5.332995421245422,131,GLASS STAR FROSTED T-LIGHT HOLDER,1.4162259995386228,Regular,Maintain standard replenishment review
21731,14001,23919.78,13,1077.0,606.6220679577469,2.414861293288263,849,RED TOADSTOOL LED NIGHT LIGHT,0.5632516879830519,High-Revenue Priority,Prioritize inventory monitoring and avoid stockouts
21733,7872,23199.24,13,605.5384615384615,482.6538814002942,3.177956517830615,741,RED HANGING HEART T-LIGHT HOLDER,0.7970656069872745,High-Revenue Priority,Prioritize inventory monitoring and avoid stockouts
21735,212,2577.45,10,21.2,8.58681159297986,12.503035714285714,83,TWO DOOR CURIO CABINET,0.40503828268772923,Regular,Maintain standard replenishment review
21736,80,137.22,5,16.0,13.2664991614216,1.7580000000000002,5,GOLD SCROLL GLASS T-LIGHT HOLDER,0.82915619758885,Long-Tail,Limit stock and avoid excessive local warehouse space
21738,46,144.57999999999998,8,5.75,9.910312089651148,3.035384615384616,21,COSY SLIPPER SHOES SMALL  RED,1.7235325373306345,Long-Tail,Limit stock and avoid excessive local warehouse space
21739,254,703.08,10,25.4,21.093442898999047,3.171295590532433,111,COSY SLIPPER SHOES SMALL GREEN,0.8304505078346082,Regular,Maintain standard replenishment review
21741,147,480.17,9,16.333333333333332,23.05970511520041,3.8301851851851856,40,COSY SLIPPER SHOES LARGE GREEN,1.4118186805224742,Regular,Maintain standard replenishment review
21742,194,1167.58,13,14.923076923076923,17.08050320522173,6.151730769230769,91,LARGE ROUND WICKER PLATTER,1.1445698024117654,Regular,Maintain standard replenishment review
21743,299,887.65,10,29.9,57.35939330223081,4.096678260869565,49,STAR PORTABLE TABLE LIGHT,1.9183743579341408,Regular,Maintain standard replenishment review
21744,529,1557.65,8,66.125,91.80948830516998,3.4671683420745922,127,SNOWFLAKE PORTABLE TABLE LIGHT,1.388423263594253,Regular,Maintain standard replenishment review
21745,935,3475.73,13,71.92307692307692,30.92049357751139,3.9945463955241647,214,GAOLERS KEYS DECORATIVE GARDEN,0.4299106058905327,High-Revenue Priority,Prioritize inventory monitoring and avoid stockouts
21746,3075,3766.9300000000003,12,256.25,227.89476239543708,1.5858338598128172,226,SMALL RED RETROSPOT WINDMILL,0.8893454142260959,High-Revenue Priority,Prioritize inventory monitoring and avoid stockouts
21747,485,645.61,12,40.416666666666664,43.12657550920911,1.5488102453102452,54,SMALL SKULL WINDMILL,1.0670492909495037,Regular,Maintain standard replenishment review
21749,1963,3877.09,12,163.58333333333334,241.27444137456015,2.603291215728716,140,LARGE RED RETROSPOT WINDMILL,1.4749329070273671,High-Revenue Priority,Prioritize inventory monitoring and avoid stockouts
21750,90,207.51000000000002,9,10.0,9.300537618869138,2.9171296296296294,24,LARGE SKULL WINDMILL,0.9300537618869138,Regular,Maintain standard replenishment review
21754,2759,16923.47,13,212.23076923076923,77.19472547412578,6.675558951241386,777,HOME BUILDING BLOCK WORD,0.36373013090381845,High-Revenue Priority,Prioritize inventory monitoring and avoid stockouts
21755,2011,12435.86,13,154.69230769230768,70.40405364203662,6.756847126969595,629,LOVE BUILDING BLOCK WORD,0.455123171231465,High-Revenue Priority,Prioritize inventory monitoring and avoid stockouts
21756,809,5006.26,13,62.23076923076923,27.19115617915087,6.594171463125614,270,BATH BUILDING BLOCK WORD,0.4369407049801746,High-Revenue Priority,Prioritize inventory monitoring and avoid stockouts
21757,6,29.700000000000003,2,3.0,1.4142135623730951,4.95,3,LIGHTHOUSE PRINTED METAL SIGN,0.47140452079103173,Long-Tail,Limit stock and avoid excessive local warehouse space
21758,50,427.46,12,4.166666666666667,3.186144245246149,9.975430555555556,32,VINTAGE SHELLS PRINT,0.7646746188590756,Long-Tail,Limit stock and avoid excessive local warehouse space
21761,10,299.5,9,1.1111111111111112,0.3333333333333333,29.950000000000003,10,WOOD AND GLASS MEDICINE CABINET,0.3,Long-Tail,Limit stock and avoid excessive local warehouse space
21763,6,169.75,3,2.0,1.0,26.633333333333336,4,VINTAGE WOODEN BAR STOOL,0.5,Long-Tail,Limit stock and avoid excessive local warehouse space
21769,11,607.6500000000001,1,11.0,0.0,66.36,2,VINTAGE POST OFFICE CABINET,0.0,Long-Tail,Limit stock and avoid excessive local warehouse space
21770,1638,7923.93,10,163.8,148.27886640456296,5.496114242031987,388,OPEN CLOSED METAL SIGN,0.9052433846432415,High-Revenue Priority,Prioritize inventory monitoring and avoid stockouts
21773,1170,1154.17,13,90.0,143.5206140826699,1.95409836132702,163,DECORATIVE ROSE BATHROOM BOTTLE,1.5946734898074435,Regular,Maintain standard replenishment review
21774,1095,1152.4,13,84.23076923076923,115.02909330987663,2.0321993978243977,186,DECORATIVE CATS BATHROOM BOTTLE,1.3656422036789007,Regular,Maintain standard replenishment review
21775,515,716.86,13,39.61538461538461,49.44279263542608,1.9902026803324881,139,DECORATIVE FLORE BATHROOM BOTTLE,1.2480704937097846,Regular,Maintain standard replenishment review
21777,12,95.4,1,12.0,0.0,7.95,6,RECIPE BOX WITH METAL HEART,0.0,Long-Tail,Limit stock and avoid excessive local warehouse space
21781,168,2661.7999999999997,8,21.0,7.727501906456298,16.655080232632862,101,MA CAMPAGNE CUTLERY BOX,0.3679762812598237,Regular,Maintain standard replenishment review
21784,57,633.0699999999999,10,5.7,6.498717822257967,10.965723076923076,44,SHOE SHINE BOX,1.1401259337294678,Long-Tail,Limit stock and avoid excessive local warehouse space
21785,411,268.76,3,137.0,233.82899734635137,0.8733333333333334,5,RAIN PONCHO,1.7067810025281123,Regular,Maintain standard replenishment review
21786,1937,916.99,13,149.0,108.50038402389796,0.662575572295516,226,POLKADOT RAIN HAT,0.7281904968046843,High-Turnover Stable,Keep stable local warehouse inventory
21787,8875,7161.1,13,682.6923076923077,726.2945206796143,1.0765146587423318,243,RAIN PONCHO RETROSPOT,1.063868030291266,High-Revenue Priority,Prioritize inventory monitoring and avoid stockouts
21788,1293,1029.24,13,99.46153846153847,63.167258640078444,0.9085897435897435,85,KIDS RAIN MAC BLUE,0.6350923142467283,Regular,Maintain standard replenishment review
21789,925,803.65,13,71.15384615384616,50.55499670960026,0.9657415469146239,92,KIDS RAIN MAC PINK,0.7105026564592468,Regular,Maintain standard replenishment review
21790,14521,12510.009999999998,13,1117.0,721.687259136532,1.027035312462427,926,VINTAGE SNAP CARDS,0.6460942337838246,High-Revenue Priority,Prioritize inventory monitoring and avoid stockouts
21791,7864,10504.4,13,604.9230769230769,406.2553510495711,1.5054344629445084,607,VINTAGE HEADS AND TAILS CARD GAME,0.6715818366790978,High-Revenue Priority,Prioritize inventory monitoring and avoid stockouts
21792,344,1497.72,9,38.22222222222222,54.55450892863434,6.113637426900585,76,CLASSIC FRENCH STYLE BASKET GREEN,1.4272981987142705,Regular,Maintain standard replenishment review
21793,304,1296.61,13,23.384615384615383,21.712279404131593,5.239243256743257,74,CLASSIC FRENCH STYLE BASKET BROWN,0.9284856324135221,Regular,Maintain standard replenishment review
21794,522,2213.42,11,47.45454545454545,45.1361576485275,6.00304132231405,106,CLASSIC FRENCH STYLE BASKET NATURAL,0.9511450845475145,Regular,Maintain standard replenishment review
21801,1251,530.26,10,125.1,174.00539582949082,0.4211833333333333,125,CHRISTMAS TREE DECORATION WITH BELL,1.3909304222980883,Regular,Maintain standard replenishment review
21802,2122,919.14,12,176.83333333333334,204.38503473650516,0.4434551089076951,180,CHRISTMAS TREE HEART DECORATION,1.1558060399802366,High-Turnover Volatile,Monitor closely and replenish in smaller batches
21803,2353,1016.02,12,196.08333333333334,239.83989293364905,0.45313035918492567,198,CHRISTMAS TREE STAR DECORATION,1.2231528751397316,High-Turnover Volatile,Monitor closely and replenish in smaller batches
21804,225,830.03,5,45.0,55.281099844341014,3.929738888888889,65,WHITE CHRISTMAS GARLAND STARS TREES,1.2284688854298003,Regular,Maintain standard replenishment review
21807,438,189.0,7,62.57142857142857,82.25743561700494,0.4911229946524064,30,WHITE CHRISTMAS STAR DECORATION,1.3146165509567,Regular,Maintain standard replenishment review
21808,180,637.83,7,25.714285714285715,26.781301223766093,3.6660204081632655,48,"CHRISTMAS GARLAND STARS,TREES",1.0414950475909035,Regular,Maintain standard replenishment review
21809,1964,1117.92,9,218.22222222222223,321.5632821769993,1.139573112073112,117,CHRISTMAS HANGING TREE WITH BELL,1.4735588287133368,High-Turnover Volatile,Monitor closely and replenish in smaller batches
21810,5840,2981.84,9,648.8888888888889,1048.8187932675078,1.1794350623833383,252,CHRISTMAS HANGING STAR WITH BELL,1.6163303320903373,High-Turnover Volatile,Monitor closely and replenish in smaller batches
21811,4850,2682.3999999999996,12,404.1666666666667,661.2655680701602,1.6232991464751425,245,CHRISTMAS HANGING HEART WITH BELL,1.6361209931632827,High-Turnover Volatile,Monitor closely and replenish in smaller batches
21812,393,1746.27,13,30.23076923076923,43.827605163401,6.387573877735169,100,GARLAND WITH HEARTS AND BELLS,1.449768109730822,Regular,Maintain standard replenishment review
21813,549,2280.4700000000003,9,61.0,65.0807191109625,5.489990262055731,112,GARLAND WITH STARS AND BELLS,1.0668970346059428,Regular,Maintain standard replenishment review
21814,74,111.76999999999998,6,12.333333333333334,15.279616051022574,1.7783333333333333,15,HEART T-LIGHT HOLDER,1.2388877879207492,Long-Tail,Limit stock and avoid excessive local warehouse space
21815,158,270.23,8,19.75,23.08833966684111,1.9009807692307692,29,STAR  T-LIGHT HOLDER,1.169029856548917,Regular,Maintain standard replenishment review
21816,33,47.849999999999994,4,8.25,5.188127472091127,1.45,7,CHRISTMAS TREE T-LIGHT HOLDER,0.6288639360110456,Long-Tail,Limit stock and avoid excessive local warehouse space
21817,906,410.91,5,181.2,188.90394384448408,0.6465262145262145,58,GLITTER CHRISTMAS TREE,1.0425162463823625,Regular,Maintain standard replenishment review
21818,2737,1320.41,12,228.08333333333334,374.5007484719631,0.9615816080055212,163,GLITTER CHRISTMAS HEART,1.641947015587708,High-Turnover Volatile,Monitor closely and replenish in smaller batches
21819,2470,1066.6499999999999,8,308.75,491.3682791087411,0.7754291056166056,124,GLITTER CHRISTMAS STAR,1.5914762076396474,High-Turnover Volatile,Monitor closely and replenish in smaller batches
21820,329,1368.47,12,27.416666666666668,40.77757479375896,5.616423611111112,90,GLITTER HEART GARLAND WITH BELLS,1.4873279560033663,Regular,Maintain standard replenishment review
21821,251,1037.05,8,31.375,40.36949874065107,5.198676470588236,62,GLITTER STAR GARLAND WITH BELLS,1.286677250698042,Regular,Maintain standard replenishment review
21822,698,719.3000000000001,5,139.6,171.2915642990045,1.5899433497536946,97,GLITTER CHRISTMAS TREE WITH BELLS,1.2270169362392873,Regular,Maintain standard replenishment review
21823,1372,854.3499999999999,11,124.72727272727273,245.60541154831705,1.5253636363636363,97,PAINTED METAL HEART WITH HOLLY BELL,1.9691395969617256,Regular,Maintain standard replenishment review
21824,1916,1102.4199999999998,7,273.7142857142857,378.02544635941916,1.3816971310263235,117,PAINTED METAL STAR WITH HOLLY BELLS,1.3810950545490261,High-Turnover Volatile,Monitor closely and replenish in smaller batches
21826,125,185.18,4,31.25,24.18505047889433,1.4993640350877193,35,EIGHT PIECE DINOSAUR SET,0.7739216153246186,Regular,Maintain standard replenishment review
21827,6,7.5,2,3.0,2.8284271247461903,1.25,3,EIGHT PIECE CREEPY CRAWLIE SET,0.9428090415820635,Long-Tail,Limit stock and avoid excessive local warehouse space
21828,330,435.79,13,25.384615384615383,22.7542613647732,1.469642419175028,84,EIGHT PIECE SNAKE  SET,0.8963799931577322,Regular,Maintain standard replenishment review
21829,6765,1460.74,11,615.0,243.62881602963148,0.2628874574623237,177,DINOSAUR KEYRINGS ASSORTED,0.39614441630834385,High-Turnover Stable,Keep stable local warehouse inventory
21830,2621,1107.07,12,218.41666666666666,121.66082385306314,0.4915557960557961,99,ASSORTED CREEPY CRAWLIES,0.5570125472097511,High-Turnover Stable,Keep stable local warehouse inventory
21832,954,1790.1,13,73.38461538461539,49.370265108900085,2.2314656740946335,198,CHOCOLATE CALCULATOR,0.6727604260122653,Regular,Maintain standard replenishment review
21833,2726,4594.43,13,209.69230769230768,156.53774018607814,1.9729402371507636,168,CAMOUFLAGE LED TORCH,0.746511600300446,High-Revenue Priority,Prioritize inventory monitoring and avoid stockouts
21836,5,26.49,2,2.5,0.7071067811865476,4.7175,3,GINGHAM OVEN GLOVE RED HEART,0.282842712474619,Long-Tail,Limit stock and avoid excessive local warehouse space
21839,1,5.45,1,1.0,0.0,5.45,1,MUMMY MOUSE RED GINGHAM RIBBON,0.0,Long-Tail,Limit stock and avoid excessive local warehouse space
21841,73,310.25,7,10.428571428571429,13.962534904249335,4.25,21,BABY MOUSE RED GINGHAM DRESS,1.3388732099965115,Long-Tail,Limit stock and avoid excessive local warehouse space
21843,2012,21354.3,13,154.76923076923077,98.46586028175268,12.668797184248188,539,RED RETROSPOT CAKE STAND,0.6362108268701714,High-Revenue Priority,Prioritize inventory monitoring and avoid stockouts
21844,1847,5167.69,13,142.07692307692307,86.936242479246,3.2407725526834836,156,RED RETROSPOT MUG,0.611895588646561,High-Revenue Priority,Prioritize inventory monitoring and avoid stockouts
21845,1906,1720.3000000000002,12,158.83333333333334,134.15515666796435,1.501666666666667,82,DAIRY MAID STRIPE MUG,0.8446284784971522,High-Turnover Stable,Keep stable local warehouse inventory
21846,424,1206.97,12,35.333333333333336,65.09480265991543,4.9269788069865195,103,PINK DIAMANTE PEN IN GIFT BOX,1.8423057356579837,Regular,Maintain standard replenishment review
21847,76,178.89,9,8.444444444444445,16.83085790379616,4.188296296296296,33,GREEN  DIAMANTE PEN IN GIFT BOX,1.9931279096600718,Long-Tail,Limit stock and avoid excessive local warehouse space
21849,173,548.9300000000001,12,14.416666666666666,20.424843755197795,4.480660220627326,66,SILVER DIAMANTE PEN IN GIFT BOX,1.4167521679905986,Regular,Maintain standard replenishment review
21850,129,488.13,11,11.727272727272727,15.020591926358355,4.758957759412305,54,BLUE  DIAMANTE PEN IN GIFT BOX,1.2808256681390846,Regular,Maintain standard replenishment review
21851,141,454.99,13,10.846153846153847,15.3125555990618,4.852403846153846,63,LILAC DIAMANTE PEN IN GIFT BOX,1.411795906296478,Regular,Maintain standard replenishment review
21864,828,2041.69,13,63.69230769230769,50.117170403273654,2.8849485718529837,184,UNION JACK FLAG PASSPORT COVER,0.7868637865248279,Regular,Maintain standard replenishment review
21865,271,618.9300000000001,13,20.846153846153847,12.273590576560132,2.6771023122176967,106,PINK UNION JACK  PASSPORT COVER,0.5887700276578661,Regular,Maintain standard replenishment review
21866,747,1292.38,13,57.46153846153846,27.244618381787454,1.9011678610975171,193,UNION JACK FLAG LUGGAGE TAG,0.47413659834436,Regular,Maintain standard replenishment review
21867,348,480.25,13,26.76923076923077,15.094998322589321,1.6161761294261294,121,PINK UNION JACK  LUGGAGE TAG,0.5638936154990264,Regular,Maintain standard replenishment review
21868,2477,3259.75,13,190.53846153846155,140.4158202059247,2.1632006224202462,302,POTTING SHED TEA MUG,0.7369421326915708,High-Revenue Priority,Prioritize inventory monitoring and avoid stockouts
21870,1407,1851.46,8,175.875,151.60421922134717,1.8149868012422359,163,I CAN ONLY PLEASE ONE PERSON MUG,0.8619998249969988,Regular,Maintain standard replenishment review
21871,5453,6679.5599999999995,13,419.46153846153845,303.72235550049527,1.8352245106116287,357,SAVE THE PLANET MUG,0.7240767690274048,High-Revenue Priority,Prioritize inventory monitoring and avoid stockouts
21872,1292,1454.98,13,99.38461538461539,127.76119550522012,1.6381879810472928,142,GLAMOROUS  MUG,1.2855228649906048,Regular,Maintain standard replenishment review
21873,1618,1834.3,13,124.46153846153847,191.3502963087225,1.5970925324675325,116,IF YOU CAN'T STAND THE HEAT MUG,1.5374251248537654,Regular,Maintain standard replenishment review
21874,2974,4141.18,13,228.76923076923077,258.6471708222593,1.938841517002617,295,GIN AND TONIC MUG,1.1306029659345564,High-Revenue Priority,Prioritize inventory monitoring and avoid stockouts
21875,2055,2429.38,13,158.07692307692307,203.5253716937447,1.793706247868191,148,KINGS CHOICE MUG,1.2875084340723508,High-Turnover Volatile,Monitor closely and replenish in smaller batches
21876,3789,4825.36,13,291.46153846153845,247.37475463508645,2.030447323459476,333,POTTERING MUG,0.8487389311839862,High-Revenue Priority,Prioritize inventory monitoring and avoid stockouts
21877,5411,6932.78,13,416.2307692307692,436.5213156013793,1.708456253198802,349,HOME SWEET HOME MUG,1.048748309520963,High-Revenue Priority,Prioritize inventory monitoring and avoid stockouts
21878,2523,2172.2,13,194.07692307692307,192.2509044358706,1.1491654456654457,224,PACK OF 6 SANDCASTLE FLAGS ASSORTED,0.990591263442853,High-Turnover Stable,Keep stable local warehouse inventory
21879,1176,385.47,13,90.46153846153847,191.7514082454222,0.8223794347170306,94,HEARTS GIFT TAPE,2.1197009414885106,Regular,Maintain standard replenishment review
21880,1903,858.7800000000001,13,146.3846153846154,133.17753718347703,0.4915961150412507,240,RED RETROSPOT TAPE,0.9097782361456654,High-Turnover Stable,Keep stable local warehouse inventory
21881,1102,383.11,13,84.76923076923077,123.07731570450194,0.8608041958041958,79,CUTE CATS TAPE,1.4519102578571008,Regular,Maintain standard replenishment review
21882,704,251.17000000000002,11,64.0,106.43307756520056,0.8410936955764541,70,SKULLS TAPE,1.6630168369562588,Regular,Maintain standard replenishment review
21883,1653,725.4200000000001,13,127.15384615384616,212.12922404116716,0.7398698176509263,133,STARS GIFT TAPE,1.6682879083697355,Regular,Maintain standard replenishment review
21884,1166,413.76000000000005,13,89.6923076923077,126.95825075944231,0.9812747252747253,93,CAKES AND BOWS GIFT  TAPE,1.4154865007484991,Regular,Maintain standard replenishment review
21888,1688,6659.54,13,129.84615384615384,111.53388584778929,4.846521552561198,378,BINGO SET,0.8589695000125953,High-Revenue Priority,Prioritize inventory monitoring and avoid stockouts
21889,6390,8847.29,13,491.53846153846155,395.85869014599456,1.5805358951767443,587,WOODEN BOX OF DOMINOES,0.8053463179808966,High-Revenue Priority,Prioritize inventory monitoring and avoid stockouts
21890,1147,3674.1099999999997,13,88.23076923076923,62.10898196739052,3.7938106717819977,231,S/6 WOODEN SKITTLES IN COTTON BAG,0.7039378950096572,High-Revenue Priority,Prioritize inventory monitoring and avoid stockouts
21891,8130,10504.85,13,625.3846153846154,336.84653737806144,1.5716110227182107,425,TRADITIONAL WOODEN SKIPPING ROPE,0.5386229994975152,High-Revenue Priority,Prioritize inventory monitoring and avoid stockouts
21892,3192,4317.16,13,245.53846153846155,150.07698878942955,1.5911555395209893,412,TRADITIONAL WOODEN CATCH CUP GAME,0.6112158064732406,High-Revenue Priority,Prioritize inventory monitoring and avoid stockouts
21894,592,902.08,13,45.53846153846154,25.19462702183207,1.7071620879120881,130,POTTING SHED SEED ENVELOPES,0.5532603906821231,Regular,Maintain standard replenishment review
21895,2,12.72,1,2.0,0.0,6.36,2,POTTING SHED SOW 'N' GROW SET,0.0,Long-Tail,Limit stock and avoid excessive local warehouse space
21896,980,2272.79,13,75.38461538461539,138.27059127036526,2.4571736596736597,110,POTTING SHED TWINE,1.8342017209334167,Regular,Maintain standard replenishment review
21897,405,1268.1899999999998,3,135.0,181.51859408887015,3.85,3,POTTING SHED CANDLE CITRONELLA,1.3445821784360752,Regular,Maintain standard replenishment review
21898,493,1541.11,3,164.33333333333334,206.33548733393715,2.766875,25,POTTING SHED ROSE CANDLE,1.2555912008150334,Regular,Maintain standard replenishment review
21899,2679,1757.9700000000003,13,206.07692307692307,200.7753560319184,0.8729632371676905,278,"KEY FOB , GARAGE DESIGN",0.9742738441265171,High-Turnover Stable,Keep stable local warehouse inventory
21900,3228,2197.17,13,248.30769230769232,230.07150504983755,0.9500494753974759,372,"KEY FOB , SHED",0.9265581058388749,High-Turnover Stable,Keep stable local warehouse inventory
21901,1828,1277.89,13,140.6153846153846,48.86296904190066,0.894017939229994,308,"KEY FOB , BACK DOOR",0.34749376233299156,Regular,Maintain standard replenishment review
21902,1962,1262.3700000000001,13,150.92307692307693,164.72424509791182,0.8909697166240391,210,"KEY FOB , FRONT  DOOR",1.0914450490687326,High-Turnover Volatile,Monitor closely and replenish in smaller batches
21903,1160,2490.13,13,89.23076923076923,41.95663206644421,2.4346612034688957,180,MAN FLU METAL SIGN,0.470203635227392,Regular,Maintain standard replenishment review
21904,50,105.0,6,8.333333333333334,5.428320796219275,2.1,23,HOUSE WRECKING METAL SIGN,0.6513984955463129,Long-Tail,Limit stock and avoid excessive local warehouse space
21905,760,821.61,13,58.46153846153846,47.41943234690356,1.5739013986013985,160,MORE BUTTER METAL SIGN,0.8111218690917715,Regular,Maintain standard replenishment review
21906,581,4470.81,13,44.69230769230769,47.94681882979762,9.531948045715165,173,PHARMACIE FIRST AID TIN,1.072820386897365,High-Revenue Priority,Prioritize inventory monitoring and avoid stockouts
21907,2371,5027.18,13,182.3846153846154,95.2466433892716,2.3206887197499495,367,I'M ON HOLIDAY METAL SIGN,0.5222295926025013,High-Revenue Priority,Prioritize inventory monitoring and avoid stockouts
21908,3771,7752.22,13,290.0769230769231,140.66062084467796,2.5260152351981304,468,CHOCOLATE THIS WAY METAL SIGN,0.48490800079045704,High-Revenue Priority,Prioritize inventory monitoring and avoid stockouts
21910,36,59.39999999999999,3,12.0,16.46207763315433,1.6499999999999997,8,WAY OUT METAL SIGN,1.3718398027628609,Long-Tail,Limit stock and avoid excessive local warehouse space
21911,114,203.20999999999998,5,22.8,17.81010948871455,2.3149571428571427,29,GARDEN METAL SIGN,0.781145153013796,Regular,Maintain standard replenishment review
21912,1786,7047.7,13,137.3846153846154,76.04882035194943,4.9521874944425655,396,VINTAGE SNAKES & LADDERS,0.5535468446670451,High-Revenue Priority,Prioritize inventory monitoring and avoid stockouts
21913,398,1565.83,13,30.615384615384617,19.538587724203875,4.492811026580258,148,VINTAGE SEASIDE JIGSAW PUZZLES,0.6381950764187195,Regular,Maintain standard replenishment review
21914,7876,10339.810000000001,13,605.8461538461538,381.24092254851263,1.4095547212664619,603,BLUE HARMONICA IN BOX,0.6292701870404602,High-Revenue Priority,Prioritize inventory monitoring and avoid stockouts
21915,21903,26294.08,13,1684.8461538461538,1052.2884463677126,1.395066062599009,661,RED  HARMONICA IN BOX,0.6245605534757916,High-Revenue Priority,Prioritize inventory monitoring and avoid stockouts
21916,4599,1973.49,13,353.7692307692308,256.76258613946396,0.5446221043141706,359,SET 12 RETRO WHITE CHALK STICKS,0.725791176302029,High-Turnover Stable,Keep stable local warehouse inventory
21917,4151,1701.9299999999998,13,319.3076923076923,188.7513287438372,0.5050823329720389,225,SET 12 KIDS  WHITE CHALK STICKS,0.5911267823825304,High-Turnover Stable,Keep stable local warehouse inventory
21918,7199,2950.25,13,553.7692307692307,365.7278482346661,0.5175262288286036,369,SET 12 KIDS COLOUR  CHALK STICKS,0.6604336751008001,High-Turnover Stable,Keep stable local warehouse inventory
21922,898,6944.36,13,69.07692307692308,86.89789174510271,9.794241165084996,208,UNION STRIPE WITH FRINGE  HAMMOCK,1.2579872969781016,High-Revenue Priority,Prioritize inventory monitoring and avoid stockouts
21925,403,503.75,13,31.0,23.19123397608099,1.25,65,UNION STRIPE CUSHION COVER,0.7481043218090642,Regular,Maintain standard replenishment review
21926,414,509.9,12,34.5,24.340389180424896,1.2480208333333334,60,RED/CREAM STRIPE CUSHION COVER,0.7055185269688375,Regular,Maintain standard replenishment review
21927,623,771.15,13,47.92307692307692,28.520348111659793,1.2487820512820513,99,BLUE/CREAM STRIPE CUSHION COVER,0.5951276491999636,Regular,Maintain standard replenishment review
21928,10468,21144.41,13,805.2307692307693,325.40722022468856,2.6925660919543257,806,JUMBO BAG SCANDINAVIAN PAISLEY,0.4041167236263805,High-Revenue Priority,Prioritize inventory monitoring and avoid stockouts
21929,11006,23179.06,13,846.6153846153846,413.5596568133668,2.6925513871744613,865,JUMBO BAG PINK VINTAGE PAISLEY,0.4884858748476984,High-Revenue Priority,Prioritize inventory monitoring and avoid stockouts
21930,6438,14006.2,13,495.2307692307692,255.50999779726618,2.7888838771311915,705,JUMBO STORAGE BAG SKULLS,0.5159412816658062,High-Revenue Priority,Prioritize inventory monitoring and avoid stockouts
21931,13651,30764.010000000002,13,1050.076923076923,345.301670412617,2.7379931354044844,1184,JUMBO STORAGE BAG SUKI,0.328834643276245,High-Revenue Priority,Prioritize inventory monitoring and avoid stockouts
21932,2720,4995.38,13,209.23076923076923,220.49306634833732,2.473929913584513,446,SCANDINAVIAN PAISLEY PICNIC BAG,1.053827155341318,High-Revenue Priority,Prioritize inventory monitoring and avoid stockouts
21933,2672,4957.43,13,205.53846153846155,241.15334519229853,2.4164305818820178,410,PINK VINTAGE PAISLEY PICNIC BAG,1.1732760058008536,High-Revenue Priority,Prioritize inventory monitoring and avoid stockouts
21934,2421,4480.28,13,186.23076923076923,107.98005513840188,2.211381229286461,411,SKULL SHOULDER BAG,0.57981855299431,High-Revenue Priority,Prioritize inventory monitoring and avoid stockouts
21935,3393,6298.61,13,261.0,128.86297632239706,2.3749703931466595,530,SUKI  SHOULDER BAG,0.4937278786298738,High-Revenue Priority,Prioritize inventory monitoring and avoid stockouts
21936,3985,11665.189999999999,13,306.53846153846155,320.2841486827531,3.880018892598665,531,RED RETROSPOT PICNIC BAG,1.044841639366572,High-Revenue Priority,Prioritize inventory monitoring and avoid stockouts
21937,1707,4898.85,9,189.66666666666666,188.6186629154178,3.4267435634370904,251,STRAWBERRY   PICNIC BAG,0.9944744969178443,High-Revenue Priority,Prioritize inventory monitoring and avoid stockouts
21942,287,313.01,12,23.916666666666668,22.86107582505224,1.2681967936747347,103,SKULLS DESIGN FLANNEL,0.9558637975631598,Regular,Maintain standard replenishment review
21943,119,134.49,12,9.916666666666666,8.36071259830854,1.3046190476190476,50,CAKES AND RABBITS DESIGN FLANNEL,0.8430970687369956,Regular,Maintain standard replenishment review
21944,337,310.19,12,28.083333333333332,20.947806712412785,1.2541486923005802,100,KITTENS DESIGN FLANNEL,0.7459159660206333,Regular,Maintain standard replenishment review
21945,358,373.34,12,29.833333333333332,23.8397427279183,1.2500045093795094,105,STRAWBERRIES  DESIGN FLANNEL,0.7990975216062,Regular,Maintain standard replenishment review
21946,86,75.35,10,8.6,5.910442735813733,1.0077500000000001,25,PARTY TIME DESIGN FLANNEL,0.6872607832341551,Long-Tail,Limit stock and avoid excessive local warehouse space
21947,811,1139.65,13,62.38461538461539,70.1504792826802,1.776549561774258,152,SET OF 6 HEART CHOPSTICKS,1.1244836383166985,Regular,Maintain standard replenishment review
21948,640,978.23,13,49.23076923076923,60.54358463970928,1.9572289098058329,153,SET OF 6 CAKE CHOPSTICKS,1.2297915629940948,Regular,Maintain standard replenishment review
21949,801,1054.44,13,61.61538461538461,61.59347701060892,1.9079142246642247,144,SET OF 6 STRAWBERRY CHOPSTICKS,0.9996444458650637,Regular,Maintain standard replenishment review
21955,1228,7580.820000000001,13,94.46153846153847,134.74149038350893,9.118184575869623,206,DOORMAT UNION JACK GUNS AND ROSES,1.4264164291413812,High-Revenue Priority,Prioritize inventory monitoring and avoid stockouts
21967,5271,1582.1499999999999,13,405.46153846153845,624.0457535823015,0.42363280297193645,232,PACK OF 12 SKULL TISSUES,1.5390997527167367,High-Turnover Volatile,Monitor closely and replenish in smaller batches
21972,335,499.08,13,25.76923076923077,19.545476229185134,1.8675982905982904,65,SET OF 36 DINOSAUR PAPER DOILIES,0.7584811671027066,Regular,Maintain standard replenishment review
21973,159,230.54999999999998,11,14.454545454545455,17.31105794781842,1.45,30,SET OF 36 MUSHROOM PAPER DOILIES,1.1976203611698277,Regular,Maintain standard replenishment review
21974,2219,3545.6,13,170.69230769230768,87.51036568638085,2.1632447670970687,360,SET OF 36 PAISLEY FLOWER DOILIES,0.5126790238499104,High-Revenue Priority,Prioritize inventory monitoring and avoid stockouts
21975,12312,6102.51,13,947.0769230769231,496.55269299750745,0.635803641946201,601,PACK OF 60 DINOSAUR CAKE CASES,0.5243002768817087,High-Revenue Priority,Prioritize inventory monitoring and avoid stockouts
21976,5199,2869.9,13,399.9230769230769,212.73906612658206,0.8515903835224267,393,PACK OF 60 MUSHROOM CAKE CASES,0.5319499633863372,High-Turnover Stable,Keep stable local warehouse inventory
21977,24820,12226.32,13,1909.2307692307693,959.0736115167032,0.7455380904063914,869,PACK OF 60 PINK PAISLEY CAKE CASES,0.502335090641303,High-Revenue Priority,Prioritize inventory monitoring and avoid stockouts
21980,6685,2121.18,13,514.2307692307693,308.5028778488551,0.411418205206165,297,PACK OF 12 RED RETROSPOT TISSUES,0.5999308020994938,High-Turnover Stable,Keep stable local warehouse inventory
21981,5468,1651.3,13,420.61538461538464,302.0801600186995,0.4704007746639325,271,PACK OF 12 WOODLAND TISSUES,0.7181861887789124,High-Turnover Stable,Keep stable local warehouse inventory
21982,7173,2215.61,13,551.7692307692307,370.8272629869047,0.4558156920985868,359,PACK OF 12 SUKI TISSUES,0.6720694854077459,High-Turnover Stable,Keep stable local warehouse inventory
21983,2301,777.67,13,177.0,76.25614729318549,0.4525387655822438,155,PACK OF 12 BLUE PAISLEY TISSUES,0.43082569092195194,High-Turnover Stable,Keep stable local warehouse inventory
21984,3458,1112.6,13,266.0,191.32607419446694,0.4591999419979969,212,PACK OF 12 PINK PAISLEY TISSUES,0.7192709556182968,High-Turnover Stable,Keep stable local warehouse inventory
21985,8775,2729.5099999999998,13,675.0,480.1038082192919,0.4237609752353238,427,PACK OF 12 HEARTS DESIGN TISSUES,0.7112649010656177,High-Turnover Stable,Keep stable local warehouse inventory
21986,4067,1197.73,13,312.84615384615387,366.21210751736174,0.4180639635464542,189,PACK OF 12 PINK POLKADOT TISSUES,1.1705820992686753,High-Turnover Volatile,Monitor closely and replenish in smaller batches
21987,2113,1346.65,13,162.53846153846155,123.95739549311247,0.768606979878851,171,PACK OF 6 SKULL PAPER CUPS,0.7626342363513782,High-Turnover Stable,Keep stable local warehouse inventory
21988,2321,1862.75,13,178.53846153846155,128.86725429979964,1.0202070016293492,193,PACK OF 6 SKULL PAPER PLATES,0.7217898775947416,High-Turnover Stable,Keep stable local warehouse inventory
21989,2409,2233.1,13,185.30769230769232,99.01210752174421,1.149348668718528,335,PACK OF 20 SKULL PAPER NAPKINS,0.5343119127366852,High-Turnover Stable,Keep stable local warehouse inventory
21990,1672,2870.0,13,128.6153846153846,114.02378294427473,2.1677570942537496,366,MODERN FLORAL STATIONERY SET,0.8865485516002222,Regular,Maintain standard replenishment review
21991,635,1080.82,13,48.84615384615385,37.23986697489254,2.1311054449775626,211,BOHEMIAN COLLAGE STATIONERY SET,0.762390977438745,Regular,Maintain standard replenishment review
21992,1901,3510.72,12,158.41666666666666,112.46369784660885,2.198660216204359,436,VINTAGE PAISLEY STATIONERY SET,0.7099233951390354,High-Revenue Priority,Prioritize inventory monitoring and avoid stockouts
21993,1937,3355.84,13,149.0,119.32099563781723,2.195280804990268,425,FLORAL FOLK STATIONERY SET,0.8008120512605184,High-Revenue Priority,Prioritize inventory monitoring and avoid stockouts
22016,1,83.33,1,1.0,0.0,83.33,1,DOTCOMGIFTSHOP GIFT VOUCHER £100.00,0.0,Long-Tail,Limit stock and avoid excessive local warehouse space
22021,365,610.4499999999999,4,91.25,41.96327759680679,1.7085714285714284,71,BLUE FELT EASTER EGG BASKET,0.45987153530747166,Regular,Maintain standard replenishment review
22023,1206,538.72,13,92.76923076923077,37.927900561798054,0.606851152053075,146,EMPIRE BIRTHDAY CARD,0.4088413825069442,Regular,Maintain standard replenishment review
22024,2406,1023.73,13,185.07692307692307,85.01711743178699,0.5794971885671409,213,RAINY LADIES BIRTHDAY CARD,0.4593609836297718,High-Turnover Stable,Keep stable local warehouse inventory
22025,1835,761.05,13,141.15384615384616,86.37789662663144,0.5588851507969155,130,RING OF ROSES BIRTHDAY CARD,0.6119415019870347,Regular,Maintain standard replenishment review
22026,1644,712.08,13,126.46153846153847,62.389389301674505,0.5825185664537891,160,BANQUET BIRTHDAY  CARD,0.49334675238550396,Regular,Maintain standard replenishment review
22027,4368,1873.71,13,336.0,140.00178570289737,0.5342573629351621,362,TEA PARTY BIRTHDAY CARD,0.4166719812586231,High-Turnover Stable,Keep stable local warehouse inventory
22028,3042,1304.1399999999999,13,234.0,119.71424309579875,0.5445517436382201,262,PENNY FARTHING BIRTHDAY CARD,0.5115993294692254,High-Turnover Stable,Keep stable local warehouse inventory
22029,8161,3387.57,13,627.7692307692307,166.50333022002584,0.5247762642943906,527,SPACEBOY BIRTHDAY CARD,0.26523015474333245,High-Revenue Priority,Prioritize inventory monitoring and avoid stockouts
22030,5527,2237.89,12,460.5833333333333,293.38044129309867,0.4707215872687647,274,SWALLOWS GREETING CARD,0.6369758088505851,High-Turnover Stable,Keep stable local warehouse inventory
22031,504,225.59,13,38.76923076923077,31.14255889227753,0.5532689520624303,80,BOTANICAL LAVENDER BIRTHDAY CARD,0.803280288888111,Regular,Maintain standard replenishment review
22032,427,181.98,11,38.81818181818182,16.228482256934452,0.4518787878787878,60,BOTANICAL LILY GREETING CARD,0.4180639457289905,Regular,Maintain standard replenishment review
22033,337,141.95,8,42.125,30.56813233231161,0.47124999999999995,22,BOTANICAL ROSE GREETING CARD,0.7256529930519077,Regular,Maintain standard replenishment review
22034,10,5.0200000000000005,2,5.0,4.242640687119285,0.625,4,ROBIN CHRISTMAS CARD,0.8485281374238569,Long-Tail,Limit stock and avoid excessive local warehouse space
22035,1452,617.32,11,132.0,72.51482607025959,0.586049728049728,137,VINTAGE CARAVAN GREETING CARD,0.549354742956512,Regular,Maintain standard replenishment review
22037,3929,1695.32,13,302.2307692307692,132.28766246716145,0.5299989243147137,354,ROBOT BIRTHDAY CARD,0.4377041517111476,High-Turnover Stable,Keep stable local warehouse inventory
22038,475,199.5,9,52.77777777777778,26.352313834736496,0.42,19,BOTANICAL LAVENDER GIFT WRAP,0.49930699897395464,Regular,Maintain standard replenishment review
22039,250,105.0,5,50.0,55.90169943749474,0.42000000000000004,7,BOTANICAL LILY GIFT WRAP,1.118033988749895,Regular,Maintain standard replenishment review
22040,725,304.5,11,65.9090909090909,40.73193966767246,0.42,28,BOTANICAL ROSE GIFT WRAP,0.618001843233651,Regular,Maintain standard replenishment review
22041,4374,11354.56,13,336.46153846153845,157.07037455899365,3.7010412035268456,361,"RECORD FRAME 7"" SINGLE SIZE",0.4668301027130584,High-Revenue Priority,Prioritize inventory monitoring and avoid stockouts
22042,399,168.33,9,44.333333333333336,31.80801785713784,0.4283333333333333,39,CHRISTMAS CARD SINGING ANGEL,0.7174740870031091,Regular,Maintain standard replenishment review
22043,1238,304.5,9,137.55555555555554,164.96902066078277,0.36005611672278337,64,CHRISTMAS CARD SCREEN PRINT,1.1992901340444628,Regular,Maintain standard replenishment review
22044,816,196.44000000000003,6,136.0,158.2302120329743,0.3113888888888889,36,CHRISTMAS CARD STACK OF PRESENTS,1.1634574414189287,Regular,Maintain standard replenishment review
22045,6527,2673.34,13,502.0769230769231,274.20687492550263,0.419003415104143,208,SPACEBOY GIFT WRAP,0.546145146932976,High-Turnover Stable,Keep stable local warehouse inventory
22046,2250,929.0,13,173.07692307692307,78.03680919760616,0.418974358974359,75,TEA PARTY  WRAPPING PAPER,0.4508793420306134,High-Turnover Stable,Keep stable local warehouse inventory
22047,3375,1373.5,13,259.61538461538464,142.3531632136184,0.41836291913214985,106,EMPIRE GIFT WRAP,0.5483232953413448,High-Turnover Stable,Keep stable local warehouse inventory
22048,975,393.5,12,81.25,61.35311357587768,0.41777777777777775,32,BIRTHDAY BANQUET GIFT WRAP,0.7551152440108022,Regular,Maintain standard replenishment review
22049,1050,291.5,4,262.5,183.14384146529926,0.31321428571428567,33,WRAP CHRISTMAS SCREEN PRINT,0.6976908246297114,Regular,Maintain standard replenishment review
22050,1225,498.5,13,94.23076923076923,69.33752452815364,0.41846153846153844,40,PINK PAISLEY ROSE GIFT WRAP,0.7358267909110182,Regular,Maintain standard replenishment review
22051,975,409.5,12,81.25,33.920026264998405,0.42,39,BLUE SCANDINAVIAN PAISLEY WRAP,0.4174772463384419,Regular,Maintain standard replenishment review
22052,650,273.0,6,108.33333333333333,111.45881152545395,0.42,27,VINTAGE CARAVAN GIFT WRAP,1.0288505679272673,Regular,Maintain standard replenishment review
22053,4244,3606.4199999999996,10,424.4,1252.3829907642294,1.236875,28,EMPIRE DESIGN ROSETTE,2.9509495541098714,High-Revenue Priority,Prioritize inventory monitoring and avoid stockouts
22055,1375,2083.19,13,105.76923076923077,72.11582563967708,2.006519709123828,220,MINI CAKE STAND  HANGING STRAWBERY,0.6818223515024014,Regular,Maintain standard replenishment review
22057,584,667.92,13,44.92307692307692,44.69798940008663,1.5859340659340657,61,CERAMIC PLATE STRAWBERRY DESIGN,0.9949894900704216,Regular,Maintain standard replenishment review
22059,1780,2081.54,13,136.92307692307693,123.73456909749834,1.7034865889845645,173,CERAMIC STRAWBERRY DESIGN MUG,0.9036794372289204,Regular,Maintain standard replenishment review
22060,231,1111.05,6,38.5,35.52886150723099,6.889583333333333,34,LARGE CAKE STAND HANGING HEARTS,0.9228275716163894,Regular,Maintain standard replenishment review
22061,582,4218.0599999999995,13,44.76923076923077,58.11074749440911,10.33290128674744,146,LARGE CAKE STAND  HANGING STRAWBERY,1.2980063873321623,High-Revenue Priority,Prioritize inventory monitoring and avoid stockouts
22062,583,677.86,11,53.0,37.255872020394314,1.7766287878787879,73,CERAMIC BOWL WITH LOVE HEART DESIGN,0.7029409815168739,Regular,Maintain standard replenishment review
22063,583,1367.45,13,44.84615384615385,52.89273131197732,3.7045326340326343,120,CERAMIC BOWL WITH STRAWBERRY DESIGN,1.1794262556701633,Regular,Maintain standard replenishment review
22064,1728,2546.2999999999997,13,132.92307692307693,99.2408363011094,2.1186323096296173,241,PINK DOUGHNUT TRINKET POT,0.7466035138393646,Regular,Maintain standard replenishment review
22065,6729,3462.25,10,672.9,992.8945843117261,1.8808778554778556,241,CHRISTMAS PUDDING TRINKET POT,1.4755455258013466,High-Revenue Priority,Prioritize inventory monitoring and avoid stockouts
22066,2239,1044.81,13,172.23076923076923,125.64775753812312,0.7079523809523809,135,LOVE HEART TRINKET POT,0.7295314193816885,High-Turnover Stable,Keep stable local warehouse inventory
22067,408,638.62,13,31.384615384615383,18.081014266989474,2.074703296703297,70,CHOC TRUFFLE GOLD TRINKET POT,0.576110748703096,Regular,Maintain standard replenishment review
22068,526,856.39,13,40.46153846153846,43.77711613886755,2.5755206396167933,143,BLACK PIRATE TREASURE CHEST,1.0819439349910231,Regular,Maintain standard replenishment review
22069,414,993.5,13,31.846153846153847,32.81728750177807,3.223544925662573,146,BROWN  PIRATE TREASURE CHEST,1.0304945350799877,Regular,Maintain standard replenishment review
22070,948,2354.4,13,72.92307692307692,139.32184653914447,4.296827111202324,116,SMALL RED RETROSPOT MUG IN BOX,1.910531650853247,Regular,Maintain standard replenishment review
22071,729,1384.3,13,56.07692307692308,136.3790438071172,4.227128205128205,86,SMALL WHITE RETROSPOT MUG IN BOX,2.4319994094547646,Regular,Maintain standard replenishment review
22072,848,2811.17,13,65.23076923076923,50.797233924289365,4.028939597983716,162,RED RETROSPOT TEA CUP AND SAUCER,0.7787311804431153,Regular,Maintain standard replenishment review
22073,334,1336.1399999999999,6,55.666666666666664,40.07326623407015,4.778198830409357,69,RED RETROSPOT STORAGE JAR,0.7198790341449727,Regular,Maintain standard replenishment review
22074,1402,1239.67,13,107.84615384615384,151.3692208662019,1.739295799985455,199,6 RIBBONS SHIMMERING PINKS,1.4035662419833275,Regular,Maintain standard replenishment review
22075,1773,2489.0299999999997,12,147.75,186.3252898464501,2.4929775526146494,200,6 RIBBONS ELEGANT CHRISTMAS,1.2610848720571919,Regular,Maintain standard replenishment review
22076,1259,1667.8799999999999,13,96.84615384615384,89.62407243020348,1.8059173500926244,225,6 RIBBONS EMPIRE,0.9254272768805761,Regular,Maintain standard replenishment review
22077,9172,17186.62,13,705.5384615384615,297.370872644642,2.223891735287379,955,6 RIBBONS RUSTIC CHARM,0.4214807396838581,High-Revenue Priority,Prioritize inventory monitoring and avoid stockouts
22078,1369,2923.21,11,124.45454545454545,88.30103468970636,2.560183487567183,192,RIBBON REEL LACE DESIGN,0.709504296264989,Regular,Maintain standard replenishment review
22079,1897,3325.29,13,145.92307692307693,106.49996990489524,2.0628659991896026,323,RIBBON REEL HEARTS DESIGN,0.7298363778406104,High-Revenue Priority,Prioritize inventory monitoring and avoid stockouts
22080,1206,2003.48,9,134.0,107.59646834352883,2.216189995189995,155,RIBBON REEL POLKADOTS,0.8029587189815585,Regular,Maintain standard replenishment review
22081,644,1176.5,13,49.53846153846154,21.531432003063895,2.2730831208694986,138,RIBBON REEL FLORA + FAUNA,0.43464070813638295,Regular,Maintain standard replenishment review
22082,2680,4661.88,13,206.15384615384616,93.18695022538131,1.9689539324551468,409,RIBBON REEL STRIPES DESIGN,0.45202625109326755,High-Revenue Priority,Prioritize inventory monitoring and avoid stockouts
22083,4616,14051.640000000001,13,355.0769230769231,126.87294270152164,3.769493047029137,610,PAPER CHAIN KIT RETROSPOT,0.3573111471230029,High-Revenue Priority,Prioritize inventory monitoring and avoid stockouts
22084,5181,15099.37,11,471.0,784.9323537732408,3.233451595821867,436,PAPER CHAIN KIT EMPIRE,1.6665230441045453,High-Revenue Priority,Prioritize inventory monitoring and avoid stockouts
22085,548,1566.99,13,42.15384615384615,31.098891067705708,3.273058608058608,97,PAPER CHAIN KIT SKULLS,0.7377474158397339,Regular,Maintain standard replenishment review
22086,19329,64875.590000000004,13,1486.8461538461538,2248.941819543651,4.016555893147112,1160,PAPER CHAIN KIT 50'S CHRISTMAS,1.512558521085802,High-Revenue Priority,Prioritize inventory monitoring and avoid stockouts
22087,4082,11872.58,8,510.25,385.8633177693884,3.329150378755095,326,PAPER BUNTING WHITE LACE,0.7562240426641615,High-Revenue Priority,Prioritize inventory monitoring and avoid stockouts
22088,1893,5661.05,8,236.625,165.4957379684271,3.533767361111111,238,PAPER BUNTING COLOURED LACE,0.6994009000250485,High-Revenue Priority,Prioritize inventory monitoring and avoid stockouts
22089,1423,4457.43,13,109.46153846153847,76.21090843247156,3.501656276949769,272,PAPER BUNTING VINTAGE PAISLEY,0.6962345816037457,High-Revenue Priority,Prioritize inventory monitoring and avoid stockouts
22090,7562,22785.06,13,581.6923076923077,394.8205044944231,3.784660913366498,798,PAPER BUNTING RETROSPOT,0.6787445858803888,High-Revenue Priority,Prioritize inventory monitoring and avoid stockouts
22091,1983,1030.1,13,152.53846153846155,202.49017070161514,1.2756502215732985,167,EMPIRE TISSUE BOX,1.3274696011704472,High-Turnover Volatile,Monitor closely and replenish in smaller batches
22092,670,321.4,11,60.90909090909091,57.92659932268516,0.8177112470862471,91,BLUE PAISLEY TISSUE BOX,0.9510337202231893,Regular,Maintain standard replenishment review
22093,1830,822.13,12,152.5,180.2768073622541,0.9049275309717383,160,MOTORING TISSUE BOX,1.182142999096748,Regular,Maintain standard replenishment review
22094,2166,1135.0,13,166.6153846153846,195.9577073680009,1.315977661227661,200,RED RETROSPOT TISSUE BOX,1.176108123630661,High-Turnover Volatile,Monitor closely and replenish in smaller batches
22095,1643,1605.96,13,126.38461538461539,144.33672347531567,1.2545899197420938,143,LADS ONLY TISSUE BOX,1.1420434602429115,Regular,Maintain standard replenishment review
22096,1366,584.09,12,113.83333333333333,183.20273585359587,0.927539184952978,117,PINK PAISLEY SQUARE TISSUE BOX,1.60939445845033,Regular,Maintain standard replenishment review
22097,1596,732.39,13,122.76923076923077,154.322256898864,1.0530701990317375,145,SWALLOW SQUARE TISSUE BOX,1.257010864464431,Regular,Maintain standard replenishment review
22098,1992,1001.55,13,153.23076923076923,229.1073816089135,1.2135444491406029,172,BOUDOIR SQUARE TISSUE BOX,1.4951786952388935,High-Turnover Volatile,Monitor closely and replenish in smaller batches
22099,1440,800.59,13,110.76923076923077,131.80867058363665,1.1995784637090305,153,CARAVAN SQUARE TISSUE BOX,1.1899393872133863,Regular,Maintain standard replenishment review
22100,755,354.82,11,68.63636363636364,77.81551609707762,1.1903636363636363,59,SKULLS SQUARE TISSUE BOX,1.1337359961163627,Regular,Maintain standard replenishment review
22101,1438,2053.17,13,110.61538461538461,176.8019317680751,2.2691324786324785,69,MIRROR MOSAIC VOTIVE HOLDER,1.5983484791272435,Regular,Maintain standard replenishment review
22102,1622,831.8399999999999,11,147.45454545454547,449.37720539350096,1.9840303030303028,31,MIRROR MOSAIC T-LIGHT HOLDER,3.0475642782543217,Regular,Maintain standard replenishment review
22103,1248,908.24,9,138.66666666666666,321.7728235883198,2.2032592592592595,26,MIRROR MOSAIC T-LIGHT HOLDER ROUND,2.3204770931849987,Regular,Maintain standard replenishment review
22104,288,343.71,13,22.153846153846153,34.6598859246203,1.5939545454545454,59,MIRROR MOSAIC CANDLE PLATE,1.5645087396529995,Regular,Maintain standard replenishment review
22105,574,847.8199999999999,13,44.15384615384615,134.45869635557614,4.0444615384615386,33,MIRROR MOSAIC GOBLET CANDLE HOLDER,3.0452317989938846,Regular,Maintain standard replenishment review
22106,349,898.3800000000001,13,26.846153846153847,67.47202649227575,5.348672161172161,47,MIRROR MOSAIC HURRICANE LAMP,2.5132846544400707,Regular,Maintain standard replenishment review
22107,592,2153.06,13,45.53846153846154,52.6222630081847,4.613672385022385,179,PIZZA PLATE IN BOX,1.155556451193245,Regular,Maintain standard replenishment review
22108,152,415.09,12,12.666666666666666,12.680216038691091,3.2047943722943724,63,PING! MICROWAVE PLATE,1.0010696872650862,Regular,Maintain standard replenishment review
22109,1640,6921.15,13,126.15384615384616,95.52909343392562,5.551766774272168,296,FULL ENGLISH BREAKFAST PLATE,0.757242813805508,High-Revenue Priority,Prioritize inventory monitoring and avoid stockouts
22110,1172,4912.14,13,90.15384615384616,100.94457732987787,4.682584470930161,279,BIRD HOUSE HOT WATER BOTTLE,1.1196924106556418,High-Revenue Priority,Prioritize inventory monitoring and avoid stockouts
22111,4655,24455.39,13,358.0769230769231,398.95706985807834,6.129292418011628,771,SCOTTIE DOG HOT WATER BOTTLE,1.1141658234489835,High-Revenue Priority,Prioritize inventory monitoring and avoid stockouts
22112,6017,32826.58,13,462.84615384615387,504.36706972763506,6.747430224865174,858,CHOCOLATE HOT WATER BOTTLE,1.0897078122750965,High-Revenue Priority,Prioritize inventory monitoring and avoid stockouts
22113,3220,12763.08,13,247.69230769230768,250.0467904930944,4.416302488528611,561,GREY HEART HOT WATER BOTTLE,1.0095056759037973,High-Revenue Priority,Prioritize inventory monitoring and avoid stockouts
22114,5740,32973.44,9,637.7777777777778,662.9100198703022,5.602899399807955,643,HOT WATER BOTTLE TEA AND SYMPATHY,1.0394059545004737,High-Revenue Priority,Prioritize inventory monitoring and avoid stockouts
22115,1549,2020.91,13,119.15384615384616,106.49244586185928,2.713760583874534,228,METAL SIGN EMPIRE TEA,0.8937390550059203,Regular,Maintain standard replenishment review
22116,575,620.4200000000001,13,44.23076923076923,37.771580688294044,1.6913810793422688,148,METAL SIGN HIS DINNER IS SERVED,0.8539661720831696,Regular,Maintain standard replenishment review
22117,1320,3896.4500000000003,13,101.53846153846153,216.06697086189715,3.0599388111888115,95,METAL SIGN HER DINNER IS SERVED,2.1279322887914116,High-Revenue Priority,Prioritize inventory monitoring and avoid stockouts
22118,230,895.26,11,20.90909090909091,25.95555642036805,5.564697394109159,89,JOY WOODEN BLOCK LETTERS,1.2413526983654284,Regular,Maintain standard replenishment review
22119,345,1734.8700000000001,13,26.53846153846154,34.67375420644887,6.912153199741435,106,PEACE WOODEN BLOCK LETTERS,1.3065472599531458,Regular,Maintain standard replenishment review
22120,523,5247.09,13,40.23076923076923,20.94896117612934,11.128847300102718,188,WELCOME  WOODEN BLOCK LETTERS,0.5207198762709013,High-Revenue Priority,Prioritize inventory monitoring and avoid stockouts
22121,352,2159.7000000000003,11,32.0,27.096125184239906,6.902707292707293,133,NOEL WOODEN BLOCK LETTERS,0.8467539120074971,Regular,Maintain standard replenishment review
22123,508,1068.3799999999999,13,39.07692307692308,28.329788616876815,3.196585826454247,122,PING MICROWAVE APRON,0.7249749055499972,Regular,Maintain standard replenishment review
22124,149,306.15999999999997,12,12.416666666666666,15.084358746326567,2.499861111111111,76,SET OF 2 TEA TOWELS PING MICROWAVE,1.2148476842679115,Regular,Maintain standard replenishment review
22125,13,139.86,2,6.5,7.7781745930520225,10.955,3,UNION JACK HOT WATER BOTTLE,1.1966422450849266,Long-Tail,Limit stock and avoid excessive local warehouse space
22127,404,504.88,4,101.0,74.23835486682968,2.0532142857142857,22,PARTY CONES CARNIVAL ASSORTED,0.7350332165032641,Regular,Maintain standard replenishment review
22128,1762,2127.5299999999997,12,146.83333333333334,126.05109594080801,1.3395376984126983,76,PARTY CONES CANDY ASSORTED,0.8584637635015301,Regular,Maintain standard replenishment review
22129,1188,1226.4199999999998,13,91.38461538461539,86.46920305474706,1.6508897356513457,100,PARTY CONES CANDY TREE DECORATION,0.9462118179391512,Regular,Maintain standard replenishment review
22130,2277,2664.63,11,207.0,285.18941074310595,1.7671067887109075,110,PARTY CONE CHRISTMAS DECORATION,1.3777266219473718,High-Turnover Volatile,Monitor closely and replenish in smaller batches
22131,2031,3936.5899999999997,13,156.23076923076923,92.22450311256209,2.848840813552598,291,FOOD CONTAINER SET 3 LOVE HEART,0.5903094733940459,High-Revenue Priority,Prioritize inventory monitoring and avoid stockouts
22132,1038,939.03,13,79.84615384615384,73.10591192902498,1.2054801282051282,154,RED LOVE HEART SHAPE CUP,0.9155846388028178,Regular,Maintain standard replenishment review
22133,816,770.73,13,62.76923076923077,47.13483115162616,1.2990495206547836,133,PINK LOVE HEART SHAPE CUP,0.7509225551116913,Regular,Maintain standard replenishment review
22134,889,419.0,13,68.38461538461539,87.54193134486891,0.6745576439689341,162,LADLE LOVE HEART RED,1.280140728327667,Regular,Maintain standard replenishment review
22135,567,322.38,13,43.61538461538461,28.596440517246375,0.6893808481404634,179,LADLE LOVE HEART PINK,0.6556503116828976,Regular,Maintain standard replenishment review
22136,378,679.28,12,31.5,34.02806328472268,2.33246164021164,84,LOVE HEART SOCK HANGER,1.0802559772927833,Regular,Maintain standard replenishment review
22137,82,237.98000000000002,8,10.25,8.581541653039805,3.2800000000000002,14,BATHROOM SET LOVE HEART DESIGN,0.8372235759063225,Long-Tail,Limit stock and avoid excessive local warehouse space
22138,4937,24185.27,13,379.7692307692308,302.416973136472,5.2962104535038375,934,BAKING SET 9 PIECE RETROSPOT,0.796317733598164,High-Revenue Priority,Prioritize inventory monitoring and avoid stockouts
22139,4518,22868.260000000002,13,347.53846153846155,194.76037216051566,5.785927058246045,962,RETROSPOT TEA SET CERAMIC 11 PC,0.5603994772214926,High-Revenue Priority,Prioritize inventory monitoring and avoid stockouts
22141,2791,6463.79,12,232.58333333333334,329.70412585538054,3.0322308852840067,457,CHRISTMAS CRAFT TREE TOP ANGEL,1.4175741706429832,High-Revenue Priority,Prioritize inventory monitoring and avoid stockouts
22142,3247,4946.19,10,324.7,433.25692916174654,2.19401128959276,377,CHRISTMAS CRAFT WHITE FAIRY,1.334329932743291,High-Revenue Priority,Prioritize inventory monitoring and avoid stockouts
22144,4073,9662.28,12,339.4166666666667,466.61809541604464,3.086489215804375,544,CHRISTMAS CRAFT LITTLE FRIENDS,1.374764828134676,High-Revenue Priority,Prioritize inventory monitoring and avoid stockouts
22145,30,63.0,1,30.0,0.0,2.1,1,CHRISTMAS CRAFT HEART STOCKING,0.0,Long-Tail,Limit stock and avoid excessive local warehouse space
22146,1,1.95,1,1.0,0.0,1.95,1,EASTER CRAFT IVY WREATH WITH CHICK,0.0,Long-Tail,Limit stock and avoid excessive local warehouse space
22147,6226,8621.14,13,478.9230769230769,579.2718793937871,1.7022866800985972,481,FELTCRAFT BUTTERFLY HEARTS,1.2095301047412839,High-Revenue Priority,Prioritize inventory monitoring and avoid stockouts
22148,1933,3917.45,13,148.69230769230768,267.7963730820442,2.550046857145082,186,EASTER CRAFT 4 CHICKS,1.80101026904634,High-Revenue Priority,Prioritize inventory monitoring and avoid stockouts
22149,6070,12357.080000000002,12,505.8333333333333,433.9991272159916,2.4143047834373936,547,FELTCRAFT 6 FLOWER FRIENDS,0.8579883898833442,High-Revenue Priority,Prioritize inventory monitoring and avoid stockouts
22150,3021,5907.84,13,232.3846153846154,100.42122821855484,2.2495540153140783,468,3 STRIPEY MICE FELTCRAFT,0.43213371957670077,High-Revenue Priority,Prioritize inventory monitoring and avoid stockouts
22151,15126,6322.21,13,1163.5384615384614,594.4180088378625,0.5736281079947141,332,PLACE SETTING WHITE HEART,0.510870958276624,High-Revenue Priority,Prioritize inventory monitoring and avoid stockouts
22152,2407,1053.08,13,185.15384615384616,239.87421917671983,0.5289912927095201,105,PLACE SETTING WHITE STAR,1.2955400287899284,High-Turnover Volatile,Monitor closely and replenish in smaller batches
22153,2593,1109.05,9,288.1111111111111,274.35626676114236,0.5381060606060606,131,ANGEL DECORATION STARS ON DRESS,0.9522585425569925,High-Turnover Stable,Keep stable local warehouse inventory
22154,3745,1636.67,11,340.45454545454544,408.7036490261284,0.6031449024139701,162,ANGEL DECORATION 3 BUTTONS,1.2004646566855575,High-Turnover Volatile,Monitor closely and replenish in smaller batches
22155,2452,1133.61,13,188.6153846153846,263.4380187892206,0.6567728208283377,142,STAR DECORATION RUSTIC,1.3966942268596525,High-Turnover Volatile,Monitor closely and replenish in smaller batches
22156,2196,2113.13,13,168.92307692307693,77.5676710346752,1.1760681050717428,256,HEART DECORATION WITH PEARLS,0.4591893094038149,High-Turnover Stable,Keep stable local warehouse inventory
22157,212,180.2,2,106.0,38.18376618407357,0.85,11,ANGEL DECORATION WITH LACE PADDED,0.3602242092837129,Regular,Maintain standard replenishment review
22158,3413,11797.38,13,262.53846153846155,384.3582563582695,3.9204734509424166,303,3 HEARTS HANGING DECORATION RUSTIC,1.464007422401847,High-Revenue Priority,Prioritize inventory monitoring and avoid stockouts
22161,5083,1645.75,13,391.0,361.08724707472015,0.6649553981750385,340,HEART DECORATION RUSTIC HANGING,0.9234967955875196,High-Turnover Stable,Keep stable local warehouse inventory
22162,264,841.24,11,24.0,30.880414504990053,3.060777272727273,91,HEART GARLAND RUSTIC PADDED,1.286683937707919,Regular,Maintain standard replenishment review
22163,875,1042.78,13,67.3076923076923,122.67055108119513,2.615898915187377,122,HEART STRING MEMO HOLDER HANGING,1.8225339017777562,Regular,Maintain standard replenishment review
22164,78,250.22000000000003,6,13.0,13.65283853270081,3.6206666666666667,15,STRING OF STARS CARD HOLDER,1.050218348669293,Long-Tail,Limit stock and avoid excessive local warehouse space
22165,415,3328.2,13,31.923076923076923,50.12394893072828,11.754691524476026,146,"DIAMANTE HEART SHAPED WALL MIRROR,",1.5701477978300427,High-Revenue Priority,Prioritize inventory monitoring and avoid stockouts
22166,207,1614.4,13,15.923076923076923,25.927660707121067,11.833206232364127,87,WALL MIRROR RECTANGLE DIAMANTE PINK,1.6283071941670235,Regular,Maintain standard replenishment review
22167,236,2391.12,13,18.153846153846153,9.84755598990729,10.472137951038404,156,OVAL WALL MIRROR DIAMANTE,0.5424501180881135,Regular,Maintain standard replenishment review
22168,143,1205.3,5,28.6,23.765521244020714,8.494516129032258,76,ORGANISER WOOD ANTIQUE WHITE,0.8309622812594655,Regular,Maintain standard replenishment review
22169,1197,10345.76,13,92.07692307692308,48.56346627260308,10.151693976355094,372,FAMILY ALBUM WHITE PICTURE FRAME,0.5274227748904261,High-Revenue Priority,Prioritize inventory monitoring and avoid stockouts
22170,1068,6977.6,13,82.15384615384616,39.81173644761503,7.709009816293098,265,PICTURE FRAME WOOD TRIPLE PORTRAIT,0.48459978822003313,High-Revenue Priority,Prioritize inventory monitoring and avoid stockouts
22171,1794,13611.810000000001,13,138.0,125.1678872554778,9.88388613679775,382,3 HOOK PHOTO SHELF ANTIQUE WHITE,0.9070136757643319,High-Revenue Priority,Prioritize inventory monitoring and avoid stockouts
22173,2444,7767.8,12,203.66666666666666,77.13074299623669,3.8345004129530538,493,METAL 4 HOOK HANGER FRENCH CHATEAU,0.3787106857425697,High-Revenue Priority,Prioritize inventory monitoring and avoid stockouts
22174,3218,5978.78,13,247.53846153846155,333.16727915183367,2.664343133199199,321,PHOTO CUBE,1.3459212644418388,High-Revenue Priority,Prioritize inventory monitoring and avoid stockouts
22175,877,2594.23,13,67.46153846153847,76.16278113861934,3.4449223665223667,171,PINK OWL SOFT TOY,1.1289807922486332,Regular,Maintain standard replenishment review
22176,512,1536.88,11,46.54545454545455,35.294089126548194,3.2987127115308934,115,BLUE OWL SOFT TOY,0.7582714460781839,Regular,Maintain standard replenishment review
22178,24275,33146.82,13,1867.3076923076924,678.5530419718349,1.664384376007566,1037,VICTORIAN GLASS HANGING T-LIGHT,0.3633857691301278,High-Revenue Priority,Prioritize inventory monitoring and avoid stockouts
22179,966,7226.2,13,74.3076923076923,36.768157907317516,8.95476511021273,289,SET 10 LIGHTS NIGHT OWL,0.4948095784628651,High-Revenue Priority,Prioritize inventory monitoring and avoid stockouts
22180,330,3521.54,12,27.5,14.009736873786292,11.965585622710622,155,RETROSPOT LAMP,0.5094449772285924,High-Revenue Priority,Prioritize inventory monitoring and avoid stockouts
22181,591,500.90999999999997,12,49.25,39.20140303611594,1.0539170274170273,57,SNOWSTORM PHOTO FRAME FRIDGE MAGNET,0.7959675743373795,Regular,Maintain standard replenishment review
22182,372,1420.58,13,28.615384615384617,32.82666208419222,4.242910945685139,122,CAKE STAND VICTORIAN FILIGREE SMALL,1.147168298641126,Regular,Maintain standard replenishment review
22183,322,1916.01,8,40.25,27.927201281699737,6.142890218691491,129,CAKE STAND VICTORIAN FILIGREE MED,0.6938435101043413,Regular,Maintain standard replenishment review
22184,56,471.86,2,28.0,4.242640687119285,8.43275,35,CAKE STAND VICTORIAN FILIGREE LARGE,0.1515228816828316,Long-Tail,Limit stock and avoid excessive local warehouse space
22185,1472,2235.9399999999996,13,113.23076923076923,74.88675210626803,1.9961471359887026,162,SLATE TILE NATURAL HANGING,0.6613639791993781,Regular,Maintain standard replenishment review
22186,848,1997.48,10,84.8,117.60461064279939,3.6061004972323856,149,RED STAR CARD HOLDER,1.3868468236179174,Regular,Maintain standard replenishment review
22187,1266,3245.68,9,140.66666666666666,212.3263996774777,4.916385185185185,192,GREEN CHRISTMAS TREE CARD HOLDER,1.5094293815934434,High-Revenue Priority,Prioritize inventory monitoring and avoid stockouts
22188,4870,12483.220000000001,13,374.61538461538464,554.5972320013775,4.333771238684313,189,BLACK HEART CARD HOLDER,1.4804443564718495,High-Revenue Priority,Prioritize inventory monitoring and avoid stockouts
22189,8284,23435.82,13,637.2307692307693,553.6733624689672,4.478277136320494,524,CREAM HEART CARD HOLDER,0.8688741806007452,High-Revenue Priority,Prioritize inventory monitoring and avoid stockouts
22190,676,1057.71,13,52.0,46.98049240553643,2.244624542124542,116,LOCAL CAFE MUG,0.9034710077987775,Regular,Maintain standard replenishment review
22191,1445,11911.65,13,111.15384615384616,116.20086499523583,8.898266373073533,415,IVORY DINER WALL CLOCK,1.0454057058394919,High-Revenue Priority,Prioritize inventory monitoring and avoid stockouts
22192,954,8189.29,13,73.38461538461539,31.114140572892957,9.060826570087439,365,BLUE DINER WALL CLOCK,0.42398724051111997,High-Revenue Priority,Prioritize inventory monitoring and avoid stockouts
22193,1400,11857.07,13,107.6923076923077,71.90431676353494,9.363062150180157,460,RED DINER WALL CLOCK,0.6676829413756815,High-Revenue Priority,Prioritize inventory monitoring and avoid stockouts
22194,66,625.6899999999999,9,7.333333333333333,4.924428900898052,10.486191919191919,44,BLACK DINER WALL CLOCK,0.6715130319406435,Long-Tail,Limit stock and avoid excessive local warehouse space
22195,1976,3720.66,13,152.0,89.1683800458436,2.3591315311108865,373,LARGE HEART MEASURING SPOONS,0.586634079248971,High-Revenue Priority,Prioritize inventory monitoring and avoid stockouts
22196,2847,2754.16,13,219.0,108.39818571667456,1.21321704622228,472,SMALL HEART MEASURING SPOONS,0.4949688845510254,High-Turnover Stable,Keep stable local warehouse inventory
22197,56898,51334.47,13,4376.7692307692305,3034.327716695692,1.0490870974370217,1392,SMALL POPCORN HOLDER,0.6932802614686632,High-Revenue Priority,Prioritize inventory monitoring and avoid stockouts
22198,1025,1870.9099999999999,3,341.6666666666667,448.3573723419002,2.0464141414141412,86,LARGE POPCORN HOLDER,1.3122654800250737,Regular,Maintain standard replenishment review
22199,467,1926.59,13,35.92307692307692,21.88782591023885,5.384401333709026,167,FRYING PAN RED RETROSPOT,0.6092970810130729,Regular,Maintain standard replenishment review
22200,398,1809.48,13,30.615384615384617,21.01007084526554,5.723371813283697,140,FRYING PAN PINK POLKADOT,0.6862585954483719,Regular,Maintain standard replenishment review
22201,193,716.8,13,14.846153846153847,14.926744196498186,4.653495115995115,87,FRYING PAN BLUE POLKADOT,1.0054283655672354,Regular,Maintain standard replenishment review
22202,64,319.35,5,12.8,14.184498581197715,4.93159595959596,37,MILK PAN PINK POLKADOT,1.1081639516560715,Long-Tail,Limit stock and avoid excessive local warehouse space
22203,403,1483.13,13,31.0,16.436747447918847,4.595866436667907,145,MILK PAN RED RETROSPOT,0.5302176596102854,Regular,Maintain standard replenishment review
22204,197,669.54,13,15.153846153846153,17.99002572652484,4.199991124260356,79,MILK PAN BLUE POLKADOT,1.187159058095548,Regular,Maintain standard replenishment review
22206,5,4.17,5,1.0,0.0,0.834,5,"MUG , DOTCOMGIFTSHOP.COM",0.0,Long-Tail,Limit stock and avoid excessive local warehouse space
22207,1333,5833.59,13,102.53846153846153,52.010600497423255,5.919390932953686,208,FRYING PAN UNION FLAG,0.5072301623904744,High-Revenue Priority,Prioritize inventory monitoring and avoid stockouts
22208,1509,1571.4899999999998,13,116.07692307692308,104.59800949226323,1.4386423942249886,280,WOOD STAMP SET THANK YOU,0.9011094257120092,Regular,Maintain standard replenishment review
22209,945,964.2199999999999,13,72.6923076923077,50.06060429683308,1.4169720031602384,173,WOOD STAMP SET HAPPY BIRTHDAY,0.6886643977342116,Regular,Maintain standard replenishment review
22210,1017,958.0399999999998,13,78.23076923076923,89.35990324352589,1.4664809079809078,187,WOOD STAMP SET BEST WISHES,1.142260316780567,Regular,Maintain standard replenishment review
22211,1008,1122.3899999999999,13,77.53846153846153,61.99276219126362,1.576410215910216,196,WOOD STAMP SET FLOWERS,0.799509829847646,Regular,Maintain standard replenishment review
22212,1609,3700.9400000000005,13,123.76923076923077,66.07212453845904,2.8430176006743006,399,FOUR HOOK  WHITE LOVEBIRDS,0.5338332001242806,High-Revenue Priority,Prioritize inventory monitoring and avoid stockouts
22214,193,416.6,13,14.846153846153847,19.63774492249621,3.231524526198439,56,CANDLE PLATE LACE WHITE,1.3227496579919726,Regular,Maintain standard replenishment review
22215,343,2471.39,13,26.384615384615383,23.364996831223344,9.005316685451302,101,CAKE STAND WHITE TWO TIER LACE,0.8855538157606516,Regular,Maintain standard replenishment review
22216,588,512.93,13,45.23076923076923,55.80494877421095,1.2252564102564103,68,T-LIGHT HOLDER WHITE LACE,1.233782881062487,Regular,Maintain standard replenishment review
22217,839,831.26,13,64.53846153846153,93.79020505416631,1.5149798534798533,82,T-LIGHT HOLDER HANGING LACE,1.4532451319477497,Regular,Maintain standard replenishment review
22218,1,4.25,1,1.0,0.0,4.25,1,CAKE STAND LACE WHITE,0.0,Long-Tail,Limit stock and avoid excessive local warehouse space
22219,4133,4033.73,13,317.9230769230769,156.24311266871976,1.189752544599957,544,LOVEBIRD HANGING DECORATION WHITE,0.49144942286313986,High-Revenue Priority,Prioritize inventory monitoring and avoid stockouts
22220,231,1849.25,12,19.25,22.348988181286256,10.891536706349205,86,CAKE STAND LOVEBIRD 2 TIER WHITE,1.1609863990278575,Regular,Maintain standard replenishment review
22221,131,1104.54,13,10.076923076923077,9.647638212377322,10.542679487179488,51,CAKE STAND LOVEBIRD 2 TIER PINK,0.9573992119153067,Regular,Maintain standard replenishment review
22222,1057,3880.2,13,81.3076923076923,110.11765269881771,5.933688404239229,222,CAKE PLATE LOVEBIRD WHITE,1.3543325308274647,High-Revenue Priority,Prioritize inventory monitoring and avoid stockouts
22223,441,1821.6100000000001,13,33.92307692307692,45.450452030134855,6.248966666666667,78,CAKE PLATE LOVEBIRD PINK,1.3398092435187148,Regular,Maintain standard replenishment review
22224,834,2764.0600000000004,13,64.15384615384616,32.63905164534797,3.7335079017989234,164,WHITE LOVEBIRD LANTERN,0.5087621959106997,Regular,Maintain standard replenishment review
22227,2341,1708.0700000000002,13,180.07692307692307,76.84124493445512,0.8929650796773559,289,HANGING HEART MIRROR DECORATION,0.42671344901662395,High-Turnover Stable,Keep stable local warehouse inventory
22228,1000,777.78,12,83.33333333333333,73.64204991138904,0.7945470588235294,147,BUNNY WOODEN PAINTED WITH BIRD,0.8837045989366685,Regular,Maintain standard replenishment review
22229,568,432.46,12,47.333333333333336,43.89519197802738,0.745617201426025,101,BUNNY WOODEN PAINTED WITH FLOWER,0.9273632108033952,Regular,Maintain standard replenishment review
22230,1047,480.63,13,80.53846153846153,112.04881033476393,0.8362239316239316,101,JIGSAW TREE WITH WATERING CAN,1.3912459735930576,Regular,Maintain standard replenishment review
22231,998,1027.72,13,76.76923076923077,51.45411199336396,1.3136045137658041,144,JIGSAW TREE WITH BIRDHOUSE,0.6702439438013341,Regular,Maintain standard replenishment review
22232,690,604.46,13,53.07692307692308,41.837904541339746,1.2116751197520428,83,JIGSAW TOADSTOOLS 3 PIECE,0.7882503754165459,Regular,Maintain standard replenishment review
22233,596,607.14,13,45.84615384615385,41.0220391047019,1.320816747355209,105,JIGSAW RABBIT AND BIRDHOUSE,0.8947760207401422,Regular,Maintain standard replenishment review
22236,308,3624.5999999999995,12,25.666666666666668,16.68604933542516,12.54921218487395,88,CAKE STAND 3 TIER MAGIC GARDEN,0.6501058182633179,High-Revenue Priority,Prioritize inventory monitoring and avoid stockouts
22241,1952,2609.43,12,162.66666666666666,266.8047748425576,1.6062971034646771,239,GARLAND WOODEN HAPPY EASTER,1.6401932879665428,High-Turnover Volatile,Monitor closely and replenish in smaller batches
22242,640,994.38,3,213.33333333333334,227.1240483377604,1.9265,34,5 HOOK HANGER MAGIC TOADSTOOL,1.0646439765832518,Regular,Maintain standard replenishment review
22243,3098,4751.639999999999,12,258.1666666666667,360.6478598132516,1.8266542631641514,131,5 HOOK HANGER RED MAGIC TOADSTOOL,1.3969574944348029,High-Revenue Priority,Prioritize inventory monitoring and avoid stockouts
22244,1703,3276.21,10,170.3,92.18706826640901,2.8230202464202465,159,3 HOOK HANGER MAGIC GARDEN,0.5413215987457957,High-Revenue Priority,Prioritize inventory monitoring and avoid stockouts
22245,1262,1070.0,9,140.22222222222223,160.6422872236462,1.093517483321831,98,"HOOK, 1 HANGER ,MAGIC GARDEN",1.1456264540513597,Regular,Maintain standard replenishment review
22246,431,962.77,12,35.916666666666664,20.812838403837244,2.996777356902357,90,MAGIC GARDEN FELT GARLAND,0.5794757792251669,Regular,Maintain standard replenishment review
22247,668,591.4399999999999,9,74.22222222222223,89.54576731730229,1.0964939752346048,113,BUNNY DECORATION MAGIC GARDEN,1.2064549488858092,Regular,Maintain standard replenishment review
22248,593,525.09,12,49.416666666666664,69.1039511215246,1.2408420138888887,109,DECORATION  PINK CHICK MAGIC GARDEN,1.398393614600835,Regular,Maintain standard replenishment review
22249,928,812.86,11,84.36363636363636,113.08251211153096,1.1636693257602349,145,DECORATION WHITE CHICK MAGIC GARDEN,1.3404177082185782,Regular,Maintain standard replenishment review
22250,819,730.95,13,63.0,77.32399368889322,1.2985387872996568,147,DECORATION  BUTTERFLY  MAGIC GARDEN,1.2273649791887813,Regular,Maintain standard replenishment review
22251,712,889.49,13,54.76923076923077,61.48597922311753,1.792997806893961,137,BIRDHOUSE DECORATION MAGIC GARDEN,1.1226372610962472,Regular,Maintain standard replenishment review
22252,643,761.57,13,49.46153846153846,35.577650720209604,1.2275897435897436,67,BIRDCAGE DECORATION TEALIGHT HOLDER,0.7192993147165239,Regular,Maintain standard replenishment review
22254,657,836.8,13,50.53846153846154,66.5802966157098,1.6185493096646941,61,FELT TOADSTOOL LARGE,1.3174183500825378,Regular,Maintain standard replenishment review
22255,629,602.63,13,48.38461538461539,38.651301102590025,1.1908941058941058,77,FELT TOADSTOOL  SMALL,0.7988345219931166,Regular,Maintain standard replenishment review
22256,286,387.9,6,47.666666666666664,52.221323869341596,1.8050873015873015,50,FELT FARM ANIMAL CHICKEN,1.0955522490071663,Regular,Maintain standard replenishment review
22257,373,280.42,7,53.285714285714285,61.775707970351064,1.3398744588744589,42,FELT FARM ANIMAL SHEEP,1.1593296401942559,Regular,Maintain standard replenishment review
22258,912,743.89,8,114.0,137.44609332908874,1.4841935483870967,77,FELT FARM ANIMAL RABBIT,1.2056674853428837,Regular,Maintain standard replenishment review
22259,481,332.84000000000003,5,96.2,104.20748533574736,1.2666190476190475,44,FELT FARM ANIMAL HEN,1.0832378933029871,Regular,Maintain standard replenishment review
22260,552,577.4399999999999,13,42.46153846153846,59.483352551526814,1.3302385601577909,104,FELT EGG COSY BLUE RABBIT,1.400876056467117,Regular,Maintain standard replenishment review
22261,579,544.7099999999999,12,48.25,66.73301622544462,1.2753379629629629,107,FELT EGG COSY WHITE RABBIT,1.3830676937915982,Regular,Maintain standard replenishment review
22262,1023,950.4599999999998,13,78.6923076923077,90.3671996314524,1.1886121216245056,137,FELT EGG COSY CHICKEN,1.14836128563918,Regular,Maintain standard replenishment review
22263,326,195.97,12,27.166666666666668,46.90577272736817,1.2963730158730158,51,FELT EGG COSY LADYBIRD,1.7265928611301167,Regular,Maintain standard replenishment review
22264,1561,736.9799999999999,10,156.1,233.0815069646,1.3246619047619048,96,FELT FARM ANIMAL WHITE BUNNY,1.4931550734439463,Regular,Maintain standard replenishment review
22265,536,363.55,10,53.6,56.0658343180388,0.7495861244019139,64,EASTER DECORATION NATURAL CHICK,1.0460043716052014,Regular,Maintain standard replenishment review
22266,1887,595.85,12,157.25,204.9652409556313,0.4771110262286733,92,EASTER DECORATION HANGING BUNNY,1.3034355545668126,High-Turnover Volatile,Monitor closely and replenish in smaller batches
22267,836,673.17,12,69.66666666666667,61.8331087147762,0.7820416666666666,83,EASTER DECORATION EGG BUNNY,0.8875565844226249,Regular,Maintain standard replenishment review
22268,2009,802.34,11,182.63636363636363,137.54146482226568,0.6538480167922892,158,EASTER DECORATION SITTING BUNNY,0.7530891553235055,High-Turnover Stable,Keep stable local warehouse inventory
22269,932,621.49,13,71.6923076923077,68.01640073710729,1.134576513481491,125,EGG CUP NATURAL CHICKEN,0.9487266197235995,Regular,Maintain standard replenishment review
22270,243,942.2,9,27.0,28.173569173961614,4.17888468013468,53,HAPPY EASTER HANGING DECORATION,1.0434655249615412,Regular,Maintain standard replenishment review
22271,1701,5007.35,12,141.75,67.1607637078241,3.342621091599033,301,FELTCRAFT DOLL ROSIE,0.47379727483473794,High-Revenue Priority,Prioritize inventory monitoring and avoid stockouts
22272,196,564.92,6,32.666666666666664,18.575970140659322,2.991481481481482,48,FELTCRAFT DOLL MARIA,0.5686521471630405,Regular,Maintain standard replenishment review
22273,4509,12001.59,13,346.84615384615387,650.1547054552793,3.2483866047504497,331,FELTCRAFT DOLL MOLLY,1.8744757531423,High-Revenue Priority,Prioritize inventory monitoring and avoid stockouts
22274,1340,3953.4800000000005,13,103.07692307692308,62.845659540472035,3.239559150995298,267,FELTCRAFT DOLL EMILY,0.6096966970344302,High-Revenue Priority,Prioritize inventory monitoring and avoid stockouts
22275,69,527.85,1,69.0,0.0,7.65,1,WEEKEND BAG VINTAGE ROSE PAISLEY,0.0,Long-Tail,Limit stock and avoid excessive local warehouse space
22276,290,838.86,13,22.307692307692307,21.50342846844279,3.1277041420118343,85,WASH BAG VINTAGE ROSE PAISLEY,0.9639467934129528,Regular,Maintain standard replenishment review
22277,417,897.74,13,32.07692307692308,33.312814197296355,2.649256981580511,100,COSMETIC BAG VINTAGE ROSE PAISLEY,1.0385289797718287,Regular,Maintain standard replenishment review
22278,405,2704.35,13,31.153846153846153,20.46479152856662,7.767965848761689,178,OVERNIGHT BAG VINTAGE ROSE PAISLEY,0.6568945428922619,Regular,Maintain standard replenishment review
22279,831,1003.4,13,63.92307692307692,67.31203648984524,1.6095579710144927,128,POCKET BAG BLUE PAISLEY RED SPOT,1.053016214642585,Regular,Maintain standard replenishment review
22280,468,509.59,13,36.0,42.359571921034956,1.5282086013206415,95,POCKET BAG PINK PAISELY BROWN SPOT,1.1766547755843044,Regular,Maintain standard replenishment review
22281,131,929.44,8,16.375,18.791620472966134,8.561983173076923,63,EASTER TREE YELLOW BIRDS,1.1475798762116722,Regular,Maintain standard replenishment review
22282,149,2378.52,13,11.461538461538462,6.063763746158879,17.18717915844839,99,12 EGG HOUSE PAINTED WOOD,0.529053212752117,Regular,Maintain standard replenishment review
22283,299,2726.43,13,23.0,11.74734012447073,9.816432610124918,155,6 EGG HOUSE PAINTED WOOD,0.5107539184552491,Regular,Maintain standard replenishment review
22284,927,1597.0699999999997,13,71.3076923076923,79.99727559463574,2.0194395604395607,131,HEN HOUSE DECORATION,1.1218603912947838,Regular,Maintain standard replenishment review
22285,870,1493.2499999999998,13,66.92307692307692,72.85540650089227,1.9539767206477732,120,"DECORATION HEN ON NEST, HANGING",1.0886440051857467,Regular,Maintain standard replenishment review
22286,1123,1022.4899999999999,12,93.58333333333333,69.29968953535773,1.304586111111111,115,"DECORATION , WOBBLY RABBIT , METAL",0.7405131562104121,Regular,Maintain standard replenishment review
22287,794,716.8599999999999,12,66.16666666666667,58.15470485669837,1.3752849927849928,80,"DECORATION , WOBBLY CHICKEN, METAL",0.8789124159702524,Regular,Maintain standard replenishment review
22288,474,616.95,10,47.4,71.9308309728481,1.6326666666666667,58,HANGING METAL RABBIT DECORATION,1.5175280795959516,Regular,Maintain standard replenishment review
22289,148,193.52,9,16.444444444444443,31.145268946948875,1.6252777777777778,34,HANGING METAL CHICKEN DECORATION,1.893969057584729,Regular,Maintain standard replenishment review
22291,1289,1906.02,11,117.18181818181819,124.66660994975213,1.529907754644597,120,HANGING CHICK CREAM DECORATION,1.0638733199746109,Regular,Maintain standard replenishment review
22292,1136,1604.51,12,94.66666666666667,139.83583448480078,1.5568165006038648,112,HANGING CHICK  YELLOW DECORATION,1.4771390966704308,Regular,Maintain standard replenishment review
22293,903,1335.87,12,75.25,75.94630280066903,1.7233074039949041,122,HANGING CHICK GREEN DECORATION,1.0092531933643725,Regular,Maintain standard replenishment review
22294,5457,6805.08,13,419.7692307692308,214.2106260382344,1.4501115134865132,299,HEART FILIGREE DOVE  SMALL,0.5103056878316011,High-Revenue Priority,Prioritize inventory monitoring and avoid stockouts
22295,2789,4613.969999999999,13,214.53846153846155,126.82902886998134,1.9323489264049363,250,HEART FILIGREE DOVE LARGE,0.5911715221619783,High-Revenue Priority,Prioritize inventory monitoring and avoid stockouts
22296,3140,5247.719999999999,13,241.53846153846155,97.01513231159298,1.8944342302633876,318,HEART IVORY TRELLIS LARGE,0.401655006385576,High-Revenue Priority,Prioritize inventory monitoring and avoid stockouts
22297,4164,5459.91,13,320.3076923076923,162.89791517766815,1.7444698443133928,378,HEART IVORY TRELLIS SMALL,0.5085669782203857,High-Revenue Priority,Prioritize inventory monitoring and avoid stockouts
22299,1379,1386.97,13,106.07692307692308,148.0002598750317,1.7779727772227771,80,PIG KEYRING WITH LIGHT & SOUND,1.3952163730061,Regular,Maintain standard replenishment review
22300,1528,3409.21,13,117.53846153846153,124.99441013142373,3.105852371412028,196,COFFEE MUG DOG + BALL DESIGN,1.0634341176102806,High-Revenue Priority,Prioritize inventory monitoring and avoid stockouts
22301,2205,4980.83,13,169.6153846153846,121.06784493383482,3.1365951494243927,252,COFFEE MUG CAT + BIRD DESIGN,0.7137786776144457,High-Revenue Priority,Prioritize inventory monitoring and avoid stockouts
22302,2329,5134.29,13,179.15384615384616,136.26557779684381,2.7229353139974326,212,COFFEE MUG PEARS  DESIGN,0.7606064883464876,High-Revenue Priority,Prioritize inventory monitoring and avoid stockouts
22303,2816,6338.25,13,216.6153846153846,149.03665011306137,2.797478318897613,261,COFFEE MUG APPLES DESIGN,0.6880243080503543,High-Revenue Priority,Prioritize inventory monitoring and avoid stockouts
22304,761,1352.8799999999999,12,63.416666666666664,127.4936421468882,3.022468253968254,61,COFFEE MUG BLUE PAISLEY DESIGN,2.0104122283346366,Regular,Maintain standard replenishment review
22305,693,1604.58,13,53.30769230769231,78.95925596511218,2.939056776556776,51,COFFEE MUG PINK PAISLEY DESIGN,1.4811981638477032,Regular,Maintain standard replenishment review
22306,1162,1415.85,9,129.11111111111111,157.0250333899379,1.7415317460317459,111,SILVER MUG BONE CHINA TREE OF LIFE,1.2162007749650956,Regular,Maintain standard replenishment review
22307,770,969.64,7,110.0,109.06878563548784,3.066793650793651,74,GOLD MUG BONE CHINA TREE OF LIFE,0.9915344148680713,Regular,Maintain standard replenishment review
22308,250,877.38,13,19.23076923076923,15.81746843500273,4.061064528866386,105,TEA COSY BLUE STRIPE,0.822508358620142,Regular,Maintain standard replenishment review
22309,369,1091.05,12,30.75,32.008876609749706,3.7458815172400697,121,TEA COSY RED  STRIPE,1.0409390767398279,Regular,Maintain standard replenishment review
22310,668,1296.23,12,55.666666666666664,71.29622370891404,2.6649968796635464,109,IVORY KNITTED MUG COSY,1.280770485788875,Regular,Maintain standard replenishment review
22311,1132,3403.76,13,87.07692307692308,111.71128079299,3.7939331779331784,142,OFFICE MUG WARMER BLACK+SILVER,1.282903401332924,High-Revenue Priority,Prioritize inventory monitoring and avoid stockouts
22312,645,1950.49,13,49.61538461538461,54.12876385918191,3.4832822392661105,131,OFFICE MUG WARMER POLKADOT,1.0909673335959145,Regular,Maintain standard replenishment review
22313,565,1564.83,13,43.46153846153846,75.6963400531089,3.347509157509158,65,OFFICE MUG WARMER PINK,1.741685700337019,Regular,Maintain standard replenishment review
22314,570,1759.1200000000001,13,43.84615384615385,47.721145127791026,3.6878183884266886,133,OFFICE MUG WARMER CHOC+BLUE,1.0883769941426022,Regular,Maintain standard replenishment review
22315,916,1218.93,13,70.46153846153847,43.39472968117862,1.4889110747928453,172,200 RED + WHITE BENDY STRAWS,0.6158640675276441,Regular,Maintain standard replenishment review
22316,660,742.37,13,50.76923076923077,73.95286093874692,1.4251410256410255,55,200 BENDY SKULL STRAWS,1.4566472609147123,Regular,Maintain standard replenishment review
22317,286,879.6700000000001,12,23.833333333333332,25.995920425864494,3.900882716049383,89,FIVE CATS HANGING DECORATION,1.0907379199663425,Regular,Maintain standard replenishment review
22318,462,1541.6200000000001,13,35.53846153846154,19.61978331776112,3.8915283003889813,142,FIVE HEART HANGING DECORATION,0.5520718249586462,Regular,Maintain standard replenishment review
22319,1322,572.26,13,101.6923076923077,159.53389640626253,0.6146153846153847,61,HAIRCLIPS FORTIES FABRIC ASSORTED,1.568790206718164,Regular,Maintain standard replenishment review
22320,189,1147.27,13,14.538461538461538,10.805981249716787,6.211807081807081,73,BIRDS MOBILE VINTAGE DESIGN,0.7432685515678213,Regular,Maintain standard replenishment review
22321,893,860.93,13,68.6923076923077,54.11620924052333,1.3024979757085018,132,BIRD DECORATION RED RETROSPOT,0.7878059575888054,Regular,Maintain standard replenishment review
22322,820,747.8100000000001,12,68.33333333333333,84.37829679305555,1.2043758267195768,139,BIRD DECORATION GREEN POLKADOT,1.2348043433130083,Regular,Maintain standard replenishment review
22323,1,1.95,1,1.0,0.0,1.95,1,PINK POLKADOT KIDS BAG,0.0,Long-Tail,Limit stock and avoid excessive local warehouse space
22324,286,688.3,13,22.0,22.015146301277824,3.443017094017094,74,BLUE POLKADOT KIDS BAG,1.000688468239901,Regular,Maintain standard replenishment review
22325,249,1146.3500000000001,12,20.75,23.541549342695046,5.491394265232976,93,MOBILE VINTAGE HEARTS,1.1345324984431346,Regular,Maintain standard replenishment review
22326,8535,24364.87,13,656.5384615384615,250.4015493111732,3.492609653614704,732,ROUND SNACK BOXES SET OF4 WOODLAND,0.3813966187516405,High-Revenue Priority,Prioritize inventory monitoring and avoid stockouts
22327,1167,4304.25,13,89.76923076923077,43.63132255263766,4.359947586073789,287,ROUND SNACK BOXES SET OF 4 SKULLS,0.48603872595054803,High-Revenue Priority,Prioritize inventory monitoring and avoid stockouts
22328,6835,19094.97,13,525.7692307692307,429.37806842108927,3.264094487854403,581,ROUND SNACK BOXES SET OF 4 FRUITS,0.8166664066531325,High-Revenue Priority,Prioritize inventory monitoring and avoid stockouts
22329,1603,2661.8899999999994,13,123.3076923076923,95.54351941688196,2.1552513042513044,238,ROUND CONTAINER SET OF 5 RETROSPOT,0.7748382734993546,Regular,Maintain standard replenishment review
22331,1840,2975.14,13,141.53846153846155,96.01962940341537,2.025878842480057,183,WOODLAND PARTY BAG + STICKER SET,0.6783995555676086,Regular,Maintain standard replenishment review
22332,1032,1678.0,13,79.38461538461539,55.0765201962059,1.7805740225084117,148,SKULLS PARTY BAG + STICKER SET,0.6937933745646092,Regular,Maintain standard replenishment review
22333,4492,7043.94,13,345.53846153846155,173.03256696578603,1.8728514057025856,317,RETROSPOT PARTY BAG + STICKER SET,0.5007621038635838,High-Revenue Priority,Prioritize inventory monitoring and avoid stockouts
22334,707,1160.7099999999998,13,54.38461538461539,43.44064621514905,1.7813434343434342,101,DINOSAUR PARTY BAG + STICKER SET,0.7987671864171678,Regular,Maintain standard replenishment review
22335,2380,1668.89,13,183.07692307692307,102.29732933827543,0.909194985056804,225,HEART DECORATION PAINTED ZINC,0.5587669249569667,High-Turnover Stable,Keep stable local warehouse inventory
22336,2381,754.0300000000001,11,216.45454545454547,357.67928752902753,0.6841753246753247,79,DOVE DECORATION PAINTED ZINC,1.6524452594789176,High-Turnover Volatile,Monitor closely and replenish in smaller batches
22337,912,574.5400000000001,7,130.28571428571428,119.77856553617914,0.7756065637724624,77,ANGEL DECORATION PAINTED ZINC,0.9193530249487435,Regular,Maintain standard replenishment review
22338,4679,1233.91,9,519.8888888888889,743.4925091156676,0.7299232207502884,180,STAR DECORATION PAINTED ZINC,1.4300988634411218,High-Turnover Volatile,Monitor closely and replenish in smaller batches
22339,2468,683.3100000000001,6,411.3333333333333,419.9650779132316,0.6523439649781113,83,CHRISTMAS TREE PAINTED ZINC,1.0209847923336264,High-Turnover Stable,Keep stable local warehouse inventory
22340,1398,787.2099999999999,7,199.71428571428572,257.1307801396754,1.6007402141184344,128,NOEL GARLAND PAINTED ZINC,1.2874931766650413,Regular,Maintain standard replenishment review
22341,453,827.6299999999999,13,34.84615384615385,26.494798715490536,2.5253409923409924,78,LOVE GARLAND PAINTED ZINC,0.760336386978757,Regular,Maintain standard replenishment review
22342,997,1111.58,13,76.6923076923077,55.53134942742495,2.0086794937089056,128,HOME GARLAND PAINTED ZINC,0.724079781902231,Regular,Maintain standard replenishment review
22343,1974,873.3299999999999,13,151.84615384615384,165.30418736067867,0.7699179154179153,94,PARTY PIZZA DISH RED RETROSPOT,1.0886294000449963,High-Turnover Volatile,Monitor closely and replenish in smaller batches
22344,1225,459.81,12,102.08333333333333,142.79639563399562,0.8852715053763441,76,PARTY PIZZA DISH PINK POLKADOT,1.3988218347819978,Regular,Maintain standard replenishment review
22345,1117,399.05,13,85.92307692307692,133.7051865975173,0.8089007444168733,71,PARTY PIZZA DISH BLUE POLKADOT,1.556103335512735,Regular,Maintain standard replenishment review
22346,1034,381.09,10,103.4,127.76645360448363,0.8002777777777779,59,PARTY PIZZA DISH GREEN POLKADOT,1.2356523559427817,Regular,Maintain standard replenishment review
22348,4084,3583.29,13,314.15384615384613,142.83022914976493,1.0779504387140457,358,TEA BAG PLATE RED RETROSPOT,0.4546505825041489,High-Revenue Priority,Prioritize inventory monitoring and avoid stockouts
22349,1366,5381.5199999999995,13,105.07692307692308,224.91793375157286,4.162460317460317,131,DOG BOWL CHASING BALL DESIGN,2.140507422233124,High-Revenue Priority,Prioritize inventory monitoring and avoid stockouts
22350,1410,3822.12,13,108.46153846153847,252.47231379058027,3.014983544233544,120,ILLUSTRATED CAT BOWL,2.327758921473435,High-Revenue Priority,Prioritize inventory monitoring and avoid stockouts
22351,13,23.089999999999996,2,6.5,7.7781745930520225,2.4699999999999998,2,DOTCOMGIFTSHOP TEA TOWEL,1.1966422450849266,Long-Tail,Limit stock and avoid excessive local warehouse space
22352,3088,7860.969999999999,13,237.53846153846155,115.63492507644867,3.358925137814762,482,LUNCH BOX WITH CUTLERY RETROSPOT,0.48680506023116343,High-Revenue Priority,Prioritize inventory monitoring and avoid stockouts
22353,60,153.0,4,15.0,11.633285577743433,2.55,24,LUNCH BOX WITH CUTLERY FAIRY CAKES,0.7755523718495622,Long-Tail,Limit stock and avoid excessive local warehouse space
22354,750,2860.98,13,57.69230769230769,31.61851940288744,4.771798534798535,83,RETROSPOT PADDED SEAT CUSHION,0.5480543363167156,Regular,Maintain standard replenishment review
22355,18124,29254.15,13,1394.1538461538462,340.8239638860131,1.224400214333347,882,CHARLOTTE BAG SUKI DESIGN,0.2444665377686035,High-Revenue Priority,Prioritize inventory monitoring and avoid stockouts
22356,9716,11417.74,13,747.3846153846154,292.30421894022743,1.2790206355672566,742,CHARLOTTE BAG PINK POLKADOT,0.3911028042633755,High-Revenue Priority,Prioritize inventory monitoring and avoid stockouts
22357,468,2175.04,13,36.0,22.649503305812246,5.36210294767125,180,KINGS CHOICE BISCUIT TIN,0.6291528696058957,Regular,Maintain standard replenishment review
22358,698,2551.2200000000003,13,53.69230769230769,29.931545832072153,4.370075683267424,255,KINGS CHOICE TEA CADDY,0.5574643206546389,Regular,Maintain standard replenishment review
22359,183,605.7700000000001,13,14.076923076923077,8.067026904437785,3.6419240759240763,81,GLASS JAR KINGS CHOICE,0.5730674850147061,Regular,Maintain standard replenishment review
22360,1010,3192.82,13,77.6923076923077,39.56720994161836,3.952819304716108,214,GLASS JAR ENGLISH CONFECTIONERY,0.5092809200406323,High-Revenue Priority,Prioritize inventory monitoring and avoid stockouts
22361,727,2592.33,13,55.92307692307692,32.46911747712878,4.5511760795548595,268,GLASS JAR DAISY FRESH COTTON WOOL,0.580603201104091,Regular,Maintain standard replenishment review
22362,408,1329.44,13,31.384615384615383,31.394103643673976,4.159095285056823,133,GLASS JAR PEACOCK BATH SALTS,1.0003023219798082,Regular,Maintain standard replenishment review
22363,480,1380.8,13,36.92307692307692,44.41745441164156,3.7843882783882785,81,GLASS JAR MARMALADE,1.2029727236486256,Regular,Maintain standard replenishment review
22364,616,2001.32,13,47.38461538461539,27.810485017760424,4.147385091741367,164,GLASS JAR DIGESTIVE BISCUITS,0.5869095864137751,Regular,Maintain standard replenishment review
22365,789,5754.03,13,60.69230769230769,78.77963422884604,9.936021402084988,179,DOORMAT RESPECTABLE HOUSE,1.2980167870405557,High-Revenue Priority,Prioritize inventory monitoring and avoid stockouts
22366,800,6034.9,13,61.53846153846154,53.11562134409453,9.699181927020014,220,DOORMAT AIRMAIL,0.863128846841536,High-Revenue Priority,Prioritize inventory monitoring and avoid stockouts
22367,3749,7508.58,13,288.38461538461536,146.11441775856028,2.4165003144910937,550,CHILDRENS APRON SPACEBOY DESIGN,0.5066650922542768,High-Revenue Priority,Prioritize inventory monitoring and avoid stockouts
22371,1086,5072.32,13,83.53846153846153,36.93601536128702,5.114121681121816,392,AIRLINE BAG VINTAGE TOKYO 78,0.44214383029164944,High-Revenue Priority,Prioritize inventory monitoring and avoid stockouts
22372,279,1289.49,13,21.46153846153846,13.118786685610987,4.994042557869481,147,AIRLINE BAG VINTAGE WORLD CHAMPION,0.61126963051234,Regular,Maintain standard replenishment review
22374,546,2427.52,13,42.0,21.9848432637882,4.804393211156343,223,AIRLINE BAG VINTAGE JET SET RED,0.5234486491378143,Regular,Maintain standard replenishment review
22375,346,1626.54,13,26.615384615384617,14.168853526535246,5.240429488547492,167,AIRLINE BAG VINTAGE JET SET BROWN,0.5323557683380294,Regular,Maintain standard replenishment review
22376,252,1133.2,13,19.384615384615383,10.29189374814358,4.741696134275082,122,AIRLINE BAG VINTAGE JET SET WHITE,0.5309310266899466,Regular,Maintain standard replenishment review
22377,1330,2171.5299999999997,13,102.3076923076923,129.03060658579201,2.689333775575857,207,BOTTLE BAG RETROSPOT,1.261201417755862,Regular,Maintain standard replenishment review
22378,2283,3638.57,13,175.6153846153846,237.82680619221574,3.2592290564356827,293,WALL TIDY RETROSPOT,1.3542481298724507,High-Revenue Priority,Prioritize inventory monitoring and avoid stockouts
22379,6896,15607.59,13,530.4615384615385,242.62097167688515,3.1965653579390603,748,RECYCLING BAG RETROSPOT,0.45737712178067097,High-Revenue Priority,Prioritize inventory monitoring and avoid stockouts
22380,1312,2815.46,13,100.92307692307692,31.009303814773446,2.674956599261405,285,TOY TIDY SPACEBOY,0.3072568213354076,Regular,Maintain standard replenishment review
22381,3439,7433.74,13,264.53846153846155,152.90389976747673,3.033201666657338,469,TOY TIDY PINK POLKADOT,0.5780025289261987,High-Revenue Priority,Prioritize inventory monitoring and avoid stockouts
22382,10427,18031.309999999998,13,802.0769230769231,372.3162771843453,2.0161207995274055,1157,LUNCH BAG SPACEBOY DESIGN,0.46419023721074987,High-Revenue Priority,Prioritize inventory monitoring and avoid stockouts
22383,12518,22486.34,13,962.9230769230769,419.24107256216786,2.236767662716498,1284,LUNCH BAG SUKI  DESIGN,0.4353837628461561,High-Revenue Priority,Prioritize inventory monitoring and avoid stockouts
22384,10487,17388.99,13,806.6923076923077,435.738909710732,2.100079472576442,1090,LUNCH BAG PINK POLKADOT,0.5401550325392882,High-Revenue Priority,Prioritize inventory monitoring and avoid stockouts
22385,8666,17071.59,13,666.6153846153846,340.3778631808916,2.6660938708075452,686,JUMBO BAG SPACEBOY DESIGN,0.5106060721615037,High-Revenue Priority,Prioritize inventory monitoring and avoid stockouts
22386,21448,42401.01,13,1649.8461538461538,915.8867148064626,2.6275453069544286,1218,JUMBO BAG PINK POLKADOT,0.5551346182620297,High-Revenue Priority,Prioritize inventory monitoring and avoid stockouts
22389,338,641.55,11,30.727272727272727,32.49335596423031,2.5427402597402597,45,PAPERWEIGHT SAVE THE PLANET,1.0574760816761344,Regular,Maintain standard replenishment review
22390,266,440.34000000000003,13,20.46153846153846,19.268347899320034,2.6568376068376063,36,PAPERWEIGHT CHILDHOOD MEMORIES,0.9416861755306785,Regular,Maintain standard replenishment review
22391,158,245.58,11,14.363636363636363,16.818280097992943,3.0290909090909093,29,PAPERWEIGHT HOME SWEET HOME,1.1708929182146985,Regular,Maintain standard replenishment review
22393,510,736.88,13,39.23076923076923,63.97806114358506,3.1462164224664226,71,PAPERWEIGHT VINTAGE COLLAGE,1.6308133232678543,Regular,Maintain standard replenishment review
22394,168,230.68,11,15.272727272727273,18.900216448977027,2.7836363636363632,23,PAPERWEIGHT KINGS CHOICE,1.237514172254448,Regular,Maintain standard replenishment review
22395,152,220.04,11,13.818181818181818,22.622193447224262,3.6934469696969696,33,PAPERWEIGHT VINTAGE PAISLEY,1.6371324205228084,Regular,Maintain standard replenishment review
22396,1226,630.37,13,94.3076923076923,88.11392683659095,0.9175996919746919,128,MAGNETS PACK OF 4 RETRO PHOTO,0.934323857157979,Regular,Maintain standard replenishment review
22398,2575,1589.12,13,198.07692307692307,142.24302064803362,0.9786081161907734,248,MAGNETS PACK OF 4 SWALLOWS,0.7181201042424998,High-Turnover Stable,Keep stable local warehouse inventory
22399,1152,1347.0800000000002,13,88.61538461538461,83.60775329032835,1.3336640026640028,98,MAGNETS PACK OF 4 CHILDHOOD MEMORY,0.9434902715054414,Regular,Maintain standard replenishment review
22400,1393,729.09,13,107.15384615384616,120.09846387710803,0.9515223029658514,150,MAGNETS PACK OF 4 HOME SWEET HOME,1.1208040419256313,Regular,Maintain standard replenishment review
22402,1719,1033.16,13,132.23076923076923,111.71925665565588,0.9243368700265252,151,MAGNETS PACK OF 4 VINTAGE COLLAGE,0.8448809403859957,Regular,Maintain standard replenishment review
22403,1322,689.28,13,101.6923076923077,109.28508941859714,1.0633584933584932,125,MAGNETS PACK OF 4 VINTAGE LABELS,1.0746642681102594,Regular,Maintain standard replenishment review
22405,372,415.36,13,28.615384615384617,22.70660132185668,1.4606880341880344,70,MONEY BOX POCKET MONEY DESIGN,0.7935102612476796,Regular,Maintain standard replenishment review
22406,346,403.46,13,26.615384615384617,24.874814778333732,1.5466085972850676,84,MONEY BOX KINGS CHOICE DESIGN,0.934602867394042,Regular,Maintain standard replenishment review
22407,94,99.28,10,9.4,7.411702458499891,1.2648333333333333,24,MONEY BOX FIRST ADE DESIGN,0.7884789849467969,Regular,Maintain standard replenishment review
22408,145,162.44,11,13.181818181818182,11.779797806568514,1.4674242424242423,29,MONEY BOX CONFECTIONERY DESIGN,0.8936398336017494,Regular,Maintain standard replenishment review
22409,228,299.72,13,17.53846153846154,14.78521437458937,1.5574679487179486,57,MONEY BOX BISCUITS DESIGN,0.843016609077464,Regular,Maintain standard replenishment review
22410,237,247.42000000000002,13,18.23076923076923,21.966466284444593,1.458501221001221,58,MONEY BOX HOUSEKEEPING DESIGN,1.2049116527332477,Regular,Maintain standard replenishment review
22411,12574,28577.1,13,967.2307692307693,426.2413545254523,2.699922343305263,1175,JUMBO SHOPPER VINTAGE RED PAISLEY,0.44068217025853984,High-Revenue Priority,Prioritize inventory monitoring and avoid stockouts
22412,911,1931.8500000000001,12,75.91666666666667,46.881782337615064,2.5423022613960113,147,METAL SIGN NEIGHBOURHOOD WITCH,0.6175426872133707,Regular,Maintain standard replenishment review
22413,3774,11095.94,13,290.3076923076923,373.8955702277006,3.3254301530625385,412,METAL SIGN TAKE IT OR LEAVE IT,1.2879285672920264,High-Revenue Priority,Prioritize inventory monitoring and avoid stockouts
22414,279,2038.3899999999999,13,21.46153846153846,30.739809651913877,9.997791930291932,95,DOORMAT NEIGHBOURHOOD WITCH,1.4323208798382812,Regular,Maintain standard replenishment review
22415,19,151.05,2,9.5,4.949747468305833,7.95,13,WHITE TISSUE REAM,0.5210260492953508,Long-Tail,Limit stock and avoid excessive local warehouse space
22416,868,1210.82,13,66.76923076923077,97.4141963012868,1.5807359307359308,76,SET OF 36 DOILIES SPACEBOY DESIGN,1.458968377784249,Regular,Maintain standard replenishment review
22417,8420,4563.24,13,647.6923076923077,244.8085594280371,0.7710101907387519,520,PACK OF 60 SPACEBOY CAKE CASES,0.37797045992452283,High-Revenue Priority,Prioritize inventory monitoring and avoid stockouts
22418,6564,5585.45,13,504.9230769230769,223.91831157011313,1.0541174946905612,318,10 COLOUR SPACEBOY PEN,0.44347014783843247,High-Revenue Priority,Prioritize inventory monitoring and avoid stockouts
22419,3338,1673.1,13,256.7692307692308,171.70330701831472,0.5928054589888955,272,LIPSTICK PEN RED,0.668706707980255,High-Turnover Stable,Keep stable local warehouse inventory
22420,1333,611.3,13,102.53846153846153,92.37569610438251,0.5807200854700855,126,LIPSTICK PEN BABY PINK,0.9008882590825001,Regular,Maintain standard replenishment review
22421,2597,1347.1000000000001,13,199.76923076923077,163.79517384330643,0.6143577989500442,213,LIPSTICK PEN FUSCHIA,0.8199219329853614,High-Turnover Stable,Keep stable local warehouse inventory
22422,1273,776.1,13,97.92307692307692,142.26000933646202,1.0788515912755263,205,TOOTHPASTE TUBE PEN,1.4527730725640269,Regular,Maintain standard replenishment review
22423,13851,174156.54,13,1065.4615384615386,389.34723477991884,14.061295919776027,1988,REGENCY CAKESTAND 3 TIER,0.36542589359172223,High-Revenue Priority,Prioritize inventory monitoring and avoid stockouts
22424,873,12358.33,13,67.15384615384616,23.497681282224967,15.962130493975696,454,ENAMEL BREAD BIN CREAM,0.34990819778800064,High-Revenue Priority,Prioritize inventory monitoring and avoid stockouts
22425,460,2346.12,13,35.38461538461539,15.069497124646977,5.801468521674404,166,ENAMEL COLANDER CREAM,0.4258770926530667,Regular,Maintain standard replenishment review
22426,742,2855.21,13,57.07692307692308,23.60953740356334,5.014666621776915,208,ENAMEL WASH BOWL CREAM,0.41364418631579974,Regular,Maintain standard replenishment review
22427,2106,12647.26,12,175.5,99.83486364992942,6.537718118436341,506,ENAMEL FLOWER JUG CREAM,0.5688596219369197,High-Revenue Priority,Prioritize inventory monitoring and avoid stockouts
22428,246,1854.76,13,18.923076923076923,9.041216165073687,8.293135864135865,114,ENAMEL FIRE BUCKET CREAM,0.47778784612178016,Regular,Maintain standard replenishment review
22429,1262,5507.18,13,97.07692307692308,49.97076068139171,4.889474765443856,376,ENAMEL MEASURING JUG CREAM,0.5147542700935754,High-Revenue Priority,Prioritize inventory monitoring and avoid stockouts
22430,617,3241.34,13,47.46153846153846,35.9713204850183,5.7541700256052035,195,ENAMEL WATERING CAN CREAM,0.7579046455514391,High-Revenue Priority,Prioritize inventory monitoring and avoid stockouts
22431,2058,3998.7099999999996,13,158.30769230769232,119.14723707482311,2.4394613843230215,334,WATERING CAN BLUE ELEPHANT,0.7526307492578719,High-Revenue Priority,Prioritize inventory monitoring and avoid stockouts
22432,1716,3342.82,13,132.0,103.71033378276887,2.274410383000759,277,WATERING CAN PINK BUNNY,0.7856843468391581,High-Revenue Priority,Prioritize inventory monitoring and avoid stockouts
22433,1394,2667.5,13,107.23076923076923,97.06711925789105,2.4553301561236784,227,WATERING CAN GREEN DINOSAUR,0.9052170375556554,Regular,Maintain standard replenishment review
22434,793,1570.4099999999999,13,61.0,40.732869610017254,2.1226409701409703,124,BALLOON PUMP WITH 10 BALLOONS,0.667751960819955,Regular,Maintain standard replenishment review
22435,2757,3445.5,13,212.07692307692307,132.71866330604595,1.458353304390118,266,SET OF 9 HEART SHAPED BALLOONS,0.6258043608917655,High-Revenue Priority,Prioritize inventory monitoring and avoid stockouts
22436,2134,1398.51,13,164.15384615384616,85.93490380693802,0.704585164835165,163,12 COLOURED PARTY BALLOONS,0.5235022256280198,High-Turnover Stable,Keep stable local warehouse inventory
22437,2828,2417.2400000000002,13,217.53846153846155,109.39806167129241,1.013876327470141,226,SET OF 9 BLACK SKULL BALLOONS,0.5028906653913724,High-Turnover Stable,Keep stable local warehouse inventory
22438,1009,1034.9,13,77.61538461538461,158.85556252013885,2.059728886498117,98,BALLOON ART MAKE YOUR OWN FLOWERS,2.046701994808528,Regular,Maintain standard replenishment review
22439,1898,1293.22,13,146.0,73.11178655547499,0.7754122348239996,197,6 ROCKET BALLOONS,0.5007656613388698,High-Turnover Stable,Keep stable local warehouse inventory
22440,6010,2375.04,13,462.3076923076923,754.4985514250933,0.4564745397764628,154,BALLOON WATER BOMB PACK OF 35,1.6320268167264913,High-Turnover Volatile,Monitor closely and replenish in smaller batches
22441,1047,2292.9100000000003,13,80.53846153846153,40.08868374120762,2.5551738744533057,219,GROW YOUR OWN BASIL IN ENAMEL MUG,0.4977582508459399,Regular,Maintain standard replenishment review
22442,296,1241.3,11,26.90909090909091,55.28734854458938,7.938865800865801,78,GROW YOUR OWN FLOWERS SET OF 3,2.054597412130011,Regular,Maintain standard replenishment review
22443,164,1391.74,9,18.22222222222222,11.723670263379315,8.435975308641977,90,GROW YOUR OWN HERBS SET OF 3,0.6433721486000844,Regular,Maintain standard replenishment review
22444,838,1106.62,6,139.66666666666666,160.41903461455772,2.901137931034483,57,GROW YOUR OWN PLANT IN A CAN,1.1485849733739217,Regular,Maintain standard replenishment review
22445,534,1615.91,13,41.07692307692308,31.608178104359684,3.70845808678501,130,PENCIL CASE LIFE IS BEAUTIFUL,0.7694874819413405,Regular,Maintain standard replenishment review
22446,439,1135.18,12,36.583333333333336,37.41282797343309,3.1776818160597577,133,PIN CUSHION BABUSHKA PINK,1.0226741131690138,Regular,Maintain standard replenishment review
22447,137,410.81,12,11.416666666666666,18.067843526469055,3.880096618357488,45,PIN CUSHION BABUSHKA BLUE,1.5825848344352458,Regular,Maintain standard replenishment review
22448,201,656.4300000000001,13,15.461538461538462,15.371051713179252,3.9793846153846153,45,PIN CUSHION BABUSHKA RED,0.9941476232404491,Regular,Maintain standard replenishment review
22449,491,1583.95,12,40.916666666666664,26.255591035169267,3.346161504345328,143,SILK PURSE BABUSHKA PINK,0.6416845059511838,Regular,Maintain standard replenishment review
22450,194,657.76,10,19.4,23.013039781828038,3.3916363636363642,58,SILK PURSE BABUSHKA BLUE,1.1862391640117547,Regular,Maintain standard replenishment review
22451,222,775.8000000000001,6,37.0,51.18202809580722,3.538021164021164,51,SILK PURSE BABUSHKA RED,1.3832980566434383,Regular,Maintain standard replenishment review
22452,722,1760.31,13,55.53846153846154,61.228554592084706,2.8105700133200133,144,MEASURING TAPE BABUSHKA PINK,1.1024531990264559,Regular,Maintain standard replenishment review
22453,442,1185.79,13,34.0,42.47940677551889,3.1181025641025646,78,MEASURING TAPE BABUSHKA BLUE,1.249394316927026,Regular,Maintain standard replenishment review
22454,266,757.02,11,24.181818181818183,50.51498427559526,2.972583732057416,41,MEASURING TAPE BABUSHKA RED,2.088965515156195,Regular,Maintain standard replenishment review
22456,1727,9534.67,13,132.84615384615384,45.449323709391166,6.723924450749175,476,NATURAL SLATE CHALKBOARD LARGE,0.3421199815993545,High-Revenue Priority,Prioritize inventory monitoring and avoid stockouts
22457,9119,27991.61,13,701.4615384615385,131.60839346625744,3.600193901133839,1249,NATURAL SLATE HEART CHALKBOARD,0.18762025606550572,High-Revenue Priority,Prioritize inventory monitoring and avoid stockouts
22458,523,1421.83,5,104.6,137.2071426712181,3.185621212121212,23,CAST IRON HOOK GARDEN FORK,1.311731765499217,Regular,Maintain standard replenishment review
22459,386,1018.19,5,77.2,105.90184134376513,3.0779242424242423,25,CAST IRON HOOK GARDEN TROWEL,1.3717855096342633,Regular,Maintain standard replenishment review
22460,2546,3273.5,13,195.84615384615384,111.92992313187611,1.5651282665562851,211,EMBOSSED GLASS TEALIGHT HOLDER,0.5715196389294538,High-Revenue Priority,Prioritize inventory monitoring and avoid stockouts
22461,239,1453.5800000000002,9,26.555555555555557,34.04449702635916,12.319043209876543,53,SAVOY ART DECO CLOCK,1.282010348272939,Regular,Maintain standard replenishment review
22464,3402,5485.629999999999,13,261.6923076923077,91.96229717968176,1.9582269639939418,351,HANGING METAL HEART LANTERN,0.3514138340199479,High-Revenue Priority,Prioritize inventory monitoring and avoid stockouts
22465,2053,3141.54,13,157.92307692307693,123.88601046826713,1.9699937709349473,198,HANGING METAL STAR LANTERN,0.7844705972174733,High-Revenue Priority,Prioritize inventory monitoring and avoid stockouts
22466,3069,5605.79,13,236.07692307692307,263.49967158058644,2.354446959191303,209,FAIRY TALE COTTAGE NIGHTLIGHT,1.1161602250073717,High-Revenue Priority,Prioritize inventory monitoring and avoid stockouts
22467,7926,18798.67,13,609.6923076923077,264.4640443788735,2.8805840570539565,681,GUMBALL COAT RACK,0.43376641142131656,High-Revenue Priority,Prioritize inventory monitoring and avoid stockouts
22468,517,3633.17,13,39.76923076923077,24.745888029306492,8.268031046248437,153,BABUSHKA LIGHTS STRING OF 10,0.6222370297504535,High-Revenue Priority,Prioritize inventory monitoring and avoid stockouts
22469,17963,32094.6,13,1381.7692307692307,866.8993745764416,1.9838398175643737,1201,HEART OF WICKER SMALL,0.6273836146241575,High-Revenue Priority,Prioritize inventory monitoring and avoid stockouts
22470,9887,30098.11,13,760.5384615384615,590.4373541966745,3.2631798606562437,925,HEART OF WICKER LARGE,0.7763412161987224,High-Revenue Priority,Prioritize inventory monitoring and avoid stockouts
22471,419,1502.02,11,38.09090909090909,43.51655902172079,5.713350769600769,105,TV DINNER TRAY AIR HOSTESS,1.1424394969902831,Regular,Maintain standard replenishment review
22472,320,1527.01,13,24.615384615384617,22.900285520557965,6.724150797920029,107,TV DINNER TRAY DOLLY GIRL,0.9303240992726672,Regular,Maintain standard replenishment review
22473,503,1623.04,13,38.69230769230769,61.38727421784938,5.921563053755362,112,TV DINNER TRAY VINTAGE PAISLEY,1.5865498306800039,Regular,Maintain standard replenishment review
22474,303,1636.27,13,23.307692307692307,20.798175462383774,6.847026228756998,132,SPACEBOY TV DINNER TRAY,0.8923309604323072,Regular,Maintain standard replenishment review
22475,313,1590.8200000000002,13,24.076923076923077,22.024461924799052,6.066223137973139,138,SKULL DESIGN TV DINNER TRAY,0.9147540096561907,Regular,Maintain standard replenishment review
22476,880,2839.21,13,67.6923076923077,169.10222973859362,6.578897037181667,125,EMPIRE UNION JACK TV DINNER TRAY,2.4981011211383146,Regular,Maintain standard replenishment review
22477,1364,1967.8999999999999,13,104.92307692307692,163.64364818025658,1.8469465020306888,127,WATERING CAN GARDEN MARKER,1.5596535383748795,Regular,Maintain standard replenishment review
22478,1537,2210.62,13,118.23076923076923,154.21962361415717,1.8083261951723488,140,BIRDHOUSE GARDEN MARKER,1.3043949947846736,Regular,Maintain standard replenishment review
22479,1139,1658.5699999999997,13,87.61538461538461,151.1905742551094,1.7876758241758242,98,DAISY GARDEN MARKER,1.7256167386447956,Regular,Maintain standard replenishment review
22480,630,755.96,9,70.0,47.791212581394085,1.2893024691358024,73,RED TEA TOWEL CLASSIC DESIGN,0.6827316083056297,Regular,Maintain standard replenishment review
22481,825,747.3,13,63.46153846153846,45.86504730295788,1.1216875316990702,128,BLACK TEA TOWEL CLASSIC DESIGN,0.7227219575011545,Regular,Maintain standard replenishment review
22482,478,565.86,8,59.75,59.434838268476845,1.2576325757575757,53,BLUE TEA TOWEL CLASSIC DESIGN,0.9947253266690685,Regular,Maintain standard replenishment review
22483,770,2302.94,13,59.23076923076923,44.97064569648711,3.600884884346423,169,RED GINGHAM TEDDY BEAR,0.7592446676030291,Regular,Maintain standard replenishment review
22485,526,7190.35,13,40.46153846153846,24.329732785953432,14.98713027761712,208,SET OF 2 WOODEN MARKET CRATES,0.6013051829228034,High-Revenue Priority,Prioritize inventory monitoring and avoid stockouts
22486,71,446.45,8,8.875,7.259230577094832,8.190916666666666,25,PLASMATRONIC LAMP,0.8179414734754741,Long-Tail,Limit stock and avoid excessive local warehouse space
22487,784,7909.28,13,60.30769230769231,30.059343016175564,11.092498699336874,429,WHITE WOOD GARDEN PLANT LADDER,0.4984329836865846,High-Revenue Priority,Prioritize inventory monitoring and avoid stockouts
22488,3195,5573.679999999999,13,245.76923076923077,98.46078224869859,2.1021042344674337,415,NATURAL SLATE RECTANGLE CHALKBOARD,0.40062290116841365,High-Revenue Priority,Prioritize inventory monitoring and avoid stockouts
22489,9719,4072.13,13,747.6153846153846,290.94659832505874,0.5420383012979576,443,PACK OF 12 TRADITIONAL CRAYONS,0.38916614654036047,High-Revenue Priority,Prioritize inventory monitoring and avoid stockouts
22491,3947,3183.6299999999997,13,303.61538461538464,181.10012813429043,0.9128929121363197,219,PACK OF 12 COLOURED PENCILS,0.5964787600065303,High-Revenue Priority,Prioritize inventory monitoring and avoid stockouts
22492,26633,16937.82,13,2048.6923076923076,950.2218499395624,0.7737964424689121,380,MINI PAINT SET VINTAGE,0.4638187229833031,High-Revenue Priority,Prioritize inventory monitoring and avoid stockouts
22493,2461,3986.6399999999994,13,189.30769230769232,197.8907041000935,1.879527789596787,220,PAINT YOUR OWN CANVAS SET,1.0453389489236957,High-Revenue Priority,Prioritize inventory monitoring and avoid stockouts
22494,1088,1572.27,13,83.6923076923077,45.12646048492432,1.9098482422554819,245,EMERGENCY FIRST AID TIN,0.5391948403529561,Regular,Maintain standard replenishment review
22495,282,748.82,13,21.692307692307693,25.09775758703227,3.4514369160251515,98,SET OF 2 ROUND TINS CAMEMBERT,1.1569888249341116,Regular,Maintain standard replenishment review
22496,253,535.11,13,19.46153846153846,28.497413287920786,3.0737239427239427,79,SET OF 2 ROUND TINS DUTCH CHEESE,1.4642939634109495,Regular,Maintain standard replenishment review
22497,224,1140.9,13,17.23076923076923,10.886948196149415,5.548821990874623,100,SET OF 2 TINS VINTAGE BATHROOM,0.6318318149551,Regular,Maintain standard replenishment review
22498,333,2116.04,13,25.615384615384617,18.168372067682444,7.041173884145545,150,WOODEN REGATTA BUNTING,0.7092757864260413,Regular,Maintain standard replenishment review
22499,2091,12792.25,13,160.84615384615384,215.80579469893996,6.939629058738229,407,WOODEN UNION JACK BUNTING,1.3416907370091915,High-Revenue Priority,Prioritize inventory monitoring and avoid stockouts
22500,248,967.0500000000001,13,19.076923076923077,22.414509952489624,5.674741899126515,96,SET OF 2 TINS JARDIN DE PROVENCE,1.1749541507353432,Regular,Maintain standard replenishment review
22501,1602,19302.26,12,133.5,165.97836660787507,14.918580321613147,445,PICNIC BASKET WICKER LARGE,1.2432836450028095,High-Revenue Priority,Prioritize inventory monitoring and avoid stockouts
22502,1937,51408.770000000004,10,193.7,149.47318600114647,10.76780258266039,463,PICNIC BASKET WICKER SMALL,0.7716736499801058,High-Revenue Priority,Prioritize inventory monitoring and avoid stockouts
22503,99,2010.12,9,11.0,7.664854858377946,24.577222222222222,34,CABIN BAG VINTAGE PAISLEY,0.6968049871252678,Regular,Maintain standard replenishment review
22504,247,4674.62,11,22.454545454545453,23.508992476767848,26.31541354561117,68,CABIN BAG VINTAGE RETROSPOT,1.0469591791273132,High-Revenue Priority,Prioritize inventory monitoring and avoid stockouts
22505,1457,7084.42,13,112.07692307692308,67.84352282822282,5.684725719119465,311,MEMO BOARD COTTAGE DESIGN,0.605329990917568,High-Revenue Priority,Prioritize inventory monitoring and avoid stockouts
22507,2960,14193.35,13,227.69230769230768,142.13220642262647,6.310570579853201,459,MEMO BOARD RETROSPOT  DESIGN,0.6242292849642379,High-Revenue Priority,Prioritize inventory monitoring and avoid stockouts
22508,1594,6525.88,13,122.61538461538461,211.3202697572015,4.616391953969302,296,DOORSTOP RETROSPOT HEART,1.7234400921227224,High-Revenue Priority,Prioritize inventory monitoring and avoid stockouts
22509,209,2124.54,13,16.076923076923077,29.02143328203467,16.847807692307693,86,SEWING BOX RETROSPOT DESIGN,1.8051609218490465,Regular,Maintain standard replenishment review
22510,210,402.74,10,21.0,31.13768706175132,3.1205833333333333,42,GINGHAM BABUSHKA DOORSTOP,1.482747002940539,Regular,Maintain standard replenishment review
22511,251,495.2,9,27.88888888888889,40.88534102965403,3.3375396825396826,54,RETROSPOT BABUSHKA DOORSTOP,1.4660082440911804,Regular,Maintain standard replenishment review
22512,122,269.71000000000004,9,13.555555555555555,13.965234612342815,4.019537037037037,37,DOORSTOP RACING CAR DESIGN,1.0302222255006994,Regular,Maintain standard replenishment review
22513,152,539.9,12,12.666666666666666,14.828310351445571,4.9554880952380955,67,DOORSTOP FOOTBALL DESIGN,1.170656080377282,Regular,Maintain standard replenishment review
22514,302,704.45,13,23.23076923076923,18.5658909749117,2.5621371406371405,99,CHILDS GARDEN SPADE BLUE,0.7991939823637487,Regular,Maintain standard replenishment review
22515,266,608.95,13,20.46153846153846,18.200803025395086,2.688585939701324,84,CHILDS GARDEN SPADE PINK,0.8895129298125418,Regular,Maintain standard replenishment review
22516,206,494.89,11,18.727272727272727,16.230162716934842,2.761094696969697,62,CHILDS GARDEN RAKE BLUE,0.8666591742052586,Regular,Maintain standard replenishment review
22517,199,447.63,13,15.307692307692308,13.798457736190516,2.513235042735043,69,CHILDS GARDEN RAKE PINK,0.901406786786315,Regular,Maintain standard replenishment review
22518,363,783.5400000000001,6,60.5,28.59895102971436,2.6778283935849725,81,CHILDS GARDEN BRUSH BLUE,0.47270993437544395,Regular,Maintain standard replenishment review
22519,411,906.7500000000001,7,58.714285714285715,22.852529296296616,2.674816902604497,88,CHILDS GARDEN BRUSH PINK,0.3892158274308426,Regular,Maintain standard replenishment review
22520,719,622.1,6,119.83333333333333,69.05480914944785,0.9340108225108225,113,CHILDS GARDEN TROWEL BLUE,0.5762570999953923,Regular,Maintain standard replenishment review
22521,609,525.51,6,101.5,87.22556964560334,0.9490714285714286,104,CHILDS GARDEN TROWEL PINK,0.8593652181832842,Regular,Maintain standard replenishment review
22522,930,772.59,13,71.53846153846153,79.66242881121919,0.8925154257507197,128,CHILDS GARDEN FORK BLUE,1.1135608328449995,Regular,Maintain standard replenishment review
22523,864,750.81,13,66.46153846153847,58.941518169305446,0.9694748497116917,135,CHILDS GARDEN FORK PINK,0.8868515465289013,Regular,Maintain standard replenishment review
22524,642,883.2,6,107.0,45.0643983650065,1.574676827801828,81,CHILDRENS GARDEN GLOVES BLUE,0.42116260154211677,Regular,Maintain standard replenishment review
22525,489,648.97,5,97.8,55.99285668725967,1.68328373015873,74,CHILDRENS GARDEN GLOVES PINK,0.5725240970067451,Regular,Maintain standard replenishment review
22526,125,1720.26,13,9.615384615384615,7.136040703574841,15.219568681318682,79,WHEELBARROW FOR CHILDREN,0.7421482331717836,Regular,Maintain standard replenishment review
22528,1,3.36,1,1.0,0.0,3.36,1,GARDENERS KNEELING PAD,0.0,Long-Tail,Limit stock and avoid excessive local warehouse space
22529,851,349.03,13,65.46153846153847,68.302776157117,0.476025641025641,70,MAGIC DRAWING SLATE GO TO THE FAIR,1.0434031610370398,Regular,Maintain standard replenishment review
22530,3628,1516.46,13,279.0769230769231,216.75080220476752,0.5002824762440147,233,MAGIC DRAWING SLATE DOLLY GIRL,0.7766704599399056,High-Turnover Stable,Keep stable local warehouse inventory
22531,3382,1412.41,13,260.15384615384613,171.69053854432696,0.48790135505520116,200,MAGIC DRAWING SLATE CIRCUS PARADE,0.6599577176452545,High-Turnover Stable,Keep stable local warehouse inventory
22532,1072,366.75,13,82.46153846153847,94.29175943546656,0.44628730244114856,73,MAGIC DRAWING SLATE LEAP FROG,1.1434635006166654,Regular,Maintain standard replenishment review
22533,1782,644.39,13,137.07692307692307,169.7416966739274,0.44650732600732596,88,MAGIC DRAWING SLATE BAKE A CAKE,1.2382952058142853,Regular,Maintain standard replenishment review
22534,4496,1871.12,13,345.84615384615387,221.86439032054625,0.5053174870001793,261,MAGIC DRAWING SLATE SPACEBOY,0.641511804752469,High-Turnover Stable,Keep stable local warehouse inventory
22535,1763,669.75,13,135.6153846153846,101.52958391649406,0.4886078700711053,134,MAGIC DRAWING SLATE BUNNIES,0.7486583045459007,Regular,Maintain standard replenishment review
22536,4752,1803.95,13,365.53846153846155,354.27710796884577,0.43456360306360303,156,MAGIC DRAWING SLATE PURDEY,0.9691924249989468,High-Turnover Stable,Keep stable local warehouse inventory
22537,1929,844.0,13,148.3846153846154,99.86035120902461,0.49978393665158366,171,MAGIC DRAWING SLATE DINOSAUR,0.6729831859602489,High-Turnover Stable,Keep stable local warehouse inventory
22538,402,164.42000000000002,12,33.5,40.85117111929818,0.5333710317460317,40,MINI JIGSAW GO TO THE FAIR,1.2194379438596472,Regular,Maintain standard replenishment review
22539,2918,1129.32,13,224.46153846153845,132.45289438426488,0.5516978460136355,136,MINI JIGSAW DOLLY GIRL,0.5900917158997407,High-Turnover Stable,Keep stable local warehouse inventory
22540,2519,960.86,13,193.76923076923077,133.5060259851928,0.5135331079177233,91,MINI JIGSAW CIRCUS PARADE,0.688994973325727,High-Turnover Stable,Keep stable local warehouse inventory
22541,503,201.95,13,38.69230769230769,65.26916655331293,0.5714871794871794,35,MINI JIGSAW LEAP FROG,1.6868770679782665,Regular,Maintain standard replenishment review
22543,1453,530.8,12,121.08333333333333,156.35708451742082,0.5035674603174602,55,MINI JIGSAW BAKE A CAKE,1.2913179726146249,Regular,Maintain standard replenishment review
22544,4518,1714.92,13,347.53846153846155,182.1586375409336,0.5185450372277295,175,MINI JIGSAW SPACEBOY,0.5241395059832087,High-Turnover Stable,Keep stable local warehouse inventory
22545,1142,435.66999999999996,13,87.84615384615384,80.58313114815671,0.558996336996337,75,MINI JIGSAW BUNNIES,0.9173211076410134,Regular,Maintain standard replenishment review
22546,2103,799.98,13,161.76923076923077,166.9591536105732,0.4932142857142857,86,MINI JIGSAW PURDEY,1.0320822619769146,High-Turnover Stable,Keep stable local warehouse inventory
22547,809,338.23,13,62.23076923076923,44.59288778522468,0.611254817646122,101,MINI JIGSAW DINOSAUR,0.7165729804795066,Regular,Maintain standard replenishment review
22548,1975,2348.94,12,164.58333333333334,157.03239870302002,1.4080614860901626,209,HEADS AND TAILS SPORTING FUN,0.9541209035120203,High-Turnover Stable,Keep stable local warehouse inventory
22549,3188,4798.38,13,245.23076923076923,187.17422981728095,1.9745674856956907,356,PICTURE DOMINOES,0.7632575243490126,High-Revenue Priority,Prioritize inventory monitoring and avoid stockouts
22550,1162,4194.89,13,89.38461538461539,63.46198135043593,4.448966670113446,217,HOLIDAY FUN LUDO,0.7099877431632247,High-Revenue Priority,Prioritize inventory monitoring and avoid stockouts
22551,8074,13602.109999999999,13,621.0769230769231,365.44093493077224,1.858341957238199,673,PLASTERS IN TIN SPACEBOY,0.5883988300842258,High-Revenue Priority,Prioritize inventory monitoring and avoid stockouts
22553,4242,7132.119999999999,13,326.3076923076923,164.79956746271344,1.9561823515007883,560,PLASTERS IN TIN SKULLS,0.5050434646429219,High-Revenue Priority,Prioritize inventory monitoring and avoid stockouts
22554,7803,13328.27,13,600.2307692307693,326.5478918030641,1.9135619435600808,704,PLASTERS IN TIN WOODLAND ANIMALS,0.5440372412456533,High-Revenue Priority,Prioritize inventory monitoring and avoid stockouts
22555,6010,9841.829999999998,13,462.3076923076923,204.53295766020392,1.8477240688245509,515,PLASTERS IN TIN STRONGMAN,0.442417379298278,High-Revenue Priority,Prioritize inventory monitoring and avoid stockouts
22556,6113,10061.859999999999,13,470.2307692307692,171.4381102352264,1.7724544329085155,571,PLASTERS IN TIN CIRCUS PARADE,0.3645829270502115,High-Revenue Priority,Prioritize inventory monitoring and avoid stockouts
22557,4712,7762.24,13,362.46153846153845,164.90786083174618,1.892045156856177,566,PLASTERS IN TIN VINTAGE PAISLEY,0.45496650908588715,High-Revenue Priority,Prioritize inventory monitoring and avoid stockouts
22558,8676,13325.869999999999,13,667.3846153846154,255.398231024133,1.8417344585970112,772,CLOTHES PEGS RETROSPOT PACK 24,0.3826852239872901,High-Revenue Priority,Prioritize inventory monitoring and avoid stockouts
22559,505,626.53,13,38.84615384615385,30.435303387804307,1.6875876068376068,81,SEASIDE FLYING DISC,0.7834830575078336,Regular,Maintain standard replenishment review
22560,8144,9572.32,13,626.4615384615385,302.22414843528946,1.4154304085268132,389,TRADITIONAL MODELLING CLAY,0.48243049234513297,High-Revenue Priority,Prioritize inventory monitoring and avoid stockouts
22561,5883,9741.57,13,452.53846153846155,306.61719221873807,1.7705136178464351,433,WOODEN SCHOOL COLOURING SET,0.6775494643623312,High-Revenue Priority,Prioritize inventory monitoring and avoid stockouts
22562,1413,1763.37,13,108.6923076923077,73.7217568693085,1.340829319955407,211,MONSTERS STENCIL CRAFT,0.6782610327678773,Regular,Maintain standard replenishment review
22563,2823,3348.1800000000003,13,217.15384615384616,117.19417374159161,1.3240458306322096,281,HAPPY STENCIL CRAFT,0.5396826987745983,High-Revenue Priority,Prioritize inventory monitoring and avoid stockouts
22564,2697,3057.27,13,207.46153846153845,274.72095399532697,1.3283229521332047,186,ALPHABET STENCIL CRAFT,1.3242018546307937,High-Revenue Priority,Prioritize inventory monitoring and avoid stockouts
22565,933,872.67,13,71.76923076923077,41.8890475863597,1.0947079391197039,148,FELTCRAFT HAIRBANDS PINK AND WHITE,0.5836630424680344,Regular,Maintain standard replenishment review
22566,873,789.78,13,67.15384615384616,58.779029925427984,1.0592882999353586,150,FELTCRAFT HAIRBAND PINK AND PURPLE,0.8752891054187443,Regular,Maintain standard replenishment review
22567,2448,3251.6,12,204.0,201.17563561136413,1.6023391948488932,222,20 DOLLY PEGS RETROSPOT,0.9861550765262947,High-Revenue Priority,Prioritize inventory monitoring and avoid stockouts
22568,3373,12413.89,13,259.46153846153845,219.59190004210666,4.13247832736421,470,FELTCRAFT CUSHION OWL,0.8463369998658128,High-Revenue Priority,Prioritize inventory monitoring and avoid stockouts
22569,2759,10110.83,11,250.8181818181818,129.04171277677474,4.2482745095744106,348,FELTCRAFT CUSHION BUTTERFLY,0.5144830882727518,High-Revenue Priority,Prioritize inventory monitoring and avoid stockouts
22570,3086,11204.97,12,257.1666666666667,166.91523887799153,4.229160017928689,386,FELTCRAFT CUSHION RABBIT,0.6490547201995781,High-Revenue Priority,Prioritize inventory monitoring and avoid stockouts
22571,2434,2185.48,9,270.44444444444446,253.87699339990968,1.13095591472352,254,ROCKING HORSE RED CHRISTMAS,0.9387399098599782,High-Turnover Stable,Keep stable local warehouse inventory
22572,1380,1244.67,9,153.33333333333334,183.26619982964672,1.2121515976761073,179,ROCKING HORSE GREEN CHRISTMAS,1.1952143467150873,Regular,Maintain standard replenishment review
22573,2684,2423.0,10,268.4,308.95350243469755,1.248291083916084,221,STAR WOODEN CHRISTMAS DECORATION,1.1510935262097526,High-Turnover Volatile,Monitor closely and replenish in smaller batches
22574,2333,2199.5899999999997,12,194.41666666666666,280.85274638414194,1.2963747032323556,222,HEART WOODEN CHRISTMAS DECORATION,1.4445919231074598,High-Turnover Volatile,Monitor closely and replenish in smaller batches
22575,636,1216.22,8,79.5,76.74075095503599,2.3604960317460315,90,METAL MERRY CHRISTMAS WREATH,0.9652924648432201,Regular,Maintain standard replenishment review
22576,1538,1414.46,10,153.8,176.0093431863459,1.1383049398137632,173,SWALLOW WOODEN CHRISTMAS DECORATION,1.1444040519268261,Regular,Maintain standard replenishment review
22577,10608,4075.3599999999997,13,816.0,1521.8034805234654,0.796685629481406,538,WOODEN HEART CHRISTMAS SCANDINAVIAN,1.8649552457395409,High-Revenue Priority,Prioritize inventory monitoring and avoid stockouts
22578,10460,3876.54,8,1307.5,1840.379308729589,0.7932898491855185,512,WOODEN STAR CHRISTMAS SCANDINAVIAN,1.4075558766574294,High-Revenue Priority,Prioritize inventory monitoring and avoid stockouts
22579,5167,1988.0199999999998,8,645.875,955.3692535948003,0.9041190657665505,338,WOODEN TREE CHRISTMAS SCANDINAVIAN,1.4791859935665574,High-Turnover Volatile,Monitor closely and replenish in smaller batches
22580,1311,6848.19,10,131.1,187.81163731545263,6.535579601990049,246,ADVENT CALENDAR GINGHAM SACK,1.4325830458844595,High-Revenue Priority,Prioritize inventory monitoring and avoid stockouts
22581,1569,1137.28,8,196.125,192.25462097363038,0.969072675829491,177,WOOD STOCKING CHRISTMAS SCANDISPOT,0.9802657538489759,Regular,Maintain standard replenishment review
22582,1061,2649.35,13,81.61538461538461,103.9443268145168,3.068386845039019,102,PACK OF 6 SWEETIE GIFT BOXES,1.2735874162004885,Regular,Maintain standard replenishment review
22583,573,1570.3999999999999,13,44.07692307692308,30.228191969477596,3.2746721472971476,111,PACK OF 6 HANDBAG GIFT BOXES,0.6858054024488809,Regular,Maintain standard replenishment review
22584,2330,5946.96,13,179.23076923076923,142.14731434099969,3.11288760135501,196,PACK OF 6 PANNETONE GIFT BOXES,0.7930966036193116,High-Revenue Priority,Prioritize inventory monitoring and avoid stockouts
22585,6221,7547.89,13,478.53846153846155,369.5527962697201,1.4719911073737841,395,PACK OF 6 BIRDY GIFT TAGS,0.7722530704880824,High-Revenue Priority,Prioritize inventory monitoring and avoid stockouts
22586,856,774.55,13,65.84615384615384,37.933815507728184,1.048945046181888,161,FELTCRAFT HAIRBAND PINK AND BLUE,0.5760976654211056,Regular,Maintain standard replenishment review
22587,918,830.52,13,70.61538461538461,61.924064333583146,1.0210750679694516,161,FELTCRAFT HAIRBAND RED AND BLUE,0.8769203010202407,Regular,Maintain standard replenishment review
22588,684,2141.32,10,68.4,48.29814811264622,3.42877485380117,175,CARD HOLDER GINGHAM HEART,0.7061132765006757,Regular,Maintain standard replenishment review
22589,379,1212.82,8,47.375,47.521235854540414,3.33899864024864,79,CARDHOLDER GINGHAM STAR,1.0030867726552066,Regular,Maintain standard replenishment review
22591,413,1509.41,8,51.625,63.61477254313094,4.416164295874823,86,CARDHOLDER GINGHAM CHRISTMAS TREE,1.2322474100364347,Regular,Maintain standard replenishment review
22592,658,3021.12,8,82.25,90.43663922485021,5.0287812452493155,135,CARDHOLDER HOLLY WREATH METAL,1.099533607596963,Regular,Maintain standard replenishment review
22593,2263,2085.64,11,205.72727272727272,245.59034627162808,1.1932433304659242,198,CHRISTMAS GINGHAM STAR,1.1937665969897964,High-Turnover Volatile,Monitor closely and replenish in smaller batches
22594,2006,1905.77,11,182.36363636363637,227.0428473778783,1.2175224414530703,196,CHRISTMAS GINGHAM TREE,1.245000658602523,High-Turnover Volatile,Monitor closely and replenish in smaller batches
22595,6788,5720.209999999999,13,522.1538461538462,692.6556198373819,1.0486760222386915,467,CHRISTMAS GINGHAM HEART,1.3265355123579794,High-Revenue Priority,Prioritize inventory monitoring and avoid stockouts
22596,3476,4110.42,7,496.57142857142856,379.93282614292804,1.2866925112179277,262,CHRISTMAS STAR WISH LIST CHALKBOARD,0.7651121355007182,High-Revenue Priority,Prioritize inventory monitoring and avoid stockouts
22597,2821,1247.49,13,217.0,369.50507439005486,0.93352442305922,186,CHRISTMAS MUSICAL ZINC HEART,1.7027883612444925,High-Turnover Volatile,Monitor closely and replenish in smaller batches
22598,990,446.2,7,141.42857142857142,162.56881326877874,0.9086811339920583,95,CHRISTMAS MUSICAL ZINC TREE,1.1494764574560115,Regular,Maintain standard replenishment review
22599,1953,967.76,7,279.0,332.8413035266707,0.8994279007983079,123,CHRISTMAS MUSICAL ZINC STAR,1.1929795825328697,High-Turnover Volatile,Monitor closely and replenish in smaller batches
22600,1698,1543.23,10,169.8,176.1241986023878,1.2165904323406478,193,CHRISTMAS RETROSPOT STAR WOOD,1.0372449858797868,Regular,Maintain standard replenishment review
22601,2479,2219.83,11,225.36363636363637,285.11901821073695,1.2635178297603882,200,CHRISTMAS RETROSPOT ANGEL WOOD,1.2651509480912086,High-Turnover Volatile,Monitor closely and replenish in smaller batches
22602,2215,2023.87,13,170.3846153846154,130.42720732368846,1.193377391497515,273,CHRISTMAS RETROSPOT HEART WOOD,0.76548699557921,High-Turnover Stable,Keep stable local warehouse inventory
22603,1387,1235.3799999999999,9,154.11111111111111,150.24600198045573,1.1951473877043228,171,CHRISTMAS RETROSPOT TREE WOOD,0.974919984011609,Regular,Maintain standard replenishment review
22604,1251,3039.66,13,96.23076923076923,104.39121438620033,2.8339497189587686,125,SET OF 4 NAPKIN CHARMS CUTLERY,1.0848007889852953,High-Revenue Priority,Prioritize inventory monitoring and avoid stockouts
22605,782,11276.210000000001,13,60.15384615384615,32.2408802450299,16.246819816223663,299,WOODEN CROQUET GARDEN SET,0.5359737125132847,High-Revenue Priority,Prioritize inventory monitoring and avoid stockouts
22606,313,4638.46,13,24.076923076923077,17.80665389894809,16.735308857808857,142,WOODEN SKITTLES GARDEN SET,0.7395734846208472,High-Revenue Priority,Prioritize inventory monitoring and avoid stockouts
22607,1327,12531.57,13,102.07692307692308,94.34375225601104,10.69842745203104,358,WOODEN ROUNDERS GARDEN SET,0.9242417327265589,High-Revenue Priority,Prioritize inventory monitoring and avoid stockouts
22608,5211,1114.6399999999999,12,434.25,295.04456520082766,0.40486680680669324,144,PENS ASSORTED FUNKY JEWELED,0.6794348076012151,High-Turnover Stable,Keep stable local warehouse inventory
22609,5874,1368.1,12,489.5,347.07256249430554,0.5422917513378039,155,PENS ASSORTED SPACEBALL,0.7090348569853024,High-Turnover Stable,Keep stable local warehouse inventory
22610,9572,2571.4,13,736.3076923076923,518.7045377051346,0.568165646069586,216,PENS ASSORTED FUNNY FACE,0.7044670904896313,High-Turnover Stable,Keep stable local warehouse inventory
22611,225,1077.0300000000002,9,25.0,22.655021518418383,5.479944444444445,46,VINTAGE UNION JACK SHOPPING BAG,0.9062008607367353,Regular,Maintain standard replenishment review
22613,1538,1222.61,13,118.3076923076923,98.59038544687866,1.0062631975867269,145,PACK OF 20 SPACEBOY NAPKINS,0.8333387586537208,Regular,Maintain standard replenishment review
22614,3032,1024.22,13,233.23076923076923,136.8692526014967,0.42015446537192463,219,PACK OF 12 SPACEBOY TISSUES,0.5868404630011402,High-Turnover Stable,Keep stable local warehouse inventory
22615,2073,660.15,13,159.46153846153845,118.63081063016146,0.48378390237213764,102,PACK OF 12 CIRCUS PARADE TISSUES,0.7439462316411477,High-Turnover Stable,Keep stable local warehouse inventory
22616,26119,7975.98,13,2009.1538461538462,934.5173305111259,0.44548787574804305,512,PACK OF 12 LONDON TISSUES,0.46512980193133874,High-Revenue Priority,Prioritize inventory monitoring and avoid stockouts
22617,2209,10745.05,13,169.92307692307693,159.93251782051786,5.394857434457675,464,BAKING SET SPACEBOY DESIGN,0.9412054013882898,High-Revenue Priority,Prioritize inventory monitoring and avoid stockouts
22618,69,671.53,5,13.8,14.652644812456213,11.520999999999999,28,COOKING SET RETROSPOT,1.061785855975088,Long-Tail,Limit stock and avoid excessive local warehouse space
22619,2480,9895.04,13,190.76923076923077,91.26806108578717,4.544944093692887,443,SET OF 6 SOLDIER SKITTLES,0.4784212879496908,High-Revenue Priority,Prioritize inventory monitoring and avoid stockouts
22620,4889,6782.21,13,376.0769230769231,186.64112691582812,1.6309074130559216,483,4 TRADITIONAL SPINNING TOPS,0.4962844446524372,High-Revenue Priority,Prioritize inventory monitoring and avoid stockouts
22621,6148,10053.65,13,472.9230769230769,328.1273791122541,1.8492892658596425,609,TRADITIONAL KNITTING NANCY,0.693828225188566,High-Revenue Priority,Prioritize inventory monitoring and avoid stockouts
22622,1342,13931.31,13,103.23076923076923,86.87649648222263,12.01636040178146,267,BOX OF VINTAGE ALPHABET BLOCKS,0.8415755993061805,High-Revenue Priority,Prioritize inventory monitoring and avoid stockouts
22623,937,5236.31,13,72.07692307692308,48.775782137008555,6.1430583542873345,235,BOX OF VINTAGE JIGSAW BLOCKS,0.6767184287952094,High-Revenue Priority,Prioritize inventory monitoring and avoid stockouts
22624,1883,16378.710000000001,13,144.84615384615384,67.7124387315533,9.641222318866332,711,IVORY KITCHEN SCALES,0.4674783343123702,High-Revenue Priority,Prioritize inventory monitoring and avoid stockouts
22625,1620,14082.2,13,124.61538461538461,58.828194008114934,9.521490970681127,546,RED KITCHEN SCALES,0.47207810006511985,High-Revenue Priority,Prioritize inventory monitoring and avoid stockouts
22626,517,4401.86,13,39.76923076923077,21.977844321626293,9.158060166329397,199,BLACK KITCHEN SCALES,0.5526343833290944,High-Revenue Priority,Prioritize inventory monitoring and avoid stockouts
22627,852,7521.89,13,65.53846153846153,42.19521178328055,8.783697570938477,357,MINT KITCHEN SCALES,0.6438236539702432,High-Revenue Priority,Prioritize inventory monitoring and avoid stockouts
22628,965,4620.91,13,74.23076923076923,63.52447539617289,5.891605883831837,190,PICNIC BOXES SET OF 3 RETROSPOT,0.855770134870723,High-Revenue Priority,Prioritize inventory monitoring and avoid stockouts
22629,14249,25719.02,13,1096.076923076923,457.58340979877863,2.195510462477708,900,SPACEBOY LUNCH BOX,0.41747381061015665,High-Revenue Priority,Prioritize inventory monitoring and avoid stockouts
22630,11780,21609.79,13,906.1538461538462,437.3312714929508,2.337946253356472,850,DOLLY GIRL LUNCH BOX,0.4826236442621698,High-Revenue Priority,Prioritize inventory monitoring and avoid stockouts
22631,3677,7199.57,13,282.84615384615387,146.02730689488988,2.6388078828685027,396,CIRCUS PARADE LUNCH BOX,0.5162782131176417,High-Revenue Priority,Prioritize inventory monitoring and avoid stockouts
22632,4468,8982.83,8,558.5,506.5623639508058,2.183765576634463,392,HAND WARMER RED POLKA DOT,0.9070051279334034,High-Revenue Priority,Prioritize inventory monitoring and avoid stockouts
22633,4851,10023.720000000001,10,485.1,540.2775932590373,2.3831011282150536,479,HAND WARMER UNION JACK,1.113744780991625,High-Revenue Priority,Prioritize inventory monitoring and avoid stockouts
22634,763,7161.3,13,58.69230769230769,27.692913098795437,10.319630084295357,222,CHILDS BREAKFAST SET SPACEBOY,0.47183207114592485,High-Revenue Priority,Prioritize inventory monitoring and avoid stockouts
22635,681,6412.33,13,52.38461538461539,35.02508258743168,10.345774670389941,194,CHILDS BREAKFAST SET DOLLY GIRL,0.6686139113606635,High-Revenue Priority,Prioritize inventory monitoring and avoid stockouts
22636,595,5009.56,13,45.76923076923077,20.960891544945657,8.854185237804892,198,CHILDS BREAKFAST SET CIRCUS PARADE,0.45796905896519924,High-Revenue Priority,Prioritize inventory monitoring and avoid stockouts
22637,2760,7111.18,12,230.0,247.51271776324032,3.1017473017709647,329,PIGGY BANK RETROSPOT,1.076142251144523,High-Revenue Priority,Prioritize inventory monitoring and avoid stockouts
22638,300,481.88,11,27.272727272727273,28.21733831916437,2.4850112816476453,52,SET OF 4 NAPKIN CHARMS CROWNS,1.0346357383693603,Regular,Maintain standard replenishment review
22639,805,1935.1599999999999,13,61.92307692307692,29.814598042070873,2.775529168543874,148,SET OF 4 NAPKIN CHARMS HEARTS,0.481477980803629,Regular,Maintain standard replenishment review
22640,237,446.84,13,18.23076923076923,17.064357816580962,2.6647115384615385,57,SET OF 4 NAPKIN CHARMS 3 KEYS,0.9360196270698419,Regular,Maintain standard replenishment review
22641,139,303.72999999999996,12,11.583333333333334,11.789504834488353,2.519642857142857,37,SET OF 4 NAPKIN CHARMS INSTRUMENT,1.01779897851698,Regular,Maintain standard replenishment review
22642,269,596.36,10,26.9,24.214091397824994,2.8487849206349205,51,SET OF 4 NAPKIN CHARMS STARS,0.9001520965734199,Regular,Maintain standard replenishment review
22643,238,441.83,12,19.833333333333332,18.457978483489725,2.442108134920635,48,SET OF 4 NAPKIN CHARMS LEAVES,0.9306543773188097,Regular,Maintain standard replenishment review
22644,2214,2986.97,13,170.30769230769232,142.49759332200705,2.1721397093982393,276,CERAMIC CHERRY CAKE MONEY BANK,0.8367067358564099,High-Turnover Stable,Keep stable local warehouse inventory
22645,2354,4709.74,13,181.07692307692307,108.43082398351306,2.275003780564211,351,CERAMIC HEART FAIRY CAKE MONEY BANK,0.5988108376319753,High-Revenue Priority,Prioritize inventory monitoring and avoid stockouts
22646,4160,5684.17,13,320.0,186.75563356072198,2.0378254656161454,390,CERAMIC STRAWBERRY CAKE MONEY BANK,0.5836113548772561,High-Revenue Priority,Prioritize inventory monitoring and avoid stockouts
22647,732,466.17999999999995,11,66.54545454545455,104.05129853717696,1.7436157176157174,45,CERAMIC LOVE HEART MONEY BANK,1.5636124097116757,Regular,Maintain standard replenishment review
22649,795,4132.88,13,61.15384615384615,24.93607211065312,5.83531730160237,200,STRAWBERRY FAIRY CAKE TEAPOT,0.4077596697339504,High-Revenue Priority,Prioritize inventory monitoring and avoid stockouts
22650,851,1320.7,13,65.46153846153847,33.13511577519984,1.8601171918789785,143,CERAMIC PIRATE CHEST MONEY BANK,0.5061768567304323,Regular,Maintain standard replenishment review
22651,2166,1837.47,13,166.6153846153846,130.33580888199174,1.0605572162260002,170,GENTLEMAN SHIRT REPAIR KIT,0.7822555473065063,High-Turnover Stable,Keep stable local warehouse inventory
22652,5091,8612.07,12,424.25,215.7233603062454,1.9690198995882355,467,TRAVEL SEWING KIT,0.5084816978344029,High-Revenue Priority,Prioritize inventory monitoring and avoid stockouts
22653,1876,3378.5,13,144.30769230769232,118.2598724669422,2.0663129093129093,250,BUTTON BOX,0.8194980501440556,High-Revenue Priority,Prioritize inventory monitoring and avoid stockouts
22654,1411,9893.0,13,108.53846153846153,94.65165554514036,7.791467864552938,328,DELUXE SEWING KIT,0.8720563586724485,High-Revenue Priority,Prioritize inventory monitoring and avoid stockouts
22655,60,8125.0,11,5.454545454545454,4.131915690418582,134.83225108225108,38,VINTAGE RED KITCHEN CABINET,0.7575178765767401,High-Revenue Priority,Prioritize inventory monitoring and avoid stockouts
22656,26,3685.0,8,3.25,2.815771906346718,133.33333333333331,20,VINTAGE BLUE KITCHEN CABINET,0.8663913557989902,High-Revenue Priority,Prioritize inventory monitoring and avoid stockouts
22659,11504,20781.65,13,884.9230769230769,511.4393840815777,2.3328470320966237,707,LUNCH BOX I LOVE LONDON,0.5779478436248705,High-Revenue Priority,Prioritize inventory monitoring and avoid stockouts
22660,364,2678.96,13,28.0,32.698114114833395,9.764395792241945,102,DOORMAT I LOVE LONDON,1.1677897898154783,Regular,Maintain standard replenishment review
22661,5194,4214.95,13,399.53846153846155,180.4395630050015,0.9732229888312194,415,CHARLOTTE BAG DOLLY GIRL DESIGN,0.45162000752118203,High-Revenue Priority,Prioritize inventory monitoring and avoid stockouts
22662,6706,11060.880000000001,13,515.8461538461538,264.93516381492475,1.984517721751036,682,LUNCH BAG DOLLY GIRL DESIGN,0.5135933685645723,High-Revenue Priority,Prioritize inventory monitoring and avoid stockouts
22663,3419,7051.2,13,263.0,160.1447262114283,2.5625759956810157,450,JUMBO BAG DOLLY GIRL DESIGN,0.6089153087887007,High-Revenue Priority,Prioritize inventory monitoring and avoid stockouts
22664,713,1472.85,13,54.84615384615385,28.091654021097185,2.7907664963241885,162,TOY TIDY DOLLY GIRL DESIGN,0.5121900452654465,Regular,Maintain standard replenishment review
22665,1516,5192.08,12,126.33333333333333,64.23017321722831,4.096177498215945,356,RECIPE BOX BLUE SKETCHBOOK DESIGN,0.5084182576561608,High-Revenue Priority,Prioritize inventory monitoring and avoid stockouts
22666,8269,26219.95,13,636.0769230769231,322.2326958215294,3.7154402402810667,1111,RECIPE BOX PANTRY YELLOW DESIGN,0.5065939104704175,High-Revenue Priority,Prioritize inventory monitoring and avoid stockouts
22667,2882,8045.1,12,240.16666666666666,116.61267148777252,3.035417029363947,464,RECIPE BOX RETROSPOT,0.48554894443208546,High-Revenue Priority,Prioritize inventory monitoring and avoid stockouts
22668,2179,6677.97,13,167.6153846153846,108.50540574977394,4.178194604489828,345,PINK BABY BUNTING,0.647347533156063,High-Revenue Priority,Prioritize inventory monitoring and avoid stockouts
22669,1128,3559.0,13,86.76923076923077,31.262740992417385,3.7384865991332648,234,RED BABY BUNTING,0.3602975468984273,High-Revenue Priority,Prioritize inventory monitoring and avoid stockouts
22670,1882,2516.75,13,144.76923076923077,30.282431227126416,1.6365128704417875,301,FRENCH WC SIGN BLUE METAL,0.2091772613988541,High-Turnover Stable,Keep stable local warehouse inventory
22671,962,1608.6999999999998,13,74.0,78.04165554369025,2.1562288438057666,144,FRENCH LAUNDRY SIGN BLUE METAL,1.054616966806625,Regular,Maintain standard replenishment review
22672,1476,2511.22,13,113.53846153846153,80.67900943927462,2.1071656423873026,219,FRENCH BATHROOM SIGN BLUE METAL,0.7105874815112264,Regular,Maintain standard replenishment review
22673,791,1016.08,13,60.84615384615385,32.351831874579,1.5033327505827505,131,FRENCH GARDEN SIGN BLUE METAL,0.5316988803660265,Regular,Maintain standard replenishment review
22674,1346,1692.72,13,103.53846153846153,65.04436355879909,1.5472973545308386,187,FRENCH TOILET SIGN BLUE METAL,0.6282145068829036,Regular,Maintain standard replenishment review
22675,1240,1555.16,13,95.38461538461539,77.00924020481618,1.5826104771297078,164,FRENCH KITCHEN SIGN BLUE METAL,0.8073549376311373,Regular,Maintain standard replenishment review
22676,1155,1578.39,13,88.84615384615384,39.81592259772078,1.6628528050896472,199,FRENCH BLUE METAL DOOR SIGN 1,0.44814458335096985,Regular,Maintain standard replenishment review
22677,1001,1389.07,13,77.0,35.606647319473,1.706966817119532,188,FRENCH BLUE METAL DOOR SIGN 2,0.462423991161987,Regular,Maintain standard replenishment review
22678,843,1151.56,13,64.84615384615384,30.22649542439589,1.670592946269417,160,FRENCH BLUE METAL DOOR SIGN 3,0.46612626395865553,Regular,Maintain standard replenishment review
22679,740,1023.03,13,56.92307692307692,30.90971136083701,1.7477319763569763,152,FRENCH BLUE METAL DOOR SIGN 4,0.5430084428255151,Regular,Maintain standard replenishment review
22680,842,1157.79,13,64.76923076923077,30.76023907079247,1.6244729491454009,153,FRENCH BLUE METAL DOOR SIGN 5,0.47492055572482433,Regular,Maintain standard replenishment review
22681,710,973.15,13,54.61538461538461,27.29633205377132,1.706534956496495,126,FRENCH BLUE METAL DOOR SIGN 6,0.4997919953507425,Regular,Maintain standard replenishment review
22682,677,896.75,13,52.07692307692308,22.451657468367966,1.6149603174603173,113,FRENCH BLUE METAL DOOR SIGN 7,0.4311248849169624,Regular,Maintain standard replenishment review
22683,644,871.49,13,49.53846153846154,25.359466952255996,1.6287429557621864,119,FRENCH BLUE METAL DOOR SIGN 8,0.5119147055579626,Regular,Maintain standard replenishment review
22684,531,726.07,13,40.84615384615385,23.73761485436898,1.6958727106227107,98,FRENCH BLUE METAL DOOR SIGN 9,0.5811468796738168,Regular,Maintain standard replenishment review
22685,594,780.8000000000001,13,45.69230769230769,23.403648630732114,1.5486755658871043,99,FRENCH BLUE METAL DOOR SIGN 0,0.512201064308952,Regular,Maintain standard replenishment review
22686,993,1308.38,13,76.38461538461539,63.310792209989046,1.8357084622893445,158,FRENCH BLUE METAL DOOR SIGN NO,0.8288421940884769,Regular,Maintain standard replenishment review
22687,590,3354.2200000000007,7,84.28571428571429,189.5993269025625,11.5669693877551,52,DOORMAT CHRISTMAS VILLAGE,2.2494835395219277,High-Revenue Priority,Prioritize inventory monitoring and avoid stockouts
22688,705,3519.66,7,100.71428571428571,236.3434748310985,8.844186507936508,32,DOORMAT PEACE ON EARTH BLUE,2.3466727997414036,High-Revenue Priority,Prioritize inventory monitoring and avoid stockouts
22689,673,5176.25,9,74.77777777777777,103.80483825161737,11.953695764950009,146,DOORMAT MERRY CHRISTMAS RED,1.3881776289220749,High-Revenue Priority,Prioritize inventory monitoring and avoid stockouts
22690,1619,9943.7,13,124.53846153846153,145.02793718488365,8.337201476279782,285,DOORMAT HOME SWEET HOME BLUE,1.1645232757279107,High-Revenue Priority,Prioritize inventory monitoring and avoid stockouts
22691,371,2678.77,12,30.916666666666668,35.02326066885817,9.58116998048248,120,DOORMAT WELCOME SUNRISE,1.1328278383458168,Regular,Maintain standard replenishment review
22692,1522,11539.06,13,117.07692307692308,88.73693475517165,9.736332661172055,443,DOORMAT WELCOME TO OUR HOME,0.7579370248470639,High-Revenue Priority,Prioritize inventory monitoring and avoid stockouts
22693,16244,17927.45,13,1249.5384615384614,1080.9684404416112,1.4583789966123628,305,GROW A FLYTRAP OR SUNFLOWER IN TIN,0.8650941717397775,High-Revenue Priority,Prioritize inventory monitoring and avoid stockouts
22694,1842,4251.72,13,141.69230769230768,173.03197422026977,2.631410820229525,405,WICKER STAR,1.221181142705487,High-Revenue Priority,Prioritize inventory monitoring and avoid stockouts
22695,741,1001.49,12,61.75,70.6658268960966,1.861735063085063,123,WICKER WREATH SMALL,1.144385860665532,Regular,Maintain standard replenishment review
22696,729,1452.55,13,56.07692307692308,56.76480943105147,2.335913052514347,151,WICKER WREATH LARGE,1.0122668348472825,Regular,Maintain standard replenishment review
22697,7278,22755.5,13,559.8461538461538,140.14507135693725,3.873637264999845,1013,GREEN REGENCY TEACUP AND SAUCER,0.250327827375678,High-Revenue Priority,Prioritize inventory monitoring and avoid stockouts
22698,5788,17445.56,12,482.3333333333333,206.03015372130423,3.7541394351155417,765,PINK REGENCY TEACUP AND SAUCER,0.42715304848922786,High-Revenue Priority,Prioritize inventory monitoring and avoid stockouts
22699,9864,29056.920000000002,13,758.7692307692307,309.35690118,3.7065755197651913,1065,ROSES REGENCY TEACUP AND SAUCER,0.4077088113686132,High-Revenue Priority,Prioritize inventory monitoring and avoid stockouts
22700,1196,2602.18,10,119.6,226.88381755133324,2.700306060606061,52,BLACK AND WHITE DOG BOWL,1.8970218858807129,Regular,Maintain standard replenishment review
22701,549,922.8900000000001,13,42.23076923076923,36.11591026623827,2.6384765285321965,115,PINK DOG BOWL,0.8552037039364252,Regular,Maintain standard replenishment review
22702,1363,2684.6499999999996,13,104.84615384615384,261.71066917299026,2.1934935897435897,49,BLACK AND WHITE CAT BOWL,2.496139911407831,Regular,Maintain standard replenishment review
22703,360,583.3299999999999,13,27.692307692307693,28.613471813653955,2.12464381270903,123,PINK CAT BOWL,1.033264259937504,Regular,Maintain standard replenishment review
22704,5253,2158.26,13,404.0769230769231,186.8026862487357,0.4192365529207634,174,WRAP RED APPLES,0.4622948641221329,High-Turnover Stable,Keep stable local warehouse inventory
22705,1883,790.86,13,144.84615384615384,77.92608266154765,0.42,77,WRAP GREEN PEARS,0.5379920736060114,High-Turnover Stable,Keep stable local warehouse inventory
22706,2057,847.94,13,158.23076923076923,119.7721126738565,0.4194405594405594,71,WRAP COWBOYS,0.7569457777151845,High-Turnover Stable,Keep stable local warehouse inventory
22707,1257,527.94,13,96.6923076923077,61.49713355838169,0.42,49,WRAP MONSTER FUN,0.6360085411765807,Regular,Maintain standard replenishment review
22708,2800,1160.0,13,215.3846153846154,93.2840987356531,0.41923076923076924,100,WRAP DOLLY GIRL,0.433104744129818,High-Turnover Stable,Keep stable local warehouse inventory
22709,1325,528.5,11,120.45454545454545,81.25437051182371,0.4168181818181818,39,WRAP WEDDING DAY,0.6745645853811779,Regular,Maintain standard replenishment review
22710,4501,1774.42,13,346.2307692307692,244.53464439153058,0.4161025641025641,104,WRAP I LOVE LONDON,0.7062764668051317,High-Turnover Stable,Keep stable local warehouse inventory
22711,2902,1202.84,13,223.23076923076923,118.79194266037423,0.41938461538461536,103,WRAP CIRCUS PARADE,0.5321486059906496,High-Turnover Stable,Keep stable local warehouse inventory
22712,4435,1822.2,12,369.5833333333333,245.70065243311956,0.5298157276594776,312,CARD DOLLY GIRL,0.6648044710704475,High-Turnover Stable,Keep stable local warehouse inventory
22713,3441,1437.3600000000001,13,264.6923076923077,170.82563459825764,0.5476729662236628,217,CARD I LOVE LONDON,0.6453743823822579,High-Turnover Stable,Keep stable local warehouse inventory
22714,3487,1415.73,13,268.2307692307692,170.54674522749565,0.5501590038538199,225,CARD BIRTHDAY COWBOY,0.6358209601254498,High-Turnover Stable,Keep stable local warehouse inventory
22715,1543,645.64,12,128.58333333333334,76.42995406768134,0.5271419778478602,130,CARD WEDDING DAY,0.5944001612522203,Regular,Maintain standard replenishment review
22716,3201,1360.9099999999999,13,246.23076923076923,81.8557204742526,0.5298897077281692,288,CARD CIRCUS PARADE,0.3324349784958713,High-Turnover Stable,Keep stable local warehouse inventory
22717,1229,535.78,13,94.53846153846153,47.16392580602147,0.5765071210840441,131,CARD DOG AND BALL,0.4988861151165819,Regular,Maintain standard replenishment review
22718,1633,717.23,13,125.61538461538461,60.39113961161639,0.5636248957969605,168,CARD CAT AND TREE,0.48076228717147157,Regular,Maintain standard replenishment review
22719,620,895.72,6,103.33333333333333,60.944783752727076,2.136420944041868,109,GUMBALL MONOCHROME COAT RACK,0.5897882298651008,Regular,Maintain standard replenishment review
22720,7483,38108.89,13,575.6153846153846,376.64628376890045,5.952989909228465,1385,SET OF 3 CAKE TINS PANTRY DESIGN,0.65433672176877,High-Revenue Priority,Prioritize inventory monitoring and avoid stockouts
22721,1020,4671.81,13,78.46153846153847,52.37145435033507,5.459445355548188,297,SET OF 3 CAKE TINS SKETCHBOOK,0.6674793201513293,High-Revenue Priority,Prioritize inventory monitoring and avoid stockouts
22722,5966,24436.26,12,497.1666666666667,291.26146745534743,4.766668694857198,834,SET OF 6 SPICE TINS PANTRY DESIGN,0.5858427102688852,High-Revenue Priority,Prioritize inventory monitoring and avoid stockouts
22723,1164,4262.820000000001,13,89.53846153846153,60.76815967897358,4.323524722743968,295,SET OF 6 HERB TINS SKETCHBOOK,0.6786821957273682,High-Revenue Priority,Prioritize inventory monitoring and avoid stockouts
22725,1980,8153.6,13,152.30769230769232,82.8768007500537,4.737732601263091,428,ALARM CLOCK BAKELIKE CHOCOLATE,0.5441406109852011,High-Revenue Priority,Prioritize inventory monitoring and avoid stockouts
22726,6419,27155.28,13,493.7692307692308,297.32842499110694,4.797040497280768,980,ALARM CLOCK BAKELIKE GREEN,0.6021606986889532,High-Revenue Priority,Prioritize inventory monitoring and avoid stockouts
22727,7800,30644.87,13,600.0,325.0822972725522,4.395380440891135,1051,ALARM CLOCK BAKELIKE RED,0.5418038287875869,High-Revenue Priority,Prioritize inventory monitoring and avoid stockouts
22728,5356,20672.15,13,412.0,296.577702016408,4.615285394947567,783,ALARM CLOCK BAKELIKE PINK,0.7198487913019612,High-Revenue Priority,Prioritize inventory monitoring and avoid stockouts
22729,2323,9068.95,13,178.69230769230768,125.89836152983659,5.056364599109722,445,ALARM CLOCK BAKELIKE ORANGE,0.7045538957760981,High-Revenue Priority,Prioritize inventory monitoring and avoid stockouts
22730,2885,11453.4,13,221.92307692307693,143.68046813355295,4.397877742751797,570,ALARM CLOCK BAKELIKE IVORY,0.647433651901625,High-Revenue Priority,Prioritize inventory monitoring and avoid stockouts
22731,1172,1536.24,8,146.5,143.83820275374887,1.572439640974967,143,3D CHRISTMAS STAMPS STICKERS,0.9818307355204702,Regular,Maintain standard replenishment review
22732,1645,2162.75,11,149.54545454545453,199.7800608851462,1.6390561547128277,188,3D VINTAGE CHRISTMAS STICKERS,1.3359153007517377,Regular,Maintain standard replenishment review
22733,1583,2095.08,10,158.3,192.3862145673529,1.573495610004587,197,3D TRADITIONAL CHRISTMAS STICKERS,1.2153266870963544,Regular,Maintain standard replenishment review
22734,3261,10610.04,10,326.1,431.5188807508247,3.9919977094063435,422,SET OF 6 RIBBONS VINTAGE CHRISTMAS,1.3232716367703914,High-Revenue Priority,Prioritize inventory monitoring and avoid stockouts
22735,741,1379.21,8,92.625,85.11830003001704,2.6356460161570454,136,RIBBON REEL SOCKS AND MITTENS,0.9189560057221813,Regular,Maintain standard replenishment review
22736,1222,2297.1,12,101.83333333333333,126.59515525221862,2.6369669726117095,223,RIBBON REEL MAKING SNOWMEN,1.2431602807091846,Regular,Maintain standard replenishment review
22737,1388,2694.15,13,106.76923076923077,151.47010367624466,2.3785499308697835,259,RIBBON REEL CHRISTMAS PRESENT,1.4186681180051732,Regular,Maintain standard replenishment review
22738,2173,3829.67,11,197.54545454545453,234.70592818945312,2.5782014253420282,275,RIBBON REEL SNOWY VILLAGE,1.188111003260002,High-Revenue Priority,Prioritize inventory monitoring and avoid stockouts
22739,1818,3556.97,13,139.84615384615384,174.91371499201455,2.68465553557847,318,RIBBON REEL CHRISTMAS SOCK BAUBLE,1.2507581380067048,High-Revenue Priority,Prioritize inventory monitoring and avoid stockouts
22740,6842,5793.619999999999,9,760.2222222222222,396.9697021744159,1.095628121600434,170,POLKADOT PEN,0.5221758724890008,High-Revenue Priority,Prioritize inventory monitoring and avoid stockouts
22741,8547,7363.86,13,657.4615384615385,297.2778205048311,1.0840864573051272,233,FUNKY DIVA PEN,0.45216001714786525,High-Revenue Priority,Prioritize inventory monitoring and avoid stockouts
22742,639,1323.5700000000002,13,49.15384615384615,69.45843619729973,3.091709495632573,101,MAKE YOUR OWN PLAYTIME CARD KIT,1.413082426549134,Regular,Maintain standard replenishment review
22743,930,2408.54,13,71.53846153846153,58.91889253402424,3.642091529385647,206,MAKE YOUR OWN FLOWERPOWER CARD KIT,0.8235974225186184,Regular,Maintain standard replenishment review
22744,867,2084.8500000000004,13,66.6923076923077,59.452200149061795,3.186842103765181,172,MAKE YOUR OWN MONSOON CARD KIT,0.8914401406433717,Regular,Maintain standard replenishment review
22745,2021,4661.79,13,155.46153846153845,76.27758013183973,2.5521144082258007,423,POPPY'S PLAYHOUSE BEDROOM,0.49065242044231394,High-Revenue Priority,Prioritize inventory monitoring and avoid stockouts
22746,1447,3236.5400000000004,13,111.3076923076923,58.26717860480377,2.4954084555013476,328,POPPY'S PLAYHOUSE LIVINGROOM,0.5234784532567028,High-Revenue Priority,Prioritize inventory monitoring and avoid stockouts
22747,954,2080.85,13,73.38461538461539,43.653061102169495,2.5100742584617164,227,POPPY'S PLAYHOUSE BATHROOM,0.5948530338870057,Regular,Maintain standard replenishment review
22748,2117,4880.83,13,162.84615384615384,84.64420255186427,2.466280171741169,436,POPPY'S PLAYHOUSE KITCHEN,0.5197801762750286,High-Revenue Priority,Prioritize inventory monitoring and avoid stockouts
22749,2362,9216.16,13,181.69230769230768,109.58207321104473,4.128811140831082,449,FELTCRAFT PRINCESS CHARLOTTE DOLL,0.603118946546817,High-Revenue Priority,Prioritize inventory monitoring and avoid stockouts
22750,2001,7491.83,13,153.92307692307693,91.62010472458317,4.041218961914904,413,FELTCRAFT PRINCESS LOLA DOLL,0.5952330641777017,High-Revenue Priority,Prioritize inventory monitoring and avoid stockouts
22751,1563,5801.47,13,120.23076923076923,102.38257814536763,4.188884660983967,290,FELTCRAFT PRINCESS OLIVIA DOLL,0.8515505539921813,High-Revenue Priority,Prioritize inventory monitoring and avoid stockouts
22752,1787,14427.970000000001,13,137.46153846153845,132.90197853093045,9.635199404377065,380,SET 7 BABUSHKA NESTING BOXES,0.9668302858993262,High-Revenue Priority,Prioritize inventory monitoring and avoid stockouts
22753,1010,758.13,13,77.6923076923077,66.67506357375375,0.9725998145701493,217,SMALL YELLOW BABUSHKA NOTEBOOK,0.858193887582969,Regular,Maintain standard replenishment review
22754,1951,1350.47,13,150.07692307692307,155.29781149910082,0.9800289297905397,266,SMALL RED BABUSHKA NOTEBOOK,1.034788082772071,High-Turnover Stable,Keep stable local warehouse inventory
22755,1687,1187.96,13,129.76923076923077,116.72699905202869,0.9838997610151456,251,SMALL PURPLE BABUSHKA NOTEBOOK,0.8994967324696935,Regular,Maintain standard replenishment review
22756,599,656.52,13,46.07692307692308,45.556670822287444,1.4805030525030527,123,LARGE YELLOW BABUSHKA NOTEBOOK,0.9887090495655038,Regular,Maintain standard replenishment review
22757,1096,1167.74,13,84.3076923076923,91.91425770374674,1.551586283349632,163,LARGE RED BABUSHKA NOTEBOOK,1.0902238596247333,Regular,Maintain standard replenishment review
22758,1195,1110.25,13,91.92307692307692,137.64293270297944,1.549624236874237,178,LARGE PURPLE BABUSHKA NOTEBOOK,1.497370816015676,Regular,Maintain standard replenishment review
22759,5435,9027.439999999999,12,452.9166666666667,361.294757109969,2.029245167162552,422,SET OF 3 NOTEBOOKS IN PARCEL,0.7977069154221946,High-Revenue Priority,Prioritize inventory monitoring and avoid stockouts
22760,275,3491.8599999999997,10,27.5,12.633729105498151,14.235972727272728,80,"TRAY, BREAKFAST IN BED",0.4594083311090237,High-Revenue Priority,Prioritize inventory monitoring and avoid stockouts
22761,36,895.38,12,3.0,2.174229226018436,26.673333333333332,26,CHEST 7 DRAWER MA CAMPAGNE,0.7247430753394787,Long-Tail,Limit stock and avoid excessive local warehouse space
22762,171,2786.0299999999997,13,13.153846153846153,5.382783571197989,17.621753912753913,112,CUPBOARD 3 DRAWER MA CAMPAGNE,0.40921746447704016,Regular,Maintain standard replenishment review
22763,206,2176.3199999999997,13,15.846153846153847,5.871486947474121,11.317817404817406,108,KEY CABINET MA CAMPAGNE,0.3705307296949688,Regular,Maintain standard replenishment review
22764,5,174.76999999999998,2,2.5,0.7071067811865476,37.455,3,"RUSTIC WOODEN CABINET, GLASS DOORS",0.282842712474619,Long-Tail,Limit stock and avoid excessive local warehouse space
22765,27,316.95000000000005,1,27.0,0.0,19.874,5,NEWSPAPER STAND,0.0,Long-Tail,Limit stock and avoid excessive local warehouse space
22766,3267,9755.09,13,251.30769230769232,177.45533927131478,3.224801668323809,504,PHOTO FRAME CORNICE,0.7061277656954674,High-Revenue Priority,Prioritize inventory monitoring and avoid stockouts
22767,774,7173.549999999999,13,59.53846153846154,48.71792172738793,10.206289167376797,218,TRIPLE PHOTO FRAME CORNICE,0.8182596672558696,High-Revenue Priority,Prioritize inventory monitoring and avoid stockouts
22768,867,8258.59,13,66.6923076923077,46.603620416201956,10.864790449746332,260,FAMILY PHOTO FRAME CORNICE,0.698785542572809,High-Revenue Priority,Prioritize inventory monitoring and avoid stockouts
22769,11,366.73,2,5.5,6.363961030678928,43.35714285714286,8,CHALKBOARD KITCHEN ORGANISER,1.1570838237598051,Long-Tail,Limit stock and avoid excessive local warehouse space
22770,94,1515.6799999999998,13,7.230769230769231,3.086363722188463,16.125468864468864,62,MIRROR CORNICE,0.42683753604734065,Regular,Maintain standard replenishment review
22771,6539,8930.44,13,503.0,163.7228348968667,1.5815794815780628,441,CLEAR DRAWER KNOB ACRYLIC EDWARDIAN,0.3254927135126574,High-Revenue Priority,Prioritize inventory monitoring and avoid stockouts
22772,3793,5116.7,13,291.7692307692308,155.45371971863196,1.7206689405035438,254,PINK DRAWER KNOB ACRYLIC EDWARDIAN,0.5327968247672595,High-Revenue Priority,Prioritize inventory monitoring and avoid stockouts
22773,2075,2739.4,13,159.6153846153846,73.48303484653047,1.5338561084300844,191,GREEN DRAWER KNOB ACRYLIC EDWARDIAN,0.4603756400023596,High-Turnover Stable,Keep stable local warehouse inventory
22774,2254,2871.75,13,173.3846153846154,128.55319162480208,1.5902446596231425,140,RED DRAWER KNOB ACRYLIC EDWARDIAN,0.7414336695308017,High-Turnover Stable,Keep stable local warehouse inventory
22775,3105,4469.37,13,238.84615384615384,113.16422149089802,1.7514248801469061,237,PURPLE DRAWERKNOB ACRYLIC EDWARDIAN,0.4737954522968355,High-Revenue Priority,Prioritize inventory monitoring and avoid stockouts
22776,1244,13078.78,13,95.6923076923077,39.00723141372767,11.586068951629034,536,SWEETHEART CAKESTAND 3 TIER,0.4076318395325239,High-Revenue Priority,Prioritize inventory monitoring and avoid stockouts
22777,352,2951.5299999999997,6,58.666666666666664,49.970658057170574,9.878950980392156,58,GLASS BELL JAR LARGE,0.851772580519953,Regular,Maintain standard replenishment review
22778,808,3146.8199999999997,12,67.33333333333333,27.59885812306317,4.8226680093785355,143,GLASS CLOCHE SMALL,0.4098840315306412,High-Revenue Priority,Prioritize inventory monitoring and avoid stockouts
22779,1537,5789.85,13,118.23076923076923,122.5453343638956,4.156148201722862,149,WOODEN OWLS LIGHT GARLAND,1.036492743481225,High-Revenue Priority,Prioritize inventory monitoring and avoid stockouts
22780,1346,5044.34,13,103.53846153846153,110.11782733706607,4.1720537240537245,132,LIGHT GARLAND BUTTERFILES PINK,1.0635451377279785,High-Revenue Priority,Prioritize inventory monitoring and avoid stockouts
22781,621,5191.01,13,47.76923076923077,20.925080032319457,9.788508874579527,232,GUMBALL MAGAZINE RACK,0.43804515365564084,High-Revenue Priority,Prioritize inventory monitoring and avoid stockouts
22782,241,3399.95,13,18.53846153846154,26.225354731046643,22.16346153846154,74,SET 3 WICKER STORAGE BASKETS,1.4146456908863334,High-Revenue Priority,Prioritize inventory monitoring and avoid stockouts
22783,463,5961.25,6,77.16666666666667,100.60897905588082,16.31310606060606,33,SET 3 WICKER OVAL BASKETS W LIDS,1.303788065518974,High-Revenue Priority,Prioritize inventory monitoring and avoid stockouts
22784,1272,6360.990000000001,13,97.84615384615384,41.54885909754554,5.693485373820763,299,LANTERN CREAM GAZEBO,0.42463456624850004,High-Revenue Priority,Prioritize inventory monitoring and avoid stockouts
22785,245,1087.57,12,20.416666666666668,33.189424200908924,7.134354497354497,74,SQUARECUSHION COVER PINK UNION FLAG,1.6256044506567635,Regular,Maintain standard replenishment review
22786,123,764.63,11,11.181818181818182,7.373170034906042,7.385326839826839,47,CUSHION COVER PINK UNION JACK,0.6593891901135485,Regular,Maintain standard replenishment review
22788,220,2025.96,7,31.428571428571427,29.6190093400457,11.427880952380951,60,BROCANTE COAT RACK,0.9424230244559996,Regular,Maintain standard replenishment review
22789,844,1657.02,13,64.92307692307692,40.75426672644542,2.212579676733523,138,T-LIGHT HOLDER SWEETHEART HANGING,0.6277315964973821,Regular,Maintain standard replenishment review
22791,7955,9873.880000000001,12,662.9166666666666,263.9123333551687,1.4980974988186944,345,T-LIGHT GLASS FLUTED ANTIQUE,0.39810785672684157,High-Revenue Priority,Prioritize inventory monitoring and avoid stockouts
22792,2785,2622.93,13,214.23076923076923,207.2088937305193,1.1644574773053034,206,FLUTED ANTIQUE CANDLE HOLDER,0.9672228432663378,High-Turnover Stable,Keep stable local warehouse inventory
22794,326,2784.9,13,25.076923076923077,9.105506927692515,8.9058838436576,182,SWEETHEART WIRE MAGAZINE RACK,0.3631030369938733,Regular,Maintain standard replenishment review
22795,1211,8571.25,11,110.0909090909091,48.81896054906239,7.9663192649823085,368,SWEETHEART RECIPE BOOK STAND,0.44344225106497626,High-Revenue Priority,Prioritize inventory monitoring and avoid stockouts
22796,582,5787.45,13,44.76923076923077,14.089912740171282,10.385350743810562,232,PHOTO FRAME 3 CLASSIC HANGING,0.3147231368079496,High-Revenue Priority,Prioritize inventory monitoring and avoid stockouts
22797,163,2851.3599999999997,13,12.538461538461538,9.536031534967648,19.38524523339908,91,CHEST OF DRAWERS GINGHAM HEART,0.760542392359383,Regular,Maintain standard replenishment review
22798,1798,5561.3,13,138.30769230769232,71.48937521919441,3.7306434627123783,267,ANTIQUE GLASS DRESSING TABLE POT,0.5168864726638083,High-Revenue Priority,Prioritize inventory monitoring and avoid stockouts
22799,207,1623.08,13,15.923076923076923,9.801883649427955,8.43923717948718,89,SWEETHEART WIRE FRUIT BOWL,0.6155772340220454,Regular,Maintain standard replenishment review
22800,870,3560.7400000000002,13,66.92307692307692,52.9220520175058,4.934093130980945,203,ANTIQUE TALL SWIRLGLASS TRINKET POT,0.7907892830202016,High-Revenue Priority,Prioritize inventory monitoring and avoid stockouts
22801,1027,4203.89,13,79.0,37.819747927945436,4.72002886002886,220,ANTIQUE GLASS PEDESTAL BOWL,0.47873098642968903,High-Revenue Priority,Prioritize inventory monitoring and avoid stockouts
22802,87,1474.74,12,7.25,6.784005252999682,18.876722222222224,49,FAUX FUR CHOCOLATE THROW,0.9357248624827148,Long-Tail,Limit stock and avoid excessive local warehouse space
22803,54,2038.09,11,4.909090909090909,7.462634192489212,40.29484848484849,31,IVORY EMBROIDERED QUILT,1.5201662243959504,Long-Tail,Limit stock and avoid excessive local warehouse space
22804,3131,8102.95,13,240.84615384615384,189.91482571311022,3.1885124854835922,474,CANDLEHOLDER PINK HANGING HEART,0.7885316941138399,High-Revenue Priority,Prioritize inventory monitoring and avoid stockouts
22805,1890,2576.03,13,145.3846153846154,68.59730128503412,1.713589629638838,195,BLUE DRAWER KNOB ACRYLIC EDWARDIAN,0.47183328926213947,High-Turnover Stable,Keep stable local warehouse inventory
22806,260,677.0400000000001,13,20.0,21.621748310439653,3.692478632478633,38,SET OF 6 T-LIGHTS WEDDING CAKE,1.0810874155219827,Regular,Maintain standard replenishment review
22807,818,2417.73,13,62.92307692307692,26.405370471621673,3.8082490992234477,195,SET OF 6 T-LIGHTS TOADSTOOLS,0.4196452519939875,Regular,Maintain standard replenishment review
22808,345,1038.8700000000001,9,38.333333333333336,31.308944408906537,3.5674170274170276,75,SET OF 6 T-LIGHTS EASTER CHICKS,0.8167550715366922,Regular,Maintain standard replenishment review
22809,1240,3781.2000000000003,8,155.0,153.96103403134185,3.3513516483516486,204,SET OF 6 T-LIGHTS SANTA,0.9932969937505925,High-Revenue Priority,Prioritize inventory monitoring and avoid stockouts
22810,944,3022.0800000000004,10,94.4,120.24715288844796,3.639639579261247,165,SET OF 6 T-LIGHTS SNOWMEN,1.2738045856827114,High-Revenue Priority,Prioritize inventory monitoring and avoid stockouts
22811,881,2419.29,13,67.76923076923077,67.05489523039294,3.7823153396311286,108,SET OF 6 T-LIGHTS CACTI,0.9894592939785565,Regular,Maintain standard replenishment review
22812,1725,3608.2999999999997,9,191.66666666666666,236.71343434625757,2.9574168844128934,185,PACK 3 BOXES CHRISTMAS PANNETONE,1.2350266139804744,High-Revenue Priority,Prioritize inventory monitoring and avoid stockouts
22813,2372,4640.78,13,182.46153846153845,137.93030570099245,2.6068726300581138,218,PACK 3 BOXES BIRD PANNETONE,0.7559418103342757,High-Revenue Priority,Prioritize inventory monitoring and avoid stockouts
22814,2129,888.47,13,163.76923076923077,58.560728943200274,0.5199869491996189,235,CARD PARTY GAMES,0.3575807779528434,High-Turnover Stable,Keep stable local warehouse inventory
22815,2628,1118.84,13,202.15384615384616,98.20798181567369,0.5169767570057753,268,CARD PSYCHEDELIC APPLES,0.48580812922517425,High-Turnover Stable,Keep stable local warehouse inventory
22816,3987,1691.76,11,362.45454545454544,489.91618949293024,0.5750006173701722,266,CARD MOTORBIKE SANTA,1.3516624239835047,High-Turnover Volatile,Monitor closely and replenish in smaller batches
22817,2639,1114.81,13,203.0,102.0857482707552,0.49708010518065976,290,CARD SUKI BIRTHDAY,0.5028854594618483,High-Turnover Stable,Keep stable local warehouse inventory
22818,3633,1550.4,11,330.27272727272725,446.35503602157127,0.5772151825948093,244,CARD CHRISTMAS VILLAGE,1.3514740975054458,High-Turnover Volatile,Monitor closely and replenish in smaller batches
22819,2608,1104.81,13,200.6153846153846,93.85852692708892,0.48914955877455873,270,"BIRTHDAY CARD, RETRO SPOT",0.46785308667644016,High-Turnover Stable,Keep stable local warehouse inventory
22820,940,575.4200000000001,13,72.3076923076923,63.60081841111876,0.6739846153846154,77,GIFT BAG BIRTHDAY,0.8795857865367488,Regular,Maintain standard replenishment review
22821,1171,722.6700000000001,13,90.07692307692308,85.7287014739536,0.7479280889361534,139,GIFT BAG PSYCHEDELIC APPLES,0.9517276850225421,Regular,Maintain standard replenishment review
22822,433,2582.75,13,33.30769230769231,25.80175903365445,6.643669185264208,158,CREAM WALL PLANTER HEART SHAPED,0.7746486545900874,Regular,Maintain standard replenishment review
22823,24,2745.0,10,2.4,1.9550504398153572,119.0,13,CHEST NATURAL WOOD 20 DRAWERS,0.8146043499230655,Long-Tail,Limit stock and avoid excessive local warehouse space
22824,55,1938.2500000000002,12,4.583333333333333,3.058767824804721,35.68928571428572,43,3 TIER SWEETHEART GARDEN SHELF,0.6673675254119391,Long-Tail,Limit stock and avoid excessive local warehouse space
22825,73,584.37,12,6.083333333333333,4.077841080619484,8.41375,28,DECORATIVE PLANT POT WITH FRIEZE,0.6703300406497782,Long-Tail,Limit stock and avoid excessive local warehouse space
22826,58,6210.0,10,5.8,4.825856285561028,138.0,41,LOVE SEAT ANTIQUE WHITE METAL,0.8320441871656945,High-Revenue Priority,Prioritize inventory monitoring and avoid stockouts
22827,35,5415.0,11,3.1818181818181817,1.7786613965666327,157.75757575757575,26,RUSTIC  SEVENTEEN DRAWER SIDEBOARD,0.5590078674923703,High-Revenue Priority,Prioritize inventory monitoring and avoid stockouts
22828,10,1530.0,6,1.6666666666666667,0.816496580927726,156.66666666666666,7,REGENCY MIRROR WITH SHUTTERS,0.4898979485566356,Long-Tail,Limit stock and avoid excessive local warehouse space
22829,227,2295.43,12,18.916666666666668,11.016172684106788,10.924353522695627,109,SWEETHEART WIRE WALL TIDY,0.5823527410100504,Regular,Maintain standard replenishment review
22830,131,2610.29,2,65.5,89.80256121069154,17.063000000000002,6,UTILTY CABINET WITH HOOKS,1.3710314688655196,Regular,Maintain standard replenishment review
22831,706,2070.9,13,54.30769230769231,46.24641358236084,3.3391733821733824,121,WHITE BROCANTE SOAP DISH,0.8515628563324233,Regular,Maintain standard replenishment review
22832,162,1781.82,12,13.5,10.94199582924764,12.403341880341879,76,BROCANTE SHELF WITH HOOKS,0.8105182095738992,Regular,Maintain standard replenishment review
22833,76,2603.5299999999997,3,25.333333333333332,41.28357219685977,55.415,5,HALL CABINET WITH 3 DRAWERS,1.6296146919813068,Long-Tail,Limit stock and avoid excessive local warehouse space
22834,4941,7105.33,13,380.0769230769231,951.6212886033377,2.4673886470274433,368,HAND WARMER BABUSHKA DESIGN,2.503759715005746,High-Revenue Priority,Prioritize inventory monitoring and avoid stockouts
22835,3441,17892.960000000003,13,264.6923076923077,292.1002637837976,5.9309404104769134,657,HOT WATER BOTTLE I AM SO POORLY,1.1035464775325106,High-Revenue Priority,Prioritize inventory monitoring and avoid stockouts
22837,1173,5657.93,10,117.3,339.85554120668513,5.774221347694008,178,HOT WATER BOTTLE BABUSHKA,2.8973191918728487,High-Revenue Priority,Prioritize inventory monitoring and avoid stockouts
22838,689,9765.11,12,57.416666666666664,44.217352277406235,17.05520505989825,168,3 TIER CAKE TIN RED AND CREAM,0.7701135374874817,High-Revenue Priority,Prioritize inventory monitoring and avoid stockouts
22839,445,6981.67,13,34.23076923076923,18.39453653558508,18.610888799450837,201,3 TIER CAKE TIN GREEN AND CREAM,0.537368483062036,High-Revenue Priority,Prioritize inventory monitoring and avoid stockouts
22840,913,6903.79,13,70.23076923076923,47.16841076779007,8.49677924605979,271,ROUND CAKE TIN VINTAGE RED,0.6716203066607568,High-Revenue Priority,Prioritize inventory monitoring and avoid stockouts
22841,529,4101.7699999999995,13,40.69230769230769,23.630434526208695,8.717065914188044,213,ROUND CAKE TIN VINTAGE GREEN,0.5807101112300813,High-Revenue Priority,Prioritize inventory monitoring and avoid stockouts
22842,589,3823.21,13,45.30769230769231,31.781505668613352,7.6805220803488,162,BISCUIT TIN VINTAGE RED,0.7014593780848448,High-Revenue Priority,Prioritize inventory monitoring and avoid stockouts
22843,450,2904.52,13,34.61538461538461,30.275233171517332,7.7637319347319345,126,BISCUIT TIN VINTAGE GREEN,0.8746178471771674,Regular,Maintain standard replenishment review
22844,1003,9661.32,13,77.15384615384616,30.005127766894983,10.778530891978583,416,VINTAGE CREAM DOG FOOD CONTAINER,0.38889996108637565,High-Revenue Priority,Prioritize inventory monitoring and avoid stockouts
22845,802,5396.93,13,61.69230769230769,28.686188939931288,7.842223251669608,316,VINTAGE CREAM CAT FOOD CONTAINER,0.46498810002382385,High-Revenue Priority,Prioritize inventory monitoring and avoid stockouts
22846,665,10676.619999999999,13,51.15384615384615,24.849031348814364,17.311691341304876,278,BREAD BIN DINER STYLE RED,0.4857705376459951,High-Revenue Priority,Prioritize inventory monitoring and avoid stockouts
22847,905,14389.34,12,75.41666666666667,48.33304597615728,17.482517924714486,376,BREAD BIN DINER STYLE IVORY,0.6408801676396545,High-Revenue Priority,Prioritize inventory monitoring and avoid stockouts
22848,323,5208.45,11,29.363636363636363,15.021802337088099,18.23855572457845,128,BREAD BIN DINER STYLE PINK,0.5115784077646102,High-Revenue Priority,Prioritize inventory monitoring and avoid stockouts
22849,323,5027.73,10,32.3,26.646033684417485,16.946981155205304,129,BREAD BIN DINER STYLE MINT,0.8249546032327396,High-Revenue Priority,Prioritize inventory monitoring and avoid stockouts
22851,2741,2368.64,13,210.84615384615384,142.43937081781272,1.008944800986629,350,SET 20 NAPKINS FAIRY CAKES DESIGN,0.6755606788148725,High-Turnover Stable,Keep stable local warehouse inventory
22852,390,1757.88,13,30.0,11.62612001773019,4.6168914418914415,125,DOG BOWL VINTAGE CREAM,0.3875373339243397,Regular,Maintain standard replenishment review
22853,472,1655.96,13,36.30769230769231,16.569975937342292,3.6521203241203244,116,CAT BOWL VINTAGE CREAM,0.4563764559013767,Regular,Maintain standard replenishment review
22854,767,3708.52,10,76.7,55.19269275305684,5.389423376623377,161,CREAM SWEETHEART EGG HOLDER,0.7195918220737527,High-Revenue Priority,Prioritize inventory monitoring and avoid stockouts
22855,2642,3301.73,9,293.55555555555554,205.8003347367972,1.509932405086791,237,FINE WICKER HEART,0.70106094346373,High-Revenue Priority,Prioritize inventory monitoring and avoid stockouts
22856,569,729.57,8,71.125,98.22486955959779,3.2004375,27,ASSORTED EASTER DECORATIONS  BELLS,1.3810174982017265,Regular,Maintain standard replenishment review
22857,1145,965.8599999999999,7,163.57142857142858,160.5374900585085,1.440945054945055,61,ASSORTED EASTER GIFT TAGS,0.9814519042878248,Regular,Maintain standard replenishment review
22858,1126,1860.78,7,160.85714285714286,133.28719439794727,1.8085483078815048,136,EASTER TIN KEEPSAKE,0.8286060042501162,Regular,Maintain standard replenishment review
22859,1203,2003.07,11,109.36363636363636,102.56439219073326,1.7923732303227395,158,EASTER TIN BUNNY BOUQUET,0.937829022525408,Regular,Maintain standard replenishment review
22860,589,1017.77,7,84.14285714285714,91.85936455878006,1.831354497354497,107,EASTER TIN CHICKS PINK DAISY,1.0917072188649584,Regular,Maintain standard replenishment review
22861,305,522.93,5,61.0,33.3391661563393,2.023478991596639,50,EASTER TIN CHICKS IN GARDEN,0.5465437074809721,Regular,Maintain standard replenishment review
22862,171,826.95,2,85.5,24.748737341529164,5.432007073386384,66,LOVE HEART NAPKIN BOX,0.2894589162751949,Regular,Maintain standard replenishment review
22863,719,2070.73,13,55.30769230769231,45.03218222446516,3.21397668997669,110,SOAP DISH BROCANTE,0.8142119178276037,Regular,Maintain standard replenishment review
22865,8439,17786.13,12,703.25,916.732153308201,2.4752418918998824,654,HAND WARMER OWL DESIGN,1.3035650953547115,High-Revenue Priority,Prioritize inventory monitoring and avoid stockouts
22866,6611,14366.52,10,661.1,805.9151389018022,2.3244462503161576,548,HAND WARMER SCOTTY DOG DESIGN,1.2190517908059326,High-Revenue Priority,Prioritize inventory monitoring and avoid stockouts
22867,6433,14061.890000000001,10,643.3,710.336704199729,2.637045228237093,554,HAND WARMER BIRD DESIGN,1.104207530234306,High-Revenue Priority,Prioritize inventory monitoring and avoid stockouts
22868,63,144.65,11,5.7272727272727275,4.818524859143286,2.9078787878787877,20,NUMBER TILE COTTAGE GARDEN 0,0.8413297373107325,Long-Tail,Limit stock and avoid excessive local warehouse space
22869,96,246.14,12,8.0,5.892985043869764,3.1058055555555555,44,NUMBER TILE COTTAGE GARDEN 1,0.7366231304837205,Regular,Maintain standard replenishment review
22870,93,240.29,12,7.75,5.986727744846019,3.075527777777778,39,NUMBER TILE COTTAGE GARDEN 2,0.7724809993349702,Regular,Maintain standard replenishment review
22871,67,163.35,10,6.7,5.2925524193068805,3.054533333333333,25,NUMBER TILE COTTAGE GARDEN 3,0.7899331969114747,Long-Tail,Limit stock and avoid excessive local warehouse space
22872,72,177.46,12,6.0,6.701424543266223,3.0854166666666667,30,NUMBER TILE COTTAGE GARDEN 4,1.1169040905443706,Long-Tail,Limit stock and avoid excessive local warehouse space
22873,60,145.5,11,5.454545454545454,5.52021079966402,3.127424242424242,26,NUMBER TILE COTTAGE GARDEN 5,1.0120386466050704,Long-Tail,Limit stock and avoid excessive local warehouse space
22874,65,150.81,10,6.5,4.743416490252569,3.0076666666666667,21,NUMBER TILE COTTAGE GARDEN 6,0.7297563831157798,Long-Tail,Limit stock and avoid excessive local warehouse space
22875,63,149.09,11,5.7272727272727275,4.941475672122834,2.944545454545455,25,NUMBER TILE COTTAGE GARDEN 7,0.8627973395770028,Long-Tail,Limit stock and avoid excessive local warehouse space
22876,61,138.81,9,6.777777777777778,5.333333333333334,2.831296296296296,20,NUMBER TILE COTTAGE GARDEN 8,0.7868852459016394,Long-Tail,Limit stock and avoid excessive local warehouse space
22877,63,138.10999999999999,10,6.3,5.538752366533259,2.6585,19,NUMBER TILE COTTAGE GARDEN 9,0.8791670423068666,Long-Tail,Limit stock and avoid excessive local warehouse space
22878,75,204.19,12,6.25,4.392659165636978,3.385666666666667,33,NUMBER TILE COTTAGE GARDEN NO,0.7028254665019165,Long-Tail,Limit stock and avoid excessive local warehouse space
22879,70,102.46,10,7.0,10.349449797506683,2.9383333333333335,16,NUMBER TILE VINTAGE FONT 0,1.4784928282152403,Long-Tail,Limit stock and avoid excessive local warehouse space
22880,97,196.69,12,8.083333333333334,9.848473193466297,3.190361111111111,32,NUMBER TILE VINTAGE FONT 1,1.2183678177484079,Regular,Maintain standard replenishment review
22881,102,197.56,13,7.846153846153846,9.326004448549174,3.138153846153846,34,NUMBER TILE VINTAGE FONT 2,1.1886084101092085,Regular,Maintain standard replenishment review
22882,108,213.70000000000002,13,8.307692307692308,9.724407568798345,3.0886923076923076,42,NUMBER TILE VINTAGE FONT 3,1.1705305406886894,Regular,Maintain standard replenishment review
22883,100,191.48,13,7.6923076923076925,9.357569265792401,3.177025641025641,32,NUMBER TILE VINTAGE FONT 4,1.216484004553012,Regular,Maintain standard replenishment review
22884,99,194.05,12,8.25,9.621235981836316,3.0174583333333334,36,NUMBER TILE VINTAGE FONT 5,1.1662104220407656,Regular,Maintain standard replenishment review
22885,96,172.78,12,8.0,9.544155755796796,3.124861111111111,28,NUMBER TILE VINTAGE FONT 6,1.1930194694745995,Regular,Maintain standard replenishment review
22886,87,146.43,12,7.25,9.391727501080164,2.8640000000000003,25,NUMBER TILE VINTAGE FONT 7,1.2954106898041604,Long-Tail,Limit stock and avoid excessive local warehouse space
22887,78,126.78,12,6.5,9.634219315449583,3.0056944444444444,23,NUMBER TILE VINTAGE FONT 8,1.4821875869922434,Long-Tail,Limit stock and avoid excessive local warehouse space
22888,76,124.97999999999999,12,6.333333333333333,9.31600122305052,3.1304166666666666,21,NUMBER TILE VINTAGE FONT 9,1.4709475615342928,Long-Tail,Limit stock and avoid excessive local warehouse space
22889,169,263.8,11,15.363636363636363,29.438997018488003,3.569848484848485,33,NUMBER TILE VINTAGE FONT NO,1.9161477349311717,Regular,Maintain standard replenishment review
22890,385,3939.87,13,29.615384615384617,22.3515042802435,11.35162149579605,165,NOVELTY BISCUITS CAKE STAND 3 TIER,0.7547261185536766,High-Revenue Priority,Prioritize inventory monitoring and avoid stockouts
22891,420,2108.18,13,32.30769230769231,23.282270133389112,5.562516970938024,168,TEA FOR ONE POLKADOT,0.7206416946049011,Regular,Maintain standard replenishment review
22892,2472,3021.6,12,206.0,77.57576941287789,1.2457659565108095,199,SET OF SALT AND PEPPER TOADSTOOLS,0.37658140491688297,High-Turnover Stable,Keep stable local warehouse inventory
22893,1872,931.02,13,144.0,116.46673344779616,0.6273492917339071,142,MINI CAKE STAND T-LIGHT HOLDER,0.80879676005414,High-Turnover Stable,Keep stable local warehouse inventory
22894,305,3027.3799999999997,13,23.46153846153846,13.213726351887422,10.18524678425488,122,TABLECLOTH RED APPLES DESIGN,0.5632080084411033,High-Revenue Priority,Prioritize inventory monitoring and avoid stockouts
22895,2058,6334.3,13,158.30769230769232,90.88031012948167,3.654523176057659,284,SET OF 2 TEA TOWELS APPLE AND PEARS,0.5740738735098453,High-Revenue Priority,Prioritize inventory monitoring and avoid stockouts
22896,1584,4043.36,13,121.84615384615384,68.63168140376347,3.2487386967607557,288,PEG BAG APPLES DESIGN,0.5632650620258366,High-Revenue Priority,Prioritize inventory monitoring and avoid stockouts
22897,1350,2013.1,13,103.84615384615384,52.8233631294685,1.7953978359682476,211,OVEN MITT APPLES DESIGN,0.5086694227282151,Regular,Maintain standard replenishment review
22898,2414,5150.92,13,185.69230769230768,92.8371195655637,2.5403359364629625,365,CHILDRENS APRON APPLES DESIGN,0.499951348116126,High-Revenue Priority,Prioritize inventory monitoring and avoid stockouts
22899,2069,4326.43,13,159.15384615384616,69.2361251489497,2.412253454174817,313,CHILDREN'S APRON DOLLY GIRL,0.4350264025791909,High-Revenue Priority,Prioritize inventory monitoring and avoid stockouts
22900,4907,14938.43,13,377.46153846153845,241.54316915222952,3.7229728641175033,533,SET 2 TEA TOWELS I LOVE LONDON,0.6399146523291184,High-Revenue Priority,Prioritize inventory monitoring and avoid stockouts
22902,1288,2633.28,13,99.07692307692308,54.603817843415705,2.683163013044086,136,TOTE BAG I LOVE LONDON,0.5511254906555932,Regular,Maintain standard replenishment review
22903,193,550.6,10,19.3,15.902829936838284,3.187135574229692,59,CALENDAR FAMILY FAVOURITES,0.8239808257429162,Regular,Maintain standard replenishment review
22904,1834,5467.26,12,152.83333333333334,78.76066546343057,3.3030265893745487,271,CALENDAR PAPER CUT DESIGN,0.515336960502272,High-Revenue Priority,Prioritize inventory monitoring and avoid stockouts
22905,581,1502.29,13,44.69230769230769,46.940360415078146,2.9934153686603784,110,CALENDAR IN SEASON DESIGN,1.0503006633322132,Regular,Maintain standard replenishment review
22906,1733,2947.87,13,133.30769230769232,57.30384602477193,2.0135441083134378,251,12 MESSAGE CARDS WITH ENVELOPES,0.429861510860955,Regular,Maintain standard replenishment review
22907,6573,5670.0,13,505.61538461538464,208.18562969200448,0.9991888095679339,670,PACK OF 20 NAPKINS PANTRY DESIGN,0.4117470235807178,High-Revenue Priority,Prioritize inventory monitoring and avoid stockouts
22908,4380,3569.58,13,336.9230769230769,193.17671596169038,0.9707456105184341,375,PACK OF 20 NAPKINS RED APPLES,0.5733555496579852,High-Revenue Priority,Prioritize inventory monitoring and avoid stockouts
22909,8976,8041.179999999999,12,748.0,871.5023600865138,1.1873622289565786,610,SET OF 20 VINTAGE CHRISTMAS NAPKINS,1.1651101070675318,High-Revenue Priority,Prioritize inventory monitoring and avoid stockouts
22910,10594,32843.84,13,814.9230769230769,1119.3842400726735,3.5428201723413886,820,PAPER CHAIN KIT VINTAGE CHRISTMAS,1.3736072419241794,High-Revenue Priority,Prioritize inventory monitoring and avoid stockouts
22911,463,1358.0900000000001,12,38.583333333333336,27.9462416836759,3.179956654456655,94,PAPER CHAIN KIT LONDON,0.7243086397496993,Regular,Maintain standard replenishment review
22912,287,1342.39,12,23.916666666666668,20.82593808138536,5.268844276094276,100,YELLOW COAT RACK PARIS FASHION,0.8707709302321405,Regular,Maintain standard replenishment review
22913,352,1673.15,13,27.076923076923077,34.762195793854225,5.6755006105006105,112,RED COAT RACK PARIS FASHION,1.283831094659389,Regular,Maintain standard replenishment review
22914,467,2261.21,13,35.92307692307692,33.727984272365326,5.632737810098134,154,BLUE COAT RACK PARIS FASHION,0.9388946371322254,Regular,Maintain standard replenishment review
22915,3152,1406.42,13,242.46153846153845,142.54158187736857,1.135755055232931,184,ASSORTED BOTTLE TOP  MAGNETS,0.5878935800779795,High-Turnover Stable,Keep stable local warehouse inventory
22916,1905,1314.21,13,146.53846153846155,97.5701588470363,0.8431223331926169,237,HERB MARKER THYME,0.6658331049928986,High-Turnover Stable,Keep stable local warehouse inventory
22917,1937,1340.22,13,149.0,97.24368017168692,0.8478578312712929,240,HERB MARKER ROSEMARY,0.6526421488032679,High-Turnover Stable,Keep stable local warehouse inventory
22918,1869,1275.3500000000001,13,143.76923076923077,93.06910859334033,0.840611409715092,238,HERB MARKER PARSLEY,0.6473506750740633,High-Turnover Stable,Keep stable local warehouse inventory
22919,1753,1221.8600000000001,13,134.84615384615384,100.43973827943313,0.82878867615674,240,HERB MARKER MINT,0.7448468896934574,Regular,Maintain standard replenishment review
22920,3423,2153.34,13,263.3076923076923,451.1493441968312,0.8517274791757188,242,HERB MARKER BASIL,1.713392192392289,High-Turnover Volatile,Monitor closely and replenish in smaller batches
22921,1716,1180.87,13,132.0,95.33799522400989,0.8241338264299803,209,HERB MARKER CHIVES,0.7222575395758325,Regular,Maintain standard replenishment review
22922,1587,1422.9,13,122.07692307692308,54.60839608592184,1.6106602564102563,102,FRIDGE MAGNETS US DINER ASSORTED,0.44732775621738113,Regular,Maintain standard replenishment review
22923,1360,1130.77,13,104.61538461538461,65.03401476860456,0.9468141025641026,80,FRIDGE MAGNETS LES ENFANTS ASSORTED,0.6216486705822495,Regular,Maintain standard replenishment review
22924,1295,1154.6,13,99.61538461538461,65.77428380648786,1.341271978021978,87,FRIDGE MAGNETS LA VIE EN ROSE,0.6602823857021948,Regular,Maintain standard replenishment review
22925,449,2757.47,11,40.81818181818182,30.38689909095096,6.517117715617716,182,BLUE GIANT GARDEN THERMOMETER,0.7444451893106026,Regular,Maintain standard replenishment review
22926,594,3656.85,6,99.0,34.356949806407435,6.282583480609797,195,IVORY GIANT GARDEN THERMOMETER,0.34703989703441857,High-Revenue Priority,Prioritize inventory monitoring and avoid stockouts
22927,430,2704.71,11,39.09090909090909,22.27309832715038,6.910999518999518,148,GREEN GIANT GARDEN THERMOMETER,0.5697769339503584,Regular,Maintain standard replenishment review
22928,288,1993.75,13,22.153846153846153,21.78625772456173,7.435056267806268,115,YELLOW GIANT GARDEN THERMOMETER,0.9834074667336892,Regular,Maintain standard replenishment review
22929,19,1199.75,7,2.7142857142857144,1.4960264830861913,63.74107142857143,13,SCHOOL DESK AND CHAIR,0.5511676516633336,Long-Tail,Limit stock and avoid excessive local warehouse space
22930,1108,2846.8,13,85.23076923076923,76.7736433139154,3.065015805831595,189,BAKING MOULD HEART MILK CHOCOLATE,0.9007737933943143,Regular,Maintain standard replenishment review
22931,813,1963.3,13,62.53846153846154,92.11009299077506,2.8699871794871794,129,BAKING MOULD HEART WHITE CHOCOLATE,1.4728551154736478,Regular,Maintain standard replenishment review
22932,884,2000.8800000000003,13,68.0,79.6670153409385,2.7223686868686867,72,BAKING MOULD TOFFEE CUP CHOCOLATE,1.1715737550138015,Regular,Maintain standard replenishment review
22933,940,2585.92,11,85.45454545454545,133.22864829785195,3.5713919716646996,122,BAKING MOULD EASTER EGG MILK CHOC,1.5590586502940122,Regular,Maintain standard replenishment review
22934,589,1707.47,10,58.9,82.91823281602987,3.3211555555555554,78,BAKING MOULD EASTER EGG WHITE CHOC,1.40777984407521,Regular,Maintain standard replenishment review
22935,690,2066.82,13,53.07692307692308,47.25544331690184,3.7105884286653517,65,BAKING MOULD ROSE MILK CHOCOLATE,0.8903199465503244,Regular,Maintain standard replenishment review
22936,279,895.97,13,21.46153846153846,30.541270942271392,4.4169780219780215,50,BAKING MOULD ROSE WHITE CHOCOLATE,1.4230699722205309,Regular,Maintain standard replenishment review
22937,972,2563.24,13,74.76923076923077,74.5141528460129,2.9718504590218413,160,BAKING MOULD CHOCOLATE CUPCAKES,0.9965884639898844,Regular,Maintain standard replenishment review
22938,2367,4488.629999999999,13,182.07692307692307,115.05466927976858,2.0914012613860353,186,CUPCAKE LACE PAPER SET 6,0.6319014366865194,High-Revenue Priority,Prioritize inventory monitoring and avoid stockouts
22939,469,2392.67,13,36.07692307692308,19.529727504761976,5.9899067540646485,125,APRON APPLE DELIGHT,0.5413357304091805,Regular,Maintain standard replenishment review
22940,1915,7890.25,13,147.30769230769232,173.57005531647476,4.787327395391719,321,FELTCRAFT CHRISTMAS FAIRY,1.1782823598507424,High-Revenue Priority,Prioritize inventory monitoring and avoid stockouts
22941,1670,13795.92,10,167.0,223.61176673471863,10.274719917863674,311,CHRISTMAS LIGHTS 10 REINDEER,1.3389926151779559,High-Revenue Priority,Prioritize inventory monitoring and avoid stockouts
22942,608,4460.54,6,101.33333333333333,58.05399785257399,8.254513646640827,152,CHRISTMAS LIGHTS 10 SANTAS,0.5729012945977697,High-Revenue Priority,Prioritize inventory monitoring and avoid stockouts
22943,1355,6755.47,13,104.23076923076923,172.20392651647728,7.635549625892088,209,CHRISTMAS LIGHTS 10 VINTAGE BAUBLES,1.6521409924090071,High-Revenue Priority,Prioritize inventory monitoring and avoid stockouts
22944,3375,1843.64,9,375.0,596.4480279119045,3.584424001924002,111,CHRISTMAS METAL POSTCARD WITH BELLS,1.5905280744317454,High-Turnover Volatile,Monitor closely and replenish in smaller batches
22945,2991,3008.92,12,249.25,291.04392826825676,2.724603353771832,172,CHRISTMAS METAL TAGS ASSORTED,1.16767874932099,High-Turnover Volatile,Monitor closely and replenish in smaller batches
22946,453,7030.219999999999,11,41.18181818181818,44.61797436419135,20.080734316134315,137,WOODEN ADVENT CALENDAR CREAM,1.0834386710951542,High-Revenue Priority,Prioritize inventory monitoring and avoid stockouts
22947,746,8714.24,7,106.57142857142857,186.44557484947822,16.318309234625023,137,WOODEN ADVENT CALENDAR RED,1.749489308239072,High-Revenue Priority,Prioritize inventory monitoring and avoid stockouts
22948,1599,1603.29,13,123.0,63.072709365197454,1.5369444761828364,136,METAL DECORATION NAUGHTY CHILDREN,0.5127862550016054,Regular,Maintain standard replenishment review
22949,956,1417.55,13,73.53846153846153,62.341285657547175,1.8324546351084812,105,36 DOILIES DOLLY GIRL,0.84773714806288,Regular,Maintain standard replenishment review
22950,5209,7131.549999999999,6,868.1666666666666,860.7574377643604,1.7857469693918866,185,36 DOILIES VINTAGE CHRISTMAS,0.9914656606999735,High-Revenue Priority,Prioritize inventory monitoring and avoid stockouts
22951,7481,3990.2000000000003,13,575.4615384615385,261.26411138431524,0.6758668670874619,437,60 CAKE CASES DOLLY GIRL DESIGN,0.4540079465306908,High-Revenue Priority,Prioritize inventory monitoring and avoid stockouts
22952,16056,9512.07,13,1235.076923076923,1629.3930087376334,0.8752654335247296,619,60 CAKE CASES VINTAGE CHRISTMAS,1.3192643942195588,High-Revenue Priority,Prioritize inventory monitoring and avoid stockouts
22953,502,647.11,13,38.61538461538461,35.523556647991725,1.3261338020953406,98,BIRTHDAY PARTY CORDON BARRIER TAPE,0.9199327418802639,Regular,Maintain standard replenishment review
22954,197,241.38,12,16.416666666666668,11.500658742661289,1.488888888888889,40,HEN PARTY CORDON BARRIER TAPE,0.7005477406697231,Regular,Maintain standard replenishment review
22955,1040,2053.3500000000004,13,80.0,72.22649560006818,2.244157941204095,134,36 FOIL STAR CAKE CASES,0.9028311950008522,Regular,Maintain standard replenishment review
22956,2050,3983.3900000000003,13,157.69230769230768,89.76857710745689,2.1672745242649087,198,36 FOIL HEART CAKE CASES,0.5692641475107023,High-Revenue Priority,Prioritize inventory monitoring and avoid stockouts
22957,1775,5014.650000000001,6,295.8333333333333,250.00833319444908,3.049100804424334,214,SET 3 PAPER VINTAGE CHICK PAPER EGG,0.8450985910798279,High-Revenue Priority,Prioritize inventory monitoring and avoid stockouts
22959,4901,2014.42,7,700.1428571428571,669.9254755994452,0.414808658008658,142,WRAP CHRISTMAS VILLAGE,0.9568411200155309,High-Turnover Stable,Keep stable local warehouse inventory
22960,8695,37082.13,13,668.8461538461538,228.48699676854193,5.097469403467699,1132,JAM MAKING SET WITH JARS,0.3416136811950598,High-Revenue Priority,Prioritize inventory monitoring and avoid stockouts
22961,16396,25637.78,13,1261.2307692307693,443.9322684535998,1.8997204736839657,1162,JAM MAKING SET PRINTED,0.3519833794765063,High-Revenue Priority,Prioritize inventory monitoring and avoid stockouts
22962,3896,3288.11,13,299.6923076923077,187.8218946304293,1.0704241486594428,342,JAM JAR WITH PINK LID,0.6267157675039993,High-Revenue Priority,Prioritize inventory monitoring and avoid stockouts
22963,3290,2777.99,13,253.07692307692307,146.07387488211887,1.0926378886034844,307,JAM JAR WITH GREEN LID,0.5771916028776733,High-Turnover Stable,Keep stable local warehouse inventory
22964,2624,5472.6900000000005,13,201.84615384615384,125.97013280525809,2.530629062677377,378,3 PIECE SPACEBOY COOKIE CUTTER SET,0.6240898347821475,High-Revenue Priority,Prioritize inventory monitoring and avoid stockouts
22965,1371,2910.6100000000006,13,105.46153846153847,55.994963143446185,2.3681803085831725,236,3 TRADITIONAL COOKIE CUTTERS  SET,0.5309515104776078,Regular,Maintain standard replenishment review
22966,7440,9202.15,13,572.3076923076923,299.54503963382666,1.5188669821583385,670,GINGERBREAD MAN COOKIE CUTTER,0.5233985907580305,High-Revenue Priority,Prioritize inventory monitoring and avoid stockouts
22967,1171,3271.4100000000003,7,167.28571428571428,168.51084464183532,2.981998213426785,138,SET 3 SONG BIRD PAPER EGGS ASSORTED,1.0073235802671625,High-Revenue Priority,Prioritize inventory monitoring and avoid stockouts
22968,794,7851.98,13,61.07692307692308,63.86765161705041,12.154477153643457,189,ROSE COTTAGE KEEPSAKE BOX,1.0456920289945282,High-Revenue Priority,Prioritize inventory monitoring and avoid stockouts
22969,12520,18771.149999999998,13,963.0769230769231,508.22902670916346,1.8103441946835956,646,HOMEMADE JAM SCENTED CANDLES,0.5277138456245307,High-Revenue Priority,Prioritize inventory monitoring and avoid stockouts
22970,4334,10140.6,13,333.38461538461536,218.62507421822198,2.77384813789152,317,LONDON BUS COFFEE MUG,0.6557743342955437,High-Revenue Priority,Prioritize inventory monitoring and avoid stockouts
22971,2431,5849.29,13,187.0,99.76305261301233,2.818644206520725,272,QUEENS GUARD COFFEE MUG,0.5334922599626328,High-Revenue Priority,Prioritize inventory monitoring and avoid stockouts
22972,1795,3067.64,13,138.07692307692307,76.04544862390027,1.9514104456629342,229,CHILDREN'S SPACEBOY MUG,0.5507469816772722,High-Revenue Priority,Prioritize inventory monitoring and avoid stockouts
22973,1255,2136.0099999999998,13,96.53846153846153,50.343181240719154,1.9639093795093794,144,CHILDREN'S CIRCUS PARADE MUG,0.521483152294302,Regular,Maintain standard replenishment review
22974,1598,2729.6899999999996,13,122.92307692307692,93.4500415003132,2.0133925304767697,204,CHILDRENS DOLLY GIRL MUG,0.7602318770363402,Regular,Maintain standard replenishment review
22975,1204,1624.63,13,92.61538461538461,53.54209941958206,1.5256174239912927,186,SPACEBOY CHILDRENS EGG CUP,0.5781123691483113,Regular,Maintain standard replenishment review
22976,1066,1389.01,13,82.0,52.55949010407159,1.4912031243266537,143,CIRCUS PARADE CHILDRENS EGG CUP,0.6409693915130682,Regular,Maintain standard replenishment review
22977,950,1252.61,13,73.07692307692308,63.63890521065126,1.48242232553771,135,DOLLY GIRL CHILDRENS EGG CUP,0.8708481765668067,Regular,Maintain standard replenishment review
22978,2464,9564.98,11,224.0,236.7496568107333,4.462531359553323,238,PANTRY ROLLING PIN,1.0569181107622023,High-Revenue Priority,Prioritize inventory monitoring and avoid stockouts
22979,4090,6391.82,10,409.0,270.92475380116565,1.8770640053070866,381,PANTRY WASHING UP BRUSH,0.6624077110052949,High-Revenue Priority,Prioritize inventory monitoring and avoid stockouts
22980,2363,3910.0099999999998,11,214.8181818181818,195.6168797327154,1.98267119836071,291,PANTRY SCRUBBING BRUSH,0.9106160292255056,High-Revenue Priority,Prioritize inventory monitoring and avoid stockouts
22981,471,704.13,10,47.1,52.97682931664035,1.8577378787878787,105,PANTRY APPLE CORER,1.1247734462131709,Regular,Maintain standard replenishment review
22982,1154,1543.77,10,115.4,98.46285255533343,1.6824410691205067,212,PANTRY PASTRY BRUSH,0.8532309580184871,Regular,Maintain standard replenishment review
22983,5290,2256.56,13,406.9230769230769,156.8494296761821,0.5279456041954805,443,CARD BILLBOARD FONT,0.38545228464846265,High-Turnover Stable,Keep stable local warehouse inventory
22984,2693,1096.09,13,207.15384615384616,128.677792796482,0.488609488550665,163,CARD GINGHAM ROSE,0.6211701843127613,High-Turnover Stable,Keep stable local warehouse inventory
22985,3782,1500.44,13,290.9230769230769,330.2134313688803,0.4187692307692308,99,"WRAP, BILLBOARD FONTS DESIGN",1.135054100421852,High-Turnover Volatile,Monitor closely and replenish in smaller batches
22986,4105,1712.1,13,315.7692307692308,108.66013823397078,0.41948717948717945,155,GINGHAM ROSE WRAP,0.3441124962342558,High-Turnover Stable,Keep stable local warehouse inventory
22987,102,42.84,5,20.4,10.285912696499032,0.42000000000000004,5,WRAP SUMMER ROSE DESIGN,0.5042114066911291,Regular,Maintain standard replenishment review
22988,9073,10858.31,12,756.0833333333334,313.3982242605994,1.4550493034011691,418,SOLDIERS EGG CUP,0.41450222540804504,High-Revenue Priority,Prioritize inventory monitoring and avoid stockouts
22989,2811,8999.27,11,255.54545454545453,170.903109179654,3.773845532788242,372,SET 2 PANTRY DESIGN TEA TOWELS,0.6687777306923494,High-Revenue Priority,Prioritize inventory monitoring and avoid stockouts
22990,633,2917.4300000000003,11,57.54545454545455,41.31673664839381,5.330032320620556,164,COTTON APRON PANTRY DESIGN,0.717984365137965,Regular,Maintain standard replenishment review
22991,3887,7604.89,11,353.3636363636364,270.27662596949546,2.17345102686828,274,GIRAFFE WOODEN RULER,0.7648682494634551,High-Revenue Priority,Prioritize inventory monitoring and avoid stockouts
22992,5233,10373.99,11,475.72727272727275,348.65114108779017,2.192736179906958,348,REVOLVER WOODEN RULER,0.7328802889290449,High-Revenue Priority,Prioritize inventory monitoring and avoid stockouts
22993,12649,16478.48,11,1149.909090909091,372.01033709977855,1.505647948808347,1073,SET OF 4 PANTRY JELLY MOULDS,0.3235128237882492,High-Revenue Priority,Prioritize inventory monitoring and avoid stockouts
22994,2194,956.94,11,199.45454545454547,93.01866870296912,0.5292668580944869,218,TRAVEL CARD WALLET RETROSPOT,0.46636524873867835,High-Turnover Stable,Keep stable local warehouse inventory
22995,2381,1058.6399999999999,11,216.45454545454547,80.53367449255452,0.5404453569308216,266,TRAVEL CARD WALLET SUKI,0.372058134992902,High-Turnover Stable,Keep stable local warehouse inventory
22996,4801,2094.93,11,436.45454545454544,199.32554459294153,0.529313361868245,408,TRAVEL CARD WALLET VINTAGE TICKET,0.4566925620750587,High-Turnover Stable,Keep stable local warehouse inventory
22997,2545,1094.93,11,231.36363636363637,72.76300258685417,0.4948195777619926,222,TRAVEL CARD WALLET UNION JACK,0.31449627837147187,High-Turnover Stable,Keep stable local warehouse inventory
22998,12366,5262.82,11,1124.1818181818182,527.4474036682365,0.5013577911494613,534,TRAVEL CARD WALLET KEEP CALM,0.469183360856429,High-Revenue Priority,Prioritize inventory monitoring and avoid stockouts
22999,2894,1252.5900000000001,11,263.09090909090907,140.63317855005238,0.48885506818609586,222,TRAVEL CARD WALLET RETRO PETALS,0.534542143763157,High-Turnover Stable,Keep stable local warehouse inventory
23000,3169,1368.28,11,288.09090909090907,107.91890895061398,0.5265044143414852,278,TRAVEL CARD WALLET TRANSPORT,0.37460018884719276,High-Turnover Stable,Keep stable local warehouse inventory
23002,2119,914.37,11,192.63636363636363,89.33674801253147,0.5216992983826014,192,TRAVEL CARD WALLET SKULLS,0.4637584842557085,High-Turnover Stable,Keep stable local warehouse inventory
23003,542,226.20000000000002,5,108.4,78.32496409191644,0.4185,53,TRAVEL CARD WALLET VINTAGE ROSE,0.7225550192981222,Regular,Maintain standard replenishment review
23004,2002,903.16,11,182.0,53.93329213018616,0.6056172263823391,221,TRAVEL CARD WALLET PANTRY,0.2963367699460778,High-Turnover Stable,Keep stable local warehouse inventory
23005,4733,2126.55,8,591.625,432.74602828911094,0.5096667343073593,241,TRAVEL CARD WALLET I LOVE LONDON,0.7314532487455921,High-Turnover Stable,Keep stable local warehouse inventory
23006,1758,762.75,11,159.8181818181818,75.73614484751411,0.5231458388481754,173,TRAVEL CARD WALLET FLOWER MEADOW,0.4738894159969598,Regular,Maintain standard replenishment review
23007,498,7741.749999999999,10,49.8,37.4634636827818,16.024637777103102,184,SPACEBOY BABY GIFT SET,0.7522783872044538,High-Revenue Priority,Prioritize inventory monitoring and avoid stockouts
23008,433,6719.61,10,43.3,34.09480247127934,15.964577103013943,133,DOLLY GIRL BABY GIFT SET,0.7874088330549501,High-Revenue Priority,Prioritize inventory monitoring and avoid stockouts
23009,263,4082.5199999999995,10,26.3,16.418485516839446,16.537487729782292,103,I LOVE LONDON BABY GIFT SET,0.6242770158494085,High-Revenue Priority,Prioritize inventory monitoring and avoid stockouts
23010,315,4879.599999999999,10,31.5,30.292096512310124,16.371460584393244,111,CIRCUS PARADE BABY GIFT SET,0.9616538575336547,High-Revenue Priority,Prioritize inventory monitoring and avoid stockouts
23012,1071,4197.110000000001,7,153.0,76.01973427998811,4.68834762075324,246,GLASS APOTHECARY BOTTLE PERFUME,0.4968610083659354,High-Revenue Priority,Prioritize inventory monitoring and avoid stockouts
23013,924,3674.1600000000003,7,132.0,63.06874556122602,4.697422240161761,223,GLASS APOTHECARY BOTTLE TONIC,0.477793526978985,High-Revenue Priority,Prioritize inventory monitoring and avoid stockouts
23014,856,3419.5800000000004,7,122.28571428571429,62.96219576252162,5.038547065368493,209,GLASS APOTHECARY BOTTLE ELIXIR,0.5148777690860412,High-Revenue Priority,Prioritize inventory monitoring and avoid stockouts
23015,40,338.38,6,6.666666666666667,5.785038173311103,8.715555555555556,18,CORDIAL GLASS JUG,0.8677557259966655,Long-Tail,Limit stock and avoid excessive local warehouse space
23016,74,575.25,7,10.571428571428571,7.322502824789323,8.240462585034013,24,GLASS TWIST BON BON JAR,0.6926691861287197,Long-Tail,Limit stock and avoid excessive local warehouse space
23017,67,826.28,7,9.571428571428571,4.577377082170635,13.947091836734696,22,APOTHECARY MEASURING JAR,0.4782334264954395,Long-Tail,Limit stock and avoid excessive local warehouse space
23018,51,612.1600000000001,6,8.5,5.753259945457011,12.714440476190477,21,LARGE APOTHECARY MEASURING JAR,0.6768541112302366,Long-Tail,Limit stock and avoid excessive local warehouse space
23019,81,629.0500000000001,7,11.571428571428571,6.023762469230863,8.086190476190476,28,SMALL APOTHECARY MEASURING JAR,0.5205720652421734,Long-Tail,Limit stock and avoid excessive local warehouse space
23020,180,2191.84,7,25.714285714285715,13.450084085416043,12.903789835164835,76,GLASS  SONGBIRD STORAGE JAR,0.5230588255439572,Regular,Maintain standard replenishment review
23021,120,500.82,7,17.142857142857142,13.508374827350272,4.631428571428572,27,GLASS BONNE JAM JAR,0.7879885315954326,Regular,Maintain standard replenishment review
23022,422,808.16,7,60.285714285714285,38.09949380991076,2.0109523809523813,22,SMALL BONNE JAM JAR  T-LIGHT HOLDER,0.6319821248089463,Regular,Maintain standard replenishment review
23023,274,437.82,7,39.142857142857146,27.26675980889901,1.7333333333333332,25,RIDGED BONNE JAM JAR T-LIGHT HOLDER,0.6965960535120185,Regular,Maintain standard replenishment review
23024,255,667.8500000000001,6,42.5,41.788754468158054,2.888611111111111,11,LARGE BONNE JAM JAR  T-LIGHT HOLDER,0.9832648110154836,Regular,Maintain standard replenishment review
23025,350,760.8000000000001,7,50.0,36.49657518178932,2.180408163265306,54,DRAWER KNOB VINTAGE GLASS BALL,0.7299315036357864,Regular,Maintain standard replenishment review
23026,556,1198.96,7,79.42857142857143,42.22502079279987,2.2831343656343654,62,DRAWER KNOB VINTAGE GLASS STAR,0.5316099740100703,Regular,Maintain standard replenishment review
23027,295,627.95,7,42.142857142857146,31.7092445585856,2.180408163265306,30,DRAWER KNOB VINTAGE GLASS HEXAGON,0.7524227522376243,Regular,Maintain standard replenishment review
23028,1369,2377.1299999999997,6,228.16666666666666,165.00595948833686,1.8545043257543259,137,DRAWER KNOB CRACKLE GLAZE BLUE,0.7231817070343471,Regular,Maintain standard replenishment review
23029,1352,2303.9199999999996,7,193.14285714285714,89.30552161247473,1.8118421263465598,156,DRAWER KNOB CRACKLE GLAZE GREEN,0.46238065923618576,Regular,Maintain standard replenishment review
23031,1278,2152.2999999999997,7,182.57142857142858,94.56894688155153,1.8163736805066855,155,DRAWER KNOB CRACKLE GLAZE PINK,0.5179832771289989,Regular,Maintain standard replenishment review
23032,2328,3853.6799999999994,6,388.0,177.89997189432043,1.7732895443628858,199,DRAWER KNOB CRACKLE GLAZE IVORY,0.45850508220185676,High-Revenue Priority,Prioritize inventory monitoring and avoid stockouts
23033,714,1058.8999999999999,7,102.0,78.24960063795854,1.7435974389755902,74,DRAWER KNOB CERAMIC RED,0.7671529474309661,Regular,Maintain standard replenishment review
23034,979,1448.67,7,139.85714285714286,90.10998570530084,1.6653265306122447,88,DRAWER KNOB CERAMIC BLACK,0.6443002042258487,Regular,Maintain standard replenishment review
23035,2191,3199.9900000000002,7,313.0,118.00706193557514,1.6552269590006545,191,DRAWER KNOB CERAMIC IVORY,0.37701936720631035,High-Revenue Priority,Prioritize inventory monitoring and avoid stockouts
23036,184,232.42000000000002,7,26.285714285714285,20.580851016695803,1.2845714285714287,16,T-LIGHT HOLDER SILVER PETIT FOUR,0.7829671582438621,Regular,Maintain standard replenishment review
23037,196,325.15999999999997,7,28.0,13.796134724383252,1.8504761904761904,20,CANDLE HOLDER SILVER MADELINE,0.4927190972994019,Regular,Maintain standard replenishment review
23038,44,42.92,5,8.8,9.418067742376884,1.31,8,T-LIGHT HOLDER SILVER SAUCER,1.070234970724646,Long-Tail,Limit stock and avoid excessive local warehouse space
23039,199,399.71,7,28.428571428571427,27.385258460572924,2.358095238095238,28,T-LIGHT HOLDER SILVER HEART HANDLE,0.9633005488643742,Regular,Maintain standard replenishment review
23040,253,1394.03,9,28.11111111111111,42.55421378795655,6.016555555555556,41,PAPER LANTERN 9 POINT SNOW STAR,1.513786261231656,Regular,Maintain standard replenishment review
23041,272,1178.48,9,30.22222222222222,30.73994867341916,4.485964285714285,54,PAPER LANTERN 9 POINT SNOW STAR,1.0171306546351928,Regular,Maintain standard replenishment review
23042,103,711.51,9,11.444444444444445,12.471077651020291,7.469753086419754,28,PAPER LANTERN 7 POINT SNOW STAR,1.0897058141668214,Regular,Maintain standard replenishment review
23043,81,543.51,6,13.5,11.43241006962224,7.6645,23,PAPER LANTERN 9 POINT HOLLY STAR 40,0.8468451903423881,Long-Tail,Limit stock and avoid excessive local warehouse space
23044,101,423.29,8,12.625,8.830749846821778,4.279375,25,PAPER LANTERN 9 POINT HOLLY STAR S,0.699465334401725,Regular,Maintain standard replenishment review
23045,118,497.9800000000001,7,16.857142857142858,19.385807277736046,4.815357142857144,25,PAPER LANTERN 5 POINT STAR MOON 30,1.1500055164758671,Regular,Maintain standard replenishment review
23046,349,2111.49,7,49.857142857142854,94.86205523711536,6.823642857142858,36,PAPER LANTERN 9 POINT DELUXE STAR,1.902677325672801,Regular,Maintain standard replenishment review
23047,58,333.5,7,8.285714285714286,3.6839419880650364,5.75,25,PAPER LANTERN 5 POINT SEQUIN STAR,0.44461368821474573,Long-Tail,Limit stock and avoid excessive local warehouse space
23048,577,2368.3700000000003,9,64.11111111111111,83.2307702181778,4.808019841269841,99,SET OF 10 LANTERNS FAIRY LIGHT STAR,1.2982269184811095,Regular,Maintain standard replenishment review
23049,456,3896.84,10,45.6,31.819630558648687,9.041142024642024,186,RECYCLED ACAPULCO MAT RED,0.6977989157598395,High-Revenue Priority,Prioritize inventory monitoring and avoid stockouts
23050,497,4286.55,10,49.7,33.87903317523818,9.321138730803206,205,RECYCLED ACAPULCO MAT GREEN,0.6816706876305468,High-Revenue Priority,Prioritize inventory monitoring and avoid stockouts
23051,365,3223.49,10,36.5,26.005341331691415,9.795607188816312,162,RECYCLED ACAPULCO MAT BLUE,0.7124751049778469,High-Revenue Priority,Prioritize inventory monitoring and avoid stockouts
23052,654,5949.34,10,65.4,46.075300686304075,10.15882301303544,278,RECYCLED ACAPULCO MAT TURQUOISE,0.7045153010138238,High-Revenue Priority,Prioritize inventory monitoring and avoid stockouts
23053,364,3254.3199999999997,10,36.4,29.69549161442225,9.95030183150183,164,RECYCLED ACAPULCO MAT PINK,0.8158102091874244,High-Revenue Priority,Prioritize inventory monitoring and avoid stockouts
23054,295,2604.93,10,29.5,21.08843811718218,10.461449013949013,130,RECYCLED ACAPULCO MAT LAVENDER,0.714862309057023,Regular,Maintain standard replenishment review
23055,657,1395.18,8,82.125,134.57811061663355,5.826215277777778,38,IVORY CHANDELIER T-LIGHT HOLDER,1.63869845499706,Regular,Maintain standard replenishment review
23056,963,2898.12,8,120.375,222.6758935570453,6.289930555555555,39,FLOWERS CHANDELIER T-LIGHT HOLDER,1.849851659871612,Regular,Maintain standard replenishment review
23057,773,1768.67,8,96.625,124.35655821639875,4.636190476190476,45,GEMSTONE CHANDELIER T-LIGHT HOLDER,1.287001896159366,Regular,Maintain standard replenishment review
23058,490,430.86,4,122.5,127.10232098588916,1.354970238095238,48,CHRISTMAS HANGING SNOWFLAKE,1.0375699672317482,Regular,Maintain standard replenishment review
23060,249,528.17,9,27.666666666666668,19.73575435599055,2.285,42,HEART BEADED TRELLIS DECORATION,0.7133405188912247,Regular,Maintain standard replenishment review
23061,1015,1332.68,9,112.77777777777777,60.49540845753869,1.5436678876678878,117,VINTAGE EMBOSSED HEART,0.5364124887860574,Regular,Maintain standard replenishment review
23064,221,3717.56,8,27.625,41.75074849628447,42.0453125,23,CINDERELLA CHANDELIER,1.511339312082696,High-Revenue Priority,Prioritize inventory monitoring and avoid stockouts
23065,273,3427.44,7,39.0,25.053276565484737,13.175217996289424,99,LARGE DECO JEWELLERY STAND,0.642391706807301,High-Revenue Priority,Prioritize inventory monitoring and avoid stockouts
23066,259,2137.81,7,37.0,26.695817400234567,9.142962936898897,85,SMALL DECO JEWELLERY STAND,0.721508578384718,Regular,Maintain standard replenishment review
23067,294,1236.66,9,32.666666666666664,25.16942589730644,4.324595141700405,78,HANGING ENGRAVED METAL HEART,0.7704926295093808,Regular,Maintain standard replenishment review
23068,809,1966.93,9,89.88888888888889,50.85136292284712,2.5838458300958305,136,ALUMINIUM STAMPED HEART,0.5657135553839606,Regular,Maintain standard replenishment review
23069,88,556.21,9,9.777777777777779,6.200358412579424,6.364999999999999,32,EDWARDIAN PHOTO FRAME,0.6341275649228957,Regular,Maintain standard replenishment review
23070,160,709.54,8,20.0,11.109841197270617,5.055625,44,EDWARDIAN HEART PHOTO FRAME,0.5554920598635309,Regular,Maintain standard replenishment review
23071,315,1205.1,6,52.5,107.64710864672585,11.538988095238096,19,MARIE ANTOIENETT TRINKET BOX GOLD,2.0504211170804925,Regular,Maintain standard replenishment review
23072,334,1273.76,6,55.666666666666664,121.23475849221899,14.565185185185186,30,MARIE ANTOINETTE TRINKET BOX SILVER,2.177869913033874,Regular,Maintain standard replenishment review
23073,143,1706.5,9,15.88888888888889,12.702799341527486,12.421785714285713,61,GEORGIAN TRINKET BOX,0.799476881634597,Regular,Maintain standard replenishment review
23074,246,547.27,4,61.5,41.49297129233657,2.664389297385621,48,EMBOSSED HEART TRINKET BOX,0.674682460037993,Regular,Maintain standard replenishment review
23075,472,1960.3000000000002,9,52.44444444444444,30.430704523191338,4.2381150793650795,80,DOUBLE CERAMIC PARLOUR HOOK,0.5802464845523773,Regular,Maintain standard replenishment review
23076,8076,9935.76,10,807.6,380.45388098369494,1.3513874812551283,277,ICE CREAM SUNDAE LIP GLOSS,0.4710919774439016,High-Revenue Priority,Prioritize inventory monitoring and avoid stockouts
23077,10395,13695.77,10,1039.5,640.3206228132904,1.345737955190567,344,DOUGHNUT LIP GLOSS,0.6159890551354404,High-Revenue Priority,Prioritize inventory monitoring and avoid stockouts
23078,6831,8553.34,10,683.1,296.9719216057677,1.4815284570268443,257,ICE CREAM PEN LIP GLOSS,0.4347415043269912,High-Revenue Priority,Prioritize inventory monitoring and avoid stockouts
23079,251,2225.45,8,31.375,18.661936050229546,8.937184343434343,106,TOADSTOOL BEDSIDE LIGHT,0.5948027426367982,Regular,Maintain standard replenishment review
23080,1074,9117.619999999999,8,134.25,103.50948886799841,9.12222759637849,257,RED METAL BOX TOP SECRET,0.7710204012513848,High-Revenue Priority,Prioritize inventory monitoring and avoid stockouts
23081,483,4038.25,8,60.375,37.87927250772229,9.206367493252362,139,GREEN METAL BOX ARMY SUPPLIES,0.627399958720038,High-Revenue Priority,Prioritize inventory monitoring and avoid stockouts
23082,2328,8558.76,8,291.0,132.63052869855093,4.150600665212188,297,SET 6 PAPER TABLE LANTERN HEARTS,0.45577501270979703,High-Revenue Priority,Prioritize inventory monitoring and avoid stockouts
23083,1932,7250.9,8,241.5,222.2302538231141,4.084295042298528,246,SET 6 PAPER TABLE LANTERN STARS,0.9202080903648617,High-Revenue Priority,Prioritize inventory monitoring and avoid stockouts
23084,30739,66870.03,8,3842.375,4935.974181962462,2.69407110637957,994,RABBIT NIGHT LIGHT,1.2846154219623183,High-Revenue Priority,Prioritize inventory monitoring and avoid stockouts
23085,376,3583.23,7,53.714285714285715,50.522979213140516,10.472892857142858,78,ANTIQUE SILVER BAUBLE LAMP,0.9405873789680415,High-Revenue Priority,Prioritize inventory monitoring and avoid stockouts
23086,1225,1451.43,8,153.125,127.25838451187187,1.5067604166666666,47,ZINC  STAR T-LIGHT HOLDER,0.8310751641591632,Regular,Maintain standard replenishment review
23087,868,1090.6599999999999,8,108.5,80.72705335175527,1.6645833333333333,69,ZINC  HEART T-LIGHT HOLDER,0.744028141490832,Regular,Maintain standard replenishment review
23088,795,1033.28,8,99.375,67.22231240975191,1.6797998366013072,79,ZINC HEART FLOWER T-LIGHT HOLDER,0.6764509424880695,Regular,Maintain standard replenishment review
23089,2354,4215.78,8,294.25,156.84910856343066,2.352048435189721,225,GLASS BON BON JAR,0.5330470979215995,High-Revenue Priority,Prioritize inventory monitoring and avoid stockouts
23090,2237,1870.03,8,279.625,142.59526890568884,0.9370164088587793,149,VINTAGE GLASS T-LIGHT HOLDER,0.5099517886658519,High-Turnover Stable,Keep stable local warehouse inventory
23091,580,3656.32,7,82.85714285714286,59.61663238680005,6.711786164125764,209,ZINC HERB GARDEN CONTAINER,0.7195110805303454,High-Revenue Priority,Prioritize inventory monitoring and avoid stockouts
23092,523,3757.78,8,65.375,61.29072989799168,8.235752684267487,135,LARGE ANTIQUE WHITE PHOTO FRAME,0.9375255051318039,High-Revenue Priority,Prioritize inventory monitoring and avoid stockouts
23093,939,2239.2400000000002,8,117.375,80.39356317516969,2.9648567708333333,142,SMALL PARISIENNE HEART PHOTO FRAME,0.6849291857309452,Regular,Maintain standard replenishment review
23094,152,1924.92,7,21.714285714285715,10.160614904526952,12.809027777777777,79,LE GRAND TRAY CHIC SET,0.4679230548137412,Regular,Maintain standard replenishment review
23096,1033,1736.6899999999998,8,129.125,95.47540820247154,2.1081919656430523,146,PETIT TRAY CHIC,0.73940296768613,Regular,Maintain standard replenishment review
23099,137,925.35,8,17.125,10.204165815979275,7.026354166666667,58,FRENCH CARRIAGE LANTERN,0.5958636972834613,Regular,Maintain standard replenishment review
23100,2166,2739.38,8,270.75,225.09981912793393,1.4174903472389986,257,SILVER BELLS TABLE DECORATION,0.8313936071207163,High-Turnover Stable,Keep stable local warehouse inventory
23101,2031,1739.6299999999997,8,253.875,211.01959116902594,0.9300329613095237,213,SILVER STARS TABLE DECORATION,0.8311948445850357,High-Turnover Stable,Keep stable local warehouse inventory
23102,1274,1075.03,8,159.25,97.54083394001862,0.9684083175410817,157,SILVER HEARTS TABLE DECORATION,0.6125013120252346,Regular,Maintain standard replenishment review
23103,4072,6846.159999999999,8,509.0,367.8998310876015,1.879184344332221,365,BELL HEART DECORATION,0.7227894520385099,High-Revenue Priority,Prioritize inventory monitoring and avoid stockouts
23104,118,1405.42,8,14.75,15.040421726610118,12.610833333333334,46,IVORY PANTRY HANGING LAMP,1.0196896085837368,Regular,Maintain standard replenishment review
23106,291,815.59,8,36.375,12.783220028056869,2.7945634920634923,53,ZINC HEARTS PLANT POT HOLDER,0.35142872929365965,Regular,Maintain standard replenishment review
23107,359,1009.51,8,44.875,29.24984737444918,3.128425324675325,73,WHITE WIRE PLANT POT HOLDER,0.6518071838317365,Regular,Maintain standard replenishment review
23108,2219,13290.519999999999,8,277.375,173.7551129771849,6.4889885211934395,372,SET OF 10 LED DOLLY LIGHTS,0.6264267254697968,High-Revenue Priority,Prioritize inventory monitoring and avoid stockouts
23109,2386,6835.0199999999995,8,298.25,183.22098289068467,3.2481364719844006,268,LED TEA LIGHTS,0.6143201438078278,High-Revenue Priority,Prioritize inventory monitoring and avoid stockouts
23110,700,4147.18,8,87.5,34.73573705237056,6.784059036666213,255,PARISIENNE KEY CABINET,0.39697985202709213,High-Revenue Priority,Prioritize inventory monitoring and avoid stockouts
23111,312,3839.24,8,39.0,23.640159535357263,13.681529933110369,138,PARISIENNE SEWING BOX,0.6061579368040324,High-Revenue Priority,Prioritize inventory monitoring and avoid stockouts
23112,546,4507.08,8,68.25,24.875403801460475,9.310211992366261,241,PARISIENNE CURIO CABINET,0.36447478097377983,High-Revenue Priority,Prioritize inventory monitoring and avoid stockouts
23113,1154,5868.5,4,288.5,463.3130691012288,6.686376984126984,57,PANTRY CHOPPING BOARD,1.6059378478378814,High-Revenue Priority,Prioritize inventory monitoring and avoid stockouts
23114,149,737.95,4,37.25,38.921930407761984,5.248115942028986,45,VINTAGE LEAF CHOPPING BOARD,1.0448840377922681,Regular,Maintain standard replenishment review
23115,152,770.3199999999999,4,38.0,36.615115275889366,5.918929971988796,45,RED APPLES CHOPPING BOARD,0.9635556651549834,Regular,Maintain standard replenishment review
23116,76,382.44,4,19.0,23.84673283002656,6.225,22,VEGETABLE GARDEN CHOPPING BOARD,1.2550912015803453,Long-Tail,Limit stock and avoid excessive local warehouse space
23117,93,501.23,4,23.25,22.321514285549714,5.610842105263158,45,POPPY FIELDS CHOPPING BOARD,0.9600651305612781,Regular,Maintain standard replenishment review
23118,813,6102.18,8,101.625,47.28617285060341,8.485488578732,258,PARISIENNE JEWELLERY DRAWER,0.4653005938558761,High-Revenue Priority,Prioritize inventory monitoring and avoid stockouts
23119,2282,1401.7,7,326.0,292.71032324353257,0.7934577922077922,151,PACK OF 6 LARGE FRUIT STRAWS,0.8978844271274006,High-Turnover Stable,Keep stable local warehouse inventory
23120,1685,682.39,7,240.71428571428572,282.64448475408955,0.4728767889600981,100,PACK OF 6 SMALL FRUIT STRAWS,1.1741907378508172,Regular,Maintain standard replenishment review
23121,2501,1000.4399999999999,7,357.2857142857143,435.9861290934664,0.5487124813077626,111,PACK OF 6 COCKTAIL PARASOL STRAWS,1.2202730522408096,High-Turnover Volatile,Monitor closely and replenish in smaller batches
23122,2251,1726.09,7,321.57142857142856,354.43610479316635,1.0397872398959582,133,PARTY CHARMS 50 PIECES,1.1022002370289492,High-Turnover Volatile,Monitor closely and replenish in smaller batches
23123,935,759.5699999999999,7,133.57142857142858,83.37836878323047,1.0144660755910755,95,COCKTAIL SWORDS 50 PIECES,0.6242230817995864,Regular,Maintain standard replenishment review
23124,567,751.38,6,94.5,129.91035370593062,1.9256111111111112,43,18PC WOODEN CUTLERY SET DISPOSABLE,1.3747127376288955,Regular,Maintain standard replenishment review
23125,459,574.88,6,76.5,142.4412159453857,1.8472844932844932,38,6PC WOOD PLATE SET DISPOSABLE,1.8619766790246495,Regular,Maintain standard replenishment review
23126,1109,5532.04,10,110.9,59.86364134894866,5.3570136121739065,291,DOLLCRAFT GIRL AMELIE KIT,0.5397983890797895,High-Revenue Priority,Prioritize inventory monitoring and avoid stockouts
23127,736,3759.0,10,73.6,39.85585137578783,5.22269176035279,194,DOLLCRAFT GIRL NICOLE,0.541519719779726,High-Revenue Priority,Prioritize inventory monitoring and avoid stockouts
23128,448,2258.66,10,44.8,26.52378387619517,5.217530495169082,139,FELTCRAFT BOY JEAN-PAUL KIT,0.5920487472364994,Regular,Maintain standard replenishment review
23129,950,3999.5,8,118.75,140.15679994716123,4.612381292653553,172,HEART SHAPED HOLLY WREATH,1.180267789028726,High-Revenue Priority,Prioritize inventory monitoring and avoid stockouts
23130,962,3988.98,8,120.25,109.76175498388706,4.4020625,184,MISTLETOE HEART WREATH GREEN,0.912779667225672,High-Revenue Priority,Prioritize inventory monitoring and avoid stockouts
23131,942,3835.9800000000005,9,104.66666666666667,100.64541718329752,4.1634961334961345,115,MISTLETOE HEART WREATH CREAM,0.9615804189487024,High-Revenue Priority,Prioritize inventory monitoring and avoid stockouts
23132,1020,5138.6,9,113.33333333333333,115.59087334214583,6.28930286935287,152,SMALL IVORY HEART WALL ORGANISER,1.0199194706659926,High-Revenue Priority,Prioritize inventory monitoring and avoid stockouts
23133,782,5525.400000000001,9,86.88888888888889,91.1255239277729,9.259705015998493,155,LARGE IVORY HEART WALL ORGANISER,1.0487592267902253,High-Revenue Priority,Prioritize inventory monitoring and avoid stockouts
23134,1065,6431.11,6,177.5,198.76694896284945,7.922916666666667,38,LARGE ZINC HEART WALL ORGANISER,1.1198137969737998,High-Revenue Priority,Prioritize inventory monitoring and avoid stockouts
23135,1541,5416.18,9,171.22222222222223,195.68519219512868,5.49512962962963,45,SMALL ZINC HEART WALL ORGANISER,1.1428726344945868,High-Revenue Priority,Prioritize inventory monitoring and avoid stockouts
23136,135,511.89,9,15.0,6.164414002968977,4.091439153439153,49,IVORY WIRE SWEETHEART LETTER TRAY,0.4109609335312651,Regular,Maintain standard replenishment review
23137,83,275.62,9,9.222222222222221,8.36327952686292,3.7816666666666663,23,ZINC WIRE SWEETHEART LETTER TRAY,0.9068616354429673,Long-Tail,Limit stock and avoid excessive local warehouse space
23138,879,1231.51,9,97.66666666666667,108.72212286374838,1.7739999999999998,82,SINGLE WIRE HOOK IVORY HEART,1.1131957972397444,Regular,Maintain standard replenishment review
23139,414,528.7,9,46.0,87.2252830319283,1.6301481481481483,27,SINGLE WIRE HOOK PINK HEART,1.8962018050419196,Regular,Maintain standard replenishment review
23140,182,766.1,8,22.75,14.99285544136654,4.6528125000000005,52,TRIPLE WIRE HOOK IVORY HEART,0.6590266128073204,Regular,Maintain standard replenishment review
23141,79,272.91,8,9.875,7.259230577094832,4.609166666666667,25,TRIPLE WIRE HOOK PINK HEART,0.7351119571741602,Long-Tail,Limit stock and avoid excessive local warehouse space
23142,121,1220.8200000000002,8,15.125,23.751315753027242,11.19838474025974,40,IVORY WIRE KITCHEN ORGANISER,1.570334925819983,Regular,Maintain standard replenishment review
23143,30,239.97000000000003,5,6.0,5.70087712549569,11.361166666666666,16,ZINC WIRE KITCHEN ORGANISER,0.9501461875826149,Long-Tail,Limit stock and avoid excessive local warehouse space
23144,5089,4197.83,9,565.4444444444445,337.7939871841679,0.9541037173567264,274,ZINC T-LIGHT HOLDER STARS SMALL,0.5973955363838693,High-Revenue Priority,Prioritize inventory monitoring and avoid stockouts
23145,2084,1979.4799999999998,9,231.55555555555554,134.6162240511068,1.1289229797979798,169,ZINC T-LIGHT HOLDER STAR LARGE,0.5813560539635131,High-Turnover Stable,Keep stable local warehouse inventory
23146,798,2645.26,9,88.66666666666667,49.213819197457134,3.4456018775200357,227,TRIPLE HOOK ANTIQUE IVORY ROSE,0.5550430736555315,Regular,Maintain standard replenishment review
23147,1868,2752.2,9,207.55555555555554,126.4763921756854,1.497692513861668,261,SINGLE ANTIQUE ROSE HOOK IVORY,0.6093616325380988,High-Turnover Stable,Keep stable local warehouse inventory
23148,2139,1816.31,9,237.66666666666666,137.83141876945183,0.9155188832267993,247,MINIATURE ANTIQUE ROSE HOOK IVORY,0.5799358433497273,High-Turnover Stable,Keep stable local warehouse inventory
23149,99,251.45000000000005,7,14.142857142857142,17.062908812475587,2.9310714285714288,21,ANTIQUE IVORY WIRE BOWL SMALL,1.2064682998720113,Regular,Maintain standard replenishment review
23150,148,390.75000000000006,9,16.444444444444443,7.650344945019,2.9250815696649033,49,IVORY SWEETHEART SOAP DISH,0.4652236790889933,Regular,Maintain standard replenishment review
23151,61,114.33000000000001,8,7.625,8.314144574157945,2.660714285714286,21,ZINC SWEETHEART SOAP DISH,1.0903796162830093,Long-Tail,Limit stock and avoid excessive local warehouse space
23152,554,2080.65,9,61.55555555555556,38.66558906544394,3.913739063338701,159,IVORY SWEETHEART WIRE LETTER RACK,0.628141338608295,Regular,Maintain standard replenishment review
23153,263,1020.69,9,29.22222222222222,14.175487449976613,4.298934315684316,90,ZINC SWEETHEART WIRE LETTER RACK,0.4850927264250552,Regular,Maintain standard replenishment review
23154,2701,5842.88,10,270.1,103.74803880341814,2.2183338193765616,235,SET OF 4 JAM JAR MAGNETS,0.38410973270425075,High-Revenue Priority,Prioritize inventory monitoring and avoid stockouts
23155,2221,1904.77,10,222.1,144.80672943233296,1.3270747539497538,135,KNICKERBOCKERGLORY MAGNET ASSORTED,0.6519888763274785,High-Turnover Stable,Keep stable local warehouse inventory
23156,1665,3423.29,10,166.5,79.33648453125319,2.2656481157731156,205,SET OF 5 MINI GROCERY MAGNETS,0.47649540259010925,High-Revenue Priority,Prioritize inventory monitoring and avoid stockouts
23157,2557,5143.0599999999995,10,255.7,315.9701286865931,2.875806338426712,163,SET OF 6 NATIVITY MAGNETS,1.2357064086296172,High-Revenue Priority,Prioritize inventory monitoring and avoid stockouts
23158,2633,5513.83,10,263.3,75.66894269704638,2.6370029321816095,255,SET OF 5 LUCKY CAT MAGNETS,0.28738679338035084,High-Revenue Priority,Prioritize inventory monitoring and avoid stockouts
23159,2293,4713.52,9,254.77777777777777,90.47206444225999,2.337153693670983,223,SET OF 5 PANCAKE DAY MAGNETS,0.35510186654179676,High-Revenue Priority,Prioritize inventory monitoring and avoid stockouts
23160,1450,1794.48,8,181.25,125.81817947226182,1.601027129851143,76,REGENCY TEA SPOON,0.6941692660538583,Regular,Maintain standard replenishment review
23161,1715,2145.3,8,214.375,135.14641531105653,1.6859698996655519,98,REGENCY CAKE FORK,0.6304205962031791,Regular,Maintain standard replenishment review
23162,1412,5143.6900000000005,9,156.88888888888889,109.61232189453479,4.501340550954682,176,REGENCY TEA STRAINER,0.6986621083929271,High-Revenue Priority,Prioritize inventory monitoring and avoid stockouts
23163,1832,4515.22,9,203.55555555555554,111.8091131249049,3.3086674354452135,209,REGENCY SUGAR TONGS,0.5492805775786813,High-Revenue Priority,Prioritize inventory monitoring and avoid stockouts
23164,578,2718.65,8,72.25,46.70500126171867,5.845110028860029,92,REGENCY CAKE SLICE,0.6464360036224037,Regular,Maintain standard replenishment review
23165,3114,5141.0599999999995,8,389.25,125.0608423356979,1.994995370455955,280,LARGE CERAMIC TOP STORAGE JAR,0.32128668551239026,High-Revenue Priority,Prioritize inventory monitoring and avoid stockouts
23166,78033,81700.92000000001,9,8670.333333333334,24580.147858587017,1.4389362058176391,247,MEDIUM CERAMIC TOP STORAGE JAR,2.834971495742611,High-Revenue Priority,Prioritize inventory monitoring and avoid stockouts
23167,5847,4476.009999999999,8,730.875,752.0424451357212,1.0170327155483405,231,SMALL CERAMIC TOP STORAGE JAR,1.0289617857167384,High-Revenue Priority,Prioritize inventory monitoring and avoid stockouts
23168,3291,4558.67,8,411.375,151.98772271845795,1.8314134356322935,337,CLASSIC SUGAR DISPENSER,0.3694627109534073,High-Revenue Priority,Prioritize inventory monitoring and avoid stockouts
23169,1556,6662.84,8,194.5,97.52655316081139,4.710997406530851,314,CLASSIC GLASS SWEET JAR,0.5014218671507013,High-Revenue Priority,Prioritize inventory monitoring and avoid stockouts
23170,6857,11097.25,8,857.125,551.3066135489915,2.167876181884088,445,REGENCY TEA PLATE ROSES,0.6432044492331825,High-Revenue Priority,Prioritize inventory monitoring and avoid stockouts
23171,6247,10051.99,8,780.875,603.472673662315,2.209632583212976,381,REGENCY TEA PLATE GREEN,0.7728159739552617,High-Revenue Priority,Prioritize inventory monitoring and avoid stockouts
23172,3861,6344.41,8,482.625,352.3054427623848,2.1439047518981726,305,REGENCY TEA PLATE PINK,0.7299776073812687,High-Revenue Priority,Prioritize inventory monitoring and avoid stockouts
23173,2766,24879.13,8,345.75,278.84493898939604,11.614990319045074,416,REGENCY TEAPOT ROSES,0.8064929544161852,High-Revenue Priority,Prioritize inventory monitoring and avoid stockouts
23174,3055,12342.43,8,381.875,347.1662580296157,4.943918356595512,322,REGENCY SUGAR BOWL GREEN,0.9091096773279624,High-Revenue Priority,Prioritize inventory monitoring and avoid stockouts
23175,3160,9587.15,8,395.0,354.8134318604235,4.02801975017798,329,REGENCY MILK JUG PINK,0.8982618528111987,High-Revenue Priority,Prioritize inventory monitoring and avoid stockouts
23176,2165,4693.08,10,216.5,161.38859246482627,2.718652859287859,226,ABC TREASURE BOOK BOX,0.7454438451031237,High-Revenue Priority,Prioritize inventory monitoring and avoid stockouts
23177,2532,5521.29,10,253.2,180.33166973970796,2.710125162337662,267,TREASURE ISLAND BOOK BOX,0.712210386017804,High-Revenue Priority,Prioritize inventory monitoring and avoid stockouts
23178,327,936.89,10,32.7,35.602902503400855,3.35185,68,JAM CLOCK MAGNET,1.0887737768624113,Regular,Maintain standard replenishment review
23179,324,930.48,10,32.4,44.264859400858576,3.658220779220779,53,CLOCK MAGNET MUM'S KITCHEN,1.3661993642240302,Regular,Maintain standard replenishment review
23180,122,621.09,10,12.2,8.337332373793858,5.954123809523809,49,MUM'S KITCHEN CLOCK,0.6833878994912999,Regular,Maintain standard replenishment review
23181,201,1733.57,10,20.1,7.187179944564874,9.65773315018315,82,BULL DOG BOTTLE TOP WALL CLOCK,0.35757114152064046,Regular,Maintain standard replenishment review
23182,3741,3688.2099999999996,10,374.1,180.87592432383033,1.54970009526771,433,TOILET SIGN OCCUPIED OR VACANT,0.4834961890506023,High-Revenue Priority,Prioritize inventory monitoring and avoid stockouts
23183,226,967.1700000000001,10,22.6,18.11813088225898,4.750164690382082,84,MOTHER'S KITCHEN SPOON REST,0.8016872071796008,Regular,Maintain standard replenishment review
23184,874,4764.5,10,87.4,43.856331102564624,6.446620072384903,264,BULL DOG BOTTLE OPENER,0.5017886853840345,High-Revenue Priority,Prioritize inventory monitoring and avoid stockouts
23185,317,114.85,8,39.625,32.75422546350754,0.40875,30,FRENCH STYLE STORAGE JAR JAM,0.8266050590159632,Regular,Maintain standard replenishment review
23186,1982,819.4599999999999,8,247.75,245.8168598193146,0.422734375,70,FRENCH STYLE STORAGE JAR CAFE,0.9921972142051043,High-Turnover Stable,Keep stable local warehouse inventory
23187,2338,695.06,7,334.0,297.28101183896695,0.42666666666666664,74,FRENCH STYLE STORAGE JAR BONBONS,0.8900629096975058,High-Turnover Stable,Keep stable local warehouse inventory
23188,3471,6447.7699999999995,7,495.85714285714283,303.2333691902594,1.9448079196847667,333,VINTAGE  2 METER FOLDING RULER,0.6115337321612837,High-Revenue Priority,Prioritize inventory monitoring and avoid stockouts
23189,1249,3507.51,5,249.8,131.59293294094482,3.4667928473715066,141,SET OF 12 FORK CANDLES,0.5267931662968167,High-Revenue Priority,Prioritize inventory monitoring and avoid stockouts
23190,1702,2761.8999999999996,8,212.75,117.39037439245178,1.7893866366366364,202,BUNDLE OF 3 SCHOOL EXERCISE BOOKS,0.5517761428552375,Regular,Maintain standard replenishment review
23191,2201,3628.89,8,275.125,119.92549770586737,1.8846953781512603,281,BUNDLE OF 3 RETRO NOTE BOOKS,0.43589458502814127,High-Revenue Priority,Prioritize inventory monitoring and avoid stockouts
23192,3516,6114.24,8,439.5,151.42654985173505,1.7642652844894122,345,BUNDLE OF 3 ALPHABET EXERCISE BOOKS,0.3445427755443346,High-Revenue Priority,Prioritize inventory monitoring and avoid stockouts
23193,1922,4079.2799999999997,10,192.2,168.20675108660504,2.710927816627817,175,BUFFALO BILL TREASURE BOOK BOX,0.8751651981613165,High-Revenue Priority,Prioritize inventory monitoring and avoid stockouts
23194,1835,4077.37,10,183.5,154.70635266709493,2.6921814051144937,214,GYMKHANNA TREASURE BOOK BOX,0.8430863905563757,High-Revenue Priority,Prioritize inventory monitoring and avoid stockouts
23196,1872,2842.24,7,267.42857142857144,153.07825574180148,1.834532664763104,298,RETRO LEAVES MAGNETIC NOTEPAD,0.5724080075815227,High-Turnover Stable,Keep stable local warehouse inventory
23197,1478,2303.5,7,211.14285714285714,90.39806150471107,1.91646693144389,249,SKETCHBOOK MAGNETIC SHOPPING LIST,0.42813696247156796,Regular,Maintain standard replenishment review
23198,3342,5062.6,7,477.42857142857144,223.5932744537554,1.7873319458733727,475,PANTRY MAGNETIC  SHOPPING LIST,0.4683282229731561,High-Revenue Priority,Prioritize inventory monitoring and avoid stockouts
23199,14908,30450.690000000002,9,1656.4444444444443,792.7641690804256,2.5895754350140567,978,JUMBO BAG APPLES,0.47859387722859076,High-Revenue Priority,Prioritize inventory monitoring and avoid stockouts
23200,7067,14188.96,8,883.375,410.20167078436634,2.461617193014935,595,JUMBO BAG PEARS,0.4643573462961555,High-Revenue Priority,Prioritize inventory monitoring and avoid stockouts
23201,13366,27850.829999999998,9,1485.111111111111,557.6704771736721,2.4001752344560594,906,JUMBO BAG ALPHABET,0.37550757852484284,High-Revenue Priority,Prioritize inventory monitoring and avoid stockouts
23202,10941,21810.43,8,1367.625,446.5220959178359,2.3217074318722806,879,JUMBO BAG VINTAGE LEAF,0.32649454047552207,High-Revenue Priority,Prioritize inventory monitoring and avoid stockouts
23203,20485,42030.34,8,2560.625,1106.7636136179087,2.284883925822405,1231,JUMBO BAG DOILEY PATTERNS,0.43222401312879033,High-Revenue Priority,Prioritize inventory monitoring and avoid stockouts
23204,7976,7741.94,9,886.2222222222222,356.0655760452623,1.1376972103782053,583,CHARLOTTE BAG APPLES DESIGN,0.40177911038206626,High-Revenue Priority,Prioritize inventory monitoring and avoid stockouts
23205,5857,5726.38,9,650.7777777777778,238.24030818575693,1.166826863899425,467,CHARLOTTE BAG VINTAGE ALPHABET,0.3660855000293345,High-Revenue Priority,Prioritize inventory monitoring and avoid stockouts
23206,12147,20852.579999999998,9,1349.6666666666667,528.4037282230321,2.135896174499434,1036,LUNCH BAG APPLE DESIGN,0.39150683740901365,High-Revenue Priority,Prioritize inventory monitoring and avoid stockouts
23207,7830,13325.55,9,870.0,480.85288810612343,2.0414728662864148,740,LUNCH BAG ALPHABET DESIGN,0.5527044690874982,High-Revenue Priority,Prioritize inventory monitoring and avoid stockouts
23208,6308,10441.91,9,700.8888888888889,200.27321616010246,1.9554120585617905,668,LUNCH BAG VINTAGE LEAF DESIGN,0.28574174785049494,High-Revenue Priority,Prioritize inventory monitoring and avoid stockouts
23209,13170,21418.82,8,1646.25,582.6000220685592,1.8566616788127874,1098,LUNCH BAG DOILEY PATTERN,0.3538952298062622,High-Revenue Priority,Prioritize inventory monitoring and avoid stockouts
23210,2849,3551.5299999999997,7,407.0,308.43313700054995,1.4180549841807604,192,WHITE ROCKING HORSE HAND PAINTED,0.7578209754313266,High-Revenue Priority,Prioritize inventory monitoring and avoid stockouts
23211,2329,2930.5699999999997,7,332.7142857142857,197.20100936668172,1.4854450411743645,160,RED ROCKING HORSE HAND PAINTED,0.5927037636611301,High-Turnover Stable,Keep stable local warehouse inventory
23212,2296,2860.8900000000003,7,328.0,181.62415404712374,1.4419895351025787,186,HEART WREATH DECORATION WITH BELL,0.5537321769729382,High-Turnover Stable,Keep stable local warehouse inventory
23213,1682,2138.42,7,240.28571428571428,189.89182384164084,1.4125275200989489,152,STAR WREATH DECORATION WITH BELL,0.7902751289485648,Regular,Maintain standard replenishment review
23214,789,1695.0400000000002,7,112.71428571428571,93.57833489598306,2.3471753246753244,103,JINGLE BELL HEART ANTIQUE GOLD,0.8302260383674036,Regular,Maintain standard replenishment review
23215,3564,7038.400000000001,7,509.14285714285717,532.6623159724581,2.2325232161471655,210,JINGLE BELL HEART ANTIQUE SILVER,1.046194223290462,High-Revenue Priority,Prioritize inventory monitoring and avoid stockouts
23216,525,630.73,7,75.0,84.26545357776618,1.357983193277311,44,LAUREL HEART ANTIQUE GOLD,1.1235393810368823,Regular,Maintain standard replenishment review
23217,1309,1613.8200000000002,7,187.0,139.2934552183507,1.426319266074088,97,LAUREL HEART ANTIQUE SILVER,0.7448847872639074,Regular,Maintain standard replenishment review
23218,379,483.03000000000003,5,75.8,59.225838955645024,1.5817362041467304,40,LAUREL STAR ANTIQUE GOLD,0.7813435218422826,Regular,Maintain standard replenishment review
23219,430,568.6,7,61.42857142857143,58.008209599610815,1.4526349206349207,61,LAUREL STAR ANTIQUE SILVER,0.9443196911564551,Regular,Maintain standard replenishment review
23220,993,869.15,7,141.85714285714286,144.33344330799727,1.1491449502878075,103,REINDEER HEART DECORATION GOLD,1.0174562972366374,Regular,Maintain standard replenishment review
23221,1536,1363.04,8,192.0,207.29826682481314,1.1619650289324202,145,REINDEER HEART DECORATION SILVER,1.0796784730459017,Regular,Maintain standard replenishment review
23222,799,718.53,6,133.16666666666666,117.14506676197111,0.9696351650563607,75,CHRISTMAS TREE HANGING GOLD,0.8796876102275678,Regular,Maintain standard replenishment review
23223,801,750.1899999999999,7,114.42857142857143,109.1571606184666,1.1885405071119357,88,CHRISTMAS TREE HANGING SILVER,0.9539327394872238,Regular,Maintain standard replenishment review
23224,738,649.02,7,105.42857142857143,102.34395787874199,1.0084779664779664,71,CHERUB HEART DECORATION GOLD,0.9707421479013467,Regular,Maintain standard replenishment review
23225,1355,1176.1699999999998,7,193.57142857142858,203.47797353592284,1.0588819698819698,88,CHERUB HEART DECORATION SILVER,1.051177723063808,Regular,Maintain standard replenishment review
23226,1247,1596.67,8,155.875,107.9833816579464,1.509295891382869,98,FILIGREE HEART DAISY WHITE,0.6927562576291669,Regular,Maintain standard replenishment review
23227,1642,2070.06,8,205.25,127.68460025726338,1.5410571880067816,117,FILIGREE HEART BUTTERFLY WHITE,0.6220930585006742,Regular,Maintain standard replenishment review
23228,1492,1960.0,8,186.5,114.32160150832637,1.7616624619675456,125,FILIGREE HEART BIRD WHITE,0.6129844584896856,Regular,Maintain standard replenishment review
23229,1869,6739.71,7,267.0,119.40686747419514,4.188188123452902,256,VINTAGE DONKEY TAIL GAME,0.44721673211309043,High-Revenue Priority,Prioritize inventory monitoring and avoid stockouts
23230,7976,3217.92,12,664.6666666666666,332.9611861991597,0.41784511348822945,235,WRAP ALPHABET DESIGN,0.5009446131381541,High-Revenue Priority,Prioritize inventory monitoring and avoid stockouts
23231,7277,3008.34,12,606.4166666666666,220.1839967487247,0.4192102564102564,260,WRAP DOILEY DESIGN,0.3630902790964266,High-Turnover Stable,Keep stable local warehouse inventory
23232,8526,3436.92,12,710.5,318.20562248618137,0.4175254874896819,238,WRAP VINTAGE PETALS  DESIGN,0.4478615376300934,High-Revenue Priority,Prioritize inventory monitoring and avoid stockouts
23233,5175,2105.5,12,431.25,283.26926637517045,0.418792735042735,158,WRAP POPPIES  DESIGN,0.6568562698554677,High-Turnover Stable,Keep stable local warehouse inventory
23234,1722,5079.78,7,246.0,167.8014699975341,3.269897862270821,277,BISCUIT TIN VINTAGE CHRISTMAS,0.6821197967379435,High-Revenue Priority,Prioritize inventory monitoring and avoid stockouts
23235,736,1950.66,7,105.14285714285714,97.43105010113318,2.9949063317634748,105,STORAGE TIN VINTAGE LEAF,0.9266540091140384,Regular,Maintain standard replenishment review
23236,2493,7059.97,7,356.14285714285717,188.9968505658481,3.3955111478398257,327,DOILEY STORAGE TIN,0.5306770774010977,High-Revenue Priority,Prioritize inventory monitoring and avoid stockouts
23237,1053,4274.39,7,150.42857142857142,65.4366287407319,4.255163883735313,177,SET OF 4 KNICK KNACK TINS LEAVES,0.43500133066013613,High-Revenue Priority,Prioritize inventory monitoring and avoid stockouts
23238,1849,7771.61,7,264.14285714285717,77.307672261401,4.7544396764429475,274,SET OF 4 KNICK KNACK TINS LONDON,0.29267371867485503,High-Revenue Priority,Prioritize inventory monitoring and avoid stockouts
23239,842,3353.84,7,120.28571428571429,58.70750742938613,4.329920180320932,178,SET OF 4 KNICK KNACK TINS POPPIES,0.48806716390226,High-Revenue Priority,Prioritize inventory monitoring and avoid stockouts
23240,4177,17000.170000000002,7,596.7142857142857,212.6763693860653,4.449111354614527,536,SET OF 4 KNICK KNACK TINS DOILEY,0.3564123978219912,High-Revenue Priority,Prioritize inventory monitoring and avoid stockouts
23241,2165,4669.55,7,309.2857142857143,111.9846928315269,2.4898045521378305,363,TREASURE TIN GYMKHANA DESIGN,0.36207521931671516,High-Revenue Priority,Prioritize inventory monitoring and avoid stockouts
23242,1470,3024.63,7,210.0,96.10584442859515,2.295729156635431,214,TREASURE TIN BUFFALO BILL,0.4576468782314055,High-Revenue Priority,Prioritize inventory monitoring and avoid stockouts
23243,4800,23489.420000000002,7,685.7142857142857,649.749622107294,6.045788866157046,470,SET OF TEA COFFEE SUGAR TINS PANTRY,0.9475515322398039,High-Revenue Priority,Prioritize inventory monitoring and avoid stockouts
23244,936,1733.9799999999998,7,133.71428571428572,88.31518232201884,2.139869352869353,112,ROUND STORAGE TIN VINTAGE LEAF,0.660476790869799,Regular,Maintain standard replenishment review
23245,6345,31118.550000000003,7,906.4285714285714,378.66777749669393,5.953898078647566,873,SET OF 3 REGENCY CAKE TINS,0.41775798935805475,High-Revenue Priority,Prioritize inventory monitoring and avoid stockouts
23247,2194,6681.250000000001,7,313.42857142857144,264.5051084212787,3.200632950003684,309,BISCUIT TIN 50'S CHRISTMAS,0.8439087324288745,High-Revenue Priority,Prioritize inventory monitoring and avoid stockouts
23249,842,1426.1,7,120.28571428571429,75.33417614362087,1.8281968253968253,81,VINTAGE RED ENAMEL TRIM PLATE,0.6262936258970856,Regular,Maintain standard replenishment review
23250,1179,1531.03,7,168.42857142857142,75.00190473771792,1.4475513179630826,110,VINTAGE RED TRIM ENAMEL BOWL,0.4453039297404796,Regular,Maintain standard replenishment review
23251,1712,2105.75,7,244.57142857142858,101.26015528142868,1.359502886002886,120,VINTAGE RED ENAMEL TRIM MUG,0.4140310087441593,Regular,Maintain standard replenishment review
23252,603,2261.61,7,86.14285714285714,51.670199571992406,3.972638655462185,138,VINTAGE RED ENAMEL TRIM JUG,0.5998198955289334,Regular,Maintain standard replenishment review
23253,258,3848.8599999999997,9,28.666666666666668,26.655205870523677,18.36652380952381,70,16 PIECE CUTLERY SET PANTRY DESIGN,0.9298327629252445,High-Revenue Priority,Prioritize inventory monitoring and avoid stockouts
23254,1703,6903.11,9,189.22222222222223,109.82233126484087,4.290513102564138,299,CHILDRENS CUTLERY DOLLY GIRL,0.5803881276474268,High-Revenue Priority,Prioritize inventory monitoring and avoid stockouts
23255,1014,4097.22,9,112.66666666666667,57.693153839948806,4.365622243412408,158,CHILDRENS CUTLERY CIRCUS PARADE,0.5120694127806107,High-Revenue Priority,Prioritize inventory monitoring and avoid stockouts
23256,2113,8667.07,9,234.77777777777777,103.75786449442975,4.473112657620124,368,CHILDRENS CUTLERY SPACEBOY,0.44194073849970084,High-Revenue Priority,Prioritize inventory monitoring and avoid stockouts
23263,3863,5147.19,7,551.8571428571429,354.25246579778315,1.4302366664277046,445,SET OF 3 WOODEN HEART DECORATIONS,0.6419278437961382,High-Revenue Priority,Prioritize inventory monitoring and avoid stockouts
23264,1963,2690.81,7,280.42857142857144,257.4463420746526,1.497730442334062,299,SET OF 3 WOODEN SLEIGH DECORATIONS,0.9180460491709466,High-Turnover Stable,Keep stable local warehouse inventory
23265,1769,2404.79,7,252.71428571428572,240.64892428993892,1.5124387257551193,293,SET OF 3 WOODEN TREE DECORATIONS,0.9522569078742636,Regular,Maintain standard replenishment review
23266,2053,2743.82,7,293.2857142857143,245.92052529608983,1.4760342523296945,319,SET OF 3 WOODEN STOCKING DECORATION,0.8385015475268528,High-Turnover Stable,Keep stable local warehouse inventory
23267,1202,1531.95,7,171.71428571428572,156.23989491133423,1.3499433106575964,108,SET OF 4 SANTA PLACE SETTINGS,0.9098829154570213,Regular,Maintain standard replenishment review
23268,1447,2018.1399999999999,6,241.16666666666666,257.1080836276189,1.6854941724941723,89,SET OF 2 CERAMIC CHRISTMAS REINDEER,1.0661012451732643,Regular,Maintain standard replenishment review
23269,779,1152.98,7,111.28571428571429,131.40739995108632,1.7434523809523808,94,SET OF 2 CERAMIC CHRISTMAS TREES,1.180811039355076,Regular,Maintain standard replenishment review
23270,1174,1646.32,7,167.71428571428572,113.96156411368746,1.527518315018315,125,SET OF 2 CERAMIC PAINTED HEARTS,0.6794982528073358,Regular,Maintain standard replenishment review
23271,1731,1496.8899999999999,7,247.28571428571428,250.08379548044445,1.1323561360403465,104,CHRISTMAS TABLE CANDLE SILVER SPIKE,1.011315175253097,Regular,Maintain standard replenishment review
23272,364,562.22,7,52.0,29.732137494637012,1.757518315018315,44,TREE T-LIGHT HOLDER WILLIE WINKIE,0.5717718748968657,Regular,Maintain standard replenishment review
23273,969,1649.05,7,138.42857142857142,84.45483436499681,1.885939003352537,112,HEART T-LIGHT HOLDER WILLIE WINKIE,0.6100968426779956,Regular,Maintain standard replenishment review
23274,1180,2004.9999999999998,7,168.57142857142858,150.3494342555115,1.927017224803095,119,STAR T-LIGHT HOLDER WILLIE WINKIE,0.8919034235496445,Regular,Maintain standard replenishment review
23275,3720,4521.72,7,531.4285714285714,468.80232406379884,1.5189958138198894,325,SET OF 3 HANGING OWLS OLLIE BEAK,0.8821549108727397,High-Revenue Priority,Prioritize inventory monitoring and avoid stockouts
23280,2023,1614.1599999999999,8,252.875,153.62983108758533,1.0469113342131724,157,FOLDING BUTTERFLY MIRROR HOT PINK,0.6075326983196652,High-Turnover Stable,Keep stable local warehouse inventory
23281,1280,1000.8199999999999,8,160.0,121.05488719703023,0.9709876600008179,101,FOLDING BUTTERFLY MIRROR RED,0.7565930449814389,Regular,Maintain standard replenishment review
23282,812,757.8599999999999,8,101.5,62.98979509185821,1.2885180650113641,135,FOLDING BUTTERFLY MIRROR IVORY,0.6205891142054997,Regular,Maintain standard replenishment review
23283,994,7003.38,9,110.44444444444444,96.19136020338718,9.342284181559181,233,DOORMAT VINTAGE LEAVES DESIGN,0.8709479294069261,High-Revenue Priority,Prioritize inventory monitoring and avoid stockouts
23284,5487,38133.64,9,609.6666666666666,487.51025630236745,8.916809501901444,728,DOORMAT KEEP CALM AND COME IN,0.7996341000038832,High-Revenue Priority,Prioritize inventory monitoring and avoid stockouts
23285,4807,4572.41,7,686.7142857142857,741.6294479692928,1.1245119897959184,191,PINK VINTAGE SPOT BEAKER,1.0799679916340856,High-Revenue Priority,Prioritize inventory monitoring and avoid stockouts
23286,5048,4747.620000000001,7,721.1428571428571,711.4596330950966,1.0641710146266796,222,BLUE VINTAGE SPOT BEAKER,0.9865723913759263,High-Revenue Priority,Prioritize inventory monitoring and avoid stockouts
23287,1879,1603.39,7,268.42857142857144,214.21629034137214,1.0787254673101612,198,RED VINTAGE SPOT BEAKER,0.7980383354920728,High-Turnover Stable,Keep stable local warehouse inventory
23288,4625,4444.23,7,660.7142857142857,739.9427262263196,1.0559900304949565,185,GREEN VINTAGE SPOT BEAKER,1.1199133153695648,High-Revenue Priority,Prioritize inventory monitoring and avoid stockouts
23289,1622,2013.7,7,231.71428571428572,130.1188101771022,1.5545824017627403,191,DOLLY GIRL CHILDRENS BOWL,0.5615485026138812,Regular,Maintain standard replenishment review
23290,2430,2890.35,7,347.14285714285717,107.89412800121634,1.4462285079935864,214,SPACEBOY CHILDRENS BOWL,0.3108061300446561,High-Turnover Stable,Keep stable local warehouse inventory
23291,1634,2059.03,7,233.42857142857142,129.22700587578066,1.5165534834623504,195,DOLLY GIRL CHILDRENS CUP,0.5536040643393296,Regular,Maintain standard replenishment review
23292,2181,2703.33,7,311.57142857142856,97.65390782905575,1.5426772755185023,222,SPACE BOY CHILDRENS CUP,0.3134238215513023,High-Turnover Stable,Keep stable local warehouse inventory
23293,8471,6989.54,6,1411.8333333333333,599.5466342718192,1.0858205143314212,552,SET OF 12 FAIRY CAKE BAKING CASES,0.4246582228344842,High-Revenue Priority,Prioritize inventory monitoring and avoid stockouts
23294,4392,3607.8099999999995,6,732.0,449.94977497494096,1.120716382383049,354,SET OF 6 SNACK LOAF BAKING CASES,0.614685484938444,High-Revenue Priority,Prioritize inventory monitoring and avoid stockouts
23295,6134,5073.45,6,1022.3333333333334,448.1342060886076,1.137825317083042,444,SET OF 12 MINI LOAF BAKING CASES,0.43834451198755225,High-Revenue Priority,Prioritize inventory monitoring and avoid stockouts
23296,4979,5985.55,6,829.8333333333334,560.6704617390385,1.564937806372549,378,SET OF 6 TEA TIME BAKING CASES,0.6756422515433281,High-Revenue Priority,Prioritize inventory monitoring and avoid stockouts
23297,4303,6792.23,5,860.6,892.717648531718,1.7689147554548235,161,SET 40 HEART SHAPE PETIT FOUR CASES,1.0373200656887265,High-Revenue Priority,Prioritize inventory monitoring and avoid stockouts
23298,8466,43148.18,8,1058.25,538.0896765410018,5.651552962082424,1146,SPOTTY BUNTING,0.5084712275369732,High-Revenue Priority,Prioritize inventory monitoring and avoid stockouts
23299,1012,3772.8799999999997,8,126.5,156.41976491844903,4.874513583736988,146,FOOD COVER WITH BEADS SET 2,1.2365198807782531,High-Revenue Priority,Prioritize inventory monitoring and avoid stockouts
23300,6809,11785.99,8,851.125,361.01580396747966,1.8987523367104218,758,GARDENERS KNEELING PAD CUP OF TEA,0.4241630829402023,High-Revenue Priority,Prioritize inventory monitoring and avoid stockouts
23301,8807,16327.349999999999,8,1100.875,691.4837953890997,1.932900059111807,913,GARDENERS KNEELING PAD KEEP CALM,0.6281219896801178,High-Revenue Priority,Prioritize inventory monitoring and avoid stockouts
23302,1536,2181.42,8,192.0,109.20622692868753,1.8738579389467314,230,KNEELING MAT HOUSEWORK  DESIGN,0.5687824319202476,Regular,Maintain standard replenishment review
23303,65,126.75,3,21.666666666666668,8.386497083606084,1.95,6,SET 4 PICNIC CUTLERY FONDANT,0.38706909616643465,Long-Tail,Limit stock and avoid excessive local warehouse space
23304,71,138.45,3,23.666666666666668,15.50268793897798,1.95,9,SET 4 PICNIC CUTLERY CHERRY,0.6550431523511822,Long-Tail,Limit stock and avoid excessive local warehouse space
23305,82,159.9,3,27.333333333333332,3.5118845842842457,1.95,9,SET 4 PICNIC CUTLERY BLUEBERRY,0.12848358235186266,Long-Tail,Limit stock and avoid excessive local warehouse space
23306,2808,4123.38,7,401.14285714285717,347.6048659859969,1.925353622648801,277,SET OF 36 DOILIES PANTRY DESIGN,0.8665363468311889,High-Revenue Priority,Prioritize inventory monitoring and avoid stockouts
23307,12049,6371.89,7,1721.2857142857142,741.3920947078125,0.693409887629712,629,SET OF 60 PANTRY DESIGN CAKE CASES,0.4307199487886702,High-Revenue Priority,Prioritize inventory monitoring and avoid stockouts
23308,6139,3272.61,7,877.0,379.9692970052536,0.7055918471739803,382,SET OF 60 VINTAGE LEAF CAKE CASES,0.4332603158554773,High-Revenue Priority,Prioritize inventory monitoring and avoid stockouts
23309,8275,4495.85,7,1182.142857142857,382.5107530390174,0.7428298331541362,407,SET OF 60 I LOVE LONDON CAKE CASES,0.3235740509091386,High-Revenue Priority,Prioritize inventory monitoring and avoid stockouts
23310,12050,4997.28,7,1721.4285714285713,748.0465353489842,0.4773120936398968,245,BUBBLEGUM RING ASSORTED,0.4345498545595759,High-Revenue Priority,Prioritize inventory monitoring and avoid stockouts
23311,2390,6488.2,6,398.3333333333333,334.8376721139165,2.9713063420566552,344,VINTAGE CHRISTMAS STOCKING,0.8405966663947695,High-Revenue Priority,Prioritize inventory monitoring and avoid stockouts
23312,1423,5964.150000000001,6,237.16666666666666,143.58052328455508,4.4933414167986365,214,VINTAGE CHRISTMAS GIFT SACK,0.6053992548891992,High-Revenue Priority,Prioritize inventory monitoring and avoid stockouts
23313,2990,15798.660000000002,6,498.3333333333333,404.9660068038633,5.414829755548291,401,VINTAGE CHRISTMAS BUNTING,0.8126408163288227,High-Revenue Priority,Prioritize inventory monitoring and avoid stockouts
23314,407,5012.96,6,67.83333333333333,44.67400437241625,13.51059486315584,117,VINTAGE CHRISTMAS TABLECLOTH,0.6585848310429915,High-Revenue Priority,Prioritize inventory monitoring and avoid stockouts
23315,213,2094.24,7,30.428571428571427,17.980147782643897,11.044919680152763,86,IVORY REFECTORY CLOCK,0.5908968754859497,Regular,Maintain standard replenishment review
23316,250,2501.64,7,35.714285714285715,20.03924720570682,11.019607179828453,110,RED REFECTORY CLOCK,0.5610989217597909,Regular,Maintain standard replenishment review
23317,173,1777.46,7,24.714285714285715,13.864995320521938,11.528037940817354,82,BLUE REFECTORY CLOCK,0.5610113713505986,Regular,Maintain standard replenishment review
23318,3809,9162.41,6,634.8333333333334,487.4609386060248,2.7255765908068543,376,BOX OF 6 MINI VINTAGE CRACKERS,0.767856558581294,High-Revenue Priority,Prioritize inventory monitoring and avoid stockouts
23319,3720,9219.53,6,620.0,529.6768826369525,2.620288291009986,403,BOX OF 6 MINI 50'S CRACKERS,0.854317552640246,High-Revenue Priority,Prioritize inventory monitoring and avoid stockouts
23320,2661,7053.57,6,443.5,262.6547163102159,2.7206506009847415,333,GIANT 50'S CHRISTMAS CRACKER,0.5922316038561802,High-Revenue Priority,Prioritize inventory monitoring and avoid stockouts
23321,4716,8438.54,7,673.7142857142857,395.18970730764835,1.7501649674455122,629,SMALL WHITE HEART OF WICKER,0.5865835350198343,High-Revenue Priority,Prioritize inventory monitoring and avoid stockouts
23322,3069,8878.210000000001,7,438.42857142857144,256.99407071166524,3.1706517854986793,562,LARGE WHITE HEART OF WICKER,0.5861709009389562,High-Revenue Priority,Prioritize inventory monitoring and avoid stockouts
23323,1469,3146.78,7,209.85714285714286,181.37201968277665,2.374949599220116,294,WHITE WICKER STAR,0.8642642190465871,High-Revenue Priority,Prioritize inventory monitoring and avoid stockouts
23324,399,816.04,5,79.8,77.89865210643892,2.5313475935828875,44,RUSTIC STRAWBERRY JAMPOT LARGE,0.9761735852937208,Regular,Maintain standard replenishment review
23325,462,740.9399999999999,4,115.5,57.442725097845646,1.7829166666666667,35,RUSTIC STRAWBERRY JAMPOT SMALL,0.49733961123675885,Regular,Maintain standard replenishment review
23326,3442,2237.0800000000004,5,688.4,421.24375366288814,2.6616751596229857,76,HANGING MINI COLOURED BOTTLES,0.6119171319914122,High-Turnover Stable,Keep stable local warehouse inventory
23327,1734,1051.14,5,346.8,242.22241845048117,0.7343463203463203,41,HANGING CLEAR MINI BOTTLE,0.6984498801916988,Regular,Maintain standard replenishment review
23328,2841,13269.49,5,568.2,220.8318364729144,4.9232678308508815,405,SET 6 SCHOOL MILK BOTTLES IN CRATE,0.3886515953412784,High-Revenue Priority,Prioritize inventory monitoring and avoid stockouts
23329,1767,3038.1899999999996,5,353.4,155.13800308112772,1.7781149155722324,233,DECORATIVE WICKER HEART LARGE,0.4389869923065301,High-Revenue Priority,Prioritize inventory monitoring and avoid stockouts
23330,1794,2286.9700000000003,5,358.8,244.1427860904352,1.3958885361552027,216,DECORATIVE WICKER HEART MEDIUM,0.6804425476322051,Regular,Maintain standard replenishment review
23331,1596,1062.28,5,319.2,163.34227866660854,0.7846448717948717,109,DECORATIVE WICKER HEART SMALL,0.5117239306598012,Regular,Maintain standard replenishment review
23332,2059,3542.7099999999996,5,411.8,169.3906727066163,1.7759541995295418,287,IVORY WICKER HEART LARGE,0.41134209010834455,High-Revenue Priority,Prioritize inventory monitoring and avoid stockouts
23333,2089,2695.45,5,417.8,265.92235708943315,1.3226213552707904,233,IVORY WICKER HEART MEDIUM,0.6364824248191315,High-Turnover Stable,Keep stable local warehouse inventory
23334,2271,1491.7500000000002,5,454.2,260.3155777128983,0.7929506514157677,130,IVORY WICKER HEART SMALL,0.5731298496541134,High-Turnover Stable,Keep stable local warehouse inventory
23335,377,790.78,7,53.857142857142854,37.07392871650091,2.3212015156939967,96,EGG FRYING PAN IVORY,0.6883753342586376,Regular,Maintain standard replenishment review
23336,225,519.25,7,32.142857142857146,20.61090788416473,2.577873093681917,85,EGG FRYING PAN PINK,0.6412282452851249,Regular,Maintain standard replenishment review
23337,180,388.75,7,25.714285714285715,17.969550965585142,2.3121938775510205,69,EGG FRYING PAN MINT,0.6988158708838667,Regular,Maintain standard replenishment review
23338,431,915.4000000000001,7,61.57142857142857,28.354054047920222,2.30350633544954,109,EGG FRYING PAN RED,0.4605066782724862,Regular,Maintain standard replenishment review
23339,173,400.84000000000003,7,24.714285714285715,15.052289811567826,2.490307192807193,76,EGG FRYING PAN BLUE,0.6090521889073687,Regular,Maintain standard replenishment review
23340,2500,4034.08,6,416.6666666666667,438.66053693792276,1.9861179354667726,151,VINTAGE CHRISTMAS CAKE FRILL,1.0527852886510145,High-Revenue Priority,Prioritize inventory monitoring and avoid stockouts
23341,307,2741.35,7,43.857142857142854,24.01685915788165,9.760540507111935,121,PINK DINER WALL CLOCK,0.5476156811243373,Regular,Maintain standard replenishment review
23342,373,3176.4100000000003,7,53.285714285714285,41.955191517118536,8.742595670995671,163,MINT DINER WALL CLOCK,0.7873628434847982,High-Revenue Priority,Prioritize inventory monitoring and avoid stockouts
23343,6078,13972.710000000001,7,868.2857142857143,750.101263005139,2.548965479428413,476,JUMBO BAG VINTAGE CHRISTMAS,0.8638876013550465,High-Revenue Priority,Prioritize inventory monitoring and avoid stockouts
23344,10285,23772.07,7,1469.2857142857142,1393.1909075076196,2.609131595405688,716,JUMBO BAG 50'S CHRISTMAS,0.9482096599468486,High-Revenue Priority,Prioritize inventory monitoring and avoid stockouts
23345,2451,2886.25,6,408.5,360.82946110316436,1.5024786776779677,174,DOLLY GIRL BEAKER,0.8833034543529116,High-Turnover Stable,Keep stable local warehouse inventory
23346,2628,3112.34,6,438.0,356.9672253863091,1.516411531007752,184,SPACEBOY BEAKER,0.814993665265546,High-Revenue Priority,Prioritize inventory monitoring and avoid stockouts
23347,860,1077.3,6,143.33333333333334,143.7562752253503,1.5862529529649096,97,I LOVE LONDON BEAKER,1.0029507573861647,Regular,Maintain standard replenishment review
23348,746,1633.81,8,93.25,112.98514440908971,3.3908674670433143,168,CHILDRENS TOY COOKING UTENSIL SET,1.2116369373628924,Regular,Maintain standard replenishment review
23349,3221,4342.6,5,644.2,450.2862422948318,1.5155718570947085,337,ROLL WRAP VINTAGE CHRISTMAS,0.6989851634505305,High-Revenue Priority,Prioritize inventory monitoring and avoid stockouts
23350,2712,3445.08,5,542.4,289.29880746384003,1.4665329816706731,305,ROLL WRAP VINTAGE SPOT,0.5333680078610621,High-Revenue Priority,Prioritize inventory monitoring and avoid stockouts
23351,3535,4875.65,5,707.0,526.3905394286642,1.5321827001505735,354,ROLL WRAP 50'S CHRISTMAS,0.7445410741565264,High-Revenue Priority,Prioritize inventory monitoring and avoid stockouts
23352,1800,2459.2000000000003,5,360.0,204.78281177872327,1.5261723112892978,212,ROLL WRAP 50'S RED CHRISTMAS,0.5688411438297869,Regular,Maintain standard replenishment review
23353,4007,3510.0499999999997,5,801.4,499.05240205814056,0.988649667881865,327,6 GIFT TAGS VINTAGE CHRISTMAS,0.6227257325407295,High-Revenue Priority,Prioritize inventory monitoring and avoid stockouts
23354,3740,3429.3999999999996,5,748.0,551.9202840990716,0.9900340615309622,322,6 GIFT TAGS 50'S CHRISTMAS,0.737861342378438,High-Revenue Priority,Prioritize inventory monitoring and avoid stockouts
23355,5816,28718.8,5,1163.2,831.64818282733,5.329583968890601,782,HOT WATER BOTTLE KEEP CALM,0.7149657692807169,High-Revenue Priority,Prioritize inventory monitoring and avoid stockouts
23356,2359,13334.320000000002,5,471.8,412.653244262056,6.234834004557437,476,LOVE HOT WATER BOTTLE,0.8746359564689613,High-Revenue Priority,Prioritize inventory monitoring and avoid stockouts
23357,450,1982.05,5,90.0,56.824290580701486,4.924070995670996,102,HOT WATER BOTTLE SEX BOMB,0.6313810064522387,Regular,Maintain standard replenishment review
23358,594,2008.38,5,118.8,77.23147026957339,4.119827654203382,89,HOT STUFF HOT WATER BOTTLE,0.6500965510906851,Regular,Maintain standard replenishment review
23359,990,1866.46,5,198.0,100.88607436113271,1.970966112531969,79,SET OF 12 T-LIGHTS VINTAGE DOILEY,0.5095256280865289,Regular,Maintain standard replenishment review
23360,1182,2286.4,5,236.4,136.4836986603162,2.107532541029994,114,SET 8 CANDLES VINTAGE DOILEY,0.5773422109150431,Regular,Maintain standard replenishment review
23365,1857,1463.0800000000002,4,464.25,363.67968965377577,0.8095846702317291,169,SET 12 COLOUR PENCILS LOVE LONDON,0.7833703600512133,High-Turnover Stable,Keep stable local warehouse inventory
23366,2249,1667.95,4,562.25,451.4579160896395,0.8182643905320068,195,SET 12 COLOURING PENCILS DOILY,0.8029487169224357,High-Turnover Stable,Keep stable local warehouse inventory
23367,3278,2491.2,4,819.5,588.0161562406257,0.7607451923076923,282,SET 12 COLOUR PENCILS SPACEBOY,0.7175303919958825,High-Turnover Stable,Keep stable local warehouse inventory
23368,2379,1679.5500000000002,4,594.75,480.52566702171765,0.8150604509716659,232,SET 12 COLOUR PENCILS DOLLY GIRL,0.8079456360180204,High-Turnover Stable,Keep stable local warehouse inventory
23369,1105,1581.0600000000002,4,276.25,165.81591198273665,1.5111613033943554,126,SET 36 COLOUR PENCILS LOVE LONDON,0.6002385954126214,Regular,Maintain standard replenishment review
23370,1550,2151.6,4,387.5,290.5678348796829,1.57517706992707,151,SET 36 COLOUR PENCILS DOILEY,0.749852477108859,Regular,Maintain standard replenishment review
23371,1705,2304.78,4,426.25,350.4239099528836,1.5555080889787662,185,SET 36 COLOUR PENCILS SPACEBOY,0.8221088796548589,Regular,Maintain standard replenishment review
23372,1389,1750.29,4,347.25,295.919330223627,1.712189393939394,147,SET 36 COLOUR PENCILS DOLLY GIRL,0.852179496684311,Regular,Maintain standard replenishment review
23373,1608,1313.3899999999999,5,321.6,268.0322741760775,0.9252905982905982,100,VINTAGE CHRISTMAS PAPER GIFT BAG,0.83343368835845,Regular,Maintain standard replenishment review
23374,2456,1962.83,5,491.2,289.0410005518248,0.8734050213675213,131,RED SPOT PAPER GIFT BAG,0.5884385190387313,High-Turnover Stable,Keep stable local warehouse inventory
23375,1342,1100.6899999999998,5,268.4,259.3208437438071,0.9622406195954583,103,50'S CHRISTMAS PAPER GIFT BAG,0.9661730392839311,Regular,Maintain standard replenishment review
23376,3039,1384.9099999999999,4,759.75,422.05795415637726,0.510818915943982,155,PACK OF 12 VINTAGE CHRISTMAS TISSUE,0.5555221509132968,High-Turnover Stable,Keep stable local warehouse inventory
23377,1351,592.4499999999999,4,337.75,218.19620375554965,0.5911769695227143,133,PACK OF 12 DOLLY GIRL TISSUES,0.6460287305863794,Regular,Maintain standard replenishment review
23378,3997,1840.08,4,999.25,625.3923435199166,0.4714552419354839,176,PACK OF 12 50'S CHRISTMAS TISSUES,0.6258617398247852,High-Turnover Stable,Keep stable local warehouse inventory
23379,1220,465.35999999999996,4,305.0,309.163387224296,0.5618657407407408,76,PACK OF 12 RED APPLE TISSUES,1.0136504499157246,Regular,Maintain standard replenishment review
23380,2344,983.5,4,586.0,413.02542294633633,0.5025838032581453,121,PACK OF 12 VINTAGE DOILY TISSUES,0.7048215408640551,High-Turnover Stable,Keep stable local warehouse inventory
23381,1496,562.88,4,374.0,392.34763497014563,0.5012439538149478,80,PACK OF 12 VINTAGE LEAF TISSUES,1.0490578475137584,Regular,Maintain standard replenishment review
23382,1875,7356.18,3,625.0,241.1555514600483,4.760997250012184,220,BOX OF 6 CHRISTMAS CAKE DECORATIONS,0.3858488823360773,High-Revenue Priority,Prioritize inventory monitoring and avoid stockouts
23388,821,3432.09,4,205.25,141.0209795266884,4.800358107088989,154,WOODLAND MINI BACKPACK,0.687069327779237,High-Revenue Priority,Prioritize inventory monitoring and avoid stockouts
23389,1115,4751.49,4,278.75,164.42500823577092,4.523748274672188,237,SPACEBOY MINI BACKPACK,0.5898655003973845,High-Revenue Priority,Prioritize inventory monitoring and avoid stockouts
23390,747,3025.59,4,186.75,124.22124080311976,4.459701548451549,163,DOLLY GIRL MINI BACKPACK,0.6651739802041219,High-Revenue Priority,Prioritize inventory monitoring and avoid stockouts
23391,389,1628.17,4,97.25,64.26702109169211,4.797891009852217,87,I LOVE LONDON MINI BACKPACK,0.6608434045418212,Regular,Maintain standard replenishment review
23392,662,1475.03,4,165.5,78.38579803340228,2.7104091757540036,113,SPACEBOY ROCKET LOLLY MAKERS,0.4736301995975969,Regular,Maintain standard replenishment review
23393,801,3207.91,4,200.25,112.77521890912028,4.620346581875994,229,HOME SWEET HOME CUSHION COVER,0.5631721293838716,High-Revenue Priority,Prioritize inventory monitoring and avoid stockouts
23394,435,1877.6499999999999,4,108.75,65.443996414237,5.190614225698971,150,POSTE FRANCE CUSHION COVER,0.6017838750734438,Regular,Maintain standard replenishment review
23395,748,3257.08,4,187.0,88.97565210026093,5.158750185446183,210,BELLE JARDINIERE CUSHION COVER,0.4758056262046039,High-Revenue Priority,Prioritize inventory monitoring and avoid stockouts
23396,654,2750.53,4,163.5,88.1457126958916,4.84813737544198,196,BUTTERFLY CUSHION COVER,0.5391175088433737,Regular,Maintain standard replenishment review
23397,489,5097.65,4,122.25,77.42254193708703,12.845177314814816,217,FOOT STOOL HOME SWEET HOME,0.6333132264792395,High-Revenue Priority,Prioritize inventory monitoring and avoid stockouts
23398,606,535.35,4,151.5,73.20519107276478,1.0544148550724637,69,HANGING HEART BONHEUR,0.48320258133838134,Regular,Maintain standard replenishment review
23399,1914,1745.55,4,478.5,340.80737472458935,1.1775544977080217,225,HOME SWEET HOME HANGING HEART,0.7122411175017541,High-Turnover Stable,Keep stable local warehouse inventory
23400,461,2409.34,4,115.25,146.60690070161544,6.850382775119617,107,SHELF WITH 4 HOOKS HOME SWEET HOME,1.2720772295151015,Regular,Maintain standard replenishment review
23401,459,2354.87,4,114.75,71.72342713507213,7.436193627450981,83,RUSTIC MIRROR WITH LACE HEART,0.6250407593470338,Regular,Maintain standard replenishment review
23402,296,1147.28,4,74.0,47.23699115453199,4.789477777777778,68,HOME SWEEET HOME 3 PEG HANGER,0.6383377183044864,Regular,Maintain standard replenishment review
23403,625,2204.11,4,156.25,93.07120929696788,4.615469073324337,134,LETTER HOLDER HOME SWEET HOME,0.5956557395005945,Regular,Maintain standard replenishment review
23404,1011,4561.76,4,252.75,107.47519093570695,6.029971736462647,169,HOME SWEET HOME BLACKBOARD,0.4252233073618475,High-Revenue Priority,Prioritize inventory monitoring and avoid stockouts
23405,252,1311.48,4,63.0,34.009802508492555,6.2919833333333335,70,HOME SWEET HOME 2 DRAWER CABINET,0.5398381350554374,Regular,Maintain standard replenishment review
23406,456,2422.66,4,114.0,88.78062851771213,7.078436615186615,111,HOME SWEET HOME KEY HOLDER,0.7787774431378257,Regular,Maintain standard replenishment review
23407,265,2709.43,4,66.25,28.241517900660604,10.795574401119076,133,SET OF 2 TRAYS HOME SWEET HOME,0.4262870626514808,Regular,Maintain standard replenishment review
23408,310,644.8000000000001,4,77.5,52.82991576748916,2.08,59,PHOTO FRAME LINEN AND LACE SMALL,0.6816763324837312,Regular,Maintain standard replenishment review
23409,215,801.6800000000001,4,53.75,32.08712098854201,3.784114379084967,43,PHOTO FRAME LINEN AND LACE LARGE,0.5969696928100839,Regular,Maintain standard replenishment review
23410,36,290.1,3,12.0,7.211102550927978,7.914285714285715,18,CURIO CABINET LINEN AND LACE,0.6009252125773316,Long-Tail,Limit stock and avoid excessive local warehouse space
23411,227,1118.6100000000001,4,56.75,49.57401873293443,5.644583333333333,56,TRELLIS COAT RACK,0.8735509908887124,Regular,Maintain standard replenishment review
23412,358,2354.8,2,179.0,19.79898987322333,7.700559581320451,76,HEART MIRROR ANTIQUE WHITE,0.1106088819733147,Regular,Maintain standard replenishment review
23413,173,909.3100000000001,4,43.25,22.096379793984354,6.290222222222223,58,VINTAGE COFFEE GRINDER BOX,0.5108989547742048,Regular,Maintain standard replenishment review
23414,141,1378.7499999999998,3,47.0,9.848857801796104,10.058904991948468,64,ZINC BOX SIGN HOME,0.20955016599566179,Regular,Maintain standard replenishment review
23415,328,412.17999999999995,4,82.0,29.966648127543397,1.4135833333333334,47,HOME SWEET HOME HOOK,0.3654469283846756,Regular,Maintain standard replenishment review
23416,132,184.67999999999998,4,33.0,22.818121453499774,1.8941666666666668,25,CHAMBRE HOOK,0.6914582258636295,Regular,Maintain standard replenishment review
23417,146,157.5,4,36.5,26.901053263146903,1.756,27,BATHROOM HOOK,0.7370151578944357,Regular,Maintain standard replenishment review
23418,557,1166.0,4,139.25,108.4293164539308,2.5037491776315792,79,LAVENDER TOILETTE BOTTLE,0.7786665454501314,Regular,Maintain standard replenishment review
23419,473,1043.72,4,118.25,72.31585810410697,2.7658095238095237,86,HOME SWEET HOME BOTTLE,0.6115505970749003,Regular,Maintain standard replenishment review
23420,164,351.37,4,41.0,32.69046751985457,2.208125,32,PANTRY HOOK TEA STRAINER,0.7973284760940139,Regular,Maintain standard replenishment review
23421,160,349.2,4,40.0,27.60434748368452,2.376822916666667,33,PANTRY HOOK SPATULA,0.690108687092113,Regular,Maintain standard replenishment review
23422,213,477.89,4,53.25,36.08670115153227,2.9048809523809522,47,PANTRY HOOK BALLOON WHISK,0.6776845286672726,Regular,Maintain standard replenishment review
23423,219,876.9,4,54.75,38.37859646556485,4.822286363636364,66,PANTRY 3 HOOK ROLLING PIN HANGER,0.7009789308778968,Regular,Maintain standard replenishment review
23424,462,2509.62,4,115.5,61.592748490927626,6.454574898785426,135,GINGHAM RECIPE BOOK BOX,0.5332705497050011,Regular,Maintain standard replenishment review
23425,275,621.44,4,68.75,27.5,3.0230383403361345,56,STORAGE TIN HOME SWEET HOME,0.4,Regular,Maintain standard replenishment review
23426,1275,3444.43,4,318.75,167.2550447669666,3.45638379826681,206,METAL SIGN DROP YOUR PANTS,0.5247217090728363,High-Revenue Priority,Prioritize inventory monitoring and avoid stockouts
23427,237,2860.58,4,59.25,60.95011621536637,13.02523760488177,114,STOOL HOME SWEET HOME,1.0286939445631456,Regular,Maintain standard replenishment review
23428,77,675.9100000000001,2,38.5,3.5355339059327378,9.957058823529412,33,IVORY RETRO KITCHEN WALL CLOCK,0.09183204950474644,Long-Tail,Limit stock and avoid excessive local warehouse space
23429,47,400.01,2,23.5,10.606601717798213,8.648823529411764,23,RED RETRO KITCHEN WALL CLOCK,0.45134475394886014,Long-Tail,Limit stock and avoid excessive local warehouse space
23430,36,301.88,2,18.0,4.242640687119285,8.755714285714287,18,BLUE RETRO KITCHEN WALL CLOCK,0.2357022603955158,Long-Tail,Limit stock and avoid excessive local warehouse space
23431,1449,1171.23,5,289.8,233.8272866882734,1.1303507936507935,72,NATURAL HANGING QUILTED HEARTS,0.806857441988521,Regular,Maintain standard replenishment review
23432,1276,1088.36,5,255.2,329.4377027603246,1.2668024132730014,74,PRETTY HANGING QUILTED HEARTS,1.290900089186225,Regular,Maintain standard replenishment review
23433,1258,1108.58,5,251.6,251.63922587704803,1.2433982683982683,89,HANGING QUILTED PATCHWORK APPLES,1.0001559057116376,Regular,Maintain standard replenishment review
23434,2095,1884.17,4,523.75,298.59043856091574,0.8967754483477328,199,3 RAFFIA RIBBONS 50'S CHRISTMAS,0.570101076011295,High-Turnover Stable,Keep stable local warehouse inventory
23435,824,732.4200000000001,4,206.0,122.59146245422912,0.9019378284758719,99,3 RAFFIA RIBBONS VINTAGE CHRISTMAS,0.5951041866710152,Regular,Maintain standard replenishment review
23436,1979,2367.39,5,395.8,367.1855116967444,1.4602113526570046,114,GIFT BAG LARGE VINTAGE CHRISTMAS,0.9277046783646903,High-Turnover Stable,Keep stable local warehouse inventory
23437,1939,2373.63,5,387.8,399.52684515561657,1.529476746387329,131,50'S CHRISTMAS GIFT BAG LARGE,1.0302394150480056,High-Turnover Stable,Keep stable local warehouse inventory
23438,1809,2209.9199999999996,5,361.8,306.29920012954653,1.3925766666666668,109,RED SPOT GIFT BAG LARGE,0.8465981208666294,Regular,Maintain standard replenishment review
23439,3986,8855.51,5,797.2,599.4453269481713,2.1975350179937343,397,HAND WARMER RED LOVE HEART,0.751938443236542,High-Revenue Priority,Prioritize inventory monitoring and avoid stockouts
23440,164,299.35999999999996,2,82.0,89.09545442950498,2.0075000000000003,5,PAINT YOUR OWN EGGS IN CRATE,1.086529932067134,Regular,Maintain standard replenishment review
23441,22,9.24,2,11.0,12.727922061357855,0.42,3,HAND PAINTED HANGING EASTER EGG,1.1570838237598051,Long-Tail,Limit stock and avoid excessive local warehouse space
23442,40,83.2,2,20.0,15.556349186104045,2.08,7,12 HANGING EGGS HAND PAINTED,0.7778174593052023,Long-Tail,Limit stock and avoid excessive local warehouse space
23444,79,1200.0,8,9.875,6.854352110677045,15.208333333333334,79,NEXT DAY CARRIAGE,0.6941116061445108,Long-Tail,Limit stock and avoid excessive local warehouse space
23445,2668,2161.24,5,533.6,424.200777934223,0.8784871794871794,101,ICE CREAM BUBBLES,0.7949789691420971,High-Turnover Stable,Keep stable local warehouse inventory
23446,157,230.25,2,78.5,92.63098833543772,1.5499999999999998,3,BLUE BUNNY EASTER EGG BASKET,1.180012590260353,Regular,Maintain standard replenishment review
23447,158,231.9,2,79.0,91.92388155425118,1.5499999999999998,4,PINK BUNNY EASTER EGG BASKET,1.1635934373955845,Regular,Maintain standard replenishment review
23448,25,41.24999999999999,2,12.5,0.7071067811865476,1.65,3,CREAM BUNNY EASTER EGG BASKET,0.0565685424949238,Long-Tail,Limit stock and avoid excessive local warehouse space
23449,12,15.0,1,12.0,0.0,1.25,1,SET OF 6 EASTER RAINBOW CHICKS,0.0,Long-Tail,Limit stock and avoid excessive local warehouse space
23451,277,556.17,3,92.33333333333333,61.84927916583453,2.306200716845878,52,SQUARE MINI PORTRAIT FRAME,0.669847788799652,Regular,Maintain standard replenishment review
23452,518,1021.76,3,172.66666666666666,109.50038051684264,2.1042438513867086,87,HEART MINI PORTRAIT FRAME,0.6341720879353822,Regular,Maintain standard replenishment review
23453,316,615.98,3,105.33333333333333,69.6730459599215,1.9888989441930616,47,OVAL  MINI PORTRAIT FRAME,0.6614529679739383,Regular,Maintain standard replenishment review
23454,174,733.2,3,58.0,48.569537778323564,4.441904761904762,52,SET OF 3 MINI HANGING PORTRAITS,0.8374058237641994,Regular,Maintain standard replenishment review
23455,207,569.43,3,69.0,41.58124577258358,2.8723361823361824,35,SMALL PARLOUR PICTURE FRAME,0.6026267503272983,Regular,Maintain standard replenishment review
23456,158,634.1,3,52.666666666666664,39.576929306520654,4.122820512820513,36,MEDIUM PARLOUR PICTURE FRAME,0.7514606830352023,Regular,Maintain standard replenishment review
23457,112,549.88,3,37.333333333333336,23.459184413217212,5.165208333333333,31,LARGE PARLOUR PICTURE FRAME,0.6283710110683182,Regular,Maintain standard replenishment review
23458,51,762.4499999999999,3,17.0,11.357816691600547,14.949999999999998,30,DOLLY CABINET 3 DRAWERS,0.6681068642117969,Long-Tail,Limit stock and avoid excessive local warehouse space
23459,33,412.5,3,11.0,5.196152422706632,12.5,19,DOLLY CABINET 2 DRAWERS,0.4723774929733302,Long-Tail,Limit stock and avoid excessive local warehouse space
23460,108,1007.0799999999999,3,36.0,14.52583904633395,9.774166666666666,43,SWEETHEART WALL TIDY,0.40349552906483194,Regular,Maintain standard replenishment review
23461,847,3041.21,4,211.75,292.9657260955053,4.554599460940262,94,SWEETHEART BIRD HOUSE,1.383545341655279,High-Revenue Priority,Prioritize inventory monitoring and avoid stockouts
23462,80,1607.04,3,26.666666666666668,22.479620400116488,20.418888888888887,46,ROCOCO WALL MIRROR WHITE,0.8429857650043683,Long-Tail,Limit stock and avoid excessive local warehouse space
23463,13,139.4,3,4.333333333333333,3.214550253664318,11.625,8,VINTAGE ZINC WATERING CAN,0.7418192893071504,Long-Tail,Limit stock and avoid excessive local warehouse space
23464,18,99.2,3,6.0,5.5677643628300215,6.128333333333333,8,VINTAGE ZINC WATERING CAN SMALL,0.9279607271383369,Long-Tail,Limit stock and avoid excessive local warehouse space
23465,29,247.63,3,9.666666666666666,7.76745346515403,11.043333333333331,16,TUSCAN VILLA FEEDING STATION,0.8035296688090376,Long-Tail,Limit stock and avoid excessive local warehouse space
23466,55,498.03,4,13.75,12.76388133236386,10.314980158730158,27,TUSCAN VILLA DOVECOTE,0.9282822787173717,Long-Tail,Limit stock and avoid excessive local warehouse space
23467,32,120.08000000000001,3,10.666666666666666,2.3094010767585034,4.178,11,VINTAGE ZINC PLANTER,0.2165063509461097,Long-Tail,Limit stock and avoid excessive local warehouse space
23468,19,156.75,2,9.5,2.1213203435596424,8.25,11,TUSCAN VILLA BIRD TABLE,0.22329687826943603,Long-Tail,Limit stock and avoid excessive local warehouse space
23469,332,1355.24,4,83.0,95.92705562040356,4.963181467181467,72,CARD HOLDER LOVE BIRD SMALL,1.1557476580771513,Regular,Maintain standard replenishment review
23470,232,1460.5,3,77.33333333333333,69.50059951779794,7.0284851994852,84,CARD HOLDER LOVE BIRD LARGE,0.8987146489370423,Regular,Maintain standard replenishment review
23471,65,616.79,4,16.25,18.661457606521523,10.026777777777777,27,SIX DRAWER OFFICE TIDY,1.1483973911705552,Long-Tail,Limit stock and avoid excessive local warehouse space
23472,58,894.42,3,19.333333333333332,12.055427546683415,15.562592592592592,33,NINE DRAWER OFFICE TIDY,0.6235565972422457,Long-Tail,Limit stock and avoid excessive local warehouse space
23473,678,552.02,3,226.0,140.43859868284076,0.9078728070175438,51,WOODLAND SMALL RED FELT HEART,0.6214097286851361,Regular,Maintain standard replenishment review
23474,312,270.96,3,104.0,97.18024490605073,1.00679012345679,37,WOODLAND SMALL BLUE FELT HEART,0.9344254317889493,Regular,Maintain standard replenishment review
23475,286,242.17999999999995,3,95.33333333333333,110.75348000552097,0.9615555555555556,31,WOODLAND SMALL PINK FELT HEART,1.1617497902677025,Regular,Maintain standard replenishment review
23476,205,264.72,2,102.5,91.21677477306463,1.5020833333333334,22,WOODLAND LARGE RED FELT HEART,0.8899197538835574,Regular,Maintain standard replenishment review
23477,92,123.47,2,46.0,29.698484809834994,1.6936666666666667,13,WOODLAND LARGE BLUE FELT HEART,0.6456192349964129,Regular,Maintain standard replenishment review
23478,285,324.4,3,95.0,99.29249719893241,1.4507407407407407,13,WOODLAND LARGE PINK FELT HEART,1.0451841810413938,Regular,Maintain standard replenishment review
23479,113,872.38,3,37.666666666666664,35.50117368951811,8.57224074074074,44,WIRE EGG BASKET,0.9425090360049057,Regular,Maintain standard replenishment review
23480,1798,6719.14,3,599.3333333333334,403.94595348057805,4.4283290665273425,215,MINI LIGHTS WOODLAND MUSHROOMS,0.6739921359520212,High-Revenue Priority,Prioritize inventory monitoring and avoid stockouts
23481,228,281.17,3,76.0,57.654141221598294,1.2675438596491226,29,PEARLISED IVORY HEART SMALL,0.7586071213368196,Regular,Maintain standard replenishment review
23482,418,661.02,3,139.33333333333334,108.02931700854789,1.7383208020050125,39,PEARLISED IVORY HEART LARGE,0.7753300263771379,Regular,Maintain standard replenishment review
23483,1328,1636.36,3,442.6666666666667,196.82564196093287,2.4999744572158367,73,HANGING  BUTTERFLY T-LIGHT HOLDER,0.44463623936957725,Regular,Maintain standard replenishment review
23484,185,547.35,4,46.25,49.5874648138687,3.740625,35,HEART TRELLISTRIPLE T-LIGHT HOLDER,1.0721614013809448,Regular,Maintain standard replenishment review
23485,262,5843.92,3,87.33333333333333,81.40229316999205,24.6802,83,BOTANICAL GARDENS WALL CLOCK,0.9320873263739549,High-Revenue Priority,Prioritize inventory monitoring and avoid stockouts
23486,275,4145.469999999999,3,91.66666666666667,62.62853449772982,17.724772727272725,74,ANTIQUE HEART SHELF UNIT,0.6832203763388707,High-Revenue Priority,Prioritize inventory monitoring and avoid stockouts
23487,80,795.58,3,26.666666666666668,21.221058723196006,10.243393939393938,44,SWEET HEART CAKE CARRIER,0.7957897021198501,Long-Tail,Limit stock and avoid excessive local warehouse space
23489,913,2709.23,3,304.3333333333333,193.9286810488158,3.2737105438401777,159,"GARLAND, VINTAGE BELLS",0.6372245817595262,Regular,Maintain standard replenishment review
23490,542,2032.7700000000002,3,180.66666666666666,152.39531926320223,4.056070127504554,101,T-LIGHT HOLDER HANGING LOVE BIRD,0.8435165272870973,Regular,Maintain standard replenishment review
23491,228,1897.76,3,76.0,52.08646657242167,8.35954248366013,78,VINTAGE JINGLE BELLS HEART,0.6853482443739694,Regular,Maintain standard replenishment review
23492,76,635.38,3,25.333333333333332,22.89832599412746,8.389666666666667,28,VINTAGE JINGLE BELLS WREATH,0.9038812892418735,Long-Tail,Limit stock and avoid excessive local warehouse space
23493,3964,8497.98,4,991.0,798.8762941365411,2.1592008492924424,415,VINTAGE DOILY TRAVEL SEWING KIT,0.806131477433442,High-Revenue Priority,Prioritize inventory monitoring and avoid stockouts
23494,809,5354.01,4,202.25,150.72574431728643,6.71128655699568,205,VINTAGE DOILY DELUXE SEWING KIT,0.7452447185032703,High-Revenue Priority,Prioritize inventory monitoring and avoid stockouts
23495,225,306.66,3,75.0,88.15327560561774,1.5976543209876544,41,SET OF 3 PANTRY WOODEN SPOONS,1.175377008074903,Regular,Maintain standard replenishment review
23496,112,154.51999999999998,3,37.333333333333336,37.5410886008029,1.5124561403508772,31,PANTRY KITCHEN THERMOMETER,1.005564873235792,Regular,Maintain standard replenishment review
23497,2558,3656.0199999999995,3,852.6666666666666,601.052687651701,1.590046132971506,195,CLASSIC CHROME BICYCLE BELL,0.704909328754927,High-Revenue Priority,Prioritize inventory monitoring and avoid stockouts
23498,1640,2372.68,2,820.0,428.5067093990478,1.6520833333333333,99,CLASSIC BICYCLE CLIPS,0.5225691578037168,Regular,Maintain standard replenishment review
23499,1312,586.23,3,437.3333333333333,490.2900502083775,0.489069264069264,110,SET 12 VINTAGE DOILY CHALK,1.1210900538301316,Regular,Maintain standard replenishment review
23500,1626,2038.33,3,542.0,231.25527021021597,1.3886293183940241,98,KEY RING BASEBALL BOOT ASSORTED,0.42667024024025085,Regular,Maintain standard replenishment review
23501,1821,2217.87,3,607.0,198.5472236018424,1.4950333333333334,112,KEY RING BASEBALL BOOT UNION JACK,0.3270959202666267,Regular,Maintain standard replenishment review
23502,714,896.41,4,178.5,137.5705879418514,1.3079756542256542,94,PLAYING CARDS VINTAGE DOILEY,0.7707035739039293,Regular,Maintain standard replenishment review
23503,3643,4860.55,4,910.75,539.4962928510259,1.2757943800162947,335,PLAYING CARDS KEEP CALM & CARRY ON,0.5923648562734295,High-Revenue Priority,Prioritize inventory monitoring and avoid stockouts
23504,1927,2848.89,4,481.75,318.85772689398635,1.3537284598584383,208,PLAYING CARDS JUBILEE UNION JACK,0.6618738492869463,High-Turnover Stable,Keep stable local warehouse inventory
23505,1200,1651.29,4,300.0,222.50543064533653,1.3436418650793651,115,PLAYING CARDS I LOVE LONDON,0.7416847688177884,Regular,Maintain standard replenishment review
23506,2723,1129.12,4,680.75,858.4421452064587,0.4851384535005224,146,MINI PLAYING CARDS SPACEBOY,1.26102408403446,High-Turnover Volatile,Monitor closely and replenish in smaller batches
23507,2882,1155.6699999999998,4,720.5,650.3191524167191,0.48642641614606336,119,MINI PLAYING CARDS BUFFALO BILL,0.9025942434652591,High-Turnover Stable,Keep stable local warehouse inventory
23508,2627,1163.45,4,656.75,790.52192674629,0.47791049104459665,120,MINI PLAYING CARDS DOLLY GIRL,1.2036877453312371,High-Turnover Volatile,Monitor closely and replenish in smaller batches
23509,1062,451.46000000000004,4,265.5,370.77801085465325,0.49204973118279566,65,MINI PLAYING CARDS FUN FAIR,1.3965273478518012,Regular,Maintain standard replenishment review
23510,2521,1118.8,4,630.25,639.6584375013485,0.519526282051282,120,MINI PLAYING CARDS GYMKHANA,1.014928103929153,High-Turnover Stable,Keep stable local warehouse inventory
23511,571,1252.0100000000002,4,142.75,127.71941904033231,2.461612007168459,98,EMBROIDERED RIBBON REEL EMILY,0.8947069635049549,Regular,Maintain standard replenishment review
23512,500,975.2400000000001,4,125.0,167.1984848416197,2.2966815476190474,57,EMBROIDERED RIBBON REEL ROSIE,1.3375878787329576,Regular,Maintain standard replenishment review
23513,566,1114.26,4,141.5,177.62601160866052,2.340005341880342,70,EMBROIDERED RIBBON REEL SUSIE,1.2553075025347034,Regular,Maintain standard replenishment review
23514,478,977.39,4,119.5,109.05808849721632,2.248189655172414,74,EMBROIDERED RIBBON REEL SALLY,0.9126199874244043,Regular,Maintain standard replenishment review
23515,579,1164.98,4,144.75,173.27507033615655,2.3875714285714285,71,EMBROIDERED RIBBON REEL DAISY,1.1970643891962456,Regular,Maintain standard replenishment review
23516,296,1058.6,4,74.0,95.81231653602788,3.8343939393939395,42,EMBROIDERED RIBBON REEL SOPHIE,1.294761034270647,Regular,Maintain standard replenishment review
23517,334,996.38,4,83.5,94.50396817065408,3.487013440860215,63,EMBROIDERED RIBBON REEL REBECCA,1.131784049947953,Regular,Maintain standard replenishment review
23518,361,980.41,4,90.25,125.5637288391835,3.0863257575757577,44,EMBROIDERED RIBBON REEL RACHEL,1.3912878541737783,Regular,Maintain standard replenishment review
23519,224,792.3100000000001,3,74.66666666666667,71.38860786801584,4.43052380952381,24,EMBROIDERED RIBBON REEL CLAIRE,0.9560974268037835,Regular,Maintain standard replenishment review
23520,167,600.55,4,41.75,42.57835913544188,3.9250454545454545,32,EMBROIDERED RIBBON REEL RUBY,1.0198409373758535,Regular,Maintain standard replenishment review
23521,413,793.37,3,137.66666666666666,160.88608806647434,4.392418300653595,44,CAT AND BIRD WALL ART,1.1686640779647048,Regular,Maintain standard replenishment review
23522,354,727.4399999999999,3,118.0,137.5790681753587,3.410566239316239,32,DOG AND BALL WALL ART,1.1659243065708365,Regular,Maintain standard replenishment review
23523,360,1173.8100000000002,3,120.0,144.8136733875638,3.924554865424431,41,TREASURE AHOY WALL ART,1.2067806115630317,Regular,Maintain standard replenishment review
23524,481,1557.63,3,160.33333333333334,120.26775683171834,4.445941358024691,63,HORSE & PONY WALL ART,0.7501107494701768,Regular,Maintain standard replenishment review
23525,582,1863.8200000000002,3,194.0,270.6732347314747,4.215692307692308,53,BUFFALO BILL WALL ART,1.395222859440591,Regular,Maintain standard replenishment review
23526,1012,6021.4,3,337.3333333333333,168.8381868338242,8.402056781045752,143,DOG LICENCE WALL ART,0.50050845899355,High-Revenue Priority,Prioritize inventory monitoring and avoid stockouts
23527,420,1428.56,3,140.0,136.3378157372341,3.979455128205128,48,ANIMALS AND NATURE WALL ART,0.9738415409802437,Regular,Maintain standard replenishment review
23528,479,1504.49,3,159.66666666666666,170.08625262887455,5.290888888888889,50,SPACEBOY WALL ART,1.0652583671954565,Regular,Maintain standard replenishment review
23529,637,2011.99,3,212.33333333333334,235.89475054212912,4.806775362318841,37,DOLLY GIRL WALL ART,1.110964288267484,Regular,Maintain standard replenishment review
23530,1056,4436.27,3,352.0,140.75865870347016,5.768720973172587,87,WALL ART ONLY ONE PERSON,0.39988255313485843,High-Revenue Priority,Prioritize inventory monitoring and avoid stockouts
23531,976,5538.259999999999,3,325.3333333333333,181.48645495830627,7.678369091226235,112,WALL ART BIG LOVE,0.5578477099128267,High-Revenue Priority,Prioritize inventory monitoring and avoid stockouts
23532,210,901.5800000000002,3,70.0,86.81013765684283,5.1379166666666665,31,WALL ART WORK REST AND PLAY,1.2401448236691832,Regular,Maintain standard replenishment review
23533,215,998.64,3,71.66666666666667,93.85272150200726,5.778093434343435,36,WALL ART GARDEN HAVEN,1.309572858167543,Regular,Maintain standard replenishment review
23534,1387,8608.9,3,462.3333333333333,333.0425398253703,7.884696585993328,260,STOP FOR TEA WALL ART,0.7203515641500439,High-Revenue Priority,Prioritize inventory monitoring and avoid stockouts
23535,1324,8440.24,3,441.3333333333333,155.51312913491688,7.555168269510987,215,BICYCLE SAFTEY WALL ART,0.3523711385232256,High-Revenue Priority,Prioritize inventory monitoring and avoid stockouts
23536,626,3442.1299999999997,3,208.66666666666666,217.16890507928002,7.105187275049343,85,VILLAGE SHOW WALL ART,1.0407455514981472,High-Revenue Priority,Prioritize inventory monitoring and avoid stockouts
23537,111,581.13,3,37.0,31.32091952673165,6.135855072463767,34,I LOVE LONDON WALL ART,0.8465113385603149,Regular,Maintain standard replenishment review
23538,331,1329.54,3,110.33333333333333,168.88260222217485,6.484166666666667,32,WALL ART VINTAGE HEART,1.5306580261828537,Regular,Maintain standard replenishment review
23539,247,1227.95,3,82.33333333333333,106.35945342720287,7.026590909090909,41,WALL ART LOVES' SECRET,1.2918152238121807,Regular,Maintain standard replenishment review
23540,150,947.0600000000001,3,50.0,78.88599368709251,6.846666666666667,14,WALL ART THE MAGIC FOREST,1.57771987374185,Regular,Maintain standard replenishment review
23541,872,6823.91,3,290.6666666666667,272.1880477415078,11.638288906108741,152,WALL ART CLASSIC PUDDINGS,0.9364267697528936,High-Revenue Priority,Prioritize inventory monitoring and avoid stockouts
23542,506,3800.1600000000003,3,168.66666666666666,37.872593432894625,10.392132553606238,89,70'S ALPHABET WALL ART,0.22454106778396024,High-Revenue Priority,Prioritize inventory monitoring and avoid stockouts
23543,1236,7010.76,3,412.0,286.4140359689099,7.804406805179163,103,KEEP CALM WALL ART,0.6951796989536648,High-Revenue Priority,Prioritize inventory monitoring and avoid stockouts
23544,164,1015.78,3,54.666666666666664,79.19806394940052,7.335333333333334,20,WALL ART MID CENTURY MODERN,1.4487450722451316,Regular,Maintain standard replenishment review
23545,2480,1025.6,6,413.3333333333333,172.09493504071136,0.4186666666666667,84,WRAP RED DOILEY,0.4163587138081727,High-Turnover Stable,Keep stable local warehouse inventory
23546,3250,1365.0,6,541.6666666666666,226.20050103098063,0.42,120,WRAP PAISLEY PARK,0.41760092498027196,High-Turnover Stable,Keep stable local warehouse inventory
23547,1575,661.5,6,262.5,132.99436078270386,0.42,62,WRAP FLOWER SHOP,0.50664518393411,Regular,Maintain standard replenishment review
23548,1075,451.5,6,179.16666666666666,101.7554257357644,0.42,43,WRAP MAGIC FOREST,0.5679372599205456,Regular,Maintain standard replenishment review
23549,1305,548.1,6,217.5,111.52354011597731,0.42,52,WRAP BIRD GARDEN,0.512751908579206,Regular,Maintain standard replenishment review
23550,1855,763.1,6,309.1666666666667,171.6221625159952,0.41904761904761906,64,WRAP ALPHABET POSTER,0.5551121159547014,High-Turnover Stable,Keep stable local warehouse inventory
23551,1840,839.84,4,460.0,268.7439921809106,0.5418496206174778,136,PACK OF 12 PAISLEY PARK TISSUES,0.5842260699585013,Regular,Maintain standard replenishment review
23552,1863,3881.91,2,931.5,436.2848839920998,2.2501751241036954,116,BICYCLE PUNCTURE REPAIR KIT,0.46836809875695096,High-Revenue Priority,Prioritize inventory monitoring and avoid stockouts
23553,568,6444.65,3,189.33333333333334,143.50725881757108,13.63612433862434,68,LANDMARK FRAME CAMDEN TOWN,0.757960874036467,High-Revenue Priority,Prioritize inventory monitoring and avoid stockouts
23554,422,4805.530000000001,3,140.66666666666666,204.35589869962976,13.77963122605364,57,LANDMARK FRAME OXFORD STREET,1.4527670523670364,High-Revenue Priority,Prioritize inventory monitoring and avoid stockouts
23555,421,4780.570000000001,3,140.33333333333334,202.81107793543558,13.47275641025641,50,LANDMARK FRAME NOTTING HILL,1.4452095814876644,High-Revenue Priority,Prioritize inventory monitoring and avoid stockouts
23556,436,4937.01,3,145.33333333333334,203.85615843857485,13.103303140096621,53,LANDMARK FRAME COVENT GARDEN,1.402679989256249,High-Revenue Priority,Prioritize inventory monitoring and avoid stockouts
23557,350,3930.27,3,116.66666666666667,178.89195994603372,14.07199252136752,32,LANDMARK FRAME BAKER STREET,1.533359656680289,High-Revenue Priority,Prioritize inventory monitoring and avoid stockouts
23558,415,4703.87,3,138.33333333333334,197.7734394031042,13.464696969696972,52,LANDMARK FRAME LONDON BRIDGE,1.4296875137573797,High-Revenue Priority,Prioritize inventory monitoring and avoid stockouts
23559,649,1482.41,4,162.25,72.04338970370563,2.8822984273818117,124,WOODLAND BUNNIES LOLLY MAKERS,0.4440270551846264,Regular,Maintain standard replenishment review
23560,172,499.17999999999995,2,86.0,52.32590180780452,3.491818181818182,26,SET OF 6 RIBBONS COUNTRY STYLE,0.6084407186954014,Regular,Maintain standard replenishment review
23561,170,475.99999999999994,2,85.0,48.08326112068523,3.235833333333334,16,SET OF 6 RIBBONS PARTY,0.565685424949238,Regular,Maintain standard replenishment review
23562,251,724.59,2,125.5,130.8147545195113,3.1641935483870967,43,SET OF 6 RIBBONS PERFECTLY PRETTY,1.0423486415897314,Regular,Maintain standard replenishment review
23564,644,841.31,3,214.66666666666666,182.0585986250947,1.8590501792114695,76,EGG CUP MILKMAID INGRID,0.8480990619181431,Regular,Maintain standard replenishment review
23565,410,586.31,3,136.66666666666666,89.76822006330154,1.9204324045407635,63,EGG CUP MILKMAID HELGA,0.6568406346095235,Regular,Maintain standard replenishment review
23566,881,1156.93,3,293.6666666666667,104.42381592976449,1.8426467331118495,83,EGG CUP MILKMAID HEIDI,0.3555862063442604,Regular,Maintain standard replenishment review
23567,211,291.58000000000004,3,70.33333333333333,57.29165151514951,1.8462318840579706,37,EGG CUP HENRIETTA HEN PINK,0.8145732442912254,Regular,Maintain standard replenishment review
23568,630,787.52,3,210.0,53.075418038862395,1.8287301587301588,48,EGG CUP HENRIETTA HEN CREAM,0.2527400858993447,Regular,Maintain standard replenishment review
23569,954,4717.660000000001,3,318.0,215.36248512682053,5.25284405617739,192,TRADTIONAL ALPHABET STAMP SET,0.6772405192667312,High-Revenue Priority,Prioritize inventory monitoring and avoid stockouts
23570,2772,4931.870000000001,3,924.0,983.3961561852883,1.4067590771773826,276,TRADITIONAL PICK UP STICKS GAME,1.0642815543130826,High-Revenue Priority,Prioritize inventory monitoring and avoid stockouts
23571,2841,6406.91,3,947.0,1127.8248977567396,1.8848999309868875,257,TRADITIONAL NAUGHTS & CROSSES,1.1909449817916997,High-Revenue Priority,Prioritize inventory monitoring and avoid stockouts
23574,14,105.0,6,2.3333333333333335,2.0655911179772892,7.5,14,PACKING CHARGE,0.885253336275981,Long-Tail,Limit stock and avoid excessive local warehouse space
23575,179,367.35,2,89.5,85.55992052357225,2.4575111111111108,32,SNACK TRAY PAISLEY PARK,0.9559767656265056,Regular,Maintain standard replenishment review
23576,198,400.03999999999996,2,99.0,83.43860018001261,2.2356666666666665,37,SNACK TRAY RED VINTAGE DOILY,0.8428141432324506,Regular,Maintain standard replenishment review
23578,60,125.72,2,30.0,15.556349186104045,2.410222222222222,14,SNACK TRAY RED GINGHAM,0.5185449728701348,Long-Tail,Limit stock and avoid excessive local warehouse space
23579,169,358.75,3,56.333333333333336,71.23435500749153,2.379814814814815,35,SNACK TRAY I LOVE LONDON,1.2645151776477785,Regular,Maintain standard replenishment review
23580,116,234.92,2,58.0,22.627416997969522,2.2043333333333335,25,SNACK TRAY HAPPY FOREST,0.3901278792753366,Regular,Maintain standard replenishment review
23581,5020,11581.83,3,1673.3333333333333,1309.0937068572796,2.2212631626724764,338,JUMBO BAG PAISLEY PARK,0.7823269164485734,High-Revenue Priority,Prioritize inventory monitoring and avoid stockouts
23582,4802,10206.41,3,1600.6666666666667,864.8712813669634,2.1675414862914866,259,VINTAGE DOILY JUMBO BAG RED,0.5403194177636172,High-Revenue Priority,Prioritize inventory monitoring and avoid stockouts
23583,3385,5497.33,3,1128.3333333333333,1038.9303794448083,1.8104403091720753,325,LUNCH BAG PAISLEY PARK,0.9207654766128287,High-Revenue Priority,Prioritize inventory monitoring and avoid stockouts
23597,249,679.07,2,124.5,20.506096654409877,3.0765217391304347,31,PAPER BUNTING PAISLEY PARK,0.16470760364987852,Regular,Maintain standard replenishment review
23598,427,1215.5300000000002,2,213.5,4.949747468305833,3.11952380952381,47,PAPER BUNTING VINTAGE PARTY,0.023183828891362213,Regular,Maintain standard replenishment review
23601,8,19.92,2,4.0,4.242640687119285,2.49,4,SET 10 CARDS SNOWY SNOWDROPS  17100,1.0606601717798212,Long-Tail,Limit stock and avoid excessive local warehouse space
23602,1,2.91,1,1.0,0.0,2.91,1,SET 10 CARDS 3 WISE MEN 17107,0.0,Long-Tail,Limit stock and avoid excessive local warehouse space
23603,20,49.8,3,6.666666666666667,3.5118845842842465,2.49,14,SET 10 CARD KRAFT REINDEER 17084,0.5267826876426369,Long-Tail,Limit stock and avoid excessive local warehouse space
23604,4,6.64,1,4.0,0.0,1.66,2,SET 10 MINI SANTA & SNOWMAN  17087,0.0,Long-Tail,Limit stock and avoid excessive local warehouse space
23605,4,11.64,1,4.0,0.0,2.91,1,SET 10 CARDS 12 DAYS OF XMAS 17059,0.0,Long-Tail,Limit stock and avoid excessive local warehouse space
23607,8,13.28,3,2.6666666666666665,1.5275252316519468,1.66,7,SET 10 CARDS HATS & STOCKINGS 17081,0.5728219618694801,Long-Tail,Limit stock and avoid excessive local warehouse space
23608,4,11.64,2,2.0,1.4142135623730951,2.91,3,SET 10 CARDS RUDOLPHS NOSE 17097,0.7071067811865476,Long-Tail,Limit stock and avoid excessive local warehouse space
23609,1,2.91,1,1.0,0.0,2.91,1,SET 10 CARDS SNOWY ROBIN 17099,0.0,Long-Tail,Limit stock and avoid excessive local warehouse space
23610,3,6.24,2,1.5,0.7071067811865476,2.08,3,SET 10 CARDS CHRISTMAS ROBIN 17095,0.47140452079103173,Long-Tail,Limit stock and avoid excessive local warehouse space
23611,40,99.6,4,10.0,7.788880963698615,2.49,16,SET 10 CARDS RED RIDING HOOD 17214,0.7788880963698614,Long-Tail,Limit stock and avoid excessive local warehouse space
23612,5,8.299999999999999,2,2.5,2.1213203435596424,1.66,2,SET 10 MINICARDS CUTE SNOWMAN 17071,0.8485281374238569,Long-Tail,Limit stock and avoid excessive local warehouse space
23613,11,27.39,2,5.5,3.5355339059327378,2.49,6,SET 10 XMAS CARDS & BADGES 17070,0.6428243465332251,Long-Tail,Limit stock and avoid excessive local warehouse space
23614,26,86.58,4,6.5,5.066228051190222,3.33,11,SET 10 CARDS 12 DAYS WRAP  17058,0.779419700183111,Long-Tail,Limit stock and avoid excessive local warehouse space
23615,4,9.96,3,1.3333333333333333,0.5773502691896257,2.49,4,SET 10 CARDS PRINTED GRAPHIC 17219,0.4330127018922193,Long-Tail,Limit stock and avoid excessive local warehouse space
23616,8,19.92,2,4.0,1.4142135623730951,2.49,7,SET 10 CARDS JINGLE BELLS 17217,0.3535533905932738,Long-Tail,Limit stock and avoid excessive local warehouse space
23617,2,5.82,1,2.0,0.0,2.91,1,SET 10 CARDS SWIRLY XMAS TREE 17104,0.0,Long-Tail,Limit stock and avoid excessive local warehouse space
23619,4,9.96,2,2.0,1.4142135623730951,2.49,2,SET 10 CARDS POINSETTIA 17093,0.7071067811865476,Long-Tail,Limit stock and avoid excessive local warehouse space
23620,10,24.9,3,3.3333333333333335,2.3094010767585034,2.49,7,SET 10 CARDS PERFECT POST 17090,0.692820323027551,Long-Tail,Limit stock and avoid excessive local warehouse space
23621,6,14.940000000000001,2,3.0,1.4142135623730951,2.49,4,SET 10 CARDS DAVID'S MADONNA 17074,0.47140452079103173,Long-Tail,Limit stock and avoid excessive local warehouse space
23623,8,23.28,3,2.6666666666666665,1.1547005383792517,2.91,6,SET 10 CARD CHRISTMAS WELCOME 17112,0.4330127018922194,Long-Tail,Limit stock and avoid excessive local warehouse space
23624,4,9.96,3,1.3333333333333333,0.5773502691896258,2.49,4,SET 10 CARD PERFECT NATIVITY 17089,0.4330127018922194,Long-Tail,Limit stock and avoid excessive local warehouse space
23625,9,44.910000000000004,4,2.25,1.8929694486000912,4.99,4,SET 6 CARDS SPARKLY REINDEER 17262,0.8413197549333739,Long-Tail,Limit stock and avoid excessive local warehouse space
23626,43,107.07000000000001,3,14.333333333333334,13.650396819628847,2.49,16,SET 10 CARDS DINKY TREE 17076,0.9523532664857335,Long-Tail,Limit stock and avoid excessive local warehouse space
23627,7,17.43,1,7.0,0.0,2.49,2,SET 10 CARDS XMAS GRAPHIC  17218,0.0,Long-Tail,Limit stock and avoid excessive local warehouse space
23628,1,2.91,1,1.0,0.0,2.91,1,SET 10 CARDS TRIANGLE ICONS  17220,0.0,Long-Tail,Limit stock and avoid excessive local warehouse space
23629,24,59.760000000000005,3,8.0,3.605551275463989,2.49,10,SET 10 CARDS DRESSING UP 17077,0.45069390943299864,Long-Tail,Limit stock and avoid excessive local warehouse space
23630,2,5.48,2,1.0,0.0,2.74,2,SET 10 CARDS HANGING BAUBLES 17080,0.0,Long-Tail,Limit stock and avoid excessive local warehouse space
23632,15,31.200000000000003,3,5.0,5.291502622129181,2.08,10,SET 10 CARDS CHEERFUL ROBIN 17065,1.0583005244258363,Long-Tail,Limit stock and avoid excessive local warehouse space
23633,3,7.470000000000001,2,1.5,0.7071067811865476,2.49,3,SET 10 CARDS WORLD CHILDREN 17067,0.47140452079103173,Long-Tail,Limit stock and avoid excessive local warehouse space
23634,5,14.55,4,1.25,0.5,2.91,5,SET 10 CARDS XMAS CHOIR 17068,0.4,Long-Tail,Limit stock and avoid excessive local warehouse space
23635,3,12.48,3,1.0,0.0,4.16,3,SET 10 CARDS CHRISTMAS HOLLY  17259,0.0,Long-Tail,Limit stock and avoid excessive local warehouse space
23636,9,26.19,3,3.0,2.6457513110645907,2.91,7,SET 10 CARDS WISHING TREE 17116,0.8819171036881969,Long-Tail,Limit stock and avoid excessive local warehouse space
23637,11,27.39,4,2.75,1.5,2.49,9,SET 10 CARDS OUT OF ORDER 17216,0.5454545454545454,Long-Tail,Limit stock and avoid excessive local warehouse space
23638,2,5.82,2,1.0,0.0,2.91,2,SET 10 CARDS ROBIN WATERPUMP  17096,0.0,Long-Tail,Limit stock and avoid excessive local warehouse space
23639,4,13.32,3,1.3333333333333333,0.5773502691896258,3.33,4,SET 10 CARDS MAGICAL TREE 17086,0.4330127018922194,Long-Tail,Limit stock and avoid excessive local warehouse space
23640,9,22.41,3,3.0,1.7320508075688772,2.49,8,SET 10 CARDS SCOTTIE DOG 17211,0.5773502691896257,Long-Tail,Limit stock and avoid excessive local warehouse space
23643,1,3.33,1,1.0,0.0,3.33,1,SET 10 CARDS CHRISTMAS BAUBLE 16954,0.0,Long-Tail,Limit stock and avoid excessive local warehouse space
23644,5,16.65,4,1.25,0.5,3.33,5,SET 10 CARDS CHRISTMAS TREE 16955,0.4,Long-Tail,Limit stock and avoid excessive local warehouse space
23645,9,22.41,3,3.0,2.6457513110645907,2.49,4,SET 10 CHRISTMAS CARDS HOHOHO 16956,0.8819171036881969,Long-Tail,Limit stock and avoid excessive local warehouse space
23646,8,19.92,3,2.6666666666666665,2.8867513459481287,2.49,5,SET 10 CARDS JINGLE BELLS 16957,1.0825317547305484,Long-Tail,Limit stock and avoid excessive local warehouse space
23649,2,4.98,1,2.0,0.0,2.49,2,SET 10 CARDS DECK THE HALLS 16960,0.0,Long-Tail,Limit stock and avoid excessive local warehouse space
23650,4,9.96,3,1.3333333333333333,0.5773502691896257,2.49,4,SET 10 CARDS FILIGREE BAUBLE 16961,0.4330127018922193,Long-Tail,Limit stock and avoid excessive local warehouse space
23652,2,5.82,1,2.0,0.0,2.91,1,SET 10 CARD CHRISTMAS STAMPS 16963,0.0,Long-Tail,Limit stock and avoid excessive local warehouse space
23654,5,12.450000000000001,3,1.6666666666666667,0.5773502691896257,2.49,4,SET 10 CARD SNOWMAN 16965,0.3464101615137754,Long-Tail,Limit stock and avoid excessive local warehouse space
23660,306,534.66,3,102.0,83.04817878797824,2.3380331262939955,42,HENRIETTA HEN MUG,0.8141978312546887,Regular,Maintain standard replenishment review
23661,219,393.5899999999999,3,73.0,52.306787322488084,2.4093986928104574,33,MILK MAIDS MUG,0.7165313331847682,Regular,Maintain standard replenishment review
23664,1,1.65,1,1.0,0.0,1.65,1,FLOWER SHOP DESIGN MUG,0.0,Long-Tail,Limit stock and avoid excessive local warehouse space
23681,1576,2525.04,2,788.0,683.0651506262049,1.8944296296296295,132,LUNCH BAG RED VINTAGE DOILY,0.8668339474951838,Regular,Maintain standard replenishment review
23691,1175,481.5,2,587.5,406.5863991822648,0.41884615384615387,38,KEEP CALM BIRTHDAY WRAP,0.6920619560549188,Regular,Maintain standard replenishment review
23692,50,21.0,1,50.0,0.0,0.42,2,WRAP A PRETTY THANK YOU,0.0,Long-Tail,Limit stock and avoid excessive local warehouse space
23694,376,165.07999999999998,2,188.0,121.62236636408618,0.5791954022988506,41,PAISLEY PARK CARD,0.6469274806600328,Regular,Maintain standard replenishment review
23695,741,313.24,2,370.5,176.06958851545033,0.49978676470588235,57,DOILY THANK YOU CARD,0.4752215614452101,Regular,Maintain standard replenishment review
23697,456,194.57999999999998,2,228.0,183.84776310850236,0.5150384615384616,35,A PRETTY THANK YOU CARD,0.8063498381951858,Regular,Maintain standard replenishment review
23702,4,27.0,2,2.0,1.4142135623730951,7.125,3,HIGH RESOLUTION IMAGE,0.7071067811865476,Long-Tail,Limit stock and avoid excessive local warehouse space
23843,80995,168469.6,1,80995.0,0.0,2.08,1,"PAPER CRAFT , LITTLE BIRDIE",0.0,High-Revenue Priority,Prioritize inventory monitoring and avoid stockouts
35001G,198,677.34,11,18.0,15.987495113369073,3.8518636363636363,30,HAND OPEN SHAPE GOLD,0.8881941729649485,Regular,Maintain standard replenishment review
35001W,92,270.02000000000004,1,92.0,0.0,3.0840000000000005,5,HAND OPEN SHAPE DECO.WHITE,0.0,Regular,Maintain standard replenishment review
35004B,577,2934.81,13,44.38461538461539,38.55848039350631,6.062855921855922,111,SET OF 3 BLACK FLYING DUCKS,0.8687352601656534,Regular,Maintain standard replenishment review
35004C,394,1888.1,4,98.5,142.62421486783606,5.3201754385964914,39,SET OF 3 COLOURED  FLYING DUCKS,1.447961572262295,Regular,Maintain standard replenishment review
35004G,127,454.65,11,11.545454545454545,15.068932519350108,5.621212121212121,21,SET OF 3 GOLD FLYING DUCKS,1.3051831315972535,Regular,Maintain standard replenishment review
35004P,1,5.45,1,1.0,0.0,5.45,1,SET OF 3 PINK FLYING DUCKS,0.0,Long-Tail,Limit stock and avoid excessive local warehouse space
35095A,925,388.57,13,71.15384615384616,104.54014073857479,0.6911986013986013,100,BLUE VICTORIAN FABRIC OVAL BOX,1.4692127887583484,Regular,Maintain standard replenishment review
35095B,862,352.25,13,66.3076923076923,102.79460476713149,0.6523825618825618,98,RED VICTORIAN FABRIC OVAL BOX,1.5502666612212406,Regular,Maintain standard replenishment review
35241,103,530.49,6,17.166666666666668,13.556056457047774,5.779166019166019,44,ENAMEL BLUE RIM BISCUIT BIN,0.7896731916726858,Regular,Maintain standard replenishment review
35265,17,52.2,7,2.4285714285714284,1.5118578920369088,2.5285714285714285,12,COLOURFUL FLOWER FRUIT BOWL,0.6225297202504919,Long-Tail,Limit stock and avoid excessive local warehouse space
35271S,19,3.61,1,19.0,0.0,0.19,2,GOLD PRINT PAPER BAG,0.0,Long-Tail,Limit stock and avoid excessive local warehouse space
35400,10,89.5,3,3.3333333333333335,2.0816659994661326,8.95,5,WOODEN BOX ADVENT CALENDAR,0.6244997998398397,Long-Tail,Limit stock and avoid excessive local warehouse space
35443,8,6.8,6,1.3333333333333333,0.816496580927726,0.85,6,RASTA IN BATH W SPLIFF ASHTRAY,0.6123724356957946,Long-Tail,Limit stock and avoid excessive local warehouse space
35471D,1848,979.11,13,142.15384615384616,196.86071478494895,1.3013152996120059,223,SET OF 3 BIRD LIGHT PINK FEATHER,1.3848426905867621,Regular,Maintain standard replenishment review
35591T,5,6.25,3,1.6666666666666667,1.1547005383792517,1.25,4,TURQUOISE CHRISTMAS TREE,0.692820323027551,Long-Tail,Limit stock and avoid excessive local warehouse space
35597A,1,1.25,1,1.0,0.0,1.25,1,DUSTY PINK CHRISTMAS TREE 30CM,0.0,Long-Tail,Limit stock and avoid excessive local warehouse space
35597B,1,1.25,1,1.0,0.0,1.25,1,BLACKCHRISTMAS TREE 30CM,0.0,Long-Tail,Limit stock and avoid excessive local warehouse space
35597D,46,17.479999999999997,2,23.0,1.4142135623730951,0.38,2,PINK/WHITE CHRISTMAS TREE 30CM,0.06148754619013457,Long-Tail,Limit stock and avoid excessive local warehouse space
35598A,9,26.550000000000004,1,9.0,0.0,2.95,2,DUSTY PINK CHRISTMAS TREE 60CM,0.0,Long-Tail,Limit stock and avoid excessive local warehouse space
35598B,558,460.64,6,93.0,118.5833040524677,2.1911111111111112,25,BLACK CHRISTMAS TREE 60CM,1.2750892908867495,Regular,Maintain standard replenishment review
35598C,2,5.9,1,2.0,0.0,2.95,2,WHITE CHRISTMAS TREE 60CM,0.0,Long-Tail,Limit stock and avoid excessive local warehouse space
35598D,684,493.01,11,62.18181818181818,93.84648973916732,1.4673484848484848,42,PINK/WHITE CHRISTMAS TREE 60CM,1.5092271741678955,Regular,Maintain standard replenishment review
35599B,217,551.13,6,36.166666666666664,31.625411723275107,4.124333333333333,27,BLACK CHRISTMAS TREE 120CM,0.8744353471873302,Regular,Maintain standard replenishment review
35599D,201,553.07,9,22.333333333333332,24.79919353527449,3.98,34,PINK AND WHITE CHRISTMAS TREE 120CM,1.1104116508331863,Regular,Maintain standard replenishment review
35607A,26,7.82,2,13.0,15.556349186104045,0.9099999999999999,2,PINK FLUFFY CHRISTMAS DECORATION,1.1966422450849266,Long-Tail,Limit stock and avoid excessive local warehouse space
35607B,96,18.24,5,19.2,19.588261791185044,0.19,7,BLACK FEATHER CHRISTMAS DECORATION,1.0202219682908877,Regular,Maintain standard replenishment review
35609A,1,2.51,1,1.0,0.0,2.51,1,PINK FEATHER CHRISTMAS DECORATION,0.0,Long-Tail,Limit stock and avoid excessive local warehouse space
35610A,10,15.02,1,10.0,0.0,2.09,3,PINK CHRISTMAS FLOCK DROPLET,0.0,Long-Tail,Limit stock and avoid excessive local warehouse space
35610B,24,30.0,1,24.0,0.0,1.25,1,BLACK CHRISTMAS FLOCK DROPLET,0.0,Long-Tail,Limit stock and avoid excessive local warehouse space
35610C,25,32.51,1,25.0,0.0,1.88,2,WHITE CHRISTMAS FLOCK DROPLET,0.0,Long-Tail,Limit stock and avoid excessive local warehouse space
35637A,170,440.62,9,18.88888888888889,28.811648878728047,6.6365185185185185,28,IVORY STRING CURTAIN WITH POLE,1.525322587697367,Regular,Maintain standard replenishment review
35637C,30,100.85999999999999,6,5.0,6.164414002968976,8.343333333333332,9,PINK STRING CURTAIN WITH POLE,1.2328828005937953,Long-Tail,Limit stock and avoid excessive local warehouse space
35638A,38,82.1,5,7.6,14.205632685663812,3.55,5,PINK AND BLACK STRING CURTAIN,1.8691621954820805,Long-Tail,Limit stock and avoid excessive local warehouse space
35638B,57,128.32999999999998,4,14.25,22.67708094089713,4.0975,5,PINK/BLUE STRING CURTAIN,1.5913741011155882,Long-Tail,Limit stock and avoid excessive local warehouse space
35645,4,17.0,2,2.0,1.4142135623730951,4.25,3,VINTAGE BEAD PINK JEWEL BOX,0.7071067811865476,Long-Tail,Limit stock and avoid excessive local warehouse space
35646,619,937.25,12,51.583333333333336,41.02207461916823,2.0395186507936507,94,VINTAGE BEAD PINK EVENING BAG,0.7952583124879139,Regular,Maintain standard replenishment review
35647,13,16.25,2,6.5,7.7781745930520225,1.25,2,VINTAGE BEAD PINK SHADE,1.1966422450849266,Long-Tail,Limit stock and avoid excessive local warehouse space
35648,979,1066.66,11,89.0,49.4064773081425,1.5956750298449902,128,VINTAGE BEAD PINK PURSE,0.555128958518455,Regular,Maintain standard replenishment review
35649,57,156.85,8,7.125,3.758324094593227,2.7895,35,VINTAGE BEAD COSMETIC BAG,0.527484083451681,Long-Tail,Limit stock and avoid excessive local warehouse space
35650,1,4.95,1,1.0,0.0,4.95,1,VINTAGE BEAD PINK JEWEL STAND,0.0,Long-Tail,Limit stock and avoid excessive local warehouse space
35651,451,985.8399999999999,9,50.111111111111114,41.080544192002996,2.4071031746031744,58,VINTAGE BEAD PINK SCARF,0.8197891302173547,Regular,Maintain standard replenishment review
35653,150,433.19,8,18.75,22.486503888840904,3.473307291666667,52,VINTAGE BEAD NOTEBOOK,1.1992802074048483,Regular,Maintain standard replenishment review
35809A,420,488.06,7,60.0,54.549671554159396,2.1674660894660893,62,ENAMEL PINK TEA CONTAINER,0.9091611925693233,Regular,Maintain standard replenishment review
35809B,8,9.18,1,8.0,0.0,1.6766666666666667,3,ENAMEL BLUE RIM TEA CONTAINER,0.0,Long-Tail,Limit stock and avoid excessive local warehouse space
35809a,9,37.33,6,1.5,0.5477225575051661,4.1433333333333335,9,ENAMEL PINK TEA CONTAINER,0.3651483716701107,Long-Tail,Limit stock and avoid excessive local warehouse space
35810A,633,640.09,11,57.54545454545455,44.79143586973661,1.8541818181818182,75,ENAMEL PINK COFFEE CONTAINER,0.7783661841502413,Regular,Maintain standard replenishment review
35810B,152,174.09,8,19.0,19.813415368669496,1.5198869047619048,26,ENAMEL BLUE RIM COFFEE CONTAINER,1.0428113351931314,Regular,Maintain standard replenishment review
35815P,162,63.28,3,54.0,56.24055476255546,0.9533333333333335,5,"ACRYLIC JEWEL SNOWFLAKE, PINK",1.041491754862138,Regular,Maintain standard replenishment review
35816P,78,29.64,1,78.0,0.0,0.38,2,"ACRYLIC JEWEL ANGEL,PINK",0.0,Long-Tail,Limit stock and avoid excessive local warehouse space
35817P,18,19.86,2,9.0,4.242640687119285,1.4649999999999999,2,"ACRYLIC JEWEL SNOWFLAKE,PINK",0.4714045207910316,Long-Tail,Limit stock and avoid excessive local warehouse space
35818B,31,11.78,3,10.333333333333334,12.096831541082702,0.38000000000000006,3,"ACRYLIC JEWEL ICICLE, BLUE",1.1706611168789711,Long-Tail,Limit stock and avoid excessive local warehouse space
35818P,263,105.83,7,37.57142857142857,46.25241306446307,1.2214285714285715,19,"ACRYLIC JEWEL ICICLE, PINK",1.2310528192062415,Regular,Maintain standard replenishment review
35819B,268,106.05000000000001,6,44.666666666666664,46.16780985347547,1.0816666666666668,24,"ACRYLIC HANGING JEWEL,BLUE",1.0336076832867642,Regular,Maintain standard replenishment review
35819P,95,66.55000000000001,3,31.666666666666668,16.258331197676263,0.6699999999999999,7,"ACRYLIC HANGING JEWEL,PINK",0.5134209851897767,Regular,Maintain standard replenishment review
35833G,2,6.72,1,2.0,0.0,3.36,1,4 GOLD FLOCK CHRISTMAS BALLS,0.0,Long-Tail,Limit stock and avoid excessive local warehouse space
35833P,49,88.47,7,7.0,7.937253933193772,2.0404761904761903,22,4 PINK FLOCK CHRISTMAS BALLS,1.1338934190276817,Long-Tail,Limit stock and avoid excessive local warehouse space
35909A,8,23.6,3,2.6666666666666665,2.886751345948129,2.9500000000000006,3,RABBIT EASTER DECORATION,1.0825317547305484,Long-Tail,Limit stock and avoid excessive local warehouse space
35909B,8,23.6,2,4.0,2.8284271247461903,2.95,2,PINK FLOWERS RABBIT EASTER,0.7071067811865476,Long-Tail,Limit stock and avoid excessive local warehouse space
35910A,20,39.0,3,6.666666666666667,5.033222956847166,1.95,4,MULTICOLOUR EASTER RABBIT,0.7549834435270749,Long-Tail,Limit stock and avoid excessive local warehouse space
35910B,13,25.349999999999998,2,6.5,7.7781745930520225,1.95,3,PINK FLOWERS RABBIT EASTER,1.1966422450849266,Long-Tail,Limit stock and avoid excessive local warehouse space
35911A,319,292.07,12,26.583333333333332,34.791478406313374,1.3220576563958917,70,MULTICOLOUR RABBIT EGG WARMER,1.3087703475729169,Regular,Maintain standard replenishment review
35911B,119,100.76,3,39.666666666666664,54.3721742560782,1.6645454545454548,15,PINK/FLOWER RABBIT EGG WARMER,1.3707270820860051,Regular,Maintain standard replenishment review
35912B,252,301.26,7,36.0,34.75629439396553,1.4316530612244898,20,WHITE/PINK CHICK DECORATION,0.9654526220545981,Regular,Maintain standard replenishment review
35913B,36,35.480000000000004,5,7.2,6.534523701081817,1.0126666666666666,10,WHITE/PINK CHICK EASTER DECORATION,0.9075727362613634,Long-Tail,Limit stock and avoid excessive local warehouse space
35914,195,218.81,6,32.5,36.9689058534331,1.6637938596491229,40,PINK CHICK EGG WARMER + EGG CUP,1.1375047954902493,Regular,Maintain standard replenishment review
35915B,220,257.22,5,44.0,73.25298628724975,1.2126666666666666,50,BLUE KNITTED HEN,1.6648405974374945,Regular,Maintain standard replenishment review
35915C,315,316.46,4,78.75,63.89770470577693,1.4212660256410259,60,PEACH KNITTED HEN,0.8113994248352626,Regular,Maintain standard replenishment review
35916A,87,67.39,8,10.875,12.240885822287769,1.06925,29,YELLOW FELT HANGING HEART W FLOWER,1.1255986963023237,Long-Tail,Limit stock and avoid excessive local warehouse space
35916B,91,76.67999999999999,7,13.0,13.152946437965905,1.210952380952381,32,BLUE FELT HANGING HEART W FLOWER,1.0117651106127619,Regular,Maintain standard replenishment review
35916C,106,107.72,8,13.25,12.056415008498291,1.070625,20,PINK FELT HANGING HEART W FLOWER,0.9099181138489276,Regular,Maintain standard replenishment review
35920,72,104.84,4,18.0,5.715476066494082,1.6475,15,FOUR RABBIT EASTER DECORATIONS,0.3175264481385601,Long-Tail,Limit stock and avoid excessive local warehouse space
35921,68,133.23,4,17.0,11.604596790352806,2.6918409090909092,23,EASTER BUNNY HANGING GARLAND,0.6826233406089885,Long-Tail,Limit stock and avoid excessive local warehouse space
35922,28,138.6,4,7.0,5.0990195135927845,4.95,10,EASTER BUNNY WREATH,0.7284313590846835,Long-Tail,Limit stock and avoid excessive local warehouse space
35923,1318,690.5200000000001,12,109.83333333333333,162.00832376670334,1.049378306878307,62,CANDY HEART HANGING DECORATION,1.475037849165736,Regular,Maintain standard replenishment review
35924,820,1484.3,13,63.07692307692308,77.28029237615235,2.8595915750915752,72,HANGING FAIRY CAKE DECORATION,1.2251753669390006,Regular,Maintain standard replenishment review
35933,226,92.21,7,32.285714285714285,41.788013774742815,0.6892857142857143,19,PINK STOCKING CHRISTMAS DECORATION,1.2943190107221227,Regular,Maintain standard replenishment review
35953,3581,1633.6699999999998,8,447.625,667.7871640190244,1.1006767451298702,131,FOLKART STAR CHRISTMAS DECORATIONS,1.49184510252784,High-Turnover Volatile,Monitor closely and replenish in smaller batches
35954,1245,350.48,8,155.625,190.37176974090912,0.9932236842105262,54,SMALL FOLKART STAR CHRISTMAS DEC,1.2232724160058417,Regular,Maintain standard replenishment review
35957,688,361.81,2,344.0,156.97770542341354,1.4612362637362637,41,SMALLFOLKART BAUBLE CHRISTMAS DEC,0.45633053902155096,Regular,Maintain standard replenishment review
35958,12,10.2,1,12.0,0.0,0.85,3,FOLKART ZINC STAR CHRISTMAS DEC,0.0,Long-Tail,Limit stock and avoid excessive local warehouse space
35961,2986,2629.81,13,229.69230769230768,135.51530332732696,1.105415423173318,244,FOLKART ZINC HEART CHRISTMAS DEC,0.5899862502529305,High-Turnover Stable,Keep stable local warehouse inventory
35964,783,404.08,10,78.3,115.6979304530168,1.24505,100,FOLKART CLIP ON STARS,1.4776236328610064,Regular,Maintain standard replenishment review
35965,366,551.13,11,33.27272727272727,23.65202278491592,1.8489062897886428,69,FOLKART HEART NAPKIN RINGS,0.7108531438089485,Regular,Maintain standard replenishment review
35966,27,10.260000000000002,2,13.5,2.1213203435596424,0.38,2,FOLKART CHRISTMAS TREE T-LIGHT HOLD,0.15713484026367722,Long-Tail,Limit stock and avoid excessive local warehouse space
35967,485,252.32999999999998,10,48.5,42.87514172312178,0.7286376811594202,67,FOLK ART METAL STAR T-LIGHT HOLDER,0.8840235406829233,Regular,Maintain standard replenishment review
35968,163,82.1,7,23.285714285714285,12.324964985944662,0.4138095238095238,19,FOLK ART METAL HEART T-LIGHT HOLDER,0.5292929748565193,Regular,Maintain standard replenishment review
35970,5050,9512.73,13,388.46153846153845,606.7581362432942,3.287460929504734,456,ZINC FOLKART SLEIGH BELLS,1.5619516378540246,High-Revenue Priority,Prioritize inventory monitoring and avoid stockouts
35971,462,600.93,13,35.53846153846154,34.55096569951744,1.826027700429284,88,ROSE FOLKART HEART DECORATIONS,0.9722133205491921,Regular,Maintain standard replenishment review
35972,96,120.0,9,10.666666666666666,13.143439428094915,1.25,16,DAISY FOLKART HEART DECORATION,1.2321974463838983,Regular,Maintain standard replenishment review
37327,1578,840.0799999999999,11,143.45454545454547,108.94435610564105,1.5169384756657485,81,ASSTD MULTICOLOUR CIRCLES MUG,0.7594346750076372,Regular,Maintain standard replenishment review
37330,6,2.34,1,6.0,0.0,0.39,1,BIG POLKADOT MUG,0.0,Long-Tail,Limit stock and avoid excessive local warehouse space
37333,21,120.99,6,3.5,3.271085446759225,4.423333333333333,17,"RETRO ""TEA FOR ONE""",0.9345958419312071,Long-Tail,Limit stock and avoid excessive local warehouse space
37340,2544,1695.86,13,195.69230769230768,169.1554436090193,3.3373239954489953,135,MULTICOLOUR SPRING FLOWER MUG,0.864394955549234,High-Turnover Stable,Keep stable local warehouse inventory
37342,1570,1489.01,10,157.0,119.9814800523629,1.868548166891588,109,POLKADOT COFFEE CUP & SAUCER PINK,0.7642132487411649,Regular,Maintain standard replenishment review
37343,72,123.29999999999998,3,24.0,12.165525060596439,1.5466666666666666,13,POLKADOT MUG PINK,0.5068968775248516,Long-Tail,Limit stock and avoid excessive local warehouse space
37351,10,9.06,2,5.0,1.4142135623730951,0.8200000000000001,2,ORANGE FLOWER MUG,0.282842712474619,Long-Tail,Limit stock and avoid excessive local warehouse space
37370,2567,3839.0099999999998,10,256.7,255.5034463781479,3.61522823371284,159,RETRO COFFEE MUGS ASSORTED,0.9953387081345848,High-Revenue Priority,Prioritize inventory monitoring and avoid stockouts
37379A,6,7.5,1,6.0,0.0,1.25,1,PINK CHERRY BLOSSOM CUP & SAUCER,0.0,Long-Tail,Limit stock and avoid excessive local warehouse space
37413,703,284.49,11,63.90909090909091,56.26980459439067,0.44212121212121214,81,ICON MUG REVOLUTIONARY,0.8804663592294415,Regular,Maintain standard replenishment review
37423,78,33.18,1,78.0,0.0,0.5433333333333333,3,WHITE WITH BLACK CATS PLATE,0.0,Long-Tail,Limit stock and avoid excessive local warehouse space
37444A,53,66.35,8,6.625,7.963084470587655,1.927,18,YELLOW BREAKFAST CUP AND SAUCER,1.2019750144283254,Long-Tail,Limit stock and avoid excessive local warehouse space
37444B,4,11.8,3,1.3333333333333333,0.5773502691896257,2.9500000000000006,3,BLUE BREAKFAST CUP AND SAUCER,0.4330127018922193,Long-Tail,Limit stock and avoid excessive local warehouse space
37444C,21,42.27,3,7.0,3.605551275463989,2.7544444444444447,9,PINK BREAKFAST CUP AND SAUCER,0.5150787536377127,Long-Tail,Limit stock and avoid excessive local warehouse space
37446,1354,1976.09,13,104.15384615384616,58.73790110006507,1.7274480436574087,183,MINI CAKE STAND WITH HANGING CAKES,0.5639532601926484,Regular,Maintain standard replenishment review
37447,820,1313.28,13,63.07692307692308,34.11857152749692,2.0952775429698507,115,CERAMIC CAKE DESIGN SPOTTED PLATE,0.5409041827529999,Regular,Maintain standard replenishment review
37448,1451,2206.63,13,111.61538461538461,72.00293797424571,1.8213779128501395,187,CERAMIC CAKE DESIGN SPOTTED MUG,0.6450986861924151,Regular,Maintain standard replenishment review
37449,563,5117.29,13,43.30769230769231,28.528887743784125,9.849132295218606,154,CERAMIC CAKE STAND + HANGING CAKES,0.6587487400873777,High-Revenue Priority,Prioritize inventory monitoring and avoid stockouts
37450,714,2117.54,13,54.92307692307692,33.43765726059353,3.683815628815629,134,CERAMIC CAKE BOWL + HANGING CAKES,0.6088088856970811,Regular,Maintain standard replenishment review
37461,1,1.25,1,1.0,0.0,1.25,1,FUNKY MONKEY MUG,0.0,Long-Tail,Limit stock and avoid excessive local warehouse space
37462E,36,13.1,9,4.0,4.924428900898052,0.6077777777777778,12,"PET MUG, GOLDFISH",1.231107225224513,Long-Tail,Limit stock and avoid excessive local warehouse space
37464,3,3.75,1,3.0,0.0,1.25,2,ROBOT MUG IN DISPLAY BOX,0.0,Long-Tail,Limit stock and avoid excessive local warehouse space
37467,159,130.27,9,17.666666666666668,14.64581851587681,1.5285185185185184,17,PIG MUG IN TWO COLOUR DESIGNS,0.8290085952383099,Regular,Maintain standard replenishment review
37468,64,32.03,7,9.142857142857142,13.533028380331475,1.4000000000000001,13,HARDMAN MUG 3 ASSORTED,1.480174979098755,Long-Tail,Limit stock and avoid excessive local warehouse space
37471,29,30.43,3,9.666666666666666,7.767453465154029,2.776666666666667,3,MULTICOLOUR POLKADOT PLATE,0.8035296688090375,Long-Tail,Limit stock and avoid excessive local warehouse space
37474,1,9.95,1,1.0,0.0,9.95,1,SET/4 2 TONE EGG SHAPE MIXING BOWLS,0.0,Long-Tail,Limit stock and avoid excessive local warehouse space
37475,70,661.9799999999999,11,6.363636363636363,4.985433326657318,10.130696969696968,43,SET/4 COLOURFUL MIXING BOWLS,0.78342523704615,Long-Tail,Limit stock and avoid excessive local warehouse space
37476,37,399.02,9,4.111111111111111,3.515837184954831,11.867962962962963,26,CONDIMENT TRAY 4 BOWLS AND 4 SPOONS,0.8552036395836076,Long-Tail,Limit stock and avoid excessive local warehouse space
37479B,131,78.09,6,21.833333333333332,26.82101166374353,1.7249999999999999,21,CUBIC MUG FLOCK BLUE ON BROWN,1.228443282308864,Regular,Maintain standard replenishment review
37479P,163,142.23,11,14.818181818181818,14.33051416954871,2.272727272727273,32,CUBIC MUG FLOCK PINK ON BROWN,0.9670899132824283,Regular,Maintain standard replenishment review
37482P,494,349.35,4,123.5,125.78420674578612,4.812548076923077,47,CUBIC MUG PINK POLKADOT,1.0184956011804545,Regular,Maintain standard replenishment review
37487B,68,19.72,1,68.0,0.0,0.29,2,YELLOW/ORANGE FLOWER DESIGN PLATE,0.0,Long-Tail,Limit stock and avoid excessive local warehouse space
37488A,28,10.92,2,14.0,16.97056274847714,0.39,3,YELLOW PINK FLOWER DESIGN BIG BOWL,1.2121830534626528,Long-Tail,Limit stock and avoid excessive local warehouse space
37489A,33,14.43,9,3.6666666666666665,2.598076211353316,0.5633333333333334,14,YELLOW/PINK FLOWER DESIGN BIG MUG,0.7085662394599953,Long-Tail,Limit stock and avoid excessive local warehouse space
37489B,31,16.77,8,3.875,2.997022331772464,0.78,12,BLUE/YELLOW FLOWER DESIGN BIG MUG,0.7734251178767649,Long-Tail,Limit stock and avoid excessive local warehouse space
37489C,23,13.65,6,3.8333333333333335,2.7141603981096374,0.91,8,GREEN/BLUE FLOWER DESIGN BIG MUG,0.7080418429851227,Long-Tail,Limit stock and avoid excessive local warehouse space
37489D,40,17.16,10,4.0,3.2998316455372216,0.546,16,PINK/GREEN FLOWER DESIGN BIG MUG,0.8249579113843054,Long-Tail,Limit stock and avoid excessive local warehouse space
37491A,6,19.81,4,1.5,0.5773502691896257,3.3075,4,YELLOW/PINK CERAMIC CANDLE HOLDER,0.38490017945975047,Long-Tail,Limit stock and avoid excessive local warehouse space
37491B,4,6.6,1,4.0,0.0,1.65,1,BLUE/YELLOW CERAMIC CANDLE HOLDER,0.0,Long-Tail,Limit stock and avoid excessive local warehouse space
37491C,8,13.2,1,8.0,0.0,1.65,1,GREEN/BLUE CERAMIC CANDLE HOLDER,0.0,Long-Tail,Limit stock and avoid excessive local warehouse space
37491D,4,9.879999999999999,2,2.0,0.0,2.4699999999999998,2,PURPLE/BLUE CERAMIC CANDLE HOLDER,0.0,Long-Tail,Limit stock and avoid excessive local warehouse space
37495,440,1622.24,13,33.84615384615385,18.42030652045976,3.967141025641026,92,FAIRY CAKE BIRTHDAY CANDLE SET,0.5442363290135839,Regular,Maintain standard replenishment review
37500,380,2360.6800000000003,13,29.23076923076923,22.42823312313391,7.508706043956043,113,TEA TIME TEAPOT IN GIFT BOX,0.7672816594756338,Regular,Maintain standard replenishment review
37501,133,906.83,9,14.777777777777779,12.336711249131367,6.879639804639805,49,TEA TIME TEA SET IN GIFT BOX,0.8348150469337015,Regular,Maintain standard replenishment review
37509,2,5.1,1,2.0,0.0,2.55,2,NEW ENGLAND MUG W GIFT BOX,0.0,Long-Tail,Limit stock and avoid excessive local warehouse space
40001,821,675.23,12,68.41666666666667,56.61907538073804,1.0753333333333333,56,WHITE BAMBOO RIBS LAMPSHADE,0.8275626121423343,Regular,Maintain standard replenishment review
40003,155,179.23000000000002,7,22.142857142857142,33.20355689495013,1.522857142857143,15,WHITE BAMBOO RIBS LAMPSHADE,1.4995154726751674,Regular,Maintain standard replenishment review
40005B,12,10.2,3,4.0,4.358898943540674,0.85,4,BLUE ORGANDY ROUND LAMPSHADE W BEA,1.0897247358851685,Long-Tail,Limit stock and avoid excessive local warehouse space
40016,5556,2136.34,10,555.6,622.5032262299262,2.251869318181818,97,CHINESE DRAGON PAPER LANTERNS,1.1204161739199536,High-Turnover Volatile,Monitor closely and replenish in smaller batches
40046A,50,62.5,5,10.0,9.669539802906858,1.25,6,RED DAISY PAPER LAMPSHADE,0.9669539802906858,Long-Tail,Limit stock and avoid excessive local warehouse space
44089A,15,6.3,4,3.75,3.0956959368344514,0.42,4,PINK GAUZE BUTTERFLY LAMPSHADE,0.8255189164891871,Long-Tail,Limit stock and avoid excessive local warehouse space
44089C,24,10.08,4,6.0,4.396968652757639,0.42,6,LILAC GAUZE BUTTERFLY LAMPSHADE,0.7328281087929399,Long-Tail,Limit stock and avoid excessive local warehouse space
44091A,9,3.78,2,4.5,4.949747468305833,0.42,3,BLUE CRUSOE CHECK LAMPSHADE,1.0999438818457405,Long-Tail,Limit stock and avoid excessive local warehouse space
44092B,14,11.899999999999999,5,2.8,2.04939015319192,0.85,5,BLUE WHITE PLASTIC RINGS LAMPSHADE,0.7319250547114,Long-Tail,Limit stock and avoid excessive local warehouse space
44092C,20,17.0,5,4.0,1.8708286933869707,0.85,8,PURPLE/COPPER HANGING LAMPSHADE,0.46770717334674267,Long-Tail,Limit stock and avoid excessive local warehouse space
44228,36,30.599999999999998,2,18.0,8.48528137423857,0.85,2,CANNABIS LEAF BEAD CURTAIN,0.4714045207910316,Long-Tail,Limit stock and avoid excessive local warehouse space
44234,693,154.77,12,57.75,133.84531438125947,0.3481944444444444,33,ASSORTED CIRCULAR MOBILE,2.3176677814936704,Regular,Maintain standard replenishment review
44235,538,200.04,10,53.8,133.64613308617982,0.414,13,ASS COL CIRCLE MOBILE,2.484128867772859,Regular,Maintain standard replenishment review
44236,52,56.52,3,17.333333333333332,22.233608194203057,2.0766666666666667,6,PINK/PURPLE CIRCLE CURTAIN,1.2827081650501764,Long-Tail,Limit stock and avoid excessive local warehouse space
44242A,12,9.48,1,12.0,0.0,0.79,1,LILAC FEATHERS CURTAIN,0.0,Long-Tail,Limit stock and avoid excessive local warehouse space
44242B,52,50.28,2,26.0,8.48528137423857,1.02,3,PINK FEATHERS CURTAIN,0.32635697593225266,Long-Tail,Limit stock and avoid excessive local warehouse space
44265,2,8.5,1,2.0,0.0,4.25,1,M/COLOUR POM-POM CURTAIN,0.0,Long-Tail,Limit stock and avoid excessive local warehouse space
45013,3,8.850000000000001,2,1.5,0.7071067811865476,2.95,2,FOLDING SHOE TIDY,0.47140452079103173,Long-Tail,Limit stock and avoid excessive local warehouse space
46000M,1021,1582.5500000000002,13,78.53846153846153,59.92858998371226,1.5500000000000003,137,POLYESTER FILLER PAD 45X45CM,0.7630476687446224,Regular,Maintain standard replenishment review
46000P,18,76.5,4,4.5,4.358898943540674,4.25,6,POLYESTER FILLER PAD 65CMX65CM,0.9686442096757053,Long-Tail,Limit stock and avoid excessive local warehouse space
46000R,103,149.35,12,8.583333333333334,5.142661732699294,1.45,38,POLYESTER FILLER PAD 45X30CM,0.5991450562368109,Regular,Maintain standard replenishment review
46000S,1556,2256.2,13,119.6923076923077,83.97458406703048,1.4499999999999997,185,POLYESTER FILLER PAD 40X40CM,0.701587141948198,Regular,Maintain standard replenishment review
46000U,107,133.75,11,9.727272727272727,10.0607247163503,1.25,26,POLYESTER FILLER PAD 30CMX30CM,1.0342801110266664,Regular,Maintain standard replenishment review
46115B,12,2.28,2,6.0,0.0,0.19,2,GREEN POP ART MAO CUSHION COVER,0.0,Long-Tail,Limit stock and avoid excessive local warehouse space
46118,232,317.17,10,23.2,13.701581417242803,2.7032333333333334,46,FUNKY MONKEY CUSHION COVER,0.5905854059156381,Regular,Maintain standard replenishment review
46126A,52,69.84,3,17.333333333333332,13.613718571108091,1.4516666666666669,8,ELVIS WALLHANGING / CURTAIN,0.7854068406408514,Long-Tail,Limit stock and avoid excessive local warehouse space
46138B,43,43.15,7,6.142857142857143,6.335839103296196,1.1642857142857144,12,BLUE CHENILLE SHAGGY CUSHION COVER,1.0314156679784503,Long-Tail,Limit stock and avoid excessive local warehouse space
46775D,60,720.93,13,4.615384615384615,3.2025630761017427,12.198461538461537,39,SUNSET COLOUR CHUNKY KNITTED THROW,0.693888666488711,Long-Tail,Limit stock and avoid excessive local warehouse space
46776A,155,651.95,13,11.923076923076923,12.698172693092095,4.190331501831502,70,WOVEN BUBBLE GUM CUSHION COVER,1.065008032323853,Regular,Maintain standard replenishment review
46776B,161,679.6700000000001,13,12.384615384615385,12.493588099090813,4.259029137529137,88,WOVEN BERRIES CUSHION COVER,1.008799039057022,Regular,Maintain standard replenishment review
46776C,117,492.79,12,9.75,7.863899102284381,4.284761904761905,59,WOVEN FROST CUSHION COVER,0.8065537540804494,Regular,Maintain standard replenishment review
46776D,89,378.29,12,7.416666666666667,6.444988656923981,4.219722222222222,37,WOVEN SUNSET CUSHION COVER,0.8689872346414357,Regular,Maintain standard replenishment review
46776E,67,288.43,12,5.583333333333333,4.737823307909414,4.273356481481481,38,WOVEN CANDY CUSHION COVER,0.8485653685807907,Long-Tail,Limit stock and avoid excessive local warehouse space
46776F,210,883.12,13,16.153846153846153,15.544807031321605,4.2255109890109885,89,WOVEN ROSE GARDEN CUSHION COVER,0.9622975781294327,Regular,Maintain standard replenishment review
46776a,5,20.65,1,5.0,0.0,4.13,1,WOVEN BUBBLE GUM CUSHION COVER,0.0,Long-Tail,Limit stock and avoid excessive local warehouse space
46776b,1,4.13,1,1.0,0.0,4.13,1,WOVEN BERRIES CUSHION COVER,0.0,Long-Tail,Limit stock and avoid excessive local warehouse space
46776e,1,4.13,1,1.0,0.0,4.13,1,WOVEN CANDY CUSHION COVER,0.0,Long-Tail,Limit stock and avoid excessive local warehouse space
46776f,7,28.91,1,7.0,0.0,4.13,1,WOVEN ROSE GARDEN CUSHION COVER,0.0,Long-Tail,Limit stock and avoid excessive local warehouse space
47013A,14,3.04,2,7.0,1.4142135623730951,0.205,4,WINE BOTTLE DRESSING LT.BLUE,0.20203050891044216,Long-Tail,Limit stock and avoid excessive local warehouse space
47013C,52,12.969999999999999,4,13.0,14.2828568570857,0.37549999999999994,12,WINE BOTTLE DRESSING DARK BLUE,1.0986812966989001,Long-Tail,Limit stock and avoid excessive local warehouse space
47016,2,4.2,1,2.0,0.0,2.1,1,LIGHT DECORATION BATTERY OPERATED,0.0,Long-Tail,Limit stock and avoid excessive local warehouse space
47021G,582,309.29999999999995,7,83.14285714285714,119.67376288815157,2.3983537414965985,27,SET/6 BEAD COASTERS GAUZE BAG GOLD,1.4393751550121323,Regular,Maintain standard replenishment review
47310M,410,570.4499999999999,13,31.53846153846154,22.209665255677105,1.5430865411391728,121,"SMALL POP BOX,FUNKY MONKEY",0.7042088983507374,Regular,Maintain standard replenishment review
47341A,27,38.75,4,6.75,5.619905100029122,1.875,5,FUSCHIA TABLE RUN FLOWER,0.8325785333376478,Long-Tail,Limit stock and avoid excessive local warehouse space
47341B,45,56.25,7,6.428571428571429,8.423323628614833,1.25,11,BLUE TABLE RUN FLOWER,1.3102947866734185,Long-Tail,Limit stock and avoid excessive local warehouse space
47343A,159,145.17,6,26.5,23.244354153213205,0.995,14,FUSCHIA FLOWER PURSE WITH BEADS,0.8771454397438946,Regular,Maintain standard replenishment review
47344B,44,43.66,4,11.0,12.516655570345725,0.97,6,BLUE FLOWER DES PURSE,1.1378777791223387,Long-Tail,Limit stock and avoid excessive local warehouse space
47348A,97,50.31,8,12.125,14.865468134476721,0.78,15,FUSCHIA VOILE POINTY SHOE DEC,1.226017990472307,Regular,Maintain standard replenishment review
47351B,86,234.5,8,10.75,16.731066057743345,2.9250000000000003,9,BLUE  VOILE LAMPSHADE,1.5563782379296134,Long-Tail,Limit stock and avoid excessive local warehouse space
47367B,112,376.27,10,11.2,10.21763181955584,3.416571428571429,43,PAIR PADDED HANGERS PINK CHECK,0.9122885553174859,Regular,Maintain standard replenishment review
47369A,33,93.19,7,4.714285714285714,3.4982989063393704,3.468857142857143,20,PINK GREEN EMBROIDERY COSMETIC BAG,0.7420634043750179,Long-Tail,Limit stock and avoid excessive local warehouse space
47369B,35,97.13,7,5.0,8.062257748298551,4.3914285714285715,22,BLUE GREEN EMBROIDERY COSMETIC BAG,1.6124515496597103,Long-Tail,Limit stock and avoid excessive local warehouse space
47420,196,37.24,9,21.77777777777778,20.60204952048326,0.19,13,ASSORTED COLOUR SUCTION CUP HOOK,0.9460124779813741,Regular,Maintain standard replenishment review
47421,994,393.0,13,76.46153846153847,60.73523878910192,0.415032967032967,55,ASSORTED COLOUR LIZARD SUCTION HOOK,0.7943240485496227,Regular,Maintain standard replenishment review
47422,617,246.18,13,47.46153846153846,45.84323902281081,0.4175384615384615,45,ASSORTED MONKEY SUCTION CUP HOOK,0.965902929167813,Regular,Maintain standard replenishment review
47469,469,238.60999999999999,8,58.625,106.12652489229207,0.635625,12,ASSORTED SHAPES PHOTO CLIP SILVER,1.8102605525337667,Regular,Maintain standard replenishment review
47471,290,189.88,12,24.166666666666668,36.85310726589436,1.0487857142857142,39,RAINBOW PEGS PHOTO CLIP STRING,1.524956162726663,Regular,Maintain standard replenishment review
47480,746,1274.1699999999998,13,57.38461538461539,40.04692760070877,2.186720642102995,86,HANGING PHOTO CLIP ROPE LADDER,0.6978687115405013,Regular,Maintain standard replenishment review
47481,225,171.79000000000002,11,20.454545454545453,45.79817384211653,1.018409090909091,23,50CM METAL STRING WITH  7 CLIPS,2.239021832281253,Regular,Maintain standard replenishment review
47503A,2734,1254.12,12,227.83333333333334,179.64653848009095,0.7226805555555554,163,ASS FLORAL PRINT MULTI SCREWDRIVER,0.7884998031313428,High-Turnover Stable,Keep stable local warehouse inventory
47503H,100,110.86,13,7.6923076923076925,12.161308971382805,1.8739743589743587,37,ASS FLORAL PRINT SPIRIT LEVEL,1.5809701662797646,Regular,Maintain standard replenishment review
47503J,3,23.85,1,3.0,0.0,7.95,2,SET/3 FLORAL GARDEN TOOLS IN BAG,0.0,Long-Tail,Limit stock and avoid excessive local warehouse space
47504H,978,964.38,13,75.23076923076923,91.30183810321478,1.9281582196712286,118,ENGLISH ROSE SPIRIT LEVEL,1.2136236148689081,Regular,Maintain standard replenishment review
47504K,2018,2048.66,12,168.16666666666666,171.8883534757549,1.7707333662876967,212,ENGLISH ROSE GARDEN SECATEURS,1.022130942373171,High-Turnover Stable,Keep stable local warehouse inventory
47518F,827,113.64000000000001,11,75.18181818181819,79.83961195023204,0.17454545454545453,28,ICON PLACEMAT POP ART ELVIS,1.0619537260611274,Regular,Maintain standard replenishment review
47518f,5,20.73,4,1.25,0.5,4.15,5,ICON PLACEMAT POP ART ELVIS,0.4,Long-Tail,Limit stock and avoid excessive local warehouse space
47556B,2600,6045.0,2,1300.0,0.0,2.325,2,TEA TIME TEA TOWELS,0.0,High-Revenue Priority,Prioritize inventory monitoring and avoid stockouts
47559B,2077,2584.9,13,159.76923076923077,87.83901358560618,1.459872288345139,287,TEA TIME OVEN GLOVE,0.5497867966359559,High-Turnover Stable,Keep stable local warehouse inventory
47559b,103,342.65,7,14.714285714285714,16.090517763725376,3.302857142857143,28,TEA TIME OVEN GLOVE,1.0935303334570645,Regular,Maintain standard replenishment review
47563A,285,551.51,12,23.75,15.823601474897036,2.68783665895508,105,RETRO LONGBOARD IRONING BOARD COVER,0.666256904206191,Regular,Maintain standard replenishment review
47566,18283,99445.23,13,1406.3846153846155,1021.9780280141007,5.968253436487751,1685,PARTY BUNTING,0.726670369424236,High-Revenue Priority,Prioritize inventory monitoring and avoid stockouts
47566B,2379,11275.27,13,183.0,150.6972682787139,5.434474028288455,365,TEA TIME PARTY BUNTING,0.8234823403208409,High-Revenue Priority,Prioritize inventory monitoring and avoid stockouts
47566b,199,1651.1499999999999,11,18.09090909090909,11.379407238116979,8.306363636363635,102,TEA TIME PARTY BUNTING,0.6290124603984261,Regular,Maintain standard replenishment review
47567B,602,3414.5000000000005,13,46.30769230769231,27.632663689266415,6.314977466977467,133,TEA TIME KITCHEN APRON,0.5967186510971153,High-Revenue Priority,Prioritize inventory monitoring and avoid stockouts
47570B,185,1727.23,4,46.25,43.277207241995946,11.70300865800866,31,TEA TIME TABLE CLOTH,0.9357233998269394,Regular,Maintain standard replenishment review
47570b,2,42.019999999999996,2,1.0,0.0,21.009999999999998,2,TEA TIME TABLE CLOTH,0.0,Long-Tail,Limit stock and avoid excessive local warehouse space
47574A,548,665.2,11,49.81818181818182,76.75782459374182,2.1969487012987012,114,ENGLISH ROSE SCENTED HANGING FLOWER,1.5407592527940874,Regular,Maintain standard replenishment review
47574B,4,17.0,1,4.0,0.0,4.25,2,ENGLISH ROSE SCENTED HANGING HEART,0.0,Long-Tail,Limit stock and avoid excessive local warehouse space
47578A,213,197.43,13,16.384615384615383,16.745837599925448,1.0577142857142856,45,ENGLISH ROSE SMALL SCENTED FLOWER,1.0220464262865299,Regular,Maintain standard replenishment review
47579,1,2.1,1,1.0,0.0,2.1,1,TEA TIME BREAKFAST BASKET,0.0,Long-Tail,Limit stock and avoid excessive local warehouse space
47580,388,1116.72,13,29.846153846153847,26.29273078833183,3.126289141414141,110,TEA TIME DES TEA COSY,0.8809420109492624,Regular,Maintain standard replenishment review
47585A,264,1129.44,13,20.307692307692307,22.79029258033858,5.191602564102565,83,PINK FAIRY CAKE CUSHION COVER,1.122249255850006,Regular,Maintain standard replenishment review
47586A,21,53.55,7,3.0,1.8257418583505538,2.55,8,PINK FAIRY CAKE CUSHION COVER,0.6085806194501846,Long-Tail,Limit stock and avoid excessive local warehouse space
47589,13,70.85,3,4.333333333333333,4.163331998932265,5.45,3,CONGRATULATIONS BUNTING,0.9607689228305228,Long-Tail,Limit stock and avoid excessive local warehouse space
47590A,1990,10491.75,13,153.07692307692307,105.45572652260407,6.0094681826482965,390,BLUE HAPPY BIRTHDAY BUNTING,0.6889067561778156,High-Revenue Priority,Prioritize inventory monitoring and avoid stockouts
47590B,2323,12050.12,13,178.69230769230768,121.45738938367413,5.892154090881419,393,PINK HAPPY BIRTHDAY BUNTING,0.6797012750700662,High-Revenue Priority,Prioritize inventory monitoring and avoid stockouts
47590b,12,129.48,6,2.0,1.0954451150103321,10.79,9,PINK HAPPY BIRTHDAY BUNTING,0.5477225575051661,Long-Tail,Limit stock and avoid excessive local warehouse space
47591B,209,344.79,3,69.66666666666667,57.76965754903981,1.6430402930402928,56,SCOTTIES CHILDRENS APRON,0.8292295341967437,Regular,Maintain standard replenishment review
47591D,3207,6052.45,13,246.69230769230768,152.12022910370635,2.1371617112305286,439,PINK FAIRY CAKE CHILDRENS APRON,0.6166395317580863,High-Revenue Priority,Prioritize inventory monitoring and avoid stockouts
47591b,1,4.13,1,1.0,0.0,4.13,1,SCOTTIES CHILDRENS APRON,0.0,Long-Tail,Limit stock and avoid excessive local warehouse space
47591d,134,672.24,9,14.88888888888889,23.045848023258138,4.971111111111111,56,PINK FAIRY CAKE CHILDRENS APRON,1.5478554642486808,Regular,Maintain standard replenishment review
47593A,33,14.37,4,8.25,13.175102782647782,1.01,12,CAROUSEL PONIES BABY BIB,1.5969821554724584,Long-Tail,Limit stock and avoid excessive local warehouse space
47593B,1987,946.1299999999999,13,152.84615384615384,109.43707945195888,0.7148644424031421,245,SCOTTIE DOGS BABY BIB,0.7159949838326449,High-Turnover Stable,Keep stable local warehouse inventory
47593b,6,4.9799999999999995,1,6.0,0.0,0.83,1,SCOTTIE DOGS BABY BIB,0.0,Long-Tail,Limit stock and avoid excessive local warehouse space
47594A,108,199.84,9,12.0,17.03672503740082,2.002834138486312,50,CAROUSEL DESIGN WASHBAG,1.4197270864500684,Regular,Maintain standard replenishment review
47594B,170,314.54999999999995,12,14.166666666666666,24.83338417729186,1.983804012345679,56,SCOTTIES DESIGN WASHBAG,1.7529447654558963,Regular,Maintain standard replenishment review
47599A,2456,4649.5,13,188.92307692307693,111.47679993198999,2.2697231294677116,165,PINK PARTY BAGS,0.5900644947540187,High-Revenue Priority,Prioritize inventory monitoring and avoid stockouts
47599B,1480,2822.32,13,113.84615384615384,69.28305006017725,2.1568951465201467,118,BLUE PARTY BAGS,0.608567331609665,Regular,Maintain standard replenishment review
48111,1172,7708.48,13,90.15384615384616,135.17448363371332,9.34898485772756,233,DOORMAT 3 SMILEY CATS,1.499375671705011,High-Revenue Priority,Prioritize inventory monitoring and avoid stockouts
48116,1491,9080.68,13,114.6923076923077,129.06805996281227,9.453398840601329,201,DOORMAT MULTICOLOUR STRIPE,1.1253419044376656,High-Revenue Priority,Prioritize inventory monitoring and avoid stockouts
48129,904,6009.84,13,69.53846153846153,89.7780739607537,8.809562773559538,205,DOORMAT TOPIARY,1.2910563733294227,High-Revenue Priority,Prioritize inventory monitoring and avoid stockouts
48138,3751,25534.15,13,288.53846153846155,200.1077273972761,8.88858007629722,616,DOORMAT UNION FLAG,0.6935218491507836,High-Revenue Priority,Prioritize inventory monitoring and avoid stockouts
48173C,1799,10000.66,13,138.3846153846154,177.45822910455036,8.218389516095202,188,DOORMAT BLACK FLOCK,1.2823551853024762,High-Revenue Priority,Prioritize inventory monitoring and avoid stockouts
48173c,15,252.95000000000002,4,3.75,4.272001872658765,16.7175,7,DOORMAT BLACK FLOCK,1.1392004993756708,Long-Tail,Limit stock and avoid excessive local warehouse space
48184,2035,14300.15,13,156.53846153846155,125.36188640931725,8.629687362181498,407,DOORMAT ENGLISH ROSE,0.800837603597604,High-Revenue Priority,Prioritize inventory monitoring and avoid stockouts
48185,3615,23872.91,13,278.0769230769231,282.42387220230444,9.89014777229727,365,DOORMAT FAIRY CAKE,1.0156321821936258,High-Revenue Priority,Prioritize inventory monitoring and avoid stockouts
48187,3807,24108.39,13,292.84615384615387,231.54907548719422,8.474822695707193,600,DOORMAT NEW ENGLAND,0.7906850489449763,High-Revenue Priority,Prioritize inventory monitoring and avoid stockouts
48188,2064,12107.02,13,158.76923076923077,193.84321578970028,8.740844643184797,287,DOORMAT WELCOME PUPPIES,1.2209117273576082,High-Revenue Priority,Prioritize inventory monitoring and avoid stockouts
48189,27,451.10999999999996,5,5.4,1.140175425099138,16.7,17,DOORMAT FRIENDSHIP,0.2111435972405811,Long-Tail,Limit stock and avoid excessive local warehouse space
48194,3416,22114.42,13,262.7692307692308,216.54297258133076,9.266159797410896,592,DOORMAT HEARTS,0.8240803991678278,High-Revenue Priority,Prioritize inventory monitoring and avoid stockouts
51008,519,1690.55,8,64.875,149.3743499686992,3.443055555555556,22,AFGHAN SLIPPER SOCK PAIR,2.3024947972053824,Regular,Maintain standard replenishment review
51014A,3842,2000.06,13,295.53846153846155,295.0874490114796,0.8151401098901098,239,"FEATHER PEN,HOT PINK",0.9984739295026638,High-Turnover Stable,Keep stable local warehouse inventory
51014C,2687,1405.73,13,206.69230769230768,216.27851820256546,0.8358093462093462,174,"FEATHER PEN,COAL BLACK",1.0463791353306109,High-Turnover Stable,Keep stable local warehouse inventory
51014L,2059,1069.1399999999999,13,158.3846153846154,130.64489941666207,0.7751693159781395,149,"FEATHER PEN,LIGHT PINK",0.8248585198720771,High-Turnover Stable,Keep stable local warehouse inventory
51014c,1,0.83,1,1.0,0.0,0.83,1,"FEATHER PEN,COAL BLACK",0.0,Long-Tail,Limit stock and avoid excessive local warehouse space
51020A,325,116.32999999999998,5,65.0,118.82550231326607,0.866,18,SUMMER FUN DESIGN SHOWER CAP,1.8280846509733242,Regular,Maintain standard replenishment review
51020B,197,70.57,4,49.25,83.87043579235772,0.77,15,STRIPY DESIGN SHOWER CAP,1.7029530110123396,Regular,Maintain standard replenishment review
62018,4415,5716.85,13,339.61538461538464,401.7975316129461,1.8338165680473373,61,SOMBRERO,1.1830957895737937,High-Revenue Priority,Prioritize inventory monitoring and avoid stockouts
62043B,17,14.11,2,8.5,7.7781745930520225,0.83,5,BLUE CHECK BAG W HANDLE 34X20CM,0.9150793638884732,Long-Tail,Limit stock and avoid excessive local warehouse space
62074B,16,6.72,4,4.0,4.08248290463863,0.42,4,ELEPHANT CLIP W SUCTION CUP,1.0206207261596576,Long-Tail,Limit stock and avoid excessive local warehouse space
62086A,88,171.6,6,14.666666666666666,11.483321238503548,1.95,14,PINK RETRO BIG FLOWER BAG,0.78295372080706,Regular,Maintain standard replenishment review
62094B,19,63.21,3,6.333333333333333,5.8594652770823155,4.178888888888888,8,TURQ ICE CREAM BUM BAG,0.9251787279603656,Long-Tail,Limit stock and avoid excessive local warehouse space
62096A,106,132.5,3,35.333333333333336,25.006665778014735,1.25,8,PINK/YELLOW FLOWERS HANDBAG,0.7077358239060774,Regular,Maintain standard replenishment review
62096B,2,2.5,1,2.0,0.0,1.25,1,PURPLE/TURQ FLOWERS HANDBAG,0.0,Long-Tail,Limit stock and avoid excessive local warehouse space
62097B,9,7.469999999999999,2,4.5,0.7071067811865476,0.83,3,BLUE STRIPES SHOULDER BAG,0.15713484026367724,Long-Tail,Limit stock and avoid excessive local warehouse space
70006,2702,1863.98,11,245.63636363636363,478.5054383655995,1.941102059556605,120,LOVE HEART POCKET WARMER,1.9480236202892653,High-Turnover Volatile,Monitor closely and replenish in smaller batches
70007,841,956.36,9,93.44444444444444,129.1686021360368,1.9196194167589518,107,HI TEC ALPINE HAND WARMER,1.3823037089468861,Regular,Maintain standard replenishment review
71038,238,1239.5,11,21.636363636363637,8.617107719794703,5.377272727272728,47,WHITE HANGING BEADS CANDLE HOLDER,0.3982696845283266,Regular,Maintain standard replenishment review
71050,33,11.549999999999997,4,8.25,6.652067347825035,0.35,6,SMALL SINGLE FLAME CANDLE HOLDER,0.8063111936757619,Long-Tail,Limit stock and avoid excessive local warehouse space
71053,1944,8419.32,13,149.53846153846155,76.74700361644462,4.876683041625439,333,WHITE METAL LANTERN,0.5132258472293106,High-Revenue Priority,Prioritize inventory monitoring and avoid stockouts
71101E,346,278.5,10,34.6,18.833775806011687,0.8240000000000001,22,STANDING FAIRY POLE SUPPORT,0.544328780520569,Regular,Maintain standard replenishment review
71143,178,196.35999999999999,7,25.428571428571427,35.60363812335823,2.0070238095238095,37,SILVER BOOK MARK WITH BEADS,1.4001430722668968,Regular,Maintain standard replenishment review
71215,11,4.62,2,5.5,6.363961030678928,0.42,2,METAL BASE FOR CANDLES,1.1570838237598051,Long-Tail,Limit stock and avoid excessive local warehouse space
71270,236,334.98,13,18.153846153846153,17.03352651804745,1.7318589743589743,49,PHOTO CLIP LINE,0.9382874776890544,Regular,Maintain standard replenishment review
71279,175,558.37,11,15.909090909090908,7.942978603201011,3.57569696969697,38,PINK GLASS CANDLEHOLDER,0.499272940772635,Regular,Maintain standard replenishment review
71403,76,283.96000000000004,12,6.333333333333333,6.286107819243281,4.4815,33,"PINK/WHITE ""KEEP CLEAN"" BULLET BIN",0.992543339880518,Long-Tail,Limit stock and avoid excessive local warehouse space
71406C,138,57.96,11,12.545454545454545,9.740263203462588,0.42,21,BLACK ORANGE SQUEEZER,0.7763977915803513,Regular,Maintain standard replenishment review
71459,13605,10858.89,13,1046.5384615384614,536.9698339423758,0.9618141927196657,440,HANGING JAM JAR T-LIGHT HOLDER,0.5130913518008736,High-Revenue Priority,Prioritize inventory monitoring and avoid stockouts
71477,6748,20650.66,12,562.3333333333334,381.6979608713326,3.888479959798508,316,COLOUR GLASS. STAR T-LIGHT HOLDER,0.6787752712590384,High-Revenue Priority,Prioritize inventory monitoring and avoid stockouts
71495A,103,40.379999999999995,6,17.166666666666668,25.06325331369945,0.7272222222222222,8,CD WALL TIDY BLUE OFFICE,1.4599953386621038,Regular,Maintain standard replenishment review
71495B,163,61.05,7,23.285714285714285,23.71858824996607,0.545,8,CD WALL TIDY RED FLOWERS,1.0185896794463958,Regular,Maintain standard replenishment review
71496A,127,80.96000000000001,9,14.11111111111111,20.9311039152528,1.0705555555555555,12,A4 WALL TIDY BLUE OFFICE,1.4833065766714582,Regular,Maintain standard replenishment review
71496B,13,7.37,3,4.333333333333333,3.511884584284246,0.57,4,A4 WALL TIDY RED FLOWERS,0.8104349040655953,Long-Tail,Limit stock and avoid excessive local warehouse space
71510,52,36.519999999999996,6,8.666666666666666,8.477420991472975,0.7966666666666667,8,SQUARE METAL CANDLEHOLDER BASE,0.9781639605545741,Long-Tail,Limit stock and avoid excessive local warehouse space
72024U,72,15.120000000000001,2,36.0,16.97056274847714,0.21,3,LILAC VOTIVE CANDLE,0.4714045207910316,Long-Tail,Limit stock and avoid excessive local warehouse space
72051S,130,89.53,5,26.0,29.50423698386386,0.6513333333333333,13,BAG OF SILVER STONES,1.1347783455332254,Regular,Maintain standard replenishment review
72122,324,335.78999999999996,13,24.923076923076923,19.141845689751456,1.1288942307692307,61,COFFEE SCENT PILLAR CANDLE,0.7680370184159535,Regular,Maintain standard replenishment review
72127,169,210.61,10,16.9,21.486171263292945,1.2630357142857143,30,COLUMBIAN CANDLE ROUND,1.2713710806682217,Regular,Maintain standard replenishment review
72128,193,152.04999999999998,11,17.545454545454547,17.48349871372224,0.9278636363636363,36,COLUMBIAN CANDLE ROUND,0.9964688386059308,Regular,Maintain standard replenishment review
72130,219,133.34,10,21.9,20.28381949568013,0.7194166666666667,27,COLUMBIAN CANDLE ROUND,0.9262018034557138,Regular,Maintain standard replenishment review
72131,136,236.39999999999998,9,15.11111111111111,32.53246242003687,1.9300000000000002,18,COLUMBIAN CANDLE RECTANGLE,2.15288354250244,Regular,Maintain standard replenishment review
72132,28,54.599999999999994,6,4.666666666666667,5.278888771954441,1.95,12,COLUMBIAN CUBE CANDLE,1.1311904511330944,Long-Tail,Limit stock and avoid excessive local warehouse space
72133,45,63.51,9,5.0,2.179449471770337,1.3844444444444446,16,COLUMBIAN CANDLE RECTANGLE,0.4358898943540674,Long-Tail,Limit stock and avoid excessive local warehouse space
72134,105,58.62,9,11.666666666666666,17.97220075561143,0.9983333333333333,11,COLUMBIAN  CUBE CANDLE,1.5404743504809797,Regular,Maintain standard replenishment review
72140E,31,26.349999999999998,5,6.2,3.1144823004794873,0.85,8,BEST DAD CANDLE LETTERS,0.5023358549160463,Long-Tail,Limit stock and avoid excessive local warehouse space
72225C,624,165.6,10,62.4,46.92121055556858,0.27799999999999997,17,LAVENDER SCENT CAKE CANDLE,0.7519424768520606,Regular,Maintain standard replenishment review
72232,3317,630.23,13,255.15384615384616,352.3622298511023,0.18999999999999997,65,FENG SHUI PILLAR CANDLE,1.3809794959494512,High-Turnover Volatile,Monitor closely and replenish in smaller batches
72349B,729,1486.69,13,56.07692307692308,51.886834454836325,2.42085754985755,114,SET/6 PURPLE BUTTERFLY T-LIGHTS,0.9252796267666286,Regular,Maintain standard replenishment review
72349b,159,658.51,11,14.454545454545455,6.743346889544337,4.137272727272727,82,SET/6 PURPLE BUTTERFLY T-LIGHTS,0.46652085399363336,Regular,Maintain standard replenishment review
72351A,1264,2498.75,13,97.23076923076923,88.33190613264067,2.2738485065713574,153,SET/6 TURQUOISE BUTTERFLY T-LIGHTS,0.9084768826932981,Regular,Maintain standard replenishment review
72351B,2096,4007.85,13,161.23076923076923,133.11596062966672,2.3535773175542407,186,SET/6 PINK  BUTTERFLY T-LIGHTS,0.8256238016152994,High-Revenue Priority,Prioritize inventory monitoring and avoid stockouts
72351a,15,62.269999999999996,7,2.142857142857143,1.2149857925879117,4.1414285714285715,12,SET/6 TURQUOISE BUTTERFLY T-LIGHTS,0.5669933698743588,Long-Tail,Limit stock and avoid excessive local warehouse space
72369A,30,39.92,5,6.0,7.035623639735144,1.734,5,PINK CLEAR GLASS CANDLE PLATE,1.1726039399558574,Long-Tail,Limit stock and avoid excessive local warehouse space
72586,691,317.83,12,57.583333333333336,120.13814649154632,0.7363505434782609,83,SET OF 6 HALLOWEEN GHOST T-LIGHTS,2.086335394932787,Regular,Maintain standard replenishment review
72598,607,605.89,13,46.69230769230769,66.31036195470585,1.3208898207056103,93,SET/12 TAPER CANDLES,1.4201560220941944,Regular,Maintain standard replenishment review
72709,44,37.4,6,7.333333333333333,6.153589738247641,0.85,7,IVORY SCULPTED RND CANDLE,0.8391258733974056,Long-Tail,Limit stock and avoid excessive local warehouse space
72741,5958,8196.0,13,458.3076923076923,294.97242374369637,1.582835556256609,292,GRAND CHOCOLATECANDLE,0.6436122035360948,High-Revenue Priority,Prioritize inventory monitoring and avoid stockouts
72760B,409,4145.389999999999,13,31.46153846153846,20.53296286712086,11.313095579858736,153,VINTAGE CREAM 3 BASKET CAKE STAND,0.6526369615466289,High-Revenue Priority,Prioritize inventory monitoring and avoid stockouts
72780,137,116.45,12,11.416666666666666,6.3883179367190275,0.85,20,BLACK SILOUETTE CANDLE PLATE,0.5595606951870681,Regular,Maintain standard replenishment review
72783,16,33.6,2,8.0,5.656854249492381,2.1,2,BLACK SIL'T SQU CANDLE PLATE,0.7071067811865476,Long-Tail,Limit stock and avoid excessive local warehouse space
72798C,7,11.549999999999999,3,2.3333333333333335,1.5275252316519465,1.6499999999999997,3,SET/4 GARDEN ROSE DINNER CANDLE,0.6546536707079771,Long-Tail,Limit stock and avoid excessive local warehouse space
72799C,81,129.47000000000003,6,13.5,22.9237867726953,2.739166666666667,19,PINK PILLAR CANDLE SILVER FLOCK,1.6980582794589112,Long-Tail,Limit stock and avoid excessive local warehouse space
72799E,451,916.9900000000001,13,34.69230769230769,54.73783672406839,2.968923076923077,76,IVORY PILLAR CANDLE SILVER FLOCK,1.5778090408268048,Regular,Maintain standard replenishment review
72799F,144,421.13,11,13.090909090909092,9.148273557940268,3.0514646464646464,30,IVORY PILLAR CANDLE GOLD FLOCK,0.6988264523426593,Regular,Maintain standard replenishment review
72800B,142,285.7,12,11.833333333333334,17.21433511156714,2.4885042735042733,38,4 PURPLE FLOCK DINNER CANDLES,1.4547325446394768,Regular,Maintain standard replenishment review
72800C,130,259.71999999999997,11,11.818181818181818,14.729685548701857,2.7750688705234157,35,4 PINK DINNER CANDLE SILVER FLOCK,1.2463580079670802,Regular,Maintain standard replenishment review
72800D,87,226.67,12,7.25,5.863988713867347,2.8010416666666664,31,4 BLUE DINNER CANDLES SILVER FLOCK,0.8088260294989444,Long-Tail,Limit stock and avoid excessive local warehouse space
72800E,538,1205.64,13,41.38461538461539,36.50465372510392,2.642649719059221,136,4 IVORY DINNER CANDLES SILVER FLOCK,0.8820827108296486,Regular,Maintain standard replenishment review
72801C,145,180.65,10,14.5,14.493293468206442,1.54425,19,4 ROSE PINK DINNER CANDLES,0.9995374805659615,Regular,Maintain standard replenishment review
72801D,75,113.21,9,8.333333333333334,5.385164807134504,1.6364814814814812,18,4 SKY BLUE DINNER CANDLES,0.6462197768561404,Long-Tail,Limit stock and avoid excessive local warehouse space
72801G,45,57.46,8,5.625,5.604526232048012,1.3004166666666666,13,4 BURGUNDY WINE DINNER CANDLES,0.9963602190307577,Long-Tail,Limit stock and avoid excessive local warehouse space
72801c,39,95.94,12,3.25,2.5628464289109907,2.46,25,4 ROSE PINK DINNER CANDLES,0.7885681319726126,Long-Tail,Limit stock and avoid excessive local warehouse space
72801d,75,184.7,13,5.769230769230769,4.361839179250081,2.463846153846154,44,4 SKY BLUE DINNER CANDLES,0.7560521244033475,Long-Tail,Limit stock and avoid excessive local warehouse space
72802A,323,1329.91,13,24.846153846153847,21.404229153160962,4.669518925518926,63,ROSE SCENT CANDLE IN JEWELLED BOX,0.8614705231922368,Regular,Maintain standard replenishment review
72802B,1028,1993.48,12,85.66666666666667,155.24018536292448,4.1315625,82,OCEAN SCENT CANDLE IN JEWELLED BOX,1.812142241590558,Regular,Maintain standard replenishment review
72802C,1395,2688.19,12,116.25,222.01151690028072,4.502490191290192,105,VANILLA SCENT CANDLE JEWELLED BOX,1.9097764894647804,Regular,Maintain standard replenishment review
72802a,7,58.029999999999994,1,7.0,0.0,8.29,2,ROSE SCENT CANDLE IN JEWELLED BOX,0.0,Long-Tail,Limit stock and avoid excessive local warehouse space
72802c,1,8.29,1,1.0,0.0,8.29,1,VANILLA SCENT CANDLE JEWELLED BOX,0.0,Long-Tail,Limit stock and avoid excessive local warehouse space
72803A,529,722.47,11,48.09090909090909,122.17483746291994,4.260681818181818,41,ROSE SCENT CANDLE JEWELLED DRAWER,2.54049756539153,Regular,Maintain standard replenishment review
72803b,1,8.47,1,1.0,0.0,8.47,1,OCEAN SCENT CANDLE JEWELLED DRAWER,0.0,Long-Tail,Limit stock and avoid excessive local warehouse space
72807A,393,1845.57,12,32.75,30.662755020619812,5.568924908424908,107,SET/3 ROSE CANDLE IN JEWELLED BOX,0.9362673288738874,Regular,Maintain standard replenishment review
72807B,395,1822.21,12,32.916666666666664,28.17948426308284,5.362607885578473,110,SET/3 OCEAN SCENT CANDLE JEWEL BOX,0.8560855978658078,Regular,Maintain standard replenishment review
72807C,721,3145.05,12,60.083333333333336,56.41962639387328,5.160872384315032,157,SET/3 VANILLA SCENTED CANDLE IN BOX,0.9390229080811087,High-Revenue Priority,Prioritize inventory monitoring and avoid stockouts
72807a,8,66.32,2,4.0,4.242640687119285,8.29,5,SET/3 ROSE CANDLE IN JEWELLED BOX,1.0606601717798212,Long-Tail,Limit stock and avoid excessive local warehouse space
72807b,4,33.16,3,1.3333333333333333,0.5773502691896257,8.29,4,SET/3 OCEAN SCENT CANDLE JEWEL BOX,0.4330127018922193,Long-Tail,Limit stock and avoid excessive local warehouse space
72807c,5,41.449999999999996,3,1.6666666666666667,1.1547005383792517,8.29,5,SET/3 VANILLA SCENTED CANDLE IN BOX,0.692820323027551,Long-Tail,Limit stock and avoid excessive local warehouse space
72811,53,78.92999999999999,5,10.6,9.838699100999074,1.585,8,SMALL ZINC/GLASS CANDLEHOLDER,0.9281791604716108,Long-Tail,Limit stock and avoid excessive local warehouse space
72812,34,116.06,7,4.857142857142857,2.6726124191242437,3.695,11,LARGE ZINC GLASS CANDLEHOLDER,0.550243733349109,Long-Tail,Limit stock and avoid excessive local warehouse space
72815,3,15.97,2,1.5,0.7071067811865476,6.11,2,3 WICK CHRISTMAS BRIAR CANDLE,0.47140452079103173,Long-Tail,Limit stock and avoid excessive local warehouse space
72816,892,1005.32,9,99.11111111111111,169.06614418951867,2.216408950617284,69,SET/3 CHRISTMAS DECOUPAGE CANDLES,1.705824324782139,Regular,Maintain standard replenishment review
72817,1212,1232.27,10,121.2,174.70025122414043,1.4583039295741667,161,SET OF 2 CHRISTMAS DECOUPAGE CANDLE,1.4414212147206307,Regular,Maintain standard replenishment review
72818,1845,821.98,7,263.57142857142856,485.68297518129293,1.1463809523809523,76,CHRISTMAS DECOUPAGE CANDLE,1.8426996348341738,Regular,Maintain standard replenishment review
72819,225,509.07,12,18.75,19.955063153358985,2.997240079365079,43,CUPID DESIGN SCENTED CANDLES,1.0642700348458125,Regular,Maintain standard replenishment review
72821,11,18.15,2,5.5,4.949747468305833,1.65,4,CUPID SCENTED CANDLE IN GLASS,0.899954085146515,Long-Tail,Limit stock and avoid excessive local warehouse space
75011,172,138.76,8,21.5,22.897286177311805,0.805,12,BLUE DAISY MOBILE,1.0649900547586886,Regular,Maintain standard replenishment review
75013B,25,41.25,2,12.5,3.5355339059327378,1.65,6,"STRING OF 8 BUTTERFLIES,PINK",0.282842712474619,Long-Tail,Limit stock and avoid excessive local warehouse space
75049L,7102,6812.98,13,546.3076923076923,437.4481654275138,1.7001858716707945,205,LARGE CIRCULAR MIRROR MOBILE,0.8007358702559392,High-Revenue Priority,Prioritize inventory monitoring and avoid stockouts
75131,490,529.21,5,98.0,166.5502927046362,1.7671666666666668,15,METAL TUBE CHIME ON BAMBOO,1.6994927827003694,Regular,Maintain standard replenishment review
75172,93,85.31,4,23.25,40.52468383590426,2.27,8,PAINTED SEA SHELL METAL WINDCHIME,1.7429971542324414,Regular,Maintain standard replenishment review
75178,459,218.86999999999998,8,57.375,74.2850446398389,1.3747916666666666,13,ASSTD COL BUTTERFLY/CRYSTAL W/CHIME,1.2947284468817237,Regular,Maintain standard replenishment review
77079,1,2.12,1,1.0,0.0,2.12,1,DOLPHIN WINDMILL,0.0,Long-Tail,Limit stock and avoid excessive local warehouse space
77101A,387,426.94,4,96.75,161.33892896632233,1.4334375,22,UNION FLAG WINDSOCK,1.6675858291092747,Regular,Maintain standard replenishment review
78033,38,185.3,6,6.333333333333333,5.609515724790035,5.5249999999999995,8,FLAG OF ST GEORGE CHAIR,0.885713009177374,Long-Tail,Limit stock and avoid excessive local warehouse space
78034B,8,15.6,5,1.6,0.8944271909999159,1.95,6,BLUE NETTING STORAGE HANGER,0.5590169943749473,Long-Tail,Limit stock and avoid excessive local warehouse space
78124,198,256.5,7,28.285714285714285,20.483442790981908,1.4642857142857142,18,MAGAZINE RACK GEBRA ASSORTED,0.7241621188730978,Regular,Maintain standard replenishment review
79000,4162,3357.3399999999997,10,416.2,226.4399846905724,0.9706665001665001,125,MOROCCAN TEA GLASS,0.5440653164117549,High-Revenue Priority,Prioritize inventory monitoring and avoid stockouts
79026B,25,10.61,3,8.333333333333334,8.736894948054104,0.6766666666666666,9,"S/4 ICON COASTER,ELVIS LIVES",1.0484273937664925,Long-Tail,Limit stock and avoid excessive local warehouse space
79030D,581,350.22999999999996,11,52.81818181818182,61.22061447228079,2.2254545454545456,47,"TUMBLER, BAROQUE",1.1590822017127171,Regular,Maintain standard replenishment review
79030G,1403,733.4899999999999,7,200.42857142857142,309.3169125362407,3.698189655172414,67,"TUMBLER, NEW ENGLAND",1.5432775393825267,Regular,Maintain standard replenishment review
79051A,823,289.55,12,68.58333333333333,69.87320768016272,0.4182222222222222,41,SMOKEY GREY COLOUR D.O.F. GLASS,1.0188074023839038,Regular,Maintain standard replenishment review
79062D,52,19.4,3,17.333333333333332,9.237604307034012,0.41,4,"RETRO TIN ASHTRAY,REVOLUTIONARY",0.532938710021193,Long-Tail,Limit stock and avoid excessive local warehouse space
79063C,235,43.65,8,29.375,33.92402225141184,0.18875,14,"RETRO PILL BOX KEY CHAIN,THE KING",1.1548603319629562,Regular,Maintain standard replenishment review
79063D,189,35.14,6,31.5,39.17524728703062,0.20833333333333334,11,"RETRO PILL BOX , REVOLUTIONARY",1.2436586440327182,Regular,Maintain standard replenishment review
79066K,783,689.34,13,60.23076923076923,55.827343727713824,1.0699398598196674,146,RETRO MOD TRAY,0.9268907643170877,Regular,Maintain standard replenishment review
79066k,17,27.77,7,2.4285714285714284,1.7182493859684491,1.6342857142857141,10,RETRO MOD TRAY,0.707514453045832,Long-Tail,Limit stock and avoid excessive local warehouse space
79067,172,719.69,1,172.0,0.0,5.865263157894737,38,CORONA MEXICAN TRAY,0.0,Regular,Maintain standard replenishment review
79071B,20,59.0,6,3.3333333333333335,1.96638416050035,2.9500000000000006,11,ENGLISH ROSE METAL WASTE BIN,0.589915248150105,Long-Tail,Limit stock and avoid excessive local warehouse space
79144B,180,103.23,13,13.846153846153847,11.495261007955655,0.7277628205128205,53,PAINTED LIGHTBULB STAR+ MOON,0.8302132950190195,Regular,Maintain standard replenishment review
79144C,152,98.12,13,11.692307692307692,11.84894239573456,0.7778653846153846,51,PAINTED LIGHTBULB RAINBOW DESIGN,1.0133963891088769,Regular,Maintain standard replenishment review
79149B,18,7.56,6,3.0,4.427188724235731,0.42,8,SILICON STAR BULB  BLUE,1.4757295747452437,Long-Tail,Limit stock and avoid excessive local warehouse space
79151B,11,4.62,2,5.5,6.363961030678928,0.42,2,"SILICON CUBE 25W, BLUE",1.1570838237598051,Long-Tail,Limit stock and avoid excessive local warehouse space
79157B,4,3.4,2,2.0,1.4142135623730951,0.85,2,UBO-LIGHT TRIOBASE BLUE,0.7071067811865476,Long-Tail,Limit stock and avoid excessive local warehouse space
79157V,5,4.25,2,2.5,0.7071067811865476,0.85,3,UBO-LIGHT TRIOBASE PURPLE,0.282842712474619,Long-Tail,Limit stock and avoid excessive local warehouse space
79160,444,795.83,12,37.0,59.92419453700726,2.062152777777778,49,HEART SHAPE WIRELESS DOORBELL,1.6195728253245205,Regular,Maintain standard replenishment review
79161A,2,5.9,1,2.0,0.0,2.95,2,ST GEORGE SET OF 10 PARTY LIGHTS,0.0,Long-Tail,Limit stock and avoid excessive local warehouse space
79163,1529,626.55,9,169.88888888888889,151.61665842219023,0.6699999999999999,35,BLACK CHAMPAGNE GLASS,0.8924459946368294,Regular,Maintain standard replenishment review
79164,1666,697.6200000000001,8,208.25,360.92648638113076,0.78375,19,BLACK WINE GLASS,1.733140390785742,Regular,Maintain standard replenishment review
79190A,384,179.36,13,29.53846153846154,24.754176026869303,0.5989865134865135,63,RETRO PLASTIC 70'S TRAY,0.8380320009096378,Regular,Maintain standard replenishment review
79190B,707,288.36,13,54.38461538461539,81.90191131422439,0.5729487179487179,57,RETRO PLASTIC POLKA TRAY,1.505975738451085,Regular,Maintain standard replenishment review
79190D,265,126.98,13,20.384615384615383,11.24380171130196,0.5894358974358974,47,RETRO PLASTIC DAISY TRAY,0.5515827254600962,Regular,Maintain standard replenishment review
79191B,159,138.29999999999998,13,12.23076923076923,7.212880217058996,0.9011538461538462,30,RETRO PLASTIC POLKA TRAY,0.5897323447909871,Regular,Maintain standard replenishment review
79191C,1105,812.53,13,85.0,64.62455673606847,0.8334529914529915,65,RETRO PLASTIC ELEPHANT TRAY,0.7602889027772761,Regular,Maintain standard replenishment review
79191D,35,37.61,8,4.375,3.6620642110310255,1.278125,16,RETRO PLASTIC DAISY TRAY,0.837043248235663,Long-Tail,Limit stock and avoid excessive local warehouse space
79192A,3,3.75,2,1.5,0.7071067811865476,1.25,2,RETRO PLASTIC 70'S TRAY,0.47140452079103173,Long-Tail,Limit stock and avoid excessive local warehouse space
79302M,370,1037.54,12,30.833333333333332,24.51653739949029,3.4306574074074074,62,"ART LIGHTS,FUNK MONKEY",0.7951309426861716,Regular,Maintain standard replenishment review
79321,10302,54096.36,13,792.4615384615385,571.549737611787,7.011669124090107,661,CHILLI LIGHTS,0.721233409915864,High-Revenue Priority,Prioritize inventory monitoring and avoid stockouts
79323B,8,54.0,1,8.0,0.0,6.75,1,BLACK CHERRY LIGHTS,0.0,Long-Tail,Limit stock and avoid excessive local warehouse space
79323P,4,27.0,1,4.0,0.0,6.75,1,PINK CHERRY LIGHTS,0.0,Long-Tail,Limit stock and avoid excessive local warehouse space
79329,12,12.18,2,6.0,0.0,1.015,2,PINK FLOCK GLASS CANDLEHOLDER,0.0,Long-Tail,Limit stock and avoid excessive local warehouse space
79331,26,17.5,2,13.0,9.899494936611665,1.015,3,PINK FLOCK GLASS CANDLEHOLDER,0.7614996105085896,Long-Tail,Limit stock and avoid excessive local warehouse space
79336,36,13.679999999999998,3,12.0,10.392304845413264,0.38000000000000006,3,LIGHT PINK FLOCK GLASS CANDLEHOLDER,0.8660254037844387,Long-Tail,Limit stock and avoid excessive local warehouse space
79337,644,259.96,8,80.5,108.16653826391968,0.618125,10,BLUE FLOCK GLASS CANDLEHOLDER,1.3436837051418593,Regular,Maintain standard replenishment review
79403,95,85.52,10,9.5,6.770032003863301,1.008,15,FROSTED WHITE BASE,0.7126349477750843,Regular,Maintain standard replenishment review
79406,144,34.12,8,18.0,23.591766118106307,0.3725,8,FROSTED WHITE BASE,1.3106536732281282,Regular,Maintain standard replenishment review
81950B,116,33.63999999999999,2,58.0,76.36753236814714,0.29,8,FLOWER BLUE CLOCK WITH SUCKER,1.316681592554261,Regular,Maintain standard replenishment review
81950V,20,8.6,4,5.0,6.733003292241386,0.71,6,FLOWER PURPLE CLOCK W/SUCKER,1.3466006584482773,Long-Tail,Limit stock and avoid excessive local warehouse space
81952B,200,38.0,1,200.0,0.0,0.19,9,ROUND BLUE CLOCK WITH SUCKER,0.0,Regular,Maintain standard replenishment review
81952V,365,69.35,5,73.0,111.66915420114903,0.19,24,ROUND PURPLE CLOCK WITH SUCKER,1.5297144411116306,Regular,Maintain standard replenishment review
81953B,11,2.09,1,11.0,0.0,0.19,3,ROUND BLUE CLOCK WITH SUCKER,0.0,Long-Tail,Limit stock and avoid excessive local warehouse space
81953P,28,5.32,1,28.0,0.0,0.19,3,ROUND ARTICULATED PINK CLOCK W/SUCK,0.0,Long-Tail,Limit stock and avoid excessive local warehouse space
82001S,1582,5750.21,13,121.6923076923077,82.92304124446214,4.351040294547082,127,VINYL RECORD FRAME SILVER,0.6814156360164398,High-Revenue Priority,Prioritize inventory monitoring and avoid stockouts
82001s,122,910.12,6,20.333333333333332,19.33563204725066,7.46,27,VINYL RECORD FRAME SILVER,0.9509327236352784,Regular,Maintain standard replenishment review
82011A,18,67.5,9,2.0,1.0,3.75,12,"BATHROOM SCALES, TROPICAL BEACH",0.5,Long-Tail,Limit stock and avoid excessive local warehouse space
82011B,43,146.85,9,4.777777777777778,4.603742438977711,3.683333333333333,21,BATHROOM SCALES RUBBER DUCKS,0.9635739988558,Long-Tail,Limit stock and avoid excessive local warehouse space
82011C,51,172.05,8,6.375,5.2898150116183515,3.6666666666666665,20,BATHROOM SCALES FOOTPRINTS IN SAND,0.8297749037832708,Long-Tail,Limit stock and avoid excessive local warehouse space
82095,68,356.11,6,11.333333333333334,8.524474568362947,5.251416666666667,30,HEART BUTTONS JEWELLERY BOX,0.752159520737907,Long-Tail,Limit stock and avoid excessive local warehouse space
82482,8986,23057.06,13,691.2307692307693,271.7548386095311,3.116316549640128,1100,WOODEN PICTURE FRAME WHITE FINISH,0.3931463278348435,High-Revenue Priority,Prioritize inventory monitoring and avoid stockouts
82483,2386,15123.92,12,198.83333333333334,77.58377681089279,6.9950155268357435,543,WOOD 2 DRAWER CABINET WHITE FINISH,0.39019502168093606,High-Revenue Priority,Prioritize inventory monitoring and avoid stockouts
82484,6012,35966.92,13,462.46153846153845,285.0595304448456,8.406642001889564,685,WOOD BLACK BOARD ANT WHITE FINISH,0.6163961902499988,High-Revenue Priority,Prioritize inventory monitoring and avoid stockouts
82486,2136,18343.920000000002,13,164.30769230769232,52.31536519893019,9.166612894742862,605,WOOD S/3 CABINET ANT WHITE FINISH,0.3183987582331893,High-Revenue Priority,Prioritize inventory monitoring and avoid stockouts
82494L,6735,19599.49,13,518.0769230769231,277.2199672758264,3.2482007094429033,910,WOODEN FRAME ANTIQUE WHITE,0.5350942204284697,High-Revenue Priority,Prioritize inventory monitoring and avoid stockouts
82494l,264,2211.6,9,29.333333333333332,38.836194458262774,8.315,61,WOODEN FRAME ANTIQUE WHITE,1.3239611747135038,Regular,Maintain standard replenishment review
82551,2918,4542.889999999999,13,224.46153846153845,135.83238162321936,1.7717867016279008,351,LAUNDRY 15C METAL SIGN,0.6051476905763714,High-Revenue Priority,Prioritize inventory monitoring and avoid stockouts
82552,3012,4674.83,13,231.69230769230768,157.47083572066322,1.6841442781784068,364,WASHROOM METAL SIGN,0.6796550014504057,High-Revenue Priority,Prioritize inventory monitoring and avoid stockouts
82567,711,1408.07,13,54.69230769230769,18.272860638045593,2.057998468014305,291,"AIRLINE LOUNGE,METAL SIGN",0.3341029371231965,Regular,Maintain standard replenishment review
82578,2058,1217.85,13,158.30769230769232,69.99450527884864,0.7579024287259581,305,KITCHEN METAL SIGN,0.44214216162538006,High-Turnover Stable,Keep stable local warehouse inventory
82580,5881,3473.21,13,452.38461538461536,150.9787724933202,0.8346779344790516,631,BATHROOM METAL SIGN,0.33373984737513396,High-Revenue Priority,Prioritize inventory monitoring and avoid stockouts
82581,3883,2155.89,13,298.6923076923077,135.97388512467177,0.7318886806360388,405,TOILET METAL SIGN,0.45523062235918954,High-Turnover Stable,Keep stable local warehouse inventory
82582,4365,8858.79,13,335.7692307692308,140.61718354345,2.392153096043322,437,AREA PATROLLED METAL SIGN,0.4187911537376518,High-Revenue Priority,Prioritize inventory monitoring and avoid stockouts
82583,7258,16946.260000000002,13,558.3076923076923,381.3675795990409,3.180373384935789,609,HOT BATHS METAL SIGN,0.6830777810398914,High-Revenue Priority,Prioritize inventory monitoring and avoid stockouts
82599,508,1217.73,6,84.66666666666667,54.32003927342714,2.7162377525252523,141,FANNY'S REST STOPMETAL SIGN,0.6415752670089819,Regular,Maintain standard replenishment review
82600,6013,12833.18,13,462.53846153846155,264.92156555749835,2.5161957405824413,545,NO SINGING METAL SIGN,0.5727557545730049,High-Revenue Priority,Prioritize inventory monitoring and avoid stockouts
82605,14,29.400000000000006,2,7.0,8.48528137423857,2.1,3,OLD DOC RUSSEL METAL SIGN,1.2121830534626528,Long-Tail,Limit stock and avoid excessive local warehouse space
82613A,71,92.38,8,8.875,9.87692115127844,1.4012499999999999,18,"METAL SIGN,CUPCAKE SINGLE HOOK",1.1128925240877114,Long-Tail,Limit stock and avoid excessive local warehouse space
82613B,583,500.24,13,44.84615384615385,69.79833588494566,1.6963417864187096,111,"METAL SIGN,CUPCAKE SINGLE HOOK",1.5563951398015328,Regular,Maintain standard replenishment review
82613C,537,443.38,13,41.30769230769231,71.63028295279474,1.7801389372316974,96,"METAL SIGN,CUPCAKE SINGLE HOOK",1.7340664401980106,Regular,Maintain standard replenishment review
82613D,696,534.24,13,53.53846153846154,108.36021362767747,1.509646223146223,111,METAL SIGN CUPCAKE SINGLE HOOK,2.023969507413516,Regular,Maintain standard replenishment review
82613a,1,2.46,1,1.0,0.0,2.46,1,"METAL SIGN,CUPCAKE SINGLE HOOK",0.0,Long-Tail,Limit stock and avoid excessive local warehouse space
82613b,4,9.94,3,1.3333333333333333,0.5773502691896257,2.4766666666666666,4,"METAL SIGN,CUPCAKE SINGLE HOOK",0.4330127018922193,Long-Tail,Limit stock and avoid excessive local warehouse space
82613c,5,12.399999999999999,3,1.6666666666666667,0.5773502691896257,2.4766666666666666,4,"METAL SIGN,CUPCAKE SINGLE HOOK",0.3464101615137754,Long-Tail,Limit stock and avoid excessive local warehouse space
82615,36,91.8,1,36.0,0.0,2.55,1,PINK MARSHMALLOW SCARF KNITTING KIT,0.0,Long-Tail,Limit stock and avoid excessive local warehouse space
82616B,343,502.74,11,31.181818181818183,29.54934240154316,1.9846017316017317,73,FRAPPUCINO SCARF KNITTING KIT,0.9476465493206261,Regular,Maintain standard replenishment review
82616C,324,501.44,12,27.0,25.544969261000382,2.0374301016702976,85,MIDNIGHT GLAMOUR SCARF KNITTING KIT,0.9461099726296438,Regular,Maintain standard replenishment review
84006,918,848.6999999999999,13,70.61538461538461,87.03499148957128,1.0989338188693027,105,MAGIC TREE -PAPER FLOWERS,1.232521665974321,Regular,Maintain standard replenishment review
84012,1265,1283.99,13,97.3076923076923,109.85170656797933,1.8114945054945055,115,MAGIC SHEEP WOOL GROWING FROM PAPER,1.128910818485163,Regular,Maintain standard replenishment review
84016,27,12.16,2,13.5,16.263455967290593,0.625,2,FLAG OF ST GEORGE CAR FLAG,1.2047004420215255,Long-Tail,Limit stock and avoid excessive local warehouse space
84029E,4734,22025.73,13,364.15384615384613,581.1499872600082,6.104377670363533,429,RED WOOLLY HOTTIE WHITE HEART.,1.595891388757944,High-Revenue Priority,Prioritize inventory monitoring and avoid stockouts
84029G,3319,16148.04,13,255.30769230769232,358.39512287775915,5.748198762458443,459,KNITTED UNION FLAG HOT WATER BOTTLE,1.403777221274742,High-Revenue Priority,Prioritize inventory monitoring and avoid stockouts
84030E,1497,6414.69,13,115.15384615384616,133.70293324745856,5.341539183781259,334,ENGLISH ROSE HOT WATER BOTTLE,1.1610809166445966,High-Revenue Priority,Prioritize inventory monitoring and avoid stockouts
84030e,108,877.76,10,10.8,12.398924684557663,8.474607142857142,41,ENGLISH ROSE HOT WATER BOTTLE,1.1480485819034874,Regular,Maintain standard replenishment review
84031A,430,1959.91,13,33.07692307692308,40.77879665230764,4.443699421063972,165,CHARLIE+LOLA RED HOT WATER BOTTLE,1.232847340651161,Regular,Maintain standard replenishment review
84031B,303,1435.72,13,23.307692307692307,21.30877994076861,4.596665717810454,143,CHARLIE LOLA BLUE HOT WATER BOTTLE,0.9142380832673,Regular,Maintain standard replenishment review
84031a,1,16.63,1,1.0,0.0,16.63,1,CHARLIE+LOLA RED HOT WATER BOTTLE,0.0,Long-Tail,Limit stock and avoid excessive local warehouse space
84031b,1,16.63,1,1.0,0.0,16.63,1,CHARLIE LOLA BLUE HOT WATER BOTTLE,0.0,Long-Tail,Limit stock and avoid excessive local warehouse space
84032A,1003,3384.98,13,77.15384615384616,89.09437520016452,3.4875391981015325,313,CHARLIE+LOLA PINK HOT WATER BOTTLE,1.1547625898326408,High-Revenue Priority,Prioritize inventory monitoring and avoid stockouts
84032B,936,2421.59,13,72.0,99.45015501915185,3.391641972246521,255,CHARLIE + LOLA RED HOT WATER BOTTLE,1.3812521530437758,Regular,Maintain standard replenishment review
84033,23,37.95,6,3.8333333333333335,4.167333280008532,1.6499999999999997,7,FLAG OF ST GEORGE,1.087130420871791,Long-Tail,Limit stock and avoid excessive local warehouse space
84050,3229,4753.53,12,269.0833333333333,266.5890464684731,2.075075136584283,256,PINK HEART SHAPE EGG FRYING PAN,0.9907304297372801,High-Revenue Priority,Prioritize inventory monitoring and avoid stockouts
84051,281,215.20999999999998,11,25.545454545454547,38.11919106267508,0.9161363636363636,25,ASS COLOUR GLOWING TIARAS,1.492210326296889,Regular,Maintain standard replenishment review
84077,54951,13814.009999999998,13,4227.0,2547.644369478074,0.31612119412891526,535,WORLD WAR 2 GLIDERS ASSTD DESIGNS,0.6027074448729771,High-Revenue Priority,Prioritize inventory monitoring and avoid stockouts
84078A,415,16363.300000000001,13,31.923076923076923,17.187502913752667,45.8198718523809,155,SET/4 WHITE RETRO STORAGE CUBES,0.5384037057320112,High-Revenue Priority,Prioritize inventory monitoring and avoid stockouts
84086B,16,47.2,6,2.6666666666666665,2.1602468994692865,2.9500000000000006,7,YELLOW/BLUE RETRO RADIO,0.8100925873009824,Long-Tail,Limit stock and avoid excessive local warehouse space
84086C,218,622.27,10,21.8,23.625786289090524,3.276608695652174,53,PINK/PURPLE RETRO RADIO,1.0837516646371799,Regular,Maintain standard replenishment review
84192,111,138.75,10,11.1,9.503800409426864,1.25,25,ASSORTED COLOUR METAL CAT,0.8561982350835012,Regular,Maintain standard replenishment review
84199,138,28.98,11,12.545454545454545,13.246611916740344,0.21,31,GLOW IN DARK DOLPHINS,1.0558893556822013,Regular,Maintain standard replenishment review
84201B,13,2.4699999999999998,2,6.5,7.7781745930520225,0.19,2,HAPPY BIRTHDAY CARD STRIPEY TEDDY,1.1966422450849266,Long-Tail,Limit stock and avoid excessive local warehouse space
84201C,5,0.95,1,5.0,0.0,0.19,1,HAPPY BIRTHDAY CARD TEDDY/CAKE,0.0,Long-Tail,Limit stock and avoid excessive local warehouse space
84206A,24,4.5600000000000005,2,12.0,8.48528137423857,0.19,3,3 BLACK CATS W HEARTS BLANK CARD,0.7071067811865475,Long-Tail,Limit stock and avoid excessive local warehouse space
84206B,5,0.95,1,5.0,0.0,0.19,1,CAT WITH SUNGLASSES BLANK CARD,0.0,Long-Tail,Limit stock and avoid excessive local warehouse space
84206C,8,1.52,2,4.0,1.4142135623730951,0.19,2,CHAMPAGNE TRAY BLANK CARD,0.3535533905932738,Long-Tail,Limit stock and avoid excessive local warehouse space
84212,10315,4934.87,13,793.4615384615385,525.0140657456419,0.8510826103720841,111,"ASSORTED FLOWER COLOUR ""LEIS""",0.6616755069988701,High-Revenue Priority,Prioritize inventory monitoring and avoid stockouts
84218,123,223.11,3,41.0,32.07802986469088,1.9033333333333333,41,BOX/12 CHICK & EGG IN BASKET,0.7823909723095337,Regular,Maintain standard replenishment review
84226,51,36.21,5,10.2,13.442470011125188,0.808,10,HEN HOUSE W FAMILY IN BARN & NEST,1.3178892167769793,Long-Tail,Limit stock and avoid excessive local warehouse space
84227,1,0.42,1,1.0,0.0,0.42,1,HEN HOUSE W CHICK IN NEST,0.0,Long-Tail,Limit stock and avoid excessive local warehouse space
84228,297,124.08999999999999,6,49.5,54.47476479985939,0.5297692307692308,27,HEN HOUSE W CHICK STANDING,1.1005002989870585,Regular,Maintain standard replenishment review
84231,108,72.63,5,21.6,14.976648490233053,0.7094,20,EASTER BUNNY WITH BASKET ON BACK,0.693363356029308,Regular,Maintain standard replenishment review
84247E,140,384.09000000000003,7,20.0,18.672618098881227,2.7344444444444447,48,PACK/12 XMAS FUN CARD,0.9336309049440613,Regular,Maintain standard replenishment review
84247G,357,158.63,8,44.625,23.445605741192285,0.4948958333333333,32,"DECOUPAGE,GREETING CARD,",0.5253917252928243,Regular,Maintain standard replenishment review
84247K,22,64.9,7,3.142857142857143,3.9761191895520196,2.95,9,"FOLK ART GREETING CARD,PACK/12",1.265128833039279,Long-Tail,Limit stock and avoid excessive local warehouse space
84247L,128,62.059999999999995,4,32.0,40.39801975344831,0.7176666666666667,19,FAWN AND MUSHROOM GREETING CARD,1.2624381172952597,Regular,Maintain standard replenishment review
84247N,22,64.9,9,2.4444444444444446,1.0137937550497034,2.9500000000000006,18,PACK/12 BLUE FOLKART CARDS,0.41473380888396955,Long-Tail,Limit stock and avoid excessive local warehouse space
84249A,174,80.46,13,13.384615384615385,15.190668525657792,0.7038461538461539,27,"GREETING CARD,SQUARE, DOUGHNUTS",1.1349350047905247,Regular,Maintain standard replenishment review
84251B,245,70.78,10,24.5,18.869434425958705,0.40728333333333333,53,"GREETING CARD, STICKY GORDON",0.7701809969779063,Regular,Maintain standard replenishment review
84251C,127,53.88,8,15.875,29.887587007700322,0.6235185185185185,40,"GREETING CARD, TWO SISTERS.",1.882682646154351,Regular,Maintain standard replenishment review
84251G,270,74.7,11,24.545454545454547,20.39295778627336,0.4710349821746881,53,"GREETING CARD, OVERCROWDED POOL.",0.8308242061074331,Regular,Maintain standard replenishment review
84270,17,3.5700000000000003,1,17.0,0.0,0.21,4,ASSTD DESIGN BUBBLE GUM RING,0.0,Long-Tail,Limit stock and avoid excessive local warehouse space
84279B,192,774.7,5,38.4,21.651789764358973,4.522844444444445,69,CHERRY BLOSSOM DECORATIVE FLASK,0.5638486917801816,Regular,Maintain standard replenishment review
84279P,377,1565.71,13,29.0,15.59914527573012,4.9034571347455955,126,CHERRY BLOSSOM  DECORATIVE FLASK,0.5379015612320731,Regular,Maintain standard replenishment review
84306,10,88.22,2,5.0,2.8284271247461903,9.145,9,S/3 PINK SQUARE PLANTERS ROSES,0.565685424949238,Long-Tail,Limit stock and avoid excessive local warehouse space
84313B,127,518.61,5,25.4,19.844394674567425,5.351946666666667,39,BLUE TV TRAY TABLE,0.7812753808884814,Regular,Maintain standard replenishment review
84313C,504,1165.9099999999999,7,72.0,79.68479570574719,3.83406162464986,43,ORANGE TV TRAY TABLE,1.1067332736909332,Regular,Maintain standard replenishment review
84341B,645,282.38,7,92.14285714285714,97.58659158482203,0.7182993197278912,40,SMALL PINK MAGIC CHRISTMAS TREE,1.0590792885174485,Regular,Maintain standard replenishment review
84347,9461,26425.579999999998,13,727.7692307692307,1057.0661563849062,3.7347788864055165,449,ROTATING SILVER ANGELS T-LIGHT HLDR,1.4524743719483968,High-Revenue Priority,Prioritize inventory monitoring and avoid stockouts
84352,34,577.35,6,5.666666666666667,3.777124126457412,17.11759259259259,23,SILVER CHRISTMAS TREE BAUBLE STAND,0.6665513164336608,Long-Tail,Limit stock and avoid excessive local warehouse space
84356,424,2124.15,13,32.61538461538461,27.560655717702794,6.223775303643725,82,POMPOM CURTAIN,0.8450201045522083,Regular,Maintain standard replenishment review
84358,33,312.7,8,4.125,2.5877458475338284,9.90625,13,FLOOR LAMP SHADE WOOD BASE,0.6273323266748675,Long-Tail,Limit stock and avoid excessive local warehouse space
84360,78,434.12,10,7.8,12.136263382478516,6.464166666666666,20,TABLE LAMP WHITE SHADE WOOD BASE,1.555931202881861,Long-Tail,Limit stock and avoid excessive local warehouse space
84375,4311,9383.15,13,331.61538461538464,189.75622012709644,2.5106907436573547,517,SET OF 20 KIDS COOKIE CUTTERS,0.5722177828003372,High-Revenue Priority,Prioritize inventory monitoring and avoid stockouts
84378,6332,8518.4,13,487.0769230769231,375.4134302202621,1.6308539697038842,685,SET OF 3 HEART COOKIE CUTTERS,0.7707477247099506,High-Revenue Priority,Prioritize inventory monitoring and avoid stockouts
84380,5799,8153.56,13,446.0769230769231,148.10832833800038,1.7111353151146518,688,SET OF 3 BUTTERFLY COOKIE CUTTERS,0.3320241883762726,High-Revenue Priority,Prioritize inventory monitoring and avoid stockouts
84387A,11,21.45,1,11.0,0.0,1.95,1,BIRD ON BRANCH CANVAS SCREEN,0.0,Long-Tail,Limit stock and avoid excessive local warehouse space
84388,24,13.14,3,8.0,11.269427669584644,1.2299999999999998,6,WISE MAN STAR SHAPE EGG PAN,1.4086784586980805,Long-Tail,Limit stock and avoid excessive local warehouse space
84402B,61,48.19,1,61.0,0.0,0.79,3,PURPLE DRESS JEWELLERY STAND,0.0,Long-Tail,Limit stock and avoid excessive local warehouse space
84406B,2015,7653.17,13,155.0,109.57417578973615,4.434537378539701,284,CREAM CUPID HEARTS COAT HANGER,0.7069301663853945,High-Revenue Priority,Prioritize inventory monitoring and avoid stockouts
84415A,12,15.0,1,12.0,0.0,1.25,2,PINK FLOCK SUEDE CUSHION COVER,0.0,Long-Tail,Limit stock and avoid excessive local warehouse space
84415B,8,20.0,3,2.6666666666666665,1.1547005383792517,2.9166666666666665,3,BLUE FLOCK CUSHION COVER,0.4330127018922194,Long-Tail,Limit stock and avoid excessive local warehouse space
84422,566,244.17000000000002,8,70.75,186.04281381291935,1.0808333333333333,15,PINK/BLUE DISC/MIRROR STRING,2.6295804072497435,Regular,Maintain standard replenishment review
84429A,54,182.5,12,4.5,4.358898943540674,3.9561111111111114,21,MEDIUM PINK BUDDHA HEAD,0.9686442096757053,Long-Tail,Limit stock and avoid excessive local warehouse space
84452,74,62.89999999999999,4,18.5,5.066228051190222,0.85,16,METAL RABBIT LADDER EASTER,0.27385016492920117,Long-Tail,Limit stock and avoid excessive local warehouse space
84457,126,112.56,7,18.0,19.6468827043885,1.0264285714285715,26,SET/3 RABBITS FLOWER SKIPPPING ROPE,1.0914934835771388,Regular,Maintain standard replenishment review
84459A,716,1058.18,10,71.6,98.79406189982609,2.3115684838037778,91,PINK METAL CHICKEN HEART,1.379805333796454,Regular,Maintain standard replenishment review
84459B,721,1079.67,5,144.2,103.04222435487308,2.0883853238265004,91,YELLOW METAL CHICKEN HEART,0.7145785322806734,Regular,Maintain standard replenishment review
84461,41,104.55,4,10.25,10.750968948580091,2.55,14,12 PINK HEN+CHICKS IN BASKET,1.0488750193736673,Long-Tail,Limit stock and avoid excessive local warehouse space
84462,12,15.0,4,3.0,1.632993161855452,1.25,6,3 PINK HEN+CHICKS IN BASKET,0.5443310539518174,Long-Tail,Limit stock and avoid excessive local warehouse space
84465,10,29.500000000000004,4,2.5,2.3804761428476167,2.95,7,15 PINK FLUFFY CHICKS IN BOX,0.9521904571390467,Long-Tail,Limit stock and avoid excessive local warehouse space
84466,46,57.5,6,7.666666666666667,11.16542281629615,1.25,10,TOP SECRET PEN SET,1.4563594977777587,Long-Tail,Limit stock and avoid excessive local warehouse space
84497,13,48.75,5,2.6,2.073644135332772,3.75,7,BUTTONS AND STRIPES NOTEBOOK,0.7975554366664507,Long-Tail,Limit stock and avoid excessive local warehouse space
84499,7,5.949999999999999,2,3.5,3.5355339059327378,0.85,2,BLACK FLOWER CANDLE PLATE,1.0101525445522108,Long-Tail,Limit stock and avoid excessive local warehouse space
84507B,39,118.72999999999999,9,4.333333333333333,2.8284271247461903,3.10787037037037,22,STRIPES DESIGN MONKEY DOLL,0.6527139518645055,Long-Tail,Limit stock and avoid excessive local warehouse space
84507C,66,175.73,9,7.333333333333333,5.477225575051661,2.732222222222222,28,BLUE CIRCLES DESIGN MONKEY DOLL,0.7468943965979539,Long-Tail,Limit stock and avoid excessive local warehouse space
84508A,1631,3448.05,10,163.1,119.7640736336792,2.41125,36,CAMOUFLAGE DESIGN TEDDY,0.734298428164802,High-Revenue Priority,Prioritize inventory monitoring and avoid stockouts
84508B,56,142.8,11,5.090909090909091,2.3432688900143517,2.55,30,STRIPES DESIGN TEDDY,0.46028496053853335,Long-Tail,Limit stock and avoid excessive local warehouse space
84508C,56,154.95,12,4.666666666666667,4.923659639173309,3.190138888888889,25,BLUE CIRCLES DESIGN TEDDY,1.0550699226799947,Long-Tail,Limit stock and avoid excessive local warehouse space
84509A,896,3417.28,13,68.92307692307692,49.44266298528957,4.709777341531162,230,SET OF 4 ENGLISH ROSE PLACEMATS,0.7173600656347818,High-Revenue Priority,Prioritize inventory monitoring and avoid stockouts
84509B,217,806.04,13,16.692307692307693,13.870740279359135,3.895744704570792,79,SET OF 4 FAIRY CAKE PLACEMATS,0.8309660075192108,Regular,Maintain standard replenishment review
84509C,130,498.94,13,10.0,9.255628917943215,4.657102564102564,51,SET OF 4 POLKADOT PLACEMATS,0.9255628917943215,Regular,Maintain standard replenishment review
84509E,91,183.45,9,10.11111111111111,9.930312739844155,3.6470987654320988,23,SET OF 4 CAROUSEL PLACEMATS,0.9821188424021692,Regular,Maintain standard replenishment review
84509G,517,950.49,12,43.083333333333336,69.134201946561,3.2906898656898655,66,SET OF 4 FAIRY CAKE PLACEMATS,1.6046623275797525,Regular,Maintain standard replenishment review
84509a,104,775.84,11,9.454545454545455,4.058660773300384,7.46,68,SET OF 4 ENGLISH ROSE PLACEMATS,0.42928142794523294,Regular,Maintain standard replenishment review
84509b,5,37.3,4,1.25,0.5,7.46,4,SET OF 4 FAIRY CAKE PLACEMATS,0.4,Long-Tail,Limit stock and avoid excessive local warehouse space
84509c,43,322.21999999999997,11,3.909090909090909,3.0480992587035436,7.474545454545455,27,SET OF 4 POLKADOT PLACEMATS,0.7797463219939298,Long-Tail,Limit stock and avoid excessive local warehouse space
84509g,2,14.92,1,2.0,0.0,7.46,2,SET OF 4 FAIRY CAKE PLACEMATS,0.0,Long-Tail,Limit stock and avoid excessive local warehouse space
84510A,1196,1630.32,13,92.0,39.22584182228174,1.7317538194478599,239,SET OF 4 ENGLISH ROSE COASTERS,0.4263678458943667,Regular,Maintain standard replenishment review
84510C,132,211.33,13,10.153846153846153,8.91483925678747,1.744249084249084,54,SET OF 4 POLKADOT COASTERS,0.8779765934714934,Regular,Maintain standard replenishment review
84510E,34,48.29,10,3.4,2.7568097504180447,1.6568333333333332,16,SET OF 4 GREEN CAROUSEL COASTERS,0.8108263971817778,Long-Tail,Limit stock and avoid excessive local warehouse space
84510a,53,130.48,7,7.571428571428571,5.533448076836686,2.467142857142857,40,SET OF 4 ENGLISH ROSE COASTERS,0.7308327648652228,Long-Tail,Limit stock and avoid excessive local warehouse space
84510c,40,98.7,10,4.0,3.9157800414902435,2.465,23,SET OF 4 POLKADOT COASTERS,0.9789450103725609,Long-Tail,Limit stock and avoid excessive local warehouse space
84510e,1,2.46,1,1.0,0.0,2.46,1,SET OF 4 GREEN CAROUSEL COASTERS,0.0,Long-Tail,Limit stock and avoid excessive local warehouse space
84519A,512,905.55,13,39.38461538461539,31.076621603005854,2.8528076923076924,88,TOMATO CHARLIE+LOLA COASTER SET,0.7890548453888204,Regular,Maintain standard replenishment review
84519B,471,773.3,13,36.23076923076923,28.446305694980985,2.6434373034373033,126,CARROT CHARLIE+LOLA COASTER SET,0.7851421954028721,Regular,Maintain standard replenishment review
84520B,554,508.37,4,138.5,126.46343345014795,1.084935665330402,80,PACK 20 ENGLISH ROSE PAPER NAPKINS,0.9130933823115375,Regular,Maintain standard replenishment review
84522,20,36.76,8,2.5,2.0,1.878,12,PINK PARTY SUNGLASSES,0.8,Long-Tail,Limit stock and avoid excessive local warehouse space
84527,52,95.09999999999998,6,8.666666666666666,10.4626319187223,2.2616666666666667,8,FLAMES SUNGLASSES PINK LENSES,1.2072267598525732,Long-Tail,Limit stock and avoid excessive local warehouse space
84531A,147,76.69,4,36.75,43.161518354509575,1.1883333333333332,29,PINK KNITTED EGG COSY,1.174463084476451,Regular,Maintain standard replenishment review
84531B,155,85.61,4,38.75,40.74616546375867,1.208125,28,BLUE KNITTED EGG COSY,1.0515139474518367,Regular,Maintain standard replenishment review
84534B,53,50.72,2,26.5,36.062445840513924,1.075,10,FAIRY CAKE NOTEBOOK A5 SIZE,1.360847012849582,Long-Tail,Limit stock and avoid excessive local warehouse space
84534b,2,3.32,1,2.0,0.0,1.66,2,FAIRY CAKE NOTEBOOK A5 SIZE,0.0,Long-Tail,Limit stock and avoid excessive local warehouse space
84535A,399,186.56,3,133.0,208.9282173379173,0.6773611111111112,21,ENGLISH ROSE NOTEBOOK A6 SIZE,1.5708888521647917,Regular,Maintain standard replenishment review
84535B,1332,850.2,13,102.46153846153847,79.94437168495706,0.909703663003663,155,FAIRY CAKES NOTEBOOK A6 SIZE,0.7802378617901214,Regular,Maintain standard replenishment review
84536A,3138,1409.8999999999999,13,241.3846153846154,127.49283539447649,0.5475914458361092,341,ENGLISH ROSE NOTEBOOK A7 SIZE,0.5281729955794118,High-Turnover Stable,Keep stable local warehouse inventory
84536B,2102,888.14,13,161.69230769230768,161.0628162215934,0.5708830367533515,178,FAIRY CAKES NOTEBOOK A7 SIZE,0.9961068557948214,High-Turnover Stable,Keep stable local warehouse inventory
84536a,14,11.06,2,7.0,7.0710678118654755,0.79,4,ENGLISH ROSE NOTEBOOK A7 SIZE,1.0101525445522108,Long-Tail,Limit stock and avoid excessive local warehouse space
84536b,5,4.050000000000001,1,5.0,0.0,0.81,1,FAIRY CAKES NOTEBOOK A7 SIZE,0.0,Long-Tail,Limit stock and avoid excessive local warehouse space
84539,26,42.9,2,13.0,4.242640687119285,1.65,2,KNITTED RABBIT DOLL,0.32635697593225266,Long-Tail,Limit stock and avoid excessive local warehouse space
84548,22,36.3,3,7.333333333333333,5.507570547286102,1.6499999999999997,4,CROCHET BEAR RED/BLUE  KEYRING,0.7510323473571958,Long-Tail,Limit stock and avoid excessive local warehouse space
84549,38,69.38,6,6.333333333333333,9.070097390142328,2.5733333333333337,7,CROCHET WHITE RABBIT KEYRING,1.4321206405487887,Long-Tail,Limit stock and avoid excessive local warehouse space
84550,1,1.65,1,1.0,0.0,1.65,1,CROCHET LILAC/RED BEAR KEYRING,0.0,Long-Tail,Limit stock and avoid excessive local warehouse space
84551,13,21.449999999999996,2,6.5,7.7781745930520225,1.65,2,CROCHET DOG KEYRING,1.1966422450849266,Long-Tail,Limit stock and avoid excessive local warehouse space
84558A,333,987.4100000000001,12,27.75,22.631936405322136,3.071805555555556,81,3D DOG PICTURE PLAYING CARDS,0.8155652758674644,Regular,Maintain standard replenishment review
84558a,5,29.310000000000002,3,1.6666666666666667,1.1547005383792517,5.830000000000001,5,3D DOG PICTURE PLAYING CARDS,0.692820323027551,Long-Tail,Limit stock and avoid excessive local warehouse space
84559A,397,375.60999999999996,13,30.53846153846154,20.686611550369904,1.1343969363969364,94,3D SHEET OF DOG STICKERS,0.6773953404403242,Regular,Maintain standard replenishment review
84559B,237,217.29,12,19.75,18.370554502444197,0.9173161764705883,55,3D SHEET OF CAT STICKERS,0.9301546583516049,Regular,Maintain standard replenishment review
84559a,29,48.379999999999995,6,4.833333333333333,3.188521078284832,1.6649999999999998,22,3D SHEET OF DOG STICKERS,0.6596940161968619,Long-Tail,Limit stock and avoid excessive local warehouse space
84559b,23,38.33,8,2.875,1.807721533549109,1.6637499999999998,20,3D SHEET OF CAT STICKERS,0.6287727073214292,Long-Tail,Limit stock and avoid excessive local warehouse space
84562A,3,23.85,2,1.5,0.7071067811865476,7.95,3,PINK/WHITE RIBBED MELAMINE JUG,0.47140452079103173,Long-Tail,Limit stock and avoid excessive local warehouse space
84563A,96,369.84000000000003,6,16.0,13.266499161421597,5.873562091503268,35,PINK & WHITE BREAKFAST TRAY,0.8291561975888498,Regular,Maintain standard replenishment review
84563B,94,346.3,7,13.428571428571429,11.487052753094718,4.398534798534799,38,BLUE & WHITE BREAKFAST TRAY,0.8554188220389684,Regular,Maintain standard replenishment review
84568,12442,2678.33,13,957.0769230769231,1052.070455620603,0.38820173727238944,147,GIRLS ALPHABET IRON ON PATCHES,1.0992538115309307,High-Turnover Volatile,Monitor closely and replenish in smaller batches
84569A,294,355.84,13,22.615384615384617,12.678975126421308,1.4441236802413273,65,PACK 3 IRON ON DOG PATCHES,0.5606349545696496,Regular,Maintain standard replenishment review
84569B,85,118.4,4,21.25,11.324751652906125,1.760892857142857,19,PACK 3 FIRE ENGINE/CAR PATCHES,0.5329294895485235,Long-Tail,Limit stock and avoid excessive local warehouse space
84569C,1,1.25,1,1.0,0.0,1.25,1,PACK 4 FLOWER/BUTTERFLY PATCHES,0.0,Long-Tail,Limit stock and avoid excessive local warehouse space
84569D,467,560.62,13,35.92307692307692,30.00961384418205,1.6885030525030527,98,PACK 6 HEART/ICE-CREAM PATCHES,0.8353853960907209,Regular,Maintain standard replenishment review
84575A,14,39.3,3,4.666666666666667,5.507570547286102,4.616666666666666,4,PINK DOG CANNISTER,1.1801936887041646,Long-Tail,Limit stock and avoid excessive local warehouse space
84576,66,148.32,4,16.5,10.082988974836116,2.7246785714285715,17,BLUE CAT BISCUIT BARREL PINK HEART,0.6110902408991585,Long-Tail,Limit stock and avoid excessive local warehouse space
84580,389,1482.43,13,29.923076923076923,17.466451359017466,3.8439525890775887,165,MOUSE TOY WITH PINK T-SHIRT,0.5837117420751338,Regular,Maintain standard replenishment review
84581,187,709.71,13,14.384615384615385,10.71244184378194,3.8541488903253613,90,DOG TOY WITH PINK CROCHET SKIRT,0.7447152083912578,Regular,Maintain standard replenishment review
84584,144,314.51,8,18.0,16.681897802279998,2.5650416666666667,30,PINK GINGHAM CAT WITH SCARF,0.9267721001266666,Regular,Maintain standard replenishment review
84592,76,241.24,10,7.6,4.1952353926806065,3.7073333333333336,22,CROCHET ROSE PURSE WITH SUEDE BACK,0.5520046569316588,Long-Tail,Limit stock and avoid excessive local warehouse space
84593,5,14.750000000000002,1,5.0,0.0,2.95,1,CROCHET ROSE DES CLOTHES HANGER,0.0,Long-Tail,Limit stock and avoid excessive local warehouse space
84595E,78,154.67999999999998,7,11.142857142857142,18.479074394465503,3.1142176870748304,22,LARGE TORTILLA DESIGN RED BOWL,1.6583784712981862,Long-Tail,Limit stock and avoid excessive local warehouse space
84596B,5023,2547.42,13,386.38461538461536,223.67108979538773,0.7355266176069784,522,SMALL DOLLY MIX DESIGN ORANGE BOWL,0.5788819763766754,High-Turnover Stable,Keep stable local warehouse inventory
84596E,564,411.68,5,112.8,65.70920787834837,1.0547874194770746,79,SMALL LICORICE DES PINK BOWL,0.5825284386378401,Regular,Maintain standard replenishment review
84596F,3732,1943.6200000000001,13,287.0769230769231,164.81275311620635,0.7482399946455905,435,SMALL MARSHMALLOWS PINK BOWL,0.5741065890971818,High-Turnover Stable,Keep stable local warehouse inventory
84596G,1855,949.08,13,142.69230769230768,98.59038544687866,0.7162147946718677,245,SMALL CHOCOLATES PINK BOWL,0.6909299249646483,High-Turnover Stable,Keep stable local warehouse inventory
84596J,568,296.45,6,94.66666666666667,105.66677181908543,1.0466812169312167,68,MIXED NUTS LIGHT GREEN BOWL,1.1161982938635784,Regular,Maintain standard replenishment review
84596L,1254,629.38,10,125.4,108.08247879384625,0.8100916750882583,172,BISCUITS SMALL BOWL LIGHT BLUE,0.8619017447675139,Regular,Maintain standard replenishment review
84596b,7,17.57,1,7.0,0.0,2.51,5,SMALL DOLLY MIX DESIGN ORANGE BOWL,0.0,Long-Tail,Limit stock and avoid excessive local warehouse space
84596e,10,25.1,1,10.0,0.0,2.51,6,SMALL LICORICE DES PINK BOWL,0.0,Long-Tail,Limit stock and avoid excessive local warehouse space
84596f,16,39.36,6,2.6666666666666665,1.0327955589886444,2.46,12,SMALL MARSHMALLOWS PINK BOWL,0.38729833462074165,Long-Tail,Limit stock and avoid excessive local warehouse space
84596g,3,7.38,1,3.0,0.0,2.46,1,SMALL CHOCOLATES PINK BOWL,0.0,Long-Tail,Limit stock and avoid excessive local warehouse space
84596l,1,2.46,1,1.0,0.0,2.46,1,BISCUITS SMALL BOWL LIGHT BLUE,0.0,Long-Tail,Limit stock and avoid excessive local warehouse space
84597B,41,51.25,5,8.2,5.215361924162119,1.25,5,RETRO BROWN BALL ASHTRAY,0.636019746849039,Long-Tail,Limit stock and avoid excessive local warehouse space
84597C,46,57.5,7,6.571428571428571,7.546680127869536,1.25,13,RETRO PINK BALL ASHTRAY,1.1484078455453641,Long-Tail,Limit stock and avoid excessive local warehouse space
84598,1975,546.04,13,151.92307692307693,164.09471936377759,0.3702115384615384,99,BOYS ALPHABET IRON ON PATCHES,1.0801171401160043,High-Turnover Volatile,Monitor closely and replenish in smaller batches
84600,53,446.89,11,4.818181818181818,4.445631154699675,9.966969696969697,25,NEW BAROQUE JEWELLERY BOX,0.9226781641829513,Long-Tail,Limit stock and avoid excessive local warehouse space
84609,93,770.59,8,11.625,10.901343298616263,9.623645833333333,20,TALL ROCOCO CANDLE HOLDER,0.9377499611712914,Regular,Maintain standard replenishment review
84613A,6,27.9,3,2.0,1.0,4.65,3,PINK NEW BAROQUE FLOCK CANDLESTICK,0.5,Long-Tail,Limit stock and avoid excessive local warehouse space
84613C,1,4.65,1,1.0,0.0,4.65,1,BLUE NEW BAROQUE FLOCK CANDLESTICK,0.0,Long-Tail,Limit stock and avoid excessive local warehouse space
84614A,2,11.9,1,2.0,0.0,5.95,1,PINK BAROQUE FLOCK CANDLE HOLDER,0.0,Long-Tail,Limit stock and avoid excessive local warehouse space
84616,14,504.32,6,2.3333333333333335,1.96638416050035,38.60944444444444,9,SILVER ROCCOCO CHANDELIER,0.8427360687858643,Long-Tail,Limit stock and avoid excessive local warehouse space
84617,3,38.25,3,1.0,0.0,12.75,3,NEW BAROQUE BLACK BOXES,0.0,Long-Tail,Limit stock and avoid excessive local warehouse space
84620,2,11.9,1,2.0,0.0,5.95,1,BLUE GINGHAM ROSE CUSHION COVER,0.0,Long-Tail,Limit stock and avoid excessive local warehouse space
84625A,478,605.48,12,39.833333333333336,30.53413390507963,2.252337606837607,42,PINK NEW BAROQUECANDLESTICK CANDLE,0.7665472946881915,Regular,Maintain standard replenishment review
84625C,449,536.41,10,44.9,31.3420200724558,2.1499030303030304,35,BLUE NEW BAROQUE CANDLESTICK CANDLE,0.698040536134873,Regular,Maintain standard replenishment review
84629,20,150.0,3,6.666666666666667,8.962886439832502,16.283333333333335,10,WHITE 3 FRAME BIRDS AND TREE,1.3444329659748753,Long-Tail,Limit stock and avoid excessive local warehouse space
84631,40,340.58,6,6.666666666666667,5.00666222813829,8.895185185185186,24,FRUIT TREE AND BIRDS WALL PLAQUE,0.7509993342207435,Long-Tail,Limit stock and avoid excessive local warehouse space
84632,6,359.70000000000005,3,2.0,1.0,59.95000000000001,5,DECORATIVE HANGING SHELVING UNIT,0.5,Long-Tail,Limit stock and avoid excessive local warehouse space
84637,116,619.59,10,11.6,6.850790708621402,5.7839125,83,KITCHEN FLOWER POTS WALL PLAQUE,0.5905854059156381,Regular,Maintain standard replenishment review
84638,50,331.5,10,5.0,3.9157800414902435,6.712000000000001,37,SMALL KITCHEN FLOWER POTS PLAQUE,0.7831560082980487,Long-Tail,Limit stock and avoid excessive local warehouse space
84658,57,412.22999999999996,9,6.333333333333333,3.427827300200522,7.183259259259259,22,WHITE STITCHED CUSHION COVER,0.5412358895053456,Long-Tail,Limit stock and avoid excessive local warehouse space
84659A,280,676.27,12,23.333333333333332,18.4456613934666,2.4942165071770335,89,WHITE TRAVEL ALARM CLOCK,0.790528345434283,Regular,Maintain standard replenishment review
84660A,843,783.45,9,93.66666666666667,120.06040146526247,2.5928703703703704,42,WHITE STITCHED WALL CLOCK,1.28178364553661,Regular,Maintain standard replenishment review
84660B,707,733.28,10,70.7,76.72323999646753,2.692111111111111,40,BLACK STITCHED WALL CLOCK,1.0851943422414077,Regular,Maintain standard replenishment review
84660C,661,693.32,9,73.44444444444444,92.2037297389741,3.7623524623524625,45,PINK STITCHED WALL CLOCK,1.2554214336622798,Regular,Maintain standard replenishment review
84660a,4,29.84,1,4.0,0.0,7.46,2,WHITE STITCHED WALL CLOCK,0.0,Long-Tail,Limit stock and avoid excessive local warehouse space
84660b,2,15.08,2,1.0,0.0,7.54,2,BLACK STITCHED WALL CLOCK,0.0,Long-Tail,Limit stock and avoid excessive local warehouse space
84660c,18,134.92,8,2.25,1.0350983390135313,7.48,16,PINK STITCHED WALL CLOCK,0.46004370622823615,Long-Tail,Limit stock and avoid excessive local warehouse space
84661A,104,167.79000000000002,9,11.555555555555555,19.963160515754456,3.1716666666666664,20,WHITE SQUARE TABLE CLOCK,1.727581198478751,Regular,Maintain standard replenishment review
84661B,115,300.24,9,12.777777777777779,14.745997573729776,3.8222804232804233,29,BLACK SQUARE TABLE CLOCK,1.154034592726678,Regular,Maintain standard replenishment review
84661C,71,104.84,5,14.2,20.68090907092819,3.3574999999999995,14,PINK SQUARE TABLE CLOCK,1.4564020472484642,Long-Tail,Limit stock and avoid excessive local warehouse space
84661a,1,4.96,1,1.0,0.0,4.96,1,WHITE SQUARE TABLE CLOCK,0.0,Long-Tail,Limit stock and avoid excessive local warehouse space
84661b,1,4.96,1,1.0,0.0,4.96,1,BLACK SQUARE TABLE CLOCK,0.0,Long-Tail,Limit stock and avoid excessive local warehouse space
84663A,272,374.12,10,27.2,54.66829265874527,3.974,34,GRASS HOPPER WOODEN WALL CLOCK,2.0098637006891646,Regular,Maintain standard replenishment review
84665,105,624.75,8,13.125,10.575409482109226,5.95,17,SQUARE CHERRY BLOSSOM CABINET,0.8057454843511791,Regular,Maintain standard replenishment review
84666,24,94.80000000000001,3,8.0,3.4641016151377544,3.9500000000000006,4,SQUARE CHERRY BLOSSOM CABINET,0.4330127018922193,Long-Tail,Limit stock and avoid excessive local warehouse space
84673A,92,63.72,11,8.363636363636363,10.337047230933283,0.6644117647058824,43,PINK FLY SWAT,1.2359512993507187,Regular,Maintain standard replenishment review
84673B,179,156.63,12,14.916666666666666,15.042112601464975,0.9607870370370369,66,BLUE FLY SWAT,1.0084097833384342,Regular,Maintain standard replenishment review
84674,193,466.95000000000005,13,14.846153846153847,14.5077344535375,3.202717948717949,47,FLYING PIG WATERING CAN,0.9772049113781736,Regular,Maintain standard replenishment review
84675,9,26.55,1,9.0,0.0,2.95,2,FROG KING WATERING CAN,0.0,Long-Tail,Limit stock and avoid excessive local warehouse space
84678,142,247.04,4,35.5,15.154757228892407,2.708333333333333,13,CLASSICAL ROSE SMALL VASE,0.42689456982795515,Regular,Maintain standard replenishment review
84679,6,55.7,2,3.0,1.4142135623730951,11.95,2,CLASSICAL ROSE TABLE LAMP,0.47140452079103173,Long-Tail,Limit stock and avoid excessive local warehouse space
84683,194,162.20000000000002,4,48.5,22.06807649071391,1.3685416666666668,12,CLASSICAL ROSE CANDLESTAND,0.4550118864064724,Regular,Maintain standard replenishment review
84685,34,177.33,4,8.5,5.066228051190221,5.393767857142857,21,BEACH HUT KEY CABINET,0.5960268295517906,Long-Tail,Limit stock and avoid excessive local warehouse space
84686,49,66.39,4,12.25,19.311050377094112,3.385,8,BEACH HUT MIRROR,1.576412275681152,Long-Tail,Limit stock and avoid excessive local warehouse space
84687,81,504.43,9,9.0,7.416198487095663,7.982222222222223,31,BEACH HUT SHELF W 3 DRAWERS,0.8240220541217403,Long-Tail,Limit stock and avoid excessive local warehouse space
84688,41,203.07,5,8.2,3.7013511046643495,6.095000000000001,15,BEACH HUT DESIGN BLACKBOARD,0.45138428105662803,Long-Tail,Limit stock and avoid excessive local warehouse space
84689,3,9.95,2,1.5,0.7071067811865476,3.975,2,S/2 BEACH HUT TREASURE CHESTS,0.47140452079103173,Long-Tail,Limit stock and avoid excessive local warehouse space
84691,242,174.5,4,60.5,39.0,0.7525,4,PACK 20 DOLLY PEGS,0.6446280991735537,Regular,Maintain standard replenishment review
84692,7903,4327.38,13,607.9230769230769,186.98817321712335,0.6855024015281129,583,BOX OF 24 COCKTAIL PARASOLS,0.30758525266640563,High-Revenue Priority,Prioritize inventory monitoring and avoid stockouts
84705C,12,15.0,1,12.0,0.0,1.25,1,PINK FLOCK PHOTO FRAME,0.0,Long-Tail,Limit stock and avoid excessive local warehouse space
84706D,8,29.599999999999998,2,4.0,2.8284271247461903,5.449999999999999,4,CHERRY BLOSSOM TABLE CLOCK,0.7071067811865476,Long-Tail,Limit stock and avoid excessive local warehouse space
84706F,16,47.2,4,4.0,1.632993161855452,2.95,10,RED PEONY TABLE CLOCK,0.408248290463863,Long-Tail,Limit stock and avoid excessive local warehouse space
84707A,95,695.23,12,7.916666666666667,10.474717035304437,12.599097222222222,45,SILVER JEWELLED MIRROR TRINKET TRAY,1.3231221518279288,Regular,Maintain standard replenishment review
84707B,34,210.55,7,4.857142857142857,4.947341758580103,8.712952380952382,18,PINK JEWELLED MIRROR TRINKET TRAY,1.0185703620606097,Long-Tail,Limit stock and avoid excessive local warehouse space
84708B,62,326.35,10,6.2,3.76533899905145,5.7177,19,PINK JEWELLED PHOTO FRAME,0.607312741782492,Long-Tail,Limit stock and avoid excessive local warehouse space
84709B,20,119.0,6,3.3333333333333335,1.7511900715418263,5.95,11,PINK OVAL JEWELLED MIRROR,0.5253570214625478,Long-Tail,Limit stock and avoid excessive local warehouse space
84711A,25,221.8,10,2.5,2.3687784005919825,10.541,17,SILVER OVAL SHAPE TRINKET BOX,0.947511360236793,Long-Tail,Limit stock and avoid excessive local warehouse space
84711B,20,186.64,9,2.2222222222222223,1.6414763002993509,9.492222222222221,13,PINK OVAL SHAPE TRINKET BOX,0.7386643351347079,Long-Tail,Limit stock and avoid excessive local warehouse space
84712B,30,231.56,10,3.0,2.0548046676563256,7.743266666666666,20,PINK JEWELLED PHOTO FRAME,0.6849348892187752,Long-Tail,Limit stock and avoid excessive local warehouse space
84715,16,47.2,3,5.333333333333333,2.309401076758503,2.9500000000000006,3,SET OF 6 ICE CREAM SKITTLES,0.4330127018922193,Long-Tail,Limit stock and avoid excessive local warehouse space
84723,41,97.95,4,10.25,13.524668819112232,4.95,6,CHERRY BLOSSOM CANVAS ART PICTURE,1.3194798847914373,Long-Tail,Limit stock and avoid excessive local warehouse space
84725,41,39.65,7,5.857142857142857,10.270160197201916,1.6357142857142857,18,FREESTYLE CANVAS ART PICTURE,1.7534419848881322,Long-Tail,Limit stock and avoid excessive local warehouse space
84731,2,2.04,2,1.0,0.0,1.02,2,3 BIRDS CANVAS SCREEN,0.0,Long-Tail,Limit stock and avoid excessive local warehouse space
84732B,22,8.58,2,11.0,12.727922061357855,0.39,2,CUTE BIRD CEATURE SCREEN,1.1570838237598051,Long-Tail,Limit stock and avoid excessive local warehouse space
84732D,11,4.29,2,5.5,4.949747468305833,0.39,2,CUTE RABBIT CEATURE SCREEN,0.899954085146515,Long-Tail,Limit stock and avoid excessive local warehouse space
84741C,60,117.0,4,15.0,10.739335795724674,1.95,14,CITRUS GARLAND FELT FLOWERS,0.7159557197149783,Long-Tail,Limit stock and avoid excessive local warehouse space
84743C,1,1.25,1,1.0,0.0,1.25,1,ORANGE FELT VASE + FLOWERS,0.0,Long-Tail,Limit stock and avoid excessive local warehouse space
84744,110,140.01999999999998,9,12.222222222222221,12.940032629187783,1.285,20,S/6 SEW ON CROCHET FLOWERS,1.0587299423880914,Regular,Maintain standard replenishment review
84745A,32,13.440000000000001,3,10.666666666666666,5.033222956847166,0.42,5,PINK HANGING GINGHAM EASTER HEN,0.47186465220442186,Long-Tail,Limit stock and avoid excessive local warehouse space
84745B,32,13.440000000000001,3,10.666666666666666,5.033222956847166,0.42,5,BLUE HANGING GINGHAM EASTER HEN,0.47186465220442186,Long-Tail,Limit stock and avoid excessive local warehouse space
84746,14,38.31,2,7.0,5.656854249492381,2.540625,9,PINK EASTER HENS+FLOWER,0.8081220356417687,Long-Tail,Limit stock and avoid excessive local warehouse space
84748,204,570.8599999999999,9,22.666666666666668,35.67562192870644,4.415437037037037,61,FOLK FELT HANGING MULTICOL GARLAND,1.573924496854696,Regular,Maintain standard replenishment review
84750A,24,46.8,1,24.0,0.0,1.95,1,PINK SMALL GLASS CAKE STAND,0.0,Long-Tail,Limit stock and avoid excessive local warehouse space
84750B,61,54.99,4,15.25,18.409689477736084,1.56,12,BLACK SMALL GLASS CAKE STAND,1.2071927526384316,Long-Tail,Limit stock and avoid excessive local warehouse space
84751B,17,37.11,4,4.25,3.304037933599835,3.01,8,BLACK MEDIUM GLASS CAKE STAND,0.7774206902587847,Long-Tail,Limit stock and avoid excessive local warehouse space
84754,558,725.52,9,62.0,84.1843215806839,1.9563051146384478,62,S/15 SILVER GLASS BAUBLES IN BAG,1.3578116383981274,Regular,Maintain standard replenishment review
84755,16401,10487.050000000001,13,1261.6153846153845,802.9598929856894,0.741221844379074,621,COLOUR GLASS T-LIGHT HOLDER HANGING,0.6364537899404892,High-Revenue Priority,Prioritize inventory monitoring and avoid stockouts
84760S,43,62.349999999999994,5,8.6,4.335896677735761,1.45,8,SMALL HANGING GLASS+ZINC LANTERN,0.5041740322948559,Long-Tail,Limit stock and avoid excessive local warehouse space
84763,601,748.3400000000001,6,100.16666666666667,66.10421065761747,1.4129761904761906,57,ZINC FINISH 15CM PLANTER POTS,0.6599422029046669,Regular,Maintain standard replenishment review
84766,146,340.7,7,20.857142857142858,26.327606369414923,4.521428571428571,14,SILVER ROCOCO CANDLE STICK,1.2622824971637292,Regular,Maintain standard replenishment review
84773,3,8.850000000000001,1,3.0,0.0,2.95,1,RED ROSE AND LACE C/COVER,0.0,Long-Tail,Limit stock and avoid excessive local warehouse space
84789,186,640.72,7,26.571428571428573,19.94038734877153,3.9174761904761906,48,ENCHANTED BIRD PLANT CAGE,0.750444685168821,Regular,Maintain standard replenishment review
84792,833,3974.32,13,64.07692307692308,30.117717760098007,5.552078781550275,241,ENCHANTED BIRD COATHANGER 5 HOOK,0.470024406820257,High-Revenue Priority,Prioritize inventory monitoring and avoid stockouts
84795B,176,1390.64,10,17.6,14.392899483966236,8.88719393939394,48,SUNSET CHECK HAMMOCK,0.8177783797708088,Regular,Maintain standard replenishment review
84795C,2,15.9,1,2.0,0.0,7.95,1,OCEAN STRIPE HAMMOCK,0.0,Long-Tail,Limit stock and avoid excessive local warehouse space
84795b,16,266.78,9,1.7777777777777777,0.8333333333333335,16.668888888888887,14,SUNSET CHECK HAMMOCK,0.4687500000000001,Long-Tail,Limit stock and avoid excessive local warehouse space
84796A,61,568.1299999999999,7,8.714285714285714,9.013217807092827,10.28372619047619,43,PINK HAWAIIAN PICNIC HAMPER FOR 2,1.0343036827811443,Long-Tail,Limit stock and avoid excessive local warehouse space
84796B,256,2393.5899999999997,10,25.6,24.581836112598804,12.852089082214082,124,BLUE SAVANNAH PICNIC HAMPER FOR 2,0.9602279731483907,Regular,Maintain standard replenishment review
84796a,17,141.10999999999999,6,2.8333333333333335,2.5625508125043424,8.319999999999999,12,PINK HAWAIIAN PICNIC HAMPER FOR 2,0.9044296985309443,Long-Tail,Limit stock and avoid excessive local warehouse space
84798A,23,58.64999999999999,3,7.666666666666667,1.1547005383792517,2.55,4,PINK FOXGLOVE ARTIIFCIAL FLOWER,0.15061311370164152,Long-Tail,Limit stock and avoid excessive local warehouse space
84798B,11,28.049999999999997,2,5.5,2.1213203435596424,2.55,3,PURPLE FOXGLOVE ARTIIFCIAL FLOWER,0.385694607919935,Long-Tail,Limit stock and avoid excessive local warehouse space
84799,224,160.48,5,44.8,57.490868840190615,1.084,10,SPRIG LAVENDER ARTIFICIAL FLOWER,1.2832783223256834,Regular,Maintain standard replenishment review
84800L,360,639.36,7,51.42857142857143,37.540454369729126,1.961309523809524,22,LARGE WHITE/PINK ROSE ART FLOWER,0.7299532794113996,Regular,Maintain standard replenishment review
84800M,127,174.31,6,21.166666666666668,16.845375230806425,1.5383333333333333,11,MEDIUM WHITE/PINK ROSE ART FLOWER,0.7958444990932169,Regular,Maintain standard replenishment review
84800S,107,120.07,6,17.833333333333332,14.372427306014343,1.1866666666666668,9,SMALL WHITE/PINK ROSE ART FLOWER,0.8059305031409912,Regular,Maintain standard replenishment review
84801A,46,96.60000000000001,5,9.2,3.03315017762062,2.1,5,PINK HYDRANGEA ART FLOWER,0.3296902366978935,Long-Tail,Limit stock and avoid excessive local warehouse space
84801B,22,46.2,3,7.333333333333333,4.163331998932265,2.1,3,WHITE HYDRANGEA ART FLOWER,0.5677270907634907,Long-Tail,Limit stock and avoid excessive local warehouse space
84802A,2,3.38,1,2.0,0.0,1.69,1,WHITE ANEMONE ARTIFICIAL FLOWER,0.0,Long-Tail,Limit stock and avoid excessive local warehouse space
84802B,4,6.76,1,4.0,0.0,1.69,1,PURPLE ANEMONE ARTIFICIAL FLOWER,0.0,Long-Tail,Limit stock and avoid excessive local warehouse space
84803A,3,5.07,1,3.0,0.0,1.69,1,PINK ALLIUM  ARTIFICIAL FLOWER,0.0,Long-Tail,Limit stock and avoid excessive local warehouse space
84803B,17,28.73,2,8.5,9.192388155425117,1.69,4,WHITE ALLIUM  ARTIFICIAL FLOWER,1.0814574300500137,Long-Tail,Limit stock and avoid excessive local warehouse space
84804A,70,180.58,7,10.0,7.32575365861197,2.641428571428572,8,CREAM DELPHINIUM ARTIFICIAL FLOWER,0.732575365861197,Long-Tail,Limit stock and avoid excessive local warehouse space
84804B,99,188.37000000000003,5,19.8,17.44133022449836,2.518,6,BLUE DELPHINIUM ARTIFICIAL FLOWER,0.8808752638635534,Regular,Maintain standard replenishment review
84805A,32,60.0,3,10.666666666666666,11.71893055416463,2.9166666666666665,4,CREAM CLIMBING HYDRANGA ART FLOWER,1.098649739452934,Long-Tail,Limit stock and avoid excessive local warehouse space
84805B,38,52.5,2,19.0,24.041630560342615,2.5,3,BLUE CLIMBING HYDRANGA ART FLOWER,1.2653489768601376,Long-Tail,Limit stock and avoid excessive local warehouse space
84806A,137,96.88999999999999,7,19.571428571428573,34.62107808285363,1.2985714285714285,11,PINK CANDYSTUFT ARTIFICIAL FLOWER,1.7689601940144188,Regular,Maintain standard replenishment review
84806B,308,411.56,12,25.666666666666668,22.12088003071608,1.345,20,WHITE CANDYSTUFT ARTIFICIAL FLOWER,0.8618524687291979,Regular,Maintain standard replenishment review
84809A,55,115.5,6,9.166666666666666,5.455883674224247,2.1,8,WHITE CHRYSANTHEMUMS ART FLOWER,0.5951873099153725,Long-Tail,Limit stock and avoid excessive local warehouse space
84809B,18,37.8,1,18.0,0.0,2.1,1,PINK CHRYSANTHEMUMS ART FLOWER,0.0,Long-Tail,Limit stock and avoid excessive local warehouse space
84813,166,1393.79,10,16.6,14.446837408620308,12.453468253968255,38,SET OF 4 DIAMOND NAPKIN RINGS,0.8702914101578498,Regular,Maintain standard replenishment review
84816,13,519.35,7,1.8571428571428572,0.8997354108424372,39.95,10,DANISH ROSE BEDSIDE CABINET,0.4844729135305431,Long-Tail,Limit stock and avoid excessive local warehouse space
84817,951,710.6400000000001,13,73.15384615384616,99.72114967401696,1.747,55,DANISH ROSE DECORATIVE PLATE,1.363170289970789,Regular,Maintain standard replenishment review
84818,1423,1460.81,11,129.36363636363637,127.19769866414465,1.6833333333333333,99,DANISH ROSE PHOTO FRAME,0.9832569819434934,Regular,Maintain standard replenishment review
84819,811,951.79,12,67.58333333333333,107.72984589689942,3.412622423328306,62,DANISH ROSE ROUND SEWING BOX,1.5940297789923465,Regular,Maintain standard replenishment review
84820,259,483.05,11,23.545454545454547,34.63340478891337,4.73230303030303,31,DANISH ROSE TRINKET TRAYS,1.4709168057067452,Regular,Maintain standard replenishment review
84821,935,407.15,13,71.92307692307692,91.7110149132058,0.6995970695970696,40,DANISH ROSE DELUXE COASTER,1.2751264105579416,Regular,Maintain standard replenishment review
84823,112,890.4,3,37.333333333333336,52.88036812781595,7.95,25,DANISH ROSE FOLDING CHAIR,1.41643843199507,Regular,Maintain standard replenishment review
84824,2,31.9,2,1.0,0.0,15.95,2,DANISH ROSE UMBRELLA STAND,0.0,Long-Tail,Limit stock and avoid excessive local warehouse space
84826,1162,389.38,11,105.63636363636364,162.08101229155298,0.6704040404040404,31,ASSTD DESIGN 3D PAPER STICKERS,1.534329720488023,Regular,Maintain standard replenishment review
84827,509,153.09,6,84.83333333333333,79.43152187051855,0.45444444444444443,14,ASS DES PHONE SPONGE CRAFT STICKER,0.9363244228351892,Regular,Maintain standard replenishment review
84828,1099,1536.3600000000001,13,84.53846153846153,83.9490077215681,1.7848983221156207,182,JUNGLE POPSICLES ICE LOLLY HOLDERS,0.9930273888811513,Regular,Maintain standard replenishment review
84832,2933,2712.7,13,225.6153846153846,186.5125279355869,1.091776097736791,268,ZINC WILLIE WINKIE  CANDLE STICK,0.8266835537547322,High-Turnover Stable,Keep stable local warehouse inventory
84836,5937,7418.07,13,456.6923076923077,215.1954091112636,1.3842451388650103,535,ZINC METAL HEART DECORATION,0.4712043655796575,High-Revenue Priority,Prioritize inventory monitoring and avoid stockouts
84840,6,76.44,3,2.0,1.0,11.326666666666668,6,SWEETHEART CARRY-ALL BASKET,0.5,Long-Tail,Limit stock and avoid excessive local warehouse space
84842,14,52.5,4,3.5,0.5773502691896257,3.75,9,HELLO SAILOR BATHROOM SET,0.1649572197684645,Long-Tail,Limit stock and avoid excessive local warehouse space
84843,172,969.8,13,13.23076923076923,12.962470483115519,6.536318681318681,48,WHITE SOAP RACK WITH 2 BOTTLES,0.9797216062819869,Regular,Maintain standard replenishment review
84846A,56,126.04,5,11.2,10.00999500499376,2.3743000000000003,13,SCENTED CANDLE IN DIGITALIS TIN,0.8937495540173,Long-Tail,Limit stock and avoid excessive local warehouse space
84847,20,75.0,8,2.5,2.138089935299395,3.75,11,FLORAL BATHROOM SET,0.855235974119758,Long-Tail,Limit stock and avoid excessive local warehouse space
84849A,180,344.34000000000003,12,15.0,10.144411806955143,2.381698412698413,53,HELLO SAILOR BLUE SOAP HOLDER,0.6762941204636762,Regular,Maintain standard replenishment review
84849B,266,478.83,8,33.25,22.951812875799472,1.9306103210514975,76,FAIRY SOAP SOAP HOLDER,0.6902800864902097,Regular,Maintain standard replenishment review
84849D,494,859.0,13,38.0,31.927000067863144,1.8085488870104254,114,HOT BATHS SOAP HOLDER,0.840184212312188,Regular,Maintain standard replenishment review
84854,5,24.75,1,5.0,0.0,4.95,1,GIRLY PINK TOOL SET,0.0,Long-Tail,Limit stock and avoid excessive local warehouse space
84856L,2,17.82,2,1.0,0.0,8.91,2,LARGE TAHITI BEACH BAG,0.0,Long-Tail,Limit stock and avoid excessive local warehouse space
84856S,4,18.6,1,4.0,0.0,4.65,1,SMALL TAHITI BEACH BAG,0.0,Long-Tail,Limit stock and avoid excessive local warehouse space
84857B,24,46.8,1,24.0,0.0,1.95,1,BLUE MONTE CARLO HANDBAG,0.0,Long-Tail,Limit stock and avoid excessive local warehouse space
84857C,98,232.32999999999998,6,16.333333333333332,27.63090057646813,6.638333333333333,10,PINK MONTE CARLO HANDBAG,1.691687790396008,Regular,Maintain standard replenishment review
84858C,186,261.68,3,62.0,79.95623803056269,4.807777777777779,6,PINK RIVIERA HANDBAG,1.2896167424284304,Regular,Maintain standard replenishment review
84859A,129,272.99,10,12.9,14.027354229029317,2.851069696969697,35,SILVER DISCO HANDBAG,1.087391800699947,Regular,Maintain standard replenishment review
84859B,31,64.81,8,3.875,3.758324094593227,2.3133333333333335,11,BLUE DISCO HANDBAG,0.9698900889272843,Long-Tail,Limit stock and avoid excessive local warehouse space
84859C,84,180.51999999999998,8,10.5,9.971387638065798,2.5521875,22,PINK DISCO HANDBAG,0.9496559655300759,Long-Tail,Limit stock and avoid excessive local warehouse space
84865,27,146.21,5,5.4,6.107372593840988,7.4322,14,NEW BAROQUE BLACK PHOTO ALBUM,1.1309949247853681,Long-Tail,Limit stock and avoid excessive local warehouse space
84870B,44,146.07999999999998,7,6.285714285714286,6.156684327197709,4.344214285714286,25,BLUE GEISHA GIRL,0.9794725065996356,Long-Tail,Limit stock and avoid excessive local warehouse space
84870C,46,146.05,6,7.666666666666667,8.334666560017064,3.8204375,28,GREEN GEISHA GIRL,1.087130420871791,Long-Tail,Limit stock and avoid excessive local warehouse space
84872A,40,450.08,5,8.0,4.0,12.124666666666666,32,TEATIME FUNKY FLOWER BACKPACK FOR 2,0.5,Long-Tail,Limit stock and avoid excessive local warehouse space
84872a,26,282.15,5,5.2,3.420526275297414,10.835999999999999,21,TEATIME FUNKY FLOWER BACKPACK FOR 2,0.6577935144802719,Long-Tail,Limit stock and avoid excessive local warehouse space
84873A,2,33.9,2,1.0,0.0,16.95,2,FUNKY FLOWER PICNIC BAG FOR 4,0.0,Long-Tail,Limit stock and avoid excessive local warehouse space
84874B,41,67.50999999999999,7,5.857142857142857,7.380798769522881,1.643333333333333,14,BLUE TRAVEL FIRST AID KIT,1.2601363752843944,Long-Tail,Limit stock and avoid excessive local warehouse space
84875B,131,203.51,9,14.555555555555555,15.91470319477488,2.782328042328042,20,GREEN SQUARE COMPACT MIRROR,1.0933765553662131,Regular,Maintain standard replenishment review
84875D,51,63.75,5,10.2,5.890670590009257,1.25,8,BLUE SQUARE COMPACT MIRROR,0.5775167245107115,Long-Tail,Limit stock and avoid excessive local warehouse space
84876B,218,315.81,7,31.142857142857142,21.396483912304934,3.24784632034632,33,GREEN HEART COMPACT MIRROR,0.6870430614042868,Regular,Maintain standard replenishment review
84876D,128,217.5,8,16.0,16.431676725154983,3.0603125,16,BLUE HEART COMPACT MIRROR,1.0269797953221864,Regular,Maintain standard replenishment review
84877A,40,58.16,3,13.333333333333334,11.060440015358038,2.27,4,PINK ROUND COMPACT MIRROR,0.8295330011518528,Long-Tail,Limit stock and avoid excessive local warehouse space
84877B,144,210.56,8,18.0,20.31888635868469,2.3701388888888886,21,GREEN ROUND COMPACT MIRROR,1.1288270199269272,Regular,Maintain standard replenishment review
84877D,96,150.92999999999998,6,16.0,20.287927444665215,2.46425,18,BLUE ROUND COMPACT MIRROR,1.267995465291576,Regular,Maintain standard replenishment review
84879,36362,58927.619999999995,13,2797.076923076923,1508.116455579523,1.729335726328434,1455,ASSORTED COLOUR BIRD ORNAMENT,0.5391758957849898,High-Revenue Priority,Prioritize inventory monitoring and avoid stockouts
84880,312,2012.74,13,24.0,28.40481179894233,7.768056776556777,76,WHITE WIRE EGG HOLDER,1.1835338249559304,Regular,Maintain standard replenishment review
84881,12,82.57,4,3.0,1.8257418583505538,6.880833333333333,6,BLUE WIRE SPIRAL CANDLE HOLDER,0.6085806194501846,Long-Tail,Limit stock and avoid excessive local warehouse space
84882,38,157.34,10,3.8,2.440400695696417,4.615666666666667,18,GREEN WIRE STANDING CANDLE HOLDER,0.6422107093937939,Long-Tail,Limit stock and avoid excessive local warehouse space
84884A,301,1201.91,13,23.153846153846153,16.816887117052676,4.778076923076923,78,ANT WHITE WIRE HEART SPIRAL,0.7263107392747004,Regular,Maintain standard replenishment review
84884a,38,317.71999999999997,11,3.4545454545454546,3.984059145234577,8.306363636363635,26,ANT WHITE WIRE HEART SPIRAL,1.1532802788836933,Long-Tail,Limit stock and avoid excessive local warehouse space
84898F,46,98.63000000000001,4,11.5,6.95221787153807,2.269166666666667,19,YELLOW FLOWERS FELT HANDBAG KIT,0.6045406844815713,Long-Tail,Limit stock and avoid excessive local warehouse space
84905,35,173.48,4,8.75,3.774917217635375,4.956666666666667,20,PINK BUTTERFLY CUSHION COVER,0.43141911058689997,Long-Tail,Limit stock and avoid excessive local warehouse space
84906,35,123.02,5,7.0,4.123105625617661,4.801333333333334,12,PINK B'FLY C/COVER W BOBBLES,0.5890150893739515,Long-Tail,Limit stock and avoid excessive local warehouse space
84907,29,180.93,8,3.625,2.924648941081891,6.5165625,23,PINK YELLOW PATCH CUSHION COVER,0.8067997078846596,Long-Tail,Limit stock and avoid excessive local warehouse space
84910A,26,192.14,5,5.2,3.420526275297414,7.103285714285714,17,PINK PAISLEY CUSHION COVER,0.6577935144802719,Long-Tail,Limit stock and avoid excessive local warehouse space
84912A,156,560.62,10,15.6,13.623509092741122,3.6237738095238092,74,PINK ROSE WASHBAG,0.8733018649193027,Regular,Maintain standard replenishment review
84912B,323,1132.8500000000001,13,24.846153846153847,9.923424760351587,3.4298126519229757,160,GREEN ROSE WASHBAG,0.39939480459619386,Regular,Maintain standard replenishment review
84913A,273,952.83,11,24.818181818181817,18.252770648962755,3.629911448400085,124,SOFT PINK ROSE TOWEL,0.7354596232182796,Regular,Maintain standard replenishment review
84913B,196,754.07,12,16.333333333333332,12.032783501246866,4.071726325757576,86,MINT GREEN ROSE TOWEL,0.7367010306885837,Regular,Maintain standard replenishment review
84915,217,372.33000000000004,7,31.0,52.94651389216606,3.663,23,HAND TOWEL PINK FLOWER AND DAISY,1.7079520610376149,Regular,Maintain standard replenishment review
84916,223,453.39,6,37.166666666666664,59.904646453064615,4.4264015151515155,29,HAND TOWEL PALE BLUE W FLOWERS,1.6117842094994965,Regular,Maintain standard replenishment review
84917,184,466.29999999999995,5,36.8,34.60780258843373,5.106777777777777,27,WHITE HAND TOWEL WITH BUTTERFLY,0.9404294181639601,Regular,Maintain standard replenishment review
84919,58,381.78000000000003,8,7.25,4.496029994816062,6.6635,29,BLUE CUSHION COVER WITH FLOWER,0.6201420682504912,Long-Tail,Limit stock and avoid excessive local warehouse space
84920,115,446.23,12,9.583333333333334,9.73707379352781,4.3602083333333335,48,PINK FLOWER FABRIC PONY,1.0160424828029018,Regular,Maintain standard replenishment review
84921,11,41.25,4,2.75,2.362907813126304,3.75,5,CREAM AND PINK FLOWERS PONY,0.8592392047732015,Long-Tail,Limit stock and avoid excessive local warehouse space
84922,9,42.29,5,1.8,0.8366600265340756,4.654,6,PINK BUTTERFLY WASHBAG,0.4648111258522642,Long-Tail,Limit stock and avoid excessive local warehouse space
84923,162,671.62,13,12.461538461538462,7.784764871373064,4.139230769230769,98,PINK BUTTERFLY HANDBAG W BOBBLES,0.6247033538756163,Regular,Maintain standard replenishment review
84924A,81,348.59000000000003,11,7.363636363636363,4.904543348217595,4.951878787878788,33,WAKE UP COCKEREL CALENDAR SIGN,0.6660490966715252,Long-Tail,Limit stock and avoid excessive local warehouse space
84924F,10,7.9,1,10.0,0.0,0.79,3,PSYCHEDELIC METAL SIGN CALENDAR,0.0,Long-Tail,Limit stock and avoid excessive local warehouse space
84925D,15,38.25,6,2.5,1.9748417658131499,2.55,10,LA PALMIERA WALL THERMOMETER,0.7899367063252599,Long-Tail,Limit stock and avoid excessive local warehouse space
84925F,79,109.93,7,11.285714285714286,18.08972347047061,2.2985714285714285,14,PSYCHEDELIC WALL THERMOMETER,1.6028868897885349,Long-Tail,Limit stock and avoid excessive local warehouse space
84926A,604,210.51999999999998,11,54.90909090909091,68.10206244373887,0.8562121212121212,35,WAKE UP COCKEREL TILE COASTER,1.2402693491409398,Regular,Maintain standard replenishment review
84926D,709,276.53,10,70.9,49.960984778124626,0.8585333333333333,34,LA PALMIERA TILE COASTER,0.7046683325546491,Regular,Maintain standard replenishment review
84926E,968,327.8,11,88.0,119.65199538662111,0.8924242424242425,39,FLOWERS TILE COASTER,1.3596817657570581,Regular,Maintain standard replenishment review
84926F,430,195.22,10,43.0,39.58956091362132,1.1509,28,PSYCHEDELIC TILE COASTER,0.9206874631074725,Regular,Maintain standard replenishment review
84927A,50,70.45,8,6.25,5.625198409199194,2.311875,18,WAKE UP COCKEREL TILE HOOK,0.900031745471871,Long-Tail,Limit stock and avoid excessive local warehouse space
84927D,47,51.86,7,6.714285714285714,10.904346009952265,2.737142857142857,14,LA PALMIERA TILE HOOK,1.624051533397146,Long-Tail,Limit stock and avoid excessive local warehouse space
84927E,59,80.16000000000001,5,11.8,10.545141061171254,2.0131,13,FLOWERS TILE HOOK,0.8936560221331571,Long-Tail,Limit stock and avoid excessive local warehouse space
84927F,299,182.95,11,27.181818181818183,34.40877266575541,1.6059956709956709,44,PSYCHEDELIC TILE HOOK,1.2658745796766202,Regular,Maintain standard replenishment review
84929,2412,637.5600000000001,11,219.27272727272728,278.1744384047862,0.3885454545454545,65,ASSTD FRUIT+FLOWERS FRIDGE MAGNETS,1.268623060718345,High-Turnover Volatile,Monitor closely and replenish in smaller batches
84931A,133,317.44,12,11.083333333333334,12.16147668465944,2.8354513888888886,51,PINK SCOTTIE DOG W FLOWER PATTERN,1.0972760918489721,Regular,Maintain standard replenishment review
84931B,177,424.08,13,13.615384615384615,18.346382302507042,2.8714456815114713,49,BLUE SCOTTIE DOG W FLOWER PATTERN,1.3474744063988222,Regular,Maintain standard replenishment review
84944,710,1120.26,8,88.75,152.3414867047994,2.6165151515151512,83,SET OF 6 KASHMIR FOLKART BAUBLES,1.7165237938568947,Regular,Maintain standard replenishment review
84945,10545,8744.43,13,811.1538461538462,442.0371112161373,0.9405464346189434,347,MULTI COLOUR SILVER T-LIGHT HOLDER,0.544948548678026,High-Revenue Priority,Prioritize inventory monitoring and avoid stockouts
84946,19209,25843.38,13,1477.6153846153845,699.9762541759945,1.5482321167260658,905,ANTIQUE SILVER TEA GLASS ETCHED,0.47372019908834034,High-Revenue Priority,Prioritize inventory monitoring and avoid stockouts
84947,8652,10229.77,13,665.5384615384615,395.69277126423384,1.481483383761265,347,ANTIQUE SILVER TEA GLASS ENGRAVED,0.5945453104987333,High-Revenue Priority,Prioritize inventory monitoring and avoid stockouts
84949,4789,7622.639999999999,13,368.38461538461536,271.69515345374936,1.8761027743204386,290,SILVER HANGING T-LIGHT HOLDER,0.7375312163079436,High-Revenue Priority,Prioritize inventory monitoring and avoid stockouts
84950,3619,2297.0299999999997,13,278.38461538461536,511.5749437540145,0.7887761323643676,120,ASSORTED COLOUR T-LIGHT HOLDER,1.8376552276325475,High-Turnover Volatile,Monitor closely and replenish in smaller batches
84951A,475,553.01,13,36.53846153846154,23.991718656706613,2.2060392257315335,93,SET OF 4 PISTACHIO LOVEBIRD COASTER,0.6566154579730231,Regular,Maintain standard replenishment review
84951B,451,554.78,13,34.69230769230769,30.321567174165583,2.0043836996336997,82,SET OF 4 BLACK LOVEBIRD COASTERS,0.8740141314061033,Regular,Maintain standard replenishment review
84952A,92,264.46999999999997,7,13.142857142857142,15.192416654684132,5.036142857142857,26,CLEAR LOVE BIRD T-LIGHT HOLDER,1.155944745465097,Regular,Maintain standard replenishment review
84952B,186,332.14,9,20.666666666666668,37.25251669350676,4.513915343915344,29,BLACK LOVE BIRD T-LIGHT HOLDER,1.8025411303309724,Regular,Maintain standard replenishment review
84952C,144,255.0,5,28.8,47.17732506194051,3.707,12,MIRROR LOVE BIRD T-LIGHT HOLDER,1.638101564650712,Regular,Maintain standard replenishment review
84963A,4,171.8,1,4.0,0.0,42.95,1,PINK PAINTED KASHMIRI CHAIR,0.0,Long-Tail,Limit stock and avoid excessive local warehouse space
84963B,3,149.85000000000002,1,3.0,0.0,49.95,1,BLUE PAINTED KASHMIRI CHAIR,0.0,Long-Tail,Limit stock and avoid excessive local warehouse space
84968A,267,3139.2999999999997,13,20.53846153846154,22.209665255677105,15.26520711759505,98,SET OF 16 VINTAGE ROSE CUTLERY,1.0813694693775369,High-Revenue Priority,Prioritize inventory monitoring and avoid stockouts
84968B,2,25.5,2,1.0,0.0,12.75,2,SET OF 16 VINTAGE IVORY CUTLERY,0.0,Long-Tail,Limit stock and avoid excessive local warehouse space
84968C,317,3585.99,12,26.416666666666668,52.131753250487336,16.064326007326006,104,SET OF 16 VINTAGE PISTACHIO CUTLERY,1.973441763425388,High-Revenue Priority,Prioritize inventory monitoring and avoid stockouts
84968D,157,1661.47,11,14.272727272727273,26.67617254814082,14.722895256916997,55,SET OF 16 VINTAGE RED CUTLERY,1.8690311976404395,Regular,Maintain standard replenishment review
84968E,132,1522.53,11,12.0,13.061393493804557,13.747010101010101,44,SET OF 16 VINTAGE BLACK CUTLERY,1.0884494578170465,Regular,Maintain standard replenishment review
84968F,177,1905.68,12,14.75,24.271663238509973,13.781489197530865,65,SET OF 16 VINTAGE SKY BLUE CUTLERY,1.645536490746439,Regular,Maintain standard replenishment review
84968a,5,125.32999999999998,3,1.6666666666666667,1.1547005383792517,25.136666666666667,3,SET OF 16 VINTAGE ROSE CUTLERY,0.692820323027551,Long-Tail,Limit stock and avoid excessive local warehouse space
84968d,3,74.88,3,1.0,0.0,24.959999999999997,3,SET OF 16 VINTAGE RED CUTLERY,0.0,Long-Tail,Limit stock and avoid excessive local warehouse space
84968e,8,200.21,5,1.6,1.3416407864998738,25.066,6,SET OF 16 VINTAGE BLACK CUTLERY,0.8385254915624211,Long-Tail,Limit stock and avoid excessive local warehouse space
84968f,1,25.49,1,1.0,0.0,25.49,1,SET OF 16 VINTAGE SKY BLUE CUTLERY,0.0,Long-Tail,Limit stock and avoid excessive local warehouse space
84969,558,2389.52,13,42.92307692307692,24.577976382870155,4.877097388255562,210,BOX OF 6 ASSORTED COLOUR TEASPOONS,0.5726051845471541,Regular,Maintain standard replenishment review
84970L,6064,6411.5199999999995,13,466.46153846153845,204.93357272728454,1.3280962999975636,457,SINGLE HEART ZINC T-LIGHT HOLDER,0.4393364850683871,High-Revenue Priority,Prioritize inventory monitoring and avoid stockouts
84970S,8879,7650.3099999999995,13,683.0,312.0491414291452,1.1551861368400649,537,HANGING HEART ZINC T-LIGHT HOLDER,0.45688014850533704,High-Revenue Priority,Prioritize inventory monitoring and avoid stockouts
84970l,201,418.98,12,16.75,15.24422394339455,2.084166666666667,50,SINGLE HEART ZINC T-LIGHT HOLDER,0.9101029219937045,Regular,Maintain standard replenishment review
84970s,238,496.49,10,23.8,12.743625857659191,2.085,66,HANGING HEART ZINC T-LIGHT HOLDER,0.535446464607529,Regular,Maintain standard replenishment review
84971S,1761,1540.4499999999998,13,135.46153846153845,47.484410397194885,1.0978903707231882,172,SMALL HEART FLOWERS HOOK,0.35053795296055285,Regular,Maintain standard replenishment review
84971l,2,4.92,1,2.0,0.0,2.46,1,LARGE HEART FLOWERS HOOK,0.0,Long-Tail,Limit stock and avoid excessive local warehouse space
84974,39,388.05,11,3.5454545454545454,2.3817487845545915,9.95,28,S/2 ZINC HEART DESIGN PLANTERS,0.6717752982077053,Long-Tail,Limit stock and avoid excessive local warehouse space
84975,5,8.45,1,5.0,0.0,1.69,2,HEART SHAPED MIRROR,0.0,Long-Tail,Limit stock and avoid excessive local warehouse space
84976,512,446.15,11,46.54545454545455,81.74027604108471,1.8827272727272728,37,RECTANGULAR SHAPED MIRROR,1.7561387430701794,Regular,Maintain standard replenishment review
84977,1,1.25,1,1.0,0.0,1.25,1,WIRE FLOWER T-LIGHT HOLDER,0.0,Long-Tail,Limit stock and avoid excessive local warehouse space
84978,12493,16453.78,13,961.0,505.2672560140821,1.4869486244990828,728,HANGING HEART JAR T-LIGHT HOLDER,0.525772378786766,High-Revenue Priority,Prioritize inventory monitoring and avoid stockouts
84984A,19,88.35,5,3.8,1.7888543819998317,4.65,6,GREEN PEONY CUSHION COVER,0.4707511531578505,Long-Tail,Limit stock and avoid excessive local warehouse space
84984B,17,79.05,4,4.25,1.707825127659933,4.65,5,RED PEONY CUSHION COVER,0.40184120650821953,Long-Tail,Limit stock and avoid excessive local warehouse space
84984D,13,60.45,4,3.25,1.8929694486000912,4.65,4,ORIENTAL RED CUSHION COVER,0.5824521380307973,Long-Tail,Limit stock and avoid excessive local warehouse space
84985A,41,59.45,4,10.25,8.220908303425682,1.45,18,SET OF 72 GREEN PAPER DOILIES,0.8020398344805544,Long-Tail,Limit stock and avoid excessive local warehouse space
84987,3051,4471.17,13,234.69230769230768,164.67158458346955,1.9480181881290786,334,SET OF 36 TEATIME PAPER DOILIES,0.7016488363110798,High-Revenue Priority,Prioritize inventory monitoring and avoid stockouts
84988,4311,6671.249999999999,13,331.61538461538464,161.5650222364247,2.1704801951613817,510,SET OF 72 PINK HEART PAPER DOILIES,0.4872060517451916,High-Revenue Priority,Prioritize inventory monitoring and avoid stockouts
84989A,27,14.850000000000003,8,3.375,2.50356888118884,0.55,17,75 GREEN FAIRY CAKE CASES,0.7417981870189156,Long-Tail,Limit stock and avoid excessive local warehouse space
84989a,42,87.51,9,4.666666666666667,2.8722813232690143,2.0883333333333334,25,75 GREEN FAIRY CAKE CASES,0.6154888549862173,Long-Tail,Limit stock and avoid excessive local warehouse space
84990,2,1.1,2,1.0,0.0,0.55,2,60 GOLD AND SILVER FAIRY CAKE CASES,0.0,Long-Tail,Limit stock and avoid excessive local warehouse space
84991,18189,9169.970000000001,13,1399.1538461538462,632.9966885318656,0.6962217787146326,828,60 TEATIME FAIRY CAKE CASES,0.4524139287984085,High-Revenue Priority,Prioritize inventory monitoring and avoid stockouts
84992,13319,6532.780000000001,13,1024.5384615384614,480.78245520273435,0.6841700423534275,615,72 SWEETHEART FAIRY CAKE CASES,0.46926735623061394,High-Revenue Priority,Prioritize inventory monitoring and avoid stockouts
84993A,343,159.69,13,26.384615384615383,17.299029170921997,0.5676282051282051,55,75 GREEN PETIT FOUR CASES,0.6556483359241574,Regular,Maintain standard replenishment review
84993B,58,24.36,6,9.666666666666666,7.201851613763412,0.42,18,75 BLACK PETIT FOUR CASES,0.7450191324582841,Long-Tail,Limit stock and avoid excessive local warehouse space
84993a,32,26.56,11,2.909090909090909,1.3751033019046572,0.83,19,75 GREEN PETIT FOUR CASES,0.4726917600297259,Long-Tail,Limit stock and avoid excessive local warehouse space
84997A,2573,9933.880000000001,13,197.92307692307693,107.81578543860628,4.553166651213461,260,GREEN 3 PIECE POLKADOT CUTLERY SET,0.5447357989513726,High-Revenue Priority,Prioritize inventory monitoring and avoid stockouts
84997B,4214,16045.97,13,324.15384615384613,207.25662279480406,4.418509706660581,370,RED 3 PIECE RETROSPOT CUTLERY SET,0.6393773365762822,High-Revenue Priority,Prioritize inventory monitoring and avoid stockouts
84997C,3783,14497.03,13,291.0,215.3671284109996,4.305379089820267,335,BLUE 3 PIECE POLKADOT CUTLERY SET,0.7400932247800674,High-Revenue Priority,Prioritize inventory monitoring and avoid stockouts
84997D,5103,19728.2,13,392.53846153846155,237.9196697012864,4.4167261602858385,473,PINK 3 PIECE POLKADOT CUTLERY SET,0.606105370589207,High-Revenue Priority,Prioritize inventory monitoring and avoid stockouts
84997a,106,878.7399999999999,12,8.833333333333334,5.219427578041892,8.29,65,GREEN 3 PIECE POLKADOT CUTLERY SET,0.5908785937405915,Regular,Maintain standard replenishment review
84997b,364,3052.92,12,30.333333333333332,21.37684955669794,8.470416666666667,67,RED 3 PIECE RETROSPOT CUTLERY SET,0.7047313040669652,High-Revenue Priority,Prioritize inventory monitoring and avoid stockouts
84997c,284,2374.44,12,23.666666666666668,13.41188979520738,8.481333333333334,62,BLUE 3 PIECE POLKADOT CUTLERY SET,0.5666995688115793,Regular,Maintain standard replenishment review
84997d,319,2657.79,13,24.53846153846154,18.64410266284125,8.386581196581195,73,PINK 3 PIECE POLKADOT CUTLERY SET,0.7597910176079505,Regular,Maintain standard replenishment review
85006,55,57.25,3,18.333333333333332,27.465129406819354,2.25,9,SET 4 NURSERY DES ROUND BOXES,1.4980979676446922,Long-Tail,Limit stock and avoid excessive local warehouse space
85008,13,66.12,4,3.25,2.8722813232690143,4.5225,8,SET OF 3 CONEY ISLAND OVAL BOXES,0.8837788686981582,Long-Tail,Limit stock and avoid excessive local warehouse space
85014A,1163,6678.72,13,89.46153846153847,65.93256072762959,6.605721258588906,278,BLACK/BLUE POLKADOT UMBRELLA,0.7369933701282757,High-Revenue Priority,Prioritize inventory monitoring and avoid stockouts
85014B,1910,10952.2,13,146.92307692307693,100.86415083208168,6.942642901041731,350,RED RETROSPOT UMBRELLA,0.6865099271293517,High-Revenue Priority,Prioritize inventory monitoring and avoid stockouts
85014a,18,225.32000000000002,8,2.25,1.0350983390135313,12.492500000000001,14,BLACK/BLUE POLKADOT UMBRELLA,0.46004370622823615,Long-Tail,Limit stock and avoid excessive local warehouse space
85014b,25,313.06,10,2.5,1.5811388300841898,12.486,23,RED RETROSPOT UMBRELLA,0.6324555320336759,Long-Tail,Limit stock and avoid excessive local warehouse space
85015,2180,1718.54,13,167.69230769230768,131.2944430249459,1.5056869071099839,143,SET OF 12  VINTAGE POSTCARD SET,0.7829485134515124,High-Turnover Stable,Keep stable local warehouse inventory
85016,563,560.11,6,93.83333333333333,109.72040223525735,2.0088703703703703,42,SET OF 6 VINTAGE NOTELETS KIT,1.1693115691146432,Regular,Maintain standard replenishment review
85017A,16,13.58,3,5.333333333333333,3.214550253664318,0.8466666666666667,8,ENVELOPE 50 ROMANTIC IMAGES,0.6027281725620597,Long-Tail,Limit stock and avoid excessive local warehouse space
85017B,1077,600.29,12,89.75,62.1071288544677,0.6961536201615148,158,ENVELOPE 50 BLOSSOM IMAGES,0.6920014357043756,Regular,Maintain standard replenishment review
85017C,49,26.169999999999998,5,9.8,8.136338242723197,0.6779999999999999,10,ENVELOPE 50 CURIOUS IMAGES,0.8302385961962445,Long-Tail,Limit stock and avoid excessive local warehouse space
85018D,12,30.599999999999998,2,6.0,7.0710678118654755,2.55,7,YULETIDE IMAGES S/6 PAPER BOXES,1.1785113019775793,Long-Tail,Limit stock and avoid excessive local warehouse space
85019A,414,564.35,12,34.5,17.624879109836858,2.072361111111111,33,ROMANTIC IMAGES NOTEBOOK SET,0.5108660611546916,Regular,Maintain standard replenishment review
85019B,512,682.97,11,46.54545454545455,46.310611389537144,1.8552272727272727,36,BLOSSOM  IMAGES NOTEBOOK SET,0.9949545415720871,Regular,Maintain standard replenishment review
85019C,182,270.72,7,26.0,19.330459556530638,2.48,11,CURIOUS  IMAGES NOTEBOOK SET,0.7434792137127169,Regular,Maintain standard replenishment review
85020,85,188.81,11,7.7272727272727275,5.021770785109752,2.534242424242424,22,ROUND PINK HEART MIRROR,0.6498762192494973,Long-Tail,Limit stock and avoid excessive local warehouse space
85023B,105,235.35000000000002,9,11.666666666666666,23.302360395462088,2.5,13,EAU DE NILE JEWELLED PHOTOFRAME,1.9973451767538934,Regular,Maintain standard replenishment review
85024B,193,289.65,10,19.3,48.21952117371368,1.64,12,EAU DE NILE JEWELLED PHOTOFRAME,2.4984207862027814,Regular,Maintain standard replenishment review
85024C,12,19.799999999999997,6,2.0,1.0954451150103324,1.6499999999999997,9,PINK SMALL JEWELLED PHOTOFRAME,0.5477225575051662,Long-Tail,Limit stock and avoid excessive local warehouse space
85025B,329,555.12,12,27.416666666666668,45.17935637461254,2.436388888888889,38,EAU DE NILE HEART SHAPE PHOTO FRAME,1.647879259864287,Regular,Maintain standard replenishment review
85025C,321,520.91,9,35.666666666666664,52.50238089839355,2.078458553791887,39,PINK HEART SHAPE PHOTO FRAME,1.4720293709829968,Regular,Maintain standard replenishment review
85026B,79,70.27,8,9.875,9.523467255754522,0.99625,11,EAU DE NILE JEWELLED T-LIGHT HOLDER,0.9644017474181794,Long-Tail,Limit stock and avoid excessive local warehouse space
85027L,70,160.5,4,17.5,19.070046320517072,4.95,18,FRENCH CHATEAU LARGE PLATTER,1.0897169326009755,Long-Tail,Limit stock and avoid excessive local warehouse space
85028L,10,19.5,2,5.0,1.4142135623730951,1.95,4,FRENCH CHATEAU LARGE FRUIT BOWL,0.282842712474619,Long-Tail,Limit stock and avoid excessive local warehouse space
85028S,24,51.599999999999994,2,12.0,1.4142135623730951,2.025,8,FRENCH CHATEAU SMALL FRUITBOWL,0.11785113019775793,Long-Tail,Limit stock and avoid excessive local warehouse space
85030,15,29.25,2,7.5,7.7781745930520225,1.95,6,FRENCH CHATEAU OVAL PLATTER,1.0370899457402696,Long-Tail,Limit stock and avoid excessive local warehouse space
85031A,16,45.9,4,4.0,3.4641016151377544,4.025,7,ROMANTIC IMAGES SCRAP BOOK SET,0.8660254037844386,Long-Tail,Limit stock and avoid excessive local warehouse space
85031B,1,4.95,1,1.0,0.0,4.95,1,BLOSSOM IMAGES SCRAP BOOK SET,0.0,Long-Tail,Limit stock and avoid excessive local warehouse space
85031C,3,14.85,1,3.0,0.0,4.95,1,CURIOUS IMAGES SCRAP BOOK SET,0.0,Long-Tail,Limit stock and avoid excessive local warehouse space
85032A,789,776.49,11,71.72727272727273,57.52580448649268,1.5927959835509242,135,ROMANTIC IMAGES GIFT WRAP SET,0.8020074136266406,Regular,Maintain standard replenishment review
85032B,786,739.99,11,71.45454545454545,24.204807937117103,1.4308114360387088,133,BLOSSOM IMAGES GIFT WRAP SET,0.3387441314354811,Regular,Maintain standard replenishment review
85032C,683,718.5400000000001,13,52.53846153846154,42.90807108345193,1.7419422429422429,140,CURIOUS IMAGES GIFT WRAP SET,0.8166982783087483,Regular,Maintain standard replenishment review
85032D,687,561.34,9,76.33333333333333,87.39565206576354,1.252974358974359,93,YULETIDE IMAGES GIFT WRAP SET,1.1449212061017058,Regular,Maintain standard replenishment review
85034A,498,911.4000000000001,11,45.27272727272727,97.93068049298024,4.349201101928375,74,3 GARDENIA MORRIS BOXED CANDLES,2.16312748076864,Regular,Maintain standard replenishment review
85034B,945,1628.78,10,94.5,143.41412451746555,3.902749904528096,120,3 WHITE CHOC MORRIS BOXED CANDLES,1.5176097832536037,Regular,Maintain standard replenishment review
85034C,1129,1800.0,10,112.9,180.78437125174537,3.6768480170805518,158,3 ROSE MORRIS BOXED CANDLES,1.6012787533369828,Regular,Maintain standard replenishment review
85034a,3,24.869999999999997,3,1.0,0.0,8.29,3,3 GARDENIA MORRIS BOXED CANDLES,0.0,Long-Tail,Limit stock and avoid excessive local warehouse space
85034b,1,8.29,1,1.0,0.0,8.29,1,3 WHITE CHOC MORRIS BOXED CANDLES,0.0,Long-Tail,Limit stock and avoid excessive local warehouse space
85035A,276,782.3,10,27.6,45.43909232270283,4.3518230576441095,81,GARDENIA 3 WICK MORRIS BOXED CANDLE,1.6463439247356095,Regular,Maintain standard replenishment review
85035B,619,1054.1,10,61.9,128.97153001944093,4.782427717391304,70,CHOCOLATE 3 WICK MORRIS BOX CANDLE,2.0835465269699665,Regular,Maintain standard replenishment review
85035C,1137,1760.6599999999999,11,103.36363636363636,150.1207998428417,3.7939821528261835,130,ROSE 3 WICK MORRIS BOX CANDLE,1.4523560231057686,Regular,Maintain standard replenishment review
85035a,2,16.94,1,2.0,0.0,8.47,2,GARDENIA 3 WICK MORRIS BOXED CANDLE,0.0,Long-Tail,Limit stock and avoid excessive local warehouse space
85035b,1,8.47,1,1.0,0.0,8.47,1,CHOCOLATE 3 WICK MORRIS BOX CANDLE,0.0,Long-Tail,Limit stock and avoid excessive local warehouse space
85035c,1,8.47,1,1.0,0.0,8.47,1,ROSE 3 WICK MORRIS BOX CANDLE,0.0,Long-Tail,Limit stock and avoid excessive local warehouse space
85036A,211,714.3499999999999,11,19.181818181818183,22.538048636996866,4.36274322169059,60,GARDENIA 1 WICK MORRIS BOXED CANDLE,1.1749693602225852,Regular,Maintain standard replenishment review
85036B,361,581.43,11,32.81818181818182,43.35854744296257,3.3364628099173554,49,CHOCOLATE 1 WICK MORRIS BOX CANDLE,1.321174575824344,Regular,Maintain standard replenishment review
85036C,742,1066.8600000000001,12,61.833333333333336,123.12435202106064,3.6459275879275004,84,ROSE 1 WICK MORRIS BOXED CANDLE,1.9912294127395251,Regular,Maintain standard replenishment review
85036a,2,16.58,1,2.0,0.0,8.29,1,GARDENIA 1 WICK MORRIS BOXED CANDLE,0.0,Long-Tail,Limit stock and avoid excessive local warehouse space
85036b,1,8.47,1,1.0,0.0,8.47,1,CHOCOLATE 1 WICK MORRIS BOX CANDLE,0.0,Long-Tail,Limit stock and avoid excessive local warehouse space
85038,1061,2171.26,13,81.61538461538461,97.1240945573741,2.462722877480942,142,6 CHOCOLATE LOVE HEART T-LIGHTS,1.190021893728429,Regular,Maintain standard replenishment review
85039A,704,1010.6199999999999,13,54.15384615384615,47.41808050706354,1.6189803343035272,162,SET/4 RED MINI ROSE CANDLE IN BOWL,0.8756179639088438,Regular,Maintain standard replenishment review
85039B,806,1174.6299999999999,13,62.0,47.36911792859704,1.6213810906156105,172,S/4 IVORY MINI ROSE CANDLE IN BOWL,0.7640180311064039,Regular,Maintain standard replenishment review
85039C,305,265.77,12,25.416666666666668,40.387798187376376,1.5920913715913716,67,S/4 BLACK MINI ROSE CANDLE IN BOWL,1.589028125404972,Regular,Maintain standard replenishment review
85039a,40,131.81,11,3.6363636363636362,3.2022719207689803,3.2963636363636364,29,SET/4 RED MINI ROSE CANDLE IN BOWL,0.8806247782114696,Long-Tail,Limit stock and avoid excessive local warehouse space
85040A,888,1607.32,13,68.3076923076923,45.635119179904656,2.115808426867251,164,S/4 PINK FLOWER CANDLES IN BOWL,0.6680816997058114,Regular,Maintain standard replenishment review
85040B,137,229.46999999999997,5,27.4,8.203657720797473,1.7354999999999996,35,SET/4 BLUE FLOWER CANDLES IN BOWL,0.2994035664524625,Regular,Maintain standard replenishment review
85040a,32,105.28,10,3.2,2.14993539954628,3.29,21,S/4 PINK FLOWER CANDLES IN BOWL,0.6718548123582125,Long-Tail,Limit stock and avoid excessive local warehouse space
85045,42,191.1,6,7.0,10.469001862641921,4.891666666666667,11,GREEN CHRISTMAS TREE STRING 20LIGHT,1.4955716946631317,Long-Tail,Limit stock and avoid excessive local warehouse space
85047,3,19.049999999999997,1,3.0,0.0,6.35,2,WHITE BEADED GARLAND STRING 20LIGHT,0.0,Long-Tail,Limit stock and avoid excessive local warehouse space
85048,1359,10910.61,10,135.9,208.3706366603083,10.027188722325565,261,15CM CHRISTMAS GLASS BALL 20 LIGHTS,1.5332644345865216,High-Revenue Priority,Prioritize inventory monitoring and avoid stockouts
85049A,3001,3842.36,13,230.84615384615384,299.4210653226896,1.5844458425645156,323,TRADITIONAL CHRISTMAS RIBBONS,1.2970589300882924,High-Revenue Priority,Prioritize inventory monitoring and avoid stockouts
85049B,54,67.5,2,27.0,14.142135623730951,1.25,13,LUSH GREENS RIBBONS,0.5237828008789241,Long-Tail,Limit stock and avoid excessive local warehouse space
85049C,1215,1515.69,13,93.46153846153847,48.340140988305265,1.363345508058928,224,ROMANTIC PINKS RIBBONS,0.5172196155127312,Regular,Maintain standard replenishment review
85049D,547,694.99,10,54.7,44.76866463647685,1.28004,107,BRIGHT BLUES RIBBONS,0.8184399385096316,Regular,Maintain standard replenishment review
85049E,2860,3783.61,13,220.0,194.11079310538094,1.4659636965951823,409,SCANDINAVIAN REDS RIBBONS,0.8823217868426406,High-Revenue Priority,Prioritize inventory monitoring and avoid stockouts
85049F,378,477.34000000000003,10,37.8,28.42064976972436,1.2823553113553114,88,BABY BOOM RIBBONS,0.7518690415270995,Regular,Maintain standard replenishment review
85049G,1608,1999.19,13,123.6923076923077,73.63919315983011,1.4035499562491707,258,CHOCOLATE BOX RIBBONS,0.5953417357448952,Regular,Maintain standard replenishment review
85049H,848,869.1,13,65.23076923076923,62.76298517193321,1.2095948170603343,184,URBAN BLACK RIBBONS,0.9621684047584101,Regular,Maintain standard replenishment review
85049a,244,812.8399999999999,8,30.5,48.51214869935748,3.29875,36,TRADITIONAL CHRISTMAS RIBBONS,1.5905622524379501,Regular,Maintain standard replenishment review
85049b,2,4.92,2,1.0,0.0,2.46,2,LUSH GREENS RIBBONS,0.0,Long-Tail,Limit stock and avoid excessive local warehouse space
85049c,1,2.46,1,1.0,0.0,2.46,1,ROMANTIC PINKS RIBBONS,0.0,Long-Tail,Limit stock and avoid excessive local warehouse space
85049d,2,4.92,2,1.0,0.0,2.46,2,BRIGHT BLUES RIBBONS,0.0,Long-Tail,Limit stock and avoid excessive local warehouse space
85049e,109,360.71,12,9.083333333333334,10.422513510607118,3.29875,42,SCANDINAVIAN REDS RIBBONS,1.1474326800668386,Regular,Maintain standard replenishment review
85049g,113,276.42,12,9.416666666666666,6.244391422902975,2.395,51,CHOCOLATE BOX RIBBONS,0.6631212130516434,Regular,Maintain standard replenishment review
85053,1693,3649.4900000000002,13,130.23076923076923,81.14919782531622,2.6587512592183646,317,FRENCH ENAMEL CANDLEHOLDER,0.6231184711926231,High-Revenue Priority,Prioritize inventory monitoring and avoid stockouts
85054,587,1430.63,12,48.916666666666664,54.99497222198562,3.578557165057165,115,FRENCH ENAMEL POT W LID,1.1242583759179343,Regular,Maintain standard replenishment review
85055,45,183.70999999999998,2,22.5,10.606601717798213,5.105714285714286,16,FRENCH ENAMEL UTENSIL HOLDER,0.4714045207910317,Long-Tail,Limit stock and avoid excessive local warehouse space
85059,411,1273.11,13,31.615384615384617,49.1740759302068,4.57649687705457,128,FRENCH ENAMEL WATER BASIN,1.555384396819193,Regular,Maintain standard replenishment review
85061W,2146,1882.1499999999999,13,165.07692307692307,108.77841509115488,1.1016690286771258,162,WHITE JEWELLED HEART DECORATION,0.6589559162092328,High-Turnover Stable,Keep stable local warehouse inventory
85062,1462,2429.4999999999995,13,112.46153846153847,58.278949007646816,1.8109674058972702,159,PEARL CRYSTAL PUMPKIN T-LIGHT HLDR,0.5182122688778444,Regular,Maintain standard replenishment review
85064,215,976.25,2,107.5,132.22896808188437,6.340952380952382,30,CREAM SWEETHEART LETTER RACK,1.230036912389622,Regular,Maintain standard replenishment review
85066,1784,22594.2,13,137.23076923076923,70.72971304686813,14.404963431719194,519,CREAM SWEETHEART MINI CHEST,0.5154071017989269,High-Revenue Priority,Prioritize inventory monitoring and avoid stockouts
85067,7,126.65,2,3.5,3.5355339059327378,18.7,5,CREAM SWEETHEART WALL CABINET,1.0101525445522108,Long-Tail,Limit stock and avoid excessive local warehouse space
85071A,1041,583.23,12,86.75,73.2320409259623,1.5303418663761803,111,BLUE CHARLIE+LOLA PERSONAL DOORSIGN,0.844173382431842,Regular,Maintain standard replenishment review
85071B,1290,684.62,12,107.5,73.71751981227209,1.4050717607555843,125,RED CHARLIE+LOLA PERSONAL DOORSIGN,0.6857443703467171,Regular,Maintain standard replenishment review
85071C,683,428.0,12,56.916666666666664,60.11270979408497,1.9838161375661374,105,"CHARLIE+LOLA""EXTREMELY BUSY"" SIGN",1.0561530271288722,Regular,Maintain standard replenishment review
85071D,403,249.49,12,33.583333333333336,32.07224326234116,1.5212453703703703,84,CHARLIE+LOLA MY ROOM DOOR SIGN,0.9550047621540791,Regular,Maintain standard replenishment review
85078,1932,696.8,12,161.0,162.78764750993295,1.1496717171717172,124,SCANDINAVIAN 3 HEARTS NAPKIN RING,1.0111034006828135,High-Turnover Stable,Keep stable local warehouse inventory
85084,20,17.0,1,20.0,0.0,0.85,7,HOLLY TOP CHRISTMAS STOCKING,0.0,Long-Tail,Limit stock and avoid excessive local warehouse space
85086A,146,122.07999999999998,7,20.857142857142858,22.901445161303478,0.8419327731092437,50,CANDY SPOT HEART DECORATION,1.0980144940350982,Regular,Maintain standard replenishment review
85087,339,1129.99,10,33.9,29.553905551269082,4.030163492063492,125,CANDY SPOT CUSHION COVER,0.8717966239312414,Regular,Maintain standard replenishment review
85088,259,534.83,11,23.545454545454547,23.44510028284646,2.6008636363636364,51,CANDY SPOT HAND BAG,0.9957378498506219,Regular,Maintain standard replenishment review
85089,13,38.35,4,3.25,0.9574271077563381,2.95,5,CANDY SPOT BUNNY,0.2945929562327194,Long-Tail,Limit stock and avoid excessive local warehouse space
85092,27,40.05,1,27.0,0.0,2.3,2,CANDY SPOT TEA COSY,0.0,Long-Tail,Limit stock and avoid excessive local warehouse space
85093,708,475.18,12,59.0,113.34099795829317,1.112385265700483,88,CANDY SPOT EGG WARMER HARE,1.9210338636998843,Regular,Maintain standard replenishment review
85094,640,242.13,13,49.23076923076923,61.61054272086048,0.7676098901098901,90,CANDY SPOT EGG WARMER RABBIT,1.2514641490174785,Regular,Maintain standard replenishment review
85095,150,243.49,12,12.5,15.559270840592403,2.794794372294372,48,THREE CANVAS LUGGAGE TAGS,1.244741667247392,Regular,Maintain standard replenishment review
85096,25,109.23,8,3.125,1.2464234547582247,4.475625,16,HILDA CANDY SPOT RABBIT,0.3988555055226319,Long-Tail,Limit stock and avoid excessive local warehouse space
85099B,48371,94159.81,13,3720.846153846154,1471.636778451907,2.5018670785413266,2089,JUMBO BAG RED RETROSPOT,0.3955113212436127,High-Revenue Priority,Prioritize inventory monitoring and avoid stockouts
85099C,13900,28047.74,13,1069.2307692307693,421.2436258362757,2.6209709367598504,933,JUMBO  BAG BAROQUE BLACK WHITE,0.3939688586957974,High-Revenue Priority,Prioritize inventory monitoring and avoid stockouts
85099F,17237,32495.59,13,1325.923076923077,776.559770348089,2.384452192931334,812,JUMBO BAG STRAWBERRY,0.5856748282488343,High-Revenue Priority,Prioritize inventory monitoring and avoid stockouts
85099f,46,232.06,2,23.0,5.656854249492381,5.047499999999999,10,JUMBO BAG STRAWBERRY,0.2459501847605383,Long-Tail,Limit stock and avoid excessive local warehouse space
85103,143,924.29,6,23.833333333333332,28.287217372280836,8.53347222222222,28,SILVER T-LIGHT SETTING,1.1868762533824126,Regular,Maintain standard replenishment review
85104,201,525.75,9,22.333333333333332,45.986411036305064,3.1374074074074074,17,SILVER GLASS T-LIGHT SET,2.0590930314763463,Regular,Maintain standard replenishment review
85106,649,1142.31,7,92.71428571428571,185.78277125513577,2.703333333333333,20,CUT GLASS HEXAGON T-LIGHT HOLDER,2.0038203371124044,Regular,Maintain standard replenishment review
85107,249,541.39,10,24.9,28.88848290313017,2.4525499999999996,27,CUT GLASS T-LIGHT HOLDER OCTAGON,1.160180036270288,Regular,Maintain standard replenishment review
85109,12,10.2,1,12.0,0.0,0.85,1,PINK BOUDOIR T-LIGHT HOLDER,0.0,Long-Tail,Limit stock and avoid excessive local warehouse space
85111,1409,437.59,11,128.0909090909091,172.37601604948094,0.7436060606060605,57,SILVER GLITTER FLOWER VOTIVE HOLDER,1.3457318499249753,Regular,Maintain standard replenishment review
85114A,649,1105.21,13,49.92307692307692,52.123989260322894,2.0266495726495726,56,BLACK ENCHANTED FOREST PLACEMAT,1.0440860714702584,Regular,Maintain standard replenishment review
85114B,477,902.49,13,36.69230769230769,30.58154295045901,2.231320512820513,77,IVORY ENCHANTED FOREST PLACEMAT,0.8334592418364091,Regular,Maintain standard replenishment review
85114C,516,920.22,12,43.0,40.65374856919436,1.9807460317460317,75,RED ENCHANTED FOREST PLACEMAT,0.9454360132370782,Regular,Maintain standard replenishment review
85114a,49,161.7,6,8.166666666666666,1.9407902170679516,3.301666666666667,15,BLACK ENCHANTED FOREST PLACEMAT,0.23764778168179002,Long-Tail,Limit stock and avoid excessive local warehouse space
85114b,36,118.86000000000001,9,4.0,5.220153254455275,3.2977777777777777,14,IVORY ENCHANTED FOREST PLACEMAT,1.3050383136138188,Long-Tail,Limit stock and avoid excessive local warehouse space
85114c,162,534.66,13,12.461538461538462,7.995992586033171,3.2953846153846156,35,RED ENCHANTED FOREST PLACEMAT,0.6416537260396988,Regular,Maintain standard replenishment review
85115B,3,24.869999999999997,1,3.0,0.0,8.29,1,S/4 BLACK DISCO PARTITION PANEL,0.0,Long-Tail,Limit stock and avoid excessive local warehouse space
85116,941,1106.88,11,85.54545454545455,94.00783332931744,1.4049117007394518,89,BLACK CANDELABRA T-LIGHT HOLDER,1.098922600023902,Regular,Maintain standard replenishment review
85118,146,144.51999999999998,2,73.0,2.8284271247461903,1.50875,10,HEART T-LIGHT HOLDER,0.038745577051317676,Regular,Maintain standard replenishment review
85119,1,3.36,1,1.0,0.0,3.36,1,WATERING CAN SINGLE HOOK PISTACHIO,0.0,Long-Tail,Limit stock and avoid excessive local warehouse space
85123A,37641,104462.75,13,2895.4615384615386,1409.1622579500095,3.12572126805888,2198,WHITE HANGING HEART T-LIGHT HOLDER,0.4866796672073038,High-Revenue Priority,Prioritize inventory monitoring and avoid stockouts
85123a,292,1952.4799999999998,10,29.2,32.58083963176994,6.644,67,WHITE HANGING HEART T-LIGHT HOLDER,1.1157821791702034,Regular,Maintain standard replenishment review
85124B,93,264.06,12,7.75,6.383572667401853,2.9853263888888883,39,BLUE JUICY FRUIT PHOTO FRAME,0.8236867957937875,Regular,Maintain standard replenishment review
85124C,94,261.89,10,9.4,10.72069649478677,2.82245,39,GREEN JUICY FRUIT PHOTO FRAME,1.1404996271049754,Regular,Maintain standard replenishment review
85125,161,760.39,10,16.1,14.090579989640045,5.564433333333334,33,SMALL ROUND CUT GLASS CANDLESTICK,0.8751913037043505,Regular,Maintain standard replenishment review
85126,2,27.14,1,2.0,0.0,13.57,1,LARGE ROUND CUTGLASS CANDLESTICK,0.0,Long-Tail,Limit stock and avoid excessive local warehouse space
85127,187,1106.54,13,14.384615384615385,14.192359808117779,7.623923076923077,51,SMALL SQUARE CUT GLASS CANDLESTICK,0.9866346390670113,Regular,Maintain standard replenishment review
85129B,119,168.59,12,9.916666666666666,13.15265844772167,2.034265873015873,31,BEADED CRYSTAL HEART GREEN SMALL,1.3263184989299164,Regular,Maintain standard replenishment review
85129C,80,107.31,8,10.0,11.161157134071205,1.8570833333333332,15,BEADED CRYSTAL HEART BLUE SMALL,1.1161157134071205,Long-Tail,Limit stock and avoid excessive local warehouse space
85129D,207,342.74,12,17.25,18.04602701175777,1.9131707875457875,65,BEADED CRYSTAL HEART PINK SMALL,1.046146493435233,Regular,Maintain standard replenishment review
85130A,77,127.04999999999998,4,19.25,22.0661883130428,1.65,10,BEADED PEARL HEART WHITE LARGE,1.1462954967814443,Long-Tail,Limit stock and avoid excessive local warehouse space
85130B,834,760.43,12,69.5,92.61013099891589,1.6596230158730159,62,BEADED CRYSTAL HEART GREEN LARGE,1.3325198704879984,Regular,Maintain standard replenishment review
85130C,482,437.22,10,48.2,63.70382859591547,1.2096571428571428,46,BEADED CRYSTAL HEART BLUE  LARGE,1.3216561949360055,Regular,Maintain standard replenishment review
85130D,565,569.29,13,43.46153846153846,78.76718371739103,1.5086630036630038,62,BEADED CRYSTAL HEART PINK LARGE,1.8123422802231566,Regular,Maintain standard replenishment review
85131A,996,901.48,10,99.6,71.05428284847517,0.9607597222222222,119,BEADED PEARL HEART WHITE ON STICK,0.7133964141413169,Regular,Maintain standard replenishment review
85131B,623,521.11,13,47.92307692307692,29.2502465472844,0.8357538461538461,172,BEADED CRYSTAL HEART GREEN ON STICK,0.6103582746624354,Regular,Maintain standard replenishment review
85131C,193,178.85,12,16.083333333333332,11.365484698165865,0.8635416666666665,50,BEADED CRYSTAL HEART BLUE ON STICK,0.7066622610258569,Regular,Maintain standard replenishment review
85131D,850,725.2599999999999,13,65.38461538461539,37.65974522293546,0.8452121212121212,206,BEADED CRYSTAL HEART PINK ON STICK,0.5759725739978365,Regular,Maintain standard replenishment review
85132A,545,1561.77,6,90.83333333333333,115.9265572104454,6.675960317460318,110,CHARLIE + LOLA BISCUITS TINS,1.2762556757113255,Regular,Maintain standard replenishment review
85132B,529,1156.17,7,75.57142857142857,93.68894837503007,6.278566030048382,75,CHARLIE AND LOLA TABLE TINS,1.2397403376658043,Regular,Maintain standard replenishment review
85132C,1520,3562.32,10,152.0,157.89025724639671,5.543474254201083,211,CHARLIE AND LOLA FIGURES TINS,1.0387516924105047,High-Revenue Priority,Prioritize inventory monitoring and avoid stockouts
85132a,8,92.19999999999999,4,2.0,1.4142135623730951,11.524999999999999,8,CHARLIE + LOLA BISCUITS TINS,0.7071067811865476,Long-Tail,Limit stock and avoid excessive local warehouse space
85132b,9,74.60999999999999,3,3.0,1.0,8.29,9,CHARLIE AND LOLA TABLE TINS,0.3333333333333333,Long-Tail,Limit stock and avoid excessive local warehouse space
85132c,3,24.869999999999997,2,1.5,0.7071067811865476,8.29,3,CHARLIE AND LOLA FIGURES TINS,0.47140452079103173,Long-Tail,Limit stock and avoid excessive local warehouse space
85135A,19,151.05,3,6.333333333333333,7.571877794400366,7.95,8,YELLOW DRAGONFLY HELICOPTER,1.1955596517474263,Long-Tail,Limit stock and avoid excessive local warehouse space
85135B,65,524.5500000000001,9,7.222222222222222,10.48543964001722,7.971666666666668,45,BLUE DRAGONFLY HELICOPTER,1.4518301040023842,Long-Tail,Limit stock and avoid excessive local warehouse space
85135C,106,856.3800000000001,13,8.153846153846153,10.89989414204066,7.983538461538462,67,RED DRAGONFLY HELICOPTER,1.3367794702502698,Regular,Maintain standard replenishment review
85136A,71,572.41,12,5.916666666666667,7.6569437688145445,7.986027777777778,53,YELLOW SHARK HELICOPTER,1.294131341208092,Long-Tail,Limit stock and avoid excessive local warehouse space
85136B,2,15.9,1,2.0,0.0,7.95,2,BLUE SHARK HELICOPTER,0.0,Long-Tail,Limit stock and avoid excessive local warehouse space
85136C,52,421.18000000000006,8,6.5,7.982122882685139,8.07,36,RED SHARK HELICOPTER,1.2280189050284829,Long-Tail,Limit stock and avoid excessive local warehouse space
85141,120,619.9399999999999,7,17.142857142857142,19.86981438789814,7.6397619047619045,39,JARDIN ETCHED GLASS FRUITBOWL,1.1590725059607248,Regular,Maintain standard replenishment review
85144,220,582.7,6,36.666666666666664,48.95167685244977,5.306666666666667,41,JARDIN ETCHED GLASS BUTTER DISH,1.3350457323395393,Regular,Maintain standard replenishment review
85145,37,163.75,2,18.5,23.33452377915607,8.35,13,JARDIN ETCHED GLASS LARGE BELL JAR,1.261325609684112,Long-Tail,Limit stock and avoid excessive local warehouse space
85146,45,171.11,5,9.0,9.327379053088816,5.518,9,JARDIN ETCHED GLASS SMALL BELL JAR,1.0363754503432017,Long-Tail,Limit stock and avoid excessive local warehouse space
85150,4037,9383.43,11,367.0,208.6719914123599,3.0438322224459027,478,LADIES & GENTLEMEN METAL SIGN,0.5685885324587463,High-Revenue Priority,Prioritize inventory monitoring and avoid stockouts
85152,8246,15928.73,13,634.3076923076923,287.0076609359016,2.37300763043949,677,HAND OVER THE CHOCOLATE   SIGN,0.45247387729404814,High-Revenue Priority,Prioritize inventory monitoring and avoid stockouts
85159A,453,783.3499999999999,13,34.84615384615385,27.59180480337762,1.9682692307692307,47,"BLACK TEA,COFFEE,SUGAR JARS",0.791817797889424,Regular,Maintain standard replenishment review
85159B,622,1134.5,12,51.833333333333336,20.953773074570748,2.0366666666666666,59,"WHITE TEA,COFFEE,SUGAR JARS",0.40425285674413014,Regular,Maintain standard replenishment review
85160A,6,7.5,1,6.0,0.0,1.25,1,WHITE BIRD GARDEN DESIGN MUG,0.0,Long-Tail,Limit stock and avoid excessive local warehouse space
85160B,106,62.239999999999995,8,13.25,11.448643088655903,1.4275,16,BLACK BIRD GARDEN DESIGN MUG,0.8640485349928984,Regular,Maintain standard replenishment review
85160a,1,16.13,1,1.0,0.0,16.13,1,WHITE BIRD GARDEN DESIGN MUG,0.0,Long-Tail,Limit stock and avoid excessive local warehouse space
85161,35,568.65,8,4.375,5.180664601601392,21.0403125,20,ACRYLIC GEOMETRIC LAMP,1.184151908937461,Long-Tail,Limit stock and avoid excessive local warehouse space
85163A,66,559.0,10,6.6,7.974960814950754,11.925545454545453,32,WHITE BAROQUE WALL CLOCK,1.20832739620466,Long-Tail,Limit stock and avoid excessive local warehouse space
85163B,84,783.68,11,7.636363636363637,10.744977685158096,14.608136363636364,36,BLACK BAROQUE WALL CLOCK,1.4070804111516553,Long-Tail,Limit stock and avoid excessive local warehouse space
85167B,50,109.94,4,12.5,15.154757228892407,3.57625,8,BLACK GRAND BAROQUE PHOTO FRAME,1.2123805783113926,Long-Tail,Limit stock and avoid excessive local warehouse space
85168B,51,432.78999999999996,7,7.285714285714286,6.750661343263233,8.528504201680672,35,BLACK BAROQUE CARRIAGE CLOCK,0.9265613608400516,Long-Tail,Limit stock and avoid excessive local warehouse space
85169A,812,813.0200000000001,13,62.46153846153846,105.16702222703923,1.469655586080586,88,IVORY LOVE BIRD CANDLE,1.683708483930431,Regular,Maintain standard replenishment review
85169B,329,356.06,12,27.416666666666668,44.118555843284,1.6971439393939394,62,BLACK LOVE BIRD CANDLE,1.609187447171453,Regular,Maintain standard replenishment review
85169C,429,452.86,11,39.0,65.42323746192938,1.3686714513556617,46,EAU DE NIL LOVE BIRD CANDLE,1.6775189092802403,Regular,Maintain standard replenishment review
85169D,351,356.08000000000004,12,29.25,50.042027791193135,1.62525,50,PINK LOVE BIRD CANDLE,1.7108385569638678,Regular,Maintain standard replenishment review
85170A,1,2.1,1,1.0,0.0,2.1,1,SET/6 IVORY BIRD T-LIGHT CANDLES,0.0,Long-Tail,Limit stock and avoid excessive local warehouse space
85170B,215,316.75,11,19.545454545454547,25.335207267214674,2.3643181818181818,39,SET/6 BLACK BIRD T-LIGHT CANDLES,1.2962199066947042,Regular,Maintain standard replenishment review
85170C,335,608.53,13,25.76923076923077,24.55997369079022,2.7813176219205635,72,SET/6 EAU DE NIL BIRD T-LIGHTS,0.9530736059112622,Regular,Maintain standard replenishment review
85170D,451,796.99,13,34.69230769230769,32.68889876646355,2.8076141503424115,100,SET/6 PINK BIRD T-LIGHT CANDLES,0.9422520708736722,Regular,Maintain standard replenishment review
85172,1314,569.68,13,101.07692307692308,114.46867223427083,0.5882051282051282,43,HYACINTH BULB T-LIGHT CANDLES,1.1324906689844145,Regular,Maintain standard replenishment review
85173,479,795.02,13,36.84615384615385,33.68443298678227,2.9896125730994147,86,SET/6 FROG PRINCE T-LIGHT CANDLES,0.9141912919168466,Regular,Maintain standard replenishment review
85174,613,2927.08,13,47.15384615384615,52.154971245711806,7.569157064214035,157,S/4 CACTI CANDLES,1.1060597490933988,Regular,Maintain standard replenishment review
85175,5321,2278.9,12,443.4166666666667,143.11753487214202,0.99006873885918,143,CACTI T-LIGHT CANDLES,0.3227608378999632,High-Turnover Stable,Keep stable local warehouse inventory
85176,918,880.47,13,70.61538461538461,34.85096474403175,1.1833014191690663,172,SEWING SUSAN 21 NEEDLE SET,0.49353218047103786,Regular,Maintain standard replenishment review
85177,812,644.2099999999999,13,62.46153846153846,86.32363077842145,1.0065174825174825,63,BASKET OF FLOWERS SEWING KIT,1.3820285715757128,Regular,Maintain standard replenishment review
85178,2518,2822.58,13,193.69230769230768,126.03464114770497,1.3949802807602283,140,VICTORIAN SEWING KIT,0.6506951290389852,High-Turnover Stable,Keep stable local warehouse inventory
85179A,193,380.78999999999996,7,27.571428571428573,37.57595482422743,3.5605081838796124,59,GREEN BITTY LIGHT CHAIN,1.3628584651274196,Regular,Maintain standard replenishment review
85179C,106,201.31,6,17.666666666666668,17.918333255821164,4.200326797385621,36,PINK BITTY LIGHT CHAIN,1.0142452786313865,Regular,Maintain standard replenishment review
85179a,1,2.46,1,1.0,0.0,2.46,1,GREEN BITTY LIGHT CHAIN,0.0,Long-Tail,Limit stock and avoid excessive local warehouse space
85180A,503,1042.66,11,45.72727272727273,86.99665615308545,5.280168997668998,63,RED HEARTS LIGHT CHAIN,1.9025113671648906,Regular,Maintain standard replenishment review
85180B,271,587.2,10,27.1,48.69964635965599,4.918637931034484,48,PINK HEARTS LIGHT CHAIN,1.7970349210205163,Regular,Maintain standard replenishment review
85183A,667,852.04,11,60.63636363636363,33.764693771076104,1.9603939393939394,86,CHARLIE & LOLA WASTEPAPER BIN BLUE,0.5568390277089013,Regular,Maintain standard replenishment review
85183B,996,1323.37,13,76.61538461538461,40.91156817156255,2.3676418581418583,118,CHARLIE & LOLA WASTEPAPER BIN FLORA,0.5339863315565393,Regular,Maintain standard replenishment review
85184C,1652,2985.84,13,127.07692307692308,276.20085129559294,3.6250055343207515,193,S/4 VALENTINE DECOUPAGE HEART BOX,2.173493381866046,Regular,Maintain standard replenishment review
85184c,2,11.58,2,1.0,0.0,5.79,2,SET 4 VALENTINE DECOUPAGE HEART BOX,0.0,Long-Tail,Limit stock and avoid excessive local warehouse space
85185B,297,900.3900000000001,12,24.75,14.232644934030422,3.2580357142857146,71,PINK HORSE SOCK PUPPET,0.5750563609709262,Regular,Maintain standard replenishment review
85185D,15,44.25000000000001,4,3.75,1.707825127659933,2.95,8,FROG SOCK PUPPET,0.4554200340426488,Long-Tail,Limit stock and avoid excessive local warehouse space
85186A,567,273.64,5,113.4,178.12018414542467,0.6709579343365253,79,EASTER BUNNY GARLAND OF FLOWERS,1.5707247279137977,Regular,Maintain standard replenishment review
85186C,528,269.17,7,75.42857142857143,80.96266041177489,0.6769282195636875,78,BUNNY EGG GARLAND,1.0733686039439854,Regular,Maintain standard replenishment review
85187,337,556.53,8,42.125,53.97204964476652,1.9140948275862069,69,S/12 MINI RABBIT EASTER,1.2812355998757632,Regular,Maintain standard replenishment review
85188A,319,278.17,4,79.75,60.66506408139696,1.0094411764705882,42,GREEN METAL SWINGING BUNNY,0.7606904587009023,Regular,Maintain standard replenishment review
85188B,78,68.7,4,19.5,21.97726097583591,1.0915,10,PINK METAL SWINGING BUNNY,1.1270390244018416,Long-Tail,Limit stock and avoid excessive local warehouse space
85189,9,7.6499999999999995,2,4.5,2.1213203435596424,0.85,3,HANGING BUTTERFLY  EGG,0.4714045207910316,Long-Tail,Limit stock and avoid excessive local warehouse space
85194L,947,822.89,6,157.83333333333334,131.16008030901273,0.979292008757526,73,HANGING SPRING FLOWER EGG LARGE,0.8310036767202496,Regular,Maintain standard replenishment review
85194S,1197,489.1700000000001,11,108.81818181818181,77.58713576594792,0.5161983471074381,72,HANGING SPRING FLOWER EGG SMALL,0.7129979059527378,Regular,Maintain standard replenishment review
85195,11,23.1,3,3.6666666666666665,3.7859388972001824,2.1,3,HANGING HEART BASKET,1.0325287901455042,Long-Tail,Limit stock and avoid excessive local warehouse space
85197,34,71.4,5,6.8,4.54972526643093,2.1,19,SET OF 12 MINI BUNNIES IN A BUCKET,0.6690772450633721,Long-Tail,Limit stock and avoid excessive local warehouse space
85198,90,74.58,4,22.5,19.689252567496478,0.93875,9,ASSORTED FARMYARD ANIMALS IN BUCKET,0.8750778918887323,Regular,Maintain standard replenishment review
85199L,977,663.4300000000001,13,75.15384615384616,59.66691734655835,0.8382692307692307,95,LARGE HANGING IVORY & RED WOOD BIRD,0.7939303229327108,Regular,Maintain standard replenishment review
85199S,2660,1302.31,13,204.6153846153846,241.3305266163464,0.5961572242572243,261,SMALL HANGING IVORY/RED WOOD BIRD,1.1794349045159787,High-Turnover Volatile,Monitor closely and replenish in smaller batches
85200,183,228.75,4,45.75,29.74754891863642,1.25,26,BUNNY EGG BOX,0.6502196484947851,Regular,Maintain standard replenishment review
85202,672,313.13,12,56.0,79.86921127124587,0.5923697679026626,106,HANGING WOOD AND FELT HEART,1.426235915557962,Regular,Maintain standard replenishment review
85203,895,408.99,13,68.84615384615384,79.88830343448923,0.6048934676434676,127,HANGING WOOD AND FELT BUTTERFLY,1.1603887649702347,Regular,Maintain standard replenishment review
85204,2050,325.36,13,157.69230769230768,199.2529316452603,0.32657342657342653,104,HANGING WOOD AND FELT FLOWER,1.2635551762870167,High-Turnover Volatile,Monitor closely and replenish in smaller batches
85205B,122,323.15,5,24.4,12.973048986263793,2.764222222222222,29,PINK FELT EASTER RABBIT GARLAND,0.5316823355026145,Regular,Maintain standard replenishment review
85206A,974,1568.9299999999998,4,243.5,169.7026811809407,1.7242276186790506,114,CREAM FELT EASTER EGG BASKET,0.6969309288744997,Regular,Maintain standard replenishment review
85206B,14,23.1,1,14.0,0.0,1.65,4,PINK FELT EASTER EGG BASKET,0.0,Long-Tail,Limit stock and avoid excessive local warehouse space
85208,223,416.91,11,20.272727272727273,27.28036256757197,2.2003787878787877,48,SET/12 FUNKY FELT FLOWER PEG IN BAG,1.3456681087143123,Regular,Maintain standard replenishment review
85211,149,175.15999999999997,9,16.555555555555557,27.18966306848575,1.8464603174603174,24,S/4 GROOVY CAT MAGNETS,1.6423286417206155,Regular,Maintain standard replenishment review
85212,2451,740.15,13,188.53846153846155,199.64577605708538,0.4891269841269841,79,MINI PAINTED GARDEN DECORATION,1.0589127249049817,High-Turnover Stable,Keep stable local warehouse inventory
85213,829,330.55,8,103.625,221.55098574755718,0.9971022727272727,33,MINI  ZINC GARDEN DECORATIONS,2.1380071000970537,Regular,Maintain standard replenishment review
85214,164,271.03999999999996,9,18.22222222222222,14.201916928515125,1.6677018043684708,58,TUB 24 PINK FLOWER PEGS,0.7793734899794886,Regular,Maintain standard replenishment review
85215,223,180.71,8,27.875,24.32187434036636,0.948125,18,ASSORTED CHEESE FRIDGE MAGNETS,0.8725336086230084,Regular,Maintain standard replenishment review
85216,55,35.75,6,9.166666666666666,6.013872850889572,0.65,8,ASSORTED CAKES FRIDGE MAGNETS,0.6560588564606806,Long-Tail,Limit stock and avoid excessive local warehouse space
85224,3,6.300000000000001,1,3.0,0.0,2.1,1,ASSORTED COLOUR SILK GLASSES CASE,0.0,Long-Tail,Limit stock and avoid excessive local warehouse space
85225,6,6.25,2,3.0,2.8284271247461903,1.125,3,BLING KEY RING STAND,0.9428090415820635,Long-Tail,Limit stock and avoid excessive local warehouse space
85227,1477,1359.3999999999999,13,113.61538461538461,58.245941863701916,1.0740406968197969,223,SET OF 6 3D KIT CARDS FOR KIDS,0.5126589331266925,Regular,Maintain standard replenishment review
85230A,840,203.28,9,93.33333333333333,56.85068161420758,0.2559259259259259,18,OPIUM SCENTED VOTIVE CANDLE,0.6091144458665099,Regular,Maintain standard replenishment review
85230B,1288,333.2,12,107.33333333333333,90.74773559241858,0.27305555555555555,39,CINNAMON SCENTED VOTIVE CANDLE,0.8454757974448937,Regular,Maintain standard replenishment review
85230E,1101,267.45,10,110.1,56.463262392461885,0.2617333333333333,24,STRAWBRY SCENTED VOTIVE CANDLE,0.5128361706853941,Regular,Maintain standard replenishment review
85230F,338,90.33999999999999,7,48.285714285714285,49.64445012860379,0.2833333333333333,12,JASMINE VOTIVE CANDLE,1.0281394997048123,Regular,Maintain standard replenishment review
85230G,1032,257.03999999999996,12,86.0,55.54359467203135,0.2622222222222222,25,ORANGE VOTIVE CANDLE,0.6458557520003645,Regular,Maintain standard replenishment review
85231B,868,777.58,13,66.76923076923077,62.886344365786655,1.0505903724758214,151,CINAMMON SET OF 9 T-LIGHTS,0.941846171376989,Regular,Maintain standard replenishment review
85231G,594,501.27,11,54.0,30.64963295049388,0.9381259968102073,81,ORANGE SCENTED SET/9 T-LIGHTS,0.5675857953795164,Regular,Maintain standard replenishment review
85231b,3,4.92,3,1.0,0.0,1.64,3,CINAMMON SET OF 9 T-LIGHTS,0.0,Long-Tail,Limit stock and avoid excessive local warehouse space
85231g,6,9.78,4,1.5,0.5773502691896257,1.63,6,ORANGE SCENTED SET/9 T-LIGHTS,0.38490017945975047,Long-Tail,Limit stock and avoid excessive local warehouse space
85232A,78,389.55,6,13.0,15.427248620541512,5.403416666666668,29,SET/3 POLKADOT STACKING TINS,1.186711432349347,Long-Tail,Limit stock and avoid excessive local warehouse space
85232B,274,1356.3,3,91.33333333333333,150.4072250037655,4.95,13,SET OF 3 BABUSHKA STACKING TINS,1.6467944343477974,Regular,Maintain standard replenishment review
85232D,193,992.5200000000001,11,17.545454545454547,14.624388099087335,5.868780303030303,69,SET/3 DECOUPAGE STACKING TINS,0.8335143476163765,Regular,Maintain standard replenishment review
90000A,13,77.91,5,2.6,1.51657508881031,6.006,8,RASPBERRY ANT COPPER FLOWER NECKLAC,0.5832981110808885,Long-Tail,Limit stock and avoid excessive local warehouse space
90000B,11,67.83,6,1.8333333333333333,1.6020819787597222,6.16,7,MIDNIGHT BLUE COPPER FLOWER NECKLAC,0.8738628975053031,Long-Tail,Limit stock and avoid excessive local warehouse space
90000D,21,129.85000000000002,10,2.1,1.728840330651992,6.16,14,COPPER/OLIVE GREEN FLOWER NECKLACE,0.8232573003104723,Long-Tail,Limit stock and avoid excessive local warehouse space
90001A,5,20.950000000000003,4,1.25,0.5,4.175000000000001,4,ANTIQUE RASPBERRY FLOWER EARRINGS,0.4,Long-Tail,Limit stock and avoid excessive local warehouse space
90001B,5,21.15,3,1.6666666666666667,0.5773502691896258,4.216666666666667,3,ANTIQUE MID BLUE FLOWER EARRINGS,0.3464101615137755,Long-Tail,Limit stock and avoid excessive local warehouse space
90001C,5,21.130000000000003,4,1.25,0.5,4.2325,5,ANTIQUE OPAL WHITE FLOWER EARRINGS,0.4,Long-Tail,Limit stock and avoid excessive local warehouse space
90001D,7,29.73,5,1.4,0.5477225575051661,4.246,5,ANTIQUE OLIVE GREEN FLOWER EARRINGS,0.3912303982179758,Long-Tail,Limit stock and avoid excessive local warehouse space
90002D,13,48.71,5,2.6,2.5099800796022267,3.746,9,FLOWER BURST SILVER RING CRYSTAL,0.9653769536931641,Long-Tail,Limit stock and avoid excessive local warehouse space
90003B,15,56.31,7,2.142857142857143,1.3451854182690985,3.7542857142857144,10,ROSE COLOUR PAIR HEART HAIR SLIDES,0.627753195192246,Long-Tail,Limit stock and avoid excessive local warehouse space
90003C,32,119.84,11,2.909090909090909,1.6403990645294486,3.7427272727272727,24,MIDNIGHT BLUE PAIR HEART HAIR SLIDE,0.563887178431998,Long-Tail,Limit stock and avoid excessive local warehouse space
90003D,30,112.25999999999999,9,3.3333333333333335,2.29128784747792,3.7393333333333327,16,CRYSTAL PAIR HEART HAIR SLIDES,0.6873863542433759,Long-Tail,Limit stock and avoid excessive local warehouse space
90003E,23,86.11,8,2.875,1.9594095320493148,3.7483333333333335,14,GREEN PAIR HEART HAIR SLIDES,0.6815337502780225,Long-Tail,Limit stock and avoid excessive local warehouse space
90005A,14,28.02,3,4.666666666666667,5.507570547286102,2.0128571428571425,10,JADE GREEN ENAMEL HAIR COMB,1.1801936887041646,Long-Tail,Limit stock and avoid excessive local warehouse space
90010A,18,167.3,9,2.0,1.118033988749895,9.282962962962962,15,MIDNIGHT BLUE GLASS/SILVER BRACELET,0.5590169943749475,Long-Tail,Limit stock and avoid excessive local warehouse space
90010B,11,100.08999999999999,4,2.75,1.5,9.052499999999998,7,BLACK/WHITE GLASS/SILVER BRACELET,0.5454545454545454,Long-Tail,Limit stock and avoid excessive local warehouse space
90010E,25,227.89000000000001,9,2.7777777777777777,1.6414763002993509,9.100185185185186,16,AMBER GLASS/SILVER BRACELET,0.5909314681077663,Long-Tail,Limit stock and avoid excessive local warehouse space
90011A,6,17.509999999999998,4,1.5,0.5773502691896257,2.9212499999999997,6,MIDNIGHT BLUE CRYSTAL DROP EARRINGS,0.38490017945975047,Long-Tail,Limit stock and avoid excessive local warehouse space
90011B,12,35.27,6,2.0,2.0,2.9324999999999997,7,BLACK CRYSTAL DROP EARRINGS,1.0,Long-Tail,Limit stock and avoid excessive local warehouse space
90011C,2,5.8,2,1.0,0.0,2.9,2,GREEN CRYSTAL DROP EARRINGS,0.0,Long-Tail,Limit stock and avoid excessive local warehouse space
90011D,3,8.76,3,1.0,0.0,2.92,3,PURPLE CRYSTAL DROP EARRINGS,0.0,Long-Tail,Limit stock and avoid excessive local warehouse space
90011E,3,8.76,3,1.0,0.0,2.92,3,AMBER CRYSTAL DROP EARRINGS,0.0,Long-Tail,Limit stock and avoid excessive local warehouse space
90012A,11,53.760000000000005,4,2.75,3.5,8.2775,5,MIDNIGHT BLUE DROP CRYSTAL NECKLACE,1.2727272727272727,Long-Tail,Limit stock and avoid excessive local warehouse space
90012B,13,45.35000000000001,3,4.333333333333333,2.886751345948129,5.283333333333333,3,BLACK DROP CRYSTAL NECKLACE,0.6661733875264914,Long-Tail,Limit stock and avoid excessive local warehouse space
90013A,52,195.32,10,5.2,3.0477678535099892,3.745547619047619,32,MIDNIGHT BLUE VINTAGE EARRINGS,0.5861092025980749,Long-Tail,Limit stock and avoid excessive local warehouse space
90013B,36,149.41,11,3.272727272727273,2.9695423583747407,4.1440909090909095,31,BLACK VINTAGE EARRINGS,0.9073601650589485,Long-Tail,Limit stock and avoid excessive local warehouse space
90013C,39,158.08,11,3.5454545454545454,2.6967994498529686,4.073333333333334,28,GREEN VINTAGE EARRINGS,0.7606357422662219,Long-Tail,Limit stock and avoid excessive local warehouse space
90013D,6,25.17,3,2.0,1.0,4.180000000000001,3,PURPLE VINTAGE EARRINGS,0.5,Long-Tail,Limit stock and avoid excessive local warehouse space
90014A,27,217.59,12,2.25,1.8153386861559873,9.255972222222223,21,SILVER/MOP ORBIT NECKLACE,0.8068171938471055,Long-Tail,Limit stock and avoid excessive local warehouse space
90014B,17,158.74,8,2.125,0.8345229603962802,9.350625,15,GOLD M PEARL  ORBIT NECKLACE,0.3927166872453083,Long-Tail,Limit stock and avoid excessive local warehouse space
90014C,5,43.199999999999996,3,1.6666666666666667,0.5773502691896257,8.858333333333333,4,SILVER/BLACK ORBIT NECKLACE,0.3464101615137754,Long-Tail,Limit stock and avoid excessive local warehouse space
90016A,17,105.71000000000001,7,2.4285714285714284,2.9920529661723827,7.815714285714286,7,SILVER/M.O.P PENDANT ORBIT NECKLACE,1.232021809600393,Long-Tail,Limit stock and avoid excessive local warehouse space
90016B,22,184.66,10,2.2,1.2292725943057183,8.4025,19,GOLD/M.O.P PENDANT ORBIT NECKLACE,0.5587602701389628,Long-Tail,Limit stock and avoid excessive local warehouse space
90016C,3,24.96,3,1.0,0.0,8.32,3,SILVER/BLACK PENDANT ORBIT NECKLACE,0.0,Long-Tail,Limit stock and avoid excessive local warehouse space
90018A,46,193.33,11,4.181818181818182,2.2723636072680717,4.195545454545455,37,SILVER M.O.P ORBIT DROP EARRINGS,0.5433912973901911,Long-Tail,Limit stock and avoid excessive local warehouse space
90018B,22,92.28,10,2.2,1.398411797560202,4.199,17,GOLD M.O.P ORBIT DROP EARRINGS,0.6356417261637282,Long-Tail,Limit stock and avoid excessive local warehouse space
90018C,12,50.400000000000006,5,2.4,1.51657508881031,4.183333333333334,9,SILVER BLACK ORBIT DROP EARRINGS,0.6319062870042959,Long-Tail,Limit stock and avoid excessive local warehouse space
90019A,38,197.09,12,3.1666666666666665,2.167249338901663,5.2575,27,SILVER M.O.P ORBIT BRACELET,0.6843945280742094,Long-Tail,Limit stock and avoid excessive local warehouse space
90019B,18,96.52000000000001,9,2.0,1.3228756555322954,5.318333333333333,18,GOLD M.O.P ORBIT BRACELET,0.6614378277661477,Long-Tail,Limit stock and avoid excessive local warehouse space
90019C,13,68.73,8,1.625,0.9161253813129043,5.245,11,SILVER BLACK ORBIT BRACELET,0.5637694654233257,Long-Tail,Limit stock and avoid excessive local warehouse space
90020,1,12.48,1,1.0,0.0,12.48,1,FILIGREE DIAMANTE CHAIN,0.0,Long-Tail,Limit stock and avoid excessive local warehouse space
90021,1,11.95,1,1.0,0.0,11.95,1,LASER CUT MULTI STRAND NECKLACE,0.0,Long-Tail,Limit stock and avoid excessive local warehouse space
90022,24,90.2,9,2.6666666666666665,2.23606797749979,3.743492063492064,20,EDWARDIAN DROP EARRINGS JET BLACK,0.8385254915624212,Long-Tail,Limit stock and avoid excessive local warehouse space
90023,13,55.02,7,1.8571428571428572,0.6900655593423541,4.225714285714286,9,FILIGREE DIAMANTE EARRINGS,0.37157376272280607,Long-Tail,Limit stock and avoid excessive local warehouse space
90024B,8,67.28,5,1.6,0.5477225575051662,8.392,6,NEW BAROQUE B'FLY NECKLACE RED,0.3423265984407288,Long-Tail,Limit stock and avoid excessive local warehouse space
90024C,4,33.81,3,1.3333333333333333,0.5773502691896257,8.436666666666667,3,NEW BAROQUE B'FLY NECKLACE GREEN,0.4330127018922193,Long-Tail,Limit stock and avoid excessive local warehouse space
90024D,2,16.82,2,1.0,0.0,8.41,2,NEW BAROQUE B'FLY NECKLACE PINK,0.0,Long-Tail,Limit stock and avoid excessive local warehouse space
90024E,2,16.810000000000002,2,1.0,0.0,8.405000000000001,2,NEW BAROQUE B'FLY NECKLACE MONTANA,0.0,Long-Tail,Limit stock and avoid excessive local warehouse space
90024F,5,42.13,4,1.25,0.5,8.4075,4,NEW BAROQUE B'FLY NECKLACE CRYSTAL,0.4,Long-Tail,Limit stock and avoid excessive local warehouse space
90025A,2,7.5,2,1.0,0.0,3.75,2,BAROQUE BUTTERFLY EARRINGS BLACK,0.0,Long-Tail,Limit stock and avoid excessive local warehouse space
90025B,1,3.73,1,1.0,0.0,3.73,1,BAROQUE BUTTERFLY EARRINGS RED,0.0,Long-Tail,Limit stock and avoid excessive local warehouse space
90025D,3,11.19,3,1.0,0.0,3.73,3,BAROQUE BUTTERFLY EARRINGS PINK,0.0,Long-Tail,Limit stock and avoid excessive local warehouse space
90025E,1,3.73,1,1.0,0.0,3.73,1,BAROQUE BUTTERFLY EARRINGS MONTANA,0.0,Long-Tail,Limit stock and avoid excessive local warehouse space
90025F,4,14.96,3,1.3333333333333333,0.5773502691896258,3.736666666666667,4,BAROQUE BUTTERFLY EARRINGS CRYSTAL,0.4330127018922194,Long-Tail,Limit stock and avoid excessive local warehouse space
90026A,2,17.0,1,2.0,0.0,8.5,1,GLASS BEAD HOOP NECKLACE BLACK,0.0,Long-Tail,Limit stock and avoid excessive local warehouse space
90026B,3,25.32,2,1.5,0.7071067811865476,8.455,3,GLASS BEAD HOOP NECKLACE MONTANA,0.47140452079103173,Long-Tail,Limit stock and avoid excessive local warehouse space
90026C,4,33.82,3,1.3333333333333333,0.5773502691896258,8.44,3,GLASS BEAD HOOP NECKLACE GREEN,0.4330127018922194,Long-Tail,Limit stock and avoid excessive local warehouse space
90026D,3,25.5,3,1.0,0.0,8.5,3,GLASS BEAD HOOP NECKLACE AMETHYST,0.0,Long-Tail,Limit stock and avoid excessive local warehouse space
90027A,6,17.66,2,3.0,2.8284271247461903,2.9275,3,GLASS BEAD HOOP EARRINGS BLACK,0.9428090415820635,Long-Tail,Limit stock and avoid excessive local warehouse space
90027B,3,8.76,3,1.0,0.0,2.92,3,GLASS BEAD HOOP EARRINGS MONTANA,0.0,Long-Tail,Limit stock and avoid excessive local warehouse space
90027C,5,14.5,4,1.25,0.5,2.9,5,GLASS BEAD HOOP EARRINGS GREEN,0.4,Long-Tail,Limit stock and avoid excessive local warehouse space
90027D,9,28.4,4,2.25,1.2583057392117916,3.2275,6,GLASS BEAD HOOP EARRINGS AMETHYST,0.5592469952052407,Long-Tail,Limit stock and avoid excessive local warehouse space
90028,16,134.16,7,2.2857142857142856,2.2146697055682827,8.394285714285715,14,NEW BAROQUE LARGE NECKLACE BLK/WHIT,0.9689179961861237,Long-Tail,Limit stock and avoid excessive local warehouse space
90029,5,42.14,4,1.25,0.5,8.41,4,NEW BAROQUE SMALL NECKLACE BLACK,0.4,Long-Tail,Limit stock and avoid excessive local warehouse space
90030A,72,72.0,4,18.0,24.0,1.0,7,SPOTTED WHITE NATURAL SEED NECKLACE,1.3333333333333333,Long-Tail,Limit stock and avoid excessive local warehouse space
90030B,122,190.73000000000002,10,12.2,11.173381065928275,3.3623333333333334,25,RED KUKUI COCONUT SEED NECKLACE,0.9158509070433013,Regular,Maintain standard replenishment review
90030C,77,91.7,6,12.833333333333334,19.893885157672614,2.626666666666667,11,BROWN KUKUI COCONUT SEED NECKLACE,1.5501728694290346,Long-Tail,Limit stock and avoid excessive local warehouse space
90031,50,59.89,6,8.333333333333334,10.893423092245461,2.6483333333333334,7,BILI NUT AND WOOD NECKLACE,1.3072107710694554,Long-Tail,Limit stock and avoid excessive local warehouse space
90032,21,103.13,6,3.5,2.8809720581775866,5.726666666666667,8,IVORY SHELL HEART NECKLACE,0.8231348737650247,Long-Tail,Limit stock and avoid excessive local warehouse space
90033,10,25.07,7,1.4285714285714286,0.5345224838248488,2.4992857142857146,9,IVORY SHELL HEART EARRINGS,0.37416573867739417,Long-Tail,Limit stock and avoid excessive local warehouse space
90034,2,20.17,2,1.0,0.0,10.085,2,WHITE SILVER NECKLACE SHELL GLASS,0.0,Long-Tail,Limit stock and avoid excessive local warehouse space
90035A,5,53.62,3,1.6666666666666667,1.1547005383792517,10.706666666666665,3,"PEARL & SHELL 42""NECKL. GREEN",0.692820323027551,Long-Tail,Limit stock and avoid excessive local warehouse space
90035C,2,21.5,1,2.0,0.0,10.75,1,"PEARL & SHELL 42""NECKL. IVORY",0.0,Long-Tail,Limit stock and avoid excessive local warehouse space
90036A,6,47.7,3,2.0,1.0,7.95,4,FLOWER GARLAND NECKLACE RED,0.5,Long-Tail,Limit stock and avoid excessive local warehouse space
90036B,4,31.8,2,2.0,1.4142135623730951,7.95,2,"FLOWER GLASS GARLAND NECKL.36""GREEN",0.7071067811865476,Long-Tail,Limit stock and avoid excessive local warehouse space
90036C,9,71.4,5,1.8,1.0954451150103321,7.92,5,"FLOWER GLASS GARLAND NECKL.36""BLUE",0.6085806194501845,Long-Tail,Limit stock and avoid excessive local warehouse space
90036D,12,95.35000000000001,5,2.4,1.3416407864998738,7.94,5,"FLOWER GLASS GARLAND NECKL.36""BLACK",0.5590169943749475,Long-Tail,Limit stock and avoid excessive local warehouse space
90036E,14,110.95,8,1.75,1.3887301496588271,7.922916666666667,11,"FLOWER GLASS GARLD NECKL36""AMETHYST",0.7935600855193298,Long-Tail,Limit stock and avoid excessive local warehouse space
90036F,8,64.08,3,2.6666666666666665,1.1547005383792517,8.03,5,"FLOWER GLASS GARLD NECKL36""TURQUOIS",0.4330127018922194,Long-Tail,Limit stock and avoid excessive local warehouse space
90037A,1,2.48,1,1.0,0.0,2.48,1,TINY CRYSTAL BRACELET RED,0.0,Long-Tail,Limit stock and avoid excessive local warehouse space
90037B,10,25.28,4,2.5,2.3804761428476167,2.505,5,TINY CRYSTAL BRACELET GREEN,0.9521904571390467,Long-Tail,Limit stock and avoid excessive local warehouse space
90037C,5,12.52,4,1.25,0.5,2.495,5,TINY CRYSTAL BRACELET BLUE,0.4,Long-Tail,Limit stock and avoid excessive local warehouse space
90038A,15,56.15,8,1.875,1.7268882005337975,3.7425,10,GLASS AND PAINTED BEADS BRACELET TO,0.921007040284692,Long-Tail,Limit stock and avoid excessive local warehouse space
90038B,13,48.77,6,2.1666666666666665,1.9407902170679516,3.7466666666666666,8,GLASS AND PAINTED BEADS BRACELET OL,0.8957493309544393,Long-Tail,Limit stock and avoid excessive local warehouse space
90038C,9,33.69,4,2.25,2.5,3.735,4,GLASS AND BEADS BRACELET IVORY,1.1111111111111112,Long-Tail,Limit stock and avoid excessive local warehouse space
90039A,8,29.96,3,2.6666666666666665,2.886751345948129,3.736666666666667,3,FIRE POLISHED GLASS BRACELET RED,1.0825317547305484,Long-Tail,Limit stock and avoid excessive local warehouse space
90039B,11,41.31,5,2.2,2.16794833886788,3.758,6,FIRE POLISHED GLASS BRACELET MONTAN,0.9854310631217635,Long-Tail,Limit stock and avoid excessive local warehouse space
90039C,6,22.48,5,1.2,0.4472135954999579,3.75,6,FIRE POLISHED GLASS BRACELET BLACK,0.37267799624996495,Long-Tail,Limit stock and avoid excessive local warehouse space
90039D,21,78.69,8,2.625,3.814914340921881,3.745,9,FIRE POLISHED GLASS BRACELET GREEN,1.4533007013035737,Long-Tail,Limit stock and avoid excessive local warehouse space
90040A,14,54.290000000000006,3,4.666666666666667,2.081665999466133,3.84,5,MURANO STYLE GLASS BRACELET RED,0.4460712855998856,Long-Tail,Limit stock and avoid excessive local warehouse space
90040B,18,66.7,4,4.5,4.725815626252608,3.68,11,MURANO STYLE GLASS BRACELET BLACK,1.0501812502783574,Long-Tail,Limit stock and avoid excessive local warehouse space
90040C,15,54.42,5,3.0,1.5811388300841898,3.654,10,MURANO STYLE GLASS BRACELET GOLD,0.5270462766947299,Long-Tail,Limit stock and avoid excessive local warehouse space
90041,5,18.27,4,1.25,0.5,3.6925,4,PEARL AND CHERRY QUARTZ BRACLET,0.4,Long-Tail,Limit stock and avoid excessive local warehouse space
90042A,3,7.6499999999999995,2,1.5,0.7071067811865476,2.55,2,FRESHWATER PEARL BRACELET GOLD,0.47140452079103173,Long-Tail,Limit stock and avoid excessive local warehouse space
90042C,5,12.7,2,2.5,0.7071067811865476,2.54,5,FRESHWATER PEARL BRACELET IVORY,0.282842712474619,Long-Tail,Limit stock and avoid excessive local warehouse space
90043,4,24.810000000000002,2,2.0,1.4142135623730951,7.455,2,COPPER AND BRASS BAG CHARM,0.7071067811865476,Long-Tail,Limit stock and avoid excessive local warehouse space
90046,3,14.85,1,3.0,0.0,4.95,1,WHITE WITH METAL BAG CHARM,0.0,Long-Tail,Limit stock and avoid excessive local warehouse space
90048,3,14.85,1,3.0,0.0,4.95,1,GREEN WITH METAL BAG CHARM,0.0,Long-Tail,Limit stock and avoid excessive local warehouse space
90049,5,34.77,3,1.6666666666666667,1.1547005383792517,8.290000000000001,3,IVORY GOLD METAL BAG CHARM,0.692820323027551,Long-Tail,Limit stock and avoid excessive local warehouse space
90050,8,55.72,4,2.0,1.1547005383792515,6.98,4,CRACKED GLAZE NECKLACE IVORY,0.5773502691896257,Long-Tail,Limit stock and avoid excessive local warehouse space
90051,10,70.16,4,2.5,1.0,7.025,7,CRACKED GLAZE NECKLACE RED,0.4,Long-Tail,Limit stock and avoid excessive local warehouse space
90052,2,14.14,2,1.0,0.0,7.07,2,CRACKED GLAZE NECKLACE BROWN,0.0,Long-Tail,Limit stock and avoid excessive local warehouse space
90053,4,9.99,4,1.0,0.0,2.4975,4,CRACKED GLAZE EARRINGS IVORY,0.0,Long-Tail,Limit stock and avoid excessive local warehouse space
90054,9,22.58,6,1.5,0.5477225575051662,2.5124999999999997,9,CRACKED GLAZE EARRINGS RED,0.36514837167011077,Long-Tail,Limit stock and avoid excessive local warehouse space
90055,5,12.53,4,1.25,0.5,2.5125,5,CRACKED GLAZE EARRINGS BROWN,0.4,Long-Tail,Limit stock and avoid excessive local warehouse space
90056,4,43.510000000000005,3,1.3333333333333333,0.5773502691896258,10.896666666666667,4,CHUNKY CRACKED GLAZE NECKLACE IVORY,0.4330127018922194,Long-Tail,Limit stock and avoid excessive local warehouse space
90057,1008,1311.3600000000001,6,168.0,152.54638638787875,1.4283333333333335,22,DIAMANTE RING ASSORTED IN BOX.,0.9080142046897545,Regular,Maintain standard replenishment review
90058A,324,123.12,4,81.0,68.14690014960328,0.38,7,CRYSTAL STUD EARRINGS CLEAR DISPLAY,0.8413197549333739,Regular,Maintain standard replenishment review
90058B,612,232.56,6,102.0,89.39798655450804,0.38000000000000006,15,CRYSTAL STUD EARRINGS ASSORTED COL,0.8764508485736082,Regular,Maintain standard replenishment review
90059A,45,74.53,9,5.0,2.2360679774997894,1.6559259259259258,27,DIAMANTE HAIR GRIP PACK/2 CRYSTAL,0.44721359549995787,Long-Tail,Limit stock and avoid excessive local warehouse space
90059B,16,26.52,6,2.6666666666666665,1.96638416050035,1.6577777777777776,10,DIAMANTE HAIR GRIP PACK/2 BLACK DIA,0.7373940601876313,Long-Tail,Limit stock and avoid excessive local warehouse space
90059C,15,24.79,7,2.142857142857143,2.0354009783964297,1.6557142857142857,10,DIAMANTE HAIR GRIP PACK/2 MONTANA,0.9498537899183339,Long-Tail,Limit stock and avoid excessive local warehouse space
90059D,25,41.449999999999996,10,2.5,1.90029237516523,1.655333333333333,19,DIAMANTE HAIR GRIP PACK/2 PERIDOT,0.760116950066092,Long-Tail,Limit stock and avoid excessive local warehouse space
90059E,25,41.37,8,3.125,2.4748737341529163,1.6533333333333333,15,DIAMANTE HAIR GRIP PACK/2 RUBY,0.7919595949289332,Long-Tail,Limit stock and avoid excessive local warehouse space
90059F,21,34.69,8,2.625,1.685018016012207,1.6524999999999999,14,DIAMANTE HAIR GRIP PACK/2 LT ROSE,0.6419116251475074,Long-Tail,Limit stock and avoid excessive local warehouse space
90060B,1,5.95,1,1.0,0.0,5.95,1,FIRE POLISHED GLASS NECKL GOLD,0.0,Long-Tail,Limit stock and avoid excessive local warehouse space
90060D,3,17.85,1,3.0,0.0,5.95,3,FIRE POLISHED GLASS NECKL BRONZE,0.0,Long-Tail,Limit stock and avoid excessive local warehouse space
90060F,6,35.160000000000004,5,1.2,0.4472135954999579,5.868,6,FIRE POLISHED GLASS NECKL GREEN,0.37267799624996495,Long-Tail,Limit stock and avoid excessive local warehouse space
90062,44,558.03,5,8.8,4.43846820423443,12.651,26,CARNIVAL BRACELET,0.5043713868448215,Long-Tail,Limit stock and avoid excessive local warehouse space
90063A,12,102.0,6,2.0,0.6324555320336759,8.5,8,WHITE VINT ART DECO CRYSTAL NECKLAC,0.31622776601683794,Long-Tail,Limit stock and avoid excessive local warehouse space
90063B,9,76.32,5,1.8,0.8366600265340756,8.482,6,BLACK VINT ART DEC CRYSTAL NECKLACE,0.4648111258522642,Long-Tail,Limit stock and avoid excessive local warehouse space
90064A,10,38.7,4,2.5,1.7320508075688772,3.95,6,WHITE VINTAGE CRYSTAL EARRINGS,0.6928203230275509,Long-Tail,Limit stock and avoid excessive local warehouse space
90064B,12,45.0,5,2.4,1.51657508881031,3.75,7,BLACK VINTAGE  CRYSTAL EARRINGS,0.6319062870042959,Long-Tail,Limit stock and avoid excessive local warehouse space
90065A,7,47.25,4,1.75,0.9574271077563381,6.75,4,WHITE VINTAGE CRYSTAL BRACELET,0.5471012044321932,Long-Tail,Limit stock and avoid excessive local warehouse space
90065B,2,13.5,2,1.0,0.0,6.75,2,BLACK VINT ART DEC CRYSTAL BRACELET,0.0,Long-Tail,Limit stock and avoid excessive local warehouse space
90067A,14,41.150000000000006,5,2.8,2.16794833886788,2.935,7,PINK VINTAGE VICTORIAN EARRINGS,0.7742672638813858,Long-Tail,Limit stock and avoid excessive local warehouse space
90067B,2,5.8,1,2.0,0.0,2.9,2,BROWN VINTAGE VICTORIAN EARRINGS,0.0,Long-Tail,Limit stock and avoid excessive local warehouse space
90068,1,7.5,1,1.0,0.0,7.5,1,"RUBY GLASS NECKLACE 42""",0.0,Long-Tail,Limit stock and avoid excessive local warehouse space
90069,2,15.0,1,2.0,0.0,7.5,1,RUBY GLASS CLUSTER NECKLACE,0.0,Long-Tail,Limit stock and avoid excessive local warehouse space
90070,20,122.64,10,2.0,1.247219128924647,6.146,14,RUBY GLASS CLUSTER BRACELET,0.6236095644623235,Long-Tail,Limit stock and avoid excessive local warehouse space
90071,44,54.62,12,3.6666666666666665,3.420083288016491,1.2346180555555555,33,RUBY GLASS CLUSTER EARRINGS,0.9327499876408613,Long-Tail,Limit stock and avoid excessive local warehouse space
90072,21,83.42,9,2.3333333333333335,1.9364916731037085,4.0761111111111115,14,RUBY DROP CHANDELIER EARRINGS,0.8299250027587322,Long-Tail,Limit stock and avoid excessive local warehouse space
90073,27,134.7,10,2.7,2.869378562220979,4.987,18,VINTAGE ENAMEL & CRYSTAL EARRINGS,1.0627328008225847,Long-Tail,Limit stock and avoid excessive local warehouse space
90074,4,37.239999999999995,3,1.3333333333333333,0.5773502691896257,9.43,3,BLACK DIAMOND CLUSTER NECKLACE,0.4330127018922193,Long-Tail,Limit stock and avoid excessive local warehouse space
90075,4,37.66,2,2.0,0.0,9.415,3,MONTANA DIAMOND CLUSTER NECKLACE,0.0,Long-Tail,Limit stock and avoid excessive local warehouse space
90076,9,24.12,4,2.25,2.5,2.8425,4,MONTANA DIAMOND CLUSTER EARRINGS,1.1111111111111112,Long-Tail,Limit stock and avoid excessive local warehouse space
90077,3,8.82,2,1.5,0.7071067811865476,2.9299999999999997,3,BLACK DIAMOND CLUSTER EARRINGS,0.47140452079103173,Long-Tail,Limit stock and avoid excessive local warehouse space
90078,2,15.0,1,2.0,0.0,7.5,1,PINK/WHITE GLASS DEMI CHOKER,0.0,Long-Tail,Limit stock and avoid excessive local warehouse space
90079,10,49.760000000000005,4,2.5,1.7320508075688772,4.9925,4,VINTAGE ENAMEL & CRYSTAL NECKLACE,0.6928203230275509,Long-Tail,Limit stock and avoid excessive local warehouse space
90081A,15,74.25,7,2.142857142857143,1.0690449676496976,4.95,8,LILY BROOCH AMETHYST COLOUR,0.49888765156985887,Long-Tail,Limit stock and avoid excessive local warehouse space
90081B,1,4.95,1,1.0,0.0,4.95,1,LILY BROOCH WHITE/SILVER COLOUR,0.0,Long-Tail,Limit stock and avoid excessive local warehouse space
90081C,20,99.60000000000001,9,2.2222222222222223,1.201850425154663,4.979259259259259,15,LILY BROOCH OLIVE COLOUR,0.5408326913195983,Long-Tail,Limit stock and avoid excessive local warehouse space
90082A,30,193.2,11,2.727272727272727,2.370270410350224,6.490909090909091,18,DIAMANTE BOW BROOCH GREEN COLOUR,0.8690991504617489,Long-Tail,Limit stock and avoid excessive local warehouse space
90082B,25,158.75,6,4.166666666666667,5.382068994974579,6.349999999999999,10,DIAMANTE BOW BROOCH RED COLOUR,1.2916965587938987,Long-Tail,Limit stock and avoid excessive local warehouse space
90082D,9,58.03,2,4.5,4.949747468305833,6.404999999999999,5,DIAMANTE BOW BROOCH BLACK COLOUR,1.0999438818457405,Long-Tail,Limit stock and avoid excessive local warehouse space
90083,25,23.47,4,6.25,5.377421934967226,1.45,9,CRYSTAL CZECH CROSS PHONE CHARM,0.8603875095947562,Long-Tail,Limit stock and avoid excessive local warehouse space
90084,1,0.85,1,1.0,0.0,0.85,1,PINK CRYSTAL GUITAR PHONE CHARM,0.0,Long-Tail,Limit stock and avoid excessive local warehouse space
90085,34,36.76,7,4.857142857142857,5.6103645582252915,1.4857142857142858,10,CRYSTAL STILETTO PHONE CHARM,1.1550750561052072,Long-Tail,Limit stock and avoid excessive local warehouse space
90086,102,77.78999999999999,11,9.272727272727273,17.5333448553943,1.4825454545454546,28,CRYSTAL FROG PHONE CHARM,1.8908509157778166,Regular,Maintain standard replenishment review
90087,107,61.459999999999994,11,9.727272727272727,21.03849285995035,1.4854545454545454,25,CRYSTAL SEA HORSE PHONE CHARM,2.162835714574335,Regular,Maintain standard replenishment review
90089,20,13.94,6,3.3333333333333335,4.760952285695233,1.3949999999999998,9,PINK CRYSTAL SKULL PHONE CHARM,1.42828568570857,Long-Tail,Limit stock and avoid excessive local warehouse space
90092,1,1.66,1,1.0,0.0,1.66,1,BLUE CRYSTAL BOOT PHONE CHARM,0.0,Long-Tail,Limit stock and avoid excessive local warehouse space
90093,52,28.57,9,5.777777777777778,10.473511562243317,1.2999999999999998,10,CLEAR CRYSTAL STAR PHONE CHARM,1.812723155003651,Long-Tail,Limit stock and avoid excessive local warehouse space
90094,14,35.699999999999996,7,2.0,1.5275252316519468,2.55,13,NECKLACE+BRACELET SET FRUIT SALAD,0.7637626158259734,Long-Tail,Limit stock and avoid excessive local warehouse space
90096,45,112.21000000000001,11,4.090909090909091,2.662876093795784,2.483030303030303,26,NECKLACE+BRACELET SET BLUE BLOSSOM,0.6509252673723027,Long-Tail,Limit stock and avoid excessive local warehouse space
90098,29,73.95,5,5.8,4.324349662087931,2.55,10,NECKLACE+BRACELET PINK BUTTERFLY,0.745577527946195,Long-Tail,Limit stock and avoid excessive local warehouse space
90099,27,76.38,6,4.5,4.324349662087931,2.828888888888889,16,NECKLACE+BRACELET SET BLUE HIBISCUS,0.9609665915750958,Long-Tail,Limit stock and avoid excessive local warehouse space
90100,1,2.55,1,1.0,0.0,2.55,1,NECKLACE+BRACELET SET PINK DAISY,0.0,Long-Tail,Limit stock and avoid excessive local warehouse space
90101,39,98.07,10,3.9,3.9567101935263786,2.50925,17,WHITE FRANGIPANI NECKLACE,1.014541075263174,Long-Tail,Limit stock and avoid excessive local warehouse space
90102,10,8.5,1,10.0,0.0,0.85,1,WHITE FRANGIPANI HAIR CLIP,0.0,Long-Tail,Limit stock and avoid excessive local warehouse space
90103,29,72.66,6,4.833333333333333,5.154286242213045,2.4998333333333336,16,PURPLE FRANGIPANI NECKLACE,1.0664040501130438,Long-Tail,Limit stock and avoid excessive local warehouse space
90104,28,23.16,4,7.0,5.228129047119374,0.8285,12,PURPLE FRANGIPANI HAIRCLIP,0.7468755781599106,Long-Tail,Limit stock and avoid excessive local warehouse space
90108,70,81.96000000000001,10,7.0,8.219218670625303,1.7550000000000001,12,BLUE BLOSSOM HAIR CLIP,1.1741740958036146,Long-Tail,Limit stock and avoid excessive local warehouse space
90112,2,2.1,1,2.0,0.0,1.05,1,PINK DOLLY HAIR CLIPS,0.0,Long-Tail,Limit stock and avoid excessive local warehouse space
90114,167,417.96,13,12.846153846153847,14.501989253467688,2.474944444444444,88,SUMMER DAISIES BAG CHARM,1.1288973670364069,Regular,Maintain standard replenishment review
90115,54,134.52999999999997,5,10.8,8.814760348415604,2.4918461538461534,31,SUMMER BUTTERFLIES BAG CHARM,0.8161815137421855,Long-Tail,Limit stock and avoid excessive local warehouse space
90116,64,145.52,12,5.333333333333333,4.097301403104095,2.407979166666667,45,FRUIT SALAD BAG CHARM,0.7682440130820178,Long-Tail,Limit stock and avoid excessive local warehouse space
90118,30,74.64,10,3.0,2.4037008503093262,2.4739999999999998,19,PINK DAISY BAG CHARM,0.8012336167697754,Long-Tail,Limit stock and avoid excessive local warehouse space
90119,83,205.06,10,8.3,7.789594198530356,2.4680357142857146,36,METALIC LEAVES BAG CHARMS,0.9385053251241392,Long-Tail,Limit stock and avoid excessive local warehouse space
90120A,7,29.73,2,3.5,2.1213203435596424,4.245,3,PINK MURANO TWIST BRACELET,0.6060915267313264,Long-Tail,Limit stock and avoid excessive local warehouse space
90120B,39,164.12,11,3.5454545454545454,3.8823610435825353,4.204545454545454,15,BLUE MURANO TWIST BRACELET,1.0950249097284075,Long-Tail,Limit stock and avoid excessive local warehouse space
90120C,51,215.2,10,5.1,4.094712037087183,4.19985,22,GREEN MURANO TWIST BRACELET,0.8028847131543496,Long-Tail,Limit stock and avoid excessive local warehouse space
90120D,10,41.790000000000006,3,3.3333333333333335,4.041451884327381,4.226666666666667,5,WHITE MURANO TWIST BRACELET,1.2124355652982142,Long-Tail,Limit stock and avoid excessive local warehouse space
90122A,21,104.53000000000002,8,2.625,2.559994419636775,4.988833333333334,14,PINK CRYSTAL+GLASS BRACELET,0.9752359693854382,Long-Tail,Limit stock and avoid excessive local warehouse space
90122B,6,29.93,5,1.2,0.4472135954999579,4.993,6,JADE CRYSTAL+GLASS BRACELET,0.37267799624996495,Long-Tail,Limit stock and avoid excessive local warehouse space
90122C,24,119.23,9,2.6666666666666665,2.5,4.973703703703704,11,TURQUOISE CRYSTAL+GLASS BRACELET,0.9375,Long-Tail,Limit stock and avoid excessive local warehouse space
90123A,15,89.12,7,2.142857142857143,1.2149857925879117,5.9314285714285715,9,PINK HEART OF GLASS BRACELET,0.5669933698743588,Long-Tail,Limit stock and avoid excessive local warehouse space
90123B,9,53.42,4,2.25,0.9574271077563381,5.93375,5,TURQUOISE HEART OF GLASS BRACELET,0.42552315900281695,Long-Tail,Limit stock and avoid excessive local warehouse space
90123C,14,83.29,5,2.8,1.0954451150103321,5.949,6,GREEN HEART OF GLASS BRACELET,0.3912303982179758,Long-Tail,Limit stock and avoid excessive local warehouse space
90123D,6,35.31,5,1.2,0.4472135954999579,5.872,5,WHITE HEART OF GLASS BRACELET,0.37267799624996495,Long-Tail,Limit stock and avoid excessive local warehouse space
90124A,8,79.66,5,1.6,0.8944271909999159,9.962,6,PINK MURANO TWIST NECKLACE,0.5590169943749473,Long-Tail,Limit stock and avoid excessive local warehouse space
90124B,12,119.89,8,1.5,0.5345224838248488,9.995625,11,BLUE MURANO TWIST NECKLACE,0.3563483225498992,Long-Tail,Limit stock and avoid excessive local warehouse space
90124C,11,109.54,6,1.8333333333333333,0.983192080250175,9.9625,8,GREEN MURANO TWIST NECKLACE,0.5362865892273682,Long-Tail,Limit stock and avoid excessive local warehouse space
90125A,115,106.24,4,28.75,26.13267431141839,1.925,10,PINK BERTIE GLASS BEAD BAG CHARM,0.9089625847449875,Regular,Maintain standard replenishment review
90125B,30,48.06,5,6.0,8.660254037844387,2.81675,12,AQUA BERTIE GLASS BEAD BAG CHARM,1.4433756729740645,Long-Tail,Limit stock and avoid excessive local warehouse space
90125C,77,69.85,2,38.5,14.849242404917497,1.4775,7,TURQUOISE BERTIE GLASS BEAD CHARM,0.385694607919935,Long-Tail,Limit stock and avoid excessive local warehouse space
90125D,95,110.03,5,19.0,20.396078054371138,2.8300454545454548,19,PURPLE BERTIE GLASS BEAD BAG CHARM,1.0734777923353231,Regular,Maintain standard replenishment review
90125E,11,21.05,2,5.5,6.363961030678928,2.0122222222222224,10,AMBER BERTIE GLASS BEAD BAG CHARM,1.1570838237598051,Long-Tail,Limit stock and avoid excessive local warehouse space
90126A,1,3.36,1,1.0,0.0,3.36,1,PINK BERTIE MOBILE PHONE CHARM,0.0,Long-Tail,Limit stock and avoid excessive local warehouse space
90126C,2,6.58,1,2.0,0.0,3.29,1,AMBER BERTIE MOBILE PHONE CHARM,0.0,Long-Tail,Limit stock and avoid excessive local warehouse space
90127A,2,4.92,1,2.0,0.0,2.46,1,PINK BEADS+HAND PHONE CHARM,0.0,Long-Tail,Limit stock and avoid excessive local warehouse space
90128A,3,7.43,2,1.5,0.7071067811865476,2.485,2,PINK LEAVES AND BEADS PHONE CHARM,0.47140452079103173,Long-Tail,Limit stock and avoid excessive local warehouse space
90128B,2,3.76,1,2.0,0.0,1.88,2,BLUE LEAVES AND BEADS PHONE CHARM,0.0,Long-Tail,Limit stock and avoid excessive local warehouse space
90128C,2,4.97,2,1.0,0.0,2.485,2,GREEN LEAVES AND BEADS PHONE CHARM,0.0,Long-Tail,Limit stock and avoid excessive local warehouse space
90128D,2,4.97,2,1.0,0.0,2.485,2,PURPLE LEAVES AND BEADS PHONE CHAR,0.0,Long-Tail,Limit stock and avoid excessive local warehouse space
90129A,45,82.98,8,5.625,5.655275665884277,1.8466964285714285,20,PINK GLASS TASSLE BAG CHARM,1.0053823406016493,Long-Tail,Limit stock and avoid excessive local warehouse space
90129B,57,121.38000000000001,10,5.7,7.557924465236619,2.0755,20,TURQUOISE GLASS TASSLE BAG CHARM,1.3259516605678279,Long-Tail,Limit stock and avoid excessive local warehouse space
90129C,35,79.76,8,4.375,4.240535680446853,2.1965624999999998,16,GREEN GLASS TASSLE BAG CHARM,0.9692652983878521,Long-Tail,Limit stock and avoid excessive local warehouse space
90129D,14,33.44,4,3.5,3.1091263510296048,1.9675,7,AMBER GLASS TASSLE BAG CHARM,0.8883218145798871,Long-Tail,Limit stock and avoid excessive local warehouse space
90129E,42,77.04,7,6.0,7.280109889280518,1.7285714285714284,14,PURPLE GLASS TASSLE BAG CHARM,1.2133516482134197,Long-Tail,Limit stock and avoid excessive local warehouse space
90129F,40,88.03,9,4.444444444444445,4.7987266829626565,2.267777777777778,16,RED GLASS TASSLE BAG CHARM,1.0797135036665977,Long-Tail,Limit stock and avoid excessive local warehouse space
90130A,6,17.5,3,2.0,1.7320508075688772,2.920833333333333,6,WHITE STONE/CRYSTAL EARRINGS,0.8660254037844386,Long-Tail,Limit stock and avoid excessive local warehouse space
90130B,39,113.97,12,3.25,2.2207697273283835,2.911805555555555,31,TURQ STONE/CRYSTAL EARRINGS,0.6833137622548873,Long-Tail,Limit stock and avoid excessive local warehouse space
90130C,14,40.949999999999996,8,1.75,1.1649647450214349,2.918125,13,GREEN STONE/CRYSTAL EARRINGS,0.6656941400122485,Long-Tail,Limit stock and avoid excessive local warehouse space
90130D,3,8.7,2,1.5,0.7071067811865476,2.9,3,RED STONE/CRYSTAL EARRINGS,0.47140452079103173,Long-Tail,Limit stock and avoid excessive local warehouse space
90131,5,34.870000000000005,2,2.5,2.1213203435596424,7.01,2,PINK/AMETHYST/GOLD NECKLACE,0.8485281374238569,Long-Tail,Limit stock and avoid excessive local warehouse space
90132,3,15.16,3,1.0,0.0,5.053333333333334,3,LIGHT TOPAZ TEAL/AQUA COL NECKLACE,0.0,Long-Tail,Limit stock and avoid excessive local warehouse space
90133,19,94.43,5,3.8,4.658325879540846,4.981333333333334,13,TEAL/FUSCHIA COL BEAD NECKLACE,1.2258752314581174,Long-Tail,Limit stock and avoid excessive local warehouse space
90134,54,157.5,12,4.5,3.8494391563163872,2.9065,45,OLD ROSE COMBO BEAD NECKLACE,0.8554309236258638,Long-Tail,Limit stock and avoid excessive local warehouse space
90135,8,39.660000000000004,2,4.0,2.8284271247461903,4.965,2,ORANGE/WHT/FUSCHIA STONES NECKLACE,0.7071067811865476,Long-Tail,Limit stock and avoid excessive local warehouse space
90135A,1,4.98,1,1.0,0.0,4.98,1,ORANGE/FUSCHIA STONES NECKLACE,0.0,Long-Tail,Limit stock and avoid excessive local warehouse space
90136,3,29.849999999999998,2,1.5,0.7071067811865476,9.95,2,PALE PINK/AMETHYST STONE NECKLACE,0.47140452079103173,Long-Tail,Limit stock and avoid excessive local warehouse space
90137,3,16.310000000000002,3,1.0,0.0,5.436666666666667,3,PINK COMBO MINI CRYSTALS NECKLACE,0.0,Long-Tail,Limit stock and avoid excessive local warehouse space
90138,10,52.42,6,1.6666666666666667,1.2110601416389966,5.3525,7,WHITE/PINK MINI CRYSTALS NECKLACE,0.7266360849833979,Long-Tail,Limit stock and avoid excessive local warehouse space
90140,2,15.120000000000001,2,1.0,0.0,7.5600000000000005,2,PINK SWEETIE NECKLACE,0.0,Long-Tail,Limit stock and avoid excessive local warehouse space
90141A,12,63.11,6,2.0,1.5491933384829668,5.318333333333333,10,GREEN PENDANT TRIPLE SHELL NECKLACE,0.7745966692414834,Long-Tail,Limit stock and avoid excessive local warehouse space
90141B,9,44.86,5,1.8,1.0954451150103321,5.0120000000000005,5,IVORY PENDANT TRIPLE SHELL NECKLACE,0.6085806194501845,Long-Tail,Limit stock and avoid excessive local warehouse space
90141C,10,52.31,5,2.0,1.4142135623730951,5.242,8,TURQ PENDANT TRIPLE SHELL NECKLACE,0.7071067811865476,Long-Tail,Limit stock and avoid excessive local warehouse space
90141D,4,20.36,2,2.0,1.4142135623730951,5.23,2,ROSE PENDANT TRIPLE SHELL NECKLACE,0.7071067811865476,Long-Tail,Limit stock and avoid excessive local warehouse space
90141E,5,24.75,2,2.5,0.7071067811865476,4.95,2,ORANGE PENDANT TRIPLE SHELL NECKLAC,0.282842712474619,Long-Tail,Limit stock and avoid excessive local warehouse space
90142A,1,5.09,1,1.0,0.0,5.09,1,GREEN PENDANT SHELL NECKLACE,0.0,Long-Tail,Limit stock and avoid excessive local warehouse space
90142D,10,49.64,3,3.3333333333333335,2.516611478423583,4.996666666666667,4,MOP PENDANT SHELL NECKLACE,0.7549834435270749,Long-Tail,Limit stock and avoid excessive local warehouse space
90143,32,244.68,10,3.2,2.394437999475729,7.684666666666667,19,SILVER BRACELET W PASTEL FLOWER,0.7482618748361654,Long-Tail,Limit stock and avoid excessive local warehouse space
90144,18,67.36,9,2.0,1.6583123951777,3.742592592592593,14,SILVER DROP EARRINGS WITH FLOWER,0.82915619758885,Long-Tail,Limit stock and avoid excessive local warehouse space
90145,28,168.0,11,2.5454545454545454,1.1281521496355325,6.005151515151516,18,SILVER HOOP EARRINGS WITH FLOWER,0.44320263021395917,Long-Tail,Limit stock and avoid excessive local warehouse space
90146,17,95.35000000000001,6,2.8333333333333335,3.0605010483034745,7.075,7,FINE SILVER NECKLACE W PASTEL FLOWE,1.0801768405776968,Long-Tail,Limit stock and avoid excessive local warehouse space
90147,32,324.01,9,3.5555555555555554,1.8782379449307742,10.20324074074074,23,CHUNKY SILVER NECKLACE PASTEL FLOWE,0.5282544220117803,Long-Tail,Limit stock and avoid excessive local warehouse space
90148,8,101.73,6,1.3333333333333333,0.5163977794943223,12.705,6,LONG SILVER NECKLACE PASTEL FLOWER,0.38729833462074176,Long-Tail,Limit stock and avoid excessive local warehouse space
90149,53,342.76000000000005,3,17.666666666666668,28.867513459481287,7.303333333333334,4,SILVER FLOWR PINK SHELL NECKLACE,1.6340101958196953,Long-Tail,Limit stock and avoid excessive local warehouse space
90151,8,68.0,2,4.0,2.8284271247461903,8.5,4,SILVER/NATURAL SHELL NECKLACE,0.7071067811865476,Long-Tail,Limit stock and avoid excessive local warehouse space
90152A,5,28.76,5,1.0,0.0,5.752000000000001,5,SILVER/NAT SHELL NECKLACE W PENDANT,0.0,Long-Tail,Limit stock and avoid excessive local warehouse space
90152B,2,11.46,1,2.0,0.0,5.73,2,BLUE/GREEN SHELL NECKLACE W PENDANT,0.0,Long-Tail,Limit stock and avoid excessive local warehouse space
90152C,1,5.95,1,1.0,0.0,5.95,1,BLUE/NAT SHELL NECKLACE W PENDANT,0.0,Long-Tail,Limit stock and avoid excessive local warehouse space
90154,57,421.75,5,11.4,22.700220263248546,8.61,5,LAZER CUT NECKLACE W PASTEL BEADS,1.9912473915130304,Long-Tail,Limit stock and avoid excessive local warehouse space
90155,9,67.62,5,1.8,1.0954451150103321,7.51,7,RESIN NECKLACE W PASTEL BEADS,0.6085806194501845,Long-Tail,Limit stock and avoid excessive local warehouse space
90156,4,19.8,3,1.3333333333333333,0.5773502691896257,4.95,3,RESIN BRACELET W PASTEL BEADS,0.4330127018922193,Long-Tail,Limit stock and avoid excessive local warehouse space
90157,10,49.59,4,2.5,2.3804761428476167,4.96875,5,RIVIERA NECKLACE,0.9521904571390467,Long-Tail,Limit stock and avoid excessive local warehouse space
90158,45,224.12,12,3.75,3.194455423784382,4.984583333333334,35,ST TROPEZ NECKLACE,0.8518547796758351,Long-Tail,Limit stock and avoid excessive local warehouse space
90159,6,29.790000000000003,4,1.5,1.0,4.96875,5,COTE D'AZURE NECKLACE,0.6666666666666666,Long-Tail,Limit stock and avoid excessive local warehouse space
90160A,38,264.94,12,3.1666666666666665,2.480224818744291,6.98,15,PURPLE BOUDICCA LARGE BRACELET,0.783228890129776,Long-Tail,Limit stock and avoid excessive local warehouse space
90160B,30,209.73,8,3.75,2.712405363721075,6.98125,12,RED BOUDICCA LARGE BRACELET,0.7233080969922867,Long-Tail,Limit stock and avoid excessive local warehouse space
90160C,54,377.04,12,4.5,3.4509550720186013,6.998125000000001,26,TURQ+RED BOUDICCA LARGE BRACELET,0.7668789048930225,Long-Tail,Limit stock and avoid excessive local warehouse space
90160D,38,264.7,10,3.8,3.359894178227774,6.974000000000001,12,PINK BOUDICCA LARGE BRACELET,0.8841826784809932,Long-Tail,Limit stock and avoid excessive local warehouse space
90161A,24,119.91,10,2.4,1.577621275493231,4.9806,21,ANT COPPER RED BOUDICCA BRACELET,0.6573421981221796,Long-Tail,Limit stock and avoid excessive local warehouse space
90161B,76,377.88000000000005,10,7.6,4.671426144361294,4.981133333333334,37,ANT COPPER TURQ BOUDICCA BRACELET,0.6146613347843808,Long-Tail,Limit stock and avoid excessive local warehouse space
90161C,83,412.74,11,7.545454545454546,5.972665005902078,4.981255050505051,50,ANT COPPER LIME BOUDICCA BRACELET,0.7915580128303958,Long-Tail,Limit stock and avoid excessive local warehouse space
90161D,64,318.89,10,6.4,3.657564459825387,4.984666666666667,34,ANT COPPER PINK BOUDICCA BRACELET,0.5714944468477167,Long-Tail,Limit stock and avoid excessive local warehouse space
90162A,6,17.700000000000003,1,6.0,0.0,2.95,1,ANT SILVER TURQUOISE BOUDICCA RING,0.0,Long-Tail,Limit stock and avoid excessive local warehouse space
90162B,27,79.65,7,3.857142857142857,3.804758924845367,2.95,10,ANT SILVER LIME GREEN BOUDICCA RING,0.9864189805154655,Long-Tail,Limit stock and avoid excessive local warehouse space
90162C,14,41.300000000000004,5,2.8,0.8366600265340756,2.95,7,ANT SILVER FUSCHIA BOUDICCA RING,0.29880715233359845,Long-Tail,Limit stock and avoid excessive local warehouse space
90162D,10,29.500000000000004,3,3.3333333333333335,0.5773502691896257,2.9500000000000006,5,ANT SILVER PURPLE BOUDICCA RING,0.1732050807568877,Long-Tail,Limit stock and avoid excessive local warehouse space
90163A,12,90.32000000000001,5,2.4,0.8944271909999159,7.516,9,PINK ROSEBUD & PEARL NECKLACE,0.37267799624996495,Long-Tail,Limit stock and avoid excessive local warehouse space
90163B,7,52.72,4,1.75,0.9574271077563381,7.505,5,WHITE ROSEBUD & PEARL NECKLACE,0.5471012044321932,Long-Tail,Limit stock and avoid excessive local warehouse space
90164A,27,130.67,9,3.0,2.692582403567252,6.600555555555555,14,PINK ROSEBUD PEARL BRACELET,0.8975274678557507,Long-Tail,Limit stock and avoid excessive local warehouse space
90164B,38,140.98,8,4.75,6.386369413502032,6.357083333333334,15,WHITE  ROSEBUD PEARL BRACELET,1.3444988238951645,Long-Tail,Limit stock and avoid excessive local warehouse space
90165A,16,39.980000000000004,7,2.2857142857142856,0.9511897312113419,2.4971428571428573,15,PINK ROSEBUD PEARL EARRINGS,0.4161455074049621,Long-Tail,Limit stock and avoid excessive local warehouse space
90165B,19,47.43,9,2.111111111111111,1.536590742882148,2.4905555555555554,18,WHITE ROSEBUD  PEARL EARRINGS,0.7278587729441753,Long-Tail,Limit stock and avoid excessive local warehouse space
90166,21,88.03999999999999,9,2.3333333333333335,1.5811388300841898,4.182222222222222,15,PINK & WHITE ROSEBUD RING,0.6776309271789385,Long-Tail,Limit stock and avoid excessive local warehouse space
90167,10,8.5,1,10.0,0.0,0.85,1,BEADED LOVE HEART JEWELLERY SET,0.0,Long-Tail,Limit stock and avoid excessive local warehouse space
90168,18,52.56,7,2.5714285714285716,1.8126539343499317,2.915714285714286,12,2 DAISIES HAIR COMB,0.7049209744694178,Long-Tail,Limit stock and avoid excessive local warehouse space
90169,19,47.84,9,2.111111111111111,1.6914819275153699,2.501111111111111,11,DAISY HAIR COMB,0.8012282814546489,Long-Tail,Limit stock and avoid excessive local warehouse space
90170,85,140.32999999999998,10,8.5,5.254627590144815,1.652,37,DAISY HAIR BAND,0.6181914811935076,Long-Tail,Limit stock and avoid excessive local warehouse space
90173,32,120.34,8,4.0,6.164414002968976,3.7464583333333334,17,PAIR BUTTERFLY HAIR CLIPS,1.541103500742244,Long-Tail,Limit stock and avoid excessive local warehouse space
90174,38,95.42,9,4.222222222222222,3.192874010111336,2.506111111111111,21,BUTTERFLY HAIR BAND,0.7562070023947901,Long-Tail,Limit stock and avoid excessive local warehouse space
90175A,27,245.63,11,2.4545454545454546,1.694912172570388,9.118939393939394,25,WHITE GLASS CHUNKY CHARM BRACELET,0.6905197740101581,Long-Tail,Limit stock and avoid excessive local warehouse space
90175B,10,91.68,6,1.6666666666666667,0.816496580927726,9.175555555555556,9,PINK GLASS CHUNKY CHARM BRACELET,0.4898979485566356,Long-Tail,Limit stock and avoid excessive local warehouse space
90175C,9,80.55,4,2.25,0.49999999999999994,8.95,6,BLUE GLASS CHUNKY CHARM BRACELET,0.2222222222222222,Long-Tail,Limit stock and avoid excessive local warehouse space
90175D,23,210.04000000000002,10,2.3,1.4181364924121764,9.139,20,TIGRIS EYE CHUNKY CHARM BRACELET,0.6165810836574681,Long-Tail,Limit stock and avoid excessive local warehouse space
90176A,3,22.48,2,1.5,0.7071067811865476,7.49,2,CLASSIC DIAMANTE NECKLACE JET,0.47140452079103173,Long-Tail,Limit stock and avoid excessive local warehouse space
90176B,4,30.12,2,2.0,1.4142135623730951,7.5649999999999995,3,DIAMANTE NECKLACE BLACK,0.7071067811865476,Long-Tail,Limit stock and avoid excessive local warehouse space
90176C,3,23.32,2,1.5,0.7071067811865476,7.91,2,DIAMANTE NECKLACE,0.47140452079103173,Long-Tail,Limit stock and avoid excessive local warehouse space
90176D,7,52.5,4,1.75,0.5,7.5,4,DIAMANTE NECKLACE PURPLE,0.2857142857142857,Long-Tail,Limit stock and avoid excessive local warehouse space
90176E,4,29.98,3,1.3333333333333333,0.5773502691896257,7.493333333333333,3,DIAMANTE NECKLACE GREEN,0.4330127018922193,Long-Tail,Limit stock and avoid excessive local warehouse space
90177A,14,40.900000000000006,9,1.5555555555555556,1.6666666666666665,2.9055555555555554,9,CLASSIC DIAMANTE EARRINGS JET,1.0714285714285714,Long-Tail,Limit stock and avoid excessive local warehouse space
90177B,14,41.010000000000005,5,2.8,1.9235384061671343,2.9210000000000003,7,DROP DIAMANTE EARRINGS BLACK DIAMON,0.686978002202548,Long-Tail,Limit stock and avoid excessive local warehouse space
90177C,26,76.23,10,2.6,1.9550504398153572,2.921666666666667,14,DROP DIAMANTE EARRINGS CRYSTAL,0.7519424768520604,Long-Tail,Limit stock and avoid excessive local warehouse space
90177D,25,73.53,9,2.7777777777777777,2.279132388529557,2.935185185185185,14,DROP DIAMANTE EARRINGS PURPLE,0.8204876598706407,Long-Tail,Limit stock and avoid excessive local warehouse space
90177E,14,41.080000000000005,7,2.0,1.8257418583505538,2.924285714285714,9,DROP DIAMANTE EARRINGS GREEN,0.9128709291752769,Long-Tail,Limit stock and avoid excessive local warehouse space
90178A,8,95.25,4,2.0,2.0,11.872499999999999,8,AMBER CHUNKY GLASS+BEAD NECKLACE,1.0,Long-Tail,Limit stock and avoid excessive local warehouse space
90178B,1,11.95,1,1.0,0.0,11.95,1,PURPLE CHUNKY GLASS+BEAD NECKLACE,0.0,Long-Tail,Limit stock and avoid excessive local warehouse space
90179A,6,35.31,4,1.5,1.0,5.86875,5,AMBER FINE BEAD NECKLACE W TASSEL,0.6666666666666666,Long-Tail,Limit stock and avoid excessive local warehouse space
90179B,3,17.59,2,1.5,0.7071067811865476,5.8525,3,PURPLE FINE BEAD NECKLACE W TASSEL,0.47140452079103173,Long-Tail,Limit stock and avoid excessive local warehouse space
90179C,6,35.44,5,1.2,0.4472135954999579,5.911,6,BLACK FINE BEAD NECKLACE W TASSEL,0.37267799624996495,Long-Tail,Limit stock and avoid excessive local warehouse space
90180A,17,127.24,7,2.4285714285714284,2.14919697074224,8.958571428571428,9,BLACK+WHITE NECKLACE W TASSEL,0.8849634585409224,Long-Tail,Limit stock and avoid excessive local warehouse space
90180B,5,49.81,4,1.25,0.5,9.96125,5,PURPLE AMETHYST NECKLACE W TASSEL,0.4,Long-Tail,Limit stock and avoid excessive local warehouse space
90181A,7,64.03999999999999,5,1.4,0.8944271909999159,9.174666666666667,7,AMBER GLASS/SHELL/PEARL NECKLACE,0.6388765649999399,Long-Tail,Limit stock and avoid excessive local warehouse space
90181B,15,137.63,8,1.875,0.6408699444616557,9.17375,14,AMETHYST GLASS/SHELL/PEARL NECKLACE,0.341797303712883,Long-Tail,Limit stock and avoid excessive local warehouse space
90181C,1,9.15,1,1.0,0.0,9.15,1,BLACK GLASS/SHELL/PEARL NECKLACE,0.0,Long-Tail,Limit stock and avoid excessive local warehouse space
90182A,8,23.2,5,1.6,1.3416407864998738,2.9,8,AMBER 3 BEAD DROP EARRINGS,0.8385254915624211,Long-Tail,Limit stock and avoid excessive local warehouse space
90182B,5,14.5,3,1.6666666666666667,1.1547005383792517,2.9,5,AMETHYST 3 BEAD DROP EARRINGS,0.692820323027551,Long-Tail,Limit stock and avoid excessive local warehouse space
90182C,14,40.96,7,2.0,1.9148542155126762,2.915714285714286,9,BLACK 3 BEAD DROP EARRINGS,0.9574271077563381,Long-Tail,Limit stock and avoid excessive local warehouse space
90183A,40,117.24000000000001,10,4.0,5.436502143433364,2.918,23,AMBER DROP EARRINGS W LONG BEADS,1.359125535858341,Long-Tail,Limit stock and avoid excessive local warehouse space
90183B,21,61.08,9,2.3333333333333335,1.224744871391589,2.908888888888889,17,AMETHYST DROP EARRINGS W LONG BEADS,0.5248906591678238,Long-Tail,Limit stock and avoid excessive local warehouse space
90183C,9,26.15,5,1.8,1.7888543819998317,2.91,9,BLACK DROP EARRINGS W LONG BEADS,0.9938079899999065,Long-Tail,Limit stock and avoid excessive local warehouse space
90183c,1,2.9,1,1.0,0.0,2.9,1,BLACK DROP EARRINGS W LONG BEADS,0.0,Long-Tail,Limit stock and avoid excessive local warehouse space
90184A,13,117.72999999999999,6,2.1666666666666665,1.602081978759722,9.07111111111111,9,AMBER CHUNKY BEAD BRACELET W STRAP,0.7394224517352563,Long-Tail,Limit stock and avoid excessive local warehouse space
90184B,33,297.94,9,3.6666666666666665,2.0,9.058703703703705,21,AMETHYST CHUNKY BEAD BRACELET W STR,0.5454545454545455,Long-Tail,Limit stock and avoid excessive local warehouse space
90184C,21,190.52,10,2.1,1.286683937707919,9.105,17,BLACK CHUNKY BEAD BRACELET W STRAP,0.6127066370037709,Long-Tail,Limit stock and avoid excessive local warehouse space
90184c,1,9.15,1,1.0,0.0,9.15,1,BLACK CHUNKY BEAD BRACELET W STRAP,0.0,Long-Tail,Limit stock and avoid excessive local warehouse space
90185A,31,131.03,7,4.428571428571429,4.2370250120079485,4.201428571428571,13,AMBER DIAMANTE EXPANDABLE RING,0.9567475833566335,Long-Tail,Limit stock and avoid excessive local warehouse space
90185B,23,97.02,8,2.875,2.799872446074234,4.178333333333334,12,AMETHYST DIAMANTE EXPANDABLE RING,0.9738686768953858,Long-Tail,Limit stock and avoid excessive local warehouse space
90185C,26,110.09,5,5.2,4.764451699828638,4.196,10,BLACK DIAMANTE EXPANDABLE RING,0.9162407115055072,Long-Tail,Limit stock and avoid excessive local warehouse space
90185D,35,148.63,5,7.0,4.242640687119285,4.229333333333334,11,CRYSTAL DIAMANTE EXPANDABLE RING,0.6060915267313264,Long-Tail,Limit stock and avoid excessive local warehouse space
90186A,11,32.16,6,1.8333333333333333,1.3291601358251257,2.917222222222222,9,AMETHYST HOOP EARRING FLORAL LEAF,0.7249964377227959,Long-Tail,Limit stock and avoid excessive local warehouse space
90186B,22,64.58000000000001,8,2.75,4.200340122282617,2.9302083333333333,15,CRYSTAL HOOP EARRING FLORAL LEAF,1.5273964081027698,Long-Tail,Limit stock and avoid excessive local warehouse space
90187A,1,3.32,1,1.0,0.0,3.32,1,BLUE DROP EARRINGS W BEAD CLUSTER,0.0,Long-Tail,Limit stock and avoid excessive local warehouse space
90187B,12,40.03,7,1.7142857142857142,1.2535663410560174,3.334285714285714,8,GREEN DROP EARRINGS W BEAD CLUSTER,0.7312470322826768,Long-Tail,Limit stock and avoid excessive local warehouse space
90188,9,22.58,6,1.5,0.8366600265340756,2.5233333333333334,7,DROP EARRINGS W FLOWER & LEAF,0.5577733510227171,Long-Tail,Limit stock and avoid excessive local warehouse space
90189A,2,15.0,2,1.0,0.0,7.5,2,SILVER 2 STRAND NECKLACE-LEAF CHARM,0.0,Long-Tail,Limit stock and avoid excessive local warehouse space
90190A,16,46.760000000000005,6,2.6666666666666665,2.065591117977289,2.9133333333333336,10,SILVER/CRYSTAL DROP EARRINGS W LEAF,0.7745966692414833,Long-Tail,Limit stock and avoid excessive local warehouse space
90190B,13,38.18,7,1.8571428571428572,1.864454471471609,2.924285714285714,7,GOLD/AMBER DROP EARRINGS W LEAF,1.003937023100097,Long-Tail,Limit stock and avoid excessive local warehouse space
90190C,20,58.43,7,2.857142857142857,2.544836041121407,2.912591836734694,19,SILVER/AMETHYST DROP EARRINGS LEAF,0.8906926143924924,Long-Tail,Limit stock and avoid excessive local warehouse space
90191,26,163.82,8,3.25,4.301162633521313,10.607083333333334,10,SILVER LARIAT 40CM,1.3234346564680963,Long-Tail,Limit stock and avoid excessive local warehouse space
90192,42,209.1,11,3.8181818181818183,2.1362669223756576,4.976590909090909,25,JADE DROP EARRINGS W FILIGREE,0.559498479669815,Long-Tail,Limit stock and avoid excessive local warehouse space
90194,16,67.87,6,2.6666666666666665,1.632993161855452,4.232083333333333,10,SILVER LARIAT BLACK STONE EARRINGS,0.6123724356957946,Long-Tail,Limit stock and avoid excessive local warehouse space
90195A,19,122.84,6,3.1666666666666665,2.6394443859772205,6.5325,10,PURPLE GEMSTONE BRACELET,0.8335087534664908,Long-Tail,Limit stock and avoid excessive local warehouse space
90195B,4,29.98,3,1.3333333333333333,0.5773502691896257,7.010000000000001,4,BLACK GEMSTONE BRACELET,0.4330127018922193,Long-Tail,Limit stock and avoid excessive local warehouse space
90196A,8,102.0,3,2.6666666666666665,2.0816659994661326,12.75,5,PURPLE GEMSTONE NECKLACE 45CM,0.7806247497997998,Long-Tail,Limit stock and avoid excessive local warehouse space
90196B,5,63.480000000000004,3,1.6666666666666667,0.5773502691896257,12.660000000000002,5,BLACK GEMSTONE NECKLACE 45CM,0.3464101615137754,Long-Tail,Limit stock and avoid excessive local warehouse space
90197B,35,174.73000000000002,11,3.1818181818181817,2.786330268226716,4.991515151515151,27,BLACK GLASS BRACELET W HEART CHARMS,0.8757037985855394,Long-Tail,Limit stock and avoid excessive local warehouse space
90198A,75,315.73,12,6.25,5.528849954392126,4.20140873015873,44,VINTAGE ROSE BEAD BRACELET RASPBERR,0.8846159927027402,Long-Tail,Limit stock and avoid excessive local warehouse space
90198B,36,152.4,12,3.0,2.8603877677367766,4.216666666666667,17,VINTAGE ROSE BEAD BRACELET BLACK,0.9534625892455922,Long-Tail,Limit stock and avoid excessive local warehouse space
90199A,11,69.63,5,2.2,1.3038404810405297,6.304,6,5 STRAND GLASS NECKLACE BLACK,0.5926547641093316,Long-Tail,Limit stock and avoid excessive local warehouse space
90199B,9,56.59,4,2.25,0.49999999999999994,6.28,8,5 STRAND GLASS NECKLACE AMETHYST,0.2222222222222222,Long-Tail,Limit stock and avoid excessive local warehouse space
90199C,19,120.28999999999999,6,3.1666666666666665,2.3166067138525404,6.32,10,5 STRAND GLASS NECKLACE CRYSTAL,0.7315600149008022,Long-Tail,Limit stock and avoid excessive local warehouse space
90199D,6,37.620000000000005,5,1.2,0.4472135954999579,6.2780000000000005,6,5 STRAND GLASS NECKLACE AMBER,0.37267799624996495,Long-Tail,Limit stock and avoid excessive local warehouse space
90200A,78,328.44,13,6.0,6.013872850889571,4.188376068376068,50,PURPLE SWEETHEART BRACELET,1.0023121418149286,Long-Tail,Limit stock and avoid excessive local warehouse space
90200B,93,392.83,13,7.153846153846154,4.298180891302619,4.2129670329670335,47,BLACK SWEETHEART BRACELET,0.6008209848057424,Regular,Maintain standard replenishment review
90200C,50,211.43,4,12.5,11.357816691600547,4.207321428571429,26,BLUE SWEETHEART BRACELET,0.9086253353280438,Long-Tail,Limit stock and avoid excessive local warehouse space
90200D,175,725.32,13,13.461538461538462,9.395170608841054,4.18763031839955,78,PINK SWEETHEART BRACELET,0.6979269595139069,Regular,Maintain standard replenishment review
90200E,103,423.41,12,8.583333333333334,7.668807342775411,4.188462301587301,44,GREEN SWEETHEART BRACELET,0.8934532826534458,Regular,Maintain standard replenishment review
90201A,69,202.51000000000002,11,6.2727272727272725,7.349706240264425,2.922954545454546,28,PURPLE ENAMEL FLOWER RING,1.1716922991725895,Long-Tail,Limit stock and avoid excessive local warehouse space
90201B,86,252.90000000000003,12,7.166666666666667,6.506407098647712,2.9297222222222223,23,BLACK ENAMEL FLOWER RING,0.9078707579508435,Long-Tail,Limit stock and avoid excessive local warehouse space
90201C,63,185.42000000000002,11,5.7272727272727275,6.084256882987586,2.930909090909091,21,RED ENAMEL FLOWER RING,1.0623305668708483,Long-Tail,Limit stock and avoid excessive local warehouse space
90201D,77,225.84,13,5.923076923076923,6.897602705065223,2.920576923076923,31,GREEN ENAMEL FLOWER RING,1.1645303268291936,Long-Tail,Limit stock and avoid excessive local warehouse space
90202A,22,64.28,7,3.142857142857143,1.864454471471609,2.917857142857143,15,PURPLE ENAMEL FLOWER HAIR TIE,0.5932355136500574,Long-Tail,Limit stock and avoid excessive local warehouse space
90202B,17,49.65,7,2.4285714285714284,1.8126539343499313,2.914285714285714,10,WHITE ENAMEL FLOWER HAIR TIE,0.7463869141440894,Long-Tail,Limit stock and avoid excessive local warehouse space
90202C,20,58.71,8,2.5,1.7728105208558365,2.925,14,GREEN ENAMEL FLOWER HAIR TIE,0.7091242083423346,Long-Tail,Limit stock and avoid excessive local warehouse space
90202D,22,64.46000000000001,8,2.75,2.1213203435596424,2.92,11,PINK ENAMEL FLOWER HAIR TIE,0.77138921583987,Long-Tail,Limit stock and avoid excessive local warehouse space
90204,29,96.86,9,3.2222222222222223,2.333333333333333,3.338888888888889,18,PAIR OF ENAMEL BUTTERFLY HAIRCLIP,0.7241379310344827,Long-Tail,Limit stock and avoid excessive local warehouse space
90205A,31,51.51,9,3.4444444444444446,2.6034165586355513,1.6588888888888889,16,LARGE MINT DIAMANTE HAIRSLIDE,0.7558306137974181,Long-Tail,Limit stock and avoid excessive local warehouse space
90205C,29,48.209999999999994,10,2.9,2.2335820757001272,1.658,15,LARGE CRYSTAL DIAMANTE HAIRSLIDE,0.7702007157586646,Long-Tail,Limit stock and avoid excessive local warehouse space
90206A,12,59.8,6,2.0,0.8944271909999159,4.988333333333333,9,GOLD DIAMANTE STAR BROOCH,0.4472135954999579,Long-Tail,Limit stock and avoid excessive local warehouse space
90206C,45,224.73000000000002,11,4.090909090909091,2.5477262590217755,4.988376623376624,31,CRYSTAL DIAMANTE STAR BROOCH,0.6227775299831007,Long-Tail,Limit stock and avoid excessive local warehouse space
90208,53,132.7,9,5.888888888888889,2.9767618499152917,2.5055589225589228,37,PAIR OF PINK FLOWER CLUSTER SLIDE,0.5054878613063702,Long-Tail,Limit stock and avoid excessive local warehouse space
90209A,84,163.8,3,28.0,19.078784028338912,2.0416666666666665,4,PURPLE ENAMEL+GLASS HAIR COMB,0.6813851438692469,Long-Tail,Limit stock and avoid excessive local warehouse space
90209B,184,355.64,10,18.4,18.282961102257662,2.061389010989011,54,GREEN ENAMEL+GLASS HAIR COMB,0.9936391903400904,Regular,Maintain standard replenishment review
90209C,263,480.5,10,26.3,43.15360162643824,2.035775,31,PINK ENAMEL+GLASS HAIR COMB,1.6408213546174235,Regular,Maintain standard replenishment review
90210A,34,57.55,5,6.8,10.305338422390601,2.5825,10,GREY ACRYLIC FACETED BANGLE,1.5154909444692062,Long-Tail,Limit stock and avoid excessive local warehouse space
90210B,41,61.56,4,10.25,3.685557397915997,1.869375,7,CLEAR ACRYLIC FACETED BANGLE,0.3595665754064387,Long-Tail,Limit stock and avoid excessive local warehouse space
90210C,99,130.51,5,19.8,31.059620087824644,2.5140000000000002,10,RED   ACRYLIC FACETED BANGLE,1.5686676812032647,Regular,Maintain standard replenishment review
90210D,107,132.05,4,26.75,39.092838218783754,1.775,8,PURPLE ACRYLIC FACETED BANGLE,1.461414512851729,Regular,Maintain standard replenishment review
90211A,12,70.97,4,3.0,1.8257418583505538,5.904166666666667,8,DIAMOND LAS VEGAS NECKLACE 45CM,0.6085806194501846,Long-Tail,Limit stock and avoid excessive local warehouse space
90211B,9,53.26,4,2.25,1.8929694486000914,5.883333333333334,6,JET BLACK LAS VEGAS NECKLACE 45CM,0.841319754933374,Long-Tail,Limit stock and avoid excessive local warehouse space
90212B,10,37.62,4,2.5,2.3804761428476167,3.7487500000000002,8,JET BLACK LAS VEGAS BRACELET ROUND,0.9521904571390467,Long-Tail,Limit stock and avoid excessive local warehouse space
90212C,7,26.25,3,2.3333333333333335,1.1547005383792515,3.75,3,PURPLE LAS VEGAS BRACELET ROUND,0.49487165930539345,Long-Tail,Limit stock and avoid excessive local warehouse space
90214A,130,111.66,13,10.0,7.047458170621991,0.8896923076923076,56,"LETTER ""A"" BLING KEY RING",0.7047458170621991,Regular,Maintain standard replenishment review
90214B,37,24.77,10,3.7,3.2676869155073254,0.7885,22,"LETTER ""B"" BLING KEY RING",0.8831586258127906,Long-Tail,Limit stock and avoid excessive local warehouse space
90214C,91,72.77,12,7.583333333333333,9.28790350483636,0.8846666666666666,33,"LETTER ""C"" BLING KEY RING",1.2247784841542453,Regular,Maintain standard replenishment review
90214D,68,49.9,13,5.230769230769231,6.233696684871213,0.8694615384615384,32,"LETTER ""D"" BLING KEY RING",1.1917361309312613,Long-Tail,Limit stock and avoid excessive local warehouse space
90214E,72,53.2,11,6.545454545454546,6.990903180042424,0.8552727272727272,30,"LETTER ""E"" BLING KEY RING",1.0680546525064814,Long-Tail,Limit stock and avoid excessive local warehouse space
90214F,27,15.43,10,2.7,3.683295625749672,0.7779999999999999,15,"LETTER ""F"" BLING KEY RING",1.364183565092471,Long-Tail,Limit stock and avoid excessive local warehouse space
90214G,60,40.199999999999996,13,4.615384615384615,6.423115307731153,0.8506153846153846,30,"LETTER ""G"" BLING KEY RING",1.3916749833417499,Long-Tail,Limit stock and avoid excessive local warehouse space
90214H,48,36.76,11,4.363636363636363,3.7489392439122637,0.8336363636363636,30,"LETTER ""H"" BLING KEY RING",0.8591319100632272,Long-Tail,Limit stock and avoid excessive local warehouse space
90214I,38,29.62,9,4.222222222222222,4.763868642652151,0.8188888888888889,13,"LETTER ""I"" BLING KEY RING",1.1282846785228777,Long-Tail,Limit stock and avoid excessive local warehouse space
90214J,71,57.209999999999994,12,5.916666666666667,3.423404295390331,0.8478571428571429,41,"LETTER ""J"" BLING KEY RING",0.5786035428828729,Long-Tail,Limit stock and avoid excessive local warehouse space
90214K,78,60.7,13,6.0,7.211102550927978,0.9241608391608391,38,"LETTER ""K"" BLING KEY RING",1.2018504251546631,Long-Tail,Limit stock and avoid excessive local warehouse space
90214L,94,65.03999999999999,11,8.545454545454545,9.740263203462588,0.8133636363636363,37,"LETTER ""L"" BLING KEY RING",1.1398180344477498,Regular,Maintain standard replenishment review
90214M,60,49.82,10,6.0,4.47213595499958,0.8453999999999999,28,"LETTER ""M"" BLING KEY RING",0.7453559924999299,Long-Tail,Limit stock and avoid excessive local warehouse space
90214N,41,29.23,12,3.4166666666666665,3.91868097783688,0.8741666666666666,24,"LETTER ""N"" BLING KEY RING",1.146931017903477,Long-Tail,Limit stock and avoid excessive local warehouse space
90214O,16,6.819999999999999,4,4.0,6.0,0.7675,5,"LETTER ""O"" BLING KEY RING",1.5,Long-Tail,Limit stock and avoid excessive local warehouse space
90214P,39,20.229999999999997,10,3.9,7.4899933244296015,0.9046666666666667,16,"LETTER ""P"" BLING KEY RING",1.920511108828103,Long-Tail,Limit stock and avoid excessive local warehouse space
90214R,41,28.009999999999998,9,4.555555555555555,3.9405301391789633,0.8291111111111111,25,"LETTER ""R"" BLING KEY RING",0.8649944207953822,Long-Tail,Limit stock and avoid excessive local warehouse space
90214S,94,71.0,12,7.833333333333333,6.3221592015463335,0.8306666666666667,41,"LETTER ""S"" BLING KEY RING",0.8070841533888937,Regular,Maintain standard replenishment review
90214T,24,13.459999999999999,9,2.6666666666666665,3.5355339059327373,0.7722222222222221,11,"LETTER ""T"" BLING KEY RING",1.3258252147247767,Long-Tail,Limit stock and avoid excessive local warehouse space
90214U,12,3.4799999999999995,1,12.0,0.0,0.29,1,"LETTER ""U"" BLING KEY RING",0.0,Long-Tail,Limit stock and avoid excessive local warehouse space
90214V,26,15.98,10,2.6,3.3399933466334266,0.82,14,"LETTER ""V"" BLING KEY RING",1.284612825628241,Long-Tail,Limit stock and avoid excessive local warehouse space
90214W,16,6.819999999999999,5,3.2,4.919349550499538,0.726,5,"LETTER ""W"" BLING KEY RING",1.5372967345311055,Long-Tail,Limit stock and avoid excessive local warehouse space
90214Y,66,22.839999999999996,6,11.0,24.008331887076203,0.8166666666666665,8,"LETTER ""Y"" BLING KEY RING",2.1825756260978366,Long-Tail,Limit stock and avoid excessive local warehouse space
90214Z,22,11.84,8,2.75,3.8078865529319543,0.765,10,"LETTER ""Z"" BLING KEY RING",1.3846860192479833,Long-Tail,Limit stock and avoid excessive local warehouse space
B,1,11062.06,1,1.0,0.0,11062.06,1,ADJUST BAD DEBT,0.0,High-Revenue Priority,Prioritize inventory monitoring and avoid stockouts
C2,142,7051.0,13,10.923076923076923,5.574667979074904,49.63675213675214,141,CARRIAGE,0.510356927661787,High-Revenue Priority,Prioritize inventory monitoring and avoid stockouts
DCGS0003,4,9.94,3,1.3333333333333333,0.5773502691896257,2.4766666666666666,4,BOXED GLASS ASHTRAY,0.4330127018922193,Long-Tail,Limit stock and avoid excessive local warehouse space
DCGS0004,1,16.63,1,1.0,0.0,16.63,1,HAYNES CAMPER SHOULDER BAG,0.0,Long-Tail,Limit stock and avoid excessive local warehouse space
DCGS0069,1,15.79,1,1.0,0.0,15.79,1,OOH LA LA DOGS COLLAR,0.0,Long-Tail,Limit stock and avoid excessive local warehouse space
DCGS0070,1,12.72,1,1.0,0.0,12.72,1,CAMOUFLAGE DOG COLLAR,0.0,Long-Tail,Limit stock and avoid excessive local warehouse space
DCGS0076,3,48.39,1,3.0,0.0,16.13,2,SUNJAR LED NIGHT NIGHT LIGHT,0.0,Long-Tail,Limit stock and avoid excessive local warehouse space
DCGSSBOY,47,150.54999999999998,7,6.714285714285714,7.867957924694432,3.1442857142857146,11,BOYS PARTY BAG,1.1718235206991707,Long-Tail,Limit stock and avoid excessive local warehouse space
DCGSSGIRL,47,144.43,8,5.875,8.356990230596521,3.035,13,GIRLS PARTY BAG,1.4224664222291952,Long-Tail,Limit stock and avoid excessive local warehouse space
PADS,3,0.003,3,1.0,0.0,0.001,3,PADS TO MATCH ALL CUSHIONS,0.0,Long-Tail,Limit stock and avoid excessive local warehouse space
S,2,63.05,2,1.0,0.0,31.525,2,SAMPLES,0.0,Long-Tail,Limit stock and avoid excessive local warehouse space
gift_0001_10,9,74.97,6,1.5,0.8366600265340756,8.33,8,DOTCOMGIFTSHOP GIFT VOUCHER £10.00,0.5577733510227171,Long-Tail,Limit stock and avoid excessive local warehouse space
gift_0001_20,10,167.05,6,1.6666666666666667,0.816496580927726,16.699166666666667,9,DOTCOMGIFTSHOP GIFT VOUCHER £20.00,0.4898979485566356,Long-Tail,Limit stock and avoid excessive local warehouse space
gift_0001_30,7,175.53,5,1.4,0.5477225575051661,25.106,7,DOTCOMGIFTSHOP GIFT VOUCHER £30.00,0.3912303982179758,Long-Tail,Limit stock and avoid excessive local warehouse space
gift_0001_40,3,100.69999999999999,3,1.0,0.0,33.56666666666666,3,DOTCOMGIFTSHOP GIFT VOUCHER £40.00,0.0,Long-Tail,Limit stock and avoid excessive local warehouse space
gift_0001_50,4,167.56,3,1.3333333333333333,0.5773502691896258,41.96333333333333,4,DOTCOMGIFTSHOP GIFT VOUCHER £50.00,0.4330127018922194,Long-Tail,Limit stock and avoid excessive local warehouse space
m,1,2.55,1,1.0,0.0,2.55,1,MANUAL,0.0,Long-Tail,Limit stock and avoid excessive local warehouse space
