stock_code,description,first_sale_date,last_sale_date,total_units,total_revenue,avg_unit_price
10002,INFLATABLE POLITICAL GLOBE,2010-12-01 08:45:00,2011-04-18 12:56:00,860,759.89,1.086619718309859
10080,GROOVY CACTUS INFLATABLE,2011-02-27 13:47:00,2011-11-21 17:04:00,303,119.08999999999999,0.41090909090909095
10120,DOGGY RUBBER,2010-12-03 11:19:00,2011-12-04 13:15:00,192,40.32,0.21
10123C,HEARTS WRAPPING TAPE,2010-12-03 11:19:00,2011-03-31 13:14:00,5,3.25,0.65
10124A,SPOTS ON RED BOOKCOVER TAPE,2010-12-06 13:13:00,2011-11-06 13:00:00,16,6.72,0.42000000000000004
10124G,ARMY CAMO BOOKCOVER TAPE,2010-12-02 13:14:00,2011-11-06 13:00:00,17,7.14,0.42
10125,MINI FUNKY DESIGN TAPES,2010-12-01 12:23:00,2011-12-09 10:13:00,1295,993.99,0.8597849462365591
10133,COLOURING PENCILS BROWN TUBE,2010-12-01 12:15:00,2011-09-07 10:07:00,2856,1539.6,0.6525510204081633
10135,COLOURING PENCILS BROWN TUBE,2010-12-01 17:06:00,2011-12-08 09:28:00,2229,2204.89,1.4128813559322033
11001,ASSTD DESIGN RACING CAR PEN,2010-12-01 14:32:00,2011-12-06 16:26:00,1615,2389.44,1.89
15030,FAN BLACK FRAME,2011-03-24 13:37:00,2011-12-06 12:21:00,143,41.47,0.29
15034,PAPER POCKET TRAVELING FAN,2010-12-05 13:55:00,2011-12-08 09:28:00,6591,840.0200000000001,0.3739855072463768
15036,ASSORTED COLOURS SILK FAN,2010-12-02 15:03:00,2011-12-09 10:03:00,23826,18569.84,1.0677649325626204
15039,SANDALWOOD FAN,2010-12-05 12:43:00,2011-12-09 10:03:00,2090,1978.6399999999999,1.2422758620689656
15044A,PINK PAPER PARASOL,2010-12-21 14:26:00,2011-12-05 17:17:00,458,1439.0200000000002,3.6700000000000004
15044B,BLUE PAPER PARASOL,2010-12-01 12:54:00,2011-09-28 15:50:00,321,946.83,3.506666666666667
15044C,PURPLE PAPER PARASOL,2010-12-06 10:08:00,2011-12-06 14:23:00,313,1022.9900000000001,3.851818181818182
15044D,RED PAPER PARASOL,2010-12-06 16:57:00,2011-12-05 16:03:00,644,1819.76,3.3333333333333335
15056BL,EDWARDIAN PARASOL BLACK,2010-12-01 09:41:00,2011-12-09 10:20:00,2844,15828.84,6.430311526479751
15056N,EDWARDIAN PARASOL NATURAL,2010-12-01 09:41:00,2011-12-09 10:20:00,3950,22152.690000000002,6.94886462882096
15056P,EDWARDIAN PARASOL PINK,2010-12-01 16:01:00,2011-12-08 13:50:00,776,4354.92,6.352222222222222
15056bl,EDWARDIAN PARASOL BLACK,2010-12-03 11:13:00,2011-12-09 10:26:00,87,1086.88,12.489354838709678
15056n,EDWARDIAN PARASOL NATURAL,2010-12-07 15:32:00,2011-11-30 14:11:00,127,1585.2800000000002,12.484761904761905
15056p,EDWARDIAN PARASOL PINK,2010-12-03 11:13:00,2011-12-05 11:48:00,33,412.48,12.5
15058A,BLUE POLKADOT GARDEN PARASOL,2010-12-10 11:11:00,2011-11-23 12:48:00,200,1668.49,9.208988764044944
15058B,PINK POLKADOT GARDEN PARASOL,2010-12-10 13:27:00,2011-11-17 12:55:00,228,1885.27,9.890927835051546
15058C,ICE CREAM DESIGN GARDEN PARASOL,2011-02-03 14:41:00,2011-12-09 10:03:00,240,1429.82,9.33361111111111
15060B,FAIRY CAKE DESIGN UMBRELLA,2010-12-02 14:30:00,2011-11-18 14:14:00,451,1807.55,4.993053435114504
15060b,FAIRY CAKE DESIGN UMBRELLA,2011-09-20 14:46:00,2011-11-20 13:58:00,3,24.869999999999997,8.29
16008,SMALL FOLDING SCISSOR(POINTED EDGE),2010-12-09 14:10:00,2011-12-09 08:48:00,2892,360.71,0.13614285714285712
16010,FOLDING CAMPING SCISSOR W/KNIF & S,2010-12-05 16:41:00,2011-03-28 14:27:00,30,3.5999999999999996,0.12
16011,ANIMAL STICKERS,2010-12-05 12:53:00,2011-12-07 12:41:00,1749,367.29,0.21
16012,FOOD/DRINK SPONGE STICKERS,2010-12-02 13:32:00,2011-12-05 14:49:00,1220,256.2,0.21
16014,SMALL CHINESE STYLE SCISSOR,2010-12-01 12:15:00,2011-12-09 08:48:00,13328,4335.76,0.4014814814814815
16015,MEDIUM CHINESE STYLE SCISSOR,2010-12-09 14:10:00,2011-11-17 17:34:00,662,289.98,0.48833333333333334
16016,LARGE CHINESE STYLE SCISSOR,2010-12-01 12:15:00,2011-12-09 12:31:00,1273,1053.45,0.8460000000000001
16020C,CLEAR STATIONERY BOX SET,2011-03-02 17:33:00,2011-07-05 17:09:00,84,69.89999999999999,0.8335294117647059
16033,MINI HIGHLIGHTER PENS,2010-12-12 10:48:00,2011-02-17 15:40:00,840,100.79999999999998,0.12
16043,POP ART PUSH DOWN RUBBER,2011-06-07 10:44:00,2011-06-09 19:33:00,98,11.759999999999998,0.12
16045,POPART WOODEN PENCILS ASST,2010-12-22 14:28:00,2011-12-05 12:08:00,8900,380.0,0.043478260869565216
16046,TEATIME PEN CASE & PENS,2010-12-02 11:35:00,2011-11-28 11:26:00,65,55.25,0.85
16048,TEATIME ROUND PENCIL SHARPENER,2010-12-10 09:51:00,2011-12-08 09:28:00,1460,205.29999999999998,0.3280882352941176
16049,TEATIME GEL PENS ASST,2011-04-26 11:51:00,2011-05-25 11:44:00,504,82.08,0.24
16052,TEATIME PUSH DOWN RUBBER,2010-12-07 15:28:00,2011-06-09 19:33:00,479,115.3,0.5892307692307692
16054,POPART RECT PENCIL SHARPENER ASST,2010-12-10 11:33:00,2011-12-04 13:59:00,1166,140.52,0.1290909090909091
16151A,FLOWERS HANDBAG BLUE AND ORANGE,2011-05-11 12:32:00,2011-05-25 10:02:00,49,61.25,1.25
16156L,"WRAP, CAROUSEL",2011-01-07 09:40:00,2011-12-02 10:22:00,475,199.5,0.42
16156S,WRAP PINK FAIRY CAKES,2010-12-02 13:44:00,2011-12-08 12:29:00,5800,2331.0,0.4168862275449102
16161G,WRAP BAD HAIR DAY,2011-03-15 11:45:00,2011-11-24 11:19:00,700,70.0,0.1
16161M,WRAP  PINK FLOCK,2010-12-02 18:15:00,2010-12-02 18:15:00,25,10.5,0.42
16161P,WRAP ENGLISH ROSE,2010-12-02 18:08:00,2011-12-07 11:43:00,7201,2980.42,0.41943548387096774
16161U,WRAP SUKI AND FRIENDS,2010-12-05 14:45:00,2011-12-02 16:34:00,4075,1687.5,0.41955223880597015
16162L,THE KING GIFT BAG,2011-01-11 14:46:00,2011-09-13 11:14:00,20,13.0,0.65
16162M,THE KING GIFT BAG 25X24X12CM,2011-07-19 12:47:00,2011-11-27 13:26:00,28,11.76,0.42
16168M,FUNKY MONKEY GIFT BAG MEDIUM,2010-12-01 17:06:00,2011-12-08 16:22:00,371,173.12,0.6314634146341463
16169E,WRAP 50'S  CHRISTMAS,2011-07-21 13:06:00,2011-12-09 10:20:00,4563,1892.46,0.41919999999999996
16169K,WRAP FOLK ART,2010-12-06 15:54:00,2011-09-28 16:07:00,200,84.0,0.42
16169M,WRAP DAISY CARPET,2011-01-05 13:40:00,2011-12-02 10:22:00,660,277.2,0.42
16169N,WRAP BLUE RUSSIAN FOLKART,2010-12-06 12:06:00,2010-12-06 12:06:00,25,10.5,0.42
16169P,WRAP GREEN RUSSIAN FOLKART,2010-12-10 11:24:00,2010-12-19 11:35:00,50,21.0,0.42
16202A,PASTEL PINK PHOTO ALBUM,2011-03-11 14:35:00,2011-04-17 13:43:00,7,3.5,0.5
16202B,PASTEL BLUE PHOTO ALBUM,2011-04-17 13:43:00,2011-04-19 14:49:00,29,14.5,0.5
16202E,BLACK PHOTO ALBUM,2011-04-04 16:36:00,2011-04-17 13:43:00,15,7.5,0.5
16206B,RED PURSE WITH PINK HEART,2010-12-23 16:06:00,2011-01-26 12:29:00,7,8.75,1.25
16207A,PINK STRAWBERRY HANDBAG,2010-12-19 14:41:00,2011-11-06 16:14:00,60,163.1,2.751764705882353
16207B,PINK HEART RED HANDBAG,2011-01-11 12:41:00,2011-08-30 10:49:00,29,76.14,2.6994444444444445
16216,LETTER SHAPE PENCIL SHARPENER,2010-12-12 13:47:00,2011-12-07 12:41:00,3333,234.0,0.15244444444444444
16218,CARTOON  PENCIL SHARPENERS,2010-12-03 11:36:00,2011-12-09 10:03:00,3821,283.31,0.26984375
16219,HOUSE SHAPE PENCIL SHARPENER,2010-12-07 15:28:00,2011-12-08 09:20:00,3048,407.71999999999997,0.5172
16225,RATTLE SNAKE EGGS,2010-12-03 11:36:00,2011-12-09 10:03:00,813,689.35,1.4634313725490198
16235,RECYCLED PENCIL WITH RABBIT ERASER,2010-12-02 12:16:00,2011-12-09 10:03:00,3068,695.4,0.3164880952380952
16236,KITTY PENCIL ERASERS,2010-12-01 14:32:00,2011-12-08 11:43:00,1438,320.09,0.30455882352941177
16237,SLEEPING CAT ERASERS,2010-12-01 11:41:00,2011-12-09 10:03:00,4991,1047.93,0.29846938775510207
16238,PARTY TIME PENCIL ERASERS,2010-12-01 11:45:00,2011-12-08 11:43:00,1396,321.67,0.3123880597014925
16244B,MAXWELL 2 TONE BLUE 60 PAGE PHOTO A,2011-04-26 16:45:00,2011-05-11 15:16:00,7,7.85,1.225
16248B,BLUE HOLE PUNCH,2011-03-07 17:52:00,2011-10-30 15:55:00,13,16.25,1.25
16254,TRANSPARENT ACRYLIC TAPE DISPENSER,2011-06-15 11:56:00,2011-11-30 14:17:00,40,42.58,1.3088235294117647
16258A,SWIRLY CIRCULAR RUBBERS IN BAG,2010-12-01 12:23:00,2011-12-08 09:39:00,472,178.97,0.5913559322033899
16259,PIECE OF CAMO STATIONERY SET,2011-03-17 15:03:00,2011-11-13 11:55:00,3380,326.56,0.0967741935483871
17001,HEAVENS SCENT FRAGRANCE OILS ASSTD,2011-02-28 14:48:00,2011-02-28 14:48:00,72,20.88,0.29
17003,BROCADE RING PURSE,2010-12-01 14:32:00,2011-12-08 16:30:00,23020,6025.95,0.363402489626556
17007B,S/3 POT POURI CUSHIONS BLUE COLOURS,2010-12-06 13:01:00,2011-06-08 14:35:00,24,50.400000000000006,2.1
17011F,ORIGAMI SANDLEWOOD INCENSE+FLOWER,2010-12-01 14:32:00,2011-05-19 12:10:00,81,66.36000000000001,1.5728571428571427
17012A,ORIGAMI VANILLA INCENSE/CANDLE SET,2010-12-01 14:32:00,2011-12-02 14:25:00,323,375.92999999999995,1.9546969696969696
17012B,ORIGAMI JASMINE INCENSE/CANDLE SET,2010-12-01 14:32:00,2011-11-30 14:17:00,525,595.85,1.8828235294117646
17012C,ORIGAMI LAVENDER INCENSE/CANDL SET,2010-12-01 14:32:00,2011-12-08 12:50:00,420,481.79999999999995,1.7676470588235293
17012D,ORIGAMI ROSE INCENSE/CANDLE SET,2010-12-01 14:32:00,2011-12-08 16:30:00,461,547.24,1.8228865979381443
17012E,ORIGAMI OPIUM INCENSE/CANDLE SET,2010-12-01 14:32:00,2010-12-15 15:34:00,44,62.64,2.3169999999999997
17012F,ORIGAMI SANDLEWOOD INCENSE/CAND SET,2010-12-01 14:32:00,2011-12-08 19:24:00,448,530.6,1.7973404255319148
17013D,ORIGAMI ROSE INCENSE IN TUBE,2010-12-08 14:25:00,2011-06-07 10:05:00,535,267.82,1.2453846153846153
17014A,ORIGAMI VANILLA INCENSE CONES,2010-12-01 17:06:00,2011-06-27 13:58:00,155,71.19,0.9512499999999999
17021,NAMASTE SWAGAT INCENSE,2010-12-01 12:12:00,2011-12-05 12:59:00,2391,632.34,0.29411764705882354
17028J,INCENSE BAZAAR PEACH,2011-01-31 15:27:00,2011-01-31 15:27:00,6,2.52,0.42
17038,PORCELAIN BUDAH INCENSE HOLDER,2010-12-07 13:50:00,2011-12-09 10:03:00,1525,158.06,0.42
17084A,TRANQUILITY MASALA INCENSE,2011-01-31 15:27:00,2011-09-13 14:53:00,200,42.0,0.21
17084J,LOVE POTION MASALA INCENSE,2010-12-07 14:30:00,2011-09-13 14:53:00,225,47.25,0.21
17084N,FAIRY DREAMS INCENSE,2010-12-01 17:06:00,2011-12-09 10:03:00,1264,313.31,0.3538613861386139
17084P,DRAGONS BLOOD INCENSE,2010-12-01 17:06:00,2011-12-08 16:30:00,423,104.44,0.3507692307692308
17084R,ASSORTED INCENSE PACK,2010-12-03 11:48:00,2011-12-05 12:30:00,4032,760.3199999999999,0.20259259259259257
17090A,LAVENDER INCENSE 40 CONES IN TIN,2010-12-02 13:11:00,2011-11-24 10:24:00,109,107.44999999999999,1.17
17090D,VANILLA INCENSE 40 CONES IN TIN,2010-12-02 13:11:00,2011-07-11 11:38:00,29,36.25,1.25
17091A,LAVENDER INCENSE IN TIN,2010-12-01 11:21:00,2011-05-18 11:58:00,171,98.91,0.7976000000000001
17091J,VANILLA INCENSE IN TIN,2010-12-03 11:48:00,2011-12-09 11:20:00,2084,920.67,0.7027272727272726
17096,ASSORTED LAQUERED INCENSE HOLDERS,2010-12-08 14:25:00,2011-07-19 15:30:00,2545,455.9800000000001,0.3025
17107D,"FLOWER FAIRY,5 SUMMER B'DRAW LINERS",2010-12-03 12:24:00,2011-12-05 15:51:00,170,433.5,2.55
17109D,FLOWER FAIRY INCENSE BOUQUET,2010-12-05 10:45:00,2011-04-21 12:34:00,61,32.349999999999994,0.9039999999999999
17129F,BLUE GLASS GEMS IN BAG,2010-12-01 14:32:00,2011-12-05 17:24:00,588,553.8299999999999,1.37
17136A,BLUE STONES ON WIRE FOR CANDLE,2011-02-01 13:25:00,2011-11-03 18:49:00,352,29.59,0.10294117647058823
17164B,ASS COL SMALL SAND GECKO P'WEIGHT,2010-12-01 12:54:00,2011-01-26 14:51:00,27,11.34,0.42
17165D,ASS COL LARGE SAND FROG P'WEIGHT,2010-12-10 11:01:00,2011-01-12 15:22:00,27,28.35,1.05
17174,ASSTD RASTA KEY-CHAINS,2011-01-16 13:04:00,2011-11-24 15:01:00,9,3.7800000000000002,0.42
17191A,ROSE FLOWER CANDLE+INCENSE 16X16CM,2011-11-13 11:39:00,2011-12-04 10:51:00,4,15.0,3.75
18007,ESSENTIAL BALM 3.5G TIN IN ENVELOPE,2010-12-06 10:18:00,2011-07-20 16:12:00,5884,395.61,0.27483870967741936
18094C,WHITE AND BLUE CERAMIC OIL BURNER,2010-12-06 13:47:00,2011-10-07 13:17:00,192,283.93,1.955952380952381
18097A,PINK TALL PORCELAIN T-LIGHT HOLDER,2010-12-02 13:49:00,2011-06-22 16:16:00,5,12.75,2.55
18097C,WHITE TALL PORCELAIN T-LIGHT HOLDER,2010-12-02 13:49:00,2011-12-08 16:30:00,695,1591.01,3.114782608695652
18098C,PORCELAIN BUTTERFLY OIL BURNER,2010-12-01 14:32:00,2011-08-08 13:11:00,213,658.75,3.680980392156863
18098c,PORCELAIN BUTTERFLY OIL BURNER,2010-12-03 11:28:00,2010-12-21 15:17:00,52,263.12,5.06
20615,BLUE POLKADOT PASSPORT COVER,2010-12-02 19:18:00,2011-12-08 20:01:00,309,466.99,2.5613684210526313
20616,CHERRY BLOSSOM PASSPORT COVER,2010-12-01 14:41:00,2011-12-08 20:01:00,194,243.53,1.8074647887323942
20617,FIRST CLASS PASSPORT COVER,2010-12-01 17:06:00,2011-12-08 16:30:00,93,194.94,2.251860465116279
20618,QUEEN OF THE SKIES PASSPORT COVER,2010-12-08 12:46:00,2011-12-06 16:21:00,148,286.39,2.0278947368421054
20619,TROPICAL PASSPORT COVER,2010-12-01 17:06:00,2011-12-05 17:24:00,262,439.65,2.136767676767677
20622,VIPPASSPORT COVER,2010-12-01 14:32:00,2011-12-05 17:24:00,185,303.7,2.4062745098039215
20652,BLUE POLKADOT LUGGAGE TAG,2010-12-03 14:54:00,2011-12-08 20:01:00,265,346.86,1.575897435897436
20653,CHERRY BLOSSOM LUGGAGE TAG,2010-12-01 17:06:00,2011-12-05 17:17:00,73,95.17999999999999,1.4815151515151515
20654,FIRST CLASS LUGGAGE TAG,2010-12-10 11:01:00,2011-12-08 16:30:00,152,193.59,1.385
20655,QUEEN OF SKIES LUGGAGE TAG,2010-12-03 11:28:00,2011-12-04 13:32:00,197,292.29,1.7224242424242426
20657,TROPICAL LUGGAGE TAG,2010-12-03 14:54:00,2011-11-11 09:05:00,73,105.91,1.720909090909091
20658,RED RETROSPOT LUGGAGE TAG,2010-12-01 14:32:00,2011-09-26 13:57:00,433,652.11,1.7522429906542056
20659,ECONOMY LUGGAGE TAG,2010-12-05 15:12:00,2011-12-09 10:03:00,158,246.84,1.63984375
20661,BLUE POLKADOT PURSE,2010-12-03 14:54:00,2011-12-01 16:22:00,44,141.15,3.397878787878788
20662,FIRST CLASS HOLIDAY PURSE,2010-12-01 14:32:00,2011-10-24 17:07:00,31,90.42,2.879
20663,QUEEN OF THE SKIES HOLIDAY PURSE,2010-12-07 18:36:00,2011-10-17 13:31:00,25,66.26,2.693
20664,TROPICAL HOLIDAY PURSE,2010-12-12 12:08:00,2011-08-30 10:39:00,32,81.66,2.5416666666666665
20665,RED RETROSPOT PURSE,2010-12-01 17:06:00,2011-12-09 10:03:00,461,1546.2700000000002,4.068333333333333
20666,ECONOMY HOLIDAY PURSE,2010-12-12 12:26:00,2011-07-20 16:12:00,30,41.53,1.7123529411764706
20667,CHERRY BLOSSOM PURSE,2011-05-31 11:39:00,2011-08-30 10:39:00,20,49.69,2.490625
20668,DISCO BALL CHRISTMAS DECORATION,2010-12-01 10:19:00,2011-12-09 10:51:00,12883,1501.4,0.16444954128440367
20669,RED HEART LUGGAGE TAG,2010-12-01 11:45:00,2011-12-09 10:26:00,304,447.34,1.6915841584158415
20670,VIP HOLIDAY PURSE,2010-12-12 12:08:00,2011-11-15 16:38:00,14,44.04,3.2436363636363637
20671,BLUE TEATIME PRINT BOWL,2010-12-05 13:55:00,2010-12-09 13:34:00,10,12.5,1.25
20674,GREEN POLKADOT BOWL,2010-12-02 11:21:00,2011-12-08 15:31:00,1563,2016.23,1.5633009708737866
20675,BLUE POLKADOT BOWL,2010-12-02 12:47:00,2011-12-08 15:31:00,3120,3983.12,1.5869753086419751
20676,RED RETROSPOT BOWL,2010-12-01 14:32:00,2011-12-08 15:31:00,5023,6374.81,1.631751662971175
20677,PINK POLKADOT BOWL,2010-12-02 12:50:00,2011-12-08 15:31:00,3674,4747.34,1.6501483679525224
20678,LARGE BLACK DIAMANTE HAIRSLIDE,2011-09-23 14:49:00,2011-09-23 14:49:00,4,6.6,1.65
20679,EDWARDIAN PARASOL RED,2010-12-01 09:02:00,2011-12-09 10:26:00,1710,10021.42,7.003669724770643
20681,PINK POLKADOT CHILDRENS UMBRELLA,2010-12-01 17:06:00,2011-03-10 13:58:00,140,506.96,4.205744680851064
20682,RED RETROSPOT CHILDRENS UMBRELLA,2010-12-01 17:06:00,2011-12-08 09:20:00,1235,4171.33,4.018487394957983
20684,STRAWBERRY DREAM CHILDS UMBRELLA,2010-12-01 14:32:00,2011-07-22 10:52:00,80,270.56,3.5517142857142856
20685,DOORMAT RED RETROSPOT,2010-12-01 11:41:00,2011-12-09 12:49:00,4088,28049.54,8.953529411764706
20686,DOLLY MIXTURE CHILDREN'S UMBRELLA,2010-12-03 11:36:00,2011-12-08 13:50:00,267,922.67,3.8718181818181816
20694,FLORAL PINK MONSTER,2010-12-17 14:54:00,2011-11-22 15:41:00,43,187.54,5.078235294117647
20695,FLORAL BLUE MONSTER,2010-12-08 15:17:00,2011-11-17 15:08:00,5,21.25,4.25
20696,FLORAL SOFT CAR TOY,2010-12-01 17:06:00,2011-11-11 13:06:00,54,230.81,4.7219999999999995
20697,LITTLE GREEN MONSTER SOFT TOY,2010-12-01 14:37:00,2011-11-23 12:20:00,19,48.449999999999996,2.55
20698,LITTLE PINK MONSTER SOFT TOY,2011-01-11 12:41:00,2011-11-23 12:20:00,17,43.349999999999994,2.55
20699,MOUSEY LONG LEGS SOFT TOY,2010-12-01 17:06:00,2011-12-05 17:36:00,97,266.03,3.0048780487804874
20700,GREEN CAT FLORAL CUSHION COVER,2010-12-01 17:06:00,2011-09-28 16:13:00,73,345.17,4.981111111111112
20701,PINK CAT FLORAL CUSHION COVER,2010-12-23 16:06:00,2011-06-30 15:56:00,25,100.97,4.066666666666666
20702,PINK PADDED MOBILE,2010-12-05 13:42:00,2011-10-26 13:07:00,134,573.54,4.346190476190476
20703,BLUE PADDED SOFT MOBILE,2011-04-14 11:45:00,2011-04-14 11:45:00,1,4.25,4.25
20704,MR ROBOT SOFT TOY,2010-12-13 11:21:00,2011-12-09 10:46:00,216,697.7,5.847727272727273
20705,MRS ROBOT SOFT TOY,2010-12-14 12:59:00,2011-12-06 12:19:00,143,428.85,4.807142857142857
20707,CRAZY DAISY HEART DECORATION,2010-12-01 12:43:00,2011-12-05 17:17:00,464,468.39,1.0885906040268456
20711,JUMBO BAG TOYS,2010-12-01 14:11:00,2011-12-01 16:22:00,5007,11014.62,3.1267175572519084
20712,JUMBO BAG WOODLAND ANIMALS,2010-12-01 13:04:00,2011-12-09 10:26:00,9773,22092.42,2.9266168009205984
20713,JUMBO BAG OWLS,2010-12-01 11:45:00,2011-12-09 12:19:00,11429,23001.06,2.7772809667673717
20716,PARTY FOOD SHOPPER BAG,2010-12-06 09:58:00,2011-06-29 11:46:00,400,469.63,1.3158108108108109
20717,STRAWBERRY SHOPPER BAG,2010-12-01 11:45:00,2011-12-09 10:26:00,2855,3561.98,1.6730215827338129
20718,RED RETROSPOT SHOPPER BAG,2010-12-01 17:06:00,2011-12-09 10:26:00,4769,6604.29,1.7783737024221455
20719,WOODLAND CHARLOTTE BAG,2010-12-01 14:32:00,2011-12-09 10:23:00,13290,16744.45,1.2108571428571429
20723,STRAWBERRY CHARLOTTE BAG,2010-12-01 09:37:00,2011-12-09 10:23:00,9793,12548.15,1.2022176308539945
20724,RED RETROSPOT CHARLOTTE BAG,2010-12-01 14:32:00,2011-12-09 10:23:00,17761,21773.39,1.1461973180076628
20725,LUNCH BAG RED RETROSPOT,2010-12-01 09:37:00,2011-12-09 12:23:00,19432,35862.36,2.1314222503160556
20726,LUNCH BAG WOODLAND,2010-12-01 11:21:00,2011-12-09 10:26:00,9909,18283.78,2.1818446601941743
20727,LUNCH BAG  BLACK SKULL.,2010-12-01 11:29:00,2011-12-09 11:34:00,12195,22346.96,2.1077863182167564
20728,LUNCH BAG CARS BLUE,2010-12-01 11:29:00,2011-12-09 10:26:00,11786,21699.48,2.063580034423408
20731,POSY CANDY BAG,2010-12-06 12:15:00,2011-06-20 14:48:00,92,109.96,1.0925
20733,GOLD MINI TAPE MEASURE,2010-12-01 14:32:00,2011-12-09 10:03:00,1234,956.36,0.845873786407767
20734,SILVER MINI TAPE MEASURE,2010-12-03 14:27:00,2011-04-06 11:14:00,158,271.21999999999997,1.7962962962962963
20735,BLACK MINI TAPE MEASURE,2010-12-01 14:32:00,2011-12-06 14:23:00,623,625.8,1.1194642857142856
20748,KENSINGTON COFFEE SET,2010-12-05 13:42:00,2011-11-28 13:06:00,57,751.17,13.468235294117648
20749,ASSORTED COLOUR MINI CASES,2010-12-01 11:21:00,2011-12-09 09:38:00,1762,12550.57,8.065298701298701
20750,RED RETROSPOT MINI CASES,2010-12-01 11:49:00,2011-12-09 11:59:00,1747,12634.98,8.121839378238343
20751,FUNKY WASHING UP GLOVES ASSORTED,2010-12-02 15:46:00,2011-12-04 12:32:00,971,2041.5200000000002,2.3687192118226603
20752,BLUE POLKADOT WASHING UP GLOVES,2010-12-01 17:06:00,2011-11-27 14:50:00,407,920.45,2.41722972972973
20754,RETROSPOT RED WASHING UP GLOVES,2010-12-01 12:43:00,2011-11-20 14:43:00,1457,3088.86,2.5132573289902282
20755,BLUE PAISLEY POCKET BOOK,2010-12-01 17:35:00,2011-12-07 12:26:00,306,271.16999999999996,0.9903225806451613
20756,GREEN FERN POCKET BOOK,2011-01-20 14:13:00,2011-11-22 15:45:00,63,53.55,0.85
20757,RED DAISY POCKET BOOK,2010-12-02 14:09:00,2011-11-27 12:13:00,158,136.64,0.9188235294117647
20758,ABSTRACT CIRCLES POCKET BOOK,2010-12-09 14:19:00,2011-12-07 13:53:00,159,135.15,0.85
20759,CHRYSANTHEMUM POCKET BOOK,2010-12-02 14:09:00,2011-12-07 13:53:00,64,54.4,0.85
20760,GARDEN PATH POCKET BOOK,2010-12-02 14:09:00,2011-11-24 14:09:00,69,58.65,0.85
20761,BLUE PAISLEY SKETCHBOOK,2010-12-01 17:06:00,2011-12-07 12:21:00,120,505.97,4.461746031746031
20762,GREEN FERN SKETCHBOOK,2010-12-06 10:08:00,2011-12-06 12:56:00,106,420.08,4.153214285714286
20763,DAISY SKETCHBOOK,2010-12-07 15:28:00,2011-12-06 12:15:00,73,205.04,3.9829629629629633
20764,ABSTRACT CIRCLES SKETCHBOOK,2010-12-05 13:00:00,2011-12-08 09:20:00,142,603.3100000000001,4.66961038961039
20765,CHRYSANTHEMUM SKETCHBOOK,2010-12-01 17:24:00,2011-12-05 17:17:00,102,416.05,4.255762711864407
20766,GARDEN PATH SKETCHBOOK,2010-12-02 15:46:00,2011-12-04 15:00:00,122,493.57,4.450862068965517
20767,BLUE PAISLEY JOURNAL,2010-12-03 11:19:00,2011-12-06 14:35:00,250,656.06,2.8722784810126583
20768,GREEN FERN JOURNAL,2010-12-01 16:57:00,2011-12-06 15:43:00,176,438.57,2.647272727272727
20769,DAISY JOURNAL,2010-12-06 12:06:00,2011-12-06 15:43:00,80,217.55999999999997,2.7467647058823528
20770,ABSTRACT CIRCLE JOURNAL,2010-12-01 14:32:00,2011-11-27 11:47:00,184,447.25,2.4995833333333333
20771,CHRYSANTHEMUM  JOURNAL,2010-12-05 16:41:00,2011-12-06 12:56:00,102,267.13,2.7685
20772,GARDEN PATH JOURNAL,2010-12-01 12:43:00,2011-12-08 19:28:00,247,621.1899999999999,2.752153846153846
20773,BLUE PAISLEY NOTEBOOK,2010-12-01 12:15:00,2011-09-12 13:43:00,56,92.39999999999999,1.6499999999999997
20774,GREEN FERN NOTEBOOK,2010-12-01 12:15:00,2011-10-04 16:33:00,86,141.23999999999998,1.6406666666666667
20775,DAISY NOTEBOOK,2010-12-06 12:44:00,2011-12-05 17:24:00,134,233.54,1.7179687499999998
20777,CHRYSANTHEMUM NOTEBOOK,2010-12-01 12:15:00,2011-12-09 10:03:00,169,282.48999999999995,1.7029999999999998
20778,GARDEN PATH NOTEBOOK,2010-12-09 14:19:00,2011-04-26 13:22:00,15,24.75,1.65
20780,BLACK EAR MUFF HEADPHONES,2010-12-01 16:57:00,2011-12-08 16:30:00,47,312.7,7.693793103448276
20781,GOLD EAR MUFF HEADPHONES,2010-12-06 08:34:00,2011-12-07 14:12:00,35,212.26,6.073200000000001
20782,CAMOUFLAGE EAR MUFF HEADPHONES,2010-12-06 09:58:00,2011-12-09 10:03:00,53,368.08,7.535185185185185
20785,FUSCHIA RETRO BAR STOOL,2011-01-05 15:56:00,2011-04-06 12:08:00,14,523.3000000000001,39.15
20793,BLUE TILED TRAY,2010-12-12 12:01:00,2011-09-08 10:35:00,8,54.0,6.75
20794,BLUE  TILE HOOK,2010-12-07 18:36:00,2011-12-06 16:26:00,99,282.78999999999996,3.573928571428571
20795,LARGE BLUE PROVENCAL CERAMIC BALL,2011-01-18 15:19:00,2011-12-05 17:24:00,49,113.05000000000001,2.653636363636364
20796,SMALL BLUE PROVENCAL CERAMIC BALL,2011-03-01 17:32:00,2011-11-10 12:01:00,62,103.93999999999998,1.832222222222222
20798,CLEAR MILKSHAKE GLASS,2010-12-02 12:28:00,2011-01-25 13:38:00,36,75.60000000000001,2.1
20801,LARGE PINK GLASS SUNDAE DISH,2010-12-07 15:28:00,2011-05-25 16:08:00,1013,1157.8,1.610731707317073
20802,SMALL GLASS SUNDAE DISH CLEAR,2010-12-06 08:34:00,2011-11-28 10:31:00,739,984.4699999999999,1.942063492063492
20803,SMALL PINK GLASS SUNDAE DISH,2010-12-06 10:08:00,2011-05-01 13:45:00,939,476.38,1.1465
20816,GOLD FLOWER CUSHION COVER,2011-04-28 13:17:00,2011-04-28 19:53:00,8,15.6,1.95
20818,GOLD TEDDY BEAR,2010-12-13 11:21:00,2011-05-04 13:36:00,15,42.7,5.54
20819,SILVER TEDDY BEAR,2010-12-06 15:13:00,2011-11-30 11:17:00,64,244.72,4.016666666666667
20820,SILVER LOOKING MIRROR,2010-12-01 11:21:00,2011-03-01 17:28:00,5,24.75,4.95
20821,GOLDIE LOOKING MIRROR,2011-03-30 12:04:00,2011-11-23 15:53:00,17,84.15,4.95
20823,GOLD WINE GOBLET,2011-04-19 14:49:00,2011-06-09 14:23:00,164,129.56,0.79
20826,SILVER APERITIF GLASS,2010-12-13 15:12:00,2011-05-18 11:08:00,276,128.4,0.8225
20827,GOLD APERITIF GLASS,2011-04-19 14:49:00,2011-04-21 12:34:00,88,34.32,0.39
20828,GLITTER BUTTERFLY CLIPS,2010-12-02 13:32:00,2011-12-08 09:28:00,1128,3074.7799999999997,3.1662903225806454
20829,GLITTER HANGING BUTTERFLY STRING,2010-12-03 17:20:00,2011-12-08 16:30:00,1314,2722.9500000000003,2.452060301507538
20830,SILVER PHOTO FRAME,2010-12-12 10:48:00,2011-10-02 15:33:00,136,409.83,3.0435135135135134
20831,GOLD PHOTO FRAME,2010-12-12 10:48:00,2011-12-09 10:20:00,216,466.53000000000003,2.737948717948718
20832,RED FLOCK LOVE HEART PHOTO FRAME,2010-12-02 12:16:00,2011-12-09 12:25:00,1067,572.67,0.7425301204819278
20835,FRENCH LATTICE CUSHION COVER,2010-12-01 14:32:00,2011-11-10 15:23:00,67,65.8,2.10375
20836,FRENCH PAISLEY CUSHION COVER,2011-05-03 10:43:00,2011-11-24 11:52:00,170,141.1,0.83
20837,FRENCH FLORAL CUSHION COVER,2011-02-17 14:51:00,2011-11-20 11:06:00,141,142.47,0.9713333333333334
20838,FRENCH LATTICE CUSHION COVER,2011-04-27 17:23:00,2011-12-05 17:28:00,385,461.45,1.8773684210526316
20839,FRENCH PAISLEY CUSHION COVER,2010-12-01 14:32:00,2011-12-08 16:30:00,575,840.4399999999999,2.385047619047619
20840,FRENCH FLORAL CUSHION COVER,2010-12-01 14:32:00,2011-12-08 16:30:00,533,632.3199999999999,2.004
20845,ZINC HEART LATTICE 2 WALL PLANTER,2011-01-18 13:05:00,2011-08-16 13:13:00,19,120.64999999999999,6.35
20846,ZINC HEART LATTICE T-LIGHT HOLDER,2010-12-01 17:06:00,2011-12-07 09:22:00,716,957.32,1.6134831460674157
20847,ZINC HEART LATTICE CHARGER LARGE,2010-12-06 09:58:00,2011-11-25 11:54:00,52,217.57999999999998,4.592222222222222
20848,ZINC HEART LATTICE CHARGER SMALL,2010-12-13 15:12:00,2011-11-06 14:45:00,21,61.95,2.95
20851,ZINC HEART LATTICE TRAY OVAL,2011-01-30 13:48:00,2011-04-27 16:54:00,9,53.550000000000004,5.95
20854,BLUE PATCH PURSE PINK HEART,2010-12-01 14:32:00,2011-02-20 12:01:00,242,383.02,1.685609756097561
20856,DENIM PATCH PURSE PINK BUTTERFLY,2010-12-01 14:32:00,2011-08-09 14:18:00,216,357.28999999999996,1.670327868852459
20857,BLUE ROSE PATCH PURSE PINK BUTTERFL,2010-12-07 10:06:00,2011-02-17 13:28:00,32,52.8,1.65
20860,GOLD COSMETICS BAG WITH BUTTERFLY,2010-12-13 16:46:00,2010-12-13 16:46:00,1,2.1,2.1
20861,GOLD COSMETIC BAG PINK STAR,2010-12-06 12:55:00,2010-12-10 11:24:00,2,4.2,2.1
20866,BLUE ROSE FABRIC MIRROR,2010-12-01 12:23:00,2011-12-08 16:30:00,597,709.7,1.4886666666666666
20867,PINK ROSE FABRIC MIRROR,2010-12-01 13:51:00,2011-12-06 12:21:00,331,393.46999999999997,1.3503225806451613
20868,SILVER FABRIC MIRROR,2010-12-10 11:12:00,2011-12-08 19:24:00,458,219.35000000000002,0.7071739130434783
20869,GOLD FABRIC MIRROR,2010-12-17 14:54:00,2011-12-08 19:24:00,180,86.76,0.716
20871,OPULENT VELVET SET/3 CANDLES,2010-12-14 15:52:00,2010-12-14 15:52:00,2,8.42,4.21
20878,SET/9 CHRISTMAS T-LIGHTS SCENTED,2010-12-01 12:23:00,2010-12-05 16:24:00,24,30.0,1.25
20886,BOX OF 9 PEBBLE CANDLES,2010-12-03 11:27:00,2011-11-07 12:06:00,485,986.23,2.4765384615384614
20892,SET/3 TALL GLASS CANDLE HOLDER PINK,2010-12-07 15:28:00,2010-12-21 15:19:00,4,89.22,21.243333333333332
20893,HANGING BAUBLE T-LIGHT HOLDER SMALL,2010-12-02 10:17:00,2011-12-04 12:13:00,268,609.02,3.0580769230769227
20894,HANGING BAUBLE T-LIGHT HOLDER LARGE,2010-12-02 13:49:00,2011-12-01 08:51:00,33,108.71000000000001,3.707333333333333
20897,VINTAGE NOTEBOOK PARIS DAYS,2010-12-06 11:10:00,2011-08-30 10:29:00,107,298.27,3.1816666666666666
20898,VINTAGE NOTEBOOK TRAVELOGUE,2011-01-27 15:51:00,2011-10-23 13:49:00,38,105.73,2.6350000000000002
20901,VINTAGE KEEPSAKE BOX PINK FLOWER,2011-06-07 17:12:00,2011-11-14 14:39:00,19,85.13,4.426
20902,VINTAGE KEEPSAKE BOX PARIS DAYS,2010-12-01 14:03:00,2011-08-10 16:51:00,112,686.86,6.938035714285715
20903,VINTAGE KEEPSAKE BOX TRAVELOGUE,2010-12-06 11:10:00,2011-10-23 13:49:00,82,441.89,5.576964285714285
20906,VINTAGE NOTEBOOK BEAUTY GIRL,2010-12-08 13:23:00,2011-04-03 15:07:00,3,8.850000000000001,2.95
20910,VINTAGE PHOTO ALBUM PARIS DAYS,2010-12-03 14:35:00,2010-12-16 11:53:00,8,50.8,6.349999999999999
20914,SET/5 RED RETROSPOT LID GLASS BOWLS,2010-12-01 11:32:00,2011-12-09 10:03:00,6361,18357.75,3.2885442329227326
20931,BLUE POT PLANT CANDLE,2010-12-01 17:06:00,2011-12-09 10:03:00,299,1060.9,5.06
20932,PINK POT PLANT CANDLE,2010-12-10 09:51:00,2011-12-08 16:30:00,204,628.7900000000001,4.676
20933,YELLOW POT PLANT CANDLE,2011-01-05 15:56:00,2011-12-08 11:15:00,23,71.05,3.127777777777778
20934,SET/3 POT PLANT CANDLES,2010-12-17 16:59:00,2011-11-04 14:54:00,68,424.46000000000004,7.133125
20935,ROUND CACTUS CANDLE,2011-09-23 13:48:00,2011-11-16 16:08:00,6,17.700000000000003,2.95
20936,FORKED CACTUS CANDLE,2010-12-05 11:12:00,2011-12-09 11:34:00,100,319.66,3.7341176470588238
20941,FROG CANDLE,2010-12-03 11:13:00,2011-07-06 15:15:00,64,83.78,1.376
20954,*USB OFFICE MIRROR BALL,2010-12-17 14:54:00,2010-12-17 17:08:00,2,16.94,8.47
20956,PORCELAIN T-LIGHT HOLDERS ASSORTED,2010-12-01 14:32:00,2011-12-06 17:23:00,822,1146.52,1.7798039215686274
20960,WATERMELON BATH SPONGE,2010-12-03 14:27:00,2011-03-07 10:12:00,29,72.49,2.4899999999999998
20961,STRAWBERRY BATH SPONGE,2010-12-01 11:21:00,2011-12-09 10:26:00,1232,1745.43,1.7937554585152837
20963,APPLE BATH SPONGE,2010-12-01 11:21:00,2011-12-09 10:26:00,1336,1911.17,1.8230172413793104
20964,POLYESTER FILLER PAD 60X40CM,2011-05-06 11:36:00,2011-05-06 11:36:00,2,5.1,2.55
20966,SANDWICH BATH SPONGE,2010-12-01 11:21:00,2011-08-24 10:22:00,719,1022.8,1.9605154639175257
20967,GREY FLORAL FELTCRAFT SHOULDER BAG,2010-12-02 11:35:00,2011-10-26 14:42:00,265,1027.94,4.115301204819277
20969,RED FLORAL FELTCRAFT SHOULDER BAG,2010-12-01 14:32:00,2011-12-08 16:30:00,1960,7229.43,4.268562091503268
20970,PINK FLORAL FELTCRAFT SHOULDER BAG,2010-12-01 17:06:00,2011-12-09 10:03:00,1116,4232.13,4.193650190114068
20971,PINK BLUE FELT CRAFT TRINKET BOX,2010-12-01 14:32:00,2011-12-09 10:03:00,10993,13828.1,1.4207224334600759
20972,PINK CREAM FELT CRAFT TRINKET BOX,2010-12-01 12:49:00,2011-12-09 10:03:00,7337,9128.06,1.4245659163987139
20973,12 PENCIL SMALL TUBE WOODLAND,2010-12-01 12:54:00,2011-12-09 10:03:00,4497,3210.27,0.7885479452054794
20974,12 PENCILS SMALL TUBE SKULL,2010-12-01 12:54:00,2011-12-09 12:20:00,6976,4527.43,0.7523415977961433
20975,12 PENCILS SMALL TUBE RED RETROSPOT,2010-12-01 14:32:00,2011-12-08 13:50:00,6633,4383.27,0.7378688524590163
20977,36 PENCILS TUBE WOODLAND,2010-12-01 12:27:00,2011-11-07 17:42:00,1739,2328.64,1.5118279569892472
20978,36 PENCILS TUBE SKULLS,2010-12-01 16:57:00,2011-12-09 10:03:00,1795,2395.05,1.6181954887218044
20979,36 PENCILS TUBE RED RETROSPOT,2010-12-01 12:27:00,2011-12-09 10:03:00,3734,4723.7300000000005,1.5887384615384617
20980,36 PENCILS TUBE POSY,2010-12-05 13:05:00,2011-08-08 14:53:00,79,76.91,1.061
20981,12 PENCILS TALL TUBE WOODLAND,2010-12-01 14:32:00,2011-12-09 08:59:00,1974,1740.57,0.96316
20982,12 PENCILS TALL TUBE SKULLS,2010-12-01 11:41:00,2011-12-09 10:03:00,2151,1880.6699999999998,0.957104247104247
20983,12 PENCILS TALL TUBE RED RETROSPOT,2010-12-02 11:41:00,2011-12-09 10:03:00,2737,2374.81,0.9340072202166064
20984,12 PENCILS TALL TUBE POSY,2010-12-02 13:32:00,2011-10-17 12:50:00,3785,1166.07,0.38602272727272724
20985,HEART CALCULATOR,2010-12-05 15:12:00,2011-12-09 10:03:00,1179,1540.59,1.6459558823529412
20986,BLUE CALCULATOR RULER,2010-12-02 12:16:00,2011-12-09 10:03:00,654,829.74,1.5937068965517243
20992,JAZZ HEARTS PURSE NOTEBOOK,2010-12-01 11:21:00,2011-12-08 13:50:00,4425,1944.6299999999999,0.5452577319587628
20996,JAZZ HEARTS ADDRESS BOOK,2010-12-01 14:32:00,2011-12-08 19:24:00,3191,726.8900000000001,0.3208407079646018
20997,ROSE DU SUD CUSHION COVER,2011-04-19 15:37:00,2011-12-08 09:28:00,59,257.61,4.274705882352941
20998,ROSE DU SUD OVEN GLOVE,2010-12-03 11:35:00,2011-10-14 13:54:00,185,505.20000000000005,2.66231884057971
21000,ROSE DU SUD COSMETICS BAG,2010-12-01 14:32:00,2011-12-09 10:03:00,96,360.84,3.6173076923076923
21001,ROSE DU SUD WASHBAG,2010-12-06 16:57:00,2011-12-08 09:20:00,73,348.19,4.6192
21002,ROSE DU SUD DRAWSTRING BAG,2010-12-01 17:06:00,2011-10-23 11:42:00,125,428.66,3.3995454545454544
21003,ROSE DU SUD CUSHION COVER,2011-01-07 16:32:00,2011-12-08 09:28:00,78,460.58,5.887391304347826
21009,ETCHED GLASS STAR TREE DECORATION,2010-12-17 17:30:00,2010-12-17 17:30:00,1,1.25,1.25
21011,GLITTER SNOW PEAR TREE DECORATION,2010-12-05 10:45:00,2010-12-21 10:35:00,20,28.999999999999996,1.45
21012,ANTIQUE ALL GLASS CANDLESTICK,2010-12-01 14:32:00,2011-12-09 12:00:00,1169,2614.05,2.3111940298507463
21014,SWISS CHALET TREE DECORATION,2010-12-01 15:35:00,2011-11-23 13:27:00,1385,598.8199999999999,0.6728455284552844
21015,DARK BIRD HOUSE TREE DECORATION,2010-12-01 17:06:00,2011-12-09 10:03:00,1483,589.55,0.6625174825174824
21018,BIRD BOX CHRISTMAS TREE DECORATION,2010-12-01 15:35:00,2010-12-17 17:30:00,24,22.06,1.087142857142857
21025,SPACE FROG,2010-12-02 15:46:00,2011-12-06 16:26:00,174,233.52,1.5507142857142857
21026,SPACE OWL,2010-12-02 15:46:00,2011-12-09 10:03:00,255,315.75,1.5561764705882353
21027,NINJA RABBIT PINK,2010-12-03 12:01:00,2011-11-21 12:05:00,167,187.79,1.1130232558139534
21028,NINJA RABBIT BLACK,2010-12-06 16:57:00,2011-12-08 16:30:00,187,239.24,1.5422413793103449
21030,SPACE CADET RED,2010-12-02 15:46:00,2011-11-21 12:05:00,131,159.7,1.1894117647058824
21031,SPACE CADET BLACK,2010-12-02 15:46:00,2011-11-16 12:18:00,52,64.24,1.2942105263157895
21032,SPACE CADET WHITE,2010-12-02 15:46:00,2011-11-30 11:48:00,97,117.78,1.3816666666666668
21033,JUMBO BAG CHARLIE AND LOLA TOYS,2010-12-01 09:37:00,2011-09-08 13:53:00,1932,4851.73,3.2029
21034,REX CASH+CARRY JUMBO SHOPPER,2010-12-01 11:49:00,2011-12-08 18:42:00,1878,1784.1,0.95
21035,SET/2 RED RETROSPOT TEA TOWELS,2010-12-01 08:45:00,2011-12-09 10:03:00,2599,8536.85,4.550554156171285
21038,SET/4 MODERN VINTAGE COTTON NAPKINS,2010-12-01 13:21:00,2011-05-04 13:52:00,77,86.75,1.1656521739130437
21039,RED RETROSPOT SHOPPING BAG,2010-12-02 18:08:00,2011-12-06 12:56:00,523,1353.6899999999998,3.0876666666666663
21040,MODERN VINTAGE COTTON SHOPPING BAG,2010-12-03 15:19:00,2011-03-15 15:37:00,22,29.7,1.67
21041,RED RETROSPOT OVEN GLOVE DOUBLE,2010-12-01 12:49:00,2011-11-23 14:07:00,914,3888.98,4.408677042801556
21042,RED RETROSPOT APRON,2010-12-02 08:52:00,2011-12-08 10:53:00,334,2199.52,7.234477611940299
21043,APRON MODERN VINTAGE COTTON,2010-12-16 13:02:00,2011-06-07 17:09:00,492,1139.86,2.9795555555555553
21051,RIBBONS PURSE,2010-12-03 11:36:00,2011-12-08 09:47:00,192,377.2,2.0466666666666664
21054,NURSE'S BAG SOFT TOY,2010-12-03 15:10:00,2011-11-14 12:45:00,70,634.53,9.226896551724137
21055,TOOL BOX SOFT TOY,2010-12-01 14:05:00,2011-12-08 19:57:00,178,1764.6399999999999,10.455428571428572
21056,DOCTOR'S BAG SOFT TOY,2010-12-01 14:05:00,2011-12-08 09:28:00,184,1765.3999999999999,10.123333333333333
21058,PARTY INVITES WOODLAND,2010-12-02 10:27:00,2011-12-08 09:28:00,1154,965.66,0.9721774193548387
21059,PARTY INVITES DINOSAURS,2010-12-02 17:12:00,2011-12-08 09:28:00,611,528.2299999999999,0.9231914893617021
21060,PARTY INVITES BALLOON GIRL,2010-12-02 10:27:00,2011-12-05 17:24:00,405,359.28999999999996,0.946619718309859
21061,PARTY INVITES FOOTBALL,2010-12-01 11:29:00,2011-12-04 14:15:00,488,451.7,1.0548192771084337
21062,PARTY INVITES SPACEMAN,2010-12-01 11:29:00,2011-12-02 13:20:00,538,457.38,0.8575675675675676
21063,PARTY INVITES JAZZ HEARTS,2010-12-01 11:29:00,2011-12-06 09:48:00,528,458.31,0.9322549019607843
21064,BOOM BOX SPEAKER BOYS,2010-12-02 12:16:00,2011-12-09 10:03:00,296,1281.2,4.858349514563107
21065,BOOM BOX SPEAKER GIRLS,2010-12-01 11:45:00,2011-12-09 10:03:00,562,1160.58,4.37054347826087
21066,VINTAGE RED MUG,2010-12-03 11:13:00,2011-12-01 11:53:00,702,693.47,1.533148148148148
21067,VINTAGE RED TEATIME MUG,2010-12-01 17:06:00,2011-10-04 13:25:00,317,504.15,1.7896103896103894
21068,VINTAGE BILLBOARD LOVE/HATE MUG,2010-12-01 09:02:00,2011-12-08 16:30:00,1638,1890.33,1.669396984924623
21069,VINTAGE BILLBOARD TEA MUG,2010-12-01 14:32:00,2011-08-17 15:05:00,1949,2250.52,1.7434883720930232
21070,VINTAGE BILLBOARD MUG,2010-12-01 14:32:00,2011-12-08 16:30:00,1106,1184.98,1.6324074074074075
21071,VINTAGE BILLBOARD DRINK ME MUG,2010-12-01 09:02:00,2011-10-31 14:41:00,991,1380.28,1.71072625698324
21078,SET/20 STRAWBERRY PAPER NAPKINS,2010-12-03 11:35:00,2011-10-13 14:33:00,2769,2531.04,1.2559047619047619
21080,SET/20 RED RETROSPOT PAPER NAPKINS,2010-12-01 10:19:00,2011-12-08 16:30:00,13202,11312.56,1.0935721393034825
21082,SET/20 FRUIT SALAD PAPER NAPKINS,2011-01-14 14:28:00,2011-06-28 15:44:00,88,143.44,1.63
21084,SET/6 COLLAGE PAPER CUPS,2011-01-07 12:28:00,2011-12-07 12:41:00,2610,773.14,0.5010869565217392
21086,SET/6 RED SPOTTY PAPER CUPS,2010-12-01 10:19:00,2011-12-06 14:22:00,7121,4851.5,0.9603908045977011
21087,SET/6 POSIES PAPER CUPS,2011-02-18 16:12:00,2011-04-19 14:49:00,141,74.57000000000001,0.6025
21088,SET/6 FRUIT SALAD PAPER CUPS,2011-01-07 12:28:00,2011-12-08 16:30:00,1678,428.28000000000003,0.41398058252427183
21089,SET/6 GREEN SPRING PAPER CUPS,2010-12-06 12:41:00,2011-08-17 14:25:00,233,48.99,0.2844
21090,SET/6 COLLAGE PAPER PLATES,2010-12-05 12:42:00,2011-12-07 12:41:00,2413,1274.1899999999998,0.638211009174312
21094,SET/6 RED SPOTTY PAPER PLATES,2010-12-01 09:37:00,2011-12-08 09:20:00,8758,6933.259999999999,0.9860338345864661
21095,SET/6 POSIES PAPER PLATES,2010-12-03 12:01:00,2011-06-16 19:59:00,125,118.72999999999999,0.9614285714285714
21096,SET/6 FRUIT SALAD  PAPER PLATES,2011-01-07 12:28:00,2011-12-08 09:20:00,1259,581.09,0.5745714285714285
21098,CHRISTMAS TOILET ROLL,2010-12-01 12:49:00,2011-12-09 10:03:00,3719,5078.76,1.6951538461538462
21100,CHARLIE AND LOLA CHARLOTTE BAG,2010-12-03 11:28:00,2011-03-22 16:56:00,65,162.20999999999998,3.4099999999999997
21106,CREAM SLICE FLANNEL CHOCOLATE SPOT,2010-12-01 12:51:00,2011-12-02 16:39:00,237,702.51,3.8114814814814815
21107,CREAM SLICE FLANNEL PINK SPOT,2010-12-01 12:51:00,2011-12-06 16:26:00,901,2492.71,3.8324489795918364
21108,FAIRY CAKE FLANNEL ASSORTED COLOUR,2010-12-01 11:21:00,2011-12-09 11:26:00,10241,18056.280000000002,2.3184790874524714
21109,"LARGE CAKE TOWEL, CHOCOLATE SPOTS",2010-12-01 17:06:00,2011-12-09 11:26:00,936,2763.2,5.704310344827586
21110,LARGE CAKE TOWEL PINK SPOTS,2010-12-01 17:06:00,2011-11-25 15:23:00,1105,3815.7,6.258814814814814
21111,"SWISS ROLL TOWEL, CHOCOLATE  SPOTS",2010-12-01 12:43:00,2011-12-09 11:26:00,900,1651.02,2.9389473684210525
21112,"SWISS ROLL TOWEL, PINK  SPOTS",2010-12-03 11:36:00,2011-12-05 11:58:00,1359,2885.13,3.0414634146341464
21114,LAVENDER SCENTED FABRIC HEART,2010-12-02 19:18:00,2011-12-04 13:55:00,1341,1778.08,1.9399280575539566
21115,ROSE CARAVAN DOORSTOP,2010-12-01 09:59:00,2011-12-09 10:26:00,562,3162.24,7.511472392638037
21116,OWL DOORSTOP,2010-12-01 11:45:00,2011-12-05 17:24:00,695,4051.79,6.7411111111111115
21117,BLOND DOLL DOORSTOP,2011-01-13 15:11:00,2011-11-23 13:46:00,109,141.75,1.6428571428571428
21120,*BOOMBOX IPOD CLASSIC,2010-12-09 14:09:00,2010-12-09 14:09:00,1,16.98,16.98
21121,SET/10 RED POLKADOT PARTY CANDLES,2010-12-01 12:22:00,2011-12-09 12:19:00,6606,7998.85,1.3711488250652741
21122,SET/10 PINK POLKADOT PARTY CANDLES,2010-12-01 11:21:00,2011-12-09 12:16:00,5325,6488.54,1.373
21123,SET/10 IVORY POLKADOT PARTY CANDLES,2010-12-01 12:43:00,2011-12-09 10:03:00,1143,1380.84,1.185923566878981
21124,SET/10 BLUE POLKADOT PARTY CANDLES,2010-12-01 12:23:00,2011-12-09 12:16:00,4011,4863.05,1.2982644628099174
21125,SET 6 FOOTBALL CELEBRATION CANDLES,2010-12-01 11:29:00,2011-12-09 10:26:00,657,830.98,1.3202884615384616
21126,SET OF 6 GIRLS CELEBRATION CANDLES,2010-12-01 11:29:00,2011-12-09 10:03:00,592,748.95,1.3354330708661417
21128,GOLD FISHING GNOME,2010-12-01 17:06:00,2011-12-07 15:56:00,68,546.6,10.019166666666667
21129,SILVER FISHING GNOME,2011-01-04 15:50:00,2011-11-29 11:48:00,52,419.52000000000004,9.361851851851853
21131,GOLD STANDING GNOME,2010-12-10 10:49:00,2011-12-06 14:23:00,106,398.02,5.6049999999999995
21132,SILVER STANDING GNOME,2010-12-09 14:50:00,2011-12-08 15:31:00,44,217.35999999999999,5.079090909090909
21135,VICTORIAN  METAL POSTCARD SPRING,2010-12-01 12:58:00,2011-12-08 10:40:00,2869,3206.0,1.8941208791208792
21136,PAINTED METAL PEARS ASSORTED,2010-12-01 16:52:00,2011-12-08 13:50:00,4687,7793.139999999999,1.8063031914893617
21137,BLACK RECORD COVER FRAME,2010-12-01 12:27:00,2011-12-09 12:00:00,11651,40633.38,4.215585106382979
21143,ANTIQUE GLASS HEART DECORATION,2010-12-01 13:54:00,2011-08-22 14:38:00,327,707.23,2.474736842105263
21144,PINK POODLE HANGING DECORATION,2010-12-09 16:27:00,2010-12-21 15:19:00,5,16.8,3.36
21145,ANTIQUE GLASS PLACE SETTING,2010-12-13 15:12:00,2011-11-16 13:25:00,122,152.5,1.25
21147,JINGLE BELLS TREE DECORATION,2010-12-01 14:32:00,2011-12-05 17:24:00,203,415.77,2.046493506493506
21154,RED RETROSPOT OVEN GLOVE,2010-12-01 12:12:00,2011-12-09 10:03:00,4034,6320.51,1.946069868995633
21155,RED RETROSPOT PEG BAG,2010-12-02 14:30:00,2011-12-09 10:26:00,3155,9296.3,3.131690427698574
21156,RETROSPOT CHILDRENS APRON,2010-12-01 12:15:00,2011-12-08 16:30:00,3170,6091.099999999999,2.3748888888888886
21157,RED RETROSPOT WASHBAG,2010-12-02 18:08:00,2011-10-25 17:31:00,78,225.5,3.3058823529411767
21158,MOODY GIRL DOOR HANGER,2010-12-01 14:32:00,2011-12-09 10:03:00,1469,781.87,0.9722285714285716
21159,MOODY BOY  DOOR HANGER,2010-12-02 11:41:00,2011-12-09 08:48:00,1126,601.79,1.0303225806451612
21160,KEEP OUT GIRLS DOOR HANGER,2010-12-14 15:52:00,2010-12-14 15:52:00,1,3.36,3.36
21161,KEEP OUT BOYS DOOR HANGER,2010-12-02 11:41:00,2011-06-08 12:44:00,143,229.92,1.7833333333333334
21162,TOXIC AREA  DOOR HANGER,2010-12-06 11:26:00,2011-12-09 10:03:00,1462,792.98,0.9853658536585366
21163,DO NOT TOUCH MY STUFF DOOR HANGER,2010-12-02 11:41:00,2011-10-28 12:34:00,1196,680.55,1.0219847328244274
21164,HOME SWEET HOME METAL SIGN,2010-12-01 17:06:00,2011-12-08 14:39:00,1766,5155.9800000000005,3.292605633802817
21165,BEWARE OF THE CAT METAL SIGN,2010-12-01 14:32:00,2011-12-07 10:35:00,4154,6935.7,2.156901098901099
21166,COOK WITH WINE METAL SIGN,2010-12-01 09:41:00,2011-12-09 10:26:00,10324,20874.440000000002,2.3886126373626375
21167,WHITE SAGE INCENSE,2010-12-05 16:41:00,2011-12-08 19:24:00,1432,337.14,0.34253731343283583
21169,YOU'RE CONFUSING ME METAL SIGN,2010-12-01 09:41:00,2011-12-09 12:00:00,4413,7301.7699999999995,2.245964912280702
21171,BATHROOM METAL SIGN,2010-12-06 16:57:00,2011-08-11 10:14:00,438,613.14,1.7678082191780824
21172,PARTY METAL SIGN,2010-12-02 08:52:00,2011-12-09 10:03:00,3485,5338.63,2.0224472573839662
21174,POTTERING IN THE SHED METAL SIGN,2010-12-01 14:32:00,2011-12-09 10:26:00,4175,9405.76,2.6952573529411765
21175,GIN + TONIC DIET METAL SIGN,2010-12-01 09:41:00,2011-12-09 10:03:00,12207,27029.97,2.7694334975369457
21179,NO JUNK MAIL METAL SIGN,2010-12-01 13:21:00,2011-09-12 16:23:00,1940,1313.79,1.1986764705882353
21181,PLEASE ONE PERSON METAL SIGN,2010-12-01 15:08:00,2011-12-09 10:26:00,12274,25225.480000000003,2.426067677946324
21186,WHITE DOVE HONEYCOMB PAPER GARLAND,2010-12-14 15:52:00,2010-12-14 15:52:00,2,6.72,3.36
21187,WHITE BELL HONEYCOMB PAPER GARLAND,2010-12-05 13:00:00,2011-08-04 16:32:00,369,648.4499999999999,2.120408163265306
21188,3D HEARTS  HONEYCOMB PAPER GARLAND,2010-12-01 17:06:00,2011-08-03 10:56:00,326,1021.9000000000001,3.834705882352941
21189,WHITE HONEYCOMB PAPER GARLAND,2010-12-01 14:32:00,2011-12-08 16:30:00,355,888.67,2.5816438356164384
21190,PINK HEARTS PAPER GARLAND,2010-12-01 12:31:00,2011-11-25 12:20:00,168,245.20000000000002,1.5928571428571427
21191,LARGE WHITE HONEYCOMB PAPER BELL,2010-12-01 14:32:00,2011-12-08 09:28:00,562,1451.82,3.066421052631579
21192,WHITE BELL HONEYCOMB PAPER,2010-12-01 12:49:00,2011-11-27 13:26:00,1092,1923.2899999999997,2.4459340659340656
21194,PINK  HONEYCOMB PAPER FAN,2010-12-13 09:35:00,2011-12-09 11:34:00,498,555.97,1.6775757575757575
21195,PINK  HONEYCOMB PAPER BALL,2010-12-01 14:32:00,2011-05-17 16:09:00,693,1308.56,2.8253086419753086
21196,ROUND WHITE CONFETTI IN TUBE,2010-12-15 16:32:00,2011-12-07 11:42:00,108,189.67999999999998,2.0014285714285713
21197,MULTICOLOUR  CONFETTI IN TUBE,2010-12-01 12:49:00,2011-12-02 10:22:00,284,382.9599999999999,1.6192592592592592
21198,WHITE HEART CONFETTI IN TUBE,2010-12-20 10:48:00,2011-12-07 11:42:00,1028,1006.8199999999999,1.4450704225352111
21199,PINK  HEART CONFETTI IN TUBE,2010-12-13 11:21:00,2011-12-02 10:22:00,966,888.3299999999999,1.5878481012658228
21200,MULTICOLOUR HONEYCOMB PAPER GARLAND,2010-12-03 11:36:00,2011-12-09 10:03:00,1119,1531.1399999999999,1.9658666666666667
21201,TROPICAL  HONEYCOMB PAPER GARLAND,2010-12-03 11:28:00,2011-12-09 10:03:00,1240,2987.82,3.166153846153846
21202,DOLLY HONEYCOMB GARLAND,2010-12-05 16:24:00,2011-11-17 11:02:00,474,485.46,1.7524000000000002
21204,DAISIES  HONEYCOMB GARLAND,2010-12-06 16:57:00,2011-12-07 12:41:00,499,868.4399999999999,1.9561176470588233
21205,MULTICOLOUR 3D BALLS GARLAND,2010-12-03 11:13:00,2011-12-02 14:30:00,253,677.1899999999999,2.811971830985915
21206,STRAWBERRY HONEYCOMB  GARLAND,2010-12-02 12:50:00,2011-11-23 13:34:00,1290,1610.9199999999998,1.9194594594594594
21207,SKULL AND CROSSBONES  GARLAND,2010-12-01 14:32:00,2011-12-05 17:24:00,1067,1684.85,1.6689473684210525
21208,PASTEL COLOUR HONEYCOMB FAN,2010-12-01 17:06:00,2011-12-09 11:34:00,940,697.77,1.2677380952380952
21209,MULTICOLOUR HONEYCOMB FAN,2010-12-05 12:42:00,2011-12-09 10:51:00,1224,886.24,1.396629213483146
21210,SET OF 72 RETROSPOT PAPER  DOILIES,2010-12-01 11:41:00,2011-12-08 15:54:00,5808,8368.39,1.7856512141280352
21211,SET OF 72 SKULL PAPER  DOILIES,2010-12-02 13:14:00,2011-11-28 13:26:00,883,1270.07,1.7360576923076922
21212,PACK OF 72 RETROSPOT CAKE CASES,2010-12-01 09:37:00,2011-12-09 10:23:00,36396,21246.45,0.7612056213017753
21213,PACK OF 72 SKULL CAKE CASES,2010-12-01 11:29:00,2011-12-09 10:03:00,15169,8414.59,0.797123695976155
21215,IVORY PAPER CUP CAKE CASES,2010-12-02 10:27:00,2011-12-08 09:20:00,1087,744.35,0.9225396825396827
21216,"SET 3 RETROSPOT TEA,COFFEE,SUGAR",2010-12-01 14:32:00,2011-12-09 10:26:00,2128,11382.81,7.409124423963133
21217,RED RETROSPOT ROUND CAKE TINS,2010-12-01 14:32:00,2011-12-09 12:49:00,1088,11522.439999999999,12.575697674418604
21218,RED SPOTTY BISCUIT TIN,2010-12-01 14:32:00,2011-12-09 10:26:00,2433,10116.49,5.90964824120603
21219,SET/4 BADGES BALLOON GIRL,2010-12-03 11:36:00,2011-12-08 09:20:00,448,561.84,1.4985555555555556
21220,SET/4 BADGES DOGS,2010-12-01 17:06:00,2011-12-09 11:34:00,338,445.01,1.5551685393258428
21221,SET/4 BADGES CUTE CREATURES,2010-12-01 17:35:00,2011-12-08 09:20:00,261,340.22,1.3612962962962964
21222,SET/4 BADGES BEETLES,2010-12-06 16:57:00,2011-12-09 11:34:00,265,348.19,1.5762162162162163
21224,SET/4 SKULL BADGES,2010-12-03 11:36:00,2011-12-09 11:34:00,914,1080.0,1.0932934131736527
21226,POCKET MIRROR WOODLAND,2010-12-06 12:23:00,2011-11-25 11:12:00,93,80.55,0.914
21228,"POCKET MIRROR ""GLAMOROUS""",2011-02-08 10:32:00,2011-03-09 13:56:00,5,6.25,1.25
21231,SWEETHEART CERAMIC TRINKET BOX,2010-12-01 14:32:00,2011-12-08 16:30:00,6054,7617.280000000001,1.5708023483365947
21232,STRAWBERRY CERAMIC TRINKET BOX,2010-12-01 10:52:00,2011-12-09 10:26:00,11842,16248.800000000001,1.676267942583732
21238,RED RETROSPOT CUP,2010-12-01 14:32:00,2011-12-09 10:23:00,3969,3488.44,1.0694117647058823
21239,PINK  POLKADOT CUP,2010-12-02 12:47:00,2011-12-09 10:26:00,3016,2707.34,1.1209354838709678
21240,BLUE POLKADOT CUP,2010-12-02 17:17:00,2011-12-08 11:21:00,3570,3110.2599999999998,1.113211009174312
21242,RED RETROSPOT PLATE,2010-12-01 11:49:00,2011-12-09 10:23:00,3373,5699.71,2.085625
21243,PINK  POLKADOT PLATE,2010-12-01 11:49:00,2011-12-08 16:30:00,2285,3827.16,2.128815165876777
21244,BLUE POLKADOT PLATE,2010-12-01 11:49:00,2011-12-06 10:05:00,2282,3789.3199999999997,2.0589847715736043
21245,GREEN POLKADOT PLATE,2010-12-01 11:49:00,2011-12-07 10:12:00,1075,1787.1999999999998,2.006124031007752
21246,RED RETROSPOT BIG BOWL,2010-12-08 12:45:00,2011-09-04 16:09:00,286,1336.78,4.550833333333333
21248,DOOR HANGER  MUM + DADS ROOM,2010-12-12 16:05:00,2011-12-09 08:48:00,205,330.71999999999997,1.8424242424242423
21249,WOODLAND  HEIGHT CHART STICKERS,2010-12-01 14:32:00,2011-12-08 09:20:00,724,2160.0,3.8703361344537814
21250,SET OF SKULL WALL STICKERS,2010-12-03 12:24:00,2011-11-30 15:13:00,95,274.37,3.3560000000000003
21251,DINOSAUR HEIGHT CHART STICKER SET,2010-12-06 16:57:00,2011-11-30 15:13:00,182,568.98,3.5830434782608696
21253,SET OF PICTURE FRAME  STICKERS,2010-12-06 10:08:00,2011-12-08 20:01:00,134,590.4200000000001,5.0358064516129035
21257,VICTORIAN SEWING BOX MEDIUM,2010-12-01 12:22:00,2011-12-09 12:09:00,688,6901.42,11.262595419847328
21258,VICTORIAN SEWING BOX LARGE,2010-12-01 09:09:00,2011-12-09 12:09:00,532,7674.799999999999,17.17723926380368
21259,VICTORIAN SEWING BOX SMALL,2010-12-01 12:22:00,2011-12-09 10:03:00,1179,7077.200000000001,7.013789473684211
21260,FIRST AID TIN,2010-12-01 12:23:00,2011-12-08 13:50:00,1161,3722.23,3.5810119047619047
21261,GREEN GOOSE FEATHER CHRISTMAS TREE,2010-12-03 11:36:00,2011-12-06 12:21:00,187,672.09,5.107777777777778
21262,WHITE GOOSE FEATHER CHRISTMAS TREE,2010-12-01 14:32:00,2011-12-08 12:07:00,332,1233.21,4.546025641025642
21263,GREEN GOOSE FEATHER TREE 60CM,2010-12-03 11:36:00,2011-12-06 17:26:00,167,349.17,2.4969767441860466
21264,WHITE GOOSE FEATHER TREE 60CM,2010-12-09 14:09:00,2011-12-06 12:56:00,283,571.65,2.3625000000000003
21265,PINK GOOSE FEATHER TREE 60CM,2010-12-06 10:08:00,2011-12-07 15:52:00,131,267.21,2.568947368421053
21268,VINTAGE BLUE TINSEL REEL,2010-12-02 15:46:00,2010-12-02 15:46:00,2,0.84,0.42
21269,ANTIQUE CREAM CUTLERY SHELF,2010-12-07 18:36:00,2011-11-22 14:43:00,29,254.98000000000002,8.946315789473683
21270,ANTIQUE CREAM CUTLERY CUPBOARD,2010-12-23 13:26:00,2011-12-05 12:03:00,50,530.19,11.344722222222224
21272,SALLE DE BAIN HOOK,2010-12-01 17:06:00,2011-08-11 10:14:00,548,777.5699999999999,1.752952380952381
21275,ZINC TOP  2 DOOR WOODEN SHELF,2010-12-08 13:28:00,2011-11-10 18:04:00,13,270.08,21.094166666666666
21277,FRENCH STYLE EMBOSSED HEART CABINET,2010-12-05 15:12:00,2011-11-23 15:44:00,26,571.43,22.25590909090909
21278,VINTAGE KITCHEN PRINT PUDDINGS,2011-01-06 14:53:00,2011-07-15 14:05:00,31,79.05,2.55
21279,VINTAGE KITCHEN PRINT FRUITS,2010-12-01 17:06:00,2011-12-04 14:55:00,85,266.15,3.9972413793103443
21280,VINTAGE KITCHEN PRINT VEGETABLES,2011-01-10 15:51:00,2011-11-09 17:47:00,65,165.75,2.55
21281,VINTAGE KITCHEN PRINT SEAFOOD,2010-12-01 17:06:00,2011-11-09 17:47:00,43,129.63,3.9771428571428564
21284,RETROSPOT CANDLE  SMALL,2010-12-09 14:09:00,2011-12-08 17:12:00,403,374.49,2.0392857142857146
21285,RETROSPOT CANDLE  MEDIUM,2010-12-08 14:25:00,2011-12-08 17:12:00,365,413.88,2.175581395348837
21286,RETROSPOT CANDLE  LARGE,2010-12-03 11:36:00,2011-12-08 15:54:00,273,362.12,2.675
21287,SCENTED VELVET LOUNGE CANDLE,2010-12-03 15:45:00,2011-12-06 12:26:00,1790,760.15,0.5452727272727272
21288,STRIPEY CHOCOLATE NESTING BOXES,2010-12-01 17:06:00,2011-12-08 09:28:00,355,1061.41,3.314363636363636
21289,LARGE STRIPES CHOCOLATE GIFT BAG,2010-12-06 10:36:00,2011-12-08 09:28:00,567,708.75,1.25
21291,SMALL POLKADOT CHOCOLATE GIFT BAG,2010-12-06 09:58:00,2011-11-28 14:37:00,943,819.64,1.0317307692307691
21292,SMALL STRIPES CHOCOLATE GIFT BAG,2010-12-01 12:43:00,2011-12-06 15:10:00,867,594.51,0.874642857142857
21293,MIRRORED DOVE WALL DECORATION,2010-12-13 11:21:00,2011-12-05 17:17:00,116,276.72,2.6748000000000003
21294,ETCHED GLASS COASTER,2010-12-05 12:26:00,2011-10-26 14:42:00,1618,825.49,0.8383561643835616
21306,SET/4 DAISY MIRROR MAGNETS,2010-12-05 15:12:00,2011-12-05 11:49:00,494,192.73999999999998,1.044318181818182
21307,SET/4 BUTTERFLY MIRROR MAGNETS,2010-12-05 15:12:00,2011-07-13 12:06:00,79,39.199999999999996,1.2646153846153847
21310,CAPIZ CHANDELIER,2011-05-24 13:22:00,2011-05-24 13:22:00,1,29.95,29.95
21311,SET/4 BIRD MIRROR MAGNETS,2010-12-05 15:12:00,2011-12-04 15:19:00,459,181.32999999999998,0.9040384615384615
21313,GLASS HEART T-LIGHT HOLDER,2010-12-01 14:32:00,2011-12-09 12:00:00,3321,2893.77,1.149158878504673
21314,SMALL GLASS HEART TRINKET POT,2010-12-01 10:47:00,2011-12-09 12:00:00,4246,9798.980000000001,2.841531365313653
21316,SMALL CHUNKY GLASS ROMAN  BOWL,2010-12-07 15:28:00,2011-04-10 13:36:00,159,214.73000000000002,3.048666666666667
21317,GLASS SPHERE CANDLE STAND MEDIUM,2010-12-09 16:27:00,2011-12-06 10:27:00,111,684.08,6.655142857142858
21318,GLASS CHALICE BLUE SMALL,2010-12-10 14:59:00,2011-05-09 16:30:00,694,421.78,1.318
21319,GLASS CHALICE GREEN  SMALL,2010-12-06 09:58:00,2011-04-10 13:36:00,161,175.78,1.9857894736842103
21320,GLASS CHALICE GREEN  LARGE,2011-01-20 18:01:00,2011-04-07 13:09:00,197,364.22,2.941
21324,HANGING MEDINA LANTERN SMALL,2010-12-01 09:53:00,2011-05-09 16:37:00,81,259.67,3.4785714285714286
21326,AGED GLASS SILVER T-LIGHT HOLDER,2010-12-01 11:45:00,2011-12-09 11:56:00,10535,6859.27,0.8200289017341041
21327,SKULLS WRITING SET,2010-12-01 12:23:00,2011-12-09 10:26:00,864,1484.1299999999999,1.9820703124999999
21328,BALLOONS  WRITING SET,2010-12-01 11:21:00,2011-12-09 11:34:00,1337,2410.43,2.2488218390804597
21329,DINOSAURS  WRITING SET,2010-12-01 12:23:00,2011-12-09 11:34:00,941,1723.6899999999998,2.1594791666666664
21331,MOROCCAN BEATEN METAL DISH LARGE,2010-12-13 15:12:00,2011-11-16 15:52:00,12,165.74,14.3425
21332,MOROCCAN BEATEN METAL MIRROR,2011-01-09 15:13:00,2011-08-15 14:51:00,19,268.1,16.092307692307692
21333,CLASSIC WHITE FRAME,2010-12-01 13:23:00,2011-04-05 12:37:00,56,168.16000000000003,3.1350000000000002
21336,GOLD WASHBAG,2010-12-06 14:46:00,2011-06-29 15:58:00,27,54.57,2.026
21340,CLASSIC METAL BIRDCAGE PLANT HOLDER,2010-12-01 09:53:00,2011-12-07 12:55:00,975,11300.02,13.383676975945017
21344,MOROCCAN BEATEN METAL DISH,2011-01-26 16:43:00,2011-12-08 12:54:00,15,160.09,11.756666666666666
21348,PINK SPOTS CHOCOLATE NESTING BOXES,2010-12-16 10:38:00,2011-01-26 10:51:00,140,361.55999999999995,3.31
21349,IVY HEART WREATH,2010-12-01 14:32:00,2011-11-01 15:55:00,18,155.6,8.610000000000001
21351,CINAMMON & ORANGE WREATH,2010-12-01 15:35:00,2011-12-09 12:20:00,104,672.88,6.652222222222222
21352,EUCALYPTUS & PINECONE  WREATH,2010-12-01 14:32:00,2011-11-15 16:42:00,378,1511.2600000000002,5.135454545454546
21354,TOAST ITS - BEST MUM,2010-12-01 14:32:00,2011-12-01 11:18:00,799,1007.71,1.5822105263157895
21355,TOAST ITS - I LOVE YOU,2010-12-02 10:39:00,2011-12-09 11:34:00,789,992.58,1.3647967479674796
21356,TOAST ITS - FAIRY FLOWER,2010-12-01 17:06:00,2011-12-09 10:03:00,642,703.3,1.219078947368421
21357,TOAST ITS - DINOSAUR,2010-12-02 15:46:00,2011-03-28 12:52:00,19,23.75,1.25
21358,TOAST ITS - HAPPY BIRTHDAY,2010-12-01 12:43:00,2011-12-08 09:20:00,411,493.29,1.1811111111111112
21359,RELAX LARGE WOOD LETTERS,2010-12-06 09:58:00,2011-08-11 14:54:00,129,844.28,10.630344827586207
21360,JOY LARGE WOOD LETTERS,2010-12-02 09:44:00,2011-06-06 15:31:00,39,236.17,9.0825
21361,LOVE LARGE WOOD LETTERS,2010-12-03 11:13:00,2011-07-22 17:21:00,106,1505.96,15.432028985507246
21363,HOME SMALL WOOD LETTERS,2010-12-01 09:59:00,2011-09-25 14:33:00,243,1403.94,6.5088372093023255
21364,PEACE SMALL WOOD LETTERS,2010-12-02 08:52:00,2011-10-13 12:38:00,30,222.96,7.3183333333333325
21365,MIRRORED WALL ART STARS,2010-12-01 14:32:00,2011-12-08 19:24:00,363,447.09000000000003,1.972962962962963
21366,MIRRORED WALL ART PHOTO FRAMES,2010-12-01 14:32:00,2011-12-07 15:07:00,89,470.16999999999996,5.890851063829787
21367,MIRRORED WALL ART GENTS,2010-12-01 12:31:00,2011-12-05 17:17:00,171,199.48999999999998,2.19953488372093
21368,MIRRORED WALL ART LADIES,2011-01-16 11:07:00,2011-12-05 11:31:00,163,143.28,1.2448484848484849
21369,MIRRORED WALL ART SPLODGES,2010-12-01 14:32:00,2011-12-05 11:31:00,101,161.49,2.515
21370,MIRRORED WALL ART FOXY,2010-12-01 12:31:00,2011-12-07 16:56:00,16,100.66000000000001,5.775555555555556
21371,MIRRORED WALL ART POPPIES,2011-01-13 09:30:00,2011-12-08 19:24:00,287,319.71,1.6355263157894737
21372,MIRRORED WALL ART TABLE LAMP,2010-12-01 14:32:00,2011-11-28 15:54:00,75,107.75,1.9772727272727273
21373,MIRRORED WALL ART SNOWFLAKES,2011-06-07 10:44:00,2011-12-07 15:07:00,512,389.04,0.8572340425531915
21374,MIRRORED WALL ART SKULLS,2010-12-01 16:21:00,2011-12-01 11:10:00,304,463.79,2.366739130434783
21375,LARGE CAMPHOR WOOD FIELD MUSHROOM,2010-12-06 16:57:00,2011-12-04 10:11:00,41,312.77,8.400357142857143
21376,LARGE  TALL CAMPHOR WOOD TOADSTOOL,2010-12-08 12:46:00,2011-12-04 10:11:00,33,192.81,6.459411764705883
21377,SMALL CAMPHOR WOOD FIELD  MUSHROOM,2010-12-03 12:24:00,2011-12-08 09:28:00,121,215.67999999999998,2.4429268292682926
21378,SMALL TALL CAMPHOR WOOD TOADSTOOL,2010-12-12 11:26:00,2011-12-09 10:03:00,142,217.89,2.119705882352941
21379,CAMPHOR WOOD PORTOBELLO MUSHROOM,2010-12-03 12:24:00,2011-12-09 10:03:00,178,246.82999999999998,1.8538
21380,WOODEN HAPPY BIRTHDAY GARLAND,2010-12-01 17:35:00,2011-12-02 10:22:00,2165,6307.51,3.49
21381,MINI WOODEN HAPPY BIRTHDAY GARLAND,2010-12-02 11:41:00,2011-12-06 11:58:00,1811,3131.24,2.377920353982301
21382,SET/4 SPRING FLOWER DECORATION,2010-12-09 13:03:00,2011-12-01 12:01:00,1143,1376.53,2.0197674418604654
21383,PACK OF 12 STICKY BUNNIES,2010-12-02 11:41:00,2011-12-09 10:03:00,991,751.28,1.0253254437869823
21385,IVORY HANGING DECORATION  HEART,2010-12-01 14:32:00,2011-12-08 09:28:00,3883,3442.45,1.1086196319018404
21386,IVORY HANGING DECORATION  EGG,2010-12-15 10:17:00,2011-12-04 12:32:00,709,285.64,0.5614545454545454
21389,IVORY HANGING DECORATION  BIRD,2010-12-06 10:08:00,2011-12-04 13:55:00,1113,964.2299999999999,0.9474626865671641
21390,FILIGRIS HEART WITH BUTTERFLY,2010-12-02 11:41:00,2011-12-08 09:20:00,3903,4848.13,1.4722374429223746
21391,FRENCH LAVENDER SCENT HEART,2010-12-06 10:08:00,2011-11-21 11:57:00,1069,1055.59,1.510462962962963
21392,RED POLKADOT PUDDING BOWL,2010-12-02 15:46:00,2011-03-17 19:01:00,34,46.39,1.7125000000000001
21393,BLUE POLKADOT PUDDING BOWL,2010-12-02 15:46:00,2011-03-28 12:23:00,29,38.67,1.45875
21394,RED POLKADOT BEAKER,2010-12-23 11:46:00,2011-11-13 11:55:00,3865,1603.77,0.6057251908396946
21395,BLUE POLKADOT BEAKER,2011-03-11 16:21:00,2011-11-03 16:56:00,2838,1139.06,0.5415555555555556
21397,BLUE POLKADOT EGG CUP,2010-12-06 09:58:00,2011-05-09 16:30:00,1075,550.43,1.0604615384615383
21398,RED POLKADOT COFFEE  MUG,2010-12-01 16:57:00,2011-04-19 16:52:00,1532,729.6,1.2461904761904763
21399,BLUE POLKADOT COFFEE MUG,2010-12-02 15:46:00,2011-06-05 10:50:00,2054,869.6099999999999,0.7973239436619718
21400,RED PUDDING SPOON,2010-12-16 11:53:00,2011-12-08 16:30:00,881,128.63,0.25069444444444444
21401,BLUE PUDDING SPOON,2010-12-05 15:12:00,2011-12-08 16:30:00,1052,151.19,0.24349397590361446
21402,RED  EGG  SPOON,2010-12-17 16:59:00,2011-12-09 10:03:00,1369,185.51999999999998,0.25717391304347825
21403,BLUE EGG  SPOON,2010-12-06 10:08:00,2011-12-08 16:30:00,1857,322.18,0.25075471698113205
21407,BROWN CHECK CAT DOORSTOP,2010-12-01 14:32:00,2011-11-22 11:18:00,290,1421.11,5.448623188405797
21408,SPOTTY PINK DUCK DOORSTOP,2010-12-01 14:32:00,2011-12-09 10:03:00,285,1282.81,5.934786324786325
21410,COUNTRY COTTAGE  DOORSTOP GREEN,2010-12-07 15:32:00,2010-12-07 15:32:00,1,8.47,8.47
21411,GINGHAM HEART  DOORSTOP RED,2010-12-01 09:59:00,2011-12-09 10:26:00,785,2961.83,4.917489711934157
21413,PERIWINKLE T-LIGHT HOLDER,2010-12-05 12:42:00,2011-11-13 15:29:00,48,75.02,1.7658823529411765
21414,SCALLOP SHELL SOAP DISH,2011-02-22 16:13:00,2011-02-22 16:13:00,1,2.1,2.1
21415,CLAM SHELL SMALL,2010-12-02 13:49:00,2011-12-08 15:31:00,219,446.02000000000004,2.722391304347826
21416,CLAM SHELL LARGE,2010-12-02 13:49:00,2011-03-22 16:08:00,5,18.75,3.75
21417,COCKLE SHELL DISH,2010-12-02 13:49:00,2011-12-09 11:56:00,340,629.8000000000001,2.994264705882353
21418,STARFISH SOAP DISH,2010-12-10 14:59:00,2011-12-07 13:53:00,74,189.75,3.488076923076923
21420,OYSTER TRINKET BOX,2010-12-10 14:59:00,2011-12-07 16:47:00,53,120.41,3.8560000000000003
21421,PORCELAIN ROSE LARGE,2010-12-02 07:48:00,2011-05-24 14:00:00,299,348.43000000000006,1.3821428571428573
21422,PORCELAIN ROSE SMALL,2010-12-02 07:48:00,2011-11-28 15:54:00,1607,1295.0,1.104285714285714
21424,WOODLAND STORAGE BOX LARGE,2010-12-17 15:58:00,2011-10-25 17:31:00,346,1401.02,5.450571428571429
21425,SKULLS STORAGE BOX LARGE,2010-12-16 13:33:00,2011-12-06 16:34:00,87,320.49,4.644
21426,WOODLAND STORAGE BOX SMALL,2010-12-02 15:46:00,2011-12-05 11:48:00,256,624.58,3.8434042553191494
21427,SKULLS STORAGE BOX SMALL,2010-12-01 12:43:00,2011-12-06 16:34:00,96,256.44,3.225853658536585
21428,SET3 BOOK BOX GREEN GINGHAM FLOWER,2010-12-02 11:22:00,2011-12-06 14:35:00,1207,5163.63,5.438282442748092
21429,RED GINGHAM ROSE JEWELLERY BOX,2010-12-01 14:03:00,2011-12-08 16:30:00,1740,3391.1499999999996,2.321786941580756
21430,SET/3 RED GINGHAM ROSE STORAGE BOX,2010-12-02 11:41:00,2011-12-09 10:26:00,3034,11905.95,4.931106471816284
21439,BASKET OF TOADSTOOLS,2010-12-01 17:06:00,2011-12-08 13:50:00,1430,1767.15,1.5737404580152672
21441,BLUE BIRDHOUSE DECORATION,2010-12-01 12:36:00,2011-12-08 14:53:00,421,292.03,1.0741935483870966
21442,GREEN BIRDHOUSE DECORATION,2010-12-08 14:25:00,2011-12-08 15:54:00,437,307.94,1.0454237288135593
21445,12 PINK ROSE PEG PLACE SETTINGS,2010-12-05 12:15:00,2011-07-22 13:53:00,214,267.5,1.25
21446,12 RED ROSE PEG PLACE SETTINGS,2010-12-03 11:36:00,2011-12-08 19:28:00,449,630.92,1.5815315315315317
21447,12 IVORY ROSE PEG PLACE SETTINGS,2010-12-01 17:06:00,2011-09-21 15:43:00,969,1478.1,1.7138926174496645
21448,12 DAISY PEGS IN WOOD BOX,2010-12-01 11:49:00,2011-10-16 12:06:00,344,592.6199999999999,1.9166666666666667
21452,TOADSTOOL MONEY BOX,2010-12-01 13:17:00,2011-12-08 16:30:00,817,2549.11,3.657795698924731
21454,PAINTED PINK RABBIT,2010-12-10 13:27:00,2011-12-08 09:20:00,572,485.15999999999997,0.8598561151079136
21455,PAINTED YELLOW WOODEN DAISY,2010-12-17 14:54:00,2011-12-07 13:12:00,612,516.79,0.8565833333333333
21456,2 PICTURE BOOK EGGS EASTER CHICKS,2011-01-23 13:58:00,2011-12-07 14:39:00,171,222.22,1.492
21457,2 PICTURE BOOK EGGS EASTER DUCKS,2011-01-23 13:25:00,2011-11-09 15:09:00,124,165.89,1.6856
21458,2 PICTURE BOOK EGGS EASTER BUNNY,2011-01-17 15:19:00,2011-11-09 15:09:00,182,256.54,1.8213888888888887
21459,YELLOW EASTER EGG HUNT START POST,2011-01-14 09:52:00,2011-04-18 14:50:00,76,150.38,2.064736842105263
21460,GREEN EASTER EGG HUNT START POST,2011-01-14 09:52:00,2011-03-23 11:48:00,28,56.779999999999994,2.148181818181818
21461,BLUE EASTER EGG HUNT START POST,2011-01-16 16:23:00,2011-04-06 17:08:00,10,23.86,2.6766666666666663
21462,"NURSERY A,B,C PAINTED LETTERS",2010-12-01 15:35:00,2011-12-09 10:20:00,198,932.4,6.4089041095890416
21463,MIRRORED DISCO BALL,2010-12-01 11:21:00,2011-12-07 10:11:00,649,3435.05,5.797388059701492
21464,DISCO BALL ROTATOR BATTERY OPERATED,2010-12-01 11:21:00,2011-12-01 14:38:00,249,1055.25,4.245238095238095
21465,PINK FLOWER CROCHET FOOD COVER,2010-12-02 13:32:00,2011-12-01 12:55:00,237,897.8,3.934430379746835
21466,RED FLOWER CROCHET FOOD COVER,2010-12-01 13:54:00,2011-12-08 16:30:00,304,1116.89,3.8950892857142856
21467,CHERRY CROCHET FOOD COVER,2010-12-01 13:54:00,2011-12-09 10:03:00,264,1004.39,3.990096153846154
21468,BUTTERFLY CROCHET FOOD COVER,2010-12-05 12:29:00,2011-11-29 13:06:00,148,572.23,4.010606060606061
21469,POLKA DOT RAFFIA FOOD COVER,2010-12-01 13:54:00,2011-12-07 08:45:00,290,1085.32,3.8392134831460676
21470,FLOWER VINE RAFFIA FOOD COVER,2010-12-02 13:32:00,2011-12-08 09:20:00,381,1470.32,4.109357142857142
21471,STRAWBERRY RAFFIA FOOD COVER,2010-12-01 13:54:00,2011-12-09 10:03:00,639,2220.59,3.6676073619631904
21472,LADYBIRD + BEE RAFFIA FOOD COVER,2010-12-01 17:15:00,2011-07-15 15:32:00,123,476.41,4.1597297297297295
21473,SWEETHEART CREAM STEEL TABLE RECT,2010-12-13 15:26:00,2011-11-20 15:35:00,27,618.66,23.759999999999998
21476,STEEL SWEETHEART ROUND TABLE CREAM,2011-01-25 14:33:00,2011-10-19 13:58:00,41,699.63,18.561666666666664
21479,WHITE SKULL HOT WATER BOTTLE,2010-12-01 10:52:00,2011-12-09 11:56:00,3915,20582.2,4.986313725490196
21481,FAWN BLUE HOT WATER BOTTLE,2010-12-01 12:08:00,2011-12-09 11:59:00,3307,11443.87,4.10572
21484,CHICK GREY HOT WATER BOTTLE,2010-12-01 10:47:00,2011-12-09 10:23:00,1871,8495.42,5.187780487804877
21485,RETROSPOT HEART HOT WATER BOTTLE,2010-12-01 10:19:00,2011-12-09 11:26:00,3524,17663.98,5.63684375
21486,PINK HEART DOTS HOT WATER BOTTLE,2010-12-01 12:43:00,2010-12-07 18:36:00,36,147.88,4.042727272727273
21488,RED WHITE SCARF  HOT WATER BOTTLE,2010-12-01 12:35:00,2011-03-01 09:55:00,69,566.1700000000001,7.61125
21491,SET OF THREE VINTAGE GIFT WRAPS,2010-12-16 17:31:00,2010-12-16 17:31:00,1,1.95,1.95
21494,ROTATING LEAVES T-LIGHT HOLDER,2010-12-01 11:58:00,2011-12-09 10:26:00,1928,3571.33,2.6051265822784813
21495,SKULLS AND CROSSBONES WRAP,2010-12-01 14:41:00,2011-12-08 15:03:00,5800,2356.0,0.41769696969696973
21497,FANCY FONTS BIRTHDAY WRAP,2010-12-01 13:23:00,2011-12-09 12:16:00,8550,3409.0,0.4182608695652174
21498,RED RETROSPOT WRAP,2010-12-01 13:23:00,2011-12-08 15:03:00,10526,4311.92,0.4180357142857143
21499,BLUE POLKADOT WRAP,2010-12-02 15:19:00,2011-12-08 12:29:00,6927,2809.34,0.41695852534562206
21500,PINK POLKADOT WRAP,2010-12-02 15:00:00,2011-12-05 09:03:00,6350,2593.0,0.4169014084507042
21503,TOYBOX  WRAP,2010-12-19 14:41:00,2011-11-30 16:43:00,726,288.92,0.4165217391304348
21504,SKULLS GREETING CARD,2010-12-02 13:14:00,2011-12-07 13:46:00,1891,778.89,0.4853043478260869
21506,"FANCY FONT BIRTHDAY CARD,",2010-12-01 10:39:00,2011-12-09 12:16:00,4922,2085.89,0.509969040247678
21507,"ELEPHANT, BIRTHDAY CARD,",2010-12-01 14:32:00,2011-12-09 12:16:00,3320,1420.24,0.5306870229007633
21508,VINTAGE KID DOLLY CARD,2010-12-02 15:19:00,2011-12-09 10:03:00,2478,1041.94,0.5551643192488263
21509,COWBOYS AND INDIANS BIRTHDAY CARD,2010-12-01 16:21:00,2011-12-09 10:03:00,3741,1572.28,0.5317883211678832
21518,BANK ACCOUNT  GREETING  CARD,2010-12-02 10:39:00,2011-07-12 16:11:00,318,132.44,0.47526315789473683
21519,GIN & TONIC DIET GREETING CARD,2010-12-01 13:23:00,2011-12-08 17:12:00,3299,1389.22,0.510609756097561
21520,BOOZE & WOMEN GREETING CARD,2010-12-01 13:24:00,2011-12-05 17:28:00,504,214.19,0.5127586206896552
21523,DOORMAT FANCY FONT HOME SWEET HOME,2010-12-01 09:41:00,2011-12-09 10:26:00,3245,21593.74,9.514820717131473
21524,DOORMAT SPOTTY HOME SWEET HOME,2010-12-01 13:54:00,2011-12-08 20:01:00,1752,13572.06,9.204553014553015
21527,RED RETROSPOT TRADITIONAL TEAPOT,2010-12-02 11:41:00,2011-05-15 16:02:00,477,3724.9900000000002,8.525724137931034
21528,DAIRY MAID TRADITIONAL TEAPOT,2010-12-02 19:18:00,2011-12-09 10:03:00,215,1557.57,7.704774774774775
21530,DAIRY MAID TOASTRACK,2010-12-02 19:18:00,2011-12-08 16:30:00,777,769.57,1.614952380952381
21531,RED RETROSPOT SUGAR JAM BOWL,2010-12-02 18:08:00,2011-12-07 08:03:00,1516,3682.17,2.9028225806451613
21533,RETROSPOT LARGE MILK JUG,2010-12-01 09:41:00,2011-12-09 08:48:00,1351,6651.72,5.303294117647059
21534,DAIRY MAID LARGE MILK JUG,2010-12-06 10:08:00,2011-12-07 11:42:00,370,1879.18,5.459615384615385
21535,RED RETROSPOT SMALL MILK JUG,2010-12-09 14:25:00,2011-12-08 17:24:00,2487,5986.01,2.7591618497109827
21537,RED RETROSPOT PUDDING BOWL,2010-12-01 17:06:00,2011-12-07 08:45:00,332,1387.96,4.504426229508196
21538,DAIRY MAID  PUDDING BOWL,2010-12-02 11:41:00,2010-12-09 13:34:00,5,18.75,3.75
21539,RED RETROSPOT BUTTER DISH,2010-12-02 15:18:00,2011-11-01 14:54:00,969,4743.900000000001,5.474541666666667
21544,SKULLS  WATER TRANSFER TATTOOS,2010-12-01 11:41:00,2011-12-09 10:03:00,1972,1687.6799999999998,1.1164
21547,CERAMIC BIRDHOUSE CRESTED TIT SMALL,2010-12-01 17:06:00,2011-03-22 13:11:00,79,253.53000000000003,3.7117391304347827
21555,CERAMIC STRAWBERRY TRINKET TRAY,2010-12-05 11:57:00,2011-12-06 16:26:00,137,350.46999999999997,2.590869565217391
21556,CERAMIC STRAWBERRY MONEY BOX,2010-12-01 12:08:00,2011-11-23 12:20:00,977,2515.52,3.316695652173913
21557,SET OF 6 FUNKY BEAKERS,2010-12-01 09:41:00,2011-12-09 10:26:00,551,1843.6100000000001,4.164846625766871
21558,SKULL LUNCH BOX WITH CUTLERY,2010-12-03 11:28:00,2011-12-09 10:26:00,2131,5550.219999999999,3.376298076923077
21559,STRAWBERRY LUNCH BOX WITH CUTLERY,2010-12-01 09:37:00,2011-12-09 10:13:00,3933,9735.38,3.130447504302926
21561,DINOSAUR LUNCH BOX WITH CUTLERY,2010-12-02 12:28:00,2011-12-08 16:30:00,1281,3127.38,3.0350467289719627
21562,HAWAIIAN GRASS SKIRT,2010-12-10 09:33:00,2011-11-21 12:53:00,324,380.36,1.4353571428571428
21563,RED HEART SHAPE LOVE BUCKET,2010-12-01 14:32:00,2011-12-09 10:46:00,1395,2803.13,3.200062893081761
21564,PINK  HEART SHAPE LOVE BUCKET,2010-12-01 14:32:00,2011-12-09 10:46:00,1042,1831.6200000000001,3.216341463414634
21576,LETS GO SHOPPING COTTON TOTE BAG,2010-12-01 14:05:00,2011-12-08 11:25:00,252,585.34,2.5892307692307694
21577,SAVE THE PLANET COTTON TOTE BAG,2010-12-01 12:31:00,2011-12-08 16:30:00,720,1664.8999999999999,2.7186285714285714
21578,WOODLAND DESIGN  COTTON TOTE BAG,2010-12-02 15:46:00,2011-12-05 11:48:00,746,1657.76,2.5840944881889762
21579,LOLITA  DESIGN  COTTON TOTE BAG,2010-12-01 14:05:00,2011-12-06 12:19:00,176,409.72,2.574
21580,RABBIT  DESIGN  COTTON TOTE BAG,2010-12-05 13:21:00,2011-12-08 09:20:00,181,444.07,2.890483870967742
21581,SKULLS  DESIGN  COTTON TOTE BAG,2010-12-02 15:46:00,2011-12-08 10:53:00,252,590.67,2.8841772151898732
21584,RETROSPOT SMALL TUBE MATCHES,2010-12-01 12:23:00,2011-12-07 12:21:00,1059,1743.35,1.6487012987012986
21586,KINGS CHOICE GIANT TUBE MATCHES,2010-12-01 12:15:00,2011-11-07 11:16:00,743,1721.85,2.5029850746268654
21587,COSY HOUR GIANT TUBE MATCHES,2010-12-01 11:21:00,2011-10-18 10:53:00,195,475.65,2.5344827586206895
21588,RETROSPOT GIANT TUBE MATCHES,2010-12-01 12:43:00,2011-12-08 11:43:00,1494,3442.5,2.5266666666666664
21591,COSY HOUR CIGAR BOX MATCHES,2010-12-01 12:15:00,2011-12-09 11:34:00,1374,1996.1399999999999,1.2598692810457515
21592,RETROSPOT CIGAR BOX MATCHES,2010-12-01 11:21:00,2011-12-08 14:39:00,2149,2149.07,1.1326008968609864
21594,DR. JAM'S AROUZER STRESS BALL,2010-12-01 17:06:00,2011-01-14 14:06:00,2,8.34,4.17
21595,DAD'S CAB ELECTRONIC METER,2010-12-06 16:57:00,2010-12-07 15:28:00,2,16.94,8.47
21609,SET 12 LAVENDER  BOTANICAL T-LIGHTS,2010-12-01 11:45:00,2011-08-30 14:09:00,763,2086.69,3.0362337662337664
21613,S/12 VANILLA  BOTANICAL T-LIGHTS,2010-12-05 16:24:00,2011-10-27 13:33:00,227,661.9300000000001,3.1461904761904766
21614,SET OF 12 ROSE BOTANICAL T-LIGHTS,2011-03-31 16:43:00,2011-05-31 10:43:00,51,153.29000000000002,3.2655555555555558
21615,4 LAVENDER BOTANICAL DINNER CANDLES,2010-12-09 12:20:00,2011-12-09 10:03:00,891,1347.92,2.023623188405797
21616,4 PEAR BOTANICAL DINNER CANDLES,2010-12-05 15:12:00,2011-12-09 10:03:00,822,1288.34,1.964507042253521
21617,4 LILY  BOTANICAL DINNER CANDLES,2010-12-06 17:16:00,2011-11-21 15:18:00,525,1009.26,2.438653846153846
21618,4 WILDFLOWER BOTANICAL CANDLES,2010-12-06 10:08:00,2011-11-14 17:40:00,404,768.37,2.4651546391752577
21619,4 VANILLA BOTANICAL CANDLES,2010-12-03 11:36:00,2011-12-08 13:50:00,974,1476.4,1.9874545454545456
21620,SET OF 4 ROSE BOTANICAL CANDLES,2010-12-01 16:57:00,2011-12-09 11:26:00,881,1429.49,2.0507185628742515
21621,VINTAGE UNION JACK BUNTING,2010-12-01 12:31:00,2011-12-06 13:20:00,2787,24525.83,9.4460206185567
21622,VINTAGE UNION JACK CUSHION COVER,2010-12-01 10:03:00,2011-12-07 14:12:00,380,1982.64,5.838846153846154
21623,VINTAGE UNION JACK MEMOBOARD,2010-12-02 13:32:00,2011-12-08 13:18:00,3269,22980.239999999998,10.374389140271493
21624,VINTAGE UNION JACK DOORSTOP,2010-12-01 17:29:00,2011-12-08 16:30:00,216,1331.5600000000002,6.6444329896907215
21625,VINTAGE UNION JACK APRON,2010-12-01 13:21:00,2011-12-07 15:07:00,407,2939.51,8.065411764705884
21626,VINTAGE UNION JACK PENNANT,2010-12-05 11:04:00,2011-11-21 16:24:00,794,1584.8,2.2763999999999998
21627,ELEPHANT CARNIVAL POUFFE,2010-12-06 09:58:00,2011-10-24 14:47:00,63,1299.83,21.961489361702128
21628,TRIANGULAR POUFFE VINTAGE,2010-12-09 11:48:00,2011-12-08 11:25:00,63,1161.65,21.74878787878788
21629,SQUARE FLOOR CUSHION VINTAGE RED,2010-12-01 16:57:00,2011-12-08 19:28:00,71,672.05,10.515714285714285
21630,FLOOR CUSHION ELEPHANT CARNIVAL,2010-12-05 13:17:00,2011-12-07 12:19:00,69,718.14,12.1
21631,HIPPY CHIC DECORATIVE PARASOL,2010-12-14 12:59:00,2011-11-17 14:24:00,169,896.01,8.337407407407408
21632,VINTAGE PINK DECORATIVE PARASOL,2010-12-06 09:58:00,2011-01-18 17:34:00,88,489.74,8.200000000000001
21633,SUNFLOWER DECORATIVE PARASOL,2010-12-16 17:43:00,2011-11-21 10:27:00,125,895.46,10.163571428571428
21634,ASSORTED MINI MADRAS NOTEBOOK,2010-12-01 14:32:00,2011-10-16 15:13:00,976,481.95,0.8446428571428571
21635,MADRAS NOTEBOOK LARGE,2010-12-05 12:42:00,2011-07-13 11:00:00,271,374.96000000000004,2.263125
21636,MADRAS NOTEBOOK MEDIUM,2011-02-10 09:21:00,2011-12-05 14:29:00,913,705.16,0.8541333333333334
21637,ASSORTED SANSKRIT MINI NOTEBOOK,2011-03-20 15:02:00,2011-10-10 15:27:00,109,136.25,1.25
21638,ASSORTED TUTTI FRUTTI NOTEBOOK,2010-12-01 17:06:00,2011-12-08 13:50:00,247,547.76,2.56675
21640,ASSORTED TUTTI FRUTTI  FOB NOTEBOOK,2010-12-03 11:36:00,2011-12-08 13:50:00,650,633.8299999999999,1.138452380952381
21641,ASSORTED TUTTI FRUTTI KEYRING BALL,2010-12-01 14:32:00,2011-09-16 13:32:00,1153,451.59,1.0971428571428572
21642,ASSORTED TUTTI FRUTTI PEN,2010-12-03 14:54:00,2011-12-09 10:03:00,2471,830.7299999999999,0.4958252427184466
21643,ASSORTED TUTTI FRUTTI MIRROR,2010-12-01 16:57:00,2011-11-15 14:32:00,550,743.31,1.8401666666666665
21644,ASSORTED TUTTI FRUTTI HEART BOX,2010-12-06 13:13:00,2011-11-27 16:27:00,215,268.75,1.25
21647,ASSORTED TUTTI FRUTTI LARGE PURSE,2010-12-06 12:41:00,2011-11-27 12:00:00,107,224.70000000000002,2.1
21648,ASSORTED TUTTI FRUTTI SMALL PURSE,2010-12-01 17:06:00,2011-12-09 10:03:00,729,982.79,1.878939393939394
21650,ASSORTED TUTTI FRUTTI BRACELET,2010-12-05 12:53:00,2011-12-09 10:03:00,2550,692.85,0.5017985611510791
21651,HANGING GLASS ETCHED TEALIGHT,2010-12-01 12:15:00,2011-02-21 13:51:00,127,198.57,1.7690909090909093
21654,RIDGED GLASS FINGER BOWL,2010-12-01 13:21:00,2011-09-18 12:21:00,974,504.68,0.9606666666666667
21655,HANGING RIDGE GLASS T-LIGHT HOLDER,2011-01-11 13:54:00,2011-02-11 13:53:00,36,60.84,1.69
21656,RIDGED GLASS POSY VASE,2010-12-01 17:06:00,2011-05-03 16:06:00,219,444.58,2.208085106382979
21657,MILK BOTTLE WITH GLASS STOPPER,2010-12-01 13:21:00,2011-02-20 13:18:00,30,223.46,7.830000000000001
21658,GLASS  BEURRE DISH,2010-12-01 13:21:00,2011-08-11 10:14:00,878,3709.78,5.628215962441314
21661,VINTAGE GLASS TEA CADDY,2011-01-04 11:34:00,2011-02-22 13:20:00,3,17.85,5.95
21662,VINTAGE GLASS COFFEE CADDY,2010-12-01 13:21:00,2011-08-15 14:17:00,86,557.3000000000001,8.161538461538461
21664,RIDGED GLASS STORAGE JAR CREAM LID,2010-12-01 12:49:00,2011-10-17 12:22:00,98,350.22,3.7310526315789474
21666,RIDGED GLASS T-LIGHT HOLDER,2010-12-07 15:28:00,2011-12-06 11:39:00,412,283.51,0.8558139534883721
21667,GLASS CAKE COVER AND PLATE,2011-01-12 12:31:00,2011-01-12 12:31:00,2,29.9,14.95
21668,RED STRIPE CERAMIC DRAWER KNOB,2010-12-01 15:21:00,2011-12-09 11:34:00,5494,7481.16,1.6713832199546486
21669,BLUE STRIPE CERAMIC DRAWER KNOB,2010-12-02 10:39:00,2011-12-09 11:34:00,5252,7091.15,1.5951612903225805
21670,BLUE SPOT CERAMIC DRAWER KNOB,2010-12-01 14:41:00,2011-12-09 11:34:00,4328,6083.99,1.709493333333333
21671,RED SPOT CERAMIC DRAWER KNOB,2010-12-01 17:06:00,2011-12-09 10:23:00,4402,6054.79,1.7286216216216217
21672,WHITE SPOT RED CERAMIC DRAWER KNOB,2010-12-01 09:41:00,2011-12-09 10:23:00,4992,6776.0,1.6896626506024097
21673,WHITE SPOT BLUE CERAMIC DRAWER KNOB,2010-12-02 10:39:00,2011-12-09 11:34:00,4372,6041.2,1.6842276422764229
21675,BUTTERFLIES STICKERS,2010-12-03 11:36:00,2011-12-09 10:03:00,628,568.26,1.1387272727272726
21676,FLOWERS  STICKERS,2010-12-01 11:45:00,2011-12-05 17:24:00,257,245.35999999999999,1.159344262295082
21677,HEARTS  STICKERS,2010-12-03 12:24:00,2011-12-09 10:03:00,835,737.8399999999999,1.0332773109243696
21678,PAISLEY PATTERN  STICKERS,2010-12-01 11:45:00,2011-12-09 10:03:00,125,111.86,1.0071875
21679,SKULLS  STICKERS,2010-12-01 14:32:00,2011-12-07 13:53:00,1140,1028.58,1.12731884057971
21680,WOODLAND  STICKERS,2010-12-06 15:13:00,2011-12-09 10:03:00,868,786.31,1.2149514563106796
21681,GIANT MEDINA STAMPED METAL BOWL,2011-02-14 13:19:00,2011-02-22 15:00:00,2,19.9,9.95
21682,LARGE MEDINA STAMPED METAL BOWL,2010-12-05 12:42:00,2011-12-04 13:00:00,182,930.96,5.496545454545455
21683,MEDIUM MEDINA STAMPED METAL BOWL,2010-12-05 13:49:00,2011-12-05 16:05:00,310,948.7000000000002,3.3927586206896554
21684,SMALL MEDINA STAMPED METAL BOWL,2010-12-01 17:06:00,2011-12-09 12:31:00,771,612.1,1.258723404255319
21686,MEDINA STAMPED METAL STOOL,2010-12-08 12:08:00,2011-10-02 15:33:00,35,1351.64,39.8695
21688,SILVER PLATE CANDLE BOWL SMALL,2010-12-01 13:51:00,2011-11-30 09:53:00,348,1101.2800000000002,3.8033333333333337
21689,SILVER VANILLA  FLOWER CANDLE POT,2010-12-07 15:39:00,2011-12-06 12:45:00,95,369.87,4.273846153846154
21690,SILVER  CANDLEPOT JARDIN,2010-12-01 13:54:00,2011-01-30 15:48:00,22,82.5,3.75
21692,SILVER LATTICE VANILLA CANDLE POT,2010-12-06 12:41:00,2011-02-25 11:56:00,17,63.75,3.75
21693,SMALL HAMMERED SILVER CANDLEPOT,2010-12-05 16:24:00,2011-12-06 12:45:00,361,1107.91,3.35
21694,SMALL REGAL  SILVER CANDLEPOT,2010-12-01 13:51:00,2011-12-05 14:03:00,307,840.33,3.395
21695,SMALL SILVER FLOWER CANDLE POT,2010-12-05 14:25:00,2011-12-08 09:28:00,284,857.6800000000001,3.365609756097561
21696,SMALL SILVER TRELLIS CANDLEPOT,2010-12-05 13:03:00,2011-11-23 14:35:00,224,672.4000000000001,3.3015151515151517
21698,MOCK LOBSTER FRIDGE MAGNET,2010-12-01 17:06:00,2011-12-07 16:47:00,296,164.17,1.0622222222222222
21700,BIG DOUGHNUT FRIDGE MAGNETS,2010-12-01 17:06:00,2011-12-07 13:46:00,1726,2334.94,3.95715
21703,BAG 125G SWIRLY MARBLES,2010-12-01 14:32:00,2011-12-09 10:03:00,9390,3528.89,0.495738255033557
21704,BAG 250G SWIRLY MARBLES,2010-12-01 14:32:00,2011-12-09 10:03:00,5144,4039.2799999999997,1.0033734939759036
21705,BAG 500G SWIRLY MARBLES,2010-12-01 11:41:00,2011-12-09 11:26:00,1459,1462.1699999999998,1.8397902097902097
21706,FOLDING UMBRELLA RED/WHITE POLKADOT,2010-12-01 11:49:00,2011-12-07 10:35:00,346,1616.81,4.997333333333334
21707,FOLDING UMBRELLA BLACKBLUE POLKADOT,2010-12-15 15:14:00,2011-12-06 08:55:00,160,763.6600000000001,4.881351351351352
21708,FOLDING UMBRELLA CREAM POLKADOT,2010-12-01 11:49:00,2011-12-05 17:28:00,190,863.11,4.31640625
21709,FOLDING UMBRELLA CHOCOLATE POLKADOT,2010-12-01 17:35:00,2011-12-04 13:45:00,133,607.23,4.667118644067797
21710,FOLDING UMBRELLA PINKWHITE POLKADOT,2010-12-01 11:49:00,2011-11-25 11:41:00,107,501.98,4.822666666666667
21711,FOLDING UMBRELLA WHITE/RED POLKADOT,2010-12-01 11:49:00,2011-11-24 14:40:00,104,513.02,5.247777777777778
21713,CITRONELLA CANDLE FLOWERPOT,2010-12-06 08:34:00,2011-12-06 16:26:00,786,1817.74,2.5079874213836475
21714,CITRONELLA CANDLE GARDEN POT,2010-12-02 15:46:00,2011-12-09 10:23:00,1651,3010.65,1.8948458149779734
21715,GIRLS VINTAGE TIN SEASIDE BUCKET,2010-12-01 12:03:00,2011-12-08 13:50:00,1330,3507.17,3.261293103448276
21716,BOYS VINTAGE TIN SEASIDE BUCKET,2010-12-01 12:03:00,2011-12-09 10:03:00,1425,3872.92,3.385204918032787
21717,EASTER TIN BUCKET,2010-12-08 14:25:00,2011-03-22 11:05:00,408,946.93,2.684878048780488
21718,RED METAL BEACH SPADE,2010-12-01 12:03:00,2011-12-09 10:03:00,1493,2113.39,1.7087826086956521
21719,LOVELY BONBON STICKER SHEET,2010-12-02 10:27:00,2011-12-05 17:28:00,345,307.44,1.0569491525423729
21720,CAKE SHOP  STICKER SHEET,2010-12-06 10:19:00,2011-07-26 09:51:00,57,48.449999999999996,0.85
21721,CANDY SHOP  STICKER SHEET,2010-12-01 14:32:00,2011-12-02 16:39:00,195,179.45999999999998,1.102857142857143
21722,SWEET PUDDING STICKER SHEET,2010-12-01 14:32:00,2011-12-08 09:20:00,98,95.52999999999999,1.1297222222222223
21723,ALPHABET HEARTS STICKER SHEET,2010-12-05 13:00:00,2011-12-05 17:28:00,397,350.08,1.0294915254237287
21724,PANDA AND BUNNIES STICKER SHEET,2010-12-01 08:45:00,2011-12-09 10:03:00,408,355.83,0.9703703703703703
21725,SWEETIES  STICKERS,2010-12-03 11:36:00,2011-11-17 14:26:00,301,277.24,1.1344
21726,MULTI HEARTS  STICKERS,2010-12-03 17:20:00,2011-12-07 13:35:00,237,204.69,0.927142857142857
21730,GLASS STAR FROSTED T-LIGHT HOLDER,2010-12-01 08:26:00,2011-12-07 16:56:00,517,2514.4300000000003,5.356641221374046
21731,RED TOADSTOOL LED NIGHT LIGHT,2010-12-01 08:45:00,2011-12-09 10:46:00,14001,23919.78,2.3904327485380117
21733,RED HANGING HEART T-LIGHT HOLDER,2010-12-01 09:32:00,2011-12-08 14:38:00,7872,23199.24,3.160996015936255
21735,TWO DOOR CURIO CABINET,2010-12-02 14:47:00,2011-09-16 13:53:00,212,2577.45,12.538554216867471
21736,GOLD SCROLL GLASS T-LIGHT HOLDER,2010-12-12 16:14:00,2011-04-06 12:08:00,80,137.22000000000003,1.8150000000000002
21738,COSY SLIPPER SHOES SMALL  RED,2010-12-01 11:49:00,2011-10-20 12:43:00,46,144.58,3.3360869565217395
21739,COSY SLIPPER SHOES SMALL GREEN,2010-12-01 11:49:00,2011-12-09 10:03:00,254,703.08,2.763153153153153
21741,COSY SLIPPER SHOES LARGE GREEN,2010-12-02 12:09:00,2011-11-16 12:08:00,147,480.1700000000001,3.8230000000000004
21742,LARGE ROUND WICKER PLATTER,2010-12-01 12:49:00,2011-12-08 16:18:00,194,1167.58,6.092795698924731
21743,STAR PORTABLE TABLE LIGHT,2010-12-01 11:21:00,2011-09-13 11:24:00,299,887.6500000000001,3.8757142857142854
21744,SNOWFLAKE PORTABLE TABLE LIGHT,2010-12-01 11:21:00,2011-11-24 13:40:00,529,1557.65,3.042093023255814
21745,GAOLERS KEYS DECORATIVE GARDEN,2010-12-01 17:06:00,2011-12-07 11:43:00,935,3475.73,3.968046511627907
21746,SMALL RED RETROSPOT WINDMILL,2010-12-06 13:41:00,2011-11-29 08:07:00,3075,3766.93,1.469078947368421
21747,SMALL SKULL WINDMILL,2010-12-19 14:41:00,2011-11-30 14:00:00,485,645.61,1.5116666666666665
21749,LARGE RED RETROSPOT WINDMILL,2010-12-08 14:25:00,2011-11-29 16:33:00,1963,3877.09,2.531
21750,LARGE SKULL WINDMILL,2010-12-08 14:25:00,2011-11-08 18:41:00,90,207.51000000000002,2.6954166666666666
21754,HOME BUILDING BLOCK WORD,2010-12-01 08:34:00,2011-12-09 10:26:00,2759,16923.47,6.629308578745198
21755,LOVE BUILDING BLOCK WORD,2010-12-01 08:34:00,2011-12-09 12:00:00,2011,12435.86,6.695205047318613
21756,BATH BUILDING BLOCK WORD,2010-12-01 08:35:00,2011-12-08 13:22:00,809,5006.26,6.620036900369003
21757,LIGHTHOUSE PRINTED METAL SIGN,2011-01-09 11:34:00,2011-02-17 12:29:00,6,29.700000000000003,4.95
21758,VINTAGE SHELLS PRINT,2010-12-01 14:32:00,2011-12-01 16:22:00,50,427.46000000000004,9.839375
21761,WOOD AND GLASS MEDICINE CABINET,2010-12-01 15:35:00,2011-12-04 13:20:00,10,299.5,29.95
21763,VINTAGE WOODEN BAR STOOL,2011-01-05 15:56:00,2011-07-06 16:40:00,6,169.75,27.4625
21769,VINTAGE POST OFFICE CABINET,2010-12-02 12:18:00,2010-12-07 16:43:00,11,607.6500000000001,66.36
21770,OPEN CLOSED METAL SIGN,2011-03-24 12:11:00,2011-12-08 17:37:00,1638,7923.93,5.524447300771209
21773,DECORATIVE ROSE BATHROOM BOTTLE,2010-12-01 14:32:00,2011-12-08 10:53:00,1170,1154.17,1.7692073170731706
21774,DECORATIVE CATS BATHROOM BOTTLE,2010-12-01 14:32:00,2011-12-09 10:03:00,1095,1152.4,1.9209625668449197
21775,DECORATIVE FLORE BATHROOM BOTTLE,2010-12-01 17:06:00,2011-12-08 16:30:00,515,716.86,1.8763309352517985
21777,RECIPE BOX WITH METAL HEART,2010-12-01 08:34:00,2010-12-06 10:08:00,12,95.4,7.95
21781,MA CAMPAGNE CUTLERY BOX,2010-12-01 15:35:00,2011-07-10 16:18:00,168,2661.7999999999997,16.81356435643564
21784,SHOE SHINE BOX,2010-12-02 13:08:00,2011-09-01 13:40:00,57,633.0699999999999,11.448181818181817
21785,RAIN PONCHO,2010-12-05 12:53:00,2011-02-15 14:44:00,411,268.76,0.9719999999999999
21786,POLKADOT RAIN HAT,2010-12-01 10:19:00,2011-12-09 10:03:00,1937,916.99,0.6697835497835498
21787,RAIN PONCHO RETROSPOT,2010-12-01 14:32:00,2011-12-09 10:03:00,8875,7161.1,1.0531854838709678
21788,KIDS RAIN MAC BLUE,2010-12-02 16:38:00,2011-12-06 11:39:00,1293,1029.24,0.9096511627906977
21789,KIDS RAIN MAC PINK,2010-12-01 16:57:00,2011-12-02 16:39:00,925,803.65,0.9420430107526881
21790,VINTAGE SNAP CARDS,2010-12-01 11:57:00,2011-12-09 12:20:00,14521,12510.009999999998,1.0157754010695188
21791,VINTAGE HEADS AND TAILS CARD GAME,2010-12-01 08:45:00,2011-12-09 10:03:00,7864,10504.4,1.5057937806873976
21792,CLASSIC FRENCH STYLE BASKET GREEN,2010-12-07 18:36:00,2011-08-03 12:58:00,344,1497.72,5.041052631578947
21793,CLASSIC FRENCH STYLE BASKET BROWN,2010-12-19 13:31:00,2011-12-01 16:22:00,304,1296.6100000000001,4.584533333333334
21794,CLASSIC FRENCH STYLE BASKET NATURAL,2010-12-01 12:43:00,2011-10-25 15:34:00,522,2213.42,4.930754716981132
21801,CHRISTMAS TREE DECORATION WITH BELL,2010-12-01 14:32:00,2011-10-30 11:22:00,1251,530.26,0.42296
21802,CHRISTMAS TREE HEART DECORATION,2010-12-01 14:32:00,2011-11-21 11:55:00,2122,919.14,0.4531868131868132
21803,CHRISTMAS TREE STAR DECORATION,2010-12-01 14:32:00,2011-12-09 12:20:00,2353,1016.02,0.4511111111111111
21804,WHITE CHRISTMAS GARLAND STARS TREES,2010-12-01 12:43:00,2011-12-02 11:28:00,225,830.03,3.7701515151515155
21807,WHITE CHRISTMAS STAR DECORATION,2010-12-03 09:31:00,2011-11-22 15:43:00,438,189.0,0.4694117647058823
21808,"CHRISTMAS GARLAND STARS,TREES",2010-12-01 15:35:00,2011-12-09 10:03:00,180,637.83,3.535625
21809,CHRISTMAS HANGING TREE WITH BELL,2010-12-01 14:32:00,2011-12-09 12:20:00,1964,1117.92,0.9476859504132231
21810,CHRISTMAS HANGING STAR WITH BELL,2010-12-01 12:49:00,2011-12-09 10:51:00,5840,2981.8399999999997,0.744638783269962
21811,CHRISTMAS HANGING HEART WITH BELL,2010-12-01 11:45:00,2011-11-23 12:45:00,4850,2682.4,0.9952173913043478
21812,GARLAND WITH HEARTS AND BELLS,2010-12-06 10:08:00,2011-12-09 10:03:00,393,1746.27,5.1794
21813,GARLAND WITH STARS AND BELLS,2010-12-01 15:35:00,2011-12-09 10:03:00,549,2280.4700000000003,4.661504424778761
21814,HEART T-LIGHT HOLDER,2010-12-01 12:23:00,2011-11-29 11:23:00,74,111.77,1.7293749999999999
21815,STAR  T-LIGHT HOLDER,2010-12-01 12:23:00,2011-11-23 12:58:00,158,270.22999999999996,2.007
21816,CHRISTMAS TREE T-LIGHT HOLDER,2010-12-01 12:23:00,2011-11-27 13:00:00,33,47.849999999999994,1.45
21817,GLITTER CHRISTMAS TREE,2010-12-01 15:35:00,2011-11-09 15:17:00,906,410.91,0.5645901639344262
21818,GLITTER CHRISTMAS HEART,2010-12-01 15:08:00,2011-12-07 16:56:00,2737,1320.41,0.6024157303370786
21819,GLITTER CHRISTMAS STAR,2010-12-05 14:45:00,2011-12-08 14:38:00,2470,1066.65,0.544812030075188
21820,GLITTER HEART GARLAND WITH BELLS,2010-12-01 17:06:00,2011-12-05 16:05:00,329,1368.47,5.040869565217391
21821,GLITTER STAR GARLAND WITH BELLS,2010-12-01 14:32:00,2011-12-05 11:58:00,251,1037.05,5.067142857142858
21822,GLITTER CHRISTMAS TREE WITH BELLS,2010-12-01 14:32:00,2011-12-09 10:03:00,698,719.3,1.324059405940594
21823,PAINTED METAL HEART WITH HOLLY BELL,2010-12-01 11:45:00,2011-11-15 12:02:00,1372,854.3499999999999,0.9436538461538462
21824,PAINTED METAL STAR WITH HOLLY BELLS,2010-12-01 11:45:00,2011-11-15 12:02:00,1916,1102.4199999999998,0.7734166666666666
21826,EIGHT PIECE DINOSAUR SET,2010-12-01 12:54:00,2011-03-16 13:00:00,125,185.18,1.6913513513513514
21827,EIGHT PIECE CREEPY CRAWLIE SET,2010-12-06 12:55:00,2011-03-29 17:23:00,6,7.5,1.25
21828,EIGHT PIECE SNAKE  SET,2010-12-03 11:36:00,2011-12-09 10:03:00,330,435.79,1.4801176470588235
21829,DINOSAUR KEYRINGS ASSORTED,2010-12-03 11:36:00,2011-10-20 12:07:00,6765,1460.74,0.26303370786516855
21830,ASSORTED CREEPY CRAWLIES,2010-12-01 17:06:00,2011-11-23 13:39:00,2621,1107.07,0.46950495049504953
21832,CHOCOLATE CALCULATOR,2010-12-01 09:45:00,2011-12-09 10:03:00,954,1790.1,2.34964824120603
21833,CAMOUFLAGE LED TORCH,2010-12-01 14:05:00,2011-12-09 10:03:00,2726,4594.43,2.109345238095238
21836,GINGHAM OVEN GLOVE RED HEART,2010-12-05 12:29:00,2011-01-20 15:22:00,5,26.490000000000002,5.04
21839,MUMMY MOUSE RED GINGHAM RIBBON,2011-03-27 14:28:00,2011-03-27 14:28:00,1,5.45,5.45
21841,BABY MOUSE RED GINGHAM DRESS,2011-03-07 17:52:00,2011-11-29 10:57:00,73,310.25,4.25
21843,RED RETROSPOT CAKE STAND,2010-12-01 13:31:00,2011-12-09 10:26:00,2012,21354.3,12.607560073937153
21844,RED RETROSPOT MUG,2010-12-01 10:52:00,2011-12-06 14:30:00,1847,5167.6900000000005,3.3125477707006374
21845,DAIRY MAID STRIPE MUG,2010-12-03 14:54:00,2011-11-28 11:27:00,1906,1720.3000000000002,1.101219512195122
21846,PINK DIAMANTE PEN IN GIFT BOX,2010-12-01 17:06:00,2011-12-08 19:28:00,424,1206.97,4.093398058252427
21847,GREEN  DIAMANTE PEN IN GIFT BOX,2010-12-06 10:08:00,2011-11-16 15:23:00,76,178.89,2.7533333333333334
21849,SILVER DIAMANTE PEN IN GIFT BOX,2010-12-02 13:32:00,2011-12-04 14:45:00,173,548.93,3.803823529411765
21850,BLUE  DIAMANTE PEN IN GIFT BOX,2010-12-01 16:57:00,2011-12-06 12:56:00,129,488.13,4.301481481481481
21851,LILAC DIAMANTE PEN IN GIFT BOX,2010-12-01 14:32:00,2011-12-05 17:24:00,141,454.99,4.154603174603174
21864,UNION JACK FLAG PASSPORT COVER,2010-12-01 16:01:00,2011-12-09 10:26:00,828,2041.69,2.863763440860215
21865,PINK UNION JACK  PASSPORT COVER,2010-12-03 11:28:00,2011-12-08 12:07:00,271,618.9300000000001,2.5725233644859813
21866,UNION JACK FLAG LUGGAGE TAG,2010-12-01 11:45:00,2011-12-08 12:07:00,747,1292.38,1.9597938144329896
21867,PINK UNION JACK  LUGGAGE TAG,2010-12-01 11:45:00,2011-12-08 20:01:00,348,480.25,1.5743076923076922
21868,POTTING SHED TEA MUG,2010-12-01 17:06:00,2011-12-05 17:17:00,2477,3259.75,1.7556578947368422
21870,I CAN ONLY PLEASE ONE PERSON MUG,2010-12-01 13:24:00,2011-08-24 09:36:00,1407,1851.46,1.5759393939393938
21871,SAVE THE PLANET MUG,2010-12-01 09:02:00,2011-12-09 10:20:00,5453,6679.56,1.8128531855955676
21872,GLAMOROUS  MUG,2010-12-02 11:45:00,2011-12-09 08:48:00,1292,1454.98,1.6714685314685316
21873,IF YOU CAN'T STAND THE HEAT MUG,2010-12-01 13:24:00,2011-12-08 13:59:00,1618,1834.3,1.6102586206896552
21874,GIN AND TONIC MUG,2010-12-01 13:24:00,2011-12-09 10:26:00,2974,4141.179999999999,2.014203389830508
21875,KINGS CHOICE MUG,2010-12-01 17:06:00,2011-12-09 09:08:00,2055,2429.38,1.8340268456375837
21876,POTTERING MUG,2010-12-03 11:13:00,2011-12-09 10:26:00,3789,4825.36,2.0920059880239523
21877,HOME SWEET HOME MUG,2010-12-01 17:24:00,2011-12-09 10:20:00,5411,6932.78,1.7194857142857145
21878,PACK OF 6 SANDCASTLE FLAGS ASSORTED,2010-12-03 10:43:00,2011-12-08 13:50:00,2523,2172.2,1.091578947368421
21879,HEARTS GIFT TAPE,2010-12-01 14:32:00,2011-12-09 10:03:00,1176,385.47,0.5863157894736841
21880,RED RETROSPOT TAPE,2010-12-01 11:49:00,2011-12-07 17:05:00,1903,858.7800000000001,0.48406639004149377
21881,CUTE CATS TAPE,2010-12-02 10:27:00,2011-12-08 10:53:00,1102,383.11,0.6788607594936709
21882,SKULLS TAPE,2010-12-03 11:19:00,2011-11-28 13:26:00,704,251.17000000000002,0.6367605633802818
21883,STARS GIFT TAPE,2010-12-01 08:45:00,2011-12-07 17:05:00,1653,725.4200000000001,0.6445864661654136
21884,CAKES AND BOWS GIFT  TAPE,2010-12-01 14:32:00,2011-12-04 11:45:00,1166,413.76,0.761505376344086
21888,BINGO SET,2010-12-01 14:32:00,2011-12-05 11:58:00,1688,6659.54,4.72473544973545
21889,WOODEN BOX OF DOMINOES,2010-12-01 10:29:00,2011-12-09 10:03:00,6390,8847.29,1.5789816360601001
21890,S/6 WOODEN SKITTLES IN COTTON BAG,2010-12-01 12:03:00,2011-12-09 10:26:00,1147,3674.11,3.8581196581196586
21891,TRADITIONAL WOODEN SKIPPING ROPE,2010-12-01 10:29:00,2011-12-08 18:22:00,8130,10504.85,1.592523148148148
21892,TRADITIONAL WOODEN CATCH CUP GAME,2010-12-01 12:03:00,2011-12-09 10:03:00,3192,4317.16,1.6051196172248803
21894,POTTING SHED SEED ENVELOPES,2010-12-01 12:31:00,2011-12-08 13:50:00,592,902.08,1.8283969465648853
21895,POTTING SHED SOW 'N' GROW SET,2010-12-01 12:31:00,2010-12-09 16:31:00,2,12.72,6.36
21896,POTTING SHED TWINE,2010-12-01 17:06:00,2011-12-06 09:09:00,980,2272.79,2.417927927927928
21897,POTTING SHED CANDLE CITRONELLA,2011-01-14 10:12:00,2011-04-27 11:47:00,405,1268.1899999999998,3.85
21898,POTTING SHED ROSE CANDLE,2011-02-14 09:41:00,2011-04-27 11:47:00,493,1541.11,2.6156
21899,"KEY FOB , GARAGE DESIGN",2010-12-01 17:06:00,2011-12-08 16:18:00,2679,1757.97,0.880391459074733
21900,"KEY FOB , SHED",2010-12-02 15:55:00,2011-12-09 10:03:00,3228,2197.17,0.9522252010723861
21901,"KEY FOB , BACK DOOR",2010-12-02 14:09:00,2011-12-09 10:03:00,1828,1277.89,0.8934285714285715
21902,"KEY FOB , FRONT  DOOR",2010-12-02 14:09:00,2011-12-09 10:03:00,1962,1262.3700000000001,0.8843661971830986
21903,MAN FLU METAL SIGN,2010-12-03 11:36:00,2011-12-08 15:51:00,1160,2490.13,2.5055555555555555
21904,HOUSE WRECKING METAL SIGN,2010-12-05 13:55:00,2011-05-25 17:31:00,50,105.0,2.1
21905,MORE BUTTER METAL SIGN,2010-12-03 12:43:00,2011-12-09 10:03:00,760,821.61,1.401625
21906,PHARMACIE FIRST AID TIN,2010-12-01 17:06:00,2011-12-09 10:03:00,581,4470.8099999999995,9.662068965517241
21907,I'M ON HOLIDAY METAL SIGN,2010-12-01 11:21:00,2011-12-07 15:56:00,2371,5027.18,2.3004347826086957
21908,CHOCOLATE THIS WAY METAL SIGN,2010-12-01 17:06:00,2011-12-09 08:48:00,3771,7752.22,2.534714587737844
21910,WAY OUT METAL SIGN,2010-12-05 16:24:00,2011-02-16 16:57:00,36,59.39999999999999,1.65
21911,GARDEN METAL SIGN,2010-12-01 14:32:00,2011-04-15 10:42:00,114,203.20999999999998,2.1710344827586208
21912,VINTAGE SNAKES & LADDERS,2010-12-01 09:45:00,2011-12-09 10:26:00,1786,7047.7,4.942045454545455
21913,VINTAGE SEASIDE JIGSAW PUZZLES,2010-12-01 08:45:00,2011-12-08 09:28:00,398,1565.83,4.369256756756757
21914,BLUE HARMONICA IN BOX,2010-12-01 11:41:00,2011-12-09 12:16:00,7876,10339.81,1.4315409836065573
21915,RED  HARMONICA IN BOX,2010-12-01 11:41:00,2011-12-07 15:07:00,21903,26294.08,1.4255722891566265
21916,SET 12 RETRO WHITE CHALK STICKS,2010-12-01 11:57:00,2011-12-09 12:31:00,4599,1973.49,0.5460273972602739
21917,SET 12 KIDS  WHITE CHALK STICKS,2010-12-01 14:34:00,2011-12-08 15:03:00,4151,1701.93,0.49755555555555553
21918,SET 12 KIDS COLOUR  CHALK STICKS,2010-12-02 09:44:00,2011-12-09 12:16:00,7199,2950.25,0.5195967741935483
21922,UNION STRIPE WITH FRINGE  HAMMOCK,2010-12-01 14:32:00,2011-12-08 09:28:00,898,6944.360000000001,9.187081339712918
21925,UNION STRIPE CUSHION COVER,2010-12-02 17:41:00,2011-12-06 17:49:00,403,503.75,1.25
21926,RED/CREAM STRIPE CUSHION COVER,2011-01-19 15:20:00,2011-12-08 12:07:00,414,509.9,1.2468333333333335
21927,BLUE/CREAM STRIPE CUSHION COVER,2010-12-02 17:41:00,2011-12-01 19:42:00,623,771.15,1.2481
21928,JUMBO BAG SCANDINAVIAN PAISLEY,2010-12-01 14:11:00,2011-12-09 10:26:00,10468,21144.41,2.697144622991347
21929,JUMBO BAG PINK VINTAGE PAISLEY,2010-12-01 09:37:00,2011-12-09 12:19:00,11006,23179.06,2.678348623853211
21930,JUMBO STORAGE BAG SKULLS,2010-12-01 12:43:00,2011-12-09 10:26:00,6438,14006.2,2.7869887955182073
21931,JUMBO STORAGE BAG SUKI,2010-12-01 09:37:00,2011-12-09 12:19:00,13651,30764.01,2.746616415410385
21932,SCANDINAVIAN PAISLEY PICNIC BAG,2010-12-03 12:24:00,2011-12-09 10:03:00,2720,4995.38,2.0698666666666665
21933,PINK VINTAGE PAISLEY PICNIC BAG,2010-12-03 12:24:00,2011-12-08 16:30:00,2672,4957.43,2.0688009592326138
21934,SKULL SHOULDER BAG,2010-12-01 09:41:00,2011-12-09 10:26:00,2421,4480.28,2.140631067961165
21935,SUKI  SHOULDER BAG,2010-12-01 14:32:00,2011-12-09 10:26:00,3393,6298.61,2.336911487758945
21936,RED RETROSPOT PICNIC BAG,2010-12-03 11:36:00,2011-12-09 10:03:00,3985,11665.19,3.7098496240601504
21937,STRAWBERRY   PICNIC BAG,2010-12-03 15:19:00,2011-12-04 12:32:00,1707,4898.849999999999,3.405555555555556
21942,SKULLS DESIGN FLANNEL,2010-12-01 14:32:00,2011-12-09 10:26:00,287,313.01,1.3337864077669903
21943,CAKES AND RABBITS DESIGN FLANNEL,2010-12-06 10:08:00,2011-12-08 09:20:00,119,134.48999999999998,1.2856
21944,KITTENS DESIGN FLANNEL,2010-12-01 14:32:00,2011-12-08 19:57:00,337,310.19,1.1922772277227722
21945,STRAWBERRIES  DESIGN FLANNEL,2010-12-03 11:27:00,2011-12-09 10:03:00,358,373.34,1.3124528301886793
21946,PARTY TIME DESIGN FLANNEL,2010-12-12 12:08:00,2011-12-08 09:20:00,86,75.35,1.0136
21947,SET OF 6 HEART CHOPSTICKS,2010-12-03 17:20:00,2011-12-09 10:03:00,811,1139.65,1.6988535031847132
21948,SET OF 6 CAKE CHOPSTICKS,2010-12-02 14:09:00,2011-12-07 10:35:00,640,978.23,1.904258064516129
21949,SET OF 6 STRAWBERRY CHOPSTICKS,2010-12-01 14:32:00,2011-12-09 10:03:00,801,1054.44,1.8067586206896553
21955,DOORMAT UNION JACK GUNS AND ROSES,2010-12-01 11:45:00,2011-12-09 10:26:00,1228,7580.82,9.168653846153846
21967,PACK OF 12 SKULL TISSUES,2010-12-01 13:24:00,2011-12-09 10:03:00,5271,1582.1499999999999,0.44693617021276594
21972,SET OF 36 DINOSAUR PAPER DOILIES,2010-12-13 09:35:00,2011-12-01 16:22:00,335,499.08,1.6887692307692308
21973,SET OF 36 MUSHROOM PAPER DOILIES,2010-12-06 11:26:00,2011-11-28 11:18:00,159,230.54999999999998,1.45
21974,SET OF 36 PAISLEY FLOWER DOILIES,2010-12-01 17:06:00,2011-12-08 10:53:00,2219,3545.6,2.144388888888889
21975,PACK OF 60 DINOSAUR CAKE CASES,2010-12-01 09:37:00,2011-12-08 12:43:00,12312,6102.51,0.6264715447154472
21976,PACK OF 60 MUSHROOM CAKE CASES,2010-12-01 11:57:00,2011-12-09 10:03:00,5199,2869.9,0.8403266331658291
21977,PACK OF 60 PINK PAISLEY CAKE CASES,2010-12-01 09:37:00,2011-12-09 10:26:00,24820,12226.32,0.7446931818181819
21980,PACK OF 12 RED RETROSPOT TISSUES,2010-12-01 10:52:00,2011-12-09 10:03:00,6685,2121.18,0.40671140939597317
21981,PACK OF 12 WOODLAND TISSUES,2010-12-01 13:24:00,2011-12-09 10:03:00,5468,1651.3,0.48146520146520144
21982,PACK OF 12 SUKI TISSUES,2010-12-01 13:24:00,2011-12-09 10:03:00,7173,2215.6099999999997,0.4738251366120218
21983,PACK OF 12 BLUE PAISLEY TISSUES,2010-12-01 13:24:00,2011-12-09 10:26:00,2301,777.67,0.44819354838709674
21984,PACK OF 12 PINK PAISLEY TISSUES,2010-12-01 13:24:00,2011-12-09 10:03:00,3458,1112.6,0.4711214953271028
21985,PACK OF 12 HEARTS DESIGN TISSUES,2010-12-01 12:23:00,2011-12-08 19:28:00,8775,2729.5099999999998,0.4177389277389277
21986,PACK OF 12 PINK POLKADOT TISSUES,2010-12-01 11:57:00,2011-12-09 10:03:00,4067,1197.73,0.4273298429319371
21987,PACK OF 6 SKULL PAPER CUPS,2010-12-02 12:47:00,2011-12-09 10:26:00,2113,1346.65,0.7704545454545454
21988,PACK OF 6 SKULL PAPER PLATES,2010-12-02 12:47:00,2011-12-06 14:23:00,2321,1862.75,1.0186153846153847
21989,PACK OF 20 SKULL PAPER NAPKINS,2010-12-02 12:47:00,2011-12-09 10:26:00,2409,2233.1,1.1530088495575221
21990,MODERN FLORAL STATIONERY SET,2010-12-01 14:32:00,2011-12-09 11:34:00,1672,2870.0,1.9954200542005418
21991,BOHEMIAN COLLAGE STATIONERY SET,2010-12-01 14:32:00,2011-12-08 16:30:00,635,1080.82,2.004245283018868
21992,VINTAGE PAISLEY STATIONERY SET,2010-12-01 12:23:00,2011-11-15 14:48:00,1901,3510.72,2.065475113122172
21993,FLORAL FOLK STATIONERY SET,2010-12-01 14:32:00,2011-12-09 10:03:00,1937,3355.84,2.024824355971897
22016,DOTCOMGIFTSHOP GIFT VOUCHER £100.00,2011-08-02 16:11:00,2011-08-02 16:11:00,1,83.33,83.33
22021,BLUE FELT EASTER EGG BASKET,2010-12-05 12:01:00,2011-03-21 11:24:00,365,610.4499999999999,1.73986301369863
22023,EMPIRE BIRTHDAY CARD,2010-12-02 10:39:00,2011-12-08 09:20:00,1206,538.72,0.5998639455782312
22024,RAINY LADIES BIRTHDAY CARD,2010-12-01 12:35:00,2011-12-09 10:03:00,2406,1023.73,0.5876056338028169
22025,RING OF ROSES BIRTHDAY CARD,2010-12-01 16:21:00,2011-12-09 10:03:00,1835,761.05,0.5516793893129771
22026,BANQUET BIRTHDAY  CARD,2010-12-07 14:41:00,2011-12-09 10:03:00,1644,712.08,0.57325
22027,TEA PARTY BIRTHDAY CARD,2010-12-02 10:39:00,2011-12-09 10:03:00,4368,1873.71,0.5336263736263736
22028,PENNY FARTHING BIRTHDAY CARD,2010-12-02 10:39:00,2011-12-09 10:03:00,3042,1304.1399999999999,0.5452091254752851
22029,SPACEBOY BIRTHDAY CARD,2010-12-02 09:44:00,2011-12-09 10:03:00,8161,3387.5699999999997,0.5244318181818182
22030,SWALLOWS GREETING CARD,2010-12-01 16:52:00,2011-12-08 19:57:00,5527,2237.89,0.4638181818181818
22031,BOTANICAL LAVENDER BIRTHDAY CARD,2010-12-02 16:12:00,2011-12-09 10:03:00,504,225.59,0.518875
22032,BOTANICAL LILY GREETING CARD,2010-12-15 13:24:00,2011-11-25 10:20:00,427,181.98,0.4485
22033,BOTANICAL ROSE GREETING CARD,2010-12-15 13:24:00,2011-11-22 15:41:00,337,141.95,0.43863636363636366
22034,ROBIN CHRISTMAS CARD,2010-12-05 13:03:00,2011-11-25 15:23:00,10,5.02,0.625
22035,VINTAGE CARAVAN GREETING CARD,2010-12-03 12:24:00,2011-10-31 14:41:00,1452,617.3199999999999,0.575036496350365
22037,ROBOT BIRTHDAY CARD,2010-12-01 14:32:00,2011-12-09 10:03:00,3929,1695.32,0.5297183098591549
22038,BOTANICAL LAVENDER GIFT WRAP,2011-02-02 14:37:00,2011-12-06 12:15:00,475,199.5,0.42
22039,BOTANICAL LILY GIFT WRAP,2011-04-10 15:15:00,2011-10-25 13:46:00,250,105.0,0.42
22040,BOTANICAL ROSE GIFT WRAP,2010-12-16 10:30:00,2011-11-17 10:01:00,725,304.5,0.42
22041,"RECORD FRAME 7"" SINGLE SIZE",2010-12-01 12:27:00,2011-12-09 10:26:00,4374,11354.560000000001,3.676493150684932
22042,CHRISTMAS CARD SINGING ANGEL,2010-12-02 16:59:00,2011-12-06 11:33:00,399,168.33,0.4330769230769231
22043,CHRISTMAS CARD SCREEN PRINT,2010-12-01 14:32:00,2011-12-02 13:35:00,1238,304.5,0.29765625
22044,CHRISTMAS CARD STACK OF PRESENTS,2010-12-02 09:44:00,2011-11-07 12:29:00,816,196.44,0.2602777777777778
22045,SPACEBOY GIFT WRAP,2010-12-02 13:32:00,2011-12-08 12:29:00,6527,2673.34,0.41865384615384615
22046,TEA PARTY  WRAPPING PAPER,2010-12-23 12:58:00,2011-12-08 10:24:00,2250,929.0,0.4189333333333333
22047,EMPIRE GIFT WRAP,2010-12-13 13:32:00,2011-12-05 17:09:00,3375,1373.5,0.41792452830188676
22048,BIRTHDAY BANQUET GIFT WRAP,2010-12-08 10:38:00,2011-12-05 15:51:00,975,393.5,0.4175
22049,WRAP CHRISTMAS SCREEN PRINT,2010-12-01 13:23:00,2011-10-20 10:34:00,1050,291.5,0.2736363636363636
22050,PINK PAISLEY ROSE GIFT WRAP,2010-12-06 15:00:00,2011-12-05 15:51:00,1225,498.5,0.418
22051,BLUE SCANDINAVIAN PAISLEY WRAP,2010-12-08 10:45:00,2011-11-24 17:06:00,975,409.5,0.42
22052,VINTAGE CARAVAN GIFT WRAP,2010-12-06 08:34:00,2011-07-11 14:10:00,650,273.0,0.42
22053,EMPIRE DESIGN ROSETTE,2010-12-10 10:21:00,2011-11-08 12:58:00,4244,3606.4199999999996,1.227857142857143
22055,MINI CAKE STAND  HANGING STRAWBERY,2010-12-10 12:50:00,2011-12-08 15:44:00,1375,2083.19,2.086160714285714
22057,CERAMIC PLATE STRAWBERRY DESIGN,2010-12-08 10:40:00,2011-12-08 15:54:00,584,667.92,1.41327868852459
22059,CERAMIC STRAWBERRY DESIGN MUG,2010-12-01 12:12:00,2011-12-09 11:20:00,1780,2081.54,1.6124293785310733
22060,LARGE CAKE STAND HANGING HEARTS,2010-12-02 18:08:00,2011-05-23 14:11:00,231,1111.05,5.28
22061,LARGE CAKE STAND  HANGING STRAWBERY,2010-12-02 18:08:00,2011-12-09 12:49:00,582,4218.0599999999995,10.28958904109589
22062,CERAMIC BOWL WITH LOVE HEART DESIGN,2010-12-16 10:28:00,2011-10-14 11:08:00,583,677.86,1.6003846153846153
22063,CERAMIC BOWL WITH STRAWBERRY DESIGN,2010-12-08 13:11:00,2011-12-08 10:39:00,583,1367.45,3.6615447154471545
22064,PINK DOUGHNUT TRINKET POT,2010-12-01 10:52:00,2011-12-09 10:03:00,1728,2546.2999999999997,2.1447368421052633
22065,CHRISTMAS PUDDING TRINKET POT,2010-12-01 14:32:00,2011-12-09 10:03:00,6729,3462.25,1.0662948207171314
22066,LOVE HEART TRINKET POT,2010-12-20 14:59:00,2011-12-06 16:21:00,2239,1044.81,0.6829496402877698
22067,CHOC TRUFFLE GOLD TRINKET POT,2010-12-01 14:32:00,2011-12-08 19:24:00,408,638.6199999999999,2.072535211267606
22068,BLACK PIRATE TREASURE CHEST,2010-12-01 11:21:00,2011-12-09 11:34:00,526,856.39,2.382013888888889
22069,BROWN  PIRATE TREASURE CHEST,2010-12-01 14:32:00,2011-12-09 11:20:00,414,993.5,3.196938775510204
22070,SMALL RED RETROSPOT MUG IN BOX,2010-12-02 11:41:00,2011-12-09 10:03:00,948,2354.4,4.214017094017094
22071,SMALL WHITE RETROSPOT MUG IN BOX,2010-12-01 14:32:00,2011-12-09 10:03:00,729,1384.3,3.8707954545454544
22072,RED RETROSPOT TEA CUP AND SAUCER,2010-12-03 12:29:00,2011-12-09 09:07:00,848,2811.17,3.9930120481927713
22073,RED RETROSPOT STORAGE JAR,2010-12-06 09:52:00,2011-05-04 13:17:00,334,1336.14,4.978169014084507
22074,6 RIBBONS SHIMMERING PINKS,2010-12-01 11:45:00,2011-12-09 12:09:00,1402,1239.6699999999998,1.40095
22075,6 RIBBONS ELEGANT CHRISTMAS,2010-12-01 11:45:00,2011-12-09 12:20:00,1773,2489.0299999999997,1.774009900990099
22076,6 RIBBONS EMPIRE,2010-12-01 14:32:00,2011-12-09 10:20:00,1259,1667.8799999999999,1.611858407079646
22077,6 RIBBONS RUSTIC CHARM,2010-12-01 11:49:00,2011-12-09 12:09:00,9172,17186.62,2.211237113402062
22078,RIBBON REEL LACE DESIGN,2010-12-01 17:06:00,2011-12-09 08:59:00,1369,2923.21,2.6293401015228426
22079,RIBBON REEL HEARTS DESIGN,2010-12-05 11:02:00,2011-12-07 14:12:00,1897,3325.29,2.0423312883435583
22080,RIBBON REEL POLKADOTS,2010-12-01 14:32:00,2011-12-09 12:16:00,1206,2003.48,1.9770063694267515
22081,RIBBON REEL FLORA + FAUNA,2010-12-01 14:32:00,2011-12-09 12:16:00,644,1176.5,2.313525179856115
22082,RIBBON REEL STRIPES DESIGN,2010-12-01 12:23:00,2011-12-07 14:12:00,2680,4661.88,1.9854457831325298
22083,PAPER CHAIN KIT RETROSPOT,2010-12-01 09:41:00,2011-12-09 12:19:00,4616,14051.640000000001,3.7658756137479545
22084,PAPER CHAIN KIT EMPIRE,2010-12-01 17:06:00,2011-12-08 15:01:00,5181,15099.37,3.2728442437923255
22085,PAPER CHAIN KIT SKULLS,2010-12-06 14:05:00,2011-12-09 10:03:00,548,1566.99,3.175714285714286
22086,PAPER CHAIN KIT 50'S CHRISTMAS,2010-12-01 09:00:00,2011-12-09 12:19:00,19329,64875.590000000004,3.362331081081081
22087,PAPER BUNTING WHITE LACE,2010-12-01 12:31:00,2011-12-09 10:51:00,4082,11872.58,3.396042296072508
22088,PAPER BUNTING COLOURED LACE,2010-12-01 13:54:00,2011-07-06 10:41:00,1893,5661.05,3.5898333333333334
22089,PAPER BUNTING VINTAGE PAISLEY,2010-12-02 16:59:00,2011-12-05 09:03:00,1423,4457.43,3.5026277372262773
22090,PAPER BUNTING RETROSPOT,2010-12-01 14:32:00,2011-12-08 10:24:00,7562,22785.06,3.7798004987531173
22091,EMPIRE TISSUE BOX,2010-12-01 17:06:00,2011-12-09 10:03:00,1983,1030.1000000000001,0.958502994011976
22092,BLUE PAISLEY TISSUE BOX,2010-12-01 12:43:00,2011-12-08 12:07:00,670,321.40000000000003,0.5719780219780219
22093,MOTORING TISSUE BOX,2010-12-05 13:42:00,2011-12-06 16:21:00,1830,822.13,0.6054938271604938
22094,RED RETROSPOT TISSUE BOX,2010-12-01 13:24:00,2011-12-08 14:39:00,2166,1135.0,1.066600985221675
22095,LADS ONLY TISSUE BOX,2010-12-01 13:24:00,2011-12-09 11:34:00,1643,1605.96,1.1489333333333334
22096,PINK PAISLEY SQUARE TISSUE BOX,2010-12-01 12:43:00,2011-12-08 14:39:00,1366,584.09,0.6522314049586777
22097,SWALLOW SQUARE TISSUE BOX,2010-12-01 13:21:00,2011-12-08 13:50:00,1596,732.39,0.6958169934640523
22098,BOUDOIR SQUARE TISSUE BOX,2010-12-01 11:21:00,2011-12-08 14:39:00,1992,1001.5500000000001,0.9610112359550562
22099,CARAVAN SQUARE TISSUE BOX,2010-12-01 12:43:00,2011-12-09 10:26:00,1440,800.59,0.9591139240506329
22100,SKULLS SQUARE TISSUE BOX,2010-12-01 11:21:00,2011-12-06 09:31:00,755,354.82,1.1886440677966101
22101,MIRROR MOSAIC VOTIVE HOLDER,2010-12-06 16:57:00,2011-12-08 16:30:00,1438,2053.17,2.2659420289855072
22102,MIRROR MOSAIC T-LIGHT HOLDER,2010-12-10 15:56:00,2011-11-28 14:44:00,1622,831.84,2.0570967741935484
22103,MIRROR MOSAIC T-LIGHT HOLDER ROUND,2011-01-12 13:30:00,2011-10-24 17:03:00,1248,908.24,2.12
22104,MIRROR MOSAIC CANDLE PLATE,2010-12-06 10:08:00,2011-12-09 10:03:00,288,343.71,1.58
22105,MIRROR MOSAIC GOBLET CANDLE HOLDER,2010-12-03 11:36:00,2011-12-08 09:20:00,574,847.82,3.9760606060606065
22106,MIRROR MOSAIC HURRICANE LAMP,2010-12-06 09:58:00,2011-12-09 10:03:00,349,898.38,5.131914893617021
22107,PIZZA PLATE IN BOX,2010-12-01 12:43:00,2011-12-09 10:03:00,592,2153.06,4.238901098901099
22108,PING! MICROWAVE PLATE,2010-12-06 09:58:00,2011-12-09 10:03:00,152,415.09000000000003,3.1066666666666665
22109,FULL ENGLISH BREAKFAST PLATE,2010-12-01 11:45:00,2011-12-09 10:03:00,1640,6921.15,5.498528428093645
22110,BIRD HOUSE HOT WATER BOTTLE,2010-12-01 11:21:00,2011-12-09 10:23:00,1172,4912.14,4.051458333333333
22111,SCOTTIE DOG HOT WATER BOTTLE,2010-12-01 10:52:00,2011-12-09 11:26:00,4655,24455.39,5.805300896286813
22112,CHOCOLATE HOT WATER BOTTLE,2010-12-01 10:52:00,2011-12-09 11:26:00,6017,32826.58,6.075206422018349
22113,GREY HEART HOT WATER BOTTLE,2010-12-01 12:03:00,2011-12-09 12:31:00,3220,12763.08,4.404398625429553
22114,HOT WATER BOTTLE TEA AND SYMPATHY,2010-12-01 09:32:00,2011-12-09 10:26:00,5740,32973.44,5.024473684210526
22115,METAL SIGN EMPIRE TEA,2010-12-01 12:03:00,2011-12-08 15:31:00,1549,2020.91,2.34704347826087
22116,METAL SIGN HIS DINNER IS SERVED,2010-12-03 13:43:00,2011-12-09 10:03:00,575,620.42,1.4704729729729729
22117,METAL SIGN HER DINNER IS SERVED,2010-12-01 11:21:00,2011-12-06 17:23:00,1320,3896.4500000000003,2.9212631578947374
22118,JOY WOODEN BLOCK LETTERS,2010-12-01 13:38:00,2011-12-09 08:39:00,230,895.26,5.188426966292135
22119,PEACE WOODEN BLOCK LETTERS,2010-12-01 13:38:00,2011-12-09 08:39:00,345,1734.8700000000001,6.319629629629629
22120,WELCOME  WOODEN BLOCK LETTERS,2010-12-01 13:21:00,2011-12-05 17:28:00,523,5247.09,10.999627659574466
22121,NOEL WOODEN BLOCK LETTERS,2010-12-01 13:38:00,2011-12-09 10:03:00,352,2159.7000000000003,6.868805970149254
22123,PING MICROWAVE APRON,2010-12-05 12:29:00,2011-12-09 10:03:00,508,1068.3799999999999,3.0187804878048783
22124,SET OF 2 TEA TOWELS PING MICROWAVE,2010-12-01 17:06:00,2011-12-09 10:03:00,149,306.16,2.4578947368421056
22125,UNION JACK HOT WATER BOTTLE,2011-01-21 15:01:00,2011-11-23 13:53:00,13,139.86,10.453333333333333
22127,PARTY CONES CARNIVAL ASSORTED,2010-12-01 10:29:00,2011-03-23 12:24:00,404,504.88,2.227826086956522
22128,PARTY CONES CANDY ASSORTED,2010-12-01 10:29:00,2011-11-18 12:07:00,1762,2127.53,1.395921052631579
22129,PARTY CONES CANDY TREE DECORATION,2010-12-05 13:42:00,2011-12-09 10:03:00,1188,1226.4199999999998,1.9918
22130,PARTY CONE CHRISTMAS DECORATION,2010-12-01 11:57:00,2011-12-08 19:57:00,2277,2664.6299999999997,1.7685840707964602
22131,FOOD CONTAINER SET 3 LOVE HEART,2010-12-02 11:41:00,2011-12-08 10:53:00,2031,3936.5899999999997,2.8124324324324323
22132,RED LOVE HEART SHAPE CUP,2010-12-03 11:28:00,2011-12-08 13:50:00,1038,939.03,1.2053896103896105
22133,PINK LOVE HEART SHAPE CUP,2010-12-03 11:27:00,2011-12-08 09:28:00,816,770.73,1.286390977443609
22134,LADLE LOVE HEART RED,2010-12-01 14:32:00,2011-12-09 10:03:00,889,419.0,0.6503067484662577
22135,LADLE LOVE HEART PINK,2010-12-01 14:32:00,2011-12-09 10:03:00,567,322.38,0.6762569832402234
22136,LOVE HEART SOCK HANGER,2010-12-01 16:57:00,2011-12-08 10:53:00,378,679.28,2.3049999999999997
22137,BATHROOM SET LOVE HEART DESIGN,2010-12-03 14:18:00,2011-08-11 11:45:00,82,237.98000000000002,3.1242857142857146
22138,BAKING SET 9 PIECE RETROSPOT,2010-12-21 14:26:00,2011-12-09 12:50:00,4937,24185.27,5.353144989339019
22139,RETROSPOT TEA SET CERAMIC 11 PC,2010-12-01 09:41:00,2011-12-09 11:59:00,4518,22868.260000000002,5.730788381742739
22141,CHRISTMAS CRAFT TREE TOP ANGEL,2010-12-01 11:49:00,2011-12-09 11:59:00,2791,6463.790000000001,2.6021551724137932
22142,CHRISTMAS CRAFT WHITE FAIRY,2010-12-01 12:15:00,2011-12-09 10:26:00,3247,4946.19,1.7504663212435232
22144,CHRISTMAS CRAFT LITTLE FRIENDS,2010-12-01 11:49:00,2011-12-09 12:20:00,4073,9662.28,2.5802712477396024
22145,CHRISTMAS CRAFT HEART STOCKING,2010-12-08 14:43:00,2010-12-08 14:43:00,30,63.0,2.1
22146,EASTER CRAFT IVY WREATH WITH CHICK,2011-01-25 13:15:00,2011-01-25 13:15:00,1,1.95,1.95
22147,FELTCRAFT BUTTERFLY HEARTS,2010-12-01 11:57:00,2011-12-01 11:18:00,6226,8621.14,1.6384444444444444
22148,EASTER CRAFT 4 CHICKS,2010-12-20 10:14:00,2011-12-04 11:50:00,1933,3917.45,2.255079365079365
22149,FELTCRAFT 6 FLOWER FRIENDS,2010-12-01 11:57:00,2011-11-10 18:46:00,6070,12357.08,2.455298372513562
22150,3 STRIPEY MICE FELTCRAFT,2010-12-01 10:29:00,2011-12-09 10:03:00,3021,5907.84,2.2756779661016946
22151,PLACE SETTING WHITE HEART,2010-12-01 12:43:00,2011-12-09 10:10:00,15126,6322.21,0.5779646017699115
22152,PLACE SETTING WHITE STAR,2010-12-01 12:15:00,2011-12-05 12:16:00,2407,1053.08,0.5537614678899082
22153,ANGEL DECORATION STARS ON DRESS,2010-12-01 11:45:00,2011-12-09 10:51:00,2593,1109.05,0.5472058823529412
22154,ANGEL DECORATION 3 BUTTONS,2010-12-01 14:32:00,2011-12-09 10:03:00,3745,1636.67,0.5443373493975904
22155,STAR DECORATION RUSTIC,2010-12-01 14:32:00,2011-12-09 10:51:00,2452,1133.61,0.5784563758389262
22156,HEART DECORATION WITH PEARLS,2010-12-01 14:32:00,2011-12-09 10:03:00,2196,2113.1299999999997,1.1691570881226052
22157,ANGEL DECORATION WITH LACE PADDED,2010-12-05 16:24:00,2011-08-31 14:28:00,212,180.2,0.85
22158,3 HEARTS HANGING DECORATION RUSTIC,2010-12-03 10:43:00,2011-12-08 16:30:00,3413,11797.380000000001,3.352964169381108
22161,HEART DECORATION RUSTIC HANGING,2010-12-01 14:32:00,2011-12-09 10:26:00,5083,1645.75,0.5981792717086835
22162,HEART GARLAND RUSTIC PADDED,2010-12-01 14:32:00,2011-11-24 09:26:00,264,841.24,3.2348913043478262
22163,HEART STRING MEMO HOLDER HANGING,2010-12-03 11:36:00,2011-12-09 10:03:00,875,1042.78,1.7872580645161291
22164,STRING OF STARS CARD HOLDER,2010-12-01 13:20:00,2011-11-28 12:14:00,78,250.22000000000003,3.5340000000000003
22165,"DIAMANTE HEART SHAPED WALL MIRROR,",2010-12-01 17:06:00,2011-12-09 10:46:00,415,3328.2,11.87312925170068
22166,WALL MIRROR RECTANGLE DIAMANTE PINK,2010-12-03 11:28:00,2011-12-08 10:53:00,207,1614.4,12.049080459770115
22167,OVAL WALL MIRROR DIAMANTE,2010-12-03 11:13:00,2011-12-09 10:03:00,236,2391.12,10.774935897435897
22168,ORGANISER WOOD ANTIQUE WHITE,2010-12-01 09:56:00,2011-04-12 11:58:00,143,1205.3,8.488815789473684
22169,FAMILY ALBUM WHITE PICTURE FRAME,2010-12-01 14:32:00,2011-12-08 16:30:00,1197,10345.76,10.152849462365591
22170,PICTURE FRAME WOOD TRIPLE PORTRAIT,2010-12-02 11:21:00,2011-12-09 10:03:00,1068,6977.6,7.740037735849057
22171,3 HOOK PHOTO SHELF ANTIQUE WHITE,2010-12-01 14:03:00,2011-12-09 11:26:00,1794,13611.81,10.020785340314136
22173,METAL 4 HOOK HANGER FRENCH CHATEAU,2010-12-01 12:58:00,2011-12-09 10:26:00,2444,7767.8,3.8380321285140564
22174,PHOTO CUBE,2010-12-01 10:19:00,2011-12-09 10:26:00,3218,5978.78,2.596676923076923
22175,PINK OWL SOFT TOY,2010-12-03 11:36:00,2011-12-09 11:59:00,877,2594.23,3.462046783625731
22176,BLUE OWL SOFT TOY,2010-12-01 09:41:00,2011-10-31 11:10:00,512,1536.88,3.312735042735043
22178,VICTORIAN GLASS HANGING T-LIGHT,2010-12-01 11:41:00,2011-12-09 12:31:00,24275,33146.82,1.6440249759846302
22179,SET 10 LIGHTS NIGHT OWL,2010-12-01 11:49:00,2011-12-09 10:26:00,966,7226.2,8.985479452054793
22180,RETROSPOT LAMP,2010-12-01 10:37:00,2011-11-07 12:06:00,330,3521.54,11.514709677419354
22181,SNOWSTORM PHOTO FRAME FRIDGE MAGNET,2010-12-02 15:46:00,2011-11-29 14:20:00,591,500.90999999999997,0.9998245614035087
22182,CAKE STAND VICTORIAN FILIGREE SMALL,2010-12-01 14:32:00,2011-12-09 09:46:00,372,1420.58,4.323770491803279
22183,CAKE STAND VICTORIAN FILIGREE MED,2010-12-01 11:45:00,2011-11-13 12:19:00,322,1916.01,5.957364341085271
22184,CAKE STAND VICTORIAN FILIGREE LARGE,2010-12-01 17:06:00,2011-01-27 11:05:00,56,471.86,8.427142857142856
22185,SLATE TILE NATURAL HANGING,2010-12-01 13:21:00,2011-12-09 11:26:00,1472,2235.9399999999996,1.9492073170731707
22186,RED STAR CARD HOLDER,2010-12-01 11:57:00,2011-12-09 10:26:00,848,1997.48,3.0438666666666667
22187,GREEN CHRISTMAS TREE CARD HOLDER,2010-12-01 13:20:00,2011-12-09 10:26:00,1266,3245.68,3.9398969072164944
22188,BLACK HEART CARD HOLDER,2010-12-01 10:47:00,2011-12-08 18:43:00,4870,12483.220000000001,4.3502645502645505
22189,CREAM HEART CARD HOLDER,2010-12-01 09:53:00,2011-12-08 18:43:00,8284,23435.82,4.4527186311787075
22190,LOCAL CAFE MUG,2010-12-01 14:32:00,2011-12-09 10:20:00,676,1057.71,2.180769230769231
22191,IVORY DINER WALL CLOCK,2010-12-01 10:03:00,2011-12-08 18:03:00,1445,11911.65,8.85322966507177
22192,BLUE DINER WALL CLOCK,2010-12-01 10:03:00,2011-12-08 18:03:00,954,8189.29,9.043780821917808
22193,RED DINER WALL CLOCK,2010-12-01 10:03:00,2011-12-09 10:26:00,1400,11857.07,9.24141304347826
22194,BLACK DINER WALL CLOCK,2010-12-01 13:23:00,2011-08-11 10:14:00,66,625.6899999999999,9.790227272727272
22195,LARGE HEART MEASURING SPOONS,2010-12-01 10:03:00,2011-12-09 10:26:00,1976,3720.66,2.3564285714285713
22196,SMALL HEART MEASURING SPOONS,2010-12-01 10:03:00,2011-12-09 10:26:00,2847,2754.16,1.2229853862212943
22197,SMALL POPCORN HOLDER,2010-12-01 10:19:00,2011-12-09 12:19:00,56898,51334.47,1.0435543018335685
22198,LARGE POPCORN HOLDER,2010-12-01 10:19:00,2011-02-21 11:35:00,1025,1870.9099999999999,2.2325581395348837
22199,FRYING PAN RED RETROSPOT,2010-12-05 14:02:00,2011-12-09 11:20:00,467,1926.59,5.2957485029940115
22200,FRYING PAN PINK POLKADOT,2010-12-03 11:13:00,2011-12-09 11:20:00,398,1809.48,5.907163120567375
22201,FRYING PAN BLUE POLKADOT,2010-12-09 14:09:00,2011-12-08 14:38:00,193,716.8,4.299540229885057
22202,MILK PAN PINK POLKADOT,2010-12-02 12:16:00,2011-05-05 19:16:00,64,319.35,5.68972972972973
22203,MILK PAN RED RETROSPOT,2010-12-01 14:32:00,2011-12-08 14:38:00,403,1483.13,4.484551724137931
22204,MILK PAN BLUE POLKADOT,2010-12-14 13:31:00,2011-12-08 14:38:00,197,669.54,3.7055
22206,"MUG , DOTCOMGIFTSHOP.COM",2010-12-17 14:54:00,2011-11-21 15:18:00,5,4.17,0.834
22207,FRYING PAN UNION FLAG,2010-12-01 14:32:00,2011-12-09 10:26:00,1333,5833.59,6.180480769230769
22208,WOOD STAMP SET THANK YOU,2010-12-01 17:06:00,2011-12-08 19:57:00,1509,1571.4899999999998,1.277937062937063
22209,WOOD STAMP SET HAPPY BIRTHDAY,2010-12-02 11:41:00,2011-12-09 10:03:00,945,964.2199999999999,1.2049425287356321
22210,WOOD STAMP SET BEST WISHES,2010-12-02 11:41:00,2011-12-08 13:50:00,1017,958.04,1.130362694300518
22211,WOOD STAMP SET FLOWERS,2010-12-07 14:41:00,2011-12-08 13:50:00,1008,1122.3899999999999,1.2908457711442785
22212,FOUR HOOK  WHITE LOVEBIRDS,2010-12-01 14:41:00,2011-12-09 10:03:00,1609,3700.94,2.8394306930693074
22214,CANDLE PLATE LACE WHITE,2010-12-13 13:52:00,2011-12-06 14:23:00,193,416.59999999999997,2.6326785714285714
22215,CAKE STAND WHITE TWO TIER LACE,2010-12-02 12:33:00,2011-12-09 10:20:00,343,2471.39,8.513465346534653
22216,T-LIGHT HOLDER WHITE LACE,2010-12-03 11:36:00,2011-12-09 08:39:00,588,512.93,1.1177941176470587
22217,T-LIGHT HOLDER HANGING LACE,2010-12-01 12:50:00,2011-12-09 08:39:00,839,831.26,1.318170731707317
22218,CAKE STAND LACE WHITE,2010-12-15 16:50:00,2010-12-15 16:50:00,1,4.25,4.25
22219,LOVEBIRD HANGING DECORATION WHITE,2010-12-01 11:41:00,2011-12-09 10:03:00,4133,4033.7299999999996,1.1821157323688969
22220,CAKE STAND LOVEBIRD 2 TIER WHITE,2010-12-01 17:35:00,2011-12-09 10:20:00,231,1849.25,10.015581395348836
22221,CAKE STAND LOVEBIRD 2 TIER PINK,2010-12-06 09:58:00,2011-12-08 12:50:00,131,1104.54,10.617450980392157
22222,CAKE PLATE LOVEBIRD WHITE,2010-12-01 13:20:00,2011-12-08 16:30:00,1057,3880.2,5.441216216216216
22223,CAKE PLATE LOVEBIRD PINK,2010-12-06 09:58:00,2011-12-06 16:26:00,441,1821.6100000000001,5.30493670886076
22224,WHITE LOVEBIRD LANTERN,2010-12-01 09:53:00,2011-12-09 10:03:00,834,2764.0600000000004,3.735454545454546
22227,HANGING HEART MIRROR DECORATION,2010-12-01 12:50:00,2011-12-09 12:00:00,2341,1708.0700000000002,0.8917940199335549
22228,BUNNY WOODEN PAINTED WITH BIRD,2010-12-10 11:24:00,2011-12-08 12:57:00,1000,777.78,0.9306802721088435
22229,BUNNY WOODEN PAINTED WITH FLOWER,2010-12-10 11:24:00,2011-12-05 12:30:00,568,432.46,0.9327184466019417
22230,JIGSAW TREE WITH WATERING CAN,2010-12-12 11:44:00,2011-12-04 15:19:00,1047,480.62999999999994,0.792135922330097
22231,JIGSAW TREE WITH BIRDHOUSE,2010-12-05 13:26:00,2011-12-08 12:57:00,998,1027.72,1.2261904761904763
22232,JIGSAW TOADSTOOLS 3 PIECE,2010-12-12 11:44:00,2011-12-07 14:12:00,690,604.4599999999999,1.0685542168674698
22233,JIGSAW RABBIT AND BIRDHOUSE,2010-12-06 11:38:00,2011-12-07 14:12:00,596,607.14,1.2927777777777778
22236,CAKE STAND 3 TIER MAGIC GARDEN,2010-12-09 12:20:00,2011-11-23 16:34:00,308,3624.5999999999995,12.525
22241,GARLAND WOODEN HAPPY EASTER,2010-12-01 12:43:00,2011-11-23 10:39:00,1952,2609.43,1.610539419087137
22242,5 HOOK HANGER MAGIC TOADSTOOL,2010-12-01 09:59:00,2011-02-16 10:32:00,640,994.3799999999999,1.9782352941176469
22243,5 HOOK HANGER RED MAGIC TOADSTOOL,2010-12-01 11:49:00,2011-11-30 11:31:00,3098,4751.639999999999,1.9261654135338346
22244,3 HOOK HANGER MAGIC GARDEN,2010-12-01 13:04:00,2011-09-28 15:50:00,1703,3276.2099999999996,2.8271249999999997
22245,"HOOK, 1 HANGER ,MAGIC GARDEN",2010-12-01 17:06:00,2011-09-01 13:40:00,1262,1070.0,1.1806060606060607
22246,MAGIC GARDEN FELT GARLAND,2010-12-01 17:06:00,2011-11-24 09:50:00,431,962.77,2.8153333333333332
22247,BUNNY DECORATION MAGIC GARDEN,2010-12-23 13:26:00,2011-11-25 14:53:00,668,591.4399999999999,1.0199137931034483
22248,DECORATION  PINK CHICK MAGIC GARDEN,2010-12-03 11:36:00,2011-12-05 17:24:00,593,525.09,1.0403603603603602
22249,DECORATION WHITE CHICK MAGIC GARDEN,2010-12-17 09:52:00,2011-12-08 09:20:00,928,812.86,1.007364864864865
22250,DECORATION  BUTTERFLY  MAGIC GARDEN,2010-12-03 11:36:00,2011-12-08 16:30:00,819,730.9499999999999,1.0487837837837837
22251,BIRDHOUSE DECORATION MAGIC GARDEN,2010-12-03 11:36:00,2011-12-08 16:30:00,712,889.49,1.529136690647482
22252,BIRDCAGE DECORATION TEALIGHT HOLDER,2010-12-05 14:52:00,2011-12-09 10:10:00,643,761.57,1.236231884057971
22254,FELT TOADSTOOL LARGE,2010-12-09 12:16:00,2011-12-07 14:39:00,657,836.8000000000001,1.6237704918032787
22255,FELT TOADSTOOL  SMALL,2010-12-03 11:36:00,2011-12-07 14:39:00,629,602.63,1.185844155844156
22256,FELT FARM ANIMAL CHICKEN,2010-12-05 11:49:00,2011-09-07 16:48:00,286,387.9,1.6088235294117645
22257,FELT FARM ANIMAL SHEEP,2010-12-15 11:53:00,2011-10-30 11:09:00,373,280.42,1.0997727272727273
22258,FELT FARM ANIMAL RABBIT,2010-12-15 11:53:00,2011-11-25 14:53:00,912,743.89,1.325194805194805
22259,FELT FARM ANIMAL HEN,2010-12-15 11:53:00,2011-04-26 13:05:00,481,332.84,1.0475555555555556
22260,FELT EGG COSY BLUE RABBIT,2010-12-01 16:57:00,2011-12-09 10:03:00,552,577.4399999999999,1.2758878504672895
22261,FELT EGG COSY WHITE RABBIT,2010-12-01 09:41:00,2011-12-09 10:03:00,579,544.7099999999999,1.1352727272727272
22262,FELT EGG COSY CHICKEN,2010-12-01 09:41:00,2011-12-06 12:59:00,1023,950.4599999999999,1.1047887323943661
22263,FELT EGG COSY LADYBIRD,2010-12-10 09:51:00,2011-12-08 09:20:00,326,195.97,1.0479245283018868
22264,FELT FARM ANIMAL WHITE BUNNY,2010-12-02 15:39:00,2011-12-09 10:03:00,1561,736.98,1.0378571428571428
22265,EASTER DECORATION NATURAL CHICK,2010-12-01 14:32:00,2011-11-29 13:12:00,536,363.55,0.7798571428571429
22266,EASTER DECORATION HANGING BUNNY,2011-01-07 16:32:00,2011-12-07 12:55:00,1887,595.85,0.5661616161616162
22267,EASTER DECORATION EGG BUNNY,2011-01-07 16:32:00,2011-12-05 15:59:00,836,673.17,1.094470588235294
22268,EASTER DECORATION SITTING BUNNY,2011-01-05 11:30:00,2011-11-10 15:32:00,2009,802.34,0.7259259259259259
22269,EGG CUP NATURAL CHICKEN,2010-12-09 14:09:00,2011-12-07 16:56:00,932,621.49,1.0416666666666667
22270,HAPPY EASTER HANGING DECORATION,2010-12-14 12:58:00,2011-11-22 17:21:00,243,942.1999999999999,4.418
22271,FELTCRAFT DOLL ROSIE,2010-12-01 11:49:00,2011-11-25 08:55:00,1701,5007.35,3.38049504950495
22272,FELTCRAFT DOLL MARIA,2010-12-02 08:52:00,2011-05-22 11:51:00,196,564.9200000000001,3.0626530612244904
22273,FELTCRAFT DOLL MOLLY,2010-12-01 11:49:00,2011-12-09 10:03:00,4509,12001.59,3.2667267267267266
22274,FELTCRAFT DOLL EMILY,2010-12-01 11:49:00,2011-12-08 09:20:00,1340,3953.4800000000005,3.327977528089888
22275,WEEKEND BAG VINTAGE ROSE PAISLEY,2010-12-02 16:51:00,2010-12-02 16:51:00,69,527.85,7.65
22276,WASH BAG VINTAGE ROSE PAISLEY,2010-12-01 14:32:00,2011-12-08 13:50:00,290,838.86,3.3250588235294116
22277,COSMETIC BAG VINTAGE ROSE PAISLEY,2010-12-01 13:51:00,2011-12-09 10:03:00,417,897.74,2.6088
22278,OVERNIGHT BAG VINTAGE ROSE PAISLEY,2010-12-01 14:41:00,2011-12-09 10:26:00,405,2704.35,7.358076923076922
22279,POCKET BAG BLUE PAISLEY RED SPOT,2010-12-06 10:03:00,2011-12-09 10:03:00,831,1003.4,1.4172307692307693
22280,POCKET BAG PINK PAISELY BROWN SPOT,2010-12-06 10:03:00,2011-12-09 10:03:00,468,509.59,1.2945833333333334
22281,EASTER TREE YELLOW BIRDS,2010-12-13 09:35:00,2011-12-07 13:12:00,131,929.44,8.020793650793651
22282,12 EGG HOUSE PAINTED WOOD,2010-12-06 09:58:00,2011-12-08 15:54:00,149,2378.52,17.214646464646464
22283,6 EGG HOUSE PAINTED WOOD,2010-12-01 17:06:00,2011-12-08 15:54:00,299,2726.43,9.944580645161292
22284,HEN HOUSE DECORATION,2010-12-02 11:41:00,2011-12-05 14:51:00,927,1597.0699999999997,2.036212121212121
22285,"DECORATION HEN ON NEST, HANGING",2010-12-02 11:41:00,2011-12-05 17:24:00,870,1493.2499999999998,2.0395121951219513
22286,"DECORATION , WOBBLY RABBIT , METAL",2010-12-10 14:59:00,2011-12-01 12:01:00,1123,1022.4899999999999,1.6037391304347828
22287,"DECORATION , WOBBLY CHICKEN, METAL",2010-12-10 14:59:00,2011-12-01 12:01:00,794,716.8599999999999,1.5314999999999999
22288,HANGING METAL RABBIT DECORATION,2010-12-03 11:36:00,2011-12-06 09:48:00,474,616.95,1.6053225806451612
22289,HANGING METAL CHICKEN DECORATION,2010-12-13 11:21:00,2011-11-22 11:18:00,148,193.52,1.4934285714285713
22291,HANGING CHICK CREAM DECORATION,2010-12-10 11:01:00,2011-11-25 14:53:00,1289,1906.02,1.6335245901639344
22292,HANGING CHICK  YELLOW DECORATION,2010-12-02 13:14:00,2011-11-25 14:53:00,1136,1604.51,1.5945689655172415
22293,HANGING CHICK GREEN DECORATION,2010-12-07 15:28:00,2011-11-22 11:18:00,903,1335.87,1.7224
22294,HEART FILIGREE DOVE  SMALL,2010-12-01 12:15:00,2011-12-08 16:30:00,5457,6805.08,1.453355048859935
22295,HEART FILIGREE DOVE LARGE,2010-12-01 12:23:00,2011-12-08 12:57:00,2789,4613.969999999999,1.9075984251968503
22296,HEART IVORY TRELLIS LARGE,2010-12-01 11:29:00,2011-12-08 09:20:00,3140,5247.719999999999,1.8795412844036699
22297,HEART IVORY TRELLIS SMALL,2010-12-01 11:29:00,2011-12-08 10:53:00,4164,5459.91,1.746631853785901
22299,PIG KEYRING WITH LIGHT & SOUND,2010-12-01 14:32:00,2011-12-09 10:46:00,1379,1386.97,1.7235
22300,COFFEE MUG DOG + BALL DESIGN,2010-12-01 14:32:00,2011-12-09 10:03:00,1528,3409.21,3.1201020408163265
22301,COFFEE MUG CAT + BIRD DESIGN,2010-12-01 14:32:00,2011-12-09 10:26:00,2205,4980.83,3.1865079365079363
22302,COFFEE MUG PEARS  DESIGN,2010-12-15 16:03:00,2011-12-09 10:26:00,2329,5134.29,2.7265727699530515
22303,COFFEE MUG APPLES DESIGN,2010-12-14 15:52:00,2011-12-09 10:26:00,2816,6338.25,2.7623664122137406
22304,COFFEE MUG BLUE PAISLEY DESIGN,2010-12-01 17:06:00,2011-12-09 10:26:00,761,1352.88,3.118360655737705
22305,COFFEE MUG PINK PAISLEY DESIGN,2010-12-05 11:12:00,2011-12-07 17:05:00,693,1604.58,3.0107843137254897
22306,SILVER MUG BONE CHINA TREE OF LIFE,2010-12-03 14:26:00,2011-12-06 12:26:00,1162,1415.8500000000001,1.845840707964602
22307,GOLD MUG BONE CHINA TREE OF LIFE,2010-12-03 15:45:00,2011-12-09 10:03:00,770,969.64,2.222
22308,TEA COSY BLUE STRIPE,2010-12-01 17:06:00,2011-12-09 10:26:00,250,877.38,4.214476190476191
22309,TEA COSY RED  STRIPE,2010-12-01 14:32:00,2011-12-09 10:03:00,369,1091.05,3.744262295081967
22310,IVORY KNITTED MUG COSY,2010-12-01 08:34:00,2011-12-08 17:57:00,668,1296.23,2.583693693693694
22311,OFFICE MUG WARMER BLACK+SILVER,2010-12-01 13:38:00,2011-12-06 16:33:00,1132,3403.76,4.082222222222223
22312,OFFICE MUG WARMER POLKADOT,2010-12-01 12:23:00,2011-12-08 09:28:00,645,1950.4900000000002,3.6210526315789475
22313,OFFICE MUG WARMER PINK,2010-12-01 15:08:00,2011-12-09 10:20:00,565,1564.8300000000002,3.51179104477612
22314,OFFICE MUG WARMER CHOC+BLUE,2010-12-01 14:32:00,2011-12-09 10:20:00,570,1759.1200000000001,3.962148148148148
22315,200 RED + WHITE BENDY STRAWS,2010-12-01 13:24:00,2011-12-08 09:20:00,916,1218.93,1.4587861271676301
22316,200 BENDY SKULL STRAWS,2010-12-02 12:47:00,2011-12-06 14:23:00,660,742.37,1.3725454545454545
22317,FIVE CATS HANGING DECORATION,2010-12-01 17:06:00,2011-11-29 11:23:00,286,879.6700000000001,3.65561797752809
22318,FIVE HEART HANGING DECORATION,2010-12-01 09:59:00,2011-12-05 17:28:00,462,1541.6200000000001,3.984685314685315
22319,HAIRCLIPS FORTIES FABRIC ASSORTED,2010-12-09 14:49:00,2011-12-09 10:46:00,1322,572.26,0.5670491803278689
22320,BIRDS MOBILE VINTAGE DESIGN,2010-12-02 12:28:00,2011-12-08 19:28:00,189,1147.27,6.261232876712329
22321,BIRD DECORATION RED RETROSPOT,2010-12-01 11:57:00,2011-12-08 16:30:00,893,860.93,1.2836363636363637
22322,BIRD DECORATION GREEN POLKADOT,2010-12-06 10:08:00,2011-11-11 13:06:00,820,747.81,1.1363309352517985
22323,PINK POLKADOT KIDS BAG,2011-01-12 13:19:00,2011-01-12 13:19:00,1,1.95,1.95
22324,BLUE POLKADOT KIDS BAG,2010-12-01 17:06:00,2011-12-09 10:03:00,286,688.3,3.4390666666666667
22325,MOBILE VINTAGE HEARTS,2010-12-01 17:06:00,2011-11-29 13:37:00,249,1146.3500000000001,5.08505376344086
22326,ROUND SNACK BOXES SET OF4 WOODLAND,2010-12-01 08:45:00,2011-12-09 12:09:00,8535,24364.870000000003,3.4687721691678037
22327,ROUND SNACK BOXES SET OF 4 SKULLS,2010-12-01 11:49:00,2011-12-09 10:26:00,1167,4304.25,4.334896551724138
22328,ROUND SNACK BOXES SET OF 4 FRUITS,2010-12-01 11:49:00,2011-12-09 12:09:00,6835,19094.97,3.275880341880342
22329,ROUND CONTAINER SET OF 5 RETROSPOT,2010-12-06 09:58:00,2011-12-09 10:03:00,1603,2661.89,2.0687866108786612
22331,WOODLAND PARTY BAG + STICKER SET,2010-12-01 17:06:00,2011-12-09 11:59:00,1840,2975.14,2.0058469945355193
22332,SKULLS PARTY BAG + STICKER SET,2010-12-02 12:47:00,2011-12-05 09:03:00,1032,1677.9999999999998,1.798724832214765
22333,RETROSPOT PARTY BAG + STICKER SET,2010-12-01 12:23:00,2011-12-07 12:48:00,4492,7043.94,1.8778124999999999
22334,DINOSAUR PARTY BAG + STICKER SET,2010-12-02 17:48:00,2011-12-07 12:48:00,707,1160.7099999999998,1.7907843137254902
22335,HEART DECORATION PAINTED ZINC,2010-12-01 14:32:00,2011-12-08 09:28:00,2380,1668.89,0.9153478260869565
22336,DOVE DECORATION PAINTED ZINC,2010-12-01 14:32:00,2011-10-14 14:54:00,2381,754.0300000000001,0.6304878048780488
22337,ANGEL DECORATION PAINTED ZINC,2010-12-03 15:16:00,2011-12-02 12:52:00,912,574.5400000000001,0.7082051282051283
22338,STAR DECORATION PAINTED ZINC,2010-12-01 10:29:00,2011-12-09 10:03:00,4679,1233.91,0.44655913978494627
22339,CHRISTMAS TREE PAINTED ZINC,2010-12-03 15:16:00,2011-11-20 10:15:00,2468,683.3100000000001,0.43829545454545454
22340,NOEL GARLAND PAINTED ZINC,2010-12-06 10:08:00,2011-12-09 10:03:00,1398,787.2099999999999,0.766328125
22341,LOVE GARLAND PAINTED ZINC,2010-12-02 15:18:00,2011-12-08 10:53:00,453,827.6299999999999,2.4683333333333333
22342,HOME GARLAND PAINTED ZINC,2010-12-01 17:06:00,2011-12-09 10:03:00,997,1111.58,1.840078125
22343,PARTY PIZZA DISH RED RETROSPOT,2010-12-02 13:49:00,2011-12-08 18:15:00,1974,873.3299999999999,0.6028723404255318
22344,PARTY PIZZA DISH PINK POLKADOT,2010-12-05 15:21:00,2011-12-08 18:15:00,1225,459.81,0.6346052631578947
22345,PARTY PIZZA DISH BLUE POLKADOT,2010-12-01 14:32:00,2011-12-08 18:15:00,1117,399.05,0.5980821917808219
22346,PARTY PIZZA DISH GREEN POLKADOT,2010-12-05 15:21:00,2011-12-08 18:15:00,1034,381.09,0.5978333333333333
22348,TEA BAG PLATE RED RETROSPOT,2010-12-01 14:32:00,2011-12-09 10:03:00,4084,3583.29,1.0849861495844875
22349,DOG BOWL CHASING BALL DESIGN,2010-12-01 10:39:00,2011-12-05 17:28:00,1366,5381.5199999999995,4.129848484848485
22350,ILLUSTRATED CAT BOWL,2010-12-01 17:06:00,2011-12-08 17:57:00,1410,3822.1199999999994,3.13900826446281
22351,DOTCOMGIFTSHOP TEA TOWEL,2011-02-18 14:18:00,2011-06-29 15:58:00,13,23.089999999999996,2.4699999999999998
22352,LUNCH BOX WITH CUTLERY RETROSPOT,2010-12-01 09:37:00,2011-12-09 10:26:00,3088,7860.969999999999,3.321921487603306
22353,LUNCH BOX WITH CUTLERY FAIRY CAKES,2011-02-06 11:29:00,2011-05-08 12:58:00,60,153.0,2.55
22354,RETROSPOT PADDED SEAT CUSHION,2010-12-05 12:42:00,2011-12-06 16:26:00,750,2860.98,4.555903614457831
22355,CHARLOTTE BAG SUKI DESIGN,2010-12-01 14:05:00,2011-12-09 10:23:00,18124,29254.149999999998,1.2166067415730337
22356,CHARLOTTE BAG PINK POLKADOT,2010-12-01 14:32:00,2011-12-09 10:23:00,9716,11417.74,1.252092715231788
22357,KINGS CHOICE BISCUIT TIN,2010-12-01 12:03:00,2011-12-09 10:26:00,468,2175.04,5.333888888888889
22358,KINGS CHOICE TEA CADDY,2010-12-01 12:03:00,2011-12-09 10:26:00,698,2551.2200000000003,4.32796875
22359,GLASS JAR KINGS CHOICE,2010-12-01 14:32:00,2011-12-06 12:56:00,183,605.7700000000001,3.6571604938271607
22360,GLASS JAR ENGLISH CONFECTIONERY,2010-12-01 13:21:00,2011-12-08 12:43:00,1010,3192.82,3.937720930232558
22361,GLASS JAR DAISY FRESH COTTON WOOL,2010-12-01 14:32:00,2011-12-09 10:03:00,727,2592.33,4.470148698884758
22362,GLASS JAR PEACOCK BATH SALTS,2010-12-03 15:19:00,2011-12-09 10:03:00,408,1329.44,4.104586466165413
22363,GLASS JAR MARMALADE,2010-12-03 11:36:00,2011-12-08 11:15:00,480,1380.8,3.7919277108433738
22364,GLASS JAR DIGESTIVE BISCUITS,2010-12-01 13:21:00,2011-12-08 19:28:00,616,2001.32,4.1715757575757575
22365,DOORMAT RESPECTABLE HOUSE,2010-12-02 09:29:00,2011-12-08 16:30:00,789,5754.03,9.92530726256983
22366,DOORMAT AIRMAIL,2010-12-01 14:54:00,2011-12-08 17:57:00,800,6034.9,9.812318181818181
22367,CHILDRENS APRON SPACEBOY DESIGN,2010-12-01 11:57:00,2011-12-09 12:50:00,3749,7508.58,2.4254611211573236
22371,AIRLINE BAG VINTAGE TOKYO 78,2010-12-01 11:41:00,2011-12-09 10:26:00,1086,5072.32,5.208936708860759
22372,AIRLINE BAG VINTAGE WORLD CHAMPION,2010-12-01 12:31:00,2011-12-09 10:03:00,279,1289.49,5.0018918918918915
22374,AIRLINE BAG VINTAGE JET SET RED,2010-12-02 11:57:00,2011-12-09 10:26:00,546,2427.52,4.770178571428572
22375,AIRLINE BAG VINTAGE JET SET BROWN,2010-12-01 14:32:00,2011-12-08 16:30:00,346,1626.54,5.227005988023952
22376,AIRLINE BAG VINTAGE JET SET WHITE,2010-12-01 12:31:00,2011-12-08 09:28:00,252,1133.2,4.723548387096774
22377,BOTTLE BAG RETROSPOT,2010-12-06 10:08:00,2011-12-08 09:28:00,1330,2171.53,2.423816425120773
22378,WALL TIDY RETROSPOT,2010-12-01 14:32:00,2011-12-09 10:26:00,2283,3638.5699999999997,3.022176870748299
22379,RECYCLING BAG RETROSPOT,2010-12-01 09:45:00,2011-12-09 10:26:00,6896,15607.59,3.1890400000000003
22380,TOY TIDY SPACEBOY,2010-12-01 14:32:00,2011-12-09 10:03:00,1312,2815.46,2.6916433566433566
22381,TOY TIDY PINK POLKADOT,2010-12-01 09:45:00,2011-12-09 10:26:00,3439,7433.74,3.0202536997885834
22382,LUNCH BAG SPACEBOY DESIGN,2010-12-01 11:21:00,2011-12-08 16:30:00,10427,18031.31,2.0130927835051544
22383,LUNCH BAG SUKI  DESIGN,2010-12-01 11:29:00,2011-12-09 10:23:00,12518,22486.34,2.168208269525268
22384,LUNCH BAG PINK POLKADOT,2010-12-01 11:21:00,2011-12-09 10:26:00,10487,17388.99,2.031925522252498
22385,JUMBO BAG SPACEBOY DESIGN,2010-12-02 11:57:00,2011-12-08 16:30:00,8666,17071.59,2.6552167630057806
22386,JUMBO BAG PINK POLKADOT,2010-12-01 09:37:00,2011-12-09 12:19:00,21448,42401.01,2.598733766233766
22389,PAPERWEIGHT SAVE THE PLANET,2010-12-06 08:34:00,2011-12-08 19:24:00,338,641.55,2.582888888888889
22390,PAPERWEIGHT CHILDHOOD MEMORIES,2010-12-05 11:57:00,2011-12-08 15:54:00,266,440.34,2.7905555555555552
22391,PAPERWEIGHT HOME SWEET HOME,2010-12-10 14:53:00,2011-12-08 15:54:00,158,245.57999999999998,2.8731034482758617
22393,PAPERWEIGHT VINTAGE COLLAGE,2010-12-01 17:06:00,2011-12-08 16:58:00,510,736.88,2.9073239436619716
22394,PAPERWEIGHT KINGS CHOICE,2010-12-01 14:32:00,2011-12-09 11:20:00,168,230.67999999999998,2.640869565217391
22395,PAPERWEIGHT VINTAGE PAISLEY,2010-12-03 11:36:00,2011-12-08 16:58:00,152,220.04,3.3184848484848484
22396,MAGNETS PACK OF 4 RETRO PHOTO,2010-12-01 14:32:00,2011-12-09 10:03:00,1226,630.37,0.748828125
22398,MAGNETS PACK OF 4 SWALLOWS,2010-12-03 14:54:00,2011-12-09 12:31:00,2575,1589.12,0.7711111111111111
22399,MAGNETS PACK OF 4 CHILDHOOD MEMORY,2010-12-01 15:00:00,2011-12-02 10:47:00,1152,1347.08,1.326734693877551
22400,MAGNETS PACK OF 4 HOME SWEET HOME,2010-12-01 15:00:00,2011-12-07 13:38:00,1393,729.09,0.6709868421052632
22402,MAGNETS PACK OF 4 VINTAGE COLLAGE,2010-12-01 15:00:00,2011-12-08 13:50:00,1719,1033.16,0.6847368421052632
22403,MAGNETS PACK OF 4 VINTAGE LABELS,2010-12-05 11:10:00,2011-12-07 12:17:00,1322,689.28,0.89488
22405,MONEY BOX POCKET MONEY DESIGN,2010-12-01 17:06:00,2011-12-08 15:54:00,372,415.36,1.431857142857143
22406,MONEY BOX KINGS CHOICE DESIGN,2010-12-02 16:38:00,2011-12-08 15:31:00,346,403.46,1.5136904761904764
22407,MONEY BOX FIRST ADE DESIGN,2010-12-17 10:12:00,2011-12-07 09:35:00,94,99.28,1.2791666666666666
22408,MONEY BOX CONFECTIONERY DESIGN,2010-12-02 16:38:00,2011-12-06 12:11:00,145,162.44,1.496551724137931
22409,MONEY BOX BISCUITS DESIGN,2010-12-01 17:06:00,2011-12-06 12:56:00,228,299.72,1.5082456140350877
22410,MONEY BOX HOUSEKEEPING DESIGN,2010-12-16 18:18:00,2011-12-08 15:54:00,237,247.42000000000002,1.4191379310344827
22411,JUMBO SHOPPER VINTAGE RED PAISLEY,2010-12-01 09:41:00,2011-12-09 12:19:00,12574,28577.1,2.689254237288136
22412,METAL SIGN NEIGHBOURHOOD WITCH,2010-12-03 11:13:00,2011-11-10 16:15:00,911,1931.8500000000001,2.5650675675675676
22413,METAL SIGN TAKE IT OR LEAVE IT,2010-12-01 11:21:00,2011-12-08 13:47:00,3774,11095.94,3.3484375
22414,DOORMAT NEIGHBOURHOOD WITCH,2010-12-03 13:42:00,2011-12-08 10:53:00,279,2038.39,10.092842105263157
22415,WHITE TISSUE REAM,2010-12-05 11:45:00,2011-01-26 11:27:00,19,151.05,7.950000000000001
22416,SET OF 36 DOILIES SPACEBOY DESIGN,2010-12-06 09:58:00,2011-12-04 11:45:00,868,1210.82,1.5871052631578946
22417,PACK OF 60 SPACEBOY CAKE CASES,2010-12-01 11:29:00,2011-12-08 12:43:00,8420,4563.24,0.7674003795066414
22418,10 COLOUR SPACEBOY PEN,2010-12-01 11:41:00,2011-12-09 10:03:00,6564,5585.45,1.0559561128526644
22419,LIPSTICK PEN RED,2010-12-01 14:32:00,2011-12-09 10:03:00,3338,1673.1,0.6032490974729242
22420,LIPSTICK PEN BABY PINK,2010-12-01 17:06:00,2011-12-09 10:03:00,1333,611.3,0.5912499999999999
22421,LIPSTICK PEN FUSCHIA,2010-12-01 16:33:00,2011-12-09 10:03:00,2597,1347.1,0.6121395348837209
22422,TOOTHPASTE TUBE PEN,2010-12-01 14:32:00,2011-12-09 10:26:00,1273,776.1,1.0353846153846153
22423,REGENCY CAKESTAND 3 TIER,2010-12-01 12:27:00,2011-12-09 10:23:00,13851,174156.54,13.983936223218734
22424,ENAMEL BREAD BIN CREAM,2010-12-01 09:53:00,2011-12-09 10:26:00,873,12358.33,15.894339207048457
22425,ENAMEL COLANDER CREAM,2010-12-01 17:06:00,2011-12-08 10:53:00,460,2346.1200000000003,5.719939759036144
22426,ENAMEL WASH BOWL CREAM,2010-12-02 13:45:00,2011-12-08 11:21:00,742,2855.21,4.903253588516746
22427,ENAMEL FLOWER JUG CREAM,2010-12-01 09:53:00,2011-11-28 14:26:00,2106,12647.26,6.567013752455796
22428,ENAMEL FIRE BUCKET CREAM,2010-12-01 09:53:00,2011-12-08 09:28:00,246,1854.76,8.209649122807017
22429,ENAMEL MEASURING JUG CREAM,2010-12-01 12:54:00,2011-12-09 10:26:00,1262,5507.18,4.848253968253968
22430,ENAMEL WATERING CAN CREAM,2010-12-01 14:32:00,2011-12-08 12:07:00,617,3241.34,5.763367346938776
22431,WATERING CAN BLUE ELEPHANT,2010-12-02 10:39:00,2011-12-08 18:15:00,2058,3998.7099999999996,2.3188988095238097
22432,WATERING CAN PINK BUNNY,2010-12-01 14:32:00,2011-12-08 18:15:00,1716,3342.8199999999997,2.247849462365591
22433,WATERING CAN GREEN DINOSAUR,2010-12-02 10:39:00,2011-12-08 18:15:00,1394,2667.5,2.2754148471615716
22434,BALLOON PUMP WITH 10 BALLOONS,2010-12-02 10:17:00,2011-12-08 15:03:00,793,1570.41,2.126451612903226
22435,SET OF 9 HEART SHAPED BALLOONS,2010-12-01 11:21:00,2011-12-07 13:38:00,2757,3445.5,1.4632089552238805
22436,12 COLOURED PARTY BALLOONS,2010-12-02 13:32:00,2011-12-07 12:48:00,2134,1398.51,0.7042771084337349
22437,SET OF 9 BLACK SKULL BALLOONS,2010-12-01 14:32:00,2011-12-09 10:03:00,2828,2417.24,1.0173127753303963
22438,BALLOON ART MAKE YOUR OWN FLOWERS,2010-12-01 09:41:00,2011-12-08 15:31:00,1009,1034.9,1.7488
22439,6 ROCKET BALLOONS,2010-12-02 14:23:00,2011-12-08 16:30:00,1898,1293.22,0.7724875621890548
22440,BALLOON WATER BOMB PACK OF 35,2010-12-02 10:17:00,2011-12-06 11:58:00,6010,2375.04,0.4556050955414013
22441,GROW YOUR OWN BASIL IN ENAMEL MUG,2010-12-01 11:21:00,2011-12-09 10:03:00,1047,2292.9100000000003,2.5595475113122172
22442,GROW YOUR OWN FLOWERS SET OF 3,2010-12-02 12:18:00,2011-12-09 11:26:00,296,1241.3,6.787179487179487
22443,GROW YOUR OWN HERBS SET OF 3,2010-12-02 19:59:00,2011-08-05 15:38:00,164,1391.74,8.745333333333333
22444,GROW YOUR OWN PLANT IN A CAN,2010-12-01 13:24:00,2011-05-19 10:47:00,838,1106.62,1.7921052631578949
22445,PENCIL CASE LIFE IS BEAUTIFUL,2010-12-01 13:17:00,2011-12-08 14:39:00,534,1615.91,3.5214074074074078
22446,PIN CUSHION BABUSHKA PINK,2010-12-01 17:06:00,2011-12-09 10:03:00,439,1135.18,2.8105882352941176
22447,PIN CUSHION BABUSHKA BLUE,2010-12-01 17:06:00,2011-12-09 10:46:00,137,410.81,3.2939999999999996
22448,PIN CUSHION BABUSHKA RED,2010-12-01 17:06:00,2011-12-06 12:56:00,201,656.4300000000001,3.8984444444444444
22449,SILK PURSE BABUSHKA PINK,2010-12-01 10:52:00,2011-11-24 11:52:00,491,1583.95,3.25
22450,SILK PURSE BABUSHKA BLUE,2010-12-02 13:14:00,2011-11-28 15:34:00,194,657.76,3.5171186440677964
22451,SILK PURSE BABUSHKA RED,2010-12-01 11:21:00,2011-05-13 11:12:00,222,775.8000000000001,4.14686274509804
22452,MEASURING TAPE BABUSHKA PINK,2010-12-02 15:19:00,2011-12-06 14:23:00,722,1760.3100000000002,2.3233561643835614
22453,MEASURING TAPE BABUSHKA BLUE,2010-12-01 13:17:00,2011-12-08 15:03:00,442,1185.79,2.7555696202531643
22454,MEASURING TAPE BABUSHKA RED,2010-12-01 13:17:00,2011-11-16 11:05:00,266,757.0200000000001,3.0623809523809524
22456,NATURAL SLATE CHALKBOARD LARGE,2010-12-03 11:27:00,2011-12-09 10:26:00,1727,9534.67,6.674088050314466
22457,NATURAL SLATE HEART CHALKBOARD,2010-12-01 09:53:00,2011-12-09 10:26:00,9119,27991.61,3.59003187250996
22458,CAST IRON HOOK GARDEN FORK,2010-12-01 17:06:00,2011-04-20 11:05:00,523,1421.83,3.5356521739130433
22459,CAST IRON HOOK GARDEN TROWEL,2010-12-01 17:06:00,2011-04-27 11:47:00,386,1018.19,3.5335999999999994
22460,EMBOSSED GLASS TEALIGHT HOLDER,2010-12-02 10:39:00,2011-12-09 12:31:00,2546,3273.5,1.5488151658767773
22461,SAVOY ART DECO CLOCK,2010-12-05 16:24:00,2011-08-12 12:37:00,239,1453.5800000000002,10.390188679245282
22464,HANGING METAL HEART LANTERN,2010-12-01 09:53:00,2011-12-09 11:56:00,3402,5485.629999999999,1.9432294617563741
22465,HANGING METAL STAR LANTERN,2010-12-01 11:41:00,2011-12-09 11:56:00,2053,3141.5399999999995,1.87605
22466,FAIRY TALE COTTAGE NIGHTLIGHT,2010-12-01 09:58:00,2011-12-09 12:31:00,3069,5605.79,2.4860189573459714
22467,GUMBALL COAT RACK,2010-12-01 11:21:00,2011-12-09 10:03:00,7926,18798.670000000002,2.8794049346879533
22468,BABUSHKA LIGHTS STRING OF 10,2010-12-01 10:52:00,2011-12-08 10:53:00,517,3633.17,8.304117647058824
22469,HEART OF WICKER SMALL,2010-12-01 09:53:00,2011-12-09 11:34:00,17963,32094.6,1.959712879409352
22470,HEART OF WICKER LARGE,2010-12-01 09:53:00,2011-12-08 17:54:00,9887,30098.11,3.2850427350427354
22471,TV DINNER TRAY AIR HOSTESS,2010-12-01 14:32:00,2011-12-09 10:26:00,419,1502.02,5.730857142857143
22472,TV DINNER TRAY DOLLY GIRL,2010-12-01 11:57:00,2011-12-08 15:54:00,320,1527.01,6.182429906542056
22473,TV DINNER TRAY VINTAGE PAISLEY,2010-12-01 11:21:00,2011-12-08 15:54:00,503,1623.04,5.063124999999999
22474,SPACEBOY TV DINNER TRAY,2010-12-02 13:49:00,2011-12-09 10:26:00,303,1636.27,6.867651515151515
22475,SKULL DESIGN TV DINNER TRAY,2010-12-05 15:12:00,2011-12-08 17:54:00,313,1590.82,5.9325179856115104
22476,EMPIRE UNION JACK TV DINNER TRAY,2010-12-01 14:32:00,2011-12-09 09:07:00,880,2839.21,6.91288
22477,WATERING CAN GARDEN MARKER,2010-12-01 14:32:00,2011-12-08 16:30:00,1364,1967.9,1.7803937007874016
22478,BIRDHOUSE GARDEN MARKER,2010-12-01 14:32:00,2011-12-09 10:03:00,1537,2210.62,1.7830000000000001
22479,DAISY GARDEN MARKER,2010-12-01 14:32:00,2011-12-08 16:30:00,1139,1658.57,1.7758163265306122
22480,RED TEA TOWEL CLASSIC DESIGN,2010-12-01 12:15:00,2011-08-28 16:09:00,630,755.96,1.2952054794520547
22481,BLACK TEA TOWEL CLASSIC DESIGN,2010-12-01 12:49:00,2011-12-09 12:31:00,825,747.3,1.076846153846154
22482,BLUE TEA TOWEL CLASSIC DESIGN,2010-12-01 14:34:00,2011-07-05 13:07:00,478,565.86,1.2656603773584905
22483,RED GINGHAM TEDDY BEAR,2010-12-03 11:36:00,2011-12-08 16:30:00,770,2302.94,3.6001775147929
22485,SET OF 2 WOODEN MARKET CRATES,2010-12-01 12:40:00,2011-12-09 09:08:00,526,7190.349999999999,15.007980769230768
22486,PLASMATRONIC LAMP,2010-12-06 12:06:00,2011-12-09 10:03:00,71,446.45,8.1356
22487,WHITE WOOD GARDEN PLANT LADDER,2010-12-01 13:20:00,2011-12-08 12:28:00,784,7909.28,10.87100233100233
22488,NATURAL SLATE RECTANGLE CHALKBOARD,2010-12-01 11:41:00,2011-12-09 10:26:00,3195,5573.679999999999,2.071558752997602
22489,PACK OF 12 TRADITIONAL CRAYONS,2010-12-01 13:24:00,2011-12-09 10:03:00,9719,4072.13,0.5406053811659193
22491,PACK OF 12 COLOURED PENCILS,2010-12-02 10:35:00,2011-12-09 09:38:00,3947,3183.6299999999997,0.9124886877828055
22492,MINI PAINT SET VINTAGE,2010-12-01 08:45:00,2011-12-08 16:29:00,26633,16937.82,0.7850263157894737
22493,PAINT YOUR OWN CANVAS SET,2010-12-01 14:05:00,2011-12-08 16:29:00,2461,3986.64,1.9142342342342342
22494,EMERGENCY FIRST AID TIN,2010-12-01 13:24:00,2011-12-08 09:28:00,1088,1572.27,1.9077551020408163
22495,SET OF 2 ROUND TINS CAMEMBERT,2010-12-06 10:08:00,2011-12-09 10:46:00,282,748.82,3.648367346938776
22496,SET OF 2 ROUND TINS DUTCH CHEESE,2010-12-01 15:35:00,2011-12-09 09:07:00,253,535.11,3.0289873417721522
22497,SET OF 2 TINS VINTAGE BATHROOM,2010-12-01 14:32:00,2011-12-05 14:19:00,224,1140.9,5.889399999999999
22498,WOODEN REGATTA BUNTING,2010-12-07 11:59:00,2011-12-09 10:26:00,333,2116.04,6.843999999999999
22499,WOODEN UNION JACK BUNTING,2010-12-01 17:06:00,2011-12-07 10:35:00,2091,12792.25,6.789317073170731
22500,SET OF 2 TINS JARDIN DE PROVENCE,2010-12-01 12:23:00,2011-12-09 11:20:00,248,967.05,4.889270833333334
22501,PICNIC BASKET WICKER LARGE,2010-12-01 12:43:00,2011-11-06 15:01:00,1602,19302.26,14.401595505617978
22502,PICNIC BASKET WICKER SMALL,2010-12-01 10:29:00,2011-09-25 14:33:00,1937,51408.770000000004,10.30233905579399
22503,CABIN BAG VINTAGE PAISLEY,2010-12-01 17:06:00,2011-11-27 11:22:00,99,2010.12,22.510882352941177
22504,CABIN BAG VINTAGE RETROSPOT,2010-12-03 09:49:00,2011-12-05 16:37:00,247,4674.62,22.484117647058824
22505,MEMO BOARD COTTAGE DESIGN,2010-12-02 13:14:00,2011-12-09 11:59:00,1457,7084.42,5.665495207667732
22507,MEMO BOARD RETROSPOT  DESIGN,2010-12-02 09:29:00,2011-12-09 10:26:00,2960,14193.35,6.295599128540305
22508,DOORSTOP RETROSPOT HEART,2010-12-01 12:08:00,2011-12-08 16:30:00,1594,6525.88,4.5645945945945945
22509,SEWING BOX RETROSPOT DESIGN,2010-12-03 16:02:00,2011-12-08 18:03:00,209,2124.54,13.27546511627907
22510,GINGHAM BABUSHKA DOORSTOP,2010-12-08 13:03:00,2011-12-08 13:47:00,210,402.74,2.394285714285714
22511,RETROSPOT BABUSHKA DOORSTOP,2010-12-01 12:08:00,2011-12-08 13:47:00,251,495.2,2.802037037037037
22512,DOORSTOP RACING CAR DESIGN,2010-12-07 18:36:00,2011-12-06 13:45:00,122,269.71,3.3035135135135136
22513,DOORSTOP FOOTBALL DESIGN,2010-12-07 15:34:00,2011-12-09 09:07:00,152,539.9,4.666716417910448
22514,CHILDS GARDEN SPADE BLUE,2010-12-02 13:14:00,2011-12-08 16:30:00,302,704.45,2.528888888888889
22515,CHILDS GARDEN SPADE PINK,2010-12-01 14:32:00,2011-12-06 14:23:00,266,608.95,2.6092857142857144
22516,CHILDS GARDEN RAKE BLUE,2010-12-07 15:32:00,2011-12-08 16:30:00,206,494.89000000000004,2.73421875
22517,CHILDS GARDEN RAKE PINK,2010-12-01 14:32:00,2011-12-06 13:20:00,199,447.63000000000005,2.5105797101449276
22518,CHILDS GARDEN BRUSH BLUE,2010-12-03 11:28:00,2011-05-16 13:35:00,363,783.5400000000001,2.668024691358025
22519,CHILDS GARDEN BRUSH PINK,2010-12-01 14:32:00,2011-06-07 07:49:00,411,906.7500000000001,2.6006818181818185
22520,CHILDS GARDEN TROWEL BLUE,2010-12-14 12:30:00,2011-05-17 11:02:00,719,622.0999999999999,0.9045217391304348
22521,CHILDS GARDEN TROWEL PINK,2010-12-06 10:08:00,2011-05-05 15:47:00,609,525.51,0.9174285714285714
22522,CHILDS GARDEN FORK BLUE,2010-12-14 12:30:00,2011-12-08 13:50:00,930,772.59,0.8972307692307693
22523,CHILDS GARDEN FORK PINK,2010-12-06 10:08:00,2011-12-08 09:28:00,864,750.81,0.9484444444444444
22524,CHILDRENS GARDEN GLOVES BLUE,2010-12-01 17:24:00,2011-05-24 08:49:00,642,883.1999999999999,1.616829268292683
22525,CHILDRENS GARDEN GLOVES PINK,2010-12-03 11:13:00,2011-04-18 16:31:00,489,648.97,1.7722972972972975
22526,WHEELBARROW FOR CHILDREN,2010-12-09 14:09:00,2011-12-09 10:26:00,125,1720.26,14.447468354430379
22528,GARDENERS KNEELING PAD,2010-12-07 15:31:00,2010-12-07 15:31:00,1,3.36,3.36
22529,MAGIC DRAWING SLATE GO TO THE FAIR,2010-12-01 11:57:00,2011-12-08 19:57:00,851,349.03,0.46014285714285713
22530,MAGIC DRAWING SLATE DOLLY GIRL,2010-12-01 11:57:00,2011-12-08 16:29:00,3628,1516.46,0.5002978723404256
22531,MAGIC DRAWING SLATE CIRCUS PARADE,2010-12-01 11:45:00,2011-12-08 15:03:00,3382,1412.41,0.48830845771144277
22532,MAGIC DRAWING SLATE LEAP FROG,2010-12-05 12:35:00,2011-12-08 15:03:00,1072,366.75,0.4473333333333333
22533,MAGIC DRAWING SLATE BAKE A CAKE,2010-12-01 11:41:00,2011-12-08 13:50:00,1782,644.39,0.45761363636363633
22534,MAGIC DRAWING SLATE SPACEBOY,2010-12-01 11:57:00,2011-12-08 13:50:00,4496,1871.12,0.5057142857142857
22535,MAGIC DRAWING SLATE BUNNIES,2010-12-06 15:25:00,2011-12-02 13:54:00,1763,669.75,0.483955223880597
22536,MAGIC DRAWING SLATE PURDEY,2010-12-01 17:06:00,2011-12-08 16:29:00,4752,1803.95,0.44031847133757956
22537,MAGIC DRAWING SLATE DINOSAUR,2010-12-01 11:41:00,2011-12-05 12:16:00,1929,844.0,0.49179190751445084
22538,MINI JIGSAW GO TO THE FAIR,2010-12-08 14:25:00,2011-12-05 12:33:00,402,164.42000000000002,0.55875
22539,MINI JIGSAW DOLLY GIRL,2010-12-01 13:24:00,2011-12-09 10:20:00,2918,1129.32,0.56
22540,MINI JIGSAW CIRCUS PARADE,2010-12-01 08:45:00,2011-12-09 10:03:00,2519,960.86,0.5225
22541,MINI JIGSAW LEAP FROG,2010-12-08 14:25:00,2011-12-06 16:26:00,503,201.95,0.5651428571428571
22543,MINI JIGSAW BAKE A CAKE,2010-12-01 13:24:00,2011-12-08 19:28:00,1453,530.8,0.502
22544,MINI JIGSAW SPACEBOY,2010-12-01 08:45:00,2011-12-09 10:46:00,4518,1714.9199999999998,0.5311363636363636
22545,MINI JIGSAW BUNNIES,2010-12-01 14:32:00,2011-12-09 10:46:00,1142,435.67,0.5626666666666666
22546,MINI JIGSAW PURDEY,2010-12-03 11:36:00,2011-12-08 16:58:00,2103,799.9799999999999,0.5354651162790698
22547,MINI JIGSAW DINOSAUR,2010-12-01 13:24:00,2011-12-08 16:58:00,809,338.23,0.6317647058823529
22548,HEADS AND TAILS SPORTING FUN,2010-12-01 12:54:00,2011-11-13 13:42:00,1975,2348.94,1.4097641509433962
22549,PICTURE DOMINOES,2010-12-01 11:21:00,2011-12-09 12:16:00,3188,4798.38,1.9796408839779005
22550,HOLIDAY FUN LUDO,2010-12-01 14:32:00,2011-12-08 13:04:00,1162,4194.89,4.441428571428571
22551,PLASTERS IN TIN SPACEBOY,2010-12-01 11:57:00,2011-12-09 10:13:00,8074,13602.109999999999,1.864023494860499
22553,PLASTERS IN TIN SKULLS,2010-12-01 11:41:00,2011-12-09 10:26:00,4242,7132.119999999999,1.9751052631578947
22554,PLASTERS IN TIN WOODLAND ANIMALS,2010-12-01 11:57:00,2011-12-09 10:13:00,7803,13328.269999999999,1.9113445378151261
22555,PLASTERS IN TIN STRONGMAN,2010-12-01 13:24:00,2011-12-09 12:50:00,6010,9841.829999999998,1.8509351145038169
22556,PLASTERS IN TIN CIRCUS PARADE,2010-12-01 13:24:00,2011-12-09 12:50:00,6113,10061.859999999999,1.7862045060658576
22557,PLASTERS IN TIN VINTAGE PAISLEY,2010-12-01 11:57:00,2011-12-09 10:26:00,4712,7762.239999999999,1.900190972222222
22558,CLOTHES PEGS RETROSPOT PACK 24,2010-12-01 10:39:00,2011-12-09 10:03:00,8676,13325.869999999999,1.8339870967741934
22559,SEASIDE FLYING DISC,2010-12-02 11:35:00,2011-12-05 17:28:00,505,626.53,1.5980246913580247
22560,TRADITIONAL MODELLING CLAY,2010-12-01 14:32:00,2011-12-09 10:03:00,8144,9572.32,1.4223907455012852
22561,WOODEN SCHOOL COLOURING SET,2010-12-01 13:24:00,2011-12-09 11:34:00,5883,9741.57,1.777737556561086
22562,MONSTERS STENCIL CRAFT,2010-12-02 15:46:00,2011-12-08 13:50:00,1413,1763.3700000000001,1.366824644549763
22563,HAPPY STENCIL CRAFT,2010-12-05 11:10:00,2011-12-08 16:30:00,2823,3348.1800000000003,1.3495070422535211
22564,ALPHABET STENCIL CRAFT,2010-12-02 10:17:00,2011-12-08 13:50:00,2697,3057.27,1.3571505376344086
22565,FELTCRAFT HAIRBANDS PINK AND WHITE,2010-12-01 11:57:00,2011-12-09 10:03:00,933,872.67,1.1069127516778523
22566,FELTCRAFT HAIRBAND PINK AND PURPLE,2010-12-01 11:57:00,2011-12-09 10:03:00,873,789.78,1.0496078431372549
22567,20 DOLLY PEGS RETROSPOT,2010-12-01 13:24:00,2011-12-09 12:20:00,2448,3251.6,1.569642857142857
22568,FELTCRAFT CUSHION OWL,2010-12-01 11:45:00,2011-12-07 13:46:00,3373,12413.89,4.162959830866807
22569,FELTCRAFT CUSHION BUTTERFLY,2010-12-01 11:49:00,2011-10-25 09:31:00,2759,10110.83,4.278142857142857
22570,FELTCRAFT CUSHION RABBIT,2010-12-01 11:49:00,2011-11-18 14:14:00,3086,11204.97,4.297686375321336
22571,ROCKING HORSE RED CHRISTMAS,2010-12-01 12:27:00,2011-12-09 10:03:00,2434,2185.48,1.0800387596899224
22572,ROCKING HORSE GREEN CHRISTMAS,2010-12-01 15:35:00,2011-11-29 16:23:00,1380,1244.6699999999998,1.0617032967032967
22573,STAR WOODEN CHRISTMAS DECORATION,2010-12-01 12:23:00,2011-12-09 10:51:00,2684,2423.0,1.121936936936937
22574,HEART WOODEN CHRISTMAS DECORATION,2010-12-01 13:54:00,2011-12-09 10:03:00,2333,2199.5899999999997,1.113125
22575,METAL MERRY CHRISTMAS WREATH,2010-12-01 12:43:00,2011-12-05 16:03:00,636,1216.22,2.208021978021978
22576,SWALLOW WOODEN CHRISTMAS DECORATION,2010-12-01 15:35:00,2011-12-09 10:51:00,1538,1414.4599999999998,1.0933333333333333
22577,WOODEN HEART CHRISTMAS SCANDINAVIAN,2010-12-01 12:23:00,2011-12-09 10:03:00,10608,4075.3599999999997,0.4979783393501805
22578,WOODEN STAR CHRISTMAS SCANDINAVIAN,2010-12-01 15:40:00,2011-12-09 10:03:00,10460,3876.5399999999995,0.46971698113207544
22579,WOODEN TREE CHRISTMAS SCANDINAVIAN,2010-12-01 15:35:00,2011-11-28 15:54:00,5167,1988.0199999999998,0.5163896848137536
22580,ADVENT CALENDAR GINGHAM SACK,2010-12-01 11:57:00,2011-12-09 10:03:00,1311,6848.1900000000005,5.728536585365854
22581,WOOD STOCKING CHRISTMAS SCANDISPOT,2010-12-01 15:35:00,2011-12-09 10:03:00,1569,1137.28,0.8756043956043955
22582,PACK OF 6 SWEETIE GIFT BOXES,2010-12-01 12:23:00,2011-12-08 11:43:00,1061,2649.35,3.129326923076923
22583,PACK OF 6 HANDBAG GIFT BOXES,2010-12-01 12:43:00,2011-12-08 16:30:00,573,1570.3999999999999,3.28875
22584,PACK OF 6 PANNETONE GIFT BOXES,2010-12-01 13:17:00,2011-12-08 16:22:00,2330,5946.96,3.1074111675126903
22585,PACK OF 6 BIRDY GIFT TAGS,2010-12-01 12:08:00,2011-12-09 12:16:00,6221,7547.89,1.4756511056511057
22586,FELTCRAFT HAIRBAND PINK AND BLUE,2010-12-01 17:06:00,2011-12-09 10:03:00,856,774.55,1.0627777777777776
22587,FELTCRAFT HAIRBAND RED AND BLUE,2010-12-01 11:57:00,2011-12-08 16:30:00,918,830.52,1.0437037037037036
22588,CARD HOLDER GINGHAM HEART,2010-12-01 12:43:00,2011-12-08 16:30:00,684,2141.32,3.5053977272727277
22589,CARDHOLDER GINGHAM STAR,2010-12-01 14:32:00,2011-12-09 10:03:00,379,1212.82,3.6482716049382713
22591,CARDHOLDER GINGHAM CHRISTMAS TREE,2010-12-08 16:34:00,2011-12-09 10:03:00,413,1509.41,4.486511627906976
22592,CARDHOLDER HOLLY WREATH METAL,2010-12-01 14:41:00,2011-12-09 10:03:00,658,3021.12,5.085037037037037
22593,CHRISTMAS GINGHAM STAR,2010-12-01 11:57:00,2011-12-09 10:03:00,2263,2085.64,1.12425
22594,CHRISTMAS GINGHAM TREE,2010-12-01 11:57:00,2011-12-09 10:03:00,2006,1905.7699999999998,1.1763959390862944
22595,CHRISTMAS GINGHAM HEART,2010-12-01 11:57:00,2011-12-08 13:59:00,6788,5720.21,1.0276793248945149
22596,CHRISTMAS STAR WISH LIST CHALKBOARD,2011-06-13 13:44:00,2011-12-09 10:51:00,3476,4110.42,1.299132075471698
22597,CHRISTMAS MUSICAL ZINC HEART,2010-12-01 14:38:00,2011-12-09 10:03:00,2821,1247.49,0.6871578947368421
22598,CHRISTMAS MUSICAL ZINC TREE,2010-12-05 12:35:00,2011-12-09 10:03:00,990,446.2,0.6635416666666666
22599,CHRISTMAS MUSICAL ZINC STAR,2010-12-01 14:38:00,2011-12-09 10:03:00,1953,967.7599999999999,0.6486290322580645
22600,CHRISTMAS RETROSPOT STAR WOOD,2010-12-01 13:54:00,2011-12-09 10:03:00,1698,1543.2299999999998,1.070969387755102
22601,CHRISTMAS RETROSPOT ANGEL WOOD,2010-12-01 13:54:00,2011-12-09 10:03:00,2479,2219.83,1.0747029702970297
22602,CHRISTMAS RETROSPOT HEART WOOD,2010-12-01 17:06:00,2011-12-09 10:03:00,2215,2023.87,1.1233214285714286
22603,CHRISTMAS RETROSPOT TREE WOOD,2010-12-01 12:23:00,2011-12-08 16:30:00,1387,1235.3799999999999,1.078125
22604,SET OF 4 NAPKIN CHARMS CUTLERY,2010-12-01 12:43:00,2011-12-08 11:43:00,1251,3039.66,2.8548837209302325
22605,WOODEN CROQUET GARDEN SET,2010-12-01 14:32:00,2011-12-08 18:22:00,782,11276.21,16.2249
22606,WOODEN SKITTLES GARDEN SET,2010-12-06 11:01:00,2011-12-08 18:42:00,313,4638.46,16.473846153846154
22607,WOODEN ROUNDERS GARDEN SET,2010-12-01 13:17:00,2011-12-08 18:22:00,1327,12531.57,10.739052924791086
22608,PENS ASSORTED FUNKY JEWELED,2010-12-07 15:28:00,2011-12-09 10:03:00,5211,1114.6399999999999,0.33034722222222224
22609,PENS ASSORTED SPACEBALL,2010-12-03 11:36:00,2011-12-08 09:28:00,5874,1368.1,0.41865384615384615
22610,PENS ASSORTED FUNNY FACE,2010-12-01 11:41:00,2011-12-07 12:55:00,9572,2571.4,0.38857142857142857
22611,VINTAGE UNION JACK SHOPPING BAG,2010-12-07 18:36:00,2011-11-25 11:58:00,225,1077.03,5.553829787234043
22613,PACK OF 20 SPACEBOY NAPKINS,2010-12-06 09:58:00,2011-12-09 12:50:00,1538,1222.61,1.0078231292517008
22614,PACK OF 12 SPACEBOY TISSUES,2010-12-01 13:24:00,2011-12-09 10:03:00,3032,1024.2199999999998,0.45162162162162156
22615,PACK OF 12 CIRCUS PARADE TISSUES,2010-12-01 13:24:00,2011-12-09 10:03:00,2073,660.15,0.4941176470588235
22616,PACK OF 12 LONDON TISSUES,2010-12-01 11:57:00,2011-12-09 10:03:00,26119,7975.98,0.44826003824091776
22617,BAKING SET SPACEBOY DESIGN,2010-12-02 07:48:00,2011-12-09 09:38:00,2209,10745.050000000001,5.468758029978586
22618,COOKING SET RETROSPOT,2010-12-01 12:15:00,2011-05-06 19:37:00,69,671.53,10.612857142857141
22619,SET OF 6 SOLDIER SKITTLES,2010-12-01 10:29:00,2011-12-09 10:26:00,2480,9895.04,4.664125560538116
22620,4 TRADITIONAL SPINNING TOPS,2010-12-01 11:41:00,2011-12-09 10:03:00,4889,6782.21,1.6602857142857141
22621,TRADITIONAL KNITTING NANCY,2010-12-03 10:26:00,2011-12-09 12:09:00,6148,10053.65,1.8817932148626817
22622,BOX OF VINTAGE ALPHABET BLOCKS,2010-12-01 08:34:00,2011-12-09 12:16:00,1342,13931.31,12.382434456928838
22623,BOX OF VINTAGE JIGSAW BLOCKS,2010-12-01 08:34:00,2011-12-07 13:35:00,937,5236.31,6.208851063829787
22624,IVORY KITCHEN SCALES,2010-12-01 12:58:00,2011-12-09 12:08:00,1883,16378.710000000001,9.46253164556962
22625,RED KITCHEN SCALES,2010-12-01 12:58:00,2011-12-09 11:56:00,1620,14082.2,9.793315018315017
22626,BLACK KITCHEN SCALES,2010-12-01 12:58:00,2011-12-08 17:24:00,517,4401.86,9.169145728643217
22627,MINT KITCHEN SCALES,2010-12-01 13:20:00,2011-12-09 12:08:00,852,7521.89,9.536190476190477
22628,PICNIC BOXES SET OF 3 RETROSPOT,2010-12-03 11:28:00,2011-12-09 08:48:00,965,4620.91,5.667329842931937
22629,SPACEBOY LUNCH BOX,2010-12-01 08:45:00,2011-12-09 12:50:00,14249,25719.02,2.193337016574586
22630,DOLLY GIRL LUNCH BOX,2010-12-01 11:49:00,2011-12-09 10:03:00,11780,21609.789999999997,2.3315268065268064
22631,CIRCUS PARADE LUNCH BOX,2010-12-01 08:45:00,2011-12-09 12:50:00,3677,7199.57,2.614900497512438
22632,HAND WARMER RED POLKA DOT,2010-12-01 08:28:00,2011-12-09 10:26:00,4468,8982.830000000002,2.212280701754386
22633,HAND WARMER UNION JACK,2010-12-01 08:28:00,2011-12-09 10:20:00,4851,10023.720000000001,2.1974036511156188
22634,CHILDS BREAKFAST SET SPACEBOY,2010-12-01 13:17:00,2011-12-09 10:03:00,763,7161.3,10.312946428571427
22635,CHILDS BREAKFAST SET DOLLY GIRL,2010-12-01 13:17:00,2011-12-07 14:43:00,681,6412.33,10.368102564102564
22636,CHILDS BREAKFAST SET CIRCUS PARADE,2010-12-02 15:46:00,2011-12-08 15:03:00,595,5009.56,8.927575757575758
22637,PIGGY BANK RETROSPOT,2010-12-01 09:41:00,2011-11-27 11:22:00,2760,7111.18,3.1144072948328265
22638,SET OF 4 NAPKIN CHARMS CROWNS,2010-12-01 15:35:00,2011-12-08 13:50:00,300,481.88,2.2776923076923077
22639,SET OF 4 NAPKIN CHARMS HEARTS,2010-12-01 14:32:00,2011-12-08 09:20:00,805,1935.1599999999999,2.7926490066225167
22640,SET OF 4 NAPKIN CHARMS 3 KEYS,2010-12-01 15:35:00,2011-12-08 09:20:00,237,446.84,2.5242105263157892
22641,SET OF 4 NAPKIN CHARMS INSTRUMENT,2010-12-01 15:35:00,2011-12-07 15:07:00,139,303.72999999999996,2.5927027027027023
22642,SET OF 4 NAPKIN CHARMS STARS,2010-12-01 12:43:00,2011-12-08 13:50:00,269,596.36,2.645283018867924
22643,SET OF 4 NAPKIN CHARMS LEAVES,2010-12-01 12:43:00,2011-12-08 13:50:00,238,441.83,2.1975
22644,CERAMIC CHERRY CAKE MONEY BANK,2010-12-01 09:41:00,2011-12-09 11:20:00,2214,2986.97,2.1284420289855075
22645,CERAMIC HEART FAIRY CAKE MONEY BANK,2010-12-01 12:08:00,2011-12-09 11:20:00,2354,4709.74,2.2715211267605633
22646,CERAMIC STRAWBERRY CAKE MONEY BANK,2010-12-01 09:41:00,2011-12-09 11:20:00,4160,5684.17,2.054529262086514
22647,CERAMIC LOVE HEART MONEY BANK,2010-12-08 14:25:00,2011-12-08 15:54:00,732,466.18,1.405111111111111
22649,STRAWBERRY FAIRY CAKE TEAPOT,2010-12-01 17:06:00,2011-12-05 11:58:00,795,4132.88,6.036470588235295
22650,CERAMIC PIRATE CHEST MONEY BANK,2010-12-01 12:08:00,2011-12-09 10:03:00,851,1320.6999999999998,1.9219580419580418
22651,GENTLEMAN SHIRT REPAIR KIT,2010-12-01 12:31:00,2011-12-09 10:03:00,2166,1837.4699999999998,1.1379411764705882
22652,TRAVEL SEWING KIT,2010-12-01 10:39:00,2011-11-15 16:38:00,5091,8612.07,1.9708723404255317
22653,BUTTON BOX,2010-12-01 12:43:00,2011-12-09 10:03:00,1876,3378.5,1.9483399209486165
22654,DELUXE SEWING KIT,2010-12-01 10:19:00,2011-12-09 10:26:00,1411,9893.0,7.752151515151516
22655,VINTAGE RED KITCHEN CABINET,2010-12-02 18:06:00,2011-11-01 15:06:00,60,8125.0,143.42105263157896
22656,VINTAGE BLUE KITCHEN CABINET,2010-12-13 15:44:00,2011-10-12 13:14:00,26,3685.0,146.75
22659,LUNCH BOX I LOVE LONDON,2010-12-01 08:45:00,2011-12-09 10:26:00,11504,20781.649999999998,2.3154016620498616
22660,DOORMAT I LOVE LONDON,2010-12-01 15:35:00,2011-12-07 12:48:00,364,2678.96,9.895098039215686
22661,CHARLOTTE BAG DOLLY GIRL DESIGN,2010-12-01 08:45:00,2011-12-08 16:30:00,5194,4214.95,0.9770883054892601
22662,LUNCH BAG DOLLY GIRL DESIGN,2010-12-01 09:56:00,2011-12-09 10:03:00,6706,11060.88,1.9342608695652173
22663,JUMBO BAG DOLLY GIRL DESIGN,2010-12-01 09:56:00,2011-12-09 10:26:00,3419,7051.2,2.5757427937915747
22664,TOY TIDY DOLLY GIRL DESIGN,2010-12-01 11:45:00,2011-12-09 10:20:00,713,1472.85,2.869320987654321
22665,RECIPE BOX BLUE SKETCHBOOK DESIGN,2010-12-01 13:24:00,2011-11-25 11:36:00,1516,5192.08,4.052696629213483
22666,RECIPE BOX PANTRY YELLOW DESIGN,2010-12-01 13:24:00,2011-12-09 10:26:00,8269,26219.95,3.7048793565683646
22667,RECIPE BOX RETROSPOT,2010-12-01 13:24:00,2011-12-09 08:48:00,2882,8045.1,3.0373885350318472
22668,PINK BABY BUNTING,2010-12-01 17:06:00,2011-12-08 12:43:00,2179,6677.969999999999,4.122405797101449
22669,RED BABY BUNTING,2010-12-01 14:32:00,2011-12-08 12:43:00,1128,3559.0,3.7677777777777783
22670,FRENCH WC SIGN BLUE METAL,2010-12-01 12:22:00,2011-12-09 08:48:00,1882,2516.75,1.6347194719471947
22671,FRENCH LAUNDRY SIGN BLUE METAL,2010-12-03 17:28:00,2011-12-08 16:30:00,962,1608.6999999999998,2.1616666666666666
22672,FRENCH BATHROOM SIGN BLUE METAL,2010-12-02 10:45:00,2011-12-08 16:18:00,1476,2511.22,2.0876923076923077
22673,FRENCH GARDEN SIGN BLUE METAL,2010-12-01 17:06:00,2011-12-08 12:26:00,791,1016.08,1.490530303030303
22674,FRENCH TOILET SIGN BLUE METAL,2010-12-05 12:57:00,2011-12-08 17:37:00,1346,1692.72,1.5178421052631579
22675,FRENCH KITCHEN SIGN BLUE METAL,2010-12-01 14:32:00,2011-12-08 16:30:00,1240,1555.16,1.5539156626506023
22676,FRENCH BLUE METAL DOOR SIGN 1,2010-12-02 10:45:00,2011-12-09 10:26:00,1155,1578.39,1.6345500000000002
22677,FRENCH BLUE METAL DOOR SIGN 2,2010-12-06 10:08:00,2011-12-02 17:12:00,1001,1389.07,1.7276190476190476
22678,FRENCH BLUE METAL DOOR SIGN 3,2010-12-01 14:41:00,2011-12-08 16:30:00,843,1151.56,1.671125
22679,FRENCH BLUE METAL DOOR SIGN 4,2010-12-07 15:34:00,2011-12-08 16:30:00,740,1023.03,1.7244736842105264
22680,FRENCH BLUE METAL DOOR SIGN 5,2010-12-01 13:31:00,2011-12-08 09:28:00,842,1157.79,1.6518709677419356
22681,FRENCH BLUE METAL DOOR SIGN 6,2010-12-06 13:41:00,2011-12-05 17:24:00,710,973.15,1.680703125
22682,FRENCH BLUE METAL DOOR SIGN 7,2010-12-06 10:08:00,2011-12-06 15:36:00,677,896.75,1.5951754385964911
22683,FRENCH BLUE METAL DOOR SIGN 8,2010-12-06 11:26:00,2011-12-02 11:53:00,644,871.49,1.6489166666666668
22684,FRENCH BLUE METAL DOOR SIGN 9,2010-12-05 13:17:00,2011-12-09 10:26:00,531,726.07,1.704
22685,FRENCH BLUE METAL DOOR SIGN 0,2010-12-06 11:26:00,2011-12-08 16:30:00,594,780.8,1.5481818181818183
22686,FRENCH BLUE METAL DOOR SIGN NO,2010-12-01 14:41:00,2011-12-08 15:31:00,993,1308.38,1.8928481012658227
22687,DOORMAT CHRISTMAS VILLAGE,2011-03-17 18:18:00,2011-12-08 09:28:00,590,3354.22,11.319807692307693
22688,DOORMAT PEACE ON EARTH BLUE,2010-12-01 13:23:00,2011-12-08 14:38:00,705,3519.6600000000003,9.140625
22689,DOORMAT MERRY CHRISTMAS RED,2010-12-09 12:32:00,2011-11-28 15:54:00,673,5176.25,10.198027210884353
22690,DOORMAT HOME SWEET HOME BLUE,2010-12-05 16:24:00,2011-12-08 19:29:00,1619,9943.7,8.34332167832168
22691,DOORMAT WELCOME SUNRISE,2010-12-06 11:26:00,2011-12-08 13:36:00,371,2678.77,9.365499999999999
22692,DOORMAT WELCOME TO OUR HOME,2010-12-01 17:06:00,2011-12-08 17:57:00,1522,11539.06,9.598148984198644
22693,GROW A FLYTRAP OR SUNFLOWER IN TIN,2010-12-06 17:26:00,2011-12-09 10:03:00,16244,17927.45,1.4859344262295082
22694,WICKER STAR,2010-12-01 11:57:00,2011-12-09 11:34:00,1842,4251.72,2.5493430656934306
22695,WICKER WREATH SMALL,2010-12-01 11:57:00,2011-12-09 12:20:00,741,1001.49,1.74696
22696,WICKER WREATH LARGE,2010-12-01 15:37:00,2011-12-07 12:19:00,729,1452.55,2.3487179487179484
22697,GREEN REGENCY TEACUP AND SAUCER,2010-12-01 12:51:00,2011-12-09 10:26:00,7278,22755.5,3.835362035225049
22698,PINK REGENCY TEACUP AND SAUCER,2010-12-09 11:28:00,2011-12-09 12:20:00,5788,17445.56,3.708229166666667
22699,ROSES REGENCY TEACUP AND SAUCER,2010-12-01 12:50:00,2011-12-09 10:26:00,9864,29056.920000000002,3.661425908667288
22700,BLACK AND WHITE DOG BOWL,2010-12-06 13:13:00,2011-10-07 13:17:00,1196,2602.18,2.634807692307693
22701,PINK DOG BOWL,2010-12-03 15:19:00,2011-12-09 10:03:00,549,922.89,2.5988793103448278
22702,BLACK AND WHITE CAT BOWL,2010-12-03 11:35:00,2011-12-02 16:39:00,1363,2684.6499999999996,2.037755102040816
22703,PINK CAT BOWL,2010-12-08 17:20:00,2011-12-09 10:03:00,360,583.33,1.754390243902439
22704,WRAP RED APPLES,2010-12-01 13:23:00,2011-12-09 12:20:00,5253,2158.26,0.41908045977011493
22705,WRAP GREEN PEARS,2010-12-02 14:42:00,2011-12-06 12:18:00,1883,790.86,0.41999999999999993
22706,WRAP COWBOYS,2010-12-01 11:41:00,2011-12-07 10:12:00,2057,847.94,0.4188732394366197
22707,WRAP MONSTER FUN,2010-12-19 14:41:00,2011-12-02 10:22:00,1257,527.94,0.42
22708,WRAP DOLLY GIRL,2010-12-08 10:38:00,2011-12-08 10:24:00,2800,1160.0,0.4192
22709,WRAP WEDDING DAY,2011-01-05 13:57:00,2011-12-08 11:25:00,1325,528.5,0.41641025641025636
22710,WRAP I LOVE LONDON,2010-12-08 10:45:00,2011-12-06 11:39:00,4501,1774.42,0.4163461538461538
22711,WRAP CIRCUS PARADE,2010-12-14 12:11:00,2011-12-09 12:16:00,2902,1202.84,0.4192233009708738
22712,CARD DOLLY GIRL,2010-12-01 12:35:00,2011-12-09 10:03:00,4435,1822.2,0.5486261980830671
22713,CARD I LOVE LONDON,2010-12-01 12:31:00,2011-12-09 10:03:00,3441,1437.36,0.5413761467889908
22714,CARD BIRTHDAY COWBOY,2010-12-01 11:41:00,2011-12-09 10:03:00,3487,1415.73,0.5433333333333333
22715,CARD WEDDING DAY,2010-12-06 10:08:00,2011-11-27 13:26:00,1543,645.64,0.5171538461538462
22716,CARD CIRCUS PARADE,2010-12-01 11:41:00,2011-12-09 10:13:00,3201,1360.91,0.5248611111111111
22717,CARD DOG AND BALL,2010-12-02 10:39:00,2011-12-09 10:03:00,1229,535.78,0.5551908396946565
22718,CARD CAT AND TREE,2010-12-02 10:39:00,2011-12-07 17:05:00,1633,717.23,0.5764285714285714
22719,GUMBALL MONOCHROME COAT RACK,2010-12-01 09:41:00,2011-05-10 15:03:00,620,895.72,2.0745454545454542
22720,SET OF 3 CAKE TINS PANTRY DESIGN,2010-12-13 15:13:00,2011-12-09 10:03:00,7483,38108.89,5.83371408045977
22721,SET OF 3 CAKE TINS SKETCHBOOK,2010-12-14 11:48:00,2011-12-09 12:20:00,1020,4671.81,5.396275167785235
22722,SET OF 6 SPICE TINS PANTRY DESIGN,2010-12-13 15:13:00,2011-12-09 10:26:00,5966,24436.260000000002,4.676517119244393
22723,SET OF 6 HERB TINS SKETCHBOOK,2010-12-13 15:13:00,2011-12-09 08:39:00,1164,4262.820000000001,4.301208053691275
22725,ALARM CLOCK BAKELIKE CHOCOLATE,2010-12-01 16:25:00,2011-12-09 10:23:00,1980,8153.6,4.783640552995392
22726,ALARM CLOCK BAKELIKE GREEN,2010-12-01 08:45:00,2011-12-09 12:50:00,6419,27155.28,4.54201213346815
22727,ALARM CLOCK BAKELIKE RED,2010-12-01 08:45:00,2011-12-09 12:50:00,7800,30644.87,4.396880301602262
22728,ALARM CLOCK BAKELIKE PINK,2010-12-01 08:45:00,2011-12-09 12:50:00,5356,20672.15,4.579835651074589
22729,ALARM CLOCK BAKELIKE ORANGE,2010-12-01 10:47:00,2011-12-04 14:51:00,2323,9068.95,4.514446902654867
22730,ALARM CLOCK BAKELIKE IVORY,2010-12-01 10:47:00,2011-12-09 12:50:00,2885,11453.4,4.418076923076923
22731,3D CHRISTMAS STAMPS STICKERS,2010-12-01 12:23:00,2011-12-07 12:48:00,1172,1536.24,1.5102083333333334
22732,3D VINTAGE CHRISTMAS STICKERS,2010-12-03 12:11:00,2011-12-07 13:53:00,1645,2162.75,1.5677894736842104
22733,3D TRADITIONAL CHRISTMAS STICKERS,2010-12-02 11:35:00,2011-12-09 10:26:00,1583,2095.08,1.5160696517412937
22734,SET OF 6 RIBBONS VINTAGE CHRISTMAS,2010-12-01 14:32:00,2011-12-09 10:51:00,3261,10610.04,3.5106250000000006
22735,RIBBON REEL SOCKS AND MITTENS,2010-12-01 12:23:00,2011-12-09 10:23:00,741,1379.21,2.5397857142857143
22736,RIBBON REEL MAKING SNOWMEN,2010-12-01 11:41:00,2011-12-09 12:16:00,1222,2297.1,2.3843612334801763
22737,RIBBON REEL CHRISTMAS PRESENT,2010-12-01 12:23:00,2011-12-08 11:25:00,1388,2694.15,2.3409022556390977
22738,RIBBON REEL SNOWY VILLAGE,2010-12-01 11:57:00,2011-12-09 10:23:00,2173,3829.67,2.3363176895306856
22739,RIBBON REEL CHRISTMAS SOCK BAUBLE,2010-12-01 11:57:00,2011-12-08 16:30:00,1818,3556.97,2.3681619937694705
22740,POLKADOT PEN,2010-12-01 13:31:00,2011-09-26 13:57:00,6842,5793.62,1.1349411764705881
22741,FUNKY DIVA PEN,2010-12-01 14:32:00,2011-12-09 10:03:00,8547,7363.86,1.107905982905983
22742,MAKE YOUR OWN PLAYTIME CARD KIT,2010-12-01 12:23:00,2011-12-08 15:54:00,639,1323.5700000000002,3.0383168316831686
22743,MAKE YOUR OWN FLOWERPOWER CARD KIT,2010-12-01 13:17:00,2011-12-08 16:30:00,930,2408.54,3.649323671497585
22744,MAKE YOUR OWN MONSOON CARD KIT,2010-12-01 12:23:00,2011-12-08 20:01:00,867,2084.8500000000004,3.1233333333333335
22745,POPPY'S PLAYHOUSE BEDROOM,2010-12-01 08:34:00,2011-12-09 10:03:00,2021,4661.79,2.546305882352941
22746,POPPY'S PLAYHOUSE LIVINGROOM,2010-12-01 17:06:00,2011-12-08 16:30:00,1447,3236.5400000000004,2.5151975683890577
22747,POPPY'S PLAYHOUSE BATHROOM,2010-12-01 17:06:00,2011-12-09 08:59:00,954,2080.85,2.4989956331877727
22748,POPPY'S PLAYHOUSE KITCHEN,2010-12-01 08:34:00,2011-12-09 10:03:00,2117,4880.83,2.4816628701594534
22749,FELTCRAFT PRINCESS CHARLOTTE DOLL,2010-12-01 08:34:00,2011-12-09 10:03:00,2362,9216.16,4.118048245614035
22750,FELTCRAFT PRINCESS LOLA DOLL,2010-12-01 11:57:00,2011-12-08 15:36:00,2001,7491.83,4.061346153846154
22751,FELTCRAFT PRINCESS OLIVIA DOLL,2010-12-01 11:49:00,2011-12-09 10:03:00,1563,5801.47,4.235924657534247
22752,SET 7 BABUSHKA NESTING BOXES,2010-12-01 08:26:00,2011-12-08 18:22:00,1787,14427.970000000001,9.79502617801047
22753,SMALL YELLOW BABUSHKA NOTEBOOK,2010-12-01 14:41:00,2011-12-09 11:20:00,1010,758.13,0.9668036529680365
22754,SMALL RED BABUSHKA NOTEBOOK,2010-12-01 12:43:00,2011-12-09 11:20:00,1951,1350.4699999999998,1.0024253731343282
22755,SMALL PURPLE BABUSHKA NOTEBOOK,2010-12-01 14:32:00,2011-12-09 11:20:00,1687,1187.96,0.9793280632411067
22756,LARGE YELLOW BABUSHKA NOTEBOOK,2010-12-01 17:06:00,2011-12-08 18:03:00,599,656.52,1.4316260162601626
22757,LARGE RED BABUSHKA NOTEBOOK,2010-12-01 14:32:00,2011-12-09 10:03:00,1096,1167.74,1.5376073619631903
22758,LARGE PURPLE BABUSHKA NOTEBOOK,2010-12-01 14:32:00,2011-12-09 10:03:00,1195,1110.25,1.4949720670391062
22759,SET OF 3 NOTEBOOKS IN PARCEL,2010-12-01 11:49:00,2011-11-30 11:08:00,5435,9027.439999999999,2.050720930232558
22760,"TRAY, BREAKFAST IN BED",2010-12-01 12:43:00,2011-09-05 10:00:00,275,3491.8599999999997,14.710749999999999
22761,CHEST 7 DRAWER MA CAMPAGNE,2010-12-02 11:45:00,2011-12-02 15:25:00,36,895.38,25.533846153846152
22762,CUPBOARD 3 DRAWER MA CAMPAGNE,2010-12-03 11:36:00,2011-12-07 11:06:00,171,2786.0299999999997,17.674464285714286
22763,KEY CABINET MA CAMPAGNE,2010-12-02 17:41:00,2011-12-09 10:03:00,206,2176.3199999999997,11.311666666666666
22764,"RUSTIC WOODEN CABINET, GLASS DOORS",2011-01-25 10:45:00,2011-03-25 12:10:00,5,174.76999999999998,33.28666666666667
22765,NEWSPAPER STAND,2010-12-01 15:35:00,2010-12-09 14:09:00,27,316.95000000000005,19.874000000000002
22766,PHOTO FRAME CORNICE,2010-12-01 11:21:00,2011-12-08 15:54:00,3267,9755.09,3.213877952755906
22767,TRIPLE PHOTO FRAME CORNICE,2010-12-01 11:21:00,2011-12-08 15:54:00,774,7173.549999999999,10.27288990825688
22768,FAMILY PHOTO FRAME CORNICE,2010-12-01 11:21:00,2011-12-09 10:03:00,867,8258.59,10.96038314176245
22769,CHALKBOARD KITCHEN ORGANISER,2010-12-01 14:32:00,2011-01-04 13:25:00,11,366.73,37.61
22770,MIRROR CORNICE,2010-12-05 13:49:00,2011-12-04 14:55:00,94,1515.68,16.29064516129032
22771,CLEAR DRAWER KNOB ACRYLIC EDWARDIAN,2010-12-01 09:41:00,2011-12-08 09:20:00,6539,8930.44,1.5675615212527965
22772,PINK DRAWER KNOB ACRYLIC EDWARDIAN,2010-12-01 11:29:00,2011-12-08 09:28:00,3793,5116.7,1.66984375
22773,GREEN DRAWER KNOB ACRYLIC EDWARDIAN,2010-12-01 11:29:00,2011-12-07 12:49:00,2075,2739.4,1.5244102564102564
22774,RED DRAWER KNOB ACRYLIC EDWARDIAN,2010-12-01 09:41:00,2011-12-07 11:42:00,2254,2871.75,1.5968794326241134
22775,PURPLE DRAWERKNOB ACRYLIC EDWARDIAN,2010-12-01 11:57:00,2011-12-08 16:30:00,3105,4469.37,1.743677685950413
22776,SWEETHEART CAKESTAND 3 TIER,2010-12-01 12:49:00,2011-12-09 10:26:00,1244,13078.779999999999,11.44487895716946
22777,GLASS BELL JAR LARGE,2010-12-02 10:53:00,2011-07-21 18:21:00,352,2951.53,10.673793103448277
22778,GLASS CLOCHE SMALL,2010-12-01 09:41:00,2011-11-24 12:48:00,808,3146.82,4.897432432432433
22779,WOODEN OWLS LIGHT GARLAND,2010-12-01 09:58:00,2011-12-08 12:57:00,1537,5789.85,4.183509933774834
22780,LIGHT GARLAND BUTTERFILES PINK,2010-12-01 09:58:00,2011-12-08 12:57:00,1346,5044.34,4.1853731343283584
22781,GUMBALL MAGAZINE RACK,2010-12-01 13:51:00,2011-12-08 16:30:00,621,5191.01,9.835818965517243
22782,SET 3 WICKER STORAGE BASKETS,2010-12-13 15:46:00,2011-12-07 11:42:00,241,3399.95,19.355405405405406
22783,SET 3 WICKER OVAL BASKETS W LIDS,2010-12-01 09:45:00,2011-06-14 11:28:00,463,5961.25,14.623939393939393
22784,LANTERN CREAM GAZEBO,2010-12-01 12:36:00,2011-12-08 19:55:00,1272,6360.99,5.675478547854786
22785,SQUARECUSHION COVER PINK UNION FLAG,2010-12-01 11:45:00,2011-12-09 10:46:00,245,1087.57,7.300540540540541
22786,CUSHION COVER PINK UNION JACK,2010-12-01 14:41:00,2011-12-07 14:12:00,123,764.63,7.620212765957446
22788,BROCANTE COAT RACK,2010-12-01 17:06:00,2011-06-15 13:05:00,220,2025.96,12.059666666666665
22789,T-LIGHT HOLDER SWEETHEART HANGING,2010-12-07 15:28:00,2011-12-08 14:38:00,844,1657.02,2.159928057553957
22791,T-LIGHT GLASS FLUTED ANTIQUE,2010-12-01 13:54:00,2011-12-09 08:59:00,7955,9873.880000000001,1.5130057803468209
22792,FLUTED ANTIQUE CANDLE HOLDER,2010-12-01 14:32:00,2011-12-08 16:30:00,2785,2622.93,1.1530582524271844
22794,SWEETHEART WIRE MAGAZINE RACK,2010-12-01 14:41:00,2011-12-09 12:00:00,326,2784.9,9.025934065934067
22795,SWEETHEART RECIPE BOOK STAND,2010-12-01 14:41:00,2011-12-09 10:26:00,1211,8571.25,8.111132075471698
22796,PHOTO FRAME 3 CLASSIC HANGING,2010-12-02 11:35:00,2011-12-08 15:54:00,582,5787.45,10.461965811965811
22797,CHEST OF DRAWERS GINGHAM HEART,2010-12-01 13:31:00,2011-12-07 08:38:00,163,2851.3599999999997,18.919890109890108
22798,ANTIQUE GLASS DRESSING TABLE POT,2010-12-01 09:45:00,2011-12-09 10:20:00,1798,5561.3,3.781310861423221
22799,SWEETHEART WIRE FRUIT BOWL,2010-12-05 11:12:00,2011-12-06 12:26:00,207,1623.08,8.717191011235956
22800,ANTIQUE TALL SWIRLGLASS TRINKET POT,2010-12-01 13:51:00,2011-12-09 10:03:00,870,3560.74,4.955615763546798
22801,ANTIQUE GLASS PEDESTAL BOWL,2010-12-01 13:51:00,2011-12-08 16:30:00,1027,4203.89,4.729107142857143
22802,FAUX FUR CHOCOLATE THROW,2010-12-01 14:48:00,2011-12-07 12:19:00,87,1474.74,18.740408163265304
22803,IVORY EMBROIDERED QUILT,2010-12-01 10:51:00,2011-11-13 14:44:00,54,2038.0900000000001,38.972903225806455
22804,CANDLEHOLDER PINK HANGING HEART,2010-12-01 11:21:00,2011-12-08 10:59:00,3131,8102.950000000001,3.1792708333333337
22805,BLUE DRAWER KNOB ACRYLIC EDWARDIAN,2010-12-01 11:29:00,2011-12-09 10:23:00,1890,2576.03,1.675846153846154
22806,SET OF 6 T-LIGHTS WEDDING CAKE,2010-12-02 13:06:00,2011-12-08 12:07:00,260,677.0400000000001,3.388421052631579
22807,SET OF 6 T-LIGHTS TOADSTOOLS,2010-12-01 11:57:00,2011-12-09 10:46:00,818,2417.73,3.7699492385786804
22808,SET OF 6 T-LIGHTS EASTER CHICKS,2010-12-05 13:42:00,2011-12-09 10:46:00,345,1038.8700000000001,3.601466666666667
22809,SET OF 6 T-LIGHTS SANTA,2010-12-01 11:21:00,2011-12-09 10:03:00,1240,3781.2000000000003,3.5039805825242722
22810,SET OF 6 T-LIGHTS SNOWMEN,2010-12-01 11:21:00,2011-12-05 17:36:00,944,3022.0800000000004,3.5977108433734943
22811,SET OF 6 T-LIGHTS CACTI,2010-12-03 11:36:00,2011-12-09 10:46:00,881,2419.29,3.8372477064220183
22812,PACK 3 BOXES CHRISTMAS PANNETONE,2010-12-01 11:41:00,2011-12-05 16:04:00,1725,3608.2999999999997,2.820315789473684
22813,PACK 3 BOXES BIRD PANNETONE,2010-12-01 11:41:00,2011-12-09 10:26:00,2372,4640.78,2.645229357798165
22814,CARD PARTY GAMES,2010-12-01 13:24:00,2011-12-09 10:03:00,2129,888.47,0.4929361702127659
22815,CARD PSYCHEDELIC APPLES,2010-12-01 13:17:00,2011-12-09 10:03:00,2628,1118.84,0.4901492537313432
22816,CARD MOTORBIKE SANTA,2010-12-01 14:32:00,2011-12-09 12:20:00,3987,1691.76,0.4599253731343283
22817,CARD SUKI BIRTHDAY,2010-12-05 14:45:00,2011-12-09 10:03:00,2639,1114.81,0.48220689655172416
22818,CARD CHRISTMAS VILLAGE,2010-12-01 14:32:00,2011-12-09 10:03:00,3633,1550.4,0.46090163934426226
22819,"BIRTHDAY CARD, RETRO SPOT",2010-12-01 13:23:00,2011-12-09 10:03:00,2608,1104.81,0.4670740740740741
22820,GIFT BAG BIRTHDAY,2010-12-08 15:38:00,2011-12-02 16:39:00,940,575.4200000000001,0.6137179487179487
22821,GIFT BAG PSYCHEDELIC APPLES,2010-12-02 14:40:00,2011-12-09 10:03:00,1171,722.6700000000001,0.7051079136690648
22822,CREAM WALL PLANTER HEART SHAPED,2010-12-01 14:32:00,2011-12-08 14:39:00,433,2582.75,6.442974683544304
22823,CHEST NATURAL WOOD 20 DRAWERS,2010-12-21 10:26:00,2011-11-15 12:09:00,24,2745.0,118.07692307692308
22824,3 TIER SWEETHEART GARDEN SHELF,2010-12-09 14:50:00,2011-11-23 08:17:00,55,1938.2500000000002,35.67093023255814
22825,DECORATIVE PLANT POT WITH FRIEZE,2010-12-01 13:31:00,2011-11-27 14:30:00,73,584.37,8.479285714285714
22826,LOVE SEAT ANTIQUE WHITE METAL,2010-12-10 15:45:00,2011-11-23 12:13:00,58,6210.0,114.02439024390245
22827,RUSTIC  SEVENTEEN DRAWER SIDEBOARD,2010-12-01 10:29:00,2011-11-17 19:58:00,35,5415.0,158.07692307692307
22828,REGENCY MIRROR WITH SHUTTERS,2010-12-08 16:11:00,2011-11-16 09:32:00,10,1530.0,156.42857142857142
22829,SWEETHEART WIRE WALL TIDY,2010-12-01 12:08:00,2011-11-11 14:50:00,227,2295.43,10.87275229357798
22830,UTILTY CABINET WITH HOOKS,2010-12-05 13:08:00,2011-01-16 13:25:00,131,2610.29,21.771666666666665
22831,WHITE BROCANTE SOAP DISH,2010-12-01 17:06:00,2011-12-01 15:11:00,706,2070.9,3.319105691056911
22832,BROCANTE SHELF WITH HOOKS,2010-12-02 11:20:00,2011-11-29 14:58:00,162,1781.82,11.533157894736842
22833,HALL CABINET WITH 3 DRAWERS,2010-12-05 16:24:00,2011-02-03 11:39:00,76,2603.5299999999997,56.508
22834,HAND WARMER BABUSHKA DESIGN,2010-12-01 11:57:00,2011-12-09 11:59:00,4941,7105.33,2.229490616621984
22835,HOT WATER BOTTLE I AM SO POORLY,2010-12-01 10:52:00,2011-12-09 10:23:00,3441,17892.96,5.887280966767372
22837,HOT WATER BOTTLE BABUSHKA,2010-12-01 11:22:00,2011-09-25 14:37:00,1173,5657.93,5.565
22838,3 TIER CAKE TIN RED AND CREAM,2010-12-01 09:45:00,2011-12-09 10:26:00,689,9765.11,17.272142857142857
22839,3 TIER CAKE TIN GREEN AND CREAM,2010-12-01 09:45:00,2011-12-08 09:28:00,445,6981.67,18.59910891089109
22840,ROUND CAKE TIN VINTAGE RED,2010-12-02 11:22:00,2011-12-08 16:18:00,913,6903.79,8.366014760147602
22841,ROUND CAKE TIN VINTAGE GREEN,2010-12-01 17:06:00,2011-12-08 12:07:00,529,4101.77,8.441549295774648
22842,BISCUIT TIN VINTAGE RED,2010-12-01 13:24:00,2011-12-05 17:28:00,589,3823.21,7.2198765432098755
22843,BISCUIT TIN VINTAGE GREEN,2010-12-05 14:02:00,2011-12-05 11:58:00,450,2904.52,7.27
22844,VINTAGE CREAM DOG FOOD CONTAINER,2010-12-01 14:32:00,2011-12-09 10:26:00,1003,9661.32,10.829090909090908
22845,VINTAGE CREAM CAT FOOD CONTAINER,2010-12-01 14:32:00,2011-12-09 10:26:00,802,5396.929999999999,7.846624605678234
22846,BREAD BIN DINER STYLE RED,2010-12-01 15:00:00,2011-12-08 10:33:00,665,10676.619999999999,17.699460431654675
22847,BREAD BIN DINER STYLE IVORY,2010-12-01 14:32:00,2011-12-08 14:38:00,905,14389.34,17.408590425531916
22848,BREAD BIN DINER STYLE PINK,2010-12-01 11:21:00,2011-10-30 13:51:00,323,5208.45,18.21203125
22849,BREAD BIN DINER STYLE MINT,2010-12-02 13:08:00,2011-10-20 10:41:00,323,5027.73,16.917441860465114
22851,SET 20 NAPKINS FAIRY CAKES DESIGN,2010-12-01 11:21:00,2011-12-07 17:05:00,2741,2368.64,1.000593220338983
22852,DOG BOWL VINTAGE CREAM,2010-12-10 15:45:00,2011-12-08 15:24:00,390,1757.8799999999999,4.6368
22853,CAT BOWL VINTAGE CREAM,2010-12-05 10:45:00,2011-12-08 15:24:00,472,1655.96,3.6286206896551727
22854,CREAM SWEETHEART EGG HOLDER,2010-12-01 12:48:00,2011-09-22 12:23:00,767,3708.52,5.392760736196319
22855,FINE WICKER HEART,2010-12-01 15:40:00,2011-08-30 16:43:00,2642,3301.73,1.5268487394957984
22856,ASSORTED EASTER DECORATIONS  BELLS,2010-12-10 09:35:00,2011-11-20 11:50:00,569,729.57,3.9481481481481477
22857,ASSORTED EASTER GIFT TAGS,2010-12-12 11:44:00,2011-10-24 14:10:00,1145,965.8599999999999,1.338360655737705
22858,EASTER TIN KEEPSAKE,2010-12-12 11:44:00,2011-10-06 18:08:00,1126,1860.7799999999997,1.9434306569343065
22859,EASTER TIN BUNNY BOUQUET,2010-12-05 13:42:00,2011-11-15 16:34:00,1203,2003.07,1.9235
22860,EASTER TIN CHICKS PINK DAISY,2010-12-05 13:42:00,2011-11-18 14:50:00,589,1017.7699999999999,1.9718691588785044
22861,EASTER TIN CHICKS IN GARDEN,2010-12-12 11:44:00,2011-04-21 16:17:00,305,522.93,2.0107999999999997
22862,LOVE HEART NAPKIN BOX,2010-12-01 14:32:00,2011-01-25 13:46:00,171,826.95,5.413235294117648
22863,SOAP DISH BROCANTE,2010-12-01 17:06:00,2011-12-06 12:18:00,719,2070.73,3.2954545454545454
22865,HAND WARMER OWL DESIGN,2010-12-01 10:39:00,2011-12-09 10:26:00,8439,17786.13,2.359009009009009
22866,HAND WARMER SCOTTY DOG DESIGN,2010-12-01 10:39:00,2011-12-09 10:26:00,6611,14366.52,2.3365124555160146
22867,HAND WARMER BIRD DESIGN,2010-12-01 10:47:00,2011-12-09 10:03:00,6433,14061.890000000001,2.401336898395722
22868,NUMBER TILE COTTAGE GARDEN 0,2010-12-15 15:47:00,2011-11-21 15:18:00,63,144.65,3.04
22869,NUMBER TILE COTTAGE GARDEN 1,2010-12-15 15:47:00,2011-11-29 15:39:00,96,246.14,3.1904545454545454
22870,NUMBER TILE COTTAGE GARDEN 2,2010-12-01 17:06:00,2011-11-29 15:08:00,93,240.29,3.2600000000000002
22871,NUMBER TILE COTTAGE GARDEN 3,2010-12-15 15:47:00,2011-11-16 15:16:00,67,163.35,3.258
22872,NUMBER TILE COTTAGE GARDEN 4,2010-12-15 15:47:00,2011-12-08 09:20:00,72,177.46,3.1853333333333333
22873,NUMBER TILE COTTAGE GARDEN 5,2010-12-07 18:36:00,2011-11-25 14:25:00,60,145.5,3.0461538461538464
22874,NUMBER TILE COTTAGE GARDEN 6,2010-12-15 15:47:00,2011-11-09 16:14:00,65,150.81,2.944545454545455
22875,NUMBER TILE COTTAGE GARDEN 7,2010-12-07 15:34:00,2011-12-08 09:20:00,63,149.09,2.9124
22876,NUMBER TILE COTTAGE GARDEN 8,2010-12-01 14:32:00,2011-09-27 18:41:00,61,138.81,2.943
22877,NUMBER TILE COTTAGE GARDEN 9,2010-12-15 15:47:00,2011-10-04 16:37:00,63,138.10999999999999,2.638421052631579
22878,NUMBER TILE COTTAGE GARDEN NO,2010-12-15 15:47:00,2011-11-16 15:16:00,75,204.19,3.453333333333333
22879,NUMBER TILE VINTAGE FONT 0,2010-12-14 12:59:00,2011-10-04 16:37:00,70,102.46,2.8674999999999997
22880,NUMBER TILE VINTAGE FONT 1,2010-12-07 15:28:00,2011-11-15 12:25:00,97,196.69,3.299375
22881,NUMBER TILE VINTAGE FONT 2,2010-12-14 12:59:00,2011-12-09 10:03:00,102,197.56,3.2152941176470584
22882,NUMBER TILE VINTAGE FONT 3,2010-12-03 11:36:00,2011-12-05 14:40:00,108,213.7,3.0280952380952377
22883,NUMBER TILE VINTAGE FONT 4,2010-12-07 15:28:00,2011-12-05 17:28:00,100,191.48,3.294375
22884,NUMBER TILE VINTAGE FONT 5,2010-12-03 11:36:00,2011-11-30 12:32:00,99,194.04999999999998,3.086666666666667
22885,NUMBER TILE VINTAGE FONT 6,2010-12-09 16:31:00,2011-12-09 10:03:00,96,172.78,3.097142857142857
22886,NUMBER TILE VINTAGE FONT 7,2010-12-14 12:59:00,2011-12-01 19:42:00,87,146.43,2.8827999999999996
22887,NUMBER TILE VINTAGE FONT 8,2010-12-13 09:35:00,2011-12-05 14:40:00,78,126.78,2.967391304347826
22888,NUMBER TILE VINTAGE FONT 9,2010-12-14 12:59:00,2011-12-09 10:03:00,76,124.97999999999999,3.1642857142857146
22889,NUMBER TILE VINTAGE FONT NO,2010-12-07 15:28:00,2011-12-05 11:48:00,169,263.8,3.626969696969697
22890,NOVELTY BISCUITS CAKE STAND 3 TIER,2010-12-01 17:06:00,2011-12-09 10:03:00,385,3939.87,11.292349397590362
22891,TEA FOR ONE POLKADOT,2010-12-03 11:27:00,2011-12-09 10:26:00,420,2108.18,5.823214285714285
22892,SET OF SALT AND PEPPER TOADSTOOLS,2010-12-03 13:59:00,2011-11-22 11:34:00,2472,3021.6,1.2452261306532664
22893,MINI CAKE STAND T-LIGHT HOLDER,2010-12-02 13:06:00,2011-12-08 12:07:00,1872,931.02,0.6406293706293706
22894,TABLECLOTH RED APPLES DESIGN,2010-12-05 12:42:00,2011-12-09 12:20:00,305,3027.3799999999997,10.172682926829268
22895,SET OF 2 TEA TOWELS APPLE AND PEARS,2010-12-01 12:35:00,2011-12-09 10:23:00,2058,6334.3,3.6027972027972033
22896,PEG BAG APPLES DESIGN,2010-12-02 11:35:00,2011-12-09 10:23:00,1584,4043.3599999999997,3.2036206896551724
22897,OVEN MITT APPLES DESIGN,2010-12-01 17:06:00,2011-12-08 20:01:00,1350,2013.1,1.8147641509433963
22898,CHILDRENS APRON APPLES DESIGN,2010-12-01 17:06:00,2011-12-09 10:23:00,2414,5150.92,2.5617983651226157
22899,CHILDREN'S APRON DOLLY GIRL,2010-12-01 11:57:00,2011-12-09 12:50:00,2069,4326.43,2.442825396825397
22900,SET 2 TEA TOWELS I LOVE LONDON,2010-12-01 08:45:00,2011-12-09 10:26:00,4907,14938.43,3.734585635359116
22902,TOTE BAG I LOVE LONDON,2010-12-01 11:49:00,2011-12-08 16:30:00,1288,2633.28,2.6674264705882353
22903,CALENDAR FAMILY FAVOURITES,2010-12-07 14:41:00,2011-12-08 16:30:00,193,550.6,3.033728813559322
22904,CALENDAR PAPER CUT DESIGN,2010-12-01 12:43:00,2011-11-17 12:43:00,1834,5467.26,3.353065693430657
22905,CALENDAR IN SEASON DESIGN,2010-12-01 12:43:00,2011-12-09 10:03:00,581,1502.2900000000002,2.78990990990991
22906,12 MESSAGE CARDS WITH ENVELOPES,2010-12-01 12:43:00,2011-12-09 12:20:00,1733,2947.87,2.0496899224806198
22907,PACK OF 20 NAPKINS PANTRY DESIGN,2010-12-01 12:49:00,2011-12-09 12:16:00,6573,5670.0,0.9899710982658959
22908,PACK OF 20 NAPKINS RED APPLES,2010-12-03 11:36:00,2011-12-09 12:20:00,4380,3569.58,0.9678851174934725
22909,SET OF 20 VINTAGE CHRISTMAS NAPKINS,2010-12-01 11:57:00,2011-12-09 11:34:00,8976,8041.179999999999,0.9908974358974358
22910,PAPER CHAIN KIT VINTAGE CHRISTMAS,2010-12-01 10:19:00,2011-12-09 12:19:00,10594,32843.840000000004,3.3676774969915764
22911,PAPER CHAIN KIT LONDON,2010-12-01 13:17:00,2011-12-05 09:15:00,463,1358.0900000000001,3.2443157894736845
22912,YELLOW COAT RACK PARIS FASHION,2010-12-01 08:34:00,2011-11-28 14:06:00,287,1342.39,5.285841584158416
22913,RED COAT RACK PARIS FASHION,2010-12-01 08:34:00,2011-12-05 17:28:00,352,1673.15,5.552053571428572
22914,BLUE COAT RACK PARIS FASHION,2010-12-01 08:34:00,2011-12-09 10:03:00,467,2261.21,5.506387096774193
22915,ASSORTED BOTTLE TOP  MAGNETS,2010-12-01 09:59:00,2011-12-09 12:31:00,3152,1406.42,1.1675135135135135
22916,HERB MARKER THYME,2010-12-01 12:43:00,2011-12-08 16:30:00,1905,1314.21,0.8502066115702479
22917,HERB MARKER ROSEMARY,2010-12-01 12:43:00,2011-12-08 16:30:00,1937,1340.22,0.8511618257261411
22918,HERB MARKER PARSLEY,2010-12-01 12:43:00,2011-12-08 16:30:00,1869,1275.3500000000001,0.8506224066390041
22919,HERB MARKER MINT,2010-12-01 12:43:00,2011-12-08 16:30:00,1753,1221.8600000000001,0.8413168724279835
22920,HERB MARKER BASIL,2010-12-01 12:43:00,2011-12-08 16:30:00,3423,2153.34,0.8603278688524589
22921,HERB MARKER CHIVES,2010-12-01 12:43:00,2011-12-08 16:30:00,1716,1180.8700000000001,0.8432380952380953
22922,FRIDGE MAGNETS US DINER ASSORTED,2010-12-01 09:59:00,2011-12-09 10:03:00,1587,1422.8999999999999,1.7672549019607842
22923,FRIDGE MAGNETS LES ENFANTS ASSORTED,2010-12-01 09:59:00,2011-12-08 15:31:00,1360,1130.77,0.9959999999999999
22924,FRIDGE MAGNETS LA VIE EN ROSE,2010-12-02 11:02:00,2011-12-09 10:03:00,1295,1154.6,1.3801149425287356
22925,BLUE GIANT GARDEN THERMOMETER,2010-12-01 12:22:00,2011-10-28 12:09:00,449,2757.4700000000003,6.510491803278689
22926,IVORY GIANT GARDEN THERMOMETER,2010-12-01 09:45:00,2011-05-10 10:00:00,594,3656.8500000000004,6.2895408163265305
22927,GREEN GIANT GARDEN THERMOMETER,2010-12-01 12:22:00,2011-12-05 11:48:00,430,2704.71,6.6860135135135135
22928,YELLOW GIANT GARDEN THERMOMETER,2010-12-01 14:32:00,2011-12-09 10:03:00,288,1993.75,7.784695652173913
22929,SCHOOL DESK AND CHAIR,2010-12-17 14:21:00,2011-10-26 13:46:00,19,1199.75,63.91538461538461
22930,BAKING MOULD HEART MILK CHOCOLATE,2010-12-08 10:40:00,2011-12-08 14:38:00,1108,2846.8,3.073350785340314
22931,BAKING MOULD HEART WHITE CHOCOLATE,2010-12-08 10:40:00,2011-12-08 13:47:00,813,1963.3,2.8299999999999996
22932,BAKING MOULD TOFFEE CUP CHOCOLATE,2010-12-08 10:40:00,2011-12-08 13:47:00,884,2000.88,2.708472222222222
22933,BAKING MOULD EASTER EGG MILK CHOC,2010-12-09 12:20:00,2011-12-05 17:28:00,940,2585.92,3.48869918699187
22934,BAKING MOULD EASTER EGG WHITE CHOC,2010-12-10 09:35:00,2011-11-11 13:06:00,589,1707.47,3.2253846153846157
22935,BAKING MOULD ROSE MILK CHOCOLATE,2010-12-08 10:46:00,2011-12-08 13:47:00,690,2066.82,3.8047692307692307
22936,BAKING MOULD ROSE WHITE CHOCOLATE,2010-12-08 10:46:00,2011-12-08 13:47:00,279,895.97,4.326153846153846
22937,BAKING MOULD CHOCOLATE CUPCAKES,2010-12-08 10:40:00,2011-12-07 08:45:00,972,2563.24,2.9215853658536584
22938,CUPCAKE LACE PAPER SET 6,2010-12-01 11:58:00,2011-12-08 16:30:00,2367,4488.63,2.093191489361702
22939,APRON APPLE DELIGHT,2010-12-05 12:29:00,2011-12-06 09:31:00,469,2392.67,6.02104
22940,FELTCRAFT CHRISTMAS FAIRY,2010-12-01 11:49:00,2011-12-09 10:03:00,1915,7890.25,4.549082568807339
22941,CHRISTMAS LIGHTS 10 REINDEER,2010-12-01 10:03:00,2011-12-09 12:19:00,1670,13795.92,9.962893890675241
22942,CHRISTMAS LIGHTS 10 SANTAS,2010-12-01 11:57:00,2011-12-09 10:46:00,608,4460.54,8.33764705882353
22943,CHRISTMAS LIGHTS 10 VINTAGE BAUBLES,2010-12-01 12:50:00,2011-12-09 10:23:00,1355,6755.47,6.264258373205742
22944,CHRISTMAS METAL POSTCARD WITH BELLS,2010-12-01 17:06:00,2011-12-08 09:28:00,3375,1843.64,1.318859649122807
22945,CHRISTMAS METAL TAGS ASSORTED,2010-12-01 12:23:00,2011-12-08 09:28:00,2991,3008.92,2.2110857142857143
22946,WOODEN ADVENT CALENDAR CREAM,2010-12-01 15:35:00,2011-12-08 14:39:00,453,7030.22,18.158260869565215
22947,WOODEN ADVENT CALENDAR RED,2010-12-01 13:20:00,2011-11-30 15:33:00,746,8714.24,13.112481751824818
22948,METAL DECORATION NAUGHTY CHILDREN,2010-12-01 14:32:00,2011-12-09 10:03:00,1599,1603.29,1.6767605633802816
22949,36 DOILIES DOLLY GIRL,2010-12-01 14:32:00,2011-12-06 16:26:00,956,1417.55,1.7194285714285713
22950,36 DOILIES VINTAGE CHRISTMAS,2011-06-08 14:29:00,2011-11-07 11:33:00,5209,7131.549999999999,1.5890810810810811
22951,60 CAKE CASES DOLLY GIRL DESIGN,2010-12-01 11:57:00,2011-12-09 10:03:00,7481,3990.2000000000003,0.6748868778280543
22952,60 CAKE CASES VINTAGE CHRISTMAS,2010-12-01 11:57:00,2011-12-09 10:51:00,16056,9512.07,0.7646761453396524
22953,BIRTHDAY PARTY CORDON BARRIER TAPE,2010-12-01 14:41:00,2011-12-08 12:07:00,502,647.11,1.3605050505050504
22954,HEN PARTY CORDON BARRIER TAPE,2010-12-13 13:25:00,2011-11-24 14:40:00,197,241.38,1.3907500000000002
22955,36 FOIL STAR CAKE CASES,2010-12-01 12:43:00,2011-12-09 10:03:00,1040,2053.3500000000004,2.3133823529411766
22956,36 FOIL HEART CAKE CASES,2010-12-01 12:23:00,2011-12-09 11:34:00,2050,3983.3900000000003,2.225273631840796
22957,SET 3 PAPER VINTAGE CHICK PAPER EGG,2011-01-14 14:11:00,2011-09-29 13:38:00,1775,5014.650000000001,3.115555555555556
22959,WRAP CHRISTMAS VILLAGE,2010-12-03 11:41:00,2011-12-08 11:53:00,4901,2014.42,0.4184507042253521
22960,JAM MAKING SET WITH JARS,2010-12-01 08:34:00,2011-12-09 10:26:00,8695,37082.13,5.077669902912621
22961,JAM MAKING SET PRINTED,2010-12-01 09:41:00,2011-12-09 10:26:00,16396,25637.78,1.9049140893470793
22962,JAM JAR WITH PINK LID,2010-12-01 10:19:00,2011-12-09 10:03:00,3896,3288.11,1.058187134502924
22963,JAM JAR WITH GREEN LID,2010-12-01 10:19:00,2011-12-09 10:03:00,3290,2777.99,1.0828478964401294
22964,3 PIECE SPACEBOY COOKIE CUTTER SET,2010-12-01 11:29:00,2011-12-09 10:03:00,2624,5472.6900000000005,2.5305774278215223
22965,3 TRADITIONAL COOKIE CUTTERS  SET,2010-12-01 16:17:00,2011-12-09 10:03:00,1371,2910.61,2.349367088607595
22966,GINGERBREAD MAN COOKIE CUTTER,2010-12-01 13:24:00,2011-12-09 10:26:00,7440,9202.15,1.4521260997067449
22967,SET 3 SONG BIRD PAPER EGGS ASSORTED,2011-01-14 14:11:00,2011-12-07 14:39:00,1171,3271.4100000000003,3.0120289855072464
22968,ROSE COTTAGE KEEPSAKE BOX,2010-12-01 10:19:00,2011-12-08 16:30:00,794,7851.98,11.976137566137565
22969,HOMEMADE JAM SCENTED CANDLES,2010-12-01 09:59:00,2011-12-09 10:03:00,12520,18771.149999999998,1.7925077399380807
22970,LONDON BUS COFFEE MUG,2010-12-15 17:28:00,2011-12-08 15:03:00,4334,10140.6,2.730219435736677
22971,QUEENS GUARD COFFEE MUG,2010-12-16 10:52:00,2011-12-08 12:30:00,2431,5849.29,2.7821167883211677
22972,CHILDREN'S SPACEBOY MUG,2010-12-01 11:45:00,2011-12-08 13:36:00,1795,3067.64,1.9869999999999999
22973,CHILDREN'S CIRCUS PARADE MUG,2010-12-01 13:04:00,2011-12-07 15:16:00,1255,2136.0099999999998,2.033379310344827
22974,CHILDRENS DOLLY GIRL MUG,2010-12-01 13:17:00,2011-12-08 09:28:00,1598,2729.6899999999996,2.044390243902439
22975,SPACEBOY CHILDRENS EGG CUP,2010-12-01 11:45:00,2011-12-09 10:03:00,1204,1624.63,1.544627659574468
22976,CIRCUS PARADE CHILDRENS EGG CUP,2010-12-01 14:32:00,2011-12-09 12:16:00,1066,1389.01,1.5139583333333333
22977,DOLLY GIRL CHILDRENS EGG CUP,2010-12-01 17:06:00,2011-12-09 10:03:00,950,1252.61,1.4786029411764705
22978,PANTRY ROLLING PIN,2011-02-17 13:28:00,2011-12-08 16:30:00,2464,9564.98,4.3442436974789915
22979,PANTRY WASHING UP BRUSH,2011-03-02 08:26:00,2011-12-09 10:03:00,4090,6391.82,1.8184334203655352
22980,PANTRY SCRUBBING BRUSH,2011-02-16 13:02:00,2011-12-09 10:03:00,2363,3910.0099999999998,1.9236734693877549
22981,PANTRY APPLE CORER,2011-03-03 15:02:00,2011-12-07 14:43:00,471,704.13,1.8700925925925926
22982,PANTRY PASTRY BRUSH,2011-03-02 12:18:00,2011-12-09 10:03:00,1154,1543.77,1.6372169811320754
22983,CARD BILLBOARD FONT,2010-12-01 12:35:00,2011-12-09 10:03:00,5290,2256.56,0.5251015801354402
22984,CARD GINGHAM ROSE,2010-12-05 15:46:00,2011-12-09 10:03:00,2693,1096.09,0.47944785276073615
22985,"WRAP, BILLBOARD FONTS DESIGN",2010-12-02 14:40:00,2011-12-09 11:34:00,3782,1500.44,0.4183838383838384
22986,GINGHAM ROSE WRAP,2010-12-02 13:32:00,2011-12-08 12:29:00,4105,1712.1,0.4196129032258064
22987,WRAP SUMMER ROSE DESIGN,2011-05-03 10:30:00,2011-10-10 16:36:00,102,42.84,0.42000000000000004
22988,SOLDIERS EGG CUP,2010-12-01 11:49:00,2011-12-09 10:03:00,9073,10858.31,1.4978199052132701
22989,SET 2 PANTRY DESIGN TEA TOWELS,2011-02-03 17:01:00,2011-12-09 10:03:00,2811,8999.27,3.6862698412698416
22990,COTTON APRON PANTRY DESIGN,2011-02-06 14:33:00,2011-12-08 19:57:00,633,2917.4300000000003,5.315301204819277
22991,GIRAFFE WOODEN RULER,2011-02-17 12:01:00,2011-12-09 12:16:00,3887,7604.889999999999,2.273655913978495
22992,REVOLVER WOODEN RULER,2011-02-17 12:01:00,2011-12-09 12:16:00,5233,10373.99,2.2714044943820224
22993,SET OF 4 PANTRY JELLY MOULDS,2011-02-16 15:13:00,2011-12-09 12:19:00,12649,16478.48,1.497788990825688
22994,TRAVEL CARD WALLET RETROSPOT,2011-02-16 16:56:00,2011-12-09 08:48:00,2194,956.94,0.5283105022831049
22995,TRAVEL CARD WALLET SUKI,2011-02-17 12:51:00,2011-12-09 10:03:00,2381,1058.64,0.5419402985074626
22996,TRAVEL CARD WALLET VINTAGE TICKET,2011-02-17 12:51:00,2011-12-09 10:03:00,4801,2094.93,0.5296385542168675
22997,TRAVEL CARD WALLET UNION JACK,2011-02-17 13:47:00,2011-12-09 10:03:00,2545,1094.93,0.49327354260089684
22998,TRAVEL CARD WALLET KEEP CALM,2011-02-16 16:56:00,2011-12-09 10:03:00,12366,5262.82,0.49730483271375464
22999,TRAVEL CARD WALLET RETRO PETALS,2011-02-17 12:51:00,2011-12-09 10:03:00,2894,1252.59,0.48244444444444445
23000,TRAVEL CARD WALLET TRANSPORT,2011-02-16 16:56:00,2011-12-09 08:48:00,3169,1368.28,0.5197132616487455
23002,TRAVEL CARD WALLET SKULLS,2011-02-16 16:56:00,2011-12-09 08:48:00,2119,914.37,0.5232474226804124
23003,TRAVEL CARD WALLET VINTAGE ROSE,2011-02-16 16:56:00,2011-06-12 12:34:00,542,226.2,0.41888888888888887
23004,TRAVEL CARD WALLET PANTRY,2011-02-16 16:56:00,2011-12-09 08:48:00,2002,903.16,0.6030357142857142
23005,TRAVEL CARD WALLET I LOVE LONDON,2011-02-17 13:47:00,2011-12-09 10:03:00,4733,2126.55,0.5217213114754098
23006,TRAVEL CARD WALLET FLOWER MEADOW,2011-02-16 16:56:00,2011-12-08 16:30:00,1758,762.75,0.5191907514450866
23007,SPACEBOY BABY GIFT SET,2011-03-09 12:37:00,2011-12-09 10:03:00,498,7741.749999999999,15.913423913043477
23008,DOLLY GIRL BABY GIFT SET,2011-03-09 15:20:00,2011-12-08 16:30:00,433,6719.61,16.12609022556391
23009,I LOVE LONDON BABY GIFT SET,2011-03-09 15:17:00,2011-12-09 10:03:00,263,4082.5199999999995,15.988252427184465
23010,CIRCUS PARADE BABY GIFT SET,2011-03-09 12:37:00,2011-12-04 12:02:00,315,4879.599999999999,16.296576576576577
23012,GLASS APOTHECARY BOTTLE PERFUME,2011-06-14 13:04:00,2011-12-09 10:26:00,1071,4197.110000000001,4.62991935483871
23013,GLASS APOTHECARY BOTTLE TONIC,2011-06-14 14:49:00,2011-12-09 10:26:00,924,3674.1600000000003,4.672946428571429
23014,GLASS APOTHECARY BOTTLE ELIXIR,2011-06-14 13:04:00,2011-12-09 10:26:00,856,3419.5800000000004,4.863838862559241
23015,CORDIAL GLASS JUG,2011-06-17 11:04:00,2011-11-24 15:01:00,40,338.38,8.691052631578946
23016,GLASS TWIST BON BON JAR,2011-06-16 16:57:00,2011-12-06 12:38:00,74,575.25,8.714583333333332
23017,APOTHECARY MEASURING JAR,2011-06-26 13:56:00,2011-12-08 09:20:00,67,826.28,12.759545454545453
23018,LARGE APOTHECARY MEASURING JAR,2011-06-26 13:56:00,2011-11-16 15:26:00,51,612.1600000000001,12.900476190476192
23019,SMALL APOTHECARY MEASURING JAR,2011-06-21 14:00:00,2011-12-08 12:26:00,81,629.0500000000001,8.078571428571427
23020,GLASS  SONGBIRD STORAGE JAR,2011-06-14 13:40:00,2011-12-06 12:21:00,180,2191.84,12.99592105263158
23021,GLASS BONNE JAM JAR,2011-06-20 09:41:00,2011-12-06 11:39:00,120,500.82000000000005,4.441851851851852
23022,SMALL BONNE JAM JAR  T-LIGHT HOLDER,2011-06-15 15:35:00,2011-12-05 14:40:00,422,808.16,2.0316666666666667
23023,RIDGED BONNE JAM JAR T-LIGHT HOLDER,2011-06-20 15:47:00,2011-12-05 13:14:00,274,437.81999999999994,1.7651999999999999
23024,LARGE BONNE JAM JAR  T-LIGHT HOLDER,2011-06-22 15:41:00,2011-11-14 13:55:00,255,667.8500000000001,3.0081818181818183
23025,DRAWER KNOB VINTAGE GLASS BALL,2011-06-27 08:50:00,2011-12-02 10:32:00,350,760.8000000000001,2.269814814814815
23026,DRAWER KNOB VINTAGE GLASS STAR,2011-06-16 17:08:00,2011-12-07 11:42:00,556,1198.96,2.3271875
23027,DRAWER KNOB VINTAGE GLASS HEXAGON,2011-06-22 14:38:00,2011-12-02 10:32:00,295,627.95,2.216666666666667
23028,DRAWER KNOB CRACKLE GLAZE BLUE,2011-06-14 13:51:00,2011-11-02 13:46:00,1369,2377.1299999999997,1.9253623188405797
23029,DRAWER KNOB CRACKLE GLAZE GREEN,2011-06-14 13:51:00,2011-12-08 15:54:00,1352,2303.9199999999996,1.8366666666666664
23031,DRAWER KNOB CRACKLE GLAZE PINK,2011-06-14 13:51:00,2011-12-07 14:39:00,1278,2152.2999999999997,1.827290322580645
23032,DRAWER KNOB CRACKLE GLAZE IVORY,2011-06-14 13:51:00,2011-11-27 11:05:00,2328,3853.68,1.7743349753694582
23033,DRAWER KNOB CERAMIC RED,2011-06-14 13:51:00,2011-12-09 11:34:00,714,1058.8999999999999,1.814864864864865
23034,DRAWER KNOB CERAMIC BLACK,2011-06-14 13:51:00,2011-12-09 11:34:00,979,1448.6699999999998,1.6273333333333335
23035,DRAWER KNOB CERAMIC IVORY,2011-06-14 13:15:00,2011-12-08 16:30:00,2191,3199.99,1.6449999999999998
23036,T-LIGHT HOLDER SILVER PETIT FOUR,2011-06-22 11:59:00,2011-12-06 11:39:00,184,232.42000000000002,1.325625
23037,CANDLE HOLDER SILVER MADELINE,2011-06-24 12:44:00,2011-12-09 12:16:00,196,325.15999999999997,1.886
23038,T-LIGHT HOLDER SILVER SAUCER,2011-07-11 14:46:00,2011-12-05 17:17:00,44,42.919999999999995,1.3299999999999998
23039,T-LIGHT HOLDER SILVER HEART HANDLE,2011-06-19 10:35:00,2011-12-05 09:15:00,199,399.71,2.3906896551724137
23040,PAPER LANTERN 9 POINT SNOW STAR,2011-04-28 13:35:00,2011-12-09 11:34:00,253,1394.03,6.278372093023257
23041,PAPER LANTERN 9 POINT SNOW STAR,2011-04-28 13:35:00,2011-12-09 11:34:00,272,1178.48,4.61
23042,PAPER LANTERN 7 POINT SNOW STAR,2011-04-28 13:35:00,2011-12-05 11:48:00,103,711.51,7.361428571428571
23043,PAPER LANTERN 9 POINT HOLLY STAR 40,2011-05-05 18:16:00,2011-12-05 17:28:00,81,543.51,7.33
23044,PAPER LANTERN 9 POINT HOLLY STAR S,2011-05-08 11:41:00,2011-12-01 13:28:00,101,423.29,4.309230769230769
23045,PAPER LANTERN 5 POINT STAR MOON 30,2011-05-05 18:16:00,2011-12-07 10:35:00,118,497.9800000000001,4.4812
23046,PAPER LANTERN 9 POINT DELUXE STAR,2011-05-08 11:41:00,2011-12-05 16:05:00,349,2111.4900000000002,6.809444444444445
23047,PAPER LANTERN 5 POINT SEQUIN STAR,2011-05-08 11:41:00,2011-11-24 12:30:00,58,333.5,5.75
23048,SET OF 10 LANTERNS FAIRY LIGHT STAR,2011-04-28 13:35:00,2011-12-08 16:30:00,577,2368.37,4.6737254901960785
23049,RECYCLED ACAPULCO MAT RED,2011-03-04 13:58:00,2011-12-01 14:38:00,456,3896.84,8.921505376344086
23050,RECYCLED ACAPULCO MAT GREEN,2011-03-04 13:58:00,2011-12-09 10:03:00,497,4286.55,9.223268292682926
23051,RECYCLED ACAPULCO MAT BLUE,2011-03-04 13:58:00,2011-12-09 10:03:00,365,3223.49,9.636790123456791
23052,RECYCLED ACAPULCO MAT TURQUOISE,2011-03-04 13:58:00,2011-12-09 10:03:00,654,5949.34,9.784460431654676
23053,RECYCLED ACAPULCO MAT PINK,2011-03-04 13:58:00,2011-12-09 10:03:00,364,3254.32,9.819390243902438
23054,RECYCLED ACAPULCO MAT LAVENDER,2011-03-04 13:58:00,2011-12-09 10:03:00,295,2604.93,9.533076923076923
23055,IVORY CHANDELIER T-LIGHT HOLDER,2011-04-19 14:56:00,2011-11-18 11:35:00,657,1395.18,5.62125
23056,FLOWERS CHANDELIER T-LIGHT HOLDER,2011-04-19 14:56:00,2011-11-23 13:39:00,963,2898.12,6.1842500000000005
23057,GEMSTONE CHANDELIER T-LIGHT HOLDER,2011-04-18 11:10:00,2011-11-18 11:35:00,773,1768.67,4.781555555555556
23058,CHRISTMAS HANGING SNOWFLAKE,2011-09-14 09:27:00,2011-12-07 11:42:00,490,430.86,1.2252083333333335
23060,HEART BEADED TRELLIS DECORATION,2011-04-18 10:41:00,2011-12-07 13:12:00,249,528.1700000000001,2.2197727272727272
23061,VINTAGE EMBOSSED HEART,2011-04-19 13:57:00,2011-12-08 09:20:00,1015,1332.68,1.5377777777777777
23064,CINDERELLA CHANDELIER,2011-04-28 13:35:00,2011-11-03 14:32:00,221,3717.56,45.48739130434783
23065,LARGE DECO JEWELLERY STAND,2011-04-15 16:11:00,2011-10-20 12:23:00,273,3427.44,12.976161616161617
23066,SMALL DECO JEWELLERY STAND,2011-04-18 14:01:00,2011-10-13 14:33:00,259,2137.81,8.921294117647058
23067,HANGING ENGRAVED METAL HEART,2011-04-26 16:45:00,2011-12-07 13:12:00,294,1236.66,4.351951219512196
23068,ALUMINIUM STAMPED HEART,2011-04-18 14:01:00,2011-12-06 11:58:00,809,1966.93,2.5855072463768116
23069,EDWARDIAN PHOTO FRAME,2011-04-26 15:04:00,2011-12-04 13:00:00,88,556.21,6.4440625
23070,EDWARDIAN HEART PHOTO FRAME,2011-05-04 14:11:00,2011-12-06 16:26:00,160,709.5400000000001,5.090909090909091
23071,MARIE ANTOIENETT TRINKET BOX GOLD,2011-04-20 11:11:00,2011-10-26 13:36:00,315,1205.1,10.5325
23072,MARIE ANTOINETTE TRINKET BOX SILVER,2011-05-08 11:37:00,2011-10-26 13:36:00,334,1273.76,13.725333333333333
23073,GEORGIAN TRINKET BOX,2011-04-19 08:17:00,2011-12-01 19:42:00,143,1706.5,12.411475409836067
23074,EMBOSSED HEART TRINKET BOX,2011-09-11 13:51:00,2011-12-09 10:03:00,246,547.27,2.623125
23075,DOUBLE CERAMIC PARLOUR HOOK,2011-04-18 14:21:00,2011-12-08 12:07:00,472,1960.3000000000002,4.248500000000001
23076,ICE CREAM SUNDAE LIP GLOSS,2011-03-24 09:44:00,2011-12-09 10:03:00,8076,9935.76,1.35028880866426
23077,DOUGHNUT LIP GLOSS,2011-03-24 08:44:00,2011-12-09 11:59:00,10395,13695.77,1.345436046511628
23078,ICE CREAM PEN LIP GLOSS,2011-03-24 10:40:00,2011-12-07 12:11:00,6831,8553.34,1.4267315175097277
23079,TOADSTOOL BEDSIDE LIGHT,2011-05-11 13:20:00,2011-12-07 14:43:00,251,2225.45,8.936915887850466
23080,RED METAL BOX TOP SECRET,2011-05-11 10:18:00,2011-12-09 10:26:00,1074,9117.62,9.339272030651342
23081,GREEN METAL BOX ARMY SUPPLIES,2011-05-10 13:33:00,2011-12-08 16:30:00,483,4038.25,9.407194244604316
23082,SET 6 PAPER TABLE LANTERN HEARTS,2011-05-11 11:57:00,2011-12-09 10:03:00,2328,8558.76,4.093564356435643
23083,SET 6 PAPER TABLE LANTERN STARS,2011-05-15 11:17:00,2011-12-09 10:03:00,1932,7250.900000000001,4.236586345381526
23084,RABBIT NIGHT LIGHT,2011-05-10 14:20:00,2011-12-09 12:31:00,30739,66870.03,2.386401179941003
23085,ANTIQUE SILVER BAUBLE LAMP,2011-05-16 12:25:00,2011-12-08 19:28:00,376,3583.23,10.834999999999999
23086,ZINC  STAR T-LIGHT HOLDER,2011-05-16 15:47:00,2011-12-08 09:28:00,1225,1451.43,1.5197872340425533
23087,ZINC  HEART T-LIGHT HOLDER,2011-05-13 12:13:00,2011-12-08 09:28:00,868,1090.66,1.5915942028985506
23088,ZINC HEART FLOWER T-LIGHT HOLDER,2011-05-12 18:19:00,2011-12-09 10:03:00,795,1033.28,1.627594936708861
23089,GLASS BON BON JAR,2011-05-12 15:17:00,2011-12-09 10:03:00,2354,4215.78,2.380175438596491
23090,VINTAGE GLASS T-LIGHT HOLDER,2011-05-16 08:13:00,2011-12-07 13:53:00,2237,1870.0299999999997,0.9790131578947369
23091,ZINC HERB GARDEN CONTAINER,2011-05-11 09:28:00,2011-11-10 18:04:00,580,3656.32,6.728142857142857
23092,LARGE ANTIQUE WHITE PHOTO FRAME,2011-05-16 10:43:00,2011-12-08 16:30:00,523,3757.78,8.100962962962964
23093,SMALL PARISIENNE HEART PHOTO FRAME,2011-05-11 12:32:00,2011-12-09 10:03:00,939,2239.2400000000002,2.7882394366197185
23094,LE GRAND TRAY CHIC SET,2011-05-11 09:55:00,2011-11-28 15:31:00,152,1924.92,12.815443037974683
23096,PETIT TRAY CHIC,2011-05-10 16:00:00,2011-12-08 16:30:00,1033,1736.6899999999998,2.027808219178082
23099,FRENCH CARRIAGE LANTERN,2011-05-16 14:30:00,2011-12-07 14:12:00,137,925.35,7.039152542372881
23100,SILVER BELLS TABLE DECORATION,2011-05-11 11:57:00,2011-12-08 16:30:00,2166,2739.38,1.426235741444867
23101,SILVER STARS TABLE DECORATION,2011-05-12 12:01:00,2011-12-08 11:43:00,2031,1739.6299999999999,0.9744859813084111
23102,SILVER HEARTS TABLE DECORATION,2011-05-11 11:57:00,2011-12-04 13:00:00,1274,1075.03,0.970754716981132
23103,BELL HEART DECORATION,2011-05-11 12:44:00,2011-12-09 10:51:00,4072,6846.159999999999,1.8441489361702128
23104,IVORY PANTRY HANGING LAMP,2011-05-11 14:29:00,2011-12-07 13:38:00,118,1405.42,12.859130434782609
23106,ZINC HEARTS PLANT POT HOLDER,2011-05-13 10:44:00,2011-12-08 12:26:00,291,815.59,2.9428301886792454
23107,WHITE WIRE PLANT POT HOLDER,2011-05-12 15:21:00,2011-12-08 14:38:00,359,1009.51,3.2009589041095894
23108,SET OF 10 LED DOLLY LIGHTS,2011-05-11 10:18:00,2011-12-08 14:39:00,2219,13290.519999999999,6.469919571045577
23109,LED TEA LIGHTS,2011-05-11 12:43:00,2011-12-08 16:30:00,2386,6835.02,3.264963235294118
23110,PARISIENNE KEY CABINET,2011-05-11 10:32:00,2011-12-09 12:00:00,700,4147.18,6.66234375
23111,PARISIENNE SEWING BOX,2011-05-11 13:20:00,2011-12-09 12:09:00,312,3839.2400000000002,13.468920863309354
23112,PARISIENNE CURIO CABINET,2011-05-11 12:47:00,2011-12-09 10:03:00,546,4507.08,9.16721991701245
23113,PANTRY CHOPPING BOARD,2011-09-16 10:02:00,2011-12-08 09:28:00,1154,5868.5,6.361754385964912
23114,VINTAGE LEAF CHOPPING BOARD,2011-09-30 13:54:00,2011-12-07 08:45:00,149,737.95,5.451333333333333
23115,RED APPLES CHOPPING BOARD,2011-09-30 13:54:00,2011-12-08 09:28:00,152,770.32,5.8406666666666665
23116,VEGETABLE GARDEN CHOPPING BOARD,2011-09-30 15:04:00,2011-12-05 14:39:00,76,382.44,6.240909090909091
23117,POPPY FIELDS CHOPPING BOARD,2011-09-30 13:54:00,2011-12-06 14:23:00,93,501.23,5.598888888888888
23118,PARISIENNE JEWELLERY DRAWER,2011-05-10 15:05:00,2011-12-09 10:03:00,813,6102.18,8.39046511627907
23119,PACK OF 6 LARGE FRUIT STRAWS,2011-06-17 08:57:00,2011-12-08 09:28:00,2282,1401.7,0.7791390728476821
23120,PACK OF 6 SMALL FRUIT STRAWS,2011-06-17 12:22:00,2011-12-08 09:28:00,1685,682.39,0.46819047619047616
23121,PACK OF 6 COCKTAIL PARASOL STRAWS,2011-06-17 12:22:00,2011-12-06 12:21:00,2501,1000.4399999999999,0.5528448275862069
23122,PARTY CHARMS 50 PIECES,2011-06-17 11:38:00,2011-12-09 11:34:00,2251,1726.09,1.0386029411764706
23123,COCKTAIL SWORDS 50 PIECES,2011-06-17 11:38:00,2011-12-08 13:50:00,935,759.5699999999999,1.014421052631579
23124,18PC WOODEN CUTLERY SET DISPOSABLE,2011-06-17 13:17:00,2011-11-03 15:56:00,567,751.38,1.751627906976744
23125,6PC WOOD PLATE SET DISPOSABLE,2011-06-17 14:46:00,2011-11-29 16:47:00,459,574.88,1.9131578947368422
23126,DOLLCRAFT GIRL AMELIE KIT,2011-03-02 16:26:00,2011-12-09 12:20:00,1109,5532.04,5.375153583617748
23127,DOLLCRAFT GIRL NICOLE,2011-03-02 16:26:00,2011-12-09 08:59:00,736,3759.0,5.259591836734694
23128,FELTCRAFT BOY JEAN-PAUL KIT,2011-03-03 13:45:00,2011-12-08 12:50:00,448,2258.6600000000003,5.266906474820144
23129,HEART SHAPED HOLLY WREATH,2011-05-18 15:39:00,2011-12-05 17:24:00,950,3999.5000000000005,4.576279069767442
23130,MISTLETOE HEART WREATH GREEN,2011-05-01 11:55:00,2011-12-04 14:45:00,962,3988.98,4.519456521739131
23131,MISTLETOE HEART WREATH CREAM,2011-04-26 16:45:00,2011-12-08 19:29:00,942,3835.9800000000005,4.2041379310344835
23132,SMALL IVORY HEART WALL ORGANISER,2011-04-19 16:52:00,2011-12-08 20:01:00,1020,5138.6,6.2221710526315785
23133,LARGE IVORY HEART WALL ORGANISER,2011-04-20 13:18:00,2011-12-08 18:25:00,782,5525.4,9.162451612903226
23134,LARGE ZINC HEART WALL ORGANISER,2011-04-20 13:18:00,2011-09-18 14:56:00,1065,6431.110000000001,7.9068421052631574
23135,SMALL ZINC HEART WALL ORGANISER,2011-04-19 16:52:00,2011-12-08 18:25:00,1541,5416.18,5.675777777777777
23136,IVORY WIRE SWEETHEART LETTER TRAY,2011-04-21 10:19:00,2011-12-06 12:45:00,135,511.89,4.034081632653061
23137,ZINC WIRE SWEETHEART LETTER TRAY,2011-04-21 16:53:00,2011-12-07 11:48:00,83,275.62,3.9765217391304346
23138,SINGLE WIRE HOOK IVORY HEART,2011-04-21 10:19:00,2011-12-05 17:28:00,879,1231.51,1.5985714285714285
23139,SINGLE WIRE HOOK PINK HEART,2011-04-21 10:19:00,2011-12-07 14:34:00,414,528.6999999999999,1.6128571428571428
23140,TRIPLE WIRE HOOK IVORY HEART,2011-04-19 16:52:00,2011-11-13 14:09:00,182,766.1,4.535769230769231
23141,TRIPLE WIRE HOOK PINK HEART,2011-04-19 16:52:00,2011-12-09 08:39:00,79,272.91,4.2404
23142,IVORY WIRE KITCHEN ORGANISER,2011-04-21 10:19:00,2011-11-27 13:29:00,121,1220.8200000000002,11.11675
23143,ZINC WIRE KITCHEN ORGANISER,2011-05-04 13:17:00,2011-12-09 10:46:00,30,239.97,9.929375
23144,ZINC T-LIGHT HOLDER STARS SMALL,2011-04-21 09:36:00,2011-12-08 14:38:00,5089,4197.83,0.9436727272727272
23145,ZINC T-LIGHT HOLDER STAR LARGE,2011-04-21 10:52:00,2011-12-09 12:31:00,2084,1979.4799999999998,1.0791764705882354
23146,TRIPLE HOOK ANTIQUE IVORY ROSE,2011-04-19 13:49:00,2011-12-05 13:10:00,798,2645.26,3.5144155844155844
23147,SINGLE ANTIQUE ROSE HOOK IVORY,2011-04-21 08:43:00,2011-12-08 14:38:00,1868,2752.2,1.5256226415094338
23148,MINIATURE ANTIQUE ROSE HOOK IVORY,2011-04-21 08:43:00,2011-12-08 14:39:00,2139,1816.31,0.9133858267716536
23149,ANTIQUE IVORY WIRE BOWL SMALL,2011-05-03 11:34:00,2011-11-29 13:06:00,99,251.45000000000002,2.7252380952380952
23150,IVORY SWEETHEART SOAP DISH,2011-04-21 10:19:00,2011-12-05 17:28:00,148,390.75000000000006,2.9436734693877553
23151,ZINC SWEETHEART SOAP DISH,2011-05-05 13:14:00,2011-12-09 10:46:00,61,114.33000000000001,2.2395238095238095
23152,IVORY SWEETHEART WIRE LETTER RACK,2011-04-20 11:19:00,2011-12-04 12:52:00,554,2080.65,3.9519374999999997
23153,ZINC SWEETHEART WIRE LETTER RACK,2011-04-18 14:32:00,2011-12-08 15:02:00,263,1020.69,4.236666666666666
23154,SET OF 4 JAM JAR MAGNETS,2011-03-25 11:01:00,2011-12-07 15:16:00,2701,5842.88,2.2075000000000005
23155,KNICKERBOCKERGLORY MAGNET ASSORTED,2011-03-25 11:01:00,2011-12-08 15:31:00,2221,1904.77,1.472074074074074
23156,SET OF 5 MINI GROCERY MAGNETS,2011-03-25 11:01:00,2011-12-08 15:31:00,1665,3423.29,2.261497584541063
23157,SET OF 6 NATIVITY MAGNETS,2011-03-31 13:40:00,2011-12-05 11:48:00,2557,5143.06,2.361597633136095
23158,SET OF 5 LUCKY CAT MAGNETS,2011-03-25 14:50:00,2011-12-09 10:03:00,2633,5513.83,2.674823529411765
23159,SET OF 5 PANCAKE DAY MAGNETS,2011-03-25 11:01:00,2011-11-28 15:34:00,2293,4713.52,2.3199107142857143
23160,REGENCY TEA SPOON,2011-05-03 10:43:00,2011-12-08 09:20:00,1450,1794.48,1.4881578947368421
23161,REGENCY CAKE FORK,2011-05-03 10:43:00,2011-12-08 09:28:00,1715,2145.3,1.593061224489796
23162,REGENCY TEA STRAINER,2011-04-27 14:48:00,2011-12-08 09:28:00,1412,5143.6900000000005,4.422272727272728
23163,REGENCY SUGAR TONGS,2011-04-27 12:49:00,2011-12-08 16:30:00,1832,4515.22,3.329234449760766
23164,REGENCY CAKE SLICE,2011-05-03 10:43:00,2011-12-08 09:20:00,578,2718.65,5.579673913043479
23165,LARGE CERAMIC TOP STORAGE JAR,2011-05-12 10:10:00,2011-12-09 10:03:00,3114,5141.0599999999995,1.9777738515901062
23166,MEDIUM CERAMIC TOP STORAGE JAR,2011-01-18 10:01:00,2011-12-09 10:03:00,78033,81700.92000000001,1.46848
23167,SMALL CERAMIC TOP STORAGE JAR,2011-05-11 14:14:00,2011-12-09 12:00:00,5847,4476.009999999999,1.0025210084033613
23168,CLASSIC SUGAR DISPENSER,2011-05-12 08:42:00,2011-12-09 12:00:00,3291,4558.67,1.777485380116959
23169,CLASSIC GLASS SWEET JAR,2011-05-12 10:10:00,2011-12-06 17:49:00,1556,6662.84,4.724095238095239
23170,REGENCY TEA PLATE ROSES,2011-05-10 10:34:00,2011-12-09 10:26:00,6857,11097.249999999998,2.075707865168539
23171,REGENCY TEA PLATE GREEN,2011-05-10 10:34:00,2011-12-09 10:26:00,6247,10051.99,2.128433420365535
23172,REGENCY TEA PLATE PINK,2011-05-10 10:34:00,2011-12-09 10:26:00,3861,6344.409999999999,2.06783606557377
23173,REGENCY TEAPOT ROSES,2011-05-10 10:34:00,2011-12-09 10:20:00,2766,24879.13,11.119714964370546
23174,REGENCY SUGAR BOWL GREEN,2011-05-10 10:34:00,2011-12-08 09:28:00,3055,12342.43,4.795123456790124
23175,REGENCY MILK JUG PINK,2011-05-10 10:34:00,2011-12-09 10:03:00,3160,9587.15,3.8787915407854987
23176,ABC TREASURE BOOK BOX,2011-03-02 12:10:00,2011-12-08 16:30:00,2165,4693.08,2.663215859030837
23177,TREASURE ISLAND BOOK BOX,2011-03-02 12:10:00,2011-12-09 10:03:00,2532,5521.29,2.702074074074074
23178,JAM CLOCK MAGNET,2011-03-03 15:02:00,2011-12-09 09:07:00,327,936.89,3.360294117647059
23179,CLOCK MAGNET MUM'S KITCHEN,2011-03-03 15:02:00,2011-12-08 15:31:00,324,930.48,3.5243396226415094
23180,MUM'S KITCHEN CLOCK,2011-03-04 09:46:00,2011-12-08 19:24:00,122,621.09,5.939387755102041
23181,BULL DOG BOTTLE TOP WALL CLOCK,2011-03-08 09:23:00,2011-12-09 10:26:00,201,1733.57,9.421463414634145
23182,TOILET SIGN OCCUPIED OR VACANT,2011-03-01 17:32:00,2011-12-09 12:00:00,3741,3688.2099999999996,1.5304347826086955
23183,MOTHER'S KITCHEN SPOON REST,2011-03-03 15:02:00,2011-12-09 10:03:00,226,967.17,4.879411764705883
23184,BULL DOG BOTTLE OPENER,2011-03-06 10:05:00,2011-12-09 10:03:00,874,4764.5,6.4533082706766915
23185,FRENCH STYLE STORAGE JAR JAM,2011-03-04 14:42:00,2011-12-06 13:42:00,317,114.85,0.3516129032258064
23186,FRENCH STYLE STORAGE JAR CAFE,2011-03-08 17:23:00,2011-12-07 08:45:00,1982,819.4599999999999,0.3409859154929577
23187,FRENCH STYLE STORAGE JAR BONBONS,2011-03-08 12:05:00,2011-11-03 16:56:00,2338,695.06,0.3154666666666667
23188,VINTAGE  2 METER FOLDING RULER,2011-06-14 09:43:00,2011-12-09 10:03:00,3471,6447.7699999999995,1.934985163204748
23189,SET OF 12 FORK CANDLES,2011-08-03 15:38:00,2011-12-08 16:30:00,1249,3507.51,3.3956338028169015
23190,BUNDLE OF 3 SCHOOL EXERCISE BOOKS,2011-05-09 16:35:00,2011-12-09 11:34:00,1702,2761.8999999999996,1.7966009852216749
23191,BUNDLE OF 3 RETRO NOTE BOOKS,2011-05-10 08:58:00,2011-12-09 10:03:00,2201,3628.8899999999994,1.8722996515679444
23192,BUNDLE OF 3 ALPHABET EXERCISE BOOKS,2011-05-10 09:58:00,2011-12-08 12:07:00,3516,6114.24,1.7743304843304841
23193,BUFFALO BILL TREASURE BOOK BOX,2011-03-02 12:10:00,2011-12-09 11:34:00,1922,4079.28,2.730571428571429
23194,GYMKHANNA TREASURE BOOK BOX,2011-03-02 12:10:00,2011-12-09 11:34:00,1835,4077.37,2.71331797235023
23196,RETRO LEAVES MAGNETIC NOTEPAD,2011-06-23 11:51:00,2011-12-09 10:26:00,1872,2842.24,1.7964473684210527
23197,SKETCHBOOK MAGNETIC SHOPPING LIST,2011-06-23 11:51:00,2011-12-09 12:00:00,1478,2303.5,1.95224
23198,PANTRY MAGNETIC  SHOPPING LIST,2011-06-22 14:24:00,2011-12-09 10:26:00,3342,5062.599999999999,1.7995876288659793
23199,JUMBO BAG APPLES,2011-04-11 16:47:00,2011-12-09 12:19:00,14908,30450.690000000002,2.5699290060851925
23200,JUMBO BAG PEARS,2011-05-06 15:40:00,2011-12-09 10:03:00,7067,14188.960000000001,2.4302508361204014
23201,JUMBO BAG ALPHABET,2011-04-11 16:47:00,2011-12-09 12:19:00,13366,27850.83,2.3900109769484086
23202,JUMBO BAG VINTAGE LEAF,2011-05-06 15:40:00,2011-12-09 10:03:00,10941,21810.43,2.2962302483069976
23203,JUMBO BAG DOILEY PATTERNS,2011-05-06 15:54:00,2011-12-09 09:38:00,20485,42030.340000000004,2.275764895330113
23204,CHARLOTTE BAG APPLES DESIGN,2011-04-11 16:47:00,2011-12-09 10:23:00,7976,7741.94,1.1219453924914675
23205,CHARLOTTE BAG VINTAGE ALPHABET,2011-04-11 16:47:00,2011-12-09 12:16:00,5857,5726.38,1.1491063829787236
23206,LUNCH BAG APPLE DESIGN,2011-04-11 16:47:00,2011-12-09 10:23:00,12147,20852.579999999998,2.0589553656220323
23207,LUNCH BAG ALPHABET DESIGN,2011-04-11 16:47:00,2011-12-09 10:23:00,7830,13325.55,1.9909656084656082
23208,LUNCH BAG VINTAGE LEAF DESIGN,2011-04-12 09:49:00,2011-12-09 10:23:00,6308,10441.91,1.9362038404726736
23209,LUNCH BAG DOILEY PATTERN,2011-05-08 11:08:00,2011-12-08 17:54:00,13170,21418.82,1.8247576301615798
23210,WHITE ROCKING HORSE HAND PAINTED,2011-06-02 09:04:00,2011-12-09 10:51:00,2849,3551.53,1.4668316831683168
23211,RED ROCKING HORSE HAND PAINTED,2011-06-02 09:37:00,2011-12-08 16:30:00,2329,2930.57,1.5651851851851852
23212,HEART WREATH DECORATION WITH BELL,2011-06-02 09:04:00,2011-12-09 10:03:00,2296,2860.89,1.4950261780104712
23213,STAR WREATH DECORATION WITH BELL,2011-06-02 09:04:00,2011-12-09 10:03:00,1682,2138.42,1.4865806451612902
23214,JINGLE BELL HEART ANTIQUE GOLD,2011-06-01 12:19:00,2011-12-08 12:07:00,789,1695.04,2.3925961538461538
23215,JINGLE BELL HEART ANTIQUE SILVER,2011-06-01 12:19:00,2011-12-09 12:16:00,3564,7038.400000000001,2.2615962441314554
23216,LAUREL HEART ANTIQUE GOLD,2011-06-02 09:37:00,2011-12-08 09:20:00,525,630.73,1.446888888888889
23217,LAUREL HEART ANTIQUE SILVER,2011-06-02 09:37:00,2011-12-06 15:10:00,1309,1613.82,1.5415151515151517
23218,LAUREL STAR ANTIQUE GOLD,2011-07-18 11:55:00,2011-12-08 09:20:00,379,483.03,1.57225
23219,LAUREL STAR ANTIQUE SILVER,2011-06-02 09:04:00,2011-12-08 09:20:00,430,568.6,1.52765625
23220,REINDEER HEART DECORATION GOLD,2011-06-09 13:09:00,2011-12-09 10:03:00,993,869.15,1.0827884615384615
23221,REINDEER HEART DECORATION SILVER,2011-05-31 15:53:00,2011-12-08 16:30:00,1536,1363.04,1.0762416107382549
23222,CHRISTMAS TREE HANGING GOLD,2011-06-23 09:38:00,2011-12-08 15:41:00,799,718.53,1.0467532467532468
23223,CHRISTMAS TREE HANGING SILVER,2011-06-23 09:38:00,2011-12-08 16:30:00,801,750.1899999999999,1.089438202247191
23224,CHERUB HEART DECORATION GOLD,2011-06-02 09:04:00,2011-12-09 10:03:00,738,649.02,1.0394366197183098
23225,CHERUB HEART DECORATION SILVER,2011-06-02 09:37:00,2011-12-08 16:30:00,1355,1176.1699999999998,1.0939772727272727
23226,FILIGREE HEART DAISY WHITE,2011-05-31 12:11:00,2011-12-05 12:30:00,1247,1596.67,1.5736363636363635
23227,FILIGREE HEART BUTTERFLY WHITE,2011-05-26 12:00:00,2011-12-08 17:54:00,1642,2070.06,1.5737606837606837
23228,FILIGREE HEART BIRD WHITE,2011-05-26 10:25:00,2011-12-08 16:30:00,1492,1960.0,1.7907142857142857
23229,VINTAGE DONKEY TAIL GAME,2011-06-14 12:09:00,2011-12-09 12:16:00,1869,6739.71,4.2430078125
23230,WRAP ALPHABET DESIGN,2011-01-13 11:48:00,2011-12-08 14:14:00,7976,3217.92,0.41736170212765955
23231,WRAP DOILEY DESIGN,2011-01-12 15:06:00,2011-12-08 14:14:00,7277,3008.34,0.41907692307692307
23232,WRAP VINTAGE PETALS  DESIGN,2011-01-17 12:31:00,2011-12-08 12:54:00,8526,3436.92,0.417489539748954
23233,WRAP POPPIES  DESIGN,2011-01-16 13:18:00,2011-12-08 11:25:00,5175,2105.5,0.41861635220125787
23234,BISCUIT TIN VINTAGE CHRISTMAS,2011-06-14 12:24:00,2011-12-09 10:03:00,1722,5079.78,3.3792086330935254
23235,STORAGE TIN VINTAGE LEAF,2011-06-08 12:44:00,2011-12-09 08:39:00,736,1950.66,2.9825714285714287
23236,DOILEY STORAGE TIN,2011-06-08 12:44:00,2011-12-08 16:30:00,2493,7059.97,3.2796969696969698
23237,SET OF 4 KNICK KNACK TINS LEAVES,2011-06-08 13:35:00,2011-12-09 12:09:00,1053,4274.39,4.251129943502825
23238,SET OF 4 KNICK KNACK TINS LONDON,2011-06-07 14:03:00,2011-12-09 12:09:00,1849,7771.610000000001,4.752158273381295
23239,SET OF 4 KNICK KNACK TINS POPPIES,2011-06-08 12:44:00,2011-12-09 08:39:00,842,3353.84,4.393646408839779
23240,SET OF 4 KNICK KNACK TINS DOILEY,2011-06-07 13:10:00,2011-12-09 08:48:00,4177,17000.170000000002,4.445494505494506
23241,TREASURE TIN GYMKHANA DESIGN,2011-06-08 12:49:00,2011-12-09 10:03:00,2165,4669.55,2.4851092896174864
23242,TREASURE TIN BUFFALO BILL,2011-06-08 12:49:00,2011-12-08 09:28:00,1470,3024.63,2.2825345622119815
23243,SET OF TEA COFFEE SUGAR TINS PANTRY,2011-06-08 08:12:00,2011-12-09 10:03:00,4800,23489.420000000002,5.866072186836518
23244,ROUND STORAGE TIN VINTAGE LEAF,2011-06-08 13:35:00,2011-12-08 16:30:00,936,1733.9799999999998,2.089642857142857
23245,SET OF 3 REGENCY CAKE TINS,2011-06-08 12:02:00,2011-12-09 12:08:00,6345,31118.550000000003,5.883424657534246
23247,BISCUIT TIN 50'S CHRISTMAS,2011-06-08 13:09:00,2011-12-09 10:03:00,2194,6681.25,3.2880906148867313
23249,VINTAGE RED ENAMEL TRIM PLATE,2011-06-14 10:00:00,2011-12-07 13:46:00,842,1426.1,1.8880246913580248
23250,VINTAGE RED TRIM ENAMEL BOWL,2011-06-14 10:00:00,2011-12-08 13:36:00,1179,1531.03,1.4680909090909091
23251,VINTAGE RED ENAMEL TRIM MUG,2011-06-14 10:00:00,2011-12-09 09:08:00,1712,2105.75,1.4126666666666667
23252,VINTAGE RED ENAMEL TRIM JUG,2011-06-12 12:00:00,2011-12-08 13:50:00,603,2261.61,4.0390579710144925
23253,16 PIECE CUTLERY SET PANTRY DESIGN,2011-04-18 13:13:00,2011-12-08 12:50:00,258,3848.8599999999997,17.148857142857143
23254,CHILDRENS CUTLERY DOLLY GIRL,2011-04-07 11:30:00,2011-12-09 12:50:00,1703,6903.110000000001,4.267142857142858
23255,CHILDRENS CUTLERY CIRCUS PARADE,2011-04-10 12:53:00,2011-12-09 12:50:00,1014,4097.22,4.346962025316456
23256,CHILDRENS CUTLERY SPACEBOY,2011-04-07 11:30:00,2011-12-09 12:50:00,2113,8667.07,4.463064516129032
23263,SET OF 3 WOODEN HEART DECORATIONS,2011-06-02 14:15:00,2011-12-08 16:30:00,3863,5147.19,1.4479957805907173
23264,SET OF 3 WOODEN SLEIGH DECORATIONS,2011-06-09 15:34:00,2011-12-09 10:03:00,1963,2690.81,1.496592356687898
23265,SET OF 3 WOODEN TREE DECORATIONS,2011-06-09 15:34:00,2011-12-09 10:03:00,1769,2404.79,1.4839016393442621
23266,SET OF 3 WOODEN STOCKING DECORATION,2011-06-09 15:34:00,2011-12-09 10:03:00,2053,2743.82,1.454005934718101
23267,SET OF 4 SANTA PLACE SETTINGS,2011-06-23 13:51:00,2011-12-08 15:49:00,1202,1531.95,1.4116216216216215
23268,SET OF 2 CERAMIC CHRISTMAS REINDEER,2011-06-12 11:47:00,2011-11-20 11:09:00,1447,2018.1399999999999,1.6910112359550562
23269,SET OF 2 CERAMIC CHRISTMAS TREES,2011-06-12 11:47:00,2011-12-08 17:54:00,779,1152.98,1.7109473684210526
23270,SET OF 2 CERAMIC PAINTED HEARTS,2011-06-02 19:50:00,2011-12-09 10:51:00,1174,1646.32,1.501171875
23271,CHRISTMAS TABLE CANDLE SILVER SPIKE,2011-06-13 15:44:00,2011-12-08 09:28:00,1731,1496.8899999999999,1.0537735849056602
23272,TREE T-LIGHT HOLDER WILLIE WINKIE,2011-06-22 11:30:00,2011-12-09 08:39:00,364,562.2199999999999,1.916818181818182
23273,HEART T-LIGHT HOLDER WILLIE WINKIE,2011-06-05 14:06:00,2011-12-08 16:30:00,969,1649.0499999999997,1.8786725663716815
23274,STAR T-LIGHT HOLDER WILLIE WINKIE,2011-06-05 14:06:00,2011-12-09 10:51:00,1180,2004.9999999999998,2.0156666666666667
23275,SET OF 3 HANGING OWLS OLLIE BEAK,2011-06-02 12:37:00,2011-12-09 12:49:00,3720,4521.72,1.4738323353293412
23280,FOLDING BUTTERFLY MIRROR HOT PINK,2011-05-09 16:35:00,2011-12-09 10:03:00,2023,1614.16,1.0603164556962026
23281,FOLDING BUTTERFLY MIRROR RED,2011-05-10 14:20:00,2011-12-08 18:51:00,1280,1000.82,0.9803846153846153
23282,FOLDING BUTTERFLY MIRROR IVORY,2011-05-09 16:35:00,2011-12-05 17:24:00,812,757.86,1.255912408759124
23283,DOORMAT VINTAGE LEAVES DESIGN,2011-04-27 13:06:00,2011-12-08 19:29:00,994,7003.38,8.65824034334764
23284,DOORMAT KEEP CALM AND COME IN,2011-04-27 12:57:00,2011-12-09 10:03:00,5487,38133.64,8.776284153005465
23285,PINK VINTAGE SPOT BEAKER,2011-06-12 13:17:00,2011-12-09 10:03:00,4807,4572.41,1.06703125
23286,BLUE VINTAGE SPOT BEAKER,2011-06-12 13:12:00,2011-12-08 09:28:00,5048,4747.62,1.03009009009009
23287,RED VINTAGE SPOT BEAKER,2011-06-13 16:33:00,2011-12-09 10:03:00,1879,1603.3899999999999,1.03395
23288,GREEN VINTAGE SPOT BEAKER,2011-06-12 13:17:00,2011-12-08 09:28:00,4625,4444.2300000000005,1.0418817204301074
23289,DOLLY GIRL CHILDRENS BOWL,2011-06-13 16:33:00,2011-12-08 09:20:00,1622,2013.7,1.5367708333333334
23290,SPACEBOY CHILDRENS BOWL,2011-06-13 16:33:00,2011-12-09 10:03:00,2430,2890.3500000000004,1.4357009345794394
23291,DOLLY GIRL CHILDRENS CUP,2011-06-13 16:33:00,2011-12-08 16:30:00,1634,2059.03,1.5237244897959183
23292,SPACE BOY CHILDRENS CUP,2011-06-13 16:33:00,2011-12-09 10:03:00,2181,2703.33,1.5313004484304933
23293,SET OF 12 FAIRY CAKE BAKING CASES,2011-07-12 15:56:00,2011-12-09 12:19:00,8471,6989.54,1.0651805054151624
23294,SET OF 6 SNACK LOAF BAKING CASES,2011-07-12 15:56:00,2011-12-09 10:03:00,4392,3607.81,1.089776536312849
23295,SET OF 12 MINI LOAF BAKING CASES,2011-07-12 15:56:00,2011-12-09 10:26:00,6134,5073.45,1.1117555555555554
23296,SET OF 6 TEA TIME BAKING CASES,2011-07-12 15:56:00,2011-12-08 19:57:00,4979,5985.55,1.524240837696335
23297,SET 40 HEART SHAPE PETIT FOUR CASES,2011-07-12 15:56:00,2011-11-22 16:47:00,4303,6792.23,1.8389570552147239
23298,SPOTTY BUNTING,2011-05-04 13:57:00,2011-12-09 12:16:00,8466,43148.18,5.519121447028423
23299,FOOD COVER WITH BEADS SET 2,2011-05-04 13:57:00,2011-12-09 10:03:00,1012,3772.88,4.370479452054795
23300,GARDENERS KNEELING PAD CUP OF TEA,2011-05-15 11:43:00,2011-12-09 10:26:00,6809,11785.99,1.9087597911227152
23301,GARDENERS KNEELING PAD KEEP CALM,2011-05-15 11:43:00,2011-12-09 11:26:00,8807,16327.349999999999,1.9439673913043478
23302,KNEELING MAT HOUSEWORK  DESIGN,2011-05-15 15:31:00,2011-12-09 09:07:00,1536,2181.4199999999996,1.8876394849785407
23303,SET 4 PICNIC CUTLERY FONDANT,2011-10-26 13:22:00,2011-12-05 10:14:00,65,126.75,1.95
23304,SET 4 PICNIC CUTLERY CHERRY,2011-10-30 11:25:00,2011-12-06 12:09:00,71,138.45,1.9500000000000002
23305,SET 4 PICNIC CUTLERY BLUEBERRY,2011-10-23 15:27:00,2011-12-06 12:09:00,82,159.9,1.9500000000000002
23306,SET OF 36 DOILIES PANTRY DESIGN,2011-06-05 11:29:00,2011-12-05 17:24:00,2808,4123.38,1.8061290322580643
23307,SET OF 60 PANTRY DESIGN CAKE CASES,2011-06-03 12:07:00,2011-12-09 10:03:00,12049,6371.89,0.6839469578783152
23308,SET OF 60 VINTAGE LEAF CAKE CASES,2011-06-05 14:06:00,2011-12-09 10:03:00,6139,3272.61,0.6942159383033419
23309,SET OF 60 I LOVE LONDON CAKE CASES,2011-06-02 15:13:00,2011-12-09 10:03:00,8275,4495.85,0.7424170616113744
23310,BUBBLEGUM RING ASSORTED,2011-06-09 11:49:00,2011-12-09 10:03:00,12050,4997.28,0.47804878048780486
23311,VINTAGE CHRISTMAS STOCKING,2011-07-14 13:28:00,2011-12-09 10:26:00,2390,6488.2,2.9656772334293944
23312,VINTAGE CHRISTMAS GIFT SACK,2011-07-17 13:25:00,2011-12-09 10:26:00,1423,5964.150000000001,4.452293577981651
23313,VINTAGE CHRISTMAS BUNTING,2011-07-12 15:15:00,2011-12-09 12:19:00,2990,15798.66,5.548627450980392
23314,VINTAGE CHRISTMAS TABLECLOTH,2011-07-15 10:44:00,2011-12-09 10:03:00,407,5012.96,13.607881355932204
23315,IVORY REFECTORY CLOCK,2011-06-23 18:44:00,2011-12-08 16:30:00,213,2094.24,10.776511627906977
23316,RED REFECTORY CLOCK,2011-06-23 18:44:00,2011-12-08 15:31:00,250,2501.64,11.109454545454545
23317,BLUE REFECTORY CLOCK,2011-06-26 13:46:00,2011-12-09 12:00:00,173,1777.46,11.226951219512195
23318,BOX OF 6 MINI VINTAGE CRACKERS,2011-07-04 10:17:00,2011-12-09 12:19:00,3809,9162.41,2.7416492146596863
23319,BOX OF 6 MINI 50'S CRACKERS,2011-07-07 12:38:00,2011-12-09 12:19:00,3720,9219.53,2.651167883211679
23320,GIANT 50'S CHRISTMAS CRACKER,2011-07-05 12:47:00,2011-12-09 11:34:00,2661,7053.57,2.805680473372781
23321,SMALL WHITE HEART OF WICKER,2011-06-09 12:21:00,2011-12-08 13:47:00,4716,8438.539999999999,1.7480124223602485
23322,LARGE WHITE HEART OF WICKER,2011-06-12 12:01:00,2011-12-09 10:03:00,3069,8878.210000000001,3.1351398601398603
23323,WHITE WICKER STAR,2011-06-23 18:33:00,2011-12-09 10:03:00,1469,3146.78,2.251291390728477
23324,RUSTIC STRAWBERRY JAMPOT LARGE,2011-08-05 15:45:00,2011-12-05 17:28:00,399,816.0400000000001,2.209318181818182
23325,RUSTIC STRAWBERRY JAMPOT SMALL,2011-08-11 16:30:00,2011-11-27 15:38:00,462,740.9399999999999,1.8145714285714285
23326,HANGING MINI COLOURED BOTTLES,2011-08-11 12:53:00,2011-12-09 12:00:00,3442,2237.08,2.638026315789473
23327,HANGING CLEAR MINI BOTTLE,2011-08-10 16:01:00,2011-12-05 16:05:00,1734,1051.14,0.7871428571428571
23328,SET 6 SCHOOL MILK BOTTLES IN CRATE,2011-08-08 15:42:00,2011-12-09 12:31:00,2841,13269.49,4.845672371638142
23329,DECORATIVE WICKER HEART LARGE,2011-08-07 15:43:00,2011-12-08 18:42:00,1767,3038.1899999999996,1.7691199999999998
23330,DECORATIVE WICKER HEART MEDIUM,2011-08-08 13:53:00,2011-12-08 18:42:00,1794,2286.97,1.3630044843049327
23331,DECORATIVE WICKER HEART SMALL,2011-08-10 16:01:00,2011-12-08 18:42:00,1596,1062.28,0.781578947368421
23332,IVORY WICKER HEART LARGE,2011-08-07 15:43:00,2011-12-09 10:03:00,2059,3542.7099999999996,1.7616891891891888
23333,IVORY WICKER HEART MEDIUM,2011-08-08 14:37:00,2011-12-07 14:12:00,2089,2695.45,1.3329218106995884
23334,IVORY WICKER HEART SMALL,2011-08-08 14:37:00,2011-12-09 12:20:00,2271,1491.75,0.7883823529411764
23335,EGG FRYING PAN IVORY,2011-06-13 16:33:00,2011-12-08 13:45:00,377,790.7800000000001,2.3288659793814435
23336,EGG FRYING PAN PINK,2011-06-13 16:33:00,2011-12-09 10:03:00,225,519.25,2.604418604651163
23337,EGG FRYING PAN MINT,2011-06-13 16:33:00,2011-12-08 16:30:00,180,388.75,2.287971014492754
23338,EGG FRYING PAN RED,2011-06-12 13:17:00,2011-12-09 12:20:00,431,915.4000000000001,2.3390825688073393
23339,EGG FRYING PAN BLUE,2011-06-13 16:33:00,2011-12-08 16:30:00,173,400.84000000000003,2.511578947368421
23340,VINTAGE CHRISTMAS CAKE FRILL,2011-07-31 15:31:00,2011-12-09 10:03:00,2500,4034.08,1.9589473684210525
23341,PINK DINER WALL CLOCK,2011-06-24 09:22:00,2011-12-08 15:54:00,307,2741.35,9.943057851239669
23342,MINT DINER WALL CLOCK,2011-06-24 09:22:00,2011-12-07 12:19:00,373,3176.41,8.833496932515336
23343,JUMBO BAG VINTAGE CHRISTMAS,2011-06-13 11:33:00,2011-12-09 12:19:00,6078,13972.710000000001,2.417366255144033
23344,JUMBO BAG 50'S CHRISTMAS,2011-06-15 13:25:00,2011-12-09 12:19:00,10285,23772.07,2.4177423822714683
23345,DOLLY GIRL BEAKER,2011-07-24 16:13:00,2011-12-09 10:03:00,2451,2886.25,1.5064204545454545
23346,SPACEBOY BEAKER,2011-07-24 16:13:00,2011-12-08 16:30:00,2628,3112.34,1.5186559139784948
23347,I LOVE LONDON BEAKER,2011-07-24 16:15:00,2011-12-09 10:03:00,860,1077.3,1.5569387755102042
23348,CHILDRENS TOY COOKING UTENSIL SET,2011-04-18 13:49:00,2011-11-23 12:20:00,746,1633.81,2.5796470588235296
23349,ROLL WRAP VINTAGE CHRISTMAS,2011-08-04 15:23:00,2011-12-09 11:34:00,3221,4342.6,1.5426530612244898
23350,ROLL WRAP VINTAGE SPOT,2011-08-04 15:23:00,2011-12-09 12:19:00,2712,3445.08,1.4612861736334404
23351,ROLL WRAP 50'S CHRISTMAS,2011-08-04 16:17:00,2011-12-09 10:26:00,3535,4875.65,1.5103072625698326
23352,ROLL WRAP 50'S RED CHRISTMAS,2011-08-04 16:17:00,2011-12-09 10:26:00,1800,2459.2,1.511643192488263
23353,6 GIFT TAGS VINTAGE CHRISTMAS,2011-08-02 14:04:00,2011-12-09 12:19:00,4007,3510.0499999999997,0.9988519637462235
23354,6 GIFT TAGS 50'S CHRISTMAS,2011-08-02 14:04:00,2011-12-09 10:26:00,3740,3429.3999999999996,0.9722121212121212
23355,HOT WATER BOTTLE KEEP CALM,2011-08-22 13:32:00,2011-12-09 11:56:00,5816,28718.800000000003,5.271557788944723
23356,LOVE HOT WATER BOTTLE,2011-08-22 12:52:00,2011-12-09 12:31:00,2359,13334.320000000002,6.205617283950618
23357,HOT WATER BOTTLE SEX BOMB,2011-08-21 15:17:00,2011-12-09 10:23:00,450,1982.0500000000002,5.005242718446602
23358,HOT STUFF HOT WATER BOTTLE,2011-08-21 15:17:00,2011-12-09 10:23:00,594,2008.38,4.198539325842697
23359,SET OF 12 T-LIGHTS VINTAGE DOILEY,2011-08-02 12:27:00,2011-12-08 13:18:00,990,1866.4599999999998,1.9862025316455696
23360,SET 8 CANDLES VINTAGE DOILEY,2011-08-02 11:33:00,2011-12-08 12:26:00,1182,2286.4,2.0620689655172413
23365,SET 12 COLOUR PENCILS LOVE LONDON,2011-09-22 12:13:00,2011-12-09 10:03:00,1857,1463.0800000000002,0.7943930635838151
23366,SET 12 COLOURING PENCILS DOILY,2011-09-22 11:46:00,2011-12-09 10:03:00,2249,1667.95,0.8156565656565656
23367,SET 12 COLOUR PENCILS SPACEBOY,2011-09-22 11:46:00,2011-12-09 10:13:00,3278,2491.2000000000003,0.7566666666666667
23368,SET 12 COLOUR PENCILS DOLLY GIRL,2011-09-22 12:45:00,2011-12-09 10:26:00,2379,1679.5500000000002,0.784322033898305
23369,SET 36 COLOUR PENCILS LOVE LONDON,2011-09-22 12:13:00,2011-12-09 10:26:00,1105,1581.06,1.4970542635658914
23370,SET 36 COLOUR PENCILS DOILEY,2011-09-22 12:02:00,2011-12-09 10:26:00,1550,2151.6,1.538627450980392
23371,SET 36 COLOUR PENCILS SPACEBOY,2011-09-22 12:02:00,2011-12-09 11:34:00,1705,2304.78,1.5179032258064515
23372,SET 36 COLOUR PENCILS DOLLY GIRL,2011-09-22 13:51:00,2011-12-09 10:03:00,1389,1750.29,1.6135761589403974
23373,VINTAGE CHRISTMAS PAPER GIFT BAG,2011-08-02 14:04:00,2011-12-06 16:26:00,1608,1313.3899999999999,0.9070999999999999
23374,RED SPOT PAPER GIFT BAG,2011-08-02 14:23:00,2011-12-08 13:45:00,2456,1962.83,0.867175572519084
23375,50'S CHRISTMAS PAPER GIFT BAG,2011-08-22 10:39:00,2011-12-09 10:03:00,1342,1100.6899999999998,0.9369902912621358
23376,PACK OF 12 VINTAGE CHRISTMAS TISSUE,2011-09-01 11:30:00,2011-12-09 12:19:00,3039,1384.9099999999999,0.5079245283018868
23377,PACK OF 12 DOLLY GIRL TISSUES,2011-09-04 12:41:00,2011-12-09 10:03:00,1351,592.4499999999999,0.5607462686567164
23378,PACK OF 12 50'S CHRISTMAS TISSUES,2011-09-01 11:30:00,2011-12-09 10:03:00,3997,1840.08,0.46322404371584697
23379,PACK OF 12 RED APPLE TISSUES,2011-09-05 12:00:00,2011-12-09 10:03:00,1220,465.36,0.5376623376623376
23380,PACK OF 12 VINTAGE DOILY TISSUES,2011-09-05 12:00:00,2011-12-09 10:03:00,2344,983.5,0.48520325203252035
23381,PACK OF 12 VINTAGE LEAF TISSUES,2011-09-05 12:00:00,2011-12-09 10:03:00,1496,562.88,0.4760493827160494
23382,BOX OF 6 CHRISTMAS CAKE DECORATIONS,2011-10-13 13:42:00,2011-12-09 11:34:00,1875,7356.18,4.660950226244344
23388,WOODLAND MINI BACKPACK,2011-09-11 15:47:00,2011-12-09 10:26:00,821,3432.09,4.634285714285714
23389,SPACEBOY MINI BACKPACK,2011-09-11 13:39:00,2011-12-09 12:16:00,1115,4751.49,4.531338912133891
23390,DOLLY GIRL MINI BACKPACK,2011-09-11 13:39:00,2011-12-09 10:13:00,747,3025.59,4.389759036144579
23391,I LOVE LONDON MINI BACKPACK,2011-09-11 11:29:00,2011-12-09 10:03:00,389,1628.17,4.611363636363636
23392,SPACEBOY ROCKET LOLLY MAKERS,2011-09-06 10:42:00,2011-12-09 10:03:00,662,1475.03,2.7042982456140354
23393,HOME SWEET HOME CUSHION COVER,2011-09-04 12:07:00,2011-12-08 16:30:00,801,3207.91,4.481428571428571
23394,POSTE FRANCE CUSHION COVER,2011-09-04 12:07:00,2011-12-08 18:42:00,435,1877.65,4.954210526315789
23395,BELLE JARDINIERE CUSHION COVER,2011-09-04 12:07:00,2011-12-08 18:42:00,748,3257.08,4.915592417061611
23396,BUTTERFLY CUSHION COVER,2011-09-04 12:07:00,2011-12-08 18:42:00,654,2750.5299999999997,4.802587064676617
23397,FOOT STOOL HOME SWEET HOME,2011-09-04 12:24:00,2011-12-08 16:30:00,489,5097.65,11.573870967741934
23398,HANGING HEART BONHEUR,2011-09-04 14:08:00,2011-12-08 13:50:00,606,535.35,1.0450666666666666
23399,HOME SWEET HOME HANGING HEART,2011-09-04 12:54:00,2011-12-09 10:03:00,1914,1745.55,1.1070085470085471
23400,SHELF WITH 4 HOOKS HOME SWEET HOME,2011-09-06 11:55:00,2011-12-08 10:59:00,461,2409.34,6.854074074074074
23401,RUSTIC MIRROR WITH LACE HEART,2011-09-07 16:27:00,2011-12-08 18:43:00,459,2354.87,7.090361445783133
23402,HOME SWEEET HOME 3 PEG HANGER,2011-09-05 12:00:00,2011-12-08 09:28:00,296,1147.28,4.4525
23403,LETTER HOLDER HOME SWEET HOME,2011-09-05 12:00:00,2011-12-08 16:30:00,625,2204.11,4.374
23404,HOME SWEET HOME BLACKBOARD,2011-09-05 10:15:00,2011-12-09 11:50:00,1011,4561.76,6.0208875739644965
23405,HOME SWEET HOME 2 DRAWER CABINET,2011-09-05 11:18:00,2011-12-09 10:03:00,252,1311.48,5.985492957746479
23406,HOME SWEET HOME KEY HOLDER,2011-09-05 10:15:00,2011-12-06 14:23:00,456,2422.6600000000003,7.10990990990991
23407,SET OF 2 TRAYS HOME SWEET HOME,2011-09-04 12:07:00,2011-12-08 17:37:00,265,2709.43,10.68142857142857
23408,PHOTO FRAME LINEN AND LACE SMALL,2011-09-07 16:27:00,2011-12-07 12:33:00,310,644.8000000000001,2.08
23409,PHOTO FRAME LINEN AND LACE LARGE,2011-09-07 16:00:00,2011-12-05 12:03:00,215,801.6800000000001,3.8148837209302324
23410,CURIO CABINET LINEN AND LACE,2011-09-08 10:35:00,2011-11-25 13:09:00,36,290.1,8.027777777777779
23411,TRELLIS COAT RACK,2011-09-04 14:08:00,2011-12-02 17:12:00,227,1118.6100000000001,5.844035087719298
23412,HEART MIRROR ANTIQUE WHITE,2011-09-06 09:53:00,2011-10-10 17:26:00,358,2354.8,7.724415584415584
23413,VINTAGE COFFEE GRINDER BOX,2011-09-07 16:00:00,2011-12-08 16:30:00,173,909.3100000000001,6.318275862068965
23414,ZINC BOX SIGN HOME,2011-09-04 16:09:00,2011-11-30 17:37:00,141,1378.75,10.073749999999999
23415,HOME SWEET HOME HOOK,2011-09-07 15:52:00,2011-12-08 15:54:00,328,412.17999999999995,1.4517021276595745
23416,CHAMBRE HOOK,2011-09-12 13:43:00,2011-12-08 14:39:00,132,184.67999999999998,1.7564
23417,BATHROOM HOOK,2011-09-07 15:52:00,2011-12-08 14:39:00,146,157.5,1.5964285714285713
23418,LAVENDER TOILETTE BOTTLE,2011-09-11 10:53:00,2011-12-09 10:03:00,557,1166.0,2.562025316455696
23419,HOME SWEET HOME BOTTLE,2011-09-11 10:53:00,2011-12-08 09:20:00,473,1043.72,2.6725581395348836
23420,PANTRY HOOK TEA STRAINER,2011-09-15 12:46:00,2011-12-04 12:44:00,164,351.37,2.33625
23421,PANTRY HOOK SPATULA,2011-09-08 13:38:00,2011-12-04 12:44:00,160,349.2,2.5148484848484847
23422,PANTRY HOOK BALLOON WHISK,2011-09-07 16:48:00,2011-12-08 09:20:00,213,477.89,2.777872340425532
23423,PANTRY 3 HOOK ROLLING PIN HANGER,2011-09-08 13:38:00,2011-12-08 09:20:00,219,876.9,4.536969696969697
23424,GINGHAM RECIPE BOOK BOX,2011-09-04 16:09:00,2011-12-09 08:59:00,462,2509.62,6.186740740740741
23425,STORAGE TIN HOME SWEET HOME,2011-09-04 16:09:00,2011-12-09 10:46:00,275,621.44,3.0989285714285715
23426,METAL SIGN DROP YOUR PANTS,2011-09-05 16:22:00,2011-12-09 10:03:00,1275,3444.4300000000003,3.3344711538461542
23427,STOOL HOME SWEET HOME,2011-09-04 12:07:00,2011-12-08 11:15:00,237,2860.58,12.967478260869566
23428,IVORY RETRO KITCHEN WALL CLOCK,2011-11-17 10:01:00,2011-12-09 08:48:00,77,675.91,9.915454545454546
23429,RED RETRO KITCHEN WALL CLOCK,2011-11-21 10:35:00,2011-12-09 08:48:00,47,400.01,8.887391304347826
23430,BLUE RETRO KITCHEN WALL CLOCK,2011-11-20 15:35:00,2011-12-09 08:48:00,36,301.88,8.621111111111112
23431,NATURAL HANGING QUILTED HEARTS,2011-08-26 09:55:00,2011-12-01 11:20:00,1449,1171.23,1.363918918918919
23432,PRETTY HANGING QUILTED HEARTS,2011-08-31 10:06:00,2011-12-06 14:40:00,1276,1088.36,1.3654054054054052
23433,HANGING QUILTED PATCHWORK APPLES,2011-08-26 12:49:00,2011-12-04 13:32:00,1258,1108.58,1.5002247191011233
23434,3 RAFFIA RIBBONS 50'S CHRISTMAS,2011-09-11 10:58:00,2011-12-09 10:03:00,2095,1884.17,0.8802
23435,3 RAFFIA RIBBONS VINTAGE CHRISTMAS,2011-09-09 16:13:00,2011-12-09 10:03:00,824,732.4200000000001,0.8976767676767677
23436,GIFT BAG LARGE VINTAGE CHRISTMAS,2011-08-02 14:04:00,2011-12-08 09:20:00,1979,2367.39,1.4442982456140352
23437,50'S CHRISTMAS GIFT BAG LARGE,2011-08-22 15:05:00,2011-12-09 10:26:00,1939,2373.63,1.4238931297709925
23438,RED SPOT GIFT BAG LARGE,2011-08-03 12:20:00,2011-12-09 10:20:00,1809,2209.92,1.370183486238532
23439,HAND WARMER RED LOVE HEART,2011-08-24 14:23:00,2011-12-09 10:20:00,3986,8855.51,2.2266262135922332
23440,PAINT YOUR OWN EGGS IN CRATE,2011-11-24 15:01:00,2011-12-07 15:16:00,164,299.36,2.022
23441,HAND PAINTED HANGING EASTER EGG,2011-11-23 10:39:00,2011-12-07 13:12:00,22,9.24,0.42
23442,12 HANGING EGGS HAND PAINTED,2011-11-15 17:14:00,2011-12-07 13:12:00,40,83.2,2.08
23444,NEXT DAY CARRIAGE,2011-05-26 16:11:00,2011-12-08 12:10:00,79,1200.0,15.189873417721518
23445,ICE CREAM BUBBLES,2011-08-24 11:31:00,2011-12-09 08:59:00,2668,2161.24,0.8659803921568627
23446,BLUE BUNNY EASTER EGG BASKET,2011-10-10 13:55:00,2011-12-07 15:16:00,157,230.24999999999997,1.5833333333333333
23447,PINK BUNNY EASTER EGG BASKET,2011-10-10 13:55:00,2011-12-07 15:16:00,158,231.89999999999998,1.5999999999999999
23448,CREAM BUNNY EASTER EGG BASKET,2011-10-10 13:55:00,2011-11-30 09:50:00,25,41.24999999999999,1.6499999999999997
23449,SET OF 6 EASTER RAINBOW CHICKS,2011-11-15 17:14:00,2011-11-15 17:14:00,12,15.0,1.25
23451,SQUARE MINI PORTRAIT FRAME,2011-10-14 14:04:00,2011-12-09 10:03:00,277,556.17,2.273396226415094
23452,HEART MINI PORTRAIT FRAME,2011-10-14 13:35:00,2011-12-08 14:39:00,518,1021.76,2.07183908045977
23453,OVAL  MINI PORTRAIT FRAME,2011-10-14 12:33:00,2011-12-08 13:59:00,316,615.98,1.9883673469387753
23454,SET OF 3 MINI HANGING PORTRAITS,2011-10-21 13:13:00,2011-12-08 14:39:00,174,733.2,4.5190909090909095
23455,SMALL PARLOUR PICTURE FRAME,2011-10-16 15:44:00,2011-12-08 12:26:00,207,569.4300000000001,2.867777777777778
23456,MEDIUM PARLOUR PICTURE FRAME,2011-10-16 12:25:00,2011-12-04 12:44:00,158,634.1,4.116666666666667
23457,LARGE PARLOUR PICTURE FRAME,2011-10-16 15:44:00,2011-12-08 13:45:00,112,549.88,5.109354838709678
23458,DOLLY CABINET 3 DRAWERS,2011-10-17 15:18:00,2011-12-08 14:58:00,51,762.4499999999999,14.95
23459,DOLLY CABINET 2 DRAWERS,2011-10-16 12:19:00,2011-12-08 12:10:00,33,412.5,12.5
23460,SWEETHEART WALL TIDY,2011-10-20 12:57:00,2011-12-05 14:39:00,108,1007.0799999999999,9.900930232558139
23461,SWEETHEART BIRD HOUSE,2011-09-29 15:57:00,2011-12-07 17:25:00,847,3041.21,4.551500000000001
23462,ROCOCO WALL MIRROR WHITE,2011-10-20 13:06:00,2011-12-08 17:37:00,80,1607.04,20.69695652173913
23463,VINTAGE ZINC WATERING CAN,2011-10-16 12:28:00,2011-12-09 09:07:00,13,139.39999999999998,11.206249999999999
23464,VINTAGE ZINC WATERING CAN SMALL,2011-10-16 12:28:00,2011-12-09 09:07:00,18,99.2,6.2125
23465,TUSCAN VILLA FEEDING STATION,2011-10-04 16:39:00,2011-12-08 09:28:00,29,247.63,8.77375
23466,TUSCAN VILLA DOVECOTE,2011-09-30 08:18:00,2011-12-08 16:30:00,55,498.03,10.084444444444443
23467,VINTAGE ZINC PLANTER,2011-10-17 10:10:00,2011-12-09 10:03:00,32,120.08000000000001,4.366363636363636
23468,TUSCAN VILLA BIRD TABLE,2011-10-06 17:28:00,2011-11-23 15:53:00,19,156.75,8.25
23469,CARD HOLDER LOVE BIRD SMALL,2011-09-30 09:39:00,2011-12-09 10:03:00,332,1355.24,4.643611111111111
23470,CARD HOLDER LOVE BIRD LARGE,2011-10-02 13:26:00,2011-12-05 15:44:00,232,1460.5,6.810714285714286
23471,SIX DRAWER OFFICE TIDY,2011-09-30 15:02:00,2011-12-02 17:12:00,65,616.79,10.162592592592592
23472,NINE DRAWER OFFICE TIDY,2011-10-02 12:11:00,2011-12-07 13:53:00,58,894.42,16.09060606060606
23473,WOODLAND SMALL RED FELT HEART,2011-10-20 12:24:00,2011-12-07 15:43:00,678,552.02,0.9533333333333333
23474,WOODLAND SMALL BLUE FELT HEART,2011-10-24 13:37:00,2011-12-08 10:53:00,312,270.96,1.0405263157894737
23475,WOODLAND SMALL PINK FELT HEART,2011-10-27 16:23:00,2011-12-07 15:43:00,286,242.17999999999998,0.959032258064516
23476,WOODLAND LARGE RED FELT HEART,2011-10-20 12:07:00,2011-11-30 15:43:00,205,264.72,1.4700000000000002
23477,WOODLAND LARGE BLUE FELT HEART,2011-10-20 12:07:00,2011-11-30 15:43:00,92,123.47,1.7153846153846155
23478,WOODLAND LARGE PINK FELT HEART,2011-10-20 12:07:00,2011-12-01 14:17:00,285,324.40000000000003,1.5130769230769232
23479,WIRE EGG BASKET,2011-10-17 12:41:00,2011-12-08 14:38:00,113,872.38,8.26659090909091
23480,MINI LIGHTS WOODLAND MUSHROOMS,2011-10-19 15:09:00,2011-12-09 12:19:00,1798,6719.14,4.428761467889909
23481,PEARLISED IVORY HEART SMALL,2011-10-17 15:06:00,2011-12-06 11:58:00,228,281.17,1.28125
23482,PEARLISED IVORY HEART LARGE,2011-10-14 14:04:00,2011-12-06 15:10:00,418,661.02,1.765897435897436
23483,HANGING  BUTTERFLY T-LIGHT HOLDER,2011-10-03 12:47:00,2011-12-08 17:12:00,1328,1636.36,2.409054054054054
23484,HEART TRELLISTRIPLE T-LIGHT HOLDER,2011-09-30 10:18:00,2011-12-08 16:30:00,185,547.35,3.673333333333334
23485,BOTANICAL GARDENS WALL CLOCK,2011-10-20 14:51:00,2011-12-08 17:37:00,262,5843.92,24.791807228915662
23486,ANTIQUE HEART SHELF UNIT,2011-10-20 12:21:00,2011-12-08 14:39:00,275,4145.47,17.8127027027027
23487,SWEET HEART CAKE CARRIER,2011-10-14 11:15:00,2011-12-08 14:58:00,80,795.5799999999999,10.365454545454545
23489,"GARLAND, VINTAGE BELLS",2011-10-20 10:10:00,2011-12-09 12:19:00,913,2709.23,3.221454545454545
23490,T-LIGHT HOLDER HANGING LOVE BIRD,2011-10-14 12:33:00,2011-12-08 14:39:00,542,2032.77,3.961287128712871
23491,VINTAGE JINGLE BELLS HEART,2011-10-20 10:10:00,2011-12-07 12:55:00,228,1897.76,8.462151898734177
23492,VINTAGE JINGLE BELLS WREATH,2011-10-20 10:10:00,2011-12-05 10:09:00,76,635.38,8.549285714285714
23493,VINTAGE DOILY TRAVEL SEWING KIT,2011-09-22 12:13:00,2011-12-09 10:26:00,3964,8497.98,2.156320754716981
23494,VINTAGE DOILY DELUXE SEWING KIT,2011-09-25 12:31:00,2011-12-09 10:26:00,809,5354.01,6.812864077669903
23495,SET OF 3 PANTRY WOODEN SPOONS,2011-10-30 11:55:00,2011-12-09 10:03:00,225,306.66,1.7221951219512195
23496,PANTRY KITCHEN THERMOMETER,2011-10-30 11:55:00,2011-12-08 10:59:00,112,154.52,1.562258064516129
23497,CLASSIC CHROME BICYCLE BELL,2011-10-28 13:04:00,2011-12-09 10:26:00,2558,3656.02,1.62365
23498,CLASSIC BICYCLE CLIPS,2011-11-25 10:58:00,2011-12-09 12:21:00,1640,2372.68,1.657941176470588
23499,SET 12 VINTAGE DOILY CHALK,2011-10-20 13:54:00,2011-12-08 16:30:00,1312,586.23,0.4831858407079646
23500,KEY RING BASEBALL BOOT ASSORTED,2011-10-04 13:58:00,2011-12-08 16:30:00,1626,2038.33,1.3861764705882351
23501,KEY RING BASEBALL BOOT UNION JACK,2011-10-05 10:11:00,2011-12-09 10:26:00,1821,2217.87,1.4955263157894738
23502,PLAYING CARDS VINTAGE DOILEY,2011-09-22 12:02:00,2011-12-07 13:53:00,714,896.41,1.3016842105263158
23503,PLAYING CARDS KEEP CALM & CARRY ON,2011-09-22 09:52:00,2011-12-09 08:59:00,3643,4860.55,1.279298245614035
23504,PLAYING CARDS JUBILEE UNION JACK,2011-09-22 11:46:00,2011-12-08 13:50:00,1927,2848.89,1.3483410138248846
23505,PLAYING CARDS I LOVE LONDON,2011-09-22 12:55:00,2011-12-08 15:03:00,1200,1651.29,1.3546153846153848
23506,MINI PLAYING CARDS SPACEBOY,2011-09-22 12:02:00,2011-12-09 10:03:00,2723,1129.1200000000001,0.46264900662251657
23507,MINI PLAYING CARDS BUFFALO BILL,2011-09-22 14:11:00,2011-12-08 16:30:00,2882,1155.67,0.4734645669291338
23508,MINI PLAYING CARDS DOLLY GIRL,2011-09-22 14:11:00,2011-12-09 10:03:00,2627,1163.45,0.4665625
23509,MINI PLAYING CARDS FUN FAIR,2011-09-22 14:11:00,2011-12-08 10:40:00,1062,451.46000000000004,0.4865151515151515
23510,MINI PLAYING CARDS GYMKHANA,2011-09-22 14:11:00,2011-12-09 10:03:00,2521,1118.8,0.4972
23511,EMBROIDERED RIBBON REEL EMILY,2011-09-22 12:23:00,2011-12-08 11:53:00,571,1252.01,2.3309090909090906
23512,EMBROIDERED RIBBON REEL ROSIE,2011-09-22 14:10:00,2011-12-08 11:53:00,500,975.24,2.3164912280701753
23513,EMBROIDERED RIBBON REEL SUSIE,2011-09-22 14:18:00,2011-12-05 17:28:00,566,1114.26,2.306
23514,EMBROIDERED RIBBON REEL SALLY,2011-09-22 14:10:00,2011-12-04 12:44:00,478,977.39,2.349189189189189
23515,EMBROIDERED RIBBON REEL DAISY,2011-09-22 14:10:00,2011-12-09 12:16:00,579,1164.98,2.3925
23516,EMBROIDERED RIBBON REEL SOPHIE,2011-09-25 12:22:00,2011-12-05 16:05:00,296,1058.6,3.848181818181818
23517,EMBROIDERED RIBBON REEL REBECCA,2011-09-22 12:23:00,2011-12-06 16:26:00,334,996.38,3.4480952380952385
23518,EMBROIDERED RIBBON REEL RACHEL,2011-09-22 14:10:00,2011-12-02 14:30:00,361,980.41,3.0959090909090907
23519,EMBROIDERED RIBBON REEL CLAIRE,2011-09-25 12:22:00,2011-11-24 09:21:00,224,792.31,4.484583333333333
23520,EMBROIDERED RIBBON REEL RUBY,2011-09-22 12:23:00,2011-12-05 16:05:00,167,600.55,3.9675
23521,CAT AND BIRD WALL ART,2011-10-03 11:37:00,2011-12-09 10:03:00,413,793.37,4.204090909090909
23522,DOG AND BALL WALL ART,2011-10-03 11:01:00,2011-12-08 15:54:00,354,727.4399999999999,3.680625
23523,TREASURE AHOY WALL ART,2011-10-03 11:37:00,2011-12-08 16:38:00,360,1173.8100000000002,3.9346341463414634
23524,HORSE & PONY WALL ART,2011-10-02 13:46:00,2011-12-09 11:34:00,481,1557.63,4.323968253968254
23525,BUFFALO BILL WALL ART,2011-10-02 15:50:00,2011-12-09 11:34:00,582,1863.8200000000002,4.1639622641509435
23526,DOG LICENCE WALL ART,2011-10-03 11:01:00,2011-12-09 10:03:00,1012,6021.4,8.24888888888889
23527,ANIMALS AND NATURE WALL ART,2011-10-03 12:17:00,2011-12-09 11:34:00,420,1428.56,3.998125
23528,SPACEBOY WALL ART,2011-10-03 11:01:00,2011-12-08 16:30:00,479,1504.49,4.7792
23529,DOLLY GIRL WALL ART,2011-10-03 12:48:00,2011-12-08 09:20:00,637,2011.9900000000002,4.338648648648649
23530,WALL ART ONLY ONE PERSON,2011-10-03 11:37:00,2011-12-09 10:03:00,1056,4436.27,5.577586206896552
23531,WALL ART BIG LOVE,2011-10-03 11:37:00,2011-12-08 18:43:00,976,5538.26,7.661681415929204
23532,WALL ART WORK REST AND PLAY,2011-10-02 15:50:00,2011-12-08 12:05:00,210,901.58,5.301612903225807
23533,WALL ART GARDEN HAVEN,2011-10-03 11:01:00,2011-12-09 09:07:00,215,998.64,6.166944444444445
23534,STOP FOR TEA WALL ART,2011-10-02 14:37:00,2011-12-09 10:03:00,1387,8608.9,7.53896551724138
23535,BICYCLE SAFTEY WALL ART,2011-10-02 14:37:00,2011-12-09 10:20:00,1324,8440.24,7.446898148148148
23536,VILLAGE SHOW WALL ART,2011-10-03 13:49:00,2011-12-09 10:03:00,626,3442.13,6.794705882352942
23537,I LOVE LONDON WALL ART,2011-10-03 14:52:00,2011-12-09 11:34:00,111,581.13,6.9405882352941175
23538,WALL ART VINTAGE HEART,2011-10-03 11:37:00,2011-12-09 10:03:00,331,1329.54,5.7790625
23539,WALL ART LOVES' SECRET,2011-10-02 15:50:00,2011-12-05 17:24:00,247,1227.95,6.594047619047619
23540,WALL ART THE MAGIC FOREST,2011-10-03 14:34:00,2011-12-06 12:27:00,150,947.0600000000001,8.424285714285714
23541,WALL ART CLASSIC PUDDINGS,2011-10-02 14:37:00,2011-12-06 16:26:00,872,6823.91,9.71203947368421
23542,70'S ALPHABET WALL ART,2011-10-03 11:01:00,2011-12-08 18:43:00,506,3800.16,9.784157303370787
23543,KEEP CALM WALL ART,2011-10-03 11:26:00,2011-12-08 18:43:00,1236,7010.76,8.530952380952382
23544,WALL ART MID CENTURY MODERN,2011-10-03 13:49:00,2011-12-06 12:12:00,164,1015.78,7.523000000000001
23545,WRAP RED DOILEY,2011-07-20 13:30:00,2011-12-08 14:14:00,2480,1025.6,0.41905882352941176
23546,WRAP PAISLEY PARK,2011-07-19 11:57:00,2011-12-08 14:14:00,3250,1365.0,0.42
23547,WRAP FLOWER SHOP,2011-07-20 14:39:00,2011-12-06 15:43:00,1575,661.5,0.42
23548,WRAP MAGIC FOREST,2011-07-20 14:39:00,2011-12-08 12:07:00,1075,451.5,0.42
23549,WRAP BIRD GARDEN,2011-07-19 11:57:00,2011-12-01 10:31:00,1305,548.1,0.42
23550,WRAP ALPHABET POSTER,2011-07-18 11:42:00,2011-12-09 12:16:00,1855,763.1,0.41875
23551,PACK OF 12 PAISLEY PARK TISSUES,2011-09-01 15:56:00,2011-12-09 10:03:00,1840,839.8399999999999,0.5168115942028985
23552,BICYCLE PUNCTURE REPAIR KIT,2011-11-25 10:58:00,2011-12-09 12:21:00,1863,3881.91,2.2640650406504066
23553,LANDMARK FRAME CAMDEN TOWN,2011-10-20 10:04:00,2011-12-08 18:43:00,568,6444.65,13.30220588235294
23554,LANDMARK FRAME OXFORD STREET,2011-10-19 12:28:00,2011-12-08 12:36:00,422,4805.53,13.047017543859647
23555,LANDMARK FRAME NOTTING HILL,2011-10-19 14:12:00,2011-12-09 10:03:00,421,4780.57,12.897450980392156
23556,LANDMARK FRAME COVENT GARDEN,2011-10-19 12:28:00,2011-12-08 12:36:00,436,4937.01,12.61811320754717
23557,LANDMARK FRAME BAKER STREET,2011-10-19 13:23:00,2011-12-08 13:45:00,350,3930.27,13.181875
23558,LANDMARK FRAME LONDON BRIDGE,2011-10-19 12:28:00,2011-12-08 12:36:00,415,4703.87,13.125384615384615
23559,WOODLAND BUNNIES LOLLY MAKERS,2011-09-08 13:07:00,2011-12-09 10:03:00,649,1482.41,2.8688709677419357
23560,SET OF 6 RIBBONS COUNTRY STYLE,2011-11-27 11:57:00,2011-12-08 11:25:00,172,499.18,3.543846153846154
23561,SET OF 6 RIBBONS PARTY,2011-11-27 13:29:00,2011-12-09 12:20:00,170,476.0,3.40875
23562,SET OF 6 RIBBONS PERFECTLY PRETTY,2011-11-27 12:29:00,2011-12-09 12:20:00,251,724.59,3.2853488372093027
23564,EGG CUP MILKMAID INGRID,2011-10-13 13:50:00,2011-12-09 10:26:00,644,841.31,1.7567105263157894
23565,EGG CUP MILKMAID HELGA,2011-10-16 12:19:00,2011-12-09 10:03:00,410,586.31,1.8453968253968254
23566,EGG CUP MILKMAID HEIDI,2011-10-17 10:10:00,2011-12-08 16:30:00,881,1156.93,1.769759036144578
23567,EGG CUP HENRIETTA HEN PINK,2011-10-14 09:35:00,2011-12-09 10:03:00,211,291.58,1.823157894736842
23568,EGG CUP HENRIETTA HEN CREAM,2011-10-16 16:13:00,2011-12-08 16:30:00,630,787.52,1.7454166666666666
23569,TRADTIONAL ALPHABET STAMP SET,2011-10-21 15:36:00,2011-12-09 10:03:00,954,4717.66,5.3034693877551025
23570,TRADITIONAL PICK UP STICKS GAME,2011-10-21 13:13:00,2011-12-09 12:19:00,2772,4931.87,1.431118881118881
23571,TRADITIONAL NAUGHTS & CROSSES,2011-10-21 14:23:00,2011-12-09 10:03:00,2841,6406.91,1.8921374045801527
23574,PACKING CHARGE,2011-07-06 13:04:00,2011-12-07 10:25:00,14,105.0,7.5
23575,SNACK TRAY PAISLEY PARK,2011-11-27 11:57:00,2011-12-09 10:03:00,179,367.34999999999997,2.5823529411764703
23576,SNACK TRAY RED VINTAGE DOILY,2011-11-27 12:13:00,2011-12-08 18:03:00,198,400.03999999999996,2.4010526315789473
23578,SNACK TRAY RED GINGHAM,2011-11-27 11:18:00,2011-12-08 12:26:00,60,125.72,2.417142857142857
23579,SNACK TRAY I LOVE LONDON,2011-10-18 13:11:00,2011-12-09 10:03:00,169,358.75,2.6265714285714283
23580,SNACK TRAY HAPPY FOREST,2011-11-27 11:57:00,2011-12-07 15:43:00,116,234.92,2.2116
23581,JUMBO BAG PAISLEY PARK,2011-10-25 10:31:00,2011-12-09 12:19:00,5020,11581.83,2.256289855072464
23582,VINTAGE DOILY JUMBO BAG RED,2011-10-25 09:07:00,2011-12-08 14:38:00,4802,10206.41,2.2147709923664123
23583,LUNCH BAG PAISLEY PARK,2011-10-25 09:31:00,2011-12-09 10:03:00,3385,5497.33,1.8020481927710843
23597,PAPER BUNTING PAISLEY PARK,2011-11-10 16:27:00,2011-12-08 18:42:00,249,679.07,3.186129032258065
23598,PAPER BUNTING VINTAGE PARTY,2011-11-10 16:20:00,2011-12-09 10:20:00,427,1215.53,3.2351063829787234
23601,SET 10 CARDS SNOWY SNOWDROPS  17100,2011-09-23 17:04:00,2011-11-28 15:31:00,8,19.92,2.49
23602,SET 10 CARDS 3 WISE MEN 17107,2011-11-11 13:06:00,2011-11-11 13:06:00,1,2.91,2.91
23603,SET 10 CARD KRAFT REINDEER 17084,2011-10-14 17:17:00,2011-12-08 09:28:00,20,49.800000000000004,2.4899999999999998
23604,SET 10 MINI SANTA & SNOWMAN  17087,2011-10-03 16:14:00,2011-10-17 15:27:00,4,6.64,1.66
23605,SET 10 CARDS 12 DAYS OF XMAS 17059,2011-10-05 15:56:00,2011-10-05 15:56:00,4,11.64,2.91
23607,SET 10 CARDS HATS & STOCKINGS 17081,2011-09-13 16:05:00,2011-11-24 09:21:00,8,13.28,1.66
23608,SET 10 CARDS RUDOLPHS NOSE 17097,2011-11-03 15:56:00,2011-12-08 16:30:00,4,11.64,2.91
23609,SET 10 CARDS SNOWY ROBIN 17099,2011-11-28 15:31:00,2011-11-28 15:31:00,1,2.91,2.91
23610,SET 10 CARDS CHRISTMAS ROBIN 17095,2011-09-23 17:02:00,2011-11-11 09:05:00,3,6.24,2.08
23611,SET 10 CARDS RED RIDING HOOD 17214,2011-09-12 15:40:00,2011-12-09 10:03:00,40,99.60000000000001,2.49
23612,SET 10 MINICARDS CUTE SNOWMAN 17071,2011-10-06 16:08:00,2011-11-17 15:17:00,5,8.299999999999999,1.66
23613,SET 10 XMAS CARDS & BADGES 17070,2011-09-07 16:48:00,2011-11-28 15:31:00,11,27.39,2.49
23614,SET 10 CARDS 12 DAYS WRAP  17058,2011-09-07 12:02:00,2011-12-08 09:28:00,26,86.58000000000001,3.33
23615,SET 10 CARDS PRINTED GRAPHIC 17219,2011-10-27 17:15:00,2011-12-06 16:26:00,4,9.96,2.49
23616,SET 10 CARDS JINGLE BELLS 17217,2011-11-09 16:14:00,2011-12-09 10:03:00,8,19.92,2.4899999999999998
23617,SET 10 CARDS SWIRLY XMAS TREE 17104,2011-11-29 16:47:00,2011-11-29 16:47:00,2,5.82,2.91
23619,SET 10 CARDS POINSETTIA 17093,2011-10-05 15:56:00,2011-11-08 18:29:00,4,9.96,2.49
23620,SET 10 CARDS PERFECT POST 17090,2011-09-02 16:39:00,2011-11-18 15:59:00,10,24.900000000000002,2.4899999999999998
23621,SET 10 CARDS DAVID'S MADONNA 17074,2011-11-11 09:05:00,2011-12-09 10:03:00,6,14.940000000000001,2.49
23623,SET 10 CARD CHRISTMAS WELCOME 17112,2011-09-02 16:39:00,2011-11-29 16:33:00,8,23.28,2.91
23624,SET 10 CARD PERFECT NATIVITY 17089,2011-09-22 16:28:00,2011-11-11 09:05:00,4,9.96,2.49
23625,SET 6 CARDS SPARKLY REINDEER 17262,2011-09-15 16:32:00,2011-12-02 16:39:00,9,44.910000000000004,4.99
23626,SET 10 CARDS DINKY TREE 17076,2011-10-03 16:14:00,2011-12-08 09:28:00,43,107.07000000000001,2.49
23627,SET 10 CARDS XMAS GRAPHIC  17218,2011-11-11 09:05:00,2011-11-25 14:25:00,7,17.43,2.49
23628,SET 10 CARDS TRIANGLE ICONS  17220,2011-10-31 14:41:00,2011-10-31 14:41:00,1,2.91,2.91
23629,SET 10 CARDS DRESSING UP 17077,2011-09-21 15:43:00,2011-11-25 14:25:00,24,59.760000000000005,2.49
23630,SET 10 CARDS HANGING BAUBLES 17080,2011-09-22 09:38:00,2011-11-30 15:13:00,2,5.48,2.74
23632,SET 10 CARDS CHEERFUL ROBIN 17065,2011-09-23 17:04:00,2011-11-30 15:13:00,15,31.200000000000003,2.08
23633,SET 10 CARDS WORLD CHILDREN 17067,2011-10-31 14:41:00,2011-11-21 15:18:00,3,7.470000000000001,2.49
23634,SET 10 CARDS XMAS CHOIR 17068,2011-09-02 16:39:00,2011-12-06 16:26:00,5,14.55,2.91
23635,SET 10 CARDS CHRISTMAS HOLLY  17259,2011-10-05 15:56:00,2011-12-09 10:03:00,3,12.48,4.16
23636,SET 10 CARDS WISHING TREE 17116,2011-10-24 17:03:00,2011-12-08 16:30:00,9,26.19,2.91
23637,SET 10 CARDS OUT OF ORDER 17216,2011-09-07 12:02:00,2011-12-08 09:28:00,11,27.39,2.49
23638,SET 10 CARDS ROBIN WATERPUMP  17096,2011-09-27 18:41:00,2011-11-24 09:21:00,2,5.82,2.91
23639,SET 10 CARDS MAGICAL TREE 17086,2011-09-15 16:32:00,2011-11-17 15:17:00,4,13.32,3.33
23640,SET 10 CARDS SCOTTIE DOG 17211,2011-09-07 16:15:00,2011-12-08 09:28:00,9,22.410000000000004,2.49
23643,SET 10 CARDS CHRISTMAS BAUBLE 16954,2011-10-31 14:41:00,2011-10-31 14:41:00,1,3.33,3.33
23644,SET 10 CARDS CHRISTMAS TREE 16955,2011-09-30 17:22:00,2011-12-09 10:03:00,5,16.65,3.3299999999999996
23645,SET 10 CHRISTMAS CARDS HOHOHO 16956,2011-10-27 17:15:00,2011-12-08 09:20:00,9,22.410000000000004,2.49
23646,SET 10 CARDS JINGLE BELLS 16957,2011-09-07 16:48:00,2011-11-17 15:17:00,8,19.92,2.49
23649,SET 10 CARDS DECK THE HALLS 16960,2011-11-15 17:00:00,2011-11-25 14:25:00,2,4.98,2.49
23650,SET 10 CARDS FILIGREE BAUBLE 16961,2011-09-27 18:41:00,2011-12-08 09:28:00,4,9.96,2.49
23652,SET 10 CARD CHRISTMAS STAMPS 16963,2011-11-17 15:17:00,2011-11-17 15:17:00,2,5.82,2.91
23654,SET 10 CARD SNOWMAN 16965,2011-10-27 17:15:00,2011-12-08 16:30:00,5,12.450000000000001,2.49
23660,HENRIETTA HEN MUG,2011-10-13 13:43:00,2011-12-09 10:03:00,306,534.66,2.2404761904761905
23661,MILK MAIDS MUG,2011-10-13 13:43:00,2011-12-09 10:03:00,219,393.59,2.2335294117647058
23664,FLOWER SHOP DESIGN MUG,2011-11-11 15:28:00,2011-11-11 15:28:00,1,1.65,1.65
23681,LUNCH BAG RED VINTAGE DOILY,2011-11-06 12:36:00,2011-12-09 12:20:00,1576,2525.04,1.8662406015037591
23691,KEEP CALM BIRTHDAY WRAP,2011-11-02 11:52:00,2011-12-07 14:34:00,1175,481.5,0.4184210526315789
23692,WRAP A PRETTY THANK YOU,2011-11-09 11:17:00,2011-11-30 10:54:00,50,21.0,0.42
23694,PAISLEY PARK CARD,2011-11-14 13:42:00,2011-12-08 17:12:00,376,165.07999999999998,0.5885365853658536
23695,DOILY THANK YOU CARD,2011-11-09 14:11:00,2011-12-08 17:12:00,741,313.24,0.5042105263157894
23697,A PRETTY THANK YOU CARD,2011-11-09 14:11:00,2011-12-08 17:57:00,456,194.58,0.5208333333333334
23702,HIGH RESOLUTION IMAGE,2011-10-19 10:33:00,2011-11-16 11:09:00,4,27.0,8.5
23843,"PAPER CRAFT , LITTLE BIRDIE",2011-12-09 09:15:00,2011-12-09 09:15:00,80995,168469.6,2.08
35001G,HAND OPEN SHAPE GOLD,2010-12-02 15:19:00,2011-12-07 17:17:00,198,677.34,3.6971875
35001W,HAND OPEN SHAPE DECO.WHITE,2010-12-05 16:41:00,2010-12-16 10:08:00,92,270.02000000000004,3.0840000000000005
35004B,SET OF 3 BLACK FLYING DUCKS,2010-12-01 10:51:00,2011-12-09 11:34:00,577,2934.8100000000004,6.268839285714286
35004C,SET OF 3 COLOURED  FLYING DUCKS,2010-12-01 10:03:00,2011-03-07 14:33:00,394,1888.1000000000001,5.244871794871795
35004G,SET OF 3 GOLD FLYING DUCKS,2010-12-01 10:03:00,2011-12-07 17:17:00,127,454.65,5.35
35004P,SET OF 3 PINK FLYING DUCKS,2010-12-10 13:27:00,2010-12-10 13:27:00,1,5.45,5.45
35095A,BLUE VICTORIAN FABRIC OVAL BOX,2010-12-01 14:32:00,2011-12-09 10:03:00,925,388.57,0.6903
35095B,RED VICTORIAN FABRIC OVAL BOX,2010-12-01 14:32:00,2011-12-09 10:03:00,862,352.25,0.6579591836734694
35241,ENAMEL BLUE RIM BISCUIT BIN,2010-12-05 10:36:00,2011-05-03 15:59:00,103,530.49,5.912272727272727
35265,COLOURFUL FLOWER FRUIT BOWL,2011-01-11 14:15:00,2011-10-02 15:49:00,17,52.2,2.2875
35271S,GOLD PRINT PAPER BAG,2010-12-01 17:35:00,2010-12-02 13:49:00,19,3.6100000000000003,0.19
35400,WOODEN BOX ADVENT CALENDAR,2010-12-17 16:53:00,2011-11-23 14:35:00,10,89.5,8.95
35443,RASTA IN BATH W SPLIFF ASHTRAY,2010-12-23 16:49:00,2011-11-24 15:01:00,8,6.8,0.85
35471D,SET OF 3 BIRD LIGHT PINK FEATHER,2010-12-01 14:32:00,2011-12-09 11:20:00,1848,979.11,0.9135497835497836
35591T,TURQUOISE CHRISTMAS TREE,2010-12-01 11:57:00,2011-11-20 12:36:00,5,6.25,1.25
35597A,DUSTY PINK CHRISTMAS TREE 30CM,2010-12-06 12:15:00,2010-12-06 12:15:00,1,1.25,1.25
35597B,BLACKCHRISTMAS TREE 30CM,2010-12-06 12:15:00,2010-12-06 12:15:00,1,1.25,1.25
35597D,PINK/WHITE CHRISTMAS TREE 30CM,2011-08-16 10:50:00,2011-09-01 16:45:00,46,17.48,0.38
35598A,DUSTY PINK CHRISTMAS TREE 60CM,2011-11-16 13:40:00,2011-11-20 15:00:00,9,26.550000000000004,2.95
35598B,BLACK CHRISTMAS TREE 60CM,2010-12-01 15:37:00,2011-11-30 17:22:00,558,460.64,1.9308
35598C,WHITE CHRISTMAS TREE 60CM,2011-11-13 16:22:00,2011-11-24 12:25:00,2,5.9,2.95
35598D,PINK/WHITE CHRISTMAS TREE 60CM,2010-12-01 14:32:00,2011-12-04 12:14:00,684,493.01,1.4949999999999999
35599B,BLACK CHRISTMAS TREE 120CM,2010-12-03 11:36:00,2011-12-04 12:14:00,217,551.13,3.4596296296296294
35599D,PINK AND WHITE CHRISTMAS TREE 120CM,2010-12-01 14:32:00,2011-12-04 12:14:00,201,553.07,4.017058823529412
35607A,PINK FLUFFY CHRISTMAS DECORATION,2010-12-16 17:53:00,2011-01-18 17:34:00,26,7.82,0.9099999999999999
35607B,BLACK FEATHER CHRISTMAS DECORATION,2011-03-06 12:46:00,2011-09-15 12:16:00,96,18.240000000000002,0.19
35609A,PINK FEATHER CHRISTMAS DECORATION,2010-12-10 14:59:00,2010-12-10 14:59:00,1,2.51,2.51
35610A,PINK CHRISTMAS FLOCK DROPLET,2010-12-01 14:32:00,2010-12-15 12:01:00,10,15.02,2.09
35610B,BLACK CHRISTMAS FLOCK DROPLET,2010-12-13 09:52:00,2010-12-13 09:52:00,24,30.0,1.25
35610C,WHITE CHRISTMAS FLOCK DROPLET,2010-12-10 14:59:00,2010-12-13 09:52:00,25,32.51,1.88
35637A,IVORY STRING CURTAIN WITH POLE,2010-12-01 17:06:00,2011-11-27 13:49:00,170,440.62,4.99
35637C,PINK STRING CURTAIN WITH POLE,2011-01-31 09:09:00,2011-11-27 13:49:00,30,100.86,6.212222222222222
35638A,PINK AND BLACK STRING CURTAIN,2011-02-20 15:06:00,2011-11-20 14:01:00,38,82.1,3.55
35638B,PINK/BLUE STRING CURTAIN,2011-07-13 16:07:00,2011-11-20 14:01:00,57,128.32999999999998,5.386
35645,VINTAGE BEAD PINK JEWEL BOX,2011-07-11 13:35:00,2011-10-20 13:06:00,4,17.0,4.25
35646,VINTAGE BEAD PINK EVENING BAG,2010-12-07 09:13:00,2011-12-09 10:03:00,619,937.25,2.0357291666666666
35647,VINTAGE BEAD PINK SHADE,2011-01-23 15:16:00,2011-03-11 12:29:00,13,16.25,1.25
35648,VINTAGE BEAD PINK PURSE,2010-12-06 09:58:00,2011-12-09 10:03:00,979,1066.6599999999999,1.466946564885496
35649,VINTAGE BEAD COSMETIC BAG,2011-04-01 14:58:00,2011-12-08 09:28:00,57,156.85,2.699444444444444
35650,VINTAGE BEAD PINK JEWEL STAND,2011-08-01 11:57:00,2011-08-01 11:57:00,1,4.95,4.95
35651,VINTAGE BEAD PINK SCARF,2010-12-06 09:58:00,2011-11-10 14:28:00,451,985.8399999999999,2.9
35653,VINTAGE BEAD NOTEBOOK,2010-12-05 12:43:00,2011-08-11 11:45:00,150,433.19,3.3453846153846154
35809A,ENAMEL PINK TEA CONTAINER,2010-12-07 15:28:00,2011-06-09 15:34:00,420,488.06,1.9277777777777778
35809B,ENAMEL BLUE RIM TEA CONTAINER,2011-04-04 11:28:00,2011-04-11 14:11:00,8,9.18,1.6766666666666667
35809a,ENAMEL PINK TEA CONTAINER,2010-12-09 16:26:00,2011-05-10 15:07:00,9,37.33,4.147777777777778
35810A,ENAMEL PINK COFFEE CONTAINER,2010-12-16 17:29:00,2011-10-30 13:06:00,633,640.0899999999999,1.6557894736842105
35810B,ENAMEL BLUE RIM COFFEE CONTAINER,2010-12-05 10:36:00,2011-11-30 14:03:00,152,174.09,1.6965384615384616
35815P,"ACRYLIC JEWEL SNOWFLAKE, PINK",2011-02-07 14:53:00,2011-09-26 10:57:00,162,63.28000000000001,0.724
35816P,"ACRYLIC JEWEL ANGEL,PINK",2011-08-12 12:37:00,2011-08-16 13:12:00,78,29.64,0.38
35817P,"ACRYLIC JEWEL SNOWFLAKE,PINK",2010-12-15 12:01:00,2011-08-12 12:37:00,18,19.86,1.4649999999999999
35818B,"ACRYLIC JEWEL ICICLE, BLUE",2011-08-16 13:12:00,2011-11-01 14:29:00,31,11.780000000000001,0.38000000000000006
35818P,"ACRYLIC JEWEL ICICLE, PINK",2010-12-01 14:32:00,2011-12-05 13:14:00,263,105.83,0.69
35819B,"ACRYLIC HANGING JEWEL,BLUE",2010-12-20 15:03:00,2011-11-30 15:58:00,268,106.05,0.5359259259259259
35819P,"ACRYLIC HANGING JEWEL,PINK",2011-09-16 13:13:00,2011-11-13 16:13:00,95,66.55,0.5042857142857143
35833G,4 GOLD FLOCK CHRISTMAS BALLS,2010-12-06 10:08:00,2010-12-06 10:08:00,2,6.72,3.36
35833P,4 PINK FLOCK CHRISTMAS BALLS,2010-12-07 15:28:00,2011-11-24 15:02:00,49,88.47,2.2954545454545454
35909A,RABBIT EASTER DECORATION,2011-01-05 15:56:00,2011-04-26 13:05:00,8,23.6,2.9500000000000006
35909B,PINK FLOWERS RABBIT EASTER,2011-02-14 14:13:00,2011-06-14 13:15:00,8,23.6,2.95
35910A,MULTICOLOUR EASTER RABBIT,2011-01-05 15:56:00,2011-03-28 14:07:00,20,39.0,1.95
35910B,PINK FLOWERS RABBIT EASTER,2011-03-18 14:20:00,2011-11-06 12:25:00,13,25.349999999999998,1.95
35911A,MULTICOLOUR RABBIT EGG WARMER,2010-12-16 11:53:00,2011-11-04 15:18:00,319,292.07,0.973
35911B,PINK/FLOWER RABBIT EGG WARMER,2011-01-05 12:15:00,2011-03-22 09:27:00,119,100.76,1.142
35912B,WHITE/PINK CHICK DECORATION,2011-01-13 10:39:00,2011-10-30 11:09:00,252,301.26,1.685
35913B,WHITE/PINK CHICK EASTER DECORATION,2011-01-25 13:15:00,2011-11-06 12:25:00,36,35.48,1.0939999999999999
35914,PINK CHICK EGG WARMER + EGG CUP,2010-12-06 16:57:00,2011-10-19 15:08:00,195,218.81,1.111
35915B,BLUE KNITTED HEN,2010-12-10 11:33:00,2011-09-23 17:04:00,220,257.21999999999997,1.0595999999999999
35915C,PEACH KNITTED HEN,2011-01-10 16:25:00,2011-04-18 15:16:00,315,316.46,1.0498333333333332
35916A,YELLOW FELT HANGING HEART W FLOWER,2010-12-06 10:08:00,2011-10-18 17:00:00,87,67.39,0.7927586206896551
35916B,BLUE FELT HANGING HEART W FLOWER,2010-12-01 17:06:00,2011-10-18 17:00:00,91,76.68,0.7628125
35916C,PINK FELT HANGING HEART W FLOWER,2010-12-01 17:06:00,2011-10-18 17:00:00,106,107.72,0.8879999999999999
35920,FOUR RABBIT EASTER DECORATIONS,2011-01-19 16:18:00,2011-04-19 15:37:00,72,104.84,1.992
35921,EASTER BUNNY HANGING GARLAND,2011-01-16 15:50:00,2011-04-19 16:52:00,68,133.23,3.0243478260869567
35922,EASTER BUNNY WREATH,2011-01-16 16:23:00,2011-04-08 11:28:00,28,138.6,4.95
35923,CANDY HEART HANGING DECORATION,2011-01-10 09:43:00,2011-12-01 11:51:00,1318,690.52,0.7807936507936507
35924,HANGING FAIRY CAKE DECORATION,2010-12-05 13:55:00,2011-12-08 09:28:00,820,1484.3,2.546081081081081
35933,PINK STOCKING CHRISTMAS DECORATION,2010-12-17 14:54:00,2011-11-06 12:26:00,226,92.21000000000001,0.6473684210526316
35953,FOLKART STAR CHRISTMAS DECORATIONS,2010-12-05 13:00:00,2011-12-09 10:03:00,3581,1633.6699999999998,0.588358208955224
35954,SMALL FOLKART STAR CHRISTMAS DEC,2010-12-01 15:37:00,2011-11-09 16:10:00,1245,350.48,0.860909090909091
35957,SMALLFOLKART BAUBLE CHRISTMAS DEC,2010-12-01 14:32:00,2011-01-13 09:30:00,688,361.81,1.430731707317073
35958,FOLKART ZINC STAR CHRISTMAS DEC,2010-12-05 13:05:00,2010-12-09 14:55:00,12,10.2,0.85
35961,FOLKART ZINC HEART CHRISTMAS DEC,2010-12-01 14:32:00,2011-12-08 17:54:00,2986,2629.81,1.1341129032258064
35964,FOLKART CLIP ON STARS,2010-12-01 17:06:00,2011-12-09 10:03:00,783,404.08,0.8463366336633662
35965,FOLKART HEART NAPKIN RINGS,2010-12-01 17:06:00,2011-11-15 17:00:00,366,551.13,2.3904347826086956
35966,FOLKART CHRISTMAS TREE T-LIGHT HOLD,2011-06-09 09:44:00,2011-08-24 10:45:00,27,10.260000000000002,0.38
35967,FOLK ART METAL STAR T-LIGHT HOLDER,2010-12-01 17:06:00,2011-12-08 13:04:00,485,252.33,0.7286567164179104
35968,FOLK ART METAL HEART T-LIGHT HOLDER,2010-12-08 13:08:00,2011-11-01 14:29:00,163,82.1,0.43631578947368416
35970,ZINC FOLKART SLEIGH BELLS,2010-12-03 14:27:00,2011-12-09 10:26:00,5050,9512.73,2.4164301075268813
35971,ROSE FOLKART HEART DECORATIONS,2010-12-01 14:32:00,2011-12-05 17:24:00,462,600.93,1.8164835164835167
35972,DAISY FOLKART HEART DECORATION,2011-01-05 15:56:00,2011-11-06 14:56:00,96,120.0,1.25
37327,ASSTD MULTICOLOUR CIRCLES MUG,2010-12-05 16:41:00,2011-11-10 12:01:00,1578,840.0799999999999,1.6527710843373495
37330,BIG POLKADOT MUG,2011-03-22 12:25:00,2011-03-22 12:25:00,6,2.34,0.39
37333,"RETRO ""TEA FOR ONE""",2010-12-09 14:15:00,2011-05-03 12:13:00,21,120.99,5.608823529411764
37340,MULTICOLOUR SPRING FLOWER MUG,2010-12-07 14:41:00,2011-12-08 10:53:00,2544,1695.86,2.6641176470588235
37342,POLKADOT COFFEE CUP & SAUCER PINK,2010-12-16 13:15:00,2011-09-02 14:42:00,1570,1489.01,1.5553636363636365
37343,POLKADOT MUG PINK,2010-12-01 13:54:00,2011-03-09 14:30:00,72,123.29999999999998,2.210769230769231
37351,ORANGE FLOWER MUG,2011-01-25 17:10:00,2011-03-20 13:28:00,10,9.06,0.8200000000000001
37370,RETRO COFFEE MUGS ASSORTED,2010-12-01 09:02:00,2011-11-22 12:24:00,2567,3839.01,5.427469135802469
37379A,PINK CHERRY BLOSSOM CUP & SAUCER,2011-01-19 15:20:00,2011-01-19 15:20:00,6,7.5,1.25
37413,ICON MUG REVOLUTIONARY,2011-02-07 11:42:00,2011-12-05 17:09:00,703,284.49,0.4107228915662651
37423,WHITE WITH BLACK CATS PLATE,2011-03-04 09:46:00,2011-03-18 11:30:00,78,33.18,0.5433333333333333
37444A,YELLOW BREAKFAST CUP AND SAUCER,2010-12-01 09:41:00,2011-07-13 12:06:00,53,66.35000000000001,2.036666666666667
37444B,BLUE BREAKFAST CUP AND SAUCER,2010-12-09 14:15:00,2011-03-28 12:23:00,4,11.8,2.9500000000000006
37444C,PINK BREAKFAST CUP AND SAUCER,2010-12-01 09:41:00,2011-03-28 12:23:00,21,42.27,2.47
37446,MINI CAKE STAND WITH HANGING CAKES,2010-12-01 15:08:00,2011-12-06 17:49:00,1354,1976.09,1.7795212765957447
37447,CERAMIC CAKE DESIGN SPOTTED PLATE,2010-12-06 09:58:00,2011-12-08 09:28:00,820,1313.28,2.1011304347826085
37448,CERAMIC CAKE DESIGN SPOTTED MUG,2010-12-01 16:33:00,2011-12-08 15:31:00,1451,2206.63,1.7963157894736843
37449,CERAMIC CAKE STAND + HANGING CAKES,2010-12-01 14:32:00,2011-12-07 14:34:00,563,5117.29,9.906493506493506
37450,CERAMIC CAKE BOWL + HANGING CAKES,2010-12-01 17:06:00,2011-12-08 15:31:00,714,2117.54,3.6647058823529415
37461,FUNKY MONKEY MUG,2010-12-05 15:12:00,2010-12-05 15:12:00,1,1.25,1.25
37462E,"PET MUG, GOLDFISH",2010-12-06 16:57:00,2011-12-05 17:28:00,36,13.1,0.6383333333333333
37464,ROBOT MUG IN DISPLAY BOX,2010-12-03 12:24:00,2010-12-17 16:53:00,3,3.75,1.25
37467,PIG MUG IN TWO COLOUR DESIGNS,2010-12-07 18:36:00,2011-10-10 14:37:00,159,130.26999999999998,1.4352941176470588
37468,HARDMAN MUG 3 ASSORTED,2011-01-14 10:11:00,2011-10-19 16:16:00,64,32.03,0.9338461538461539
37471,MULTICOLOUR POLKADOT PLATE,2011-04-28 16:21:00,2011-10-12 14:05:00,29,30.43,2.776666666666667
37474,SET/4 2 TONE EGG SHAPE MIXING BOWLS,2010-12-06 16:57:00,2010-12-06 16:57:00,1,9.95,9.95
37475,SET/4 COLOURFUL MIXING BOWLS,2010-12-10 10:21:00,2011-12-02 13:49:00,70,661.9799999999999,9.826279069767441
37476,CONDIMENT TRAY 4 BOWLS AND 4 SPOONS,2010-12-01 14:32:00,2011-10-20 15:57:00,37,399.02,11.486666666666666
37479B,CUBIC MUG FLOCK BLUE ON BROWN,2010-12-06 11:01:00,2011-06-15 13:35:00,131,78.09,1.572857142857143
37479P,CUBIC MUG FLOCK PINK ON BROWN,2010-12-07 12:29:00,2011-11-08 12:25:00,163,142.23,2.233636363636364
37482P,CUBIC MUG PINK POLKADOT,2010-12-06 11:01:00,2011-04-13 11:48:00,494,349.35,2.7468749999999997
37487B,YELLOW/ORANGE FLOWER DESIGN PLATE,2011-04-11 11:51:00,2011-04-13 11:48:00,68,19.72,0.29
37488A,YELLOW PINK FLOWER DESIGN BIG BOWL,2011-03-20 13:28:00,2011-04-13 11:48:00,28,10.92,0.38999999999999996
37489A,YELLOW/PINK FLOWER DESIGN BIG MUG,2010-12-03 12:24:00,2011-11-21 11:55:00,33,14.43,0.494
37489B,BLUE/YELLOW FLOWER DESIGN BIG MUG,2010-12-03 12:24:00,2011-11-21 11:55:00,31,16.77,0.65
37489C,GREEN/BLUE FLOWER DESIGN BIG MUG,2010-12-03 12:24:00,2011-09-14 16:36:00,23,13.65,0.78
37489D,PINK/GREEN FLOWER DESIGN BIG MUG,2010-12-03 12:24:00,2011-12-05 12:46:00,40,17.16,0.48176470588235293
37491A,YELLOW/PINK CERAMIC CANDLE HOLDER,2010-12-01 17:06:00,2011-10-31 14:41:00,6,19.81,3.3075
37491B,BLUE/YELLOW CERAMIC CANDLE HOLDER,2011-07-18 13:33:00,2011-07-18 13:33:00,4,6.6,1.65
37491C,GREEN/BLUE CERAMIC CANDLE HOLDER,2011-07-18 13:33:00,2011-07-18 13:33:00,8,13.2,1.65
37491D,PURPLE/BLUE CERAMIC CANDLE HOLDER,2011-02-18 16:12:00,2011-07-18 13:33:00,4,9.879999999999999,2.4699999999999998
37495,FAIRY CAKE BIRTHDAY CANDLE SET,2010-12-01 14:03:00,2011-12-08 13:25:00,440,1622.24,4.016630434782608
37500,TEA TIME TEAPOT IN GIFT BOX,2010-12-07 15:28:00,2011-12-09 12:20:00,380,2360.68,7.21141592920354
37501,TEA TIME TEA SET IN GIFT BOX,2010-12-07 15:28:00,2011-08-10 16:19:00,133,906.83,6.676530612244897
37509,NEW ENGLAND MUG W GIFT BOX,2010-12-05 14:06:00,2010-12-06 11:01:00,2,5.1,2.55
40001,WHITE BAMBOO RIBS LAMPSHADE,2010-12-01 17:35:00,2011-11-13 11:15:00,821,675.2299999999999,1.084642857142857
40003,WHITE BAMBOO RIBS LAMPSHADE,2010-12-09 13:08:00,2011-06-06 14:12:00,155,179.23,1.6380000000000001
40005B,BLUE ORGANDY ROUND LAMPSHADE W BEA,2010-12-06 13:47:00,2011-11-22 13:11:00,12,10.2,0.85
40016,CHINESE DRAGON PAPER LANTERNS,2010-12-02 12:11:00,2011-09-21 14:40:00,5556,2136.34,2.2792783505154635
40046A,RED DAISY PAPER LAMPSHADE,2011-01-21 15:56:00,2011-10-17 12:33:00,50,62.5,1.25
44089A,PINK GAUZE BUTTERFLY LAMPSHADE,2011-02-02 14:37:00,2011-11-27 13:26:00,15,6.3,0.42
44089C,LILAC GAUZE BUTTERFLY LAMPSHADE,2011-02-13 13:52:00,2011-09-23 13:12:00,24,10.08,0.42
44091A,BLUE CRUSOE CHECK LAMPSHADE,2011-01-10 14:57:00,2011-07-20 11:38:00,9,3.78,0.42
44092B,BLUE WHITE PLASTIC RINGS LAMPSHADE,2011-02-20 14:08:00,2011-09-05 15:19:00,14,11.899999999999999,0.85
44092C,PURPLE/COPPER HANGING LAMPSHADE,2011-02-18 17:24:00,2011-10-20 12:34:00,20,17.0,0.85
44228,CANNABIS LEAF BEAD CURTAIN,2010-12-20 13:08:00,2011-08-23 11:16:00,36,30.599999999999998,0.85
44234,ASSORTED CIRCULAR MOBILE,2010-12-03 11:36:00,2011-12-09 12:00:00,693,154.77,0.4285294117647059
44235,ASS COL CIRCLE MOBILE,2010-12-09 13:03:00,2011-12-07 15:07:00,538,200.04,0.41600000000000004
44236,PINK/PURPLE CIRCLE CURTAIN,2011-02-13 13:52:00,2011-08-21 16:24:00,52,56.52,1.3414285714285714
44242A,LILAC FEATHERS CURTAIN,2011-07-10 15:17:00,2011-07-10 15:17:00,12,9.48,0.79
44242B,PINK FEATHERS CURTAIN,2011-04-14 13:59:00,2011-09-26 16:59:00,52,50.28,0.9433333333333334
44265,M/COLOUR POM-POM CURTAIN,2011-02-10 17:19:00,2011-02-10 17:19:00,2,8.5,4.25
45013,FOLDING SHOE TIDY,2011-02-09 16:57:00,2011-10-23 14:40:00,3,8.850000000000001,2.95
46000M,POLYESTER FILLER PAD 45X45CM,2010-12-01 12:35:00,2011-12-07 14:12:00,1021,1582.55,1.55
46000P,POLYESTER FILLER PAD 65CMX65CM,2010-12-06 13:34:00,2011-09-04 14:36:00,18,76.5,4.25
46000R,POLYESTER FILLER PAD 45X30CM,2010-12-01 14:41:00,2011-12-07 14:12:00,103,149.35,1.45
46000S,POLYESTER FILLER PAD 40X40CM,2010-12-01 14:41:00,2011-12-08 15:29:00,1556,2256.2,1.45
46000U,POLYESTER FILLER PAD 30CMX30CM,2010-12-17 16:00:00,2011-12-04 12:17:00,107,133.75,1.25
46115B,GREEN POP ART MAO CUSHION COVER,2010-12-06 14:36:00,2011-03-04 14:28:00,12,2.2800000000000002,0.19
46118,FUNKY MONKEY CUSHION COVER,2010-12-06 09:58:00,2011-12-09 10:03:00,232,317.16999999999996,2.807608695652174
46126A,ELVIS WALLHANGING / CURTAIN,2011-03-21 11:49:00,2011-05-18 11:08:00,52,69.84,1.5525
46138B,BLUE CHENILLE SHAGGY CUSHION COVER,2010-12-23 16:06:00,2011-11-13 15:58:00,43,43.15,1.0333333333333334
46775D,SUNSET COLOUR CHUNKY KNITTED THROW,2010-12-01 17:06:00,2011-12-05 11:01:00,60,720.93,11.514871794871794
46776A,WOVEN BUBBLE GUM CUSHION COVER,2010-12-06 10:08:00,2011-12-09 10:03:00,155,651.95,4.203714285714286
46776B,WOVEN BERRIES CUSHION COVER,2010-12-01 17:06:00,2011-12-09 10:03:00,161,679.67,4.211818181818182
46776C,WOVEN FROST CUSHION COVER,2010-12-06 09:58:00,2011-12-09 10:03:00,117,492.79,4.221525423728814
46776D,WOVEN SUNSET CUSHION COVER,2010-12-10 14:59:00,2011-12-09 10:03:00,89,378.29,4.200810810810811
46776E,WOVEN CANDY CUSHION COVER,2010-12-06 09:58:00,2011-12-09 10:03:00,67,288.43,4.24421052631579
46776F,WOVEN ROSE GARDEN CUSHION COVER,2010-12-10 09:51:00,2011-12-09 10:03:00,210,883.12,4.2064044943820225
46776a,WOVEN BUBBLE GUM CUSHION COVER,2011-10-31 14:41:00,2011-10-31 14:41:00,5,20.65,4.13
46776b,WOVEN BERRIES CUSHION COVER,2011-10-31 14:41:00,2011-10-31 14:41:00,1,4.13,4.13
46776e,WOVEN CANDY CUSHION COVER,2011-10-31 14:41:00,2011-10-31 14:41:00,1,4.13,4.13
46776f,WOVEN ROSE GARDEN CUSHION COVER,2011-10-31 14:41:00,2011-10-31 14:41:00,7,28.91,4.13
47013A,WINE BOTTLE DRESSING LT.BLUE,2011-03-17 15:47:00,2011-04-19 14:23:00,14,3.0399999999999996,0.205
47013C,WINE BOTTLE DRESSING DARK BLUE,2011-03-24 13:04:00,2011-06-20 17:14:00,52,12.969999999999999,0.43
47016,LIGHT DECORATION BATTERY OPERATED,2011-11-01 14:54:00,2011-11-01 14:54:00,2,4.2,2.1
47021G,SET/6 BEAD COASTERS GAUZE BAG GOLD,2010-12-02 19:59:00,2011-06-23 09:14:00,582,309.29999999999995,1.9044444444444442
47310M,"SMALL POP BOX,FUNKY MONKEY",2010-12-05 11:49:00,2011-12-09 10:03:00,410,570.4499999999999,1.568360655737705
47341A,FUSCHIA TABLE RUN FLOWER,2011-02-17 14:51:00,2011-06-08 10:45:00,27,38.75,1.75
47341B,BLUE TABLE RUN FLOWER,2011-04-27 12:08:00,2011-11-30 17:37:00,45,56.25,1.25
47343A,FUSCHIA FLOWER PURSE WITH BEADS,2010-12-03 15:05:00,2011-08-07 15:52:00,159,145.17,0.9714285714285714
47344B,BLUE FLOWER DES PURSE,2011-03-20 15:21:00,2011-06-02 09:37:00,44,43.66,0.9700000000000001
47348A,FUSCHIA VOILE POINTY SHOE DEC,2010-12-08 12:06:00,2011-09-01 17:14:00,97,50.31,0.702
47351B,BLUE  VOILE LAMPSHADE,2011-01-07 12:28:00,2011-11-06 13:00:00,86,234.5,2.905555555555556
47367B,PAIR PADDED HANGERS PINK CHECK,2010-12-05 14:17:00,2011-10-26 12:14:00,112,376.27000000000004,3.3988372093023256
47369A,PINK GREEN EMBROIDERY COSMETIC BAG,2010-12-05 14:17:00,2011-12-01 16:22:00,33,93.19,2.93
47369B,BLUE GREEN EMBROIDERY COSMETIC BAG,2010-12-05 14:17:00,2011-12-01 16:22:00,35,97.13,3.2627272727272727
47420,ASSORTED COLOUR SUCTION CUP HOOK,2010-12-08 12:56:00,2011-12-04 15:00:00,196,37.24,0.19
47421,ASSORTED COLOUR LIZARD SUCTION HOOK,2010-12-01 13:04:00,2011-12-08 12:07:00,994,393.0,0.4160655737704918
47422,ASSORTED MONKEY SUCTION CUP HOOK,2010-12-03 14:54:00,2011-12-01 19:42:00,617,246.18,0.41625
47469,ASSORTED SHAPES PHOTO CLIP SILVER,2011-01-17 11:57:00,2011-12-08 13:50:00,469,238.60999999999999,0.635625
47471,RAINBOW PEGS PHOTO CLIP STRING,2010-12-02 11:35:00,2011-12-08 09:28:00,290,189.88,0.9984615384615384
47480,HANGING PHOTO CLIP ROPE LADDER,2010-12-06 12:15:00,2011-12-09 10:03:00,746,1274.1699999999998,2.4241860465116276
47481,50CM METAL STRING WITH  7 CLIPS,2010-12-06 16:57:00,2011-11-29 17:52:00,225,171.79,1.0608695652173912
47503A,ASS FLORAL PRINT MULTI SCREWDRIVER,2010-12-14 12:59:00,2011-11-28 12:14:00,2734,1254.1200000000001,0.5077976190476191
47503H,ASS FLORAL PRINT SPIRIT LEVEL,2010-12-03 14:54:00,2011-12-07 12:41:00,100,110.86,1.4994999999999998
47503J,SET/3 FLORAL GARDEN TOOLS IN BAG,2010-12-03 12:24:00,2010-12-07 15:59:00,3,23.85,7.95
47504H,ENGLISH ROSE SPIRIT LEVEL,2010-12-01 12:49:00,2011-12-09 10:03:00,978,964.38,1.7283898305084744
47504K,ENGLISH ROSE GARDEN SECATEURS,2010-12-03 12:24:00,2011-11-09 16:33:00,2018,2048.66,1.5555555555555556
47518F,ICON PLACEMAT POP ART ELVIS,2011-01-06 15:29:00,2011-11-29 12:09:00,827,113.64,0.14142857142857143
47518f,ICON PLACEMAT POP ART ELVIS,2010-12-21 15:20:00,2011-10-26 14:42:00,5,20.73,4.146
47556B,TEA TIME TEA TOWELS,2011-01-11 12:57:00,2011-04-18 13:20:00,2600,6045.0,2.325
47559B,TEA TIME OVEN GLOVE,2010-12-01 14:32:00,2011-12-09 10:03:00,2077,2584.9,1.457854671280277
47559b,TEA TIME OVEN GLOVE,2010-12-03 14:27:00,2011-12-08 10:53:00,103,342.65,3.31
47563A,RETRO LONGBOARD IRONING BOARD COVER,2010-12-01 12:31:00,2011-12-09 10:03:00,285,551.51,2.583714285714286
47566,PARTY BUNTING,2010-12-03 11:27:00,2011-12-09 10:23:00,18283,99445.23,5.797928193054738
47566B,TEA TIME PARTY BUNTING,2010-12-01 17:06:00,2011-12-04 13:20:00,2379,11275.27,5.564371584699454
47566b,TEA TIME PARTY BUNTING,2010-12-03 11:13:00,2011-11-08 15:24:00,199,1651.1499999999999,8.300588235294118
47567B,TEA TIME KITCHEN APRON,2010-12-01 17:06:00,2011-12-05 17:28:00,602,3414.5000000000005,6.340522388059702
47570B,TEA TIME TABLE CLOTH,2010-12-01 11:21:00,2011-03-29 15:18:00,185,1727.23,11.450645161290323
47570b,TEA TIME TABLE CLOTH,2010-12-07 15:34:00,2011-01-25 14:01:00,2,42.019999999999996,21.009999999999998
47574A,ENGLISH ROSE SCENTED HANGING FLOWER,2010-12-07 09:13:00,2011-10-07 15:45:00,548,665.2,1.8998260869565216
47574B,ENGLISH ROSE SCENTED HANGING HEART,2011-05-15 16:02:00,2011-05-18 12:37:00,4,17.0,4.25
47578A,ENGLISH ROSE SMALL SCENTED FLOWER,2010-12-09 16:57:00,2011-12-08 09:28:00,213,197.43,1.1552173913043478
47579,TEA TIME BREAKFAST BASKET,2010-12-05 13:00:00,2010-12-05 13:00:00,1,2.1,2.1
47580,TEA TIME DES TEA COSY,2010-12-01 09:41:00,2011-12-08 19:28:00,388,1116.72,3.303
47585A,PINK FAIRY CAKE CUSHION COVER,2010-12-17 17:08:00,2011-12-01 13:08:00,264,1129.44,4.854216867469879
47586A,PINK FAIRY CAKE CUSHION COVER,2010-12-06 14:08:00,2011-11-23 10:09:00,21,53.55,2.55
47589,CONGRATULATIONS BUNTING,2011-01-06 12:45:00,2011-05-24 10:24:00,13,70.85000000000001,5.45
47590A,BLUE HAPPY BIRTHDAY BUNTING,2010-12-01 17:06:00,2011-12-06 16:26:00,1990,10491.75,5.864717948717949
47590B,PINK HAPPY BIRTHDAY BUNTING,2010-12-01 17:06:00,2011-12-09 10:03:00,2323,12050.12,5.82266497461929
47590b,PINK HAPPY BIRTHDAY BUNTING,2011-01-18 16:05:00,2011-11-13 11:50:00,12,129.48,10.79
47591B,SCOTTIES CHILDRENS APRON,2010-12-01 14:32:00,2011-02-02 13:35:00,209,344.78999999999996,1.6485714285714284
47591D,PINK FAIRY CAKE CHILDRENS APRON,2010-12-01 14:32:00,2011-12-08 16:30:00,3207,6052.45,2.157881548974943
47591b,SCOTTIES CHILDRENS APRON,2011-12-08 10:53:00,2011-12-08 10:53:00,1,4.13,4.13
47591d,PINK FAIRY CAKE CHILDRENS APRON,2010-12-03 14:27:00,2011-11-29 15:08:00,134,672.24,4.968928571428571
47593A,CAROUSEL PONIES BABY BIB,2010-12-12 12:08:00,2011-03-29 16:05:00,33,14.37,0.5853846153846154
47593B,SCOTTIE DOGS BABY BIB,2010-12-01 14:32:00,2011-12-08 09:28:00,1987,946.13,0.6978542510121458
47593b,SCOTTIE DOGS BABY BIB,2011-10-31 14:41:00,2011-10-31 14:41:00,6,4.9799999999999995,0.83
47594A,CAROUSEL DESIGN WASHBAG,2010-12-01 17:06:00,2011-11-24 13:06:00,108,199.84,1.9125999999999999
47594B,SCOTTIES DESIGN WASHBAG,2010-12-15 16:21:00,2011-11-08 10:44:00,170,314.54999999999995,1.9028571428571428
47599A,PINK PARTY BAGS,2010-12-01 12:49:00,2011-12-02 16:04:00,2456,4649.5,2.2805988023952097
47599B,BLUE PARTY BAGS,2010-12-01 12:49:00,2011-12-02 16:04:00,1480,2822.32,2.182372881355932
48111,DOORMAT 3 SMILEY CATS,2010-12-01 15:00:00,2011-12-09 08:59:00,1172,7708.48,9.613290598290599
48116,DOORMAT MULTICOLOUR STRIPE,2010-12-08 13:03:00,2011-12-08 13:26:00,1491,9080.68,9.6681592039801
48129,DOORMAT TOPIARY,2010-12-01 11:21:00,2011-12-08 17:57:00,904,6009.84,8.774320388349514
48138,DOORMAT UNION FLAG,2010-12-01 14:03:00,2011-12-09 10:26:00,3751,25534.15,8.891294498381876
48173C,DOORMAT BLACK FLOCK,2010-12-01 12:23:00,2011-12-08 09:20:00,1799,10000.66,8.200425531914894
48173c,DOORMAT BLACK FLOCK,2010-12-03 14:27:00,2011-05-03 09:44:00,15,252.95000000000002,16.830000000000002
48184,DOORMAT ENGLISH ROSE,2010-12-01 14:03:00,2011-12-08 19:29:00,2035,14300.15,8.640073710073711
48185,DOORMAT FAIRY CAKE,2010-12-01 10:52:00,2011-12-08 19:29:00,3615,23872.91,10.12136612021858
48187,DOORMAT NEW ENGLAND,2010-12-01 08:34:00,2011-12-09 12:00:00,3807,24108.39,8.464717607973423
48188,DOORMAT WELCOME PUPPIES,2010-12-01 14:32:00,2011-12-06 17:23:00,2064,12107.02,8.819268292682928
48189,DOORMAT FRIENDSHIP,2010-12-07 15:31:00,2011-04-26 10:32:00,27,451.10999999999996,16.712352941176473
48194,DOORMAT HEARTS,2010-12-01 11:41:00,2011-12-08 19:29:00,3416,22114.42,9.247993254637437
51008,AFGHAN SLIPPER SOCK PAIR,2010-12-05 16:41:00,2011-11-27 13:26:00,519,1690.5500000000002,3.4272727272727277
51014A,"FEATHER PEN,HOT PINK",2010-12-01 14:54:00,2011-12-09 10:03:00,3842,2000.06,0.6593305439330543
51014C,"FEATHER PEN,COAL BLACK",2010-12-01 14:54:00,2011-12-08 19:28:00,2687,1405.73,0.7213714285714286
51014L,"FEATHER PEN,LIGHT PINK",2010-12-01 14:54:00,2011-12-09 10:03:00,2059,1069.1399999999999,0.6530666666666666
51014c,"FEATHER PEN,COAL BLACK",2011-10-31 14:41:00,2011-10-31 14:41:00,1,0.83,0.83
51020A,SUMMER FUN DESIGN SHOWER CAP,2010-12-05 15:12:00,2011-04-27 11:26:00,325,116.32999999999998,0.5566666666666666
51020B,STRIPY DESIGN SHOWER CAP,2010-12-05 15:12:00,2011-04-27 11:26:00,197,70.57,0.6739999999999999
62018,SOMBRERO,2010-12-05 12:53:00,2011-12-06 16:33:00,4415,5716.85,1.812295081967213
62043B,BLUE CHECK BAG W HANDLE 34X20CM,2011-04-27 12:08:00,2011-05-19 10:20:00,17,14.11,0.8299999999999998
62074B,ELEPHANT CLIP W SUCTION CUP,2011-01-31 16:02:00,2011-07-12 15:29:00,16,6.72,0.42
62086A,PINK RETRO BIG FLOWER BAG,2011-01-13 09:23:00,2011-06-23 14:11:00,88,171.6,1.95
62094B,TURQ ICE CREAM BUM BAG,2010-12-06 09:58:00,2011-02-04 10:40:00,19,63.209999999999994,4.08125
62096A,PINK/YELLOW FLOWERS HANDBAG,2010-12-02 09:43:00,2011-02-24 14:32:00,106,132.5,1.25
62096B,PURPLE/TURQ FLOWERS HANDBAG,2011-03-07 14:51:00,2011-03-07 14:51:00,2,2.5,1.25
62097B,BLUE STRIPES SHOULDER BAG,2011-04-27 12:08:00,2011-05-23 11:52:00,9,7.469999999999999,0.83
70006,LOVE HEART POCKET WARMER,2010-12-01 17:06:00,2011-12-08 15:31:00,2702,1863.98,1.7202459016393443
70007,HI TEC ALPINE HAND WARMER,2010-12-01 12:31:00,2011-12-08 16:30:00,841,956.36,2.124351851851852
71038,WHITE HANGING BEADS CANDLE HOLDER,2010-12-08 12:17:00,2011-11-28 11:00:00,238,1239.5,5.3999999999999995
71050,SMALL SINGLE FLAME CANDLE HOLDER,2011-02-28 14:48:00,2011-12-02 12:52:00,33,11.549999999999999,0.3499999999999999
71053,WHITE METAL LANTERN,2010-12-01 08:26:00,2011-12-09 10:26:00,1944,8419.32,4.824941176470588
71101E,STANDING FAIRY POLE SUPPORT,2011-01-23 12:08:00,2011-11-21 12:40:00,346,278.5,0.8322727272727272
71143,SILVER BOOK MARK WITH BEADS,2010-12-03 11:36:00,2011-07-13 16:07:00,178,196.35999999999999,1.641081081081081
71215,METAL BASE FOR CANDLES,2010-12-08 15:17:00,2011-05-26 16:30:00,11,4.62,0.42
71270,PHOTO CLIP LINE,2010-12-01 09:41:00,2011-12-09 10:03:00,236,334.98,1.7107999999999999
71279,PINK GLASS CANDLEHOLDER,2010-12-07 09:13:00,2011-11-09 16:14:00,175,558.37,3.677179487179487
71403,"PINK/WHITE ""KEEP CLEAN"" BULLET BIN",2010-12-06 11:16:00,2011-11-16 12:25:00,76,283.96000000000004,4.502727272727273
71406C,BLACK ORANGE SQUEEZER,2010-12-01 12:43:00,2011-11-29 17:52:00,138,57.96,0.42000000000000004
71459,HANGING JAM JAR T-LIGHT HOLDER,2010-12-01 14:32:00,2011-12-09 10:10:00,13605,10858.89,0.9382312925170068
71477,COLOUR GLASS. STAR T-LIGHT HOLDER,2010-12-01 16:52:00,2011-12-08 16:30:00,6748,20650.66,4.023260188087774
71495A,CD WALL TIDY BLUE OFFICE,2010-12-13 11:21:00,2011-11-24 12:33:00,103,40.379999999999995,0.71375
71495B,CD WALL TIDY RED FLOWERS,2010-12-08 13:53:00,2011-11-24 12:33:00,163,61.05,0.55125
71496A,A4 WALL TIDY BLUE OFFICE,2010-12-01 17:06:00,2011-11-02 14:31:00,127,80.96000000000001,1.0875000000000001
71496B,A4 WALL TIDY RED FLOWERS,2011-01-31 12:21:00,2011-11-02 14:31:00,13,7.37,0.56
71510,SQUARE METAL CANDLEHOLDER BASE,2011-02-10 14:30:00,2011-11-24 19:59:00,52,36.519999999999996,0.8099999999999999
72024U,LILAC VOTIVE CANDLE,2011-04-26 09:44:00,2011-06-27 12:49:00,72,15.120000000000001,0.21
72051S,BAG OF SILVER STONES,2010-12-05 13:00:00,2011-04-13 12:57:00,130,89.52999999999999,0.6746153846153846
72122,COFFEE SCENT PILLAR CANDLE,2010-12-06 12:41:00,2011-12-08 16:30:00,324,335.78999999999996,1.1914516129032255
72127,COLUMBIAN CANDLE ROUND,2010-12-02 13:11:00,2011-11-23 14:35:00,169,210.61,1.284516129032258
72128,COLUMBIAN CANDLE ROUND,2010-12-03 14:54:00,2011-12-08 16:30:00,193,152.04999999999998,0.9033333333333332
72130,COLUMBIAN CANDLE ROUND,2010-12-03 14:54:00,2011-11-30 15:13:00,219,133.34,0.7432142857142857
72131,COLUMBIAN CANDLE RECTANGLE,2010-12-06 12:41:00,2011-11-25 11:02:00,136,236.39999999999998,1.8999999999999997
72132,COLUMBIAN CUBE CANDLE,2010-12-08 13:08:00,2011-11-27 14:30:00,28,54.599999999999994,1.95
72133,COLUMBIAN CANDLE RECTANGLE,2010-12-02 13:11:00,2011-12-08 09:20:00,45,63.51,1.4635294117647057
72134,COLUMBIAN  CUBE CANDLE,2010-12-01 17:06:00,2011-12-08 09:20:00,105,58.62,0.9872727272727272
72140E,BEST DAD CANDLE LETTERS,2011-02-27 10:13:00,2011-10-16 11:06:00,31,26.349999999999998,0.85
72225C,LAVENDER SCENT CAKE CANDLE,2010-12-17 14:54:00,2011-11-29 09:48:00,624,165.6,0.28058823529411764
72232,FENG SHUI PILLAR CANDLE,2010-12-02 18:23:00,2011-12-09 08:48:00,3317,630.23,0.19
72349B,SET/6 PURPLE BUTTERFLY T-LIGHTS,2010-12-05 11:57:00,2011-12-09 10:03:00,729,1486.69,2.4736206896551725
72349b,SET/6 PURPLE BUTTERFLY T-LIGHTS,2010-12-03 11:13:00,2011-12-09 10:26:00,159,658.51,4.144634146341463
72351A,SET/6 TURQUOISE BUTTERFLY T-LIGHTS,2010-12-03 11:36:00,2011-12-08 16:14:00,1264,2498.75,2.293974358974359
72351B,SET/6 PINK  BUTTERFLY T-LIGHTS,2010-12-06 10:08:00,2011-12-07 13:53:00,2096,4007.85,2.3841176470588237
72351a,SET/6 TURQUOISE BUTTERFLY T-LIGHTS,2010-12-07 15:34:00,2011-10-26 14:42:00,15,62.269999999999996,4.1499999999999995
72369A,PINK CLEAR GLASS CANDLE PLATE,2011-01-14 14:06:00,2011-11-28 13:37:00,30,39.92,1.6533333333333333
72586,SET OF 6 HALLOWEEN GHOST T-LIGHTS,2010-12-01 14:32:00,2011-12-01 16:22:00,691,317.83,0.6486746987951807
72598,SET/12 TAPER CANDLES,2010-12-01 13:20:00,2011-12-08 19:24:00,607,605.89,1.2690526315789472
72709,IVORY SCULPTED RND CANDLE,2010-12-08 13:08:00,2011-11-13 16:22:00,44,37.4,0.85
72741,GRAND CHOCOLATECANDLE,2010-12-01 14:03:00,2011-12-09 10:03:00,5958,8196.0,1.5990443686006826
72760B,VINTAGE CREAM 3 BASKET CAKE STAND,2010-12-02 09:29:00,2011-12-09 08:48:00,409,4145.389999999999,11.102941176470589
72780,BLACK SILOUETTE CANDLE PLATE,2010-12-13 12:57:00,2011-12-08 12:54:00,137,116.44999999999999,0.85
72783,BLACK SIL'T SQU CANDLE PLATE,2011-11-06 16:07:00,2011-12-08 12:54:00,16,33.6,2.1
72798C,SET/4 GARDEN ROSE DINNER CANDLE,2010-12-01 17:35:00,2011-02-03 12:37:00,7,11.549999999999999,1.6499999999999997
72799C,PINK PILLAR CANDLE SILVER FLOCK,2011-01-23 10:15:00,2011-12-07 12:43:00,81,129.47,2.4173684210526316
72799E,IVORY PILLAR CANDLE SILVER FLOCK,2010-12-01 14:32:00,2011-12-08 15:54:00,451,916.9900000000001,2.8266233766233766
72799F,IVORY PILLAR CANDLE GOLD FLOCK,2010-12-01 14:32:00,2011-11-25 12:20:00,144,421.13000000000005,3.036666666666667
72800B,4 PURPLE FLOCK DINNER CANDLES,2010-12-01 12:49:00,2011-12-08 12:15:00,142,285.7,2.45051282051282
72800C,4 PINK DINNER CANDLE SILVER FLOCK,2010-12-16 16:45:00,2011-12-08 12:15:00,130,259.71999999999997,2.642857142857143
72800D,4 BLUE DINNER CANDLES SILVER FLOCK,2010-12-05 10:52:00,2011-11-28 13:37:00,87,226.67,2.7054838709677416
72800E,4 IVORY DINNER CANDLES SILVER FLOCK,2010-12-01 12:15:00,2011-12-09 10:20:00,538,1205.64,2.5973381294964026
72801C,4 ROSE PINK DINNER CANDLES,2010-12-02 14:47:00,2011-12-08 19:24:00,145,180.65,1.5610526315789475
72801D,4 SKY BLUE DINNER CANDLES,2010-12-02 14:47:00,2011-12-08 19:24:00,75,113.21,1.588888888888889
72801G,4 BURGUNDY WINE DINNER CANDLES,2010-12-06 12:06:00,2011-11-15 15:23:00,45,57.46,1.343076923076923
72801c,4 ROSE PINK DINNER CANDLES,2011-01-25 09:37:00,2011-12-07 10:35:00,39,95.94,2.46
72801d,4 SKY BLUE DINNER CANDLES,2010-12-14 15:56:00,2011-12-08 10:53:00,75,184.7,2.463409090909091
72802A,ROSE SCENT CANDLE IN JEWELLED BOX,2010-12-03 15:05:00,2011-12-01 11:18:00,323,1329.91,4.749375
72802B,OCEAN SCENT CANDLE IN JEWELLED BOX,2010-12-03 15:10:00,2011-11-03 19:15:00,1028,1993.48,4.176585365853659
72802C,VANILLA SCENT CANDLE JEWELLED BOX,2010-12-01 11:45:00,2011-11-04 14:07:00,1395,2688.19,4.532056074766356
72802a,ROSE SCENT CANDLE IN JEWELLED BOX,2011-07-04 11:10:00,2011-07-08 13:54:00,7,58.029999999999994,8.29
72802c,VANILLA SCENT CANDLE JEWELLED BOX,2011-11-23 11:11:00,2011-11-23 11:11:00,1,8.29,8.29
72803A,ROSE SCENT CANDLE JEWELLED DRAWER,2010-12-01 17:35:00,2011-11-06 11:55:00,529,722.47,4.261463414634147
72803b,OCEAN SCENT CANDLE JEWELLED DRAWER,2010-12-03 11:28:00,2010-12-03 11:28:00,1,8.47,8.47
72807A,SET/3 ROSE CANDLE IN JEWELLED BOX,2010-12-01 14:32:00,2011-11-24 09:26:00,393,1845.57,5.72
72807B,SET/3 OCEAN SCENT CANDLE JEWEL BOX,2010-12-01 14:32:00,2011-11-24 09:26:00,395,1822.21,5.369285714285715
72807C,SET/3 VANILLA SCENTED CANDLE IN BOX,2010-12-01 14:32:00,2011-11-25 14:25:00,721,3145.05,5.298535031847134
72807a,SET/3 ROSE CANDLE IN JEWELLED BOX,2011-01-18 16:05:00,2011-11-25 15:23:00,8,66.32,8.29
72807b,SET/3 OCEAN SCENT CANDLE JEWEL BOX,2011-02-02 12:16:00,2011-04-15 10:37:00,4,33.16,8.29
72807c,SET/3 VANILLA SCENTED CANDLE IN BOX,2011-07-08 13:54:00,2011-11-23 11:11:00,5,41.449999999999996,8.29
72811,SMALL ZINC/GLASS CANDLEHOLDER,2011-04-28 10:20:00,2011-12-08 12:26:00,53,78.92999999999999,1.8175
72812,LARGE ZINC GLASS CANDLEHOLDER,2011-02-09 12:46:00,2011-12-08 16:30:00,34,116.06,3.7609090909090908
72815,3 WICK CHRISTMAS BRIAR CANDLE,2010-12-09 16:27:00,2011-01-26 12:40:00,3,15.97,6.11
72816,SET/3 CHRISTMAS DECOUPAGE CANDLES,2010-12-01 14:32:00,2011-10-17 13:31:00,892,1005.3199999999999,1.9310144927536232
72817,SET OF 2 CHRISTMAS DECOUPAGE CANDLE,2010-12-01 13:45:00,2011-11-23 13:39:00,1212,1232.27,1.2376687116564418
72818,CHRISTMAS DECOUPAGE CANDLE,2010-12-01 12:23:00,2011-10-31 14:09:00,1845,821.98,0.7696153846153846
72819,CUPID DESIGN SCENTED CANDLES,2010-12-07 09:13:00,2011-12-08 20:01:00,225,509.07,2.9211627906976743
72821,CUPID SCENTED CANDLE IN GLASS,2011-01-27 11:55:00,2011-02-10 16:17:00,11,18.15,1.65
75011,BLUE DAISY MOBILE,2010-12-14 12:59:00,2011-11-28 13:56:00,172,138.76,0.7999999999999999
75013B,"STRING OF 8 BUTTERFLIES,PINK",2010-12-05 13:08:00,2011-01-16 13:41:00,25,41.24999999999999,1.65
75049L,LARGE CIRCULAR MIRROR MOBILE,2010-12-03 11:36:00,2011-12-07 15:07:00,7102,6812.98,1.6756937799043061
75131,METAL TUBE CHIME ON BAMBOO,2010-12-03 11:36:00,2011-04-04 14:00:00,490,529.21,1.8033333333333335
75172,PAINTED SEA SHELL METAL WINDCHIME,2011-02-09 15:33:00,2011-07-04 16:35:00,93,85.31,1.53
75178,ASSTD COL BUTTERFLY/CRYSTAL W/CHIME,2010-12-14 12:59:00,2011-12-06 14:23:00,459,218.87,1.3415384615384613
77079,DOLPHIN WINDMILL,2011-06-12 12:01:00,2011-06-12 12:01:00,1,2.12,2.12
77101A,UNION FLAG WINDSOCK,2010-12-05 12:15:00,2011-03-21 11:49:00,387,426.94,1.345
78033,FLAG OF ST GEORGE CHAIR,2011-03-20 10:33:00,2011-10-06 09:37:00,38,185.3,5.525
78034B,BLUE NETTING STORAGE HANGER,2010-12-05 12:42:00,2011-10-02 11:10:00,8,15.6,1.95
78124,MAGAZINE RACK GEBRA ASSORTED,2010-12-08 13:53:00,2011-11-28 14:12:00,198,256.5,1.3333333333333333
79000,MOROCCAN TEA GLASS,2010-12-03 10:26:00,2011-09-12 16:14:00,4162,3357.34,1.01512
79026B,"S/4 ICON COASTER,ELVIS LIVES",2011-03-04 14:28:00,2011-05-18 14:50:00,25,10.61,0.4855555555555556
79030D,"TUMBLER, BAROQUE",2010-12-01 14:32:00,2011-11-10 19:40:00,581,350.22999999999996,1.4721276595744681
79030G,"TUMBLER, NEW ENGLAND",2010-12-01 14:32:00,2011-06-03 17:09:00,1403,733.49,1.875820895522388
79051A,SMOKEY GREY COLOUR D.O.F. GLASS,2010-12-06 12:55:00,2011-12-07 10:11:00,823,289.54999999999995,0.37857142857142856
79062D,"RETRO TIN ASHTRAY,REVOLUTIONARY",2011-02-17 14:36:00,2011-08-16 17:25:00,52,19.4,0.38
79063C,"RETRO PILL BOX KEY CHAIN,THE KING",2011-03-09 12:35:00,2011-12-08 13:50:00,235,43.65,0.18928571428571428
79063D,"RETRO PILL BOX , REVOLUTIONARY",2011-02-09 13:41:00,2011-11-27 16:05:00,189,35.14,0.21
79066K,RETRO MOD TRAY,2010-12-01 14:41:00,2011-12-09 11:34:00,783,689.34,1.0782876712328768
79066k,RETRO MOD TRAY,2010-12-09 16:26:00,2011-11-20 13:58:00,17,27.77,1.636
79067,CORONA MEXICAN TRAY,2010-12-01 17:06:00,2010-12-21 15:20:00,172,719.69,5.865263157894737
79071B,ENGLISH ROSE METAL WASTE BIN,2011-01-05 12:54:00,2011-06-13 13:44:00,20,59.0,2.95
79144B,PAINTED LIGHTBULB STAR+ MOON,2010-12-01 14:34:00,2011-12-08 09:28:00,180,103.22999999999999,0.7132075471698113
79144C,PAINTED LIGHTBULB RAINBOW DESIGN,2010-12-07 15:28:00,2011-12-08 09:28:00,152,98.11999999999999,0.7815686274509804
79149B,SILICON STAR BULB  BLUE,2010-12-05 12:42:00,2011-12-06 12:12:00,18,7.56,0.42
79151B,"SILICON CUBE 25W, BLUE",2010-12-05 12:42:00,2011-11-28 14:12:00,11,4.62,0.42
79157B,UBO-LIGHT TRIOBASE BLUE,2011-10-25 10:32:00,2011-12-06 12:38:00,4,3.4,0.85
79157V,UBO-LIGHT TRIOBASE PURPLE,2011-10-09 15:24:00,2011-11-03 18:49:00,5,4.25,0.85
79160,HEART SHAPE WIRELESS DOORBELL,2010-12-06 12:34:00,2011-12-08 13:45:00,444,795.83,2.0834615384615387
79161A,ST GEORGE SET OF 10 PARTY LIGHTS,2011-11-08 14:22:00,2011-11-22 14:43:00,2,5.9,2.95
79163,BLACK CHAMPAGNE GLASS,2010-12-02 14:26:00,2011-09-18 12:21:00,1529,626.55,0.498
79164,BLACK WINE GLASS,2010-12-02 14:26:00,2011-11-07 13:56:00,1666,697.62,0.642
79190A,RETRO PLASTIC 70'S TRAY,2010-12-05 13:55:00,2011-12-09 10:10:00,384,179.35999999999999,0.6090476190476191
79190B,RETRO PLASTIC POLKA TRAY,2010-12-09 13:34:00,2011-12-09 10:10:00,707,288.36,0.5775438596491228
79190D,RETRO PLASTIC DAISY TRAY,2010-12-05 16:24:00,2011-12-02 16:07:00,265,126.97999999999999,0.6136170212765958
79191B,RETRO PLASTIC POLKA TRAY,2010-12-03 11:36:00,2011-12-09 11:34:00,159,138.29999999999998,0.9289999999999999
79191C,RETRO PLASTIC ELEPHANT TRAY,2010-12-02 11:35:00,2011-12-06 08:55:00,1105,812.53,0.8364615384615384
79191D,RETRO PLASTIC DAISY TRAY,2010-12-20 13:43:00,2011-12-09 11:34:00,35,37.61,1.2925
79192A,RETRO PLASTIC 70'S TRAY,2011-01-20 12:04:00,2011-02-02 17:06:00,3,3.75,1.25
79302M,"ART LIGHTS,FUNK MONKEY",2010-12-01 15:08:00,2011-12-08 15:54:00,370,1037.54,3.553809523809524
79321,CHILLI LIGHTS,2010-12-01 09:58:00,2011-12-09 12:20:00,10302,54096.36,6.7953973013493245
79323B,BLACK CHERRY LIGHTS,2011-02-11 13:53:00,2011-02-11 13:53:00,8,54.0,6.75
79323P,PINK CHERRY LIGHTS,2011-01-11 13:54:00,2011-01-11 13:54:00,4,27.0,6.75
79329,PINK FLOCK GLASS CANDLEHOLDER,2010-12-15 13:24:00,2011-04-10 15:07:00,12,12.18,1.015
79331,PINK FLOCK GLASS CANDLEHOLDER,2011-02-20 13:06:00,2011-04-07 12:04:00,26,17.5,0.8033333333333333
79336,LIGHT PINK FLOCK GLASS CANDLEHOLDER,2011-07-29 17:19:00,2011-09-02 15:48:00,36,13.680000000000003,0.38000000000000006
79337,BLUE FLOCK GLASS CANDLEHOLDER,2010-12-03 15:45:00,2011-07-08 15:22:00,644,259.96,0.634
79403,FROSTED WHITE BASE,2010-12-08 14:25:00,2011-12-02 12:52:00,95,85.52,1.062
79406,FROSTED WHITE BASE,2011-02-16 12:49:00,2011-12-08 09:28:00,144,34.12,0.3725
81950B,FLOWER BLUE CLOCK WITH SUCKER,2011-07-04 16:35:00,2011-08-17 13:21:00,116,33.64,0.29
81950V,FLOWER PURPLE CLOCK W/SUCKER,2010-12-10 12:14:00,2011-07-13 15:42:00,20,8.6,0.57
81952B,ROUND BLUE CLOCK WITH SUCKER,2011-07-04 16:35:00,2011-07-26 13:03:00,200,38.0,0.19
81952V,ROUND PURPLE CLOCK WITH SUCKER,2011-07-04 16:35:00,2011-11-27 16:02:00,365,69.35,0.19
81953B,ROUND BLUE CLOCK WITH SUCKER,2011-07-13 12:06:00,2011-07-18 11:47:00,11,2.09,0.19
81953P,ROUND ARTICULATED PINK CLOCK W/SUCK,2011-07-13 12:06:00,2011-07-21 11:55:00,28,5.32,0.19000000000000003
82001S,VINYL RECORD FRAME SILVER,2010-12-03 11:36:00,2011-12-08 09:20:00,1582,5750.21,4.426640625
82001s,VINYL RECORD FRAME SILVER,2011-02-09 12:59:00,2011-12-09 10:26:00,122,910.12,7.46
82011A,"BATHROOM SCALES, TROPICAL BEACH",2010-12-13 09:02:00,2011-11-13 16:16:00,18,67.5,3.75
82011B,BATHROOM SCALES RUBBER DUCKS,2010-12-05 13:17:00,2011-11-23 15:44:00,43,146.85,3.673809523809524
82011C,BATHROOM SCALES FOOTPRINTS IN SAND,2010-12-03 15:19:00,2011-11-23 15:44:00,51,172.05,3.6700000000000004
82095,HEART BUTTONS JEWELLERY BOX,2011-02-14 09:41:00,2011-07-05 16:53:00,68,356.11,5.318666666666667
82482,WOODEN PICTURE FRAME WHITE FINISH,2010-12-01 09:02:00,2011-12-09 10:26:00,8986,23057.06,3.1030650994575044
82483,WOOD 2 DRAWER CABINET WHITE FINISH,2010-12-01 09:02:00,2011-12-08 12:10:00,2386,15123.92,6.952326007326008
82484,WOOD BLACK BOARD ANT WHITE FINISH,2010-12-01 09:53:00,2011-12-09 10:03:00,6012,35966.92,8.440540145985402
82486,WOOD S/3 CABINET ANT WHITE FINISH,2010-12-01 09:02:00,2011-12-09 10:45:00,2136,18343.92,9.12376026272578
82494L,WOODEN FRAME ANTIQUE WHITE,2010-12-01 09:02:00,2011-12-08 19:55:00,6735,19599.49,3.2622028353326065
82494l,WOODEN FRAME ANTIQUE WHITE,2010-12-03 14:27:00,2011-12-08 10:53:00,264,2211.6,8.310655737704916
82551,LAUNDRY 15C METAL SIGN,2010-12-01 14:32:00,2011-12-08 16:30:00,2918,4542.889999999999,1.7629745042492915
82552,WASHROOM METAL SIGN,2010-12-01 12:22:00,2011-12-09 10:26:00,3012,4674.83,1.657445652173913
82567,"AIRLINE LOUNGE,METAL SIGN",2010-12-01 09:41:00,2011-12-09 10:03:00,711,1408.07,2.007216494845361
82578,KITCHEN METAL SIGN,2010-12-01 11:21:00,2011-12-08 09:28:00,2058,1217.8500000000001,0.7530944625407167
82580,BATHROOM METAL SIGN,2010-12-01 11:21:00,2011-12-09 10:26:00,5881,3473.21,0.8306466876971609
82581,TOILET METAL SIGN,2010-12-01 11:21:00,2011-12-09 10:26:00,3883,2155.8900000000003,0.7287931034482759
82582,AREA PATROLLED METAL SIGN,2010-12-01 17:06:00,2011-12-09 10:03:00,4365,8858.79,2.3959453302961276
82583,HOT BATHS METAL SIGN,2010-12-01 14:32:00,2011-12-09 10:23:00,7258,16946.260000000002,2.955829307568438
82599,FANNY'S REST STOPMETAL SIGN,2010-12-01 17:06:00,2011-05-08 12:36:00,508,1217.73,2.8935664335664337
82600,NO SINGING METAL SIGN,2010-12-01 13:24:00,2011-12-09 10:26:00,6013,12833.18,2.5495810564663026
82605,OLD DOC RUSSEL METAL SIGN,2010-12-12 12:35:00,2011-03-18 11:30:00,14,29.400000000000002,2.1
82613A,"METAL SIGN,CUPCAKE SINGLE HOOK",2010-12-20 16:50:00,2011-07-14 13:41:00,71,92.38,1.4516666666666667
82613B,"METAL SIGN,CUPCAKE SINGLE HOOK",2010-12-01 14:32:00,2011-12-06 14:23:00,583,500.24,1.4934234234234232
82613C,"METAL SIGN,CUPCAKE SINGLE HOOK",2010-12-01 14:32:00,2011-12-02 16:39:00,537,443.38,1.4461458333333332
82613D,METAL SIGN CUPCAKE SINGLE HOOK,2010-12-01 14:32:00,2011-12-06 14:23:00,696,534.24,1.369099099099099
82613a,"METAL SIGN,CUPCAKE SINGLE HOOK",2011-06-08 15:26:00,2011-06-08 15:26:00,1,2.46,2.46
82613b,"METAL SIGN,CUPCAKE SINGLE HOOK",2010-12-21 15:19:00,2011-07-08 13:54:00,4,9.94,2.485
82613c,"METAL SIGN,CUPCAKE SINGLE HOOK",2010-12-21 15:19:00,2011-10-26 14:42:00,5,12.399999999999999,2.485
82615,PINK MARSHMALLOW SCARF KNITTING KIT,2010-12-01 16:11:00,2010-12-01 16:11:00,36,91.8,2.55
82616B,FRAPPUCINO SCARF KNITTING KIT,2010-12-03 14:35:00,2011-12-08 09:20:00,343,502.74,1.9437333333333333
82616C,MIDNIGHT GLAMOUR SCARF KNITTING KIT,2010-12-01 17:06:00,2011-12-08 09:20:00,324,501.44,1.9223529411764706
84006,MAGIC TREE -PAPER FLOWERS,2010-12-03 11:19:00,2011-12-08 15:31:00,918,848.6999999999999,1.0551428571428572
84012,MAGIC SHEEP WOOL GROWING FROM PAPER,2010-12-09 14:09:00,2011-12-08 19:57:00,1265,1283.99,1.2425862068965516
84016,FLAG OF ST GEORGE CAR FLAG,2011-04-27 17:23:00,2011-09-14 16:36:00,27,12.16,0.625
84029E,RED WOOLLY HOTTIE WHITE HEART.,2010-12-01 08:26:00,2011-12-09 10:26:00,4734,22025.73,5.128721461187215
84029G,KNITTED UNION FLAG HOT WATER BOTTLE,2010-12-01 08:26:00,2011-12-09 11:26:00,3319,16148.04,5.203712446351931
84030E,ENGLISH ROSE HOT WATER BOTTLE,2010-12-01 10:19:00,2011-12-08 19:24:00,1497,6414.69,4.949702380952381
84030e,ENGLISH ROSE HOT WATER BOTTLE,2010-12-03 14:27:00,2011-12-08 11:21:00,108,877.76,8.488181818181818
84031A,CHARLIE+LOLA RED HOT WATER BOTTLE,2010-12-01 14:32:00,2011-12-09 11:20:00,430,1959.91,4.523454545454546
84031B,CHARLIE LOLA BLUE HOT WATER BOTTLE,2010-12-01 14:32:00,2011-12-09 11:20:00,303,1435.72,4.604758620689656
84031a,CHARLIE+LOLA RED HOT WATER BOTTLE,2011-10-31 14:41:00,2011-10-31 14:41:00,1,16.63,16.63
84031b,CHARLIE LOLA BLUE HOT WATER BOTTLE,2011-10-31 14:41:00,2011-10-31 14:41:00,1,16.63,16.63
84032A,CHARLIE+LOLA PINK HOT WATER BOTTLE,2010-12-01 14:32:00,2011-12-09 11:20:00,1003,3384.98,3.4974203821656054
84032B,CHARLIE + LOLA RED HOT WATER BOTTLE,2010-12-01 11:57:00,2011-12-09 11:20:00,936,2421.59,3.1212451361867704
84033,FLAG OF ST GEORGE,2011-01-18 13:05:00,2011-09-14 16:36:00,23,37.95,1.65
84050,PINK HEART SHAPE EGG FRYING PAN,2010-12-01 13:24:00,2011-11-01 10:30:00,3229,4753.53,2.165366795366795
84051,ASS COLOUR GLOWING TIARAS,2010-12-05 13:00:00,2011-12-06 11:58:00,281,215.21,0.8719230769230768
84077,WORLD WAR 2 GLIDERS ASSTD DESIGNS,2010-12-02 10:09:00,2011-12-09 10:03:00,54951,13814.009999999998,0.3207276119402985
84078A,SET/4 WHITE RETRO STORAGE CUBES,2010-12-06 09:58:00,2011-12-08 09:20:00,415,16363.300000000001,45.23225806451613
84086B,YELLOW/BLUE RETRO RADIO,2011-03-09 12:35:00,2011-12-06 13:20:00,16,47.2,2.95
84086C,PINK/PURPLE RETRO RADIO,2010-12-01 14:32:00,2011-11-30 13:08:00,218,622.27,2.970566037735849
84192,ASSORTED COLOUR METAL CAT,2010-12-09 11:30:00,2011-12-04 15:00:00,111,138.75,1.25
84199,GLOW IN DARK DOLPHINS,2010-12-20 15:35:00,2011-12-06 11:58:00,138,28.98,0.21
84201B,HAPPY BIRTHDAY CARD STRIPEY TEDDY,2011-08-22 13:30:00,2011-11-25 11:54:00,13,2.47,0.19
84201C,HAPPY BIRTHDAY CARD TEDDY/CAKE,2011-08-28 11:01:00,2011-08-28 11:01:00,5,0.95,0.19
84206A,3 BLACK CATS W HEARTS BLANK CARD,2011-08-22 13:30:00,2011-11-25 11:54:00,24,4.5600000000000005,0.19000000000000003
84206B,CAT WITH SUNGLASSES BLANK CARD,2011-11-20 12:34:00,2011-11-20 12:34:00,5,0.95,0.19
84206C,CHAMPAGNE TRAY BLANK CARD,2011-06-01 12:11:00,2011-11-25 11:54:00,8,1.52,0.19
84212,"ASSORTED FLOWER COLOUR ""LEIS""",2010-12-03 12:24:00,2011-12-06 15:43:00,10315,4934.87,0.8927927927927929
84218,BOX/12 CHICK & EGG IN BASKET,2011-01-05 09:51:00,2011-03-31 11:25:00,123,223.10999999999999,1.9158536585365853
84226,HEN HOUSE W FAMILY IN BARN & NEST,2011-01-19 12:38:00,2011-06-08 10:45:00,51,36.21,0.829
84227,HEN HOUSE W CHICK IN NEST,2011-03-14 15:40:00,2011-03-14 15:40:00,1,0.42,0.42
84228,HEN HOUSE W CHICK STANDING,2010-12-06 09:58:00,2011-11-29 08:07:00,297,124.08999999999999,0.5403703703703704
84231,EASTER BUNNY WITH BASKET ON BACK,2011-01-16 16:23:00,2011-11-04 12:05:00,108,72.63,0.7271428571428571
84247E,PACK/12 XMAS FUN CARD,2010-12-07 15:39:00,2011-12-01 16:22:00,140,384.09000000000003,2.705
84247G,"DECOUPAGE,GREETING CARD,",2010-12-02 18:25:00,2011-07-14 13:41:00,357,158.63,0.5371874999999999
84247K,"FOLK ART GREETING CARD,PACK/12",2010-12-03 12:24:00,2011-10-16 16:13:00,22,64.9,2.95
84247L,FAWN AND MUSHROOM GREETING CARD,2010-12-09 10:04:00,2011-04-19 11:33:00,128,62.06,0.6605263157894736
84247N,PACK/12 BLUE FOLKART CARDS,2010-12-03 12:24:00,2011-11-27 16:19:00,22,64.9,2.95
84249A,"GREETING CARD,SQUARE, DOUGHNUTS",2010-12-19 14:58:00,2011-12-09 10:03:00,174,80.46,0.6629629629629629
84251B,"GREETING CARD, STICKY GORDON",2010-12-07 18:36:00,2011-09-25 16:05:00,245,70.78,0.43150943396226416
84251C,"GREETING CARD, TWO SISTERS.",2010-12-23 13:26:00,2011-08-04 16:32:00,127,53.88,0.5189999999999999
84251G,"GREETING CARD, OVERCROWDED POOL.",2010-12-08 14:25:00,2011-12-08 12:29:00,270,74.7,0.4033962264150943
84270,ASSTD DESIGN BUBBLE GUM RING,2010-12-03 11:36:00,2010-12-06 16:57:00,17,3.5700000000000003,0.21
84279B,CHERRY BLOSSOM DECORATIVE FLASK,2011-02-01 09:36:00,2011-06-17 11:07:00,192,774.7,4.5343478260869565
84279P,CHERRY BLOSSOM  DECORATIVE FLASK,2010-12-01 14:32:00,2011-12-01 16:22:00,377,1565.71,4.856771653543307
84306,S/3 PINK SQUARE PLANTERS ROSES,2011-02-20 13:21:00,2011-03-22 15:52:00,10,88.22,8.88111111111111
84313B,BLUE TV TRAY TABLE,2010-12-06 16:57:00,2011-04-01 09:25:00,127,518.61,6.107435897435898
84313C,ORANGE TV TRAY TABLE,2010-12-13 15:16:00,2011-06-02 09:38:00,504,1165.9099999999999,3.9976744186046513
84341B,SMALL PINK MAGIC CHRISTMAS TREE,2010-12-02 12:16:00,2011-11-15 14:48:00,645,282.38,0.6804878048780487
84347,ROTATING SILVER ANGELS T-LIGHT HLDR,2010-12-01 11:41:00,2011-12-09 12:19:00,9461,26425.579999999998,3.415258620689655
84352,SILVER CHRISTMAS TREE BAUBLE STAND,2010-12-01 14:41:00,2011-09-21 16:15:00,34,577.35,17.517391304347825
84356,POMPOM CURTAIN,2010-12-09 16:53:00,2011-12-09 10:46:00,424,2124.15,6.083414634146342
84358,FLOOR LAMP SHADE WOOD BASE,2010-12-05 12:15:00,2011-08-09 12:07:00,33,312.7,10.543076923076923
84360,TABLE LAMP WHITE SHADE WOOD BASE,2010-12-01 15:37:00,2011-12-05 13:43:00,78,434.12,6.554
84375,SET OF 20 KIDS COOKIE CUTTERS,2010-12-01 11:41:00,2011-12-09 10:26:00,4311,9383.150000000001,2.518560460652591
84378,SET OF 3 HEART COOKIE CUTTERS,2010-12-01 11:29:00,2011-12-09 10:03:00,6332,8518.4,1.6291907514450867
84380,SET OF 3 BUTTERFLY COOKIE CUTTERS,2010-12-01 11:29:00,2011-12-09 11:34:00,5799,8153.56,1.7178818443804036
84387A,BIRD ON BRANCH CANVAS SCREEN,2011-07-21 11:55:00,2011-07-21 11:55:00,11,21.45,1.95
84388,WISE MAN STAR SHAPE EGG PAN,2010-12-07 14:30:00,2011-04-19 15:02:00,24,13.14,1.02
84402B,PURPLE DRESS JEWELLERY STAND,2011-07-19 09:50:00,2011-07-21 16:10:00,61,48.19,0.79
84406B,CREAM CUPID HEARTS COAT HANGER,2010-12-01 08:26:00,2011-12-05 14:30:00,2015,7653.17,4.311608391608392
84415A,PINK FLOCK SUEDE CUSHION COVER,2011-06-08 08:31:00,2011-06-24 12:14:00,12,15.0,1.25
84415B,BLUE FLOCK CUSHION COVER,2010-12-08 13:23:00,2011-06-08 08:31:00,8,20.0,2.9166666666666665
84422,PINK/BLUE DISC/MIRROR STRING,2010-12-06 16:57:00,2011-09-16 13:13:00,566,244.17,0.9513333333333333
84429A,MEDIUM PINK BUDDHA HEAD,2010-12-06 16:57:00,2011-12-08 19:24:00,54,182.50000000000003,3.913809523809524
84452,METAL RABBIT LADDER EASTER,2011-02-04 14:14:00,2011-10-20 09:28:00,74,62.9,0.85
84457,SET/3 RABBITS FLOWER SKIPPPING ROPE,2010-12-19 14:58:00,2011-11-09 15:09:00,126,112.55999999999999,0.9944444444444444
84459A,PINK METAL CHICKEN HEART,2010-12-06 10:08:00,2011-10-30 16:17:00,716,1058.18,2.2159574468085106
84459B,YELLOW METAL CHICKEN HEART,2010-12-01 17:06:00,2011-04-07 19:05:00,721,1079.67,2.0770652173913042
84461,12 PINK HEN+CHICKS IN BASKET,2011-01-16 16:23:00,2011-04-20 13:59:00,41,104.55,2.55
84462,3 PINK HEN+CHICKS IN BASKET,2011-01-16 16:23:00,2011-04-14 15:26:00,12,15.0,1.25
84465,15 PINK FLUFFY CHICKS IN BOX,2011-01-30 10:19:00,2011-11-04 12:05:00,10,29.5,2.95
84466,TOP SECRET PEN SET,2011-02-23 13:21:00,2011-07-14 13:00:00,46,57.5,1.25
84497,BUTTONS AND STRIPES NOTEBOOK,2010-12-07 15:54:00,2011-11-15 14:48:00,13,48.75,3.75
84499,BLACK FLOWER CANDLE PLATE,2010-12-21 16:08:00,2011-01-04 11:34:00,7,5.949999999999999,0.85
84507B,STRIPES DESIGN MONKEY DOLL,2010-12-15 13:24:00,2011-09-07 12:41:00,39,118.72999999999999,3.4263636363636363
84507C,BLUE CIRCLES DESIGN MONKEY DOLL,2010-12-03 14:35:00,2011-10-23 11:10:00,66,175.73,2.806206896551724
84508A,CAMOUFLAGE DESIGN TEDDY,2010-12-01 14:41:00,2011-09-21 09:54:00,1631,3448.05,2.4124999999999996
84508B,STRIPES DESIGN TEDDY,2010-12-05 11:54:00,2011-11-27 16:27:00,56,142.79999999999998,2.55
84508C,BLUE CIRCLES DESIGN TEDDY,2010-12-05 12:44:00,2011-11-17 12:59:00,56,154.95,3.0359999999999996
84509A,SET OF 4 ENGLISH ROSE PLACEMATS,2010-12-01 11:21:00,2011-12-08 16:30:00,896,3417.28,4.501217391304348
84509B,SET OF 4 FAIRY CAKE PLACEMATS,2010-12-01 15:08:00,2011-12-08 20:01:00,217,806.04,3.8036250000000003
84509C,SET OF 4 POLKADOT PLACEMATS,2010-12-06 16:57:00,2011-12-05 17:24:00,130,498.94,4.149019607843137
84509E,SET OF 4 CAROUSEL PLACEMATS,2010-12-10 09:51:00,2011-12-07 12:55:00,91,183.45,3.5413043478260873
84509G,SET OF 4 FAIRY CAKE PLACEMATS,2010-12-02 12:16:00,2011-12-08 15:54:00,517,950.49,3.0195454545454545
84509a,SET OF 4 ENGLISH ROSE PLACEMATS,2011-02-04 13:03:00,2011-12-09 10:26:00,104,775.84,7.46
84509b,SET OF 4 FAIRY CAKE PLACEMATS,2011-02-02 12:17:00,2011-11-13 11:50:00,5,37.3,7.46
84509c,SET OF 4 POLKADOT PLACEMATS,2010-12-03 11:28:00,2011-12-05 11:58:00,43,322.22,7.495555555555556
84509g,SET OF 4 FAIRY CAKE PLACEMATS,2011-05-10 15:04:00,2011-05-10 15:07:00,2,14.92,7.46
84510A,SET OF 4 ENGLISH ROSE COASTERS,2010-12-01 11:21:00,2011-12-09 08:48:00,1196,1630.32,1.7437759336099585
84510C,SET OF 4 POLKADOT COASTERS,2010-12-06 16:57:00,2011-12-05 17:24:00,132,211.32999999999998,1.7924074074074072
84510E,SET OF 4 GREEN CAROUSEL COASTERS,2010-12-10 09:51:00,2011-12-06 12:12:00,34,48.29,1.655625
84510a,SET OF 4 ENGLISH ROSE COASTERS,2010-12-09 16:27:00,2011-06-28 11:53:00,53,130.48,2.4625
84510c,SET OF 4 POLKADOT COASTERS,2010-12-07 15:34:00,2011-12-05 11:48:00,40,98.7,2.468695652173913
84510e,SET OF 4 GREEN CAROUSEL COASTERS,2011-04-15 10:41:00,2011-04-15 10:41:00,1,2.46,2.46
84519A,TOMATO CHARLIE+LOLA COASTER SET,2010-12-01 09:37:00,2011-12-09 11:34:00,512,905.55,2.508522727272727
84519B,CARROT CHARLIE+LOLA COASTER SET,2010-12-02 13:14:00,2011-12-09 11:34:00,471,773.3,2.3733858267716537
84520B,PACK 20 ENGLISH ROSE PAPER NAPKINS,2010-12-01 17:06:00,2011-03-03 16:22:00,554,508.36999999999995,1.1018518518518519
84522,PINK PARTY SUNGLASSES,2010-12-06 12:15:00,2011-11-22 13:25:00,20,36.76,1.8166666666666667
84527,FLAMES SUNGLASSES PINK LENSES,2011-01-21 17:14:00,2011-11-25 11:20:00,52,95.1,2.145
84531A,PINK KNITTED EGG COSY,2010-12-05 16:24:00,2011-04-18 13:49:00,147,76.69,0.6940000000000001
84531B,BLUE KNITTED EGG COSY,2010-12-05 16:24:00,2011-04-18 13:49:00,155,85.61,0.7000000000000001
84534B,FAIRY CAKE NOTEBOOK A5 SIZE,2010-12-01 14:32:00,2011-01-20 12:16:00,53,50.72,1.255
84534b,FAIRY CAKE NOTEBOOK A5 SIZE,2010-12-03 11:28:00,2010-12-21 15:23:00,2,3.32,1.66
84535A,ENGLISH ROSE NOTEBOOK A6 SIZE,2011-03-10 15:52:00,2011-05-08 13:32:00,399,186.56,0.6776190476190477
84535B,FAIRY CAKES NOTEBOOK A6 SIZE,2010-12-01 14:32:00,2011-12-08 09:28:00,1332,850.2,0.9028205128205128
84536A,ENGLISH ROSE NOTEBOOK A7 SIZE,2010-12-01 14:32:00,2011-12-08 15:03:00,3138,1409.8999999999999,0.5375652173913043
84536B,FAIRY CAKES NOTEBOOK A7 SIZE,2010-12-01 14:32:00,2011-12-06 16:26:00,2102,888.14,0.5553631284916201
84536a,ENGLISH ROSE NOTEBOOK A7 SIZE,2011-02-08 12:13:00,2011-11-20 13:58:00,14,11.060000000000002,0.79
84536b,FAIRY CAKES NOTEBOOK A7 SIZE,2010-12-09 16:26:00,2010-12-09 16:26:00,5,4.050000000000001,0.81
84539,KNITTED RABBIT DOLL,2010-12-03 12:01:00,2011-07-10 12:03:00,26,42.9,1.65
84548,CROCHET BEAR RED/BLUE  KEYRING,2011-03-24 13:16:00,2011-07-08 16:26:00,22,36.3,1.65
84549,CROCHET WHITE RABBIT KEYRING,2011-03-31 16:43:00,2011-11-08 18:41:00,38,69.38,2.5585714285714287
84550,CROCHET LILAC/RED BEAR KEYRING,2011-11-25 14:02:00,2011-11-25 14:02:00,1,1.65,1.65
84551,CROCHET DOG KEYRING,2011-06-14 13:15:00,2011-10-06 15:58:00,13,21.449999999999996,1.65
84558A,3D DOG PICTURE PLAYING CARDS,2010-12-01 12:31:00,2011-12-05 11:49:00,333,987.4100000000001,3.1163414634146345
84558a,3D DOG PICTURE PLAYING CARDS,2010-12-07 15:34:00,2011-12-09 10:26:00,5,29.310000000000002,5.862
84559A,3D SHEET OF DOG STICKERS,2010-12-01 17:06:00,2011-12-09 10:03:00,397,375.60999999999996,1.1461702127659574
84559B,3D SHEET OF CAT STICKERS,2010-12-01 17:06:00,2011-11-02 13:50:00,237,217.29,1.0139285714285715
84559a,3D SHEET OF DOG STICKERS,2010-12-03 11:28:00,2011-06-27 09:12:00,29,48.379999999999995,1.6695454545454544
84559b,3D SHEET OF CAT STICKERS,2010-12-07 15:33:00,2011-09-20 14:46:00,23,38.33,1.666
84562A,PINK/WHITE RIBBED MELAMINE JUG,2010-12-03 15:19:00,2011-02-20 13:18:00,3,23.85,7.95
84563A,PINK & WHITE BREAKFAST TRAY,2010-12-01 12:49:00,2011-05-17 10:57:00,96,369.84000000000003,4.716285714285714
84563B,BLUE & WHITE BREAKFAST TRAY,2010-12-05 13:55:00,2011-06-19 12:23:00,94,346.3,4.016315789473684
84568,GIRLS ALPHABET IRON ON PATCHES,2010-12-06 09:58:00,2011-12-09 10:03:00,12442,2678.33,0.3868027210884354
84569A,PACK 3 IRON ON DOG PATCHES,2010-12-06 12:44:00,2011-12-05 17:28:00,294,355.84,1.2592307692307692
84569B,PACK 3 FIRE ENGINE/CAR PATCHES,2010-12-01 13:04:00,2011-03-22 09:30:00,85,118.4,1.7621052631578946
84569C,PACK 4 FLOWER/BUTTERFLY PATCHES,2011-03-25 13:54:00,2011-03-25 13:54:00,1,1.25,1.25
84569D,PACK 6 HEART/ICE-CREAM PATCHES,2010-12-05 12:43:00,2011-12-09 10:03:00,467,560.62,1.3740816326530612
84575A,PINK DOG CANNISTER,2010-12-13 15:16:00,2011-04-19 14:49:00,14,39.3,3.95
84576,BLUE CAT BISCUIT BARREL PINK HEART,2011-04-04 16:01:00,2011-07-20 10:08:00,66,148.32,2.975882352941176
84580,MOUSE TOY WITH PINK T-SHIRT,2010-12-01 14:32:00,2011-12-08 09:28:00,389,1482.43,3.863053892215569
84581,DOG TOY WITH PINK CROCHET SKIRT,2010-12-01 14:32:00,2011-12-04 15:35:00,187,709.71,3.844
84584,PINK GINGHAM CAT WITH SCARF,2010-12-13 11:21:00,2011-07-10 13:46:00,144,314.51,2.2963333333333336
84592,CROCHET ROSE PURSE WITH SUEDE BACK,2011-01-20 10:47:00,2011-11-30 14:41:00,76,241.24000000000004,3.5954545454545457
84593,CROCHET ROSE DES CLOTHES HANGER,2011-03-07 17:30:00,2011-03-07 17:30:00,5,14.750000000000002,2.95
84595E,LARGE TORTILLA DESIGN RED BOWL,2010-12-10 11:33:00,2011-08-02 16:11:00,78,154.67999999999998,2.7563636363636363
84596B,SMALL DOLLY MIX DESIGN ORANGE BOWL,2010-12-06 12:23:00,2011-12-09 10:03:00,5023,2547.42,0.614593572778828
84596E,SMALL LICORICE DES PINK BOWL,2010-12-01 12:43:00,2011-04-01 11:46:00,564,411.68,0.9810126582278481
84596F,SMALL MARSHMALLOWS PINK BOWL,2010-12-05 15:15:00,2011-12-09 10:03:00,3732,1943.62,0.631554054054054
84596G,SMALL CHOCOLATES PINK BOWL,2010-12-05 12:13:00,2011-12-08 15:31:00,1855,949.0799999999999,0.6263967611336032
84596J,MIXED NUTS LIGHT GREEN BOWL,2010-12-01 17:06:00,2011-05-23 09:43:00,568,296.45,0.8294117647058823
84596L,BISCUITS SMALL BOWL LIGHT BLUE,2010-12-05 15:15:00,2011-09-18 12:21:00,1254,629.38,0.7058720930232558
84596b,SMALL DOLLY MIX DESIGN ORANGE BOWL,2010-12-07 15:34:00,2010-12-21 15:20:00,7,17.57,2.51
84596e,SMALL LICORICE DES PINK BOWL,2010-12-03 11:28:00,2010-12-14 15:56:00,10,25.099999999999998,2.51
84596f,SMALL MARSHMALLOWS PINK BOWL,2011-02-17 10:31:00,2011-12-05 11:48:00,16,39.36,2.46
84596g,SMALL CHOCOLATES PINK BOWL,2011-02-17 10:34:00,2011-02-17 10:34:00,3,7.38,2.46
84596l,BISCUITS SMALL BOWL LIGHT BLUE,2011-05-26 10:44:00,2011-05-26 10:44:00,1,2.46,2.46
84597B,RETRO BROWN BALL ASHTRAY,2010-12-14 13:35:00,2011-06-19 11:10:00,41,51.25,1.25
84597C,RETRO PINK BALL ASHTRAY,2010-12-05 15:12:00,2011-06-02 19:50:00,46,57.5,1.25
84598,BOYS ALPHABET IRON ON PATCHES,2010-12-01 14:32:00,2011-12-09 10:03:00,1975,546.04,0.38494949494949493
84600,NEW BAROQUE JEWELLERY BOX,2010-12-17 14:49:00,2011-12-08 19:24:00,53,446.89,9.4516
84609,TALL ROCOCO CANDLE HOLDER,2010-12-01 17:06:00,2011-12-05 16:05:00,93,770.59,9.6295
84613A,PINK NEW BAROQUE FLOCK CANDLESTICK,2010-12-16 12:42:00,2011-02-02 17:06:00,6,27.900000000000002,4.65
84613C,BLUE NEW BAROQUE FLOCK CANDLESTICK,2010-12-08 12:35:00,2010-12-08 12:35:00,1,4.65,4.65
84614A,PINK BAROQUE FLOCK CANDLE HOLDER,2010-12-03 15:45:00,2010-12-03 15:45:00,2,11.9,5.95
84616,SILVER ROCCOCO CHANDELIER,2010-12-14 14:54:00,2011-11-22 08:26:00,14,504.32,39.39666666666667
84617,NEW BAROQUE BLACK BOXES,2011-01-09 15:13:00,2011-11-14 15:41:00,3,38.25,12.75
84620,BLUE GINGHAM ROSE CUSHION COVER,2010-12-15 14:12:00,2010-12-15 14:12:00,2,11.9,5.95
84625A,PINK NEW BAROQUECANDLESTICK CANDLE,2010-12-01 11:21:00,2011-12-07 15:52:00,478,605.48,2.6080952380952382
84625C,BLUE NEW BAROQUE CANDLESTICK CANDLE,2010-12-01 11:21:00,2011-10-03 16:04:00,449,536.41,2.384857142857143
84629,WHITE 3 FRAME BIRDS AND TREE,2011-05-01 13:45:00,2011-07-26 12:00:00,20,150.0,10.05
84631,FRUIT TREE AND BIRDS WALL PLAQUE,2010-12-10 13:06:00,2011-06-30 15:56:00,40,340.58,8.713333333333333
84632,DECORATIVE HANGING SHELVING UNIT,2011-01-25 09:01:00,2011-07-21 18:08:00,6,359.70000000000005,59.95
84637,KITCHEN FLOWER POTS WALL PLAQUE,2010-12-06 10:08:00,2011-09-23 14:49:00,116,619.59,5.3020481927710845
84638,SMALL KITCHEN FLOWER POTS PLAQUE,2010-12-10 11:19:00,2011-10-20 12:43:00,50,331.5,6.668918918918919
84658,WHITE STITCHED CUSHION COVER,2010-12-01 17:06:00,2011-12-06 13:20:00,57,412.23,7.2995652173913035
84659A,WHITE TRAVEL ALARM CLOCK,2010-12-01 17:06:00,2011-11-21 10:35:00,280,676.27,2.4769662921348314
84660A,WHITE STITCHED WALL CLOCK,2010-12-14 12:59:00,2011-10-03 16:46:00,843,783.45,1.6857142857142857
84660B,BLACK STITCHED WALL CLOCK,2010-12-12 13:56:00,2011-09-01 14:26:00,707,733.28,2.104
84660C,PINK STITCHED WALL CLOCK,2010-12-03 11:36:00,2011-09-08 11:56:00,661,693.32,2.494666666666667
84660a,WHITE STITCHED WALL CLOCK,2011-06-02 11:02:00,2011-06-21 16:36:00,4,29.84,7.46
84660b,BLACK STITCHED WALL CLOCK,2010-12-09 16:31:00,2011-09-07 12:44:00,2,15.08,7.54
84660c,PINK STITCHED WALL CLOCK,2010-12-07 15:33:00,2011-08-11 10:14:00,18,134.92,7.5
84661A,WHITE SQUARE TABLE CLOCK,2011-01-06 14:27:00,2011-12-08 09:28:00,104,167.79,2.7855
84661B,BLACK SQUARE TABLE CLOCK,2010-12-03 11:36:00,2011-12-08 09:28:00,115,300.24,3.3796551724137927
84661C,PINK SQUARE TABLE CLOCK,2011-01-10 09:43:00,2011-12-06 13:45:00,71,104.84,3.015
84661a,WHITE SQUARE TABLE CLOCK,2011-05-17 15:37:00,2011-05-17 15:37:00,1,4.96,4.96
84661b,BLACK SQUARE TABLE CLOCK,2011-10-17 09:55:00,2011-10-17 09:55:00,1,4.96,4.96
84663A,GRASS HOPPER WOODEN WALL CLOCK,2010-12-01 17:06:00,2011-11-20 14:04:00,272,374.12,2.9629411764705886
84665,SQUARE CHERRY BLOSSOM CABINET,2010-12-07 09:21:00,2011-11-08 13:22:00,105,624.75,5.95
84666,SQUARE CHERRY BLOSSOM CABINET,2010-12-14 15:13:00,2011-04-19 14:49:00,24,94.80000000000001,3.95
84673A,PINK FLY SWAT,2010-12-14 16:23:00,2011-11-24 15:02:00,92,63.720000000000006,0.7040909090909091
84673B,BLUE FLY SWAT,2010-12-03 11:36:00,2011-12-05 17:17:00,179,156.63,0.9283333333333333
84674,FLYING PIG WATERING CAN,2010-12-02 10:39:00,2011-12-05 17:36:00,193,466.95000000000005,3.2604166666666665
84675,FROG KING WATERING CAN,2011-01-16 16:25:00,2011-01-17 13:23:00,9,26.55,2.95
84678,CLASSICAL ROSE SMALL VASE,2010-12-01 12:12:00,2011-03-23 10:15:00,142,247.04,2.813846153846154
84679,CLASSICAL ROSE TABLE LAMP,2011-06-21 11:47:00,2011-12-06 11:28:00,6,55.7,11.95
84683,CLASSICAL ROSE CANDLESTAND,2010-12-02 14:26:00,2011-05-03 13:52:00,194,162.20000000000002,1.5075
84685,BEACH HUT KEY CABINET,2010-12-01 14:41:00,2011-05-22 11:34:00,34,177.33,5.938571428571429
84686,BEACH HUT MIRROR,2011-04-04 12:55:00,2011-07-10 16:18:00,49,66.39,2.9525
84687,BEACH HUT SHELF W 3 DRAWERS,2011-02-23 15:58:00,2011-11-13 16:24:00,81,504.43,7.804193548387097
84688,BEACH HUT DESIGN BLACKBOARD,2010-12-10 14:59:00,2011-05-12 16:52:00,41,203.07,6.171333333333333
84689,S/2 BEACH HUT TREASURE CHESTS,2011-04-12 12:16:00,2011-05-04 12:29:00,3,9.95,3.975
84691,PACK 20 DOLLY PEGS,2011-02-21 10:41:00,2011-05-31 09:38:00,242,174.5,0.7525
84692,BOX OF 24 COCKTAIL PARASOLS,2010-12-01 13:24:00,2011-12-09 12:31:00,7903,4327.38,0.6784745762711863
84705C,PINK FLOCK PHOTO FRAME,2011-05-03 13:52:00,2011-05-03 13:52:00,12,15.0,1.25
84706D,CHERRY BLOSSOM TABLE CLOCK,2010-12-08 15:59:00,2011-05-22 11:29:00,8,29.599999999999998,3.6999999999999997
84706F,RED PEONY TABLE CLOCK,2011-07-10 11:19:00,2011-11-27 13:00:00,16,47.2,2.95
84707A,SILVER JEWELLED MIRROR TRINKET TRAY,2010-12-06 16:58:00,2011-12-08 15:31:00,95,695.23,9.787555555555555
84707B,PINK JEWELLED MIRROR TRINKET TRAY,2010-12-05 16:41:00,2011-12-08 15:54:00,34,210.54999999999998,8.18611111111111
84708B,PINK JEWELLED PHOTO FRAME,2011-02-02 12:26:00,2011-12-07 13:12:00,62,326.35,5.931052631578948
84709B,PINK OVAL JEWELLED MIRROR,2010-12-01 11:21:00,2011-06-26 13:45:00,20,119.0,5.95
84711A,SILVER OVAL SHAPE TRINKET BOX,2010-12-06 12:06:00,2011-12-04 12:29:00,25,221.79999999999998,8.609411764705882
84711B,PINK OVAL SHAPE TRINKET BOX,2010-12-13 16:46:00,2011-12-07 13:12:00,20,186.64,8.999230769230769
84712B,PINK JEWELLED PHOTO FRAME,2010-12-06 09:58:00,2011-11-30 17:37:00,30,231.56,7.6825
84715,SET OF 6 ICE CREAM SKITTLES,2011-01-30 14:05:00,2011-04-13 13:47:00,16,47.2,2.9500000000000006
84723,CHERRY BLOSSOM CANVAS ART PICTURE,2011-02-02 14:37:00,2011-08-08 14:37:00,41,97.95,3.9499999999999997
84725,FREESTYLE CANVAS ART PICTURE,2010-12-07 12:29:00,2011-09-22 17:19:00,41,39.65,1.2444444444444445
84731,3 BIRDS CANVAS SCREEN,2011-04-15 16:11:00,2011-07-31 15:00:00,2,2.04,1.02
84732B,CUTE BIRD CEATURE SCREEN,2011-07-20 13:06:00,2011-08-18 20:05:00,22,8.58,0.39
84732D,CUTE RABBIT CEATURE SCREEN,2011-07-20 13:06:00,2011-08-18 20:05:00,11,4.29,0.39
84741C,CITRUS GARLAND FELT FLOWERS,2011-01-07 14:31:00,2011-04-27 14:01:00,60,117.0,1.95
84743C,ORANGE FELT VASE + FLOWERS,2011-03-31 13:14:00,2011-03-31 13:14:00,1,1.25,1.25
84744,S/6 SEW ON CROCHET FLOWERS,2010-12-01 11:21:00,2011-11-15 17:26:00,110,140.02,1.376
84745A,PINK HANGING GINGHAM EASTER HEN,2011-01-13 13:36:00,2011-04-27 12:08:00,32,13.44,0.42000000000000004
84745B,BLUE HANGING GINGHAM EASTER HEN,2011-01-13 13:36:00,2011-04-27 12:08:00,32,13.44,0.42000000000000004
84746,PINK EASTER HENS+FLOWER,2011-06-29 15:58:00,2011-07-20 16:12:00,14,38.31,2.6033333333333335
84748,FOLK FELT HANGING MULTICOL GARLAND,2010-12-10 09:51:00,2011-11-29 16:33:00,204,570.86,3.2162295081967214
84750A,PINK SMALL GLASS CAKE STAND,2011-03-20 10:13:00,2011-03-20 10:13:00,24,46.8,1.95
84750B,BLACK SMALL GLASS CAKE STAND,2010-12-16 13:21:00,2011-04-19 14:49:00,61,54.99,1.17
84751B,BLACK MEDIUM GLASS CAKE STAND,2010-12-15 13:24:00,2011-04-08 10:20:00,17,37.11,1.9
84754,S/15 SILVER GLASS BAUBLES IN BAG,2010-12-01 12:15:00,2011-09-23 13:11:00,558,725.52,1.7536507936507935
84755,COLOUR GLASS T-LIGHT HOLDER HANGING,2010-12-01 09:53:00,2011-12-09 10:03:00,16401,10487.050000000001,0.7275401929260451
84760S,SMALL HANGING GLASS+ZINC LANTERN,2010-12-01 15:37:00,2011-05-12 20:13:00,43,62.349999999999994,1.45
84763,ZINC FINISH 15CM PLANTER POTS,2010-12-02 13:11:00,2011-05-27 14:01:00,601,748.34,1.4157894736842105
84766,SILVER ROCOCO CANDLE STICK,2010-12-13 15:46:00,2011-11-03 19:28:00,146,340.7,3.3785714285714286
84773,RED ROSE AND LACE C/COVER,2010-12-05 14:25:00,2010-12-05 14:25:00,3,8.850000000000001,2.95
84789,ENCHANTED BIRD PLANT CAGE,2010-12-06 09:58:00,2011-07-21 14:52:00,186,640.72,4.039791666666667
84792,ENCHANTED BIRD COATHANGER 5 HOOK,2010-12-02 10:09:00,2011-12-08 14:38:00,833,3974.32,5.533209876543211
84795B,SUNSET CHECK HAMMOCK,2010-12-05 16:41:00,2011-11-08 09:07:00,176,1390.64,9.090833333333334
84795C,OCEAN STRIPE HAMMOCK,2011-01-31 15:27:00,2011-01-31 15:27:00,2,15.9,7.95
84795b,SUNSET CHECK HAMMOCK,2010-12-21 15:19:00,2011-11-30 14:11:00,16,266.78,16.654999999999998
84796A,PINK HAWAIIAN PICNIC HAMPER FOR 2,2011-02-21 18:10:00,2011-12-02 14:26:00,61,568.13,9.327209302325581
84796B,BLUE SAVANNAH PICNIC HAMPER FOR 2,2011-01-17 17:48:00,2011-11-08 09:29:00,256,2393.5899999999997,9.261209677419354
84796a,PINK HAWAIIAN PICNIC HAMPER FOR 2,2010-12-14 15:52:00,2011-08-24 09:36:00,17,141.10999999999999,8.305
84798A,PINK FOXGLOVE ARTIIFCIAL FLOWER,2011-03-01 12:46:00,2011-09-28 15:18:00,23,58.64999999999999,2.55
84798B,PURPLE FOXGLOVE ARTIIFCIAL FLOWER,2011-02-14 12:11:00,2011-03-22 13:54:00,11,28.049999999999997,2.55
84799,SPRIG LAVENDER ARTIFICIAL FLOWER,2010-12-10 13:06:00,2011-04-14 10:42:00,224,160.48,1.001
84800L,LARGE WHITE/PINK ROSE ART FLOWER,2010-12-19 14:03:00,2011-06-03 17:07:00,360,639.36,1.9245454545454548
84800M,MEDIUM WHITE/PINK ROSE ART FLOWER,2010-12-19 14:03:00,2011-08-28 12:06:00,127,174.31,1.5372727272727273
84800S,SMALL WHITE/PINK ROSE ART FLOWER,2011-01-20 12:04:00,2011-09-11 14:09:00,107,120.07000000000001,1.2077777777777778
84801A,PINK HYDRANGEA ART FLOWER,2011-01-20 09:25:00,2011-11-23 11:47:00,46,96.60000000000001,2.1
84801B,WHITE HYDRANGEA ART FLOWER,2011-02-01 12:25:00,2011-04-06 14:23:00,22,46.2,2.1
84802A,WHITE ANEMONE ARTIFICIAL FLOWER,2010-12-19 14:03:00,2010-12-19 14:03:00,2,3.38,1.69
84802B,PURPLE ANEMONE ARTIFICIAL FLOWER,2011-03-01 12:46:00,2011-03-01 12:46:00,4,6.76,1.69
84803A,PINK ALLIUM  ARTIFICIAL FLOWER,2011-02-14 12:11:00,2011-02-14 12:11:00,3,5.07,1.69
84803B,WHITE ALLIUM  ARTIFICIAL FLOWER,2011-03-01 12:46:00,2011-08-10 13:41:00,17,28.73,1.69
84804A,CREAM DELPHINIUM ARTIFICIAL FLOWER,2010-12-19 14:03:00,2011-12-06 11:28:00,70,180.58,2.68
84804B,BLUE DELPHINIUM ARTIFICIAL FLOWER,2011-05-19 09:38:00,2011-12-07 15:16:00,99,188.37000000000003,2.23
84805A,CREAM CLIMBING HYDRANGA ART FLOWER,2011-02-01 12:25:00,2011-12-06 11:28:00,32,60.0,2.5
84805B,BLUE CLIMBING HYDRANGA ART FLOWER,2011-09-16 14:04:00,2011-12-07 15:16:00,38,52.5,2.0833333333333335
84806A,PINK CANDYSTUFT ARTIFICIAL FLOWER,2010-12-19 14:03:00,2011-12-07 15:16:00,137,96.88999999999999,1.0645454545454545
84806B,WHITE CANDYSTUFT ARTIFICIAL FLOWER,2011-01-17 14:40:00,2011-12-06 11:28:00,308,411.55999999999995,1.387
84809A,WHITE CHRYSANTHEMUMS ART FLOWER,2010-12-05 16:24:00,2011-06-01 17:18:00,55,115.50000000000001,2.1
84809B,PINK CHRYSANTHEMUMS ART FLOWER,2011-02-25 10:53:00,2011-02-25 10:53:00,18,37.800000000000004,2.1
84813,SET OF 4 DIAMOND NAPKIN RINGS,2010-12-06 09:58:00,2011-12-06 15:10:00,166,1393.79,10.532105263157895
84816,DANISH ROSE BEDSIDE CABINET,2010-12-13 10:24:00,2011-08-19 15:18:00,13,519.35,39.95
84817,DANISH ROSE DECORATIVE PLATE,2010-12-14 10:43:00,2011-12-08 15:54:00,951,710.64,1.4351785714285714
84818,DANISH ROSE PHOTO FRAME,2010-12-09 14:55:00,2011-10-30 16:15:00,1423,1460.81,1.3489898989898987
84819,DANISH ROSE ROUND SEWING BOX,2010-12-05 10:52:00,2011-12-09 09:07:00,811,951.79,2.2196774193548388
84820,DANISH ROSE TRINKET TRAYS,2010-12-10 11:19:00,2011-12-08 15:54:00,259,483.05,3.877741935483871
84821,DANISH ROSE DELUXE COASTER,2010-12-10 11:19:00,2011-12-08 15:54:00,935,407.15,0.614390243902439
84823,DANISH ROSE FOLDING CHAIR,2010-12-13 15:44:00,2011-02-07 13:15:00,112,890.4000000000001,7.95
84824,DANISH ROSE UMBRELLA STAND,2011-06-09 16:16:00,2011-11-20 15:35:00,2,31.9,15.95
84826,ASSTD DESIGN 3D PAPER STICKERS,2010-12-02 10:27:00,2011-12-07 13:35:00,1162,389.38,0.5578787878787879
84827,ASS DES PHONE SPONGE CRAFT STICKER,2010-12-05 11:10:00,2011-12-05 12:30:00,509,153.09,0.465
84828,JUNGLE POPSICLES ICE LOLLY HOLDERS,2010-12-01 17:06:00,2011-12-09 10:03:00,1099,1536.3600000000001,1.6410326086956522
84832,ZINC WILLIE WINKIE  CANDLE STICK,2010-12-01 09:41:00,2011-12-09 12:31:00,2933,2712.7,1.0908487084870848
84836,ZINC METAL HEART DECORATION,2010-12-01 12:15:00,2011-12-08 14:38:00,5937,7418.07,1.3647155963302753
84840,SWEETHEART CARRY-ALL BASKET,2010-12-06 16:57:00,2011-03-25 12:21:00,6,76.44,12.74
84842,HELLO SAILOR BATHROOM SET,2011-03-14 11:44:00,2011-11-27 11:57:00,14,52.5,3.75
84843,WHITE SOAP RACK WITH 2 BOTTLES,2010-12-09 16:08:00,2011-12-07 17:05:00,172,969.8000000000001,6.570816326530613
84846A,SCENTED CANDLE IN DIGITALIS TIN,2010-12-02 12:18:00,2011-10-10 14:37:00,56,126.04000000000002,2.5869230769230773
84847,FLORAL BATHROOM SET,2011-01-27 15:36:00,2011-08-01 17:37:00,20,75.0,3.75
84849A,HELLO SAILOR BLUE SOAP HOLDER,2010-12-03 14:04:00,2011-11-24 15:05:00,180,344.34000000000003,2.3567924528301885
84849B,FAIRY SOAP SOAP HOLDER,2010-12-01 12:22:00,2011-07-20 12:58:00,266,478.83,2.053421052631579
84849D,HOT BATHS SOAP HOLDER,2010-12-03 14:30:00,2011-12-01 19:42:00,494,859.0,1.8581739130434782
84854,GIRLY PINK TOOL SET,2010-12-01 09:41:00,2010-12-01 09:41:00,5,24.75,4.95
84856L,LARGE TAHITI BEACH BAG,2010-12-01 17:06:00,2011-03-18 11:22:00,2,17.82,8.91
84856S,SMALL TAHITI BEACH BAG,2011-03-30 12:04:00,2011-03-30 12:04:00,4,18.6,4.65
84857B,BLUE MONTE CARLO HANDBAG,2011-07-21 16:10:00,2011-07-21 16:10:00,24,46.8,1.95
84857C,PINK MONTE CARLO HANDBAG,2010-12-17 14:49:00,2011-07-04 15:46:00,98,232.32999999999998,4.763
84858C,PINK RIVIERA HANDBAG,2011-02-22 16:28:00,2011-04-13 11:48:00,186,261.68,5.33
84859A,SILVER DISCO HANDBAG,2010-12-16 19:19:00,2011-12-08 16:30:00,129,272.99,2.485
84859B,BLUE DISCO HANDBAG,2011-05-06 13:43:00,2011-12-08 16:30:00,31,64.81,2.346363636363636
84859C,PINK DISCO HANDBAG,2011-02-15 14:19:00,2011-12-05 12:28:00,84,180.51999999999998,2.429090909090909
84865,NEW BAROQUE BLACK PHOTO ALBUM,2010-12-03 15:19:00,2011-07-01 13:02:00,27,146.21,7.307857142857143
84870B,BLUE GEISHA GIRL,2010-12-01 15:35:00,2011-11-24 09:26:00,44,146.07999999999998,3.4415999999999998
84870C,GREEN GEISHA GIRL,2010-12-01 15:35:00,2011-10-30 13:06:00,46,146.05,3.1614285714285715
84872A,TEATIME FUNKY FLOWER BACKPACK FOR 2,2011-02-18 16:12:00,2011-07-26 13:57:00,40,450.08,11.3675
84872a,TEATIME FUNKY FLOWER BACKPACK FOR 2,2010-12-03 11:13:00,2011-04-26 09:50:00,26,282.15,10.855714285714285
84873A,FUNKY FLOWER PICNIC BAG FOR 4,2011-05-17 14:46:00,2011-06-01 17:42:00,2,33.9,16.95
84874B,BLUE TRAVEL FIRST AID KIT,2010-12-05 12:53:00,2011-08-02 09:29:00,41,67.50999999999999,1.64
84875B,GREEN SQUARE COMPACT MIRROR,2010-12-09 11:30:00,2011-12-06 16:26:00,131,203.51,2.5524999999999998
84875D,BLUE SQUARE COMPACT MIRROR,2011-04-06 12:49:00,2011-09-23 13:18:00,51,63.75,1.25
84876B,GREEN HEART COMPACT MIRROR,2010-12-13 09:35:00,2011-11-30 14:17:00,218,315.81,2.417058823529412
84876D,BLUE HEART COMPACT MIRROR,2010-12-09 11:30:00,2011-09-11 13:51:00,128,217.5,3.59375
84877A,PINK ROUND COMPACT MIRROR,2011-04-06 12:49:00,2011-06-13 15:30:00,40,58.16,2.27
84877B,GREEN ROUND COMPACT MIRROR,2010-12-16 11:11:00,2011-11-30 14:17:00,144,210.56,2.32
84877D,BLUE ROUND COMPACT MIRROR,2010-12-03 14:54:00,2011-09-25 16:05:00,96,150.93,2.325
84879,ASSORTED COLOUR BIRD ORNAMENT,2010-12-01 08:34:00,2011-12-09 12:31:00,36362,58927.62,1.7225745257452574
84880,WHITE WIRE EGG HOLDER,2010-12-01 09:57:00,2011-12-07 16:56:00,312,2012.74,7.74987012987013
84881,BLUE WIRE SPIRAL CANDLE HOLDER,2010-12-05 16:24:00,2011-07-17 11:59:00,12,82.57,7.411666666666666
84882,GREEN WIRE STANDING CANDLE HOLDER,2010-12-12 13:01:00,2011-11-30 17:37:00,38,157.34,4.368333333333333
84884A,ANT WHITE WIRE HEART SPIRAL,2010-12-01 14:54:00,2011-12-06 16:26:00,301,1201.91,4.802307692307692
84884a,ANT WHITE WIRE HEART SPIRAL,2010-12-03 11:28:00,2011-12-07 10:35:00,38,317.71999999999997,8.345384615384615
84898F,YELLOW FLOWERS FELT HANDBAG KIT,2010-12-05 11:40:00,2011-03-24 16:45:00,46,98.63000000000001,2.2068421052631577
84905,PINK BUTTERFLY CUSHION COVER,2011-01-17 12:45:00,2011-06-29 15:58:00,35,173.48,4.9590000000000005
84906,PINK B'FLY C/COVER W BOBBLES,2010-12-01 11:45:00,2011-05-23 11:52:00,35,123.02,4.8475
84907,PINK YELLOW PATCH CUSHION COVER,2011-01-30 14:36:00,2011-09-21 15:22:00,29,180.93,6.113478260869566
84910A,PINK PAISLEY CUSHION COVER,2010-12-08 12:35:00,2011-07-20 16:12:00,26,192.14,7.464117647058822
84912A,PINK ROSE WASHBAG,2010-12-06 12:41:00,2011-09-22 12:41:00,156,560.62,3.5262162162162163
84912B,GREEN ROSE WASHBAG,2010-12-01 14:32:00,2011-12-05 17:24:00,323,1132.85,3.4332098765432097
84913A,SOFT PINK ROSE TOWEL,2010-12-01 14:32:00,2011-11-07 16:16:00,273,952.83,3.4126612903225806
84913B,MINT GREEN ROSE TOWEL,2010-12-01 14:32:00,2011-12-02 13:22:00,196,754.07,3.64
84915,HAND TOWEL PINK FLOWER AND DAISY,2010-12-01 17:06:00,2011-12-06 16:26:00,217,372.33,3.890869565217391
84916,HAND TOWEL PALE BLUE W FLOWERS,2010-12-06 13:41:00,2011-05-04 11:00:00,223,453.39,3.9479310344827585
84917,WHITE HAND TOWEL WITH BUTTERFLY,2010-12-06 16:57:00,2011-05-26 10:44:00,184,466.3,3.976666666666667
84919,BLUE CUSHION COVER WITH FLOWER,2011-01-30 14:36:00,2011-09-21 15:22:00,58,381.78000000000003,6.534827586206896
84920,PINK FLOWER FABRIC PONY,2010-12-01 14:41:00,2011-12-08 12:07:00,115,446.23,4.163541666666666
84921,CREAM AND PINK FLOWERS PONY,2010-12-05 12:43:00,2011-10-19 12:54:00,11,41.25,3.75
84922,PINK BUTTERFLY WASHBAG,2010-12-12 16:14:00,2011-12-02 13:49:00,9,42.29,4.923333333333333
84923,PINK BUTTERFLY HANDBAG W BOBBLES,2010-12-01 14:32:00,2011-12-09 10:03:00,162,671.62,4.146326530612245
84924A,WAKE UP COCKEREL CALENDAR SIGN,2010-12-05 10:36:00,2011-12-02 13:49:00,81,348.59000000000003,4.996363636363636
84924F,PSYCHEDELIC METAL SIGN CALENDAR,2011-07-13 11:19:00,2011-07-29 17:19:00,10,7.9,0.79
84925D,LA PALMIERA WALL THERMOMETER,2010-12-03 11:35:00,2011-06-23 11:38:00,15,38.25,2.55
84925F,PSYCHEDELIC WALL THERMOMETER,2010-12-06 15:13:00,2011-07-31 15:24:00,79,109.92999999999999,1.9214285714285713
84926A,WAKE UP COCKEREL TILE COASTER,2010-12-01 17:29:00,2011-12-01 12:36:00,604,210.51999999999998,0.6694285714285714
84926D,LA PALMIERA TILE COASTER,2010-12-06 11:38:00,2011-12-07 10:11:00,709,276.53,0.8079999999999999
84926E,FLOWERS TILE COASTER,2011-01-04 13:30:00,2011-12-06 12:12:00,968,327.79999999999995,0.5441025641025641
84926F,PSYCHEDELIC TILE COASTER,2010-12-16 11:43:00,2011-12-06 17:49:00,430,195.22,1.1860714285714287
84927A,WAKE UP COCKEREL TILE HOOK,2010-12-03 11:36:00,2011-08-09 14:18:00,50,70.45,2.0805555555555557
84927D,LA PALMIERA TILE HOOK,2010-12-07 18:36:00,2011-07-25 13:57:00,47,51.86,1.5635714285714286
84927E,FLOWERS TILE HOOK,2010-12-13 09:57:00,2011-07-18 11:47:00,59,80.16000000000001,1.907142857142857
84927F,PSYCHEDELIC TILE HOOK,2010-12-03 11:36:00,2011-12-07 10:11:00,299,182.95000000000002,1.088695652173913
84929,ASSTD FRUIT+FLOWERS FRIDGE MAGNETS,2010-12-15 15:00:00,2011-11-24 13:27:00,2412,637.5600000000001,0.2896923076923077
84931A,PINK SCOTTIE DOG W FLOWER PATTERN,2010-12-10 14:59:00,2011-11-30 08:50:00,133,317.44,2.511764705882353
84931B,BLUE SCOTTIE DOG W FLOWER PATTERN,2010-12-23 13:26:00,2011-12-05 17:28:00,177,424.08,2.396734693877551
84944,SET OF 6 KASHMIR FOLKART BAUBLES,2010-12-01 13:54:00,2011-11-04 16:35:00,710,1120.26,2.0566666666666666
84945,MULTI COLOUR SILVER T-LIGHT HOLDER,2010-12-01 13:04:00,2011-12-09 12:31:00,10545,8744.43,0.9520170454545455
84946,ANTIQUE SILVER TEA GLASS ETCHED,2010-12-01 14:32:00,2011-12-09 12:31:00,19209,25843.38,1.5308881578947369
84947,ANTIQUE SILVER TEA GLASS ENGRAVED,2010-12-01 12:38:00,2011-12-09 08:59:00,8652,10229.77,1.471534090909091
84949,SILVER HANGING T-LIGHT HOLDER,2010-12-01 11:41:00,2011-12-08 14:14:00,4789,7622.639999999999,1.8617465753424658
84950,ASSORTED COLOUR T-LIGHT HOLDER,2010-12-01 17:06:00,2011-12-08 09:28:00,3619,2297.03,0.8163636363636364
84951A,SET OF 4 PISTACHIO LOVEBIRD COASTER,2010-12-10 10:21:00,2011-12-05 17:28:00,475,553.01,1.8238709677419356
84951B,SET OF 4 BLACK LOVEBIRD COASTERS,2010-12-10 10:21:00,2011-12-08 12:07:00,451,554.78,1.8233734939759036
84952A,CLEAR LOVE BIRD T-LIGHT HOLDER,2010-12-08 15:56:00,2011-11-14 15:27:00,92,264.46999999999997,3.1765384615384615
84952B,BLACK LOVE BIRD T-LIGHT HOLDER,2010-12-02 15:19:00,2011-12-06 16:26:00,186,332.14,2.971724137931034
84952C,MIRROR LOVE BIRD T-LIGHT HOLDER,2010-12-02 15:19:00,2011-10-11 12:36:00,144,255.0,4.041538461538462
84963A,PINK PAINTED KASHMIRI CHAIR,2010-12-05 11:57:00,2010-12-05 11:57:00,4,171.8,42.95
84963B,BLUE PAINTED KASHMIRI CHAIR,2011-08-04 13:03:00,2011-08-04 13:03:00,3,149.85000000000002,49.95
84968A,SET OF 16 VINTAGE ROSE CUTLERY,2010-12-05 14:02:00,2011-12-04 15:13:00,267,3139.2999999999997,13.837070707070707
84968B,SET OF 16 VINTAGE IVORY CUTLERY,2011-03-18 11:24:00,2011-04-06 11:34:00,2,25.5,12.75
84968C,SET OF 16 VINTAGE PISTACHIO CUTLERY,2010-12-01 12:49:00,2011-11-23 12:05:00,317,3585.99,14.927403846153847
84968D,SET OF 16 VINTAGE RED CUTLERY,2010-12-07 14:31:00,2011-12-08 09:20:00,157,1661.47,12.196181818181817
84968E,SET OF 16 VINTAGE BLACK CUTLERY,2010-12-10 14:59:00,2011-12-07 14:34:00,132,1522.53,12.58
84968F,SET OF 16 VINTAGE SKY BLUE CUTLERY,2010-12-06 10:36:00,2011-11-13 11:37:00,177,1905.6799999999998,12.321846153846153
84968a,SET OF 16 VINTAGE ROSE CUTLERY,2010-12-09 16:26:00,2011-10-31 13:48:00,5,125.32999999999998,25.136666666666667
84968d,SET OF 16 VINTAGE RED CUTLERY,2011-02-04 09:11:00,2011-10-04 10:14:00,3,74.88,24.959999999999997
84968e,SET OF 16 VINTAGE BLACK CUTLERY,2010-12-09 16:27:00,2011-12-09 10:26:00,8,200.21,25.048333333333332
84968f,SET OF 16 VINTAGE SKY BLUE CUTLERY,2010-12-21 15:20:00,2010-12-21 15:20:00,1,25.49,25.49
84969,BOX OF 6 ASSORTED COLOUR TEASPOONS,2010-12-01 08:34:00,2011-12-06 16:26:00,558,2389.52,4.66047619047619
84970L,SINGLE HEART ZINC T-LIGHT HOLDER,2010-12-01 11:41:00,2011-12-09 08:59:00,6064,6411.5199999999995,1.3050436681222708
84970S,HANGING HEART ZINC T-LIGHT HOLDER,2010-12-01 10:19:00,2011-12-09 10:03:00,8879,7650.3099999999995,1.141173184357542
84970l,SINGLE HEART ZINC T-LIGHT HOLDER,2010-12-03 11:13:00,2011-12-07 10:35:00,201,418.98,2.089
84970s,HANGING HEART ZINC T-LIGHT HOLDER,2010-12-03 11:13:00,2011-12-09 10:26:00,238,496.49,2.0875757575757574
84971S,SMALL HEART FLOWERS HOOK,2010-12-01 09:41:00,2011-12-09 11:56:00,1761,1540.4499999999998,1.1178612716763006
84971l,LARGE HEART FLOWERS HOOK,2011-11-25 15:23:00,2011-11-25 15:23:00,2,4.92,2.46
84974,S/2 ZINC HEART DESIGN PLANTERS,2011-01-26 17:27:00,2011-11-01 12:25:00,39,388.04999999999995,9.95
84975,HEART SHAPED MIRROR,2010-12-06 14:36:00,2010-12-08 15:12:00,5,8.45,1.69
84976,RECTANGULAR SHAPED MIRROR,2010-12-01 17:06:00,2011-12-08 19:24:00,512,446.15000000000003,1.4297297297297298
84977,WIRE FLOWER T-LIGHT HOLDER,2011-03-18 11:22:00,2011-03-18 11:22:00,1,1.25,1.25
84978,HANGING HEART JAR T-LIGHT HOLDER,2010-12-05 12:43:00,2011-12-09 10:03:00,12493,16453.78,1.4836289222373806
84984A,GREEN PEONY CUSHION COVER,2011-05-19 13:35:00,2011-11-08 11:03:00,19,88.35000000000001,4.65
84984B,RED PEONY CUSHION COVER,2011-05-19 13:35:00,2011-11-08 11:03:00,17,79.05000000000001,4.65
84984D,ORIENTAL RED CUSHION COVER,2011-07-27 17:06:00,2011-11-08 11:03:00,13,60.45,4.65
84985A,SET OF 72 GREEN PAPER DOILIES,2010-12-01 12:43:00,2011-03-01 17:28:00,41,59.449999999999996,1.45
84987,SET OF 36 TEATIME PAPER DOILIES,2010-12-03 11:35:00,2011-12-05 14:40:00,3051,4471.17,1.9834730538922156
84988,SET OF 72 PINK HEART PAPER DOILIES,2010-12-01 14:32:00,2011-12-08 10:53:00,4311,6671.25,2.1471037181996087
84989A,75 GREEN FAIRY CAKE CASES,2011-01-05 12:15:00,2011-12-05 14:40:00,27,14.850000000000001,0.55
84989a,75 GREEN FAIRY CAKE CASES,2010-12-07 15:31:00,2011-08-24 10:22:00,42,87.51,2.086
84990,60 GOLD AND SILVER FAIRY CAKE CASES,2011-04-20 15:25:00,2011-05-08 13:07:00,2,1.1,0.55
84991,60 TEATIME FAIRY CAKE CASES,2010-12-01 09:37:00,2011-12-09 10:03:00,18189,9169.970000000001,0.689585308056872
84992,72 SWEETHEART FAIRY CAKE CASES,2010-12-01 11:29:00,2011-12-08 15:31:00,13319,6532.780000000001,0.6851746031746032
84993A,75 GREEN PETIT FOUR CASES,2010-12-03 11:35:00,2011-12-09 12:20:00,343,159.69,0.5847272727272727
84993B,75 BLACK PETIT FOUR CASES,2010-12-05 11:59:00,2011-08-08 13:46:00,58,24.36,0.42
84993a,75 GREEN PETIT FOUR CASES,2011-02-02 12:16:00,2011-12-05 11:58:00,32,26.56,0.83
84997A,GREEN 3 PIECE POLKADOT CUTLERY SET,2010-12-01 16:49:00,2011-12-09 10:03:00,2573,9933.880000000001,4.455807692307692
84997B,RED 3 PIECE RETROSPOT CUTLERY SET,2010-12-01 09:37:00,2011-12-09 12:16:00,4214,16045.970000000001,4.370267379679144
84997C,BLUE 3 PIECE POLKADOT CUTLERY SET,2010-12-01 09:37:00,2011-12-09 12:16:00,3783,14497.03,4.257492537313433
84997D,PINK 3 PIECE POLKADOT CUTLERY SET,2010-12-01 12:49:00,2011-12-09 12:16:00,5103,19728.2,4.4071428571428575
84997a,GREEN 3 PIECE POLKADOT CUTLERY SET,2011-01-26 16:01:00,2011-12-09 10:26:00,106,878.7399999999999,8.29
84997b,RED 3 PIECE RETROSPOT CUTLERY SET,2010-12-03 14:27:00,2011-12-09 10:26:00,364,3052.9199999999996,8.582
84997c,BLUE 3 PIECE POLKADOT CUTLERY SET,2010-12-03 14:27:00,2011-12-09 10:23:00,284,2374.4399999999996,8.588787878787878
84997d,PINK 3 PIECE POLKADOT CUTLERY SET,2010-12-03 14:27:00,2011-12-09 10:26:00,319,2657.79,8.426266666666665
85006,SET 4 NURSERY DES ROUND BOXES,2010-12-10 11:19:00,2011-04-27 14:58:00,55,57.25,1.55
85008,SET OF 3 CONEY ISLAND OVAL BOXES,2010-12-01 17:06:00,2011-04-10 14:16:00,13,66.12,5.171250000000001
85014A,BLACK/BLUE POLKADOT UMBRELLA,2010-12-01 10:03:00,2011-12-06 12:38:00,1163,6678.72,6.487913669064748
85014B,RED RETROSPOT UMBRELLA,2010-12-01 10:03:00,2011-12-09 10:03:00,1910,10952.2,6.828942857142858
85014a,BLACK/BLUE POLKADOT UMBRELLA,2010-12-03 11:28:00,2011-11-29 11:23:00,18,225.32000000000002,12.515714285714285
85014b,RED RETROSPOT UMBRELLA,2010-12-03 11:28:00,2011-12-08 10:53:00,25,313.06,12.505217391304347
85015,SET OF 12  VINTAGE POSTCARD SET,2010-12-01 14:32:00,2011-12-08 13:50:00,2180,1718.5400000000002,1.3232167832167832
85016,SET OF 6 VINTAGE NOTELETS KIT,2010-12-01 14:32:00,2011-05-31 10:45:00,563,560.11,2.0207142857142855
85017A,ENVELOPE 50 ROMANTIC IMAGES,2010-12-01 14:32:00,2011-04-03 15:07:00,16,13.58,0.8477777777777777
85017B,ENVELOPE 50 BLOSSOM IMAGES,2010-12-01 14:32:00,2011-11-08 18:41:00,1077,600.29,0.6770440251572326
85017C,ENVELOPE 50 CURIOUS IMAGES,2010-12-05 16:41:00,2011-05-12 20:13:00,49,26.17,0.6154545454545454
85018D,YULETIDE IMAGES S/6 PAPER BOXES,2010-12-03 12:11:00,2011-01-14 14:39:00,12,30.599999999999998,2.55
85019A,ROMANTIC IMAGES NOTEBOOK SET,2010-12-01 14:03:00,2011-12-08 12:43:00,414,564.35,2.033333333333333
85019B,BLOSSOM  IMAGES NOTEBOOK SET,2011-01-11 12:25:00,2011-12-08 12:43:00,512,682.97,1.9597222222222221
85019C,CURIOUS  IMAGES NOTEBOOK SET,2010-12-01 14:03:00,2011-06-09 10:06:00,182,270.72,2.997272727272727
85020,ROUND PINK HEART MIRROR,2010-12-06 12:52:00,2011-12-05 12:59:00,85,188.81,2.5686363636363634
85023B,EAU DE NILE JEWELLED PHOTOFRAME,2010-12-19 13:59:00,2011-12-05 11:49:00,105,235.35000000000002,2.515384615384615
85024B,EAU DE NILE JEWELLED PHOTOFRAME,2011-01-30 15:48:00,2011-12-05 12:46:00,193,289.65,1.633333333333333
85024C,PINK SMALL JEWELLED PHOTOFRAME,2010-12-08 12:17:00,2011-11-22 13:11:00,12,19.799999999999997,1.65
85025B,EAU DE NILE HEART SHAPE PHOTO FRAME,2010-12-03 11:36:00,2011-12-08 09:28:00,329,555.1199999999999,2.337105263157895
85025C,PINK HEART SHAPE PHOTO FRAME,2010-12-02 13:32:00,2011-08-24 13:23:00,321,520.91,2.0585
85026B,EAU DE NILE JEWELLED T-LIGHT HOLDER,2010-12-07 16:20:00,2011-12-08 13:50:00,79,70.27,0.9918181818181818
85027L,FRENCH CHATEAU LARGE PLATTER,2010-12-05 16:41:00,2011-04-19 15:02:00,70,160.5,2.95
85028L,FRENCH CHATEAU LARGE FRUIT BOWL,2011-03-27 14:28:00,2011-04-08 11:54:00,10,19.5,1.95
85028S,FRENCH CHATEAU SMALL FRUITBOWL,2011-03-27 14:28:00,2011-04-08 11:54:00,24,51.599999999999994,2.025
85030,FRENCH CHATEAU OVAL PLATTER,2011-03-20 13:28:00,2011-04-08 11:54:00,15,29.25,1.95
85031A,ROMANTIC IMAGES SCRAP BOOK SET,2010-12-12 13:26:00,2011-04-13 14:17:00,16,45.9,3.892857142857143
85031B,BLOSSOM IMAGES SCRAP BOOK SET,2010-12-16 19:19:00,2010-12-16 19:19:00,1,4.95,4.95
85031C,CURIOUS IMAGES SCRAP BOOK SET,2010-12-16 11:53:00,2010-12-16 11:53:00,3,14.850000000000001,4.95
85032A,ROMANTIC IMAGES GIFT WRAP SET,2010-12-09 16:08:00,2011-12-08 12:43:00,789,776.49,1.0937037037037038
85032B,BLOSSOM IMAGES GIFT WRAP SET,2010-12-12 11:44:00,2011-12-08 12:43:00,786,739.99,1.0780451127819548
85032C,CURIOUS IMAGES GIFT WRAP SET,2010-12-09 16:08:00,2011-12-09 10:03:00,683,718.5400000000001,1.1924113475177305
85032D,YULETIDE IMAGES GIFT WRAP SET,2010-12-01 14:32:00,2011-10-06 13:29:00,687,561.34,1.1588297872340425
85034A,3 GARDENIA MORRIS BOXED CANDLES,2010-12-01 17:35:00,2011-11-23 09:34:00,498,911.4,2.7704999999999997
85034B,3 WHITE CHOC MORRIS BOXED CANDLES,2010-12-05 10:52:00,2011-12-08 12:26:00,945,1628.78,2.7206557377049183
85034C,3 ROSE MORRIS BOXED CANDLES,2010-12-03 15:45:00,2011-12-07 12:41:00,1129,1800.0,2.2984848484848484
85034a,3 GARDENIA MORRIS BOXED CANDLES,2011-05-23 14:19:00,2011-11-08 15:24:00,3,24.869999999999997,8.29
85034b,3 WHITE CHOC MORRIS BOXED CANDLES,2011-11-25 15:23:00,2011-11-25 15:23:00,1,8.29,8.29
85035A,GARDENIA 3 WICK MORRIS BOXED CANDLE,2010-12-02 11:45:00,2011-10-26 16:43:00,276,782.3,3.7861904761904763
85035B,CHOCOLATE 3 WICK MORRIS BOX CANDLE,2010-12-01 12:49:00,2011-10-27 19:56:00,619,1054.1,3.307
85035C,ROSE 3 WICK MORRIS BOX CANDLE,2010-12-01 17:35:00,2011-11-27 14:40:00,1137,1760.66,2.517462686567164
85035a,GARDENIA 3 WICK MORRIS BOXED CANDLE,2010-12-09 16:27:00,2010-12-21 15:21:00,2,16.94,8.47
85035b,CHOCOLATE 3 WICK MORRIS BOX CANDLE,2010-12-21 15:20:00,2010-12-21 15:20:00,1,8.47,8.47
85035c,ROSE 3 WICK MORRIS BOX CANDLE,2010-12-07 15:34:00,2010-12-07 15:34:00,1,8.47,8.47
85036A,GARDENIA 1 WICK MORRIS BOXED CANDLE,2010-12-06 12:41:00,2011-10-31 14:41:00,211,714.35,3.9118749999999998
85036B,CHOCOLATE 1 WICK MORRIS BOX CANDLE,2010-12-03 15:45:00,2011-11-17 15:16:00,361,581.4300000000001,2.215918367346939
85036C,ROSE 1 WICK MORRIS BOXED CANDLE,2010-12-05 15:47:00,2011-11-23 13:46:00,742,1066.8600000000001,2.427241379310345
85036a,GARDENIA 1 WICK MORRIS BOXED CANDLE,2011-07-12 13:46:00,2011-07-12 13:46:00,2,16.58,8.29
85036b,CHOCOLATE 1 WICK MORRIS BOX CANDLE,2010-12-03 11:28:00,2010-12-03 11:28:00,1,8.47,8.47
85038,6 CHOCOLATE LOVE HEART T-LIGHTS,2010-12-01 16:11:00,2011-12-09 12:25:00,1061,2171.26,2.542191780821918
85039A,SET/4 RED MINI ROSE CANDLE IN BOWL,2010-12-01 14:32:00,2011-12-09 10:03:00,704,1010.6199999999999,1.6261728395061728
85039B,S/4 IVORY MINI ROSE CANDLE IN BOWL,2010-12-06 10:08:00,2011-12-09 10:03:00,806,1174.6299999999999,1.6247398843930634
85039C,S/4 BLACK MINI ROSE CANDLE IN BOWL,2010-12-06 10:08:00,2011-12-08 09:28:00,305,265.77,1.5844776119402983
85039a,SET/4 RED MINI ROSE CANDLE IN BOWL,2010-12-03 11:13:00,2011-12-08 10:53:00,40,131.81,3.297241379310345
85040A,S/4 PINK FLOWER CANDLES IN BOWL,2010-12-07 18:36:00,2011-12-09 10:03:00,888,1607.32,2.0394674556213017
85040B,SET/4 BLUE FLOWER CANDLES IN BOWL,2010-12-01 17:06:00,2011-04-10 12:53:00,137,229.46999999999997,1.6975
85040a,S/4 PINK FLOWER CANDLES IN BOWL,2011-01-18 14:59:00,2011-11-30 15:33:00,32,105.28,3.29
85045,GREEN CHRISTMAS TREE STRING 20LIGHT,2010-12-01 15:37:00,2011-11-02 12:45:00,42,191.1,4.886363636363637
85047,WHITE BEADED GARLAND STRING 20LIGHT,2011-01-25 13:38:00,2011-01-27 15:36:00,3,19.049999999999997,6.35
85048,15CM CHRISTMAS GLASS BALL 20 LIGHTS,2010-12-01 14:32:00,2011-12-09 10:26:00,1359,10910.61,9.306958174904944
85049A,TRADITIONAL CHRISTMAS RIBBONS,2010-12-01 09:56:00,2011-12-09 12:20:00,3001,3842.36,1.4897256097560976
85049B,LUSH GREENS RIBBONS,2010-12-03 10:33:00,2011-01-26 14:19:00,54,67.5,1.25
85049C,ROMANTIC PINKS RIBBONS,2010-12-01 11:29:00,2011-12-09 10:03:00,1215,1515.69,1.3552838427947598
85049D,BRIGHT BLUES RIBBONS,2010-12-01 11:29:00,2011-09-28 15:50:00,547,694.99,1.2957798165137615
85049E,SCANDINAVIAN REDS RIBBONS,2010-12-01 11:21:00,2011-12-09 12:20:00,2860,3783.61,1.4938313253012048
85049F,BABY BOOM RIBBONS,2010-12-02 13:44:00,2011-09-26 12:45:00,378,477.34,1.2898901098901099
85049G,CHOCOLATE BOX RIBBONS,2010-12-01 11:29:00,2011-12-09 10:03:00,1608,1999.19,1.4033955223880596
85049H,URBAN BLACK RIBBONS,2010-12-01 11:57:00,2011-12-09 10:03:00,848,869.1,1.0584491978609627
85049a,TRADITIONAL CHRISTMAS RIBBONS,2010-12-03 14:27:00,2011-12-09 10:26:00,244,812.84,3.2977777777777777
85049b,LUSH GREENS RIBBONS,2011-03-29 13:44:00,2011-09-20 14:46:00,2,4.92,2.46
85049c,ROMANTIC PINKS RIBBONS,2011-11-23 11:11:00,2011-11-23 11:11:00,1,2.46,2.46
85049d,BRIGHT BLUES RIBBONS,2011-03-29 13:44:00,2011-05-10 15:06:00,2,4.92,2.46
85049e,SCANDINAVIAN REDS RIBBONS,2010-12-03 14:27:00,2011-12-09 10:26:00,109,360.71,3.2950000000000004
85049g,CHOCOLATE BOX RIBBONS,2010-12-21 15:40:00,2011-12-09 10:23:00,113,276.42,2.4284313725490194
85053,FRENCH ENAMEL CANDLEHOLDER,2010-12-01 17:06:00,2011-12-09 12:00:00,1693,3649.4900000000002,2.6198136645962733
85054,FRENCH ENAMEL POT W LID,2010-12-03 11:36:00,2011-11-28 15:54:00,587,1430.63,3.4877586206896556
85055,FRENCH ENAMEL UTENSIL HOLDER,2010-12-03 11:36:00,2011-01-18 10:22:00,45,183.71,5.15125
85059,FRENCH ENAMEL WATER BASIN,2010-12-07 15:54:00,2011-12-09 10:03:00,411,1273.11,4.116821705426357
85061W,WHITE JEWELLED HEART DECORATION,2010-12-02 12:10:00,2011-12-08 14:38:00,2146,1882.1499999999999,1.1002958579881656
85062,PEARL CRYSTAL PUMPKIN T-LIGHT HLDR,2010-12-05 15:38:00,2011-12-07 14:34:00,1462,2429.4999999999995,1.7914999999999999
85064,CREAM SWEETHEART LETTER RACK,2010-12-01 14:32:00,2011-01-27 12:40:00,215,976.25,6.697333333333333
85066,CREAM SWEETHEART MINI CHEST,2010-12-02 17:41:00,2011-12-09 10:45:00,1784,22594.2,14.308129770992366
85067,CREAM SWEETHEART WALL CABINET,2010-12-01 14:03:00,2011-01-13 15:18:00,7,126.64999999999999,18.55
85071A,BLUE CHARLIE+LOLA PERSONAL DOORSIGN,2010-12-01 14:05:00,2011-12-06 12:12:00,1041,583.23,0.8838938053097345
85071B,RED CHARLIE+LOLA PERSONAL DOORSIGN,2010-12-01 09:37:00,2011-12-08 09:47:00,1290,684.62,0.8929133858267717
85071C,"CHARLIE+LOLA""EXTREMELY BUSY"" SIGN",2010-12-01 14:05:00,2011-12-09 11:34:00,683,428.0,1.2516981132075473
85071D,CHARLIE+LOLA MY ROOM DOOR SIGN,2010-12-02 09:43:00,2011-12-06 12:12:00,403,249.48999999999998,0.8260465116279069
85078,SCANDINAVIAN 3 HEARTS NAPKIN RING,2010-12-03 15:45:00,2011-11-02 15:33:00,1932,696.8,1.001290322580645
85084,HOLLY TOP CHRISTMAS STOCKING,2010-12-10 12:14:00,2010-12-21 12:44:00,20,17.0,0.85
85086A,CANDY SPOT HEART DECORATION,2010-12-10 11:42:00,2011-08-12 16:30:00,146,122.08,0.8331999999999999
85087,CANDY SPOT CUSHION COVER,2010-12-06 16:57:00,2011-10-07 15:09:00,339,1129.99,3.48024
85088,CANDY SPOT HAND BAG,2010-12-17 14:41:00,2011-11-30 15:13:00,259,534.83,2.3871153846153845
85089,CANDY SPOT BUNNY,2011-01-05 15:56:00,2011-11-17 15:08:00,13,38.35,2.95
85092,CANDY SPOT TEA COSY,2011-02-07 11:42:00,2011-02-20 13:21:00,27,40.05,2.3
85093,CANDY SPOT EGG WARMER HARE,2010-12-06 09:58:00,2011-11-03 16:56:00,708,475.18,0.8860674157303371
85094,CANDY SPOT EGG WARMER RABBIT,2010-12-06 16:57:00,2011-12-09 10:03:00,640,242.13,0.6907777777777777
85095,THREE CANVAS LUGGAGE TAGS,2010-12-01 12:23:00,2011-12-05 17:17:00,150,243.49,1.8197916666666665
85096,HILDA CANDY SPOT RABBIT,2010-12-06 09:58:00,2011-12-05 17:36:00,25,109.23,4.660588235294118
85099B,JUMBO BAG RED RETROSPOT,2010-12-01 09:57:00,2011-12-09 10:26:00,48371,94159.81,2.4861972498814606
85099C,JUMBO  BAG BAROQUE BLACK WHITE,2010-12-01 09:37:00,2011-12-09 12:19:00,13900,28047.74,2.605185577942736
85099F,JUMBO BAG STRAWBERRY,2010-12-01 11:45:00,2011-12-08 16:30:00,17237,32495.59,2.3821568627450977
85099f,JUMBO BAG STRAWBERRY,2010-12-03 14:27:00,2011-01-11 14:42:00,46,232.05999999999997,5.05
85103,SILVER T-LIGHT SETTING,2010-12-16 19:19:00,2011-07-19 12:38:00,143,924.29,7.292142857142857
85104,SILVER GLASS T-LIGHT SET,2010-12-01 13:21:00,2011-12-06 12:18:00,201,525.75,3.2276470588235298
85106,CUT GLASS HEXAGON T-LIGHT HOLDER,2010-12-02 13:49:00,2011-11-28 13:37:00,649,1142.31,2.261
85107,CUT GLASS T-LIGHT HOLDER OCTAGON,2010-12-09 12:49:00,2011-12-06 16:32:00,249,541.39,2.51448275862069
85109,PINK BOUDOIR T-LIGHT HOLDER,2010-12-19 14:03:00,2010-12-19 14:03:00,12,10.2,0.85
85111,SILVER GLITTER FLOWER VOTIVE HOLDER,2010-12-03 15:45:00,2011-12-08 19:24:00,1409,437.59,0.49448275862068963
85114A,BLACK ENCHANTED FOREST PLACEMAT,2010-12-01 17:06:00,2011-12-01 19:42:00,649,1105.21,2.0494642857142855
85114B,IVORY ENCHANTED FOREST PLACEMAT,2010-12-01 13:17:00,2011-12-08 16:30:00,477,902.49,2.204025974025974
85114C,RED ENCHANTED FOREST PLACEMAT,2010-12-01 13:17:00,2011-12-09 10:03:00,516,920.2199999999999,1.9419230769230769
85114a,BLACK ENCHANTED FOREST PLACEMAT,2010-12-14 15:56:00,2011-06-08 15:25:00,49,161.70000000000002,3.2993333333333337
85114b,IVORY ENCHANTED FOREST PLACEMAT,2010-12-21 15:18:00,2011-12-08 10:53:00,36,118.86000000000001,3.2950000000000004
85114c,RED ENCHANTED FOREST PLACEMAT,2010-12-07 15:33:00,2011-12-05 11:58:00,162,534.66,3.298
85115B,S/4 BLACK DISCO PARTITION PANEL,2011-10-11 16:29:00,2011-10-11 16:29:00,3,24.869999999999997,8.29
85116,BLACK CANDELABRA T-LIGHT HOLDER,2010-12-01 11:45:00,2011-10-14 11:08:00,941,1106.88,1.4657777777777776
85118,HEART T-LIGHT HOLDER,2010-12-08 13:08:00,2011-01-17 17:57:00,146,144.52,1.541
85119,WATERING CAN SINGLE HOOK PISTACHIO,2010-12-07 15:34:00,2010-12-07 15:34:00,1,3.36,3.36
85123A,WHITE HANGING HEART T-LIGHT HOLDER,2010-12-01 08:26:00,2011-12-09 11:34:00,37641,104462.75,3.1178384376387043
85123a,WHITE HANGING HEART T-LIGHT HOLDER,2010-12-03 14:27:00,2011-12-08 10:53:00,292,1952.4799999999998,6.64044776119403
85124B,BLUE JUICY FRUIT PHOTO FRAME,2010-12-02 13:32:00,2011-11-24 09:21:00,93,264.06,3.178205128205128
85124C,GREEN JUICY FRUIT PHOTO FRAME,2010-12-02 13:32:00,2011-10-23 12:46:00,94,261.89,2.9928205128205128
85125,SMALL ROUND CUT GLASS CANDLESTICK,2010-12-06 16:57:00,2011-11-27 11:12:00,161,760.39,5.201212121212122
85126,LARGE ROUND CUTGLASS CANDLESTICK,2010-12-21 15:19:00,2010-12-21 15:19:00,2,27.14,13.57
85127,SMALL SQUARE CUT GLASS CANDLESTICK,2010-12-01 14:32:00,2011-12-05 11:58:00,187,1106.54,6.9253846153846155
85129B,BEADED CRYSTAL HEART GREEN SMALL,2010-12-05 13:55:00,2011-12-05 17:17:00,119,168.59,1.9122580645161291
85129C,BEADED CRYSTAL HEART BLUE SMALL,2010-12-03 13:43:00,2011-12-08 09:20:00,80,107.31,1.7373333333333332
85129D,BEADED CRYSTAL HEART PINK SMALL,2010-12-01 14:32:00,2011-12-05 17:17:00,207,342.74,1.9433846153846153
85130A,BEADED PEARL HEART WHITE LARGE,2010-12-03 13:43:00,2011-05-23 16:32:00,77,127.04999999999998,1.65
85130B,BEADED CRYSTAL HEART GREEN LARGE,2010-12-07 15:28:00,2011-12-07 14:12:00,834,760.4300000000001,1.382741935483871
85130C,BEADED CRYSTAL HEART BLUE  LARGE,2011-01-20 12:20:00,2011-12-07 14:12:00,482,437.22,1.077659574468085
85130D,BEADED CRYSTAL HEART PINK LARGE,2010-12-05 12:43:00,2011-12-07 14:12:00,565,569.29,1.5017460317460318
85131A,BEADED PEARL HEART WHITE ON STICK,2010-12-03 10:43:00,2011-10-30 15:55:00,996,901.48,0.9148739495798318
85131B,BEADED CRYSTAL HEART GREEN ON STICK,2010-12-01 14:32:00,2011-12-09 10:03:00,623,521.11,0.8377906976744186
85131C,BEADED CRYSTAL HEART BLUE ON STICK,2010-12-06 10:08:00,2011-11-14 15:27:00,193,178.85,0.8714
85131D,BEADED CRYSTAL HEART PINK ON STICK,2010-12-01 17:06:00,2011-12-09 10:03:00,850,725.26,0.8429126213592232
85132A,CHARLIE + LOLA BISCUITS TINS,2010-12-01 14:32:00,2011-05-24 11:31:00,545,1561.77,5.117454545454545
85132B,CHARLIE AND LOLA TABLE TINS,2010-12-02 12:33:00,2011-06-19 13:26:00,529,1156.1699999999998,3.5270666666666664
85132C,CHARLIE AND LOLA FIGURES TINS,2010-12-02 12:33:00,2011-09-02 09:38:00,1520,3562.3199999999997,3.986509433962264
85132a,CHARLIE + LOLA BISCUITS TINS,2010-12-07 15:34:00,2011-05-10 15:09:00,8,92.19999999999999,11.524999999999999
85132b,CHARLIE AND LOLA TABLE TINS,2011-04-15 10:37:00,2011-06-21 16:36:00,9,74.60999999999999,8.29
85132c,CHARLIE AND LOLA FIGURES TINS,2011-03-15 14:19:00,2011-04-26 09:50:00,3,24.869999999999997,8.29
85135A,YELLOW DRAGONFLY HELICOPTER,2010-12-21 09:47:00,2011-11-29 11:48:00,19,151.05,7.95
85135B,BLUE DRAGONFLY HELICOPTER,2010-12-01 14:05:00,2011-11-17 13:16:00,65,524.5500000000001,8.051739130434783
85135C,RED DRAGONFLY HELICOPTER,2010-12-01 14:32:00,2011-12-08 17:37:00,106,856.38,8.074705882352943
85136A,YELLOW SHARK HELICOPTER,2010-12-01 14:05:00,2011-12-06 12:21:00,71,572.41,8.04925925925926
85136B,BLUE SHARK HELICOPTER,2010-12-12 12:44:00,2010-12-14 13:31:00,2,15.9,7.95
85136C,RED SHARK HELICOPTER,2010-12-01 14:05:00,2011-12-08 13:26:00,52,421.18,8.079444444444444
85141,JARDIN ETCHED GLASS FRUITBOWL,2010-12-15 12:09:00,2011-06-16 14:26:00,120,619.94,5.7587179487179485
85144,JARDIN ETCHED GLASS BUTTER DISH,2010-12-02 15:46:00,2011-05-03 13:52:00,220,582.7,3.9690476190476187
85145,JARDIN ETCHED GLASS LARGE BELL JAR,2011-03-25 17:34:00,2011-04-28 16:11:00,37,163.75,5.303846153846154
85146,JARDIN ETCHED GLASS SMALL BELL JAR,2010-12-15 13:24:00,2011-04-07 13:11:00,45,171.11,4.418
85150,LADIES & GENTLEMEN METAL SIGN,2010-12-01 11:21:00,2011-12-09 10:26:00,4037,9383.43,3.0745511482254697
85152,HAND OVER THE CHOCOLATE   SIGN,2010-12-01 10:39:00,2011-12-09 10:03:00,8246,15928.730000000001,2.3584683357879235
85159A,"BLACK TEA,COFFEE,SUGAR JARS",2010-12-02 13:08:00,2011-12-04 15:19:00,453,783.3499999999999,1.9734042553191489
85159B,"WHITE TEA,COFFEE,SUGAR JARS",2010-12-14 12:59:00,2011-11-30 17:22:00,622,1134.5,2.090677966101695
85160A,WHITE BIRD GARDEN DESIGN MUG,2011-01-25 17:10:00,2011-01-25 17:10:00,6,7.5,1.25
85160B,BLACK BIRD GARDEN DESIGN MUG,2011-01-12 15:01:00,2011-11-13 16:22:00,106,62.239999999999995,1.366470588235294
85160a,WHITE BIRD GARDEN DESIGN MUG,2010-12-21 15:18:00,2010-12-21 15:18:00,1,16.13,16.13
85161,ACRYLIC GEOMETRIC LAMP,2010-12-23 13:26:00,2011-11-27 11:47:00,35,568.65,17.94857142857143
85163A,WHITE BAROQUE WALL CLOCK,2010-12-17 14:24:00,2011-11-23 15:44:00,66,559.0,11.20625
85163B,BLACK BAROQUE WALL CLOCK,2010-12-17 14:24:00,2011-12-05 17:24:00,84,783.68,12.721666666666668
85167B,BLACK GRAND BAROQUE PHOTO FRAME,2010-12-03 11:36:00,2011-04-08 09:25:00,50,109.94,4.0275
85168B,BLACK BAROQUE CARRIAGE CLOCK,2011-01-04 13:25:00,2011-12-09 10:03:00,51,432.78999999999996,8.475142857142856
85169A,IVORY LOVE BIRD CANDLE,2010-12-03 11:36:00,2011-12-08 13:50:00,812,813.02,1.3231460674157303
85169B,BLACK LOVE BIRD CANDLE,2010-12-01 11:45:00,2011-12-08 09:28:00,329,356.06,1.4383870967741934
85169C,EAU DE NIL LOVE BIRD CANDLE,2010-12-03 11:36:00,2011-12-09 10:03:00,429,452.86,1.218913043478261
85169D,PINK LOVE BIRD CANDLE,2010-12-03 11:36:00,2011-11-29 12:07:00,351,356.08,1.3084
85170A,SET/6 IVORY BIRD T-LIGHT CANDLES,2010-12-07 15:54:00,2010-12-07 15:54:00,1,2.1,2.1
85170B,SET/6 BLACK BIRD T-LIGHT CANDLES,2010-12-07 15:39:00,2011-11-29 17:52:00,215,316.75,2.3964102564102565
85170C,SET/6 EAU DE NIL BIRD T-LIGHTS,2010-12-07 15:28:00,2011-12-09 10:03:00,335,608.53,2.6856944444444446
85170D,SET/6 PINK BIRD T-LIGHT CANDLES,2010-12-01 17:06:00,2011-12-08 16:30:00,451,796.99,2.7365
85172,HYACINTH BULB T-LIGHT CANDLES,2010-12-01 12:15:00,2011-12-06 16:26:00,1314,569.68,0.6895652173913043
85173,SET/6 FROG PRINCE T-LIGHT CANDLES,2010-12-07 15:33:00,2011-12-09 10:46:00,479,795.02,2.90367816091954
85174,S/4 CACTI CANDLES,2010-12-01 16:11:00,2011-12-09 10:26:00,613,2927.08,7.02828025477707
85175,CACTI T-LIGHT CANDLES,2010-12-02 10:17:00,2011-11-28 11:18:00,5321,2278.9,0.9854545454545454
85176,SEWING SUSAN 21 NEEDLE SET,2010-12-01 14:32:00,2011-12-08 16:30:00,918,880.4699999999999,1.2030232558139533
85177,BASKET OF FLOWERS SEWING KIT,2010-12-01 14:32:00,2011-12-09 10:03:00,812,644.2099999999999,1.04
85178,VICTORIAN SEWING KIT,2010-12-01 14:32:00,2011-12-09 10:03:00,2518,2822.58,1.3965248226950355
85179A,GREEN BITTY LIGHT CHAIN,2010-12-05 12:53:00,2011-12-09 10:03:00,193,380.79,2.8252542372881355
85179C,PINK BITTY LIGHT CHAIN,2010-12-13 11:21:00,2011-12-08 13:04:00,106,201.31,2.8925
85179a,GREEN BITTY LIGHT CHAIN,2011-11-29 11:23:00,2011-11-29 11:23:00,1,2.46,2.46
85180A,RED HEARTS LIGHT CHAIN,2010-12-14 12:59:00,2011-12-05 17:17:00,503,1042.66,3.13359375
85180B,PINK HEARTS LIGHT CHAIN,2010-12-09 14:09:00,2011-12-06 17:23:00,271,587.2,3.28375
85183A,CHARLIE & LOLA WASTEPAPER BIN BLUE,2010-12-13 09:29:00,2011-12-05 14:49:00,667,852.04,1.5657954545454544
85183B,CHARLIE & LOLA WASTEPAPER BIN FLORA,2010-12-01 09:37:00,2011-12-04 15:28:00,996,1323.37,1.8833613445378152
85184C,S/4 VALENTINE DECOUPAGE HEART BOX,2010-12-01 11:49:00,2011-12-08 16:30:00,1652,2985.84,3.1743814432989694
85184c,SET 4 VALENTINE DECOUPAGE HEART BOX,2011-08-24 09:36:00,2011-10-26 14:42:00,2,11.58,5.79
85185B,PINK HORSE SOCK PUPPET,2010-12-02 14:09:00,2011-11-30 17:37:00,297,900.3900000000001,3.411081081081081
85185D,FROG SOCK PUPPET,2010-12-02 14:09:00,2011-05-25 17:12:00,15,44.25000000000001,2.95
85186A,EASTER BUNNY GARLAND OF FLOWERS,2010-12-01 14:32:00,2011-04-14 19:15:00,567,273.64,0.631625
85186C,BUNNY EGG GARLAND,2011-01-04 13:25:00,2011-10-20 09:28:00,528,269.17,0.6543037974683544
85187,S/12 MINI RABBIT EASTER,2010-12-05 13:42:00,2011-11-27 13:26:00,337,556.53,1.8753521126760564
85188A,GREEN METAL SWINGING BUNNY,2011-01-21 17:05:00,2011-04-21 10:19:00,319,278.16999999999996,0.9799999999999999
85188B,PINK METAL SWINGING BUNNY,2010-12-13 11:21:00,2011-03-27 12:06:00,78,68.69999999999999,1.009
85189,HANGING BUTTERFLY  EGG,2011-01-13 12:10:00,2011-03-16 15:45:00,9,7.6499999999999995,0.85
85194L,HANGING SPRING FLOWER EGG LARGE,2010-12-14 12:58:00,2011-11-22 16:47:00,947,822.89,1.02986301369863
85194S,HANGING SPRING FLOWER EGG SMALL,2011-01-05 09:51:00,2011-12-04 12:32:00,1197,489.17,0.6436111111111111
85195,HANGING HEART BASKET,2010-12-14 12:58:00,2011-03-16 15:45:00,11,23.1,2.1
85197,SET OF 12 MINI BUNNIES IN A BUCKET,2011-01-11 12:11:00,2011-07-29 17:28:00,34,71.4,2.1
85198,ASSORTED FARMYARD ANIMALS IN BUCKET,2011-01-17 15:19:00,2011-05-18 16:37:00,90,74.58,1.0866666666666667
85199L,LARGE HANGING IVORY & RED WOOD BIRD,2010-12-01 13:54:00,2011-12-08 09:40:00,977,663.4300000000001,0.8388421052631578
85199S,SMALL HANGING IVORY/RED WOOD BIRD,2010-12-01 13:54:00,2011-12-09 10:03:00,2660,1302.31,0.5927611940298507
85200,BUNNY EGG BOX,2011-01-16 16:23:00,2011-04-18 13:36:00,183,228.75,1.25
85202,HANGING WOOD AND FELT HEART,2010-12-06 09:58:00,2011-11-29 13:12:00,672,313.13,0.5484821428571428
85203,HANGING WOOD AND FELT BUTTERFLY,2010-12-03 11:36:00,2011-12-05 15:59:00,895,408.99,0.5677272727272727
85204,HANGING WOOD AND FELT FLOWER,2010-12-06 09:58:00,2011-12-07 15:07:00,2050,325.35999999999996,0.3334285714285714
85205B,PINK FELT EASTER RABBIT GARLAND,2010-12-17 12:38:00,2011-04-21 18:06:00,122,323.15,2.8713333333333333
85206A,CREAM FELT EASTER EGG BASKET,2010-12-05 12:01:00,2011-03-17 18:24:00,974,1568.9299999999998,1.7577391304347825
85206B,PINK FELT EASTER EGG BASKET,2011-01-13 11:48:00,2011-01-20 19:16:00,14,23.099999999999998,1.65
85208,SET/12 FUNKY FELT FLOWER PEG IN BAG,2010-12-05 13:42:00,2011-11-29 10:57:00,223,416.91,2.0664583333333333
85211,S/4 GROOVY CAT MAGNETS,2010-12-10 14:59:00,2011-10-13 12:21:00,149,175.16,1.794230769230769
85212,MINI PAINTED GARDEN DECORATION,2010-12-01 17:06:00,2011-12-07 12:55:00,2451,740.15,0.5020253164556961
85213,MINI  ZINC GARDEN DECORATIONS,2010-12-07 18:36:00,2011-07-31 11:45:00,829,330.54999999999995,0.8269696969696969
85214,TUB 24 PINK FLOWER PEGS,2010-12-02 18:15:00,2011-08-10 16:19:00,164,271.03999999999996,1.6734482758620688
85215,ASSORTED CHEESE FRIDGE MAGNETS,2010-12-05 15:26:00,2011-08-10 15:29:00,223,180.71,0.9811111111111112
85216,ASSORTED CAKES FRIDGE MAGNETS,2010-12-02 11:41:00,2011-11-18 12:48:00,55,35.75,0.65
85224,ASSORTED COLOUR SILK GLASSES CASE,2011-03-23 16:45:00,2011-03-23 16:45:00,3,6.300000000000001,2.1
85225,BLING KEY RING STAND,2011-04-28 16:11:00,2011-12-07 08:45:00,6,6.25,1.0833333333333333
85227,SET OF 6 3D KIT CARDS FOR KIDS,2010-12-01 17:06:00,2011-12-09 10:03:00,1477,1359.3999999999999,1.1168558951965064
85230A,OPIUM SCENTED VOTIVE CANDLE,2010-12-20 13:10:00,2011-12-02 12:52:00,840,203.27999999999997,0.2633333333333333
85230B,CINNAMON SCENTED VOTIVE CANDLE,2010-12-03 14:26:00,2011-12-06 15:43:00,1288,333.2,0.2776923076923077
85230E,STRAWBRY SCENTED VOTIVE CANDLE,2010-12-10 15:45:00,2011-09-11 15:44:00,1101,267.45,0.26666666666666666
85230F,JASMINE VOTIVE CANDLE,2010-12-03 14:26:00,2011-11-10 13:28:00,338,90.33999999999999,0.27666666666666667
85230G,ORANGE VOTIVE CANDLE,2010-12-08 14:59:00,2011-12-02 12:52:00,1032,257.03999999999996,0.2708
85231B,CINAMMON SET OF 9 T-LIGHTS,2010-12-01 12:23:00,2011-12-08 13:50:00,868,777.5799999999999,1.073896103896104
85231G,ORANGE SCENTED SET/9 T-LIGHTS,2010-12-01 12:23:00,2011-10-12 16:36:00,594,501.27,0.9924390243902439
85231b,CINAMMON SET OF 9 T-LIGHTS,2010-12-21 15:17:00,2011-04-15 10:40:00,3,4.92,1.64
85231g,ORANGE SCENTED SET/9 T-LIGHTS,2011-01-14 10:12:00,2011-05-10 15:09:00,6,9.78,1.63
85232A,SET/3 POLKADOT STACKING TINS,2010-12-17 14:54:00,2011-06-06 16:41:00,78,389.55,5.624137931034483
85232B,SET OF 3 BABUSHKA STACKING TINS,2010-12-01 14:32:00,2011-02-11 13:53:00,274,1356.3,4.950000000000001
85232D,SET/3 DECOUPAGE STACKING TINS,2010-12-01 17:06:00,2011-12-08 09:28:00,193,992.5200000000001,5.95536231884058
90000A,RASPBERRY ANT COPPER FLOWER NECKLAC,2011-02-20 14:31:00,2011-11-16 15:16:00,13,77.91,6.0200000000000005
90000B,MIDNIGHT BLUE COPPER FLOWER NECKLAC,2010-12-07 15:28:00,2011-07-25 17:11:00,11,67.83,6.170000000000001
90000D,COPPER/OLIVE GREEN FLOWER NECKLACE,2010-12-03 11:36:00,2011-11-25 14:25:00,21,129.85,6.1899999999999995
90001A,ANTIQUE RASPBERRY FLOWER EARRINGS,2011-02-28 16:59:00,2011-10-31 14:41:00,5,20.950000000000003,4.175000000000001
90001B,ANTIQUE MID BLUE FLOWER EARRINGS,2011-06-13 14:16:00,2011-11-08 18:41:00,5,21.15,4.216666666666667
90001C,ANTIQUE OPAL WHITE FLOWER EARRINGS,2010-12-07 18:36:00,2011-10-20 15:57:00,5,21.130000000000003,4.226000000000001
90001D,ANTIQUE OLIVE GREEN FLOWER EARRINGS,2010-12-06 09:58:00,2011-10-09 15:24:00,7,29.73,4.246
90002D,FLOWER BURST SILVER RING CRYSTAL,2010-12-02 15:49:00,2011-05-08 16:13:00,13,48.71,3.7455555555555557
90003B,ROSE COLOUR PAIR HEART HAIR SLIDES,2010-12-07 15:28:00,2011-11-29 16:47:00,15,56.31,3.7600000000000002
90003C,MIDNIGHT BLUE PAIR HEART HAIR SLIDE,2010-12-01 14:32:00,2011-12-09 10:03:00,32,119.84,3.7441666666666666
90003D,CRYSTAL PAIR HEART HAIR SLIDES,2010-12-12 11:06:00,2011-11-29 16:47:00,30,112.26,3.73875
90003E,GREEN PAIR HEART HAIR SLIDES,2010-12-03 11:36:00,2011-12-09 10:03:00,23,86.11,3.744285714285714
90005A,JADE GREEN ENAMEL HAIR COMB,2010-12-07 15:28:00,2011-04-27 17:18:00,14,28.02,2.022
90010A,MIDNIGHT BLUE GLASS/SILVER BRACELET,2010-12-03 16:21:00,2011-12-09 10:03:00,18,167.3,9.322
90010B,BLACK/WHITE GLASS/SILVER BRACELET,2010-12-03 16:21:00,2011-04-10 11:45:00,11,100.08999999999999,9.184285714285712
90010E,AMBER GLASS/SILVER BRACELET,2010-12-06 10:08:00,2011-12-02 16:39:00,25,227.89,9.098125
90011A,MIDNIGHT BLUE CRYSTAL DROP EARRINGS,2010-12-23 13:26:00,2011-11-24 14:40:00,6,17.509999999999998,2.918333333333333
90011B,BLACK CRYSTAL DROP EARRINGS,2010-12-20 10:14:00,2011-11-30 15:13:00,12,35.27,2.9314285714285715
90011C,GREEN CRYSTAL DROP EARRINGS,2011-07-06 16:33:00,2011-11-24 09:26:00,2,5.8,2.9
90011D,PURPLE CRYSTAL DROP EARRINGS,2010-12-17 17:08:00,2011-11-22 15:41:00,3,8.76,2.92
90011E,AMBER CRYSTAL DROP EARRINGS,2011-01-12 09:26:00,2011-09-15 16:32:00,3,8.76,2.92
90012A,MIDNIGHT BLUE DROP CRYSTAL NECKLACE,2010-12-17 17:08:00,2011-10-11 11:38:00,11,53.760000000000005,7.212000000000001
90012B,BLACK DROP CRYSTAL NECKLACE,2010-12-16 12:56:00,2011-11-13 11:46:00,13,45.35000000000001,5.283333333333333
90013A,MIDNIGHT BLUE VINTAGE EARRINGS,2010-12-06 16:57:00,2011-12-09 10:03:00,52,195.32,3.759375
90013B,BLACK VINTAGE EARRINGS,2010-12-01 17:06:00,2011-11-30 15:13:00,36,149.41000000000003,4.1574193548387095
90013C,GREEN VINTAGE EARRINGS,2010-12-06 09:58:00,2011-12-09 10:03:00,39,158.08,4.115357142857143
90013D,PURPLE VINTAGE EARRINGS,2010-12-23 13:26:00,2011-06-29 15:58:00,6,25.17,4.180000000000001
90014A,SILVER/MOP ORBIT NECKLACE,2010-12-17 17:23:00,2011-12-09 10:03:00,27,217.59,9.185238095238095
90014B,GOLD M PEARL  ORBIT NECKLACE,2010-12-06 09:58:00,2011-10-26 12:46:00,17,158.73999999999998,9.256
90014C,SILVER/BLACK ORBIT NECKLACE,2011-03-31 19:12:00,2011-11-27 15:38:00,5,43.199999999999996,8.3125
90016A,SILVER/M.O.P PENDANT ORBIT NECKLACE,2011-01-27 15:36:00,2011-10-26 12:28:00,17,105.71000000000001,7.815714285714286
90016B,GOLD/M.O.P PENDANT ORBIT NECKLACE,2011-01-27 15:36:00,2011-12-09 10:03:00,22,184.66,8.39578947368421
90016C,SILVER/BLACK PENDANT ORBIT NECKLACE,2011-03-03 09:10:00,2011-12-08 09:28:00,3,24.96,8.32
90018A,SILVER M.O.P ORBIT DROP EARRINGS,2010-12-01 14:32:00,2011-12-08 16:30:00,46,193.33,4.194054054054054
90018B,GOLD M.O.P ORBIT DROP EARRINGS,2010-12-01 17:06:00,2011-12-09 10:03:00,22,92.28,4.19
90018C,SILVER BLACK ORBIT DROP EARRINGS,2011-05-24 15:54:00,2011-11-25 14:25:00,12,50.400000000000006,4.183333333333334
90019A,SILVER M.O.P ORBIT BRACELET,2010-12-07 18:36:00,2011-12-05 17:24:00,38,197.09,5.245555555555556
90019B,GOLD M.O.P ORBIT BRACELET,2010-12-01 17:06:00,2011-12-09 10:03:00,18,96.52000000000001,5.362222222222223
90019C,SILVER BLACK ORBIT BRACELET,2010-12-07 15:28:00,2011-12-08 09:28:00,13,68.73,5.307272727272728
90020,FILIGREE DIAMANTE CHAIN,2011-08-30 10:47:00,2011-08-30 10:47:00,1,12.48,12.48
90021,LASER CUT MULTI STRAND NECKLACE,2011-04-27 12:35:00,2011-04-27 12:35:00,1,11.95,11.95
90022,EDWARDIAN DROP EARRINGS JET BLACK,2010-12-01 14:32:00,2011-12-08 16:30:00,24,90.2,3.7600000000000002
90023,FILIGREE DIAMANTE EARRINGS,2010-12-07 18:36:00,2011-11-27 15:18:00,13,55.02,4.224444444444445
90024B,NEW BAROQUE B'FLY NECKLACE RED,2011-02-14 09:41:00,2011-12-05 17:24:00,8,67.28,8.38
90024C,NEW BAROQUE B'FLY NECKLACE GREEN,2010-12-01 17:06:00,2011-07-25 17:00:00,4,33.81,8.436666666666667
90024D,NEW BAROQUE B'FLY NECKLACE PINK,2011-04-10 11:45:00,2011-09-29 15:13:00,2,16.82,8.41
90024E,NEW BAROQUE B'FLY NECKLACE MONTANA,2010-12-23 13:26:00,2011-03-29 15:20:00,2,16.810000000000002,8.405000000000001
90024F,NEW BAROQUE B'FLY NECKLACE CRYSTAL,2010-12-23 13:26:00,2011-11-30 15:13:00,5,42.13,8.4075
90025A,BAROQUE BUTTERFLY EARRINGS BLACK,2011-04-10 15:19:00,2011-10-09 15:24:00,2,7.5,3.75
90025B,BAROQUE BUTTERFLY EARRINGS RED,2011-04-21 16:17:00,2011-04-21 16:17:00,1,3.73,3.73
90025D,BAROQUE BUTTERFLY EARRINGS PINK,2011-03-03 09:10:00,2011-09-29 15:13:00,3,11.19,3.73
90025E,BAROQUE BUTTERFLY EARRINGS MONTANA,2011-06-06 16:06:00,2011-06-06 16:06:00,1,3.73,3.73
90025F,BAROQUE BUTTERFLY EARRINGS CRYSTAL,2011-07-04 10:23:00,2011-10-20 15:57:00,4,14.96,3.74
90026A,GLASS BEAD HOOP NECKLACE BLACK,2011-06-13 14:16:00,2011-06-13 14:16:00,2,17.0,8.5
90026B,GLASS BEAD HOOP NECKLACE MONTANA,2011-02-20 14:31:00,2011-03-31 19:12:00,3,25.32,8.44
90026C,GLASS BEAD HOOP NECKLACE GREEN,2011-02-20 14:31:00,2011-11-09 11:10:00,4,33.82,8.44
90026D,GLASS BEAD HOOP NECKLACE AMETHYST,2011-02-20 14:31:00,2011-11-18 13:25:00,3,25.5,8.5
90027A,GLASS BEAD HOOP EARRINGS BLACK,2010-12-07 18:36:00,2011-08-30 12:40:00,6,17.66,2.936666666666667
90027B,GLASS BEAD HOOP EARRINGS MONTANA,2010-12-17 14:54:00,2011-11-25 16:14:00,3,8.76,2.92
90027C,GLASS BEAD HOOP EARRINGS GREEN,2011-01-20 18:01:00,2011-11-25 16:14:00,5,14.5,2.9
90027D,GLASS BEAD HOOP EARRINGS AMETHYST,2010-12-20 10:48:00,2011-12-09 10:03:00,9,28.4,3.2583333333333333
90028,NEW BAROQUE LARGE NECKLACE BLK/WHIT,2010-12-03 11:36:00,2011-11-02 15:33:00,16,134.16,8.381428571428572
90029,NEW BAROQUE SMALL NECKLACE BLACK,2011-02-11 16:20:00,2011-08-30 10:47:00,5,42.14,8.41
90030A,SPOTTED WHITE NATURAL SEED NECKLACE,2011-07-18 10:29:00,2011-11-28 13:51:00,72,72.0,1.0
90030B,RED KUKUI COCONUT SEED NECKLACE,2010-12-09 14:09:00,2011-12-09 10:03:00,122,190.73000000000002,3.1552000000000002
90030C,BROWN KUKUI COCONUT SEED NECKLACE,2010-12-09 14:09:00,2011-11-25 10:20:00,77,91.7,2.3363636363636364
90031,BILI NUT AND WOOD NECKLACE,2010-12-10 14:59:00,2011-11-25 10:20:00,50,59.89,2.412857142857143
90032,IVORY SHELL HEART NECKLACE,2010-12-13 14:16:00,2011-10-26 12:28:00,21,103.13,5.855
90033,IVORY SHELL HEART EARRINGS,2010-12-09 15:53:00,2011-11-29 16:47:00,10,25.07,2.502222222222222
90034,WHITE SILVER NECKLACE SHELL GLASS,2010-12-08 14:25:00,2011-04-18 15:26:00,2,20.17,10.085
90035A,"PEARL & SHELL 42""NECKL. GREEN",2010-12-15 13:24:00,2011-04-13 16:58:00,5,53.62,10.706666666666665
90035C,"PEARL & SHELL 42""NECKL. IVORY",2011-05-13 16:12:00,2011-05-13 16:12:00,2,21.5,10.75
90036A,FLOWER GARLAND NECKLACE RED,2011-05-08 16:13:00,2011-08-05 16:19:00,6,47.7,7.95
90036B,"FLOWER GLASS GARLAND NECKL.36""GREEN",2011-06-13 14:16:00,2011-08-01 17:37:00,4,31.8,7.95
90036C,"FLOWER GLASS GARLAND NECKL.36""BLUE",2011-04-18 15:16:00,2011-12-02 16:39:00,9,71.4,7.92
90036D,"FLOWER GLASS GARLAND NECKL.36""BLACK",2010-12-09 13:34:00,2011-06-13 14:16:00,12,95.35000000000001,7.94
90036E,"FLOWER GLASS GARLD NECKL36""AMETHYST",2010-12-12 16:14:00,2011-10-20 15:57:00,14,110.95,7.922727272727273
90036F,"FLOWER GLASS GARLD NECKL36""TURQUOIS",2010-12-01 17:06:00,2011-03-23 12:15:00,8,64.08,8.046000000000001
90037A,TINY CRYSTAL BRACELET RED,2011-01-25 10:45:00,2011-01-25 10:45:00,1,2.48,2.48
90037B,TINY CRYSTAL BRACELET GREEN,2011-01-05 11:30:00,2011-12-06 16:26:00,10,25.279999999999998,2.506
90037C,TINY CRYSTAL BRACELET BLUE,2011-01-10 16:25:00,2011-12-06 16:26:00,5,12.52,2.504
90038A,GLASS AND PAINTED BEADS BRACELET TO,2011-01-12 09:26:00,2011-11-24 09:26:00,15,56.15,3.7399999999999998
90038B,GLASS AND PAINTED BEADS BRACELET OL,2011-01-10 09:43:00,2011-12-08 16:30:00,13,48.77,3.7525
90038C,GLASS AND BEADS BRACELET IVORY,2011-03-07 12:26:00,2011-09-02 16:39:00,9,33.69,3.735
90039A,FIRE POLISHED GLASS BRACELET RED,2011-01-13 09:30:00,2011-12-05 17:24:00,8,29.96,3.736666666666667
90039B,FIRE POLISHED GLASS BRACELET MONTAN,2010-12-09 14:09:00,2011-07-27 15:16:00,11,41.31,3.76
90039C,FIRE POLISHED GLASS BRACELET BLACK,2010-12-06 10:08:00,2011-12-08 09:28:00,6,22.48,3.7466666666666666
90039D,FIRE POLISHED GLASS BRACELET GREEN,2010-12-09 14:09:00,2011-12-06 16:26:00,21,78.69,3.743333333333333
90040A,MURANO STYLE GLASS BRACELET RED,2010-12-10 14:59:00,2011-03-07 12:26:00,14,54.290000000000006,3.908
90040B,MURANO STYLE GLASS BRACELET BLACK,2010-12-01 17:06:00,2011-05-06 15:40:00,18,66.7,3.7318181818181815
90040C,MURANO STYLE GLASS BRACELET GOLD,2010-12-08 14:25:00,2011-12-04 12:32:00,15,54.42,3.6689999999999996
90041,PEARL AND CHERRY QUARTZ BRACLET,2011-01-05 11:30:00,2011-12-02 16:39:00,5,18.27,3.6925
90042A,FRESHWATER PEARL BRACELET GOLD,2010-12-15 13:24:00,2011-04-13 16:58:00,3,7.6499999999999995,2.55
90042C,FRESHWATER PEARL BRACELET IVORY,2010-12-17 17:08:00,2011-01-11 13:16:00,5,12.7,2.54
90043,COPPER AND BRASS BAG CHARM,2011-07-07 16:59:00,2011-10-17 13:31:00,4,24.810000000000002,7.455
90046,WHITE WITH METAL BAG CHARM,2011-07-07 16:59:00,2011-07-07 16:59:00,3,14.850000000000001,4.95
90048,GREEN WITH METAL BAG CHARM,2011-07-07 16:59:00,2011-07-07 16:59:00,3,14.850000000000001,4.95
90049,IVORY GOLD METAL BAG CHARM,2011-07-07 16:59:00,2011-11-23 13:39:00,5,34.77,8.290000000000001
90050,CRACKED GLAZE NECKLACE IVORY,2010-12-03 16:21:00,2011-11-09 11:10:00,8,55.72,6.98
90051,CRACKED GLAZE NECKLACE RED,2010-12-01 17:06:00,2011-10-09 15:24:00,10,70.16,7.0442857142857145
90052,CRACKED GLAZE NECKLACE BROWN,2011-08-12 16:30:00,2011-11-15 16:57:00,2,14.14,7.07
90053,CRACKED GLAZE EARRINGS IVORY,2010-12-03 16:21:00,2011-10-07 15:09:00,4,9.99,2.4975
90054,CRACKED GLAZE EARRINGS RED,2010-12-01 17:06:00,2011-12-08 09:20:00,9,22.58,2.5088888888888885
90055,CRACKED GLAZE EARRINGS BROWN,2010-12-20 10:14:00,2011-12-09 10:03:00,5,12.53,2.506
90056,CHUNKY CRACKED GLAZE NECKLACE IVORY,2010-12-06 10:08:00,2011-12-06 16:26:00,4,43.510000000000005,10.877500000000001
90057,DIAMANTE RING ASSORTED IN BOX.,2010-12-13 15:44:00,2011-12-08 16:10:00,1008,1311.3600000000001,1.3472727272727274
90058A,CRYSTAL STUD EARRINGS CLEAR DISPLAY,2011-05-05 15:39:00,2011-11-14 12:07:00,324,123.12,0.38
90058B,CRYSTAL STUD EARRINGS ASSORTED COL,2010-12-14 13:33:00,2011-12-01 14:30:00,612,232.56,0.38
90059A,DIAMANTE HAIR GRIP PACK/2 CRYSTAL,2010-12-06 16:57:00,2011-12-09 10:03:00,45,74.53,1.6588888888888889
90059B,DIAMANTE HAIR GRIP PACK/2 BLACK DIA,2010-12-01 12:23:00,2011-12-05 17:24:00,16,26.52,1.6619999999999997
90059C,DIAMANTE HAIR GRIP PACK/2 MONTANA,2010-12-01 12:23:00,2011-12-08 16:30:00,15,24.79,1.654
90059D,DIAMANTE HAIR GRIP PACK/2 PERIDOT,2010-12-08 14:25:00,2011-12-09 10:03:00,25,41.449999999999996,1.6605263157894736
90059E,DIAMANTE HAIR GRIP PACK/2 RUBY,2010-12-01 12:23:00,2011-12-09 10:03:00,25,41.37,1.6553333333333333
90059F,DIAMANTE HAIR GRIP PACK/2 LT ROSE,2011-01-10 14:32:00,2011-12-09 10:03:00,21,34.69,1.6528571428571428
90060B,FIRE POLISHED GLASS NECKL GOLD,2010-12-15 13:24:00,2010-12-15 13:24:00,1,5.95,5.95
90060D,FIRE POLISHED GLASS NECKL BRONZE,2010-12-06 12:47:00,2010-12-15 13:24:00,3,17.85,5.95
90060F,FIRE POLISHED GLASS NECKL GREEN,2010-12-03 11:36:00,2011-11-25 16:14:00,6,35.160000000000004,5.86
90062,CARNIVAL BRACELET,2010-12-05 15:12:00,2011-04-28 16:21:00,44,558.03,12.656538461538462
90063A,WHITE VINT ART DECO CRYSTAL NECKLAC,2011-02-11 16:20:00,2011-11-03 11:29:00,12,102.0,8.5
90063B,BLACK VINT ART DEC CRYSTAL NECKLACE,2011-02-11 16:20:00,2011-11-03 11:29:00,9,76.32,8.47
90064A,WHITE VINTAGE CRYSTAL EARRINGS,2011-02-11 16:20:00,2011-11-17 15:17:00,10,38.7,3.9500000000000006
90064B,BLACK VINTAGE  CRYSTAL EARRINGS,2011-02-11 16:19:00,2011-10-12 11:41:00,12,45.0,3.75
90065A,WHITE VINTAGE CRYSTAL BRACELET,2011-02-20 14:31:00,2011-06-26 13:45:00,7,47.25,6.75
90065B,BLACK VINT ART DEC CRYSTAL BRACELET,2011-10-12 11:41:00,2011-11-09 15:07:00,2,13.5,6.75
90067A,PINK VINTAGE VICTORIAN EARRINGS,2010-12-12 11:06:00,2011-11-15 10:56:00,14,41.150000000000006,2.9285714285714284
90067B,BROWN VINTAGE VICTORIAN EARRINGS,2011-07-12 16:11:00,2011-07-27 15:12:00,2,5.8,2.9
90068,"RUBY GLASS NECKLACE 42""",2011-03-18 11:32:00,2011-03-18 11:32:00,1,7.5,7.5
90069,RUBY GLASS CLUSTER NECKLACE,2011-11-03 11:29:00,2011-11-03 11:29:00,2,15.0,7.5
90070,RUBY GLASS CLUSTER BRACELET,2010-12-10 09:51:00,2011-11-24 09:26:00,20,122.64000000000001,6.180000000000001
90071,RUBY GLASS CLUSTER EARRINGS,2010-12-01 14:32:00,2011-12-05 17:24:00,44,54.62,1.2387878787878788
90072,RUBY DROP CHANDELIER EARRINGS,2010-12-17 16:59:00,2011-12-09 10:03:00,21,83.42,4.083571428571429
90073,VINTAGE ENAMEL & CRYSTAL EARRINGS,2010-12-06 16:57:00,2011-12-07 16:56:00,27,134.70000000000002,5.008333333333334
90074,BLACK DIAMOND CLUSTER NECKLACE,2010-12-06 16:57:00,2011-11-28 15:31:00,4,37.239999999999995,9.43
90075,MONTANA DIAMOND CLUSTER NECKLACE,2011-03-18 11:32:00,2011-11-24 09:21:00,4,37.66,9.363333333333333
90076,MONTANA DIAMOND CLUSTER EARRINGS,2010-12-13 11:21:00,2011-11-24 09:21:00,9,24.119999999999997,2.8425
90077,BLACK DIAMOND CLUSTER EARRINGS,2010-12-01 17:06:00,2011-09-07 16:15:00,3,8.82,2.94
90078,PINK/WHITE GLASS DEMI CHOKER,2010-12-13 14:16:00,2010-12-13 14:16:00,2,15.0,7.5
90079,VINTAGE ENAMEL & CRYSTAL NECKLACE,2011-01-12 09:26:00,2011-10-09 15:24:00,10,49.760000000000005,4.9925
90081A,LILY BROOCH AMETHYST COLOUR,2010-12-02 13:49:00,2011-12-07 16:56:00,15,74.25,4.95
90081B,LILY BROOCH WHITE/SILVER COLOUR,2011-05-18 16:05:00,2011-05-18 16:05:00,1,4.95,4.95
90081C,LILY BROOCH OLIVE COLOUR,2010-12-06 10:08:00,2011-12-07 16:56:00,20,99.60000000000001,4.99
90082A,DIAMANTE BOW BROOCH GREEN COLOUR,2010-12-02 13:49:00,2011-12-08 09:20:00,30,193.2,6.483333333333333
90082B,DIAMANTE BOW BROOCH RED COLOUR,2010-12-02 13:49:00,2011-12-07 16:56:00,25,158.75,6.35
90082D,DIAMANTE BOW BROOCH BLACK COLOUR,2010-12-02 13:49:00,2011-11-27 15:18:00,9,58.03,6.438
90083,CRYSTAL CZECH CROSS PHONE CHARM,2011-05-09 16:30:00,2011-12-08 09:28:00,25,23.47,1.4699999999999998
90084,PINK CRYSTAL GUITAR PHONE CHARM,2011-03-06 11:39:00,2011-03-06 11:39:00,1,0.85,0.85
90085,CRYSTAL STILETTO PHONE CHARM,2010-12-06 09:58:00,2011-12-02 16:14:00,34,36.76,1.48
90086,CRYSTAL FROG PHONE CHARM,2010-12-05 12:53:00,2011-12-09 10:03:00,102,77.78999999999999,1.5003571428571427
90087,CRYSTAL SEA HORSE PHONE CHARM,2010-12-07 15:28:00,2011-12-08 16:58:00,107,61.459999999999994,1.4872
90089,PINK CRYSTAL SKULL PHONE CHARM,2010-12-08 14:25:00,2011-12-08 15:31:00,20,13.94,1.3166666666666667
90092,BLUE CRYSTAL BOOT PHONE CHARM,2011-01-12 09:26:00,2011-01-12 09:26:00,1,1.66,1.66
90093,CLEAR CRYSTAL STAR PHONE CHARM,2010-12-09 14:09:00,2011-12-06 17:18:00,52,28.569999999999997,1.1889999999999998
90094,NECKLACE+BRACELET SET FRUIT SALAD,2010-12-03 11:19:00,2011-12-05 17:36:00,14,35.699999999999996,2.55
90096,NECKLACE+BRACELET SET BLUE BLOSSOM,2010-12-03 12:01:00,2011-11-13 16:18:00,45,112.21,2.4815384615384612
90098,NECKLACE+BRACELET PINK BUTTERFLY,2011-02-03 13:58:00,2011-11-25 11:20:00,29,73.95,2.55
90099,NECKLACE+BRACELET SET BLUE HIBISCUS,2010-12-01 14:32:00,2011-12-06 12:02:00,27,76.38,2.8637499999999996
90100,NECKLACE+BRACELET SET PINK DAISY,2011-02-24 11:54:00,2011-02-24 11:54:00,1,2.55,2.55
90101,WHITE FRANGIPANI NECKLACE,2010-12-06 10:08:00,2011-12-08 09:28:00,39,98.07,2.510588235294118
90102,WHITE FRANGIPANI HAIR CLIP,2011-06-07 12:47:00,2011-06-07 12:47:00,10,8.5,0.85
90103,PURPLE FRANGIPANI NECKLACE,2010-12-23 13:26:00,2011-12-05 17:28:00,29,72.66,2.5
90104,PURPLE FRANGIPANI HAIRCLIP,2010-12-06 16:57:00,2011-04-18 13:49:00,28,23.16,0.8291666666666666
90108,BLUE BLOSSOM HAIR CLIP,2010-12-19 14:41:00,2011-12-01 16:22:00,70,81.96000000000001,1.755
90112,PINK DOLLY HAIR CLIPS,2010-12-23 16:31:00,2010-12-23 16:31:00,2,2.1,1.05
90114,SUMMER DAISIES BAG CHARM,2010-12-03 11:36:00,2011-12-08 16:30:00,167,417.96,2.4803409090909088
90115,SUMMER BUTTERFLIES BAG CHARM,2010-12-03 11:36:00,2011-06-02 11:13:00,54,134.53,2.485483870967742
90116,FRUIT SALAD BAG CHARM,2010-12-01 14:32:00,2011-12-08 16:30:00,64,145.52,2.4153333333333333
90118,PINK DAISY BAG CHARM,2011-01-06 14:27:00,2011-12-05 17:28:00,30,74.64,2.472631578947368
90119,METALIC LEAVES BAG CHARMS,2011-01-07 13:55:00,2011-12-08 16:30:00,83,205.06,2.4691666666666667
90120A,PINK MURANO TWIST BRACELET,2010-12-08 14:25:00,2011-01-25 10:45:00,7,29.73,4.243333333333333
90120B,BLUE MURANO TWIST BRACELET,2010-12-03 11:36:00,2011-12-09 10:03:00,39,164.12,4.201333333333333
90120C,GREEN MURANO TWIST BRACELET,2010-12-01 14:32:00,2011-12-09 10:03:00,51,215.20000000000002,4.202272727272727
90120D,WHITE MURANO TWIST BRACELET,2010-12-13 10:58:00,2011-02-09 13:37:00,10,41.790000000000006,4.208
90122A,PINK CRYSTAL+GLASS BRACELET,2010-12-17 14:54:00,2011-11-15 17:00:00,21,104.53,4.9871428571428575
90122B,JADE CRYSTAL+GLASS BRACELET,2011-01-10 16:25:00,2011-09-02 09:34:00,6,29.93,4.988333333333333
90122C,TURQUOISE CRYSTAL+GLASS BRACELET,2011-01-09 12:01:00,2011-12-02 16:39:00,24,119.23,4.986363636363636
90123A,PINK HEART OF GLASS BRACELET,2011-01-27 15:36:00,2011-10-10 16:02:00,15,89.12,5.935555555555556
90123B,TURQUOISE HEART OF GLASS BRACELET,2011-01-09 12:01:00,2011-08-01 17:37:00,9,53.42,5.924
90123C,GREEN HEART OF GLASS BRACELET,2011-01-09 12:01:00,2011-08-01 17:37:00,14,83.29,5.948333333333333
90123D,WHITE HEART OF GLASS BRACELET,2011-01-27 15:36:00,2011-11-28 15:31:00,6,35.31,5.872
90124A,PINK MURANO TWIST NECKLACE,2011-02-28 16:50:00,2011-10-30 12:18:00,8,79.66,9.959999999999999
90124B,BLUE MURANO TWIST NECKLACE,2010-12-01 17:06:00,2011-11-11 17:58:00,12,119.89,9.994545454545454
90124C,GREEN MURANO TWIST NECKLACE,2011-03-22 15:48:00,2011-11-03 15:56:00,11,109.53999999999999,9.96125
90125A,PINK BERTIE GLASS BEAD BAG CHARM,2010-12-14 12:59:00,2011-07-13 16:07:00,115,106.24,1.5399999999999998
90125B,AQUA BERTIE GLASS BEAD BAG CHARM,2010-12-10 14:59:00,2011-12-02 16:14:00,30,48.06,2.0741666666666667
90125C,TURQUOISE BERTIE GLASS BEAD CHARM,2011-01-05 11:30:00,2011-05-26 14:09:00,77,69.85,1.4785714285714284
90125D,PURPLE BERTIE GLASS BEAD BAG CHARM,2010-12-10 14:59:00,2011-07-13 16:07:00,95,110.03,2.0989473684210522
90125E,AMBER BERTIE GLASS BEAD BAG CHARM,2011-01-04 13:25:00,2011-05-26 14:09:00,11,21.05,1.9419999999999997
90126A,PINK BERTIE MOBILE PHONE CHARM,2010-12-13 09:35:00,2010-12-13 09:35:00,1,3.36,3.36
90126C,AMBER BERTIE MOBILE PHONE CHARM,2011-07-15 16:27:00,2011-07-15 16:27:00,2,6.58,3.29
90127A,PINK BEADS+HAND PHONE CHARM,2011-07-15 16:27:00,2011-07-15 16:27:00,2,4.92,2.46
90128A,PINK LEAVES AND BEADS PHONE CHARM,2010-12-09 14:09:00,2011-07-26 16:22:00,3,7.43,2.485
90128B,BLUE LEAVES AND BEADS PHONE CHARM,2010-12-03 14:54:00,2010-12-09 14:09:00,2,3.76,1.88
90128C,GREEN LEAVES AND BEADS PHONE CHARM,2010-12-09 14:09:00,2011-09-28 16:24:00,2,4.97,2.485
90128D,PURPLE LEAVES AND BEADS PHONE CHAR,2010-12-09 14:09:00,2011-02-15 09:44:00,2,4.97,2.485
90129A,PINK GLASS TASSLE BAG CHARM,2010-12-01 14:32:00,2011-10-03 16:04:00,45,82.97999999999999,1.8370000000000002
90129B,TURQUOISE GLASS TASSLE BAG CHARM,2010-12-01 14:32:00,2011-12-07 13:38:00,57,121.38000000000001,2.035
90129C,GREEN GLASS TASSLE BAG CHARM,2010-12-06 16:57:00,2011-12-07 13:38:00,35,79.76,2.130625
90129D,AMBER GLASS TASSLE BAG CHARM,2010-12-06 16:57:00,2011-10-19 15:08:00,14,33.440000000000005,2.0157142857142856
90129E,PURPLE GLASS TASSLE BAG CHARM,2010-12-06 16:57:00,2011-11-24 09:26:00,42,77.03999999999999,1.7328571428571427
90129F,RED GLASS TASSLE BAG CHARM,2010-12-01 11:45:00,2011-12-07 13:38:00,40,88.03,2.1325
90130A,WHITE STONE/CRYSTAL EARRINGS,2011-07-20 16:17:00,2011-11-25 16:14:00,6,17.5,2.9166666666666665
90130B,TURQ STONE/CRYSTAL EARRINGS,2010-12-06 10:08:00,2011-12-09 10:03:00,39,113.97,2.9183870967741936
90130C,GREEN STONE/CRYSTAL EARRINGS,2010-12-06 10:08:00,2011-12-09 10:03:00,14,40.95,2.9223076923076925
90130D,RED STONE/CRYSTAL EARRINGS,2011-01-13 14:29:00,2011-11-28 15:31:00,3,8.7,2.9
90131,PINK/AMETHYST/GOLD NECKLACE,2011-03-23 12:15:00,2011-06-01 17:28:00,5,34.870000000000005,7.01
90132,LIGHT TOPAZ TEAL/AQUA COL NECKLACE,2010-12-06 09:58:00,2011-08-30 12:10:00,3,15.16,5.053333333333334
90133,TEAL/FUSCHIA COL BEAD NECKLACE,2010-12-15 13:24:00,2011-12-02 16:39:00,19,94.43,4.979230769230769
90134,OLD ROSE COMBO BEAD NECKLACE,2010-12-01 17:06:00,2011-12-09 10:03:00,54,157.5,2.912
90135,ORANGE/WHT/FUSCHIA STONES NECKLACE,2011-02-28 16:50:00,2011-04-26 12:47:00,8,39.660000000000004,4.965
90135A,ORANGE/FUSCHIA STONES NECKLACE,2011-04-19 11:37:00,2011-04-19 11:37:00,1,4.98,4.98
90136,PALE PINK/AMETHYST STONE NECKLACE,2010-12-15 13:24:00,2011-04-26 12:47:00,3,29.849999999999998,9.95
90137,PINK COMBO MINI CRYSTALS NECKLACE,2011-01-10 09:43:00,2011-07-20 16:12:00,3,16.310000000000002,5.436666666666667
90138,WHITE/PINK MINI CRYSTALS NECKLACE,2010-12-01 17:06:00,2011-12-09 10:03:00,10,52.42,5.367142857142857
90140,PINK SWEETIE NECKLACE,2010-12-06 09:58:00,2011-08-30 12:49:00,2,15.120000000000001,7.5600000000000005
90141A,GREEN PENDANT TRIPLE SHELL NECKLACE,2010-12-03 11:36:00,2011-11-30 15:13:00,12,63.11,5.321
90141B,IVORY PENDANT TRIPLE SHELL NECKLACE,2010-12-06 09:58:00,2011-12-09 10:03:00,9,44.86,5.0120000000000005
90141C,TURQ PENDANT TRIPLE SHELL NECKLACE,2010-12-17 17:08:00,2011-11-22 15:43:00,10,52.31,5.3012500000000005
90141D,ROSE PENDANT TRIPLE SHELL NECKLACE,2011-01-12 15:01:00,2011-07-18 10:29:00,4,20.36,5.23
90141E,ORANGE PENDANT TRIPLE SHELL NECKLAC,2011-07-18 10:29:00,2011-10-12 11:41:00,5,24.75,4.95
90142A,GREEN PENDANT SHELL NECKLACE,2010-12-17 17:08:00,2010-12-17 17:08:00,1,5.09,5.09
90142D,MOP PENDANT SHELL NECKLACE,2010-12-20 10:14:00,2011-10-23 15:29:00,10,49.64,4.985
90143,SILVER BRACELET W PASTEL FLOWER,2010-12-03 16:21:00,2011-12-01 16:22:00,32,244.68,7.686315789473684
90144,SILVER DROP EARRINGS WITH FLOWER,2010-12-17 14:49:00,2011-11-28 15:31:00,18,67.36,3.7399999999999998
90145,SILVER HOOP EARRINGS WITH FLOWER,2010-12-03 16:21:00,2011-12-09 10:03:00,28,168.0,6.027777777777778
90146,FINE SILVER NECKLACE W PASTEL FLOWE,2010-12-15 10:57:00,2011-12-08 09:20:00,17,95.35000000000001,7.192857142857143
90147,CHUNKY SILVER NECKLACE PASTEL FLOWE,2010-12-10 09:51:00,2011-11-27 15:18:00,32,324.01,10.19391304347826
90148,LONG SILVER NECKLACE PASTEL FLOWER,2011-01-27 15:36:00,2011-09-25 16:05:00,8,101.73,12.705
90149,SILVER FLOWR PINK SHELL NECKLACE,2011-05-22 14:44:00,2011-12-02 16:39:00,53,342.76000000000005,7.21
90151,SILVER/NATURAL SHELL NECKLACE,2010-12-03 14:54:00,2011-11-27 15:18:00,8,68.0,8.5
90152A,SILVER/NAT SHELL NECKLACE W PENDANT,2010-12-23 13:26:00,2011-11-30 15:13:00,5,28.76,5.752000000000001
90152B,BLUE/GREEN SHELL NECKLACE W PENDANT,2010-12-03 14:54:00,2010-12-13 09:35:00,2,11.46,5.73
90152C,BLUE/NAT SHELL NECKLACE W PENDANT,2011-02-14 15:23:00,2011-02-14 15:23:00,1,5.95,5.95
90154,LAZER CUT NECKLACE W PASTEL BEADS,2010-12-17 17:23:00,2011-11-18 13:25:00,57,421.75,8.61
90155,RESIN NECKLACE W PASTEL BEADS,2011-01-05 16:50:00,2011-12-09 10:03:00,9,67.62,7.517142857142857
90156,RESIN BRACELET W PASTEL BEADS,2011-01-09 12:01:00,2011-09-04 14:50:00,4,19.8,4.95
90157,RIVIERA NECKLACE,2011-02-28 16:50:00,2011-11-28 15:31:00,10,49.59,4.968000000000001
90158,ST TROPEZ NECKLACE,2010-12-06 09:58:00,2011-12-08 09:20:00,45,224.12,4.9874285714285715
90159,COTE D'AZURE NECKLACE,2011-04-19 11:37:00,2011-11-09 15:07:00,6,29.790000000000003,4.968000000000001
90160A,PURPLE BOUDICCA LARGE BRACELET,2010-12-12 16:14:00,2011-12-06 16:26:00,38,264.94,6.982
90160B,RED BOUDICCA LARGE BRACELET,2010-12-12 16:14:00,2011-11-09 15:07:00,30,209.73000000000002,7.0025
90160C,TURQ+RED BOUDICCA LARGE BRACELET,2010-12-06 16:57:00,2011-12-08 09:28:00,54,377.04,7.003076923076923
90160D,PINK BOUDICCA LARGE BRACELET,2010-12-12 16:14:00,2011-11-17 14:24:00,38,264.7,6.97
90161A,ANT COPPER RED BOUDICCA BRACELET,2010-12-01 14:32:00,2011-12-08 09:28:00,24,119.91000000000001,5.002857142857143
90161B,ANT COPPER TURQ BOUDICCA BRACELET,2010-12-01 17:06:00,2011-12-08 09:28:00,76,377.88,4.984594594594594
90161C,ANT COPPER LIME BOUDICCA BRACELET,2010-12-09 14:09:00,2011-12-08 09:28:00,83,412.74,4.986000000000001
90161D,ANT COPPER PINK BOUDICCA BRACELET,2010-12-06 16:57:00,2011-12-09 10:03:00,64,318.89000000000004,4.997941176470588
90162A,ANT SILVER TURQUOISE BOUDICCA RING,2011-11-07 11:57:00,2011-11-07 11:57:00,6,17.700000000000003,2.95
90162B,ANT SILVER LIME GREEN BOUDICCA RING,2010-12-05 11:03:00,2011-11-09 11:10:00,27,79.65,2.95
90162C,ANT SILVER FUSCHIA BOUDICCA RING,2010-12-13 14:16:00,2011-10-30 16:17:00,14,41.300000000000004,2.95
90162D,ANT SILVER PURPLE BOUDICCA RING,2010-12-05 11:03:00,2011-10-30 16:17:00,10,29.500000000000004,2.95
90163A,PINK ROSEBUD & PEARL NECKLACE,2011-01-05 11:30:00,2011-12-09 10:03:00,12,90.32,7.537777777777778
90163B,WHITE ROSEBUD & PEARL NECKLACE,2011-01-05 11:30:00,2011-12-05 17:24:00,7,52.72,7.516
90164A,PINK ROSEBUD PEARL BRACELET,2010-12-13 11:21:00,2011-12-02 16:14:00,27,130.67,6.333571428571429
90164B,WHITE  ROSEBUD PEARL BRACELET,2010-12-13 11:21:00,2011-12-05 17:24:00,38,140.98,5.290666666666667
90165A,PINK ROSEBUD PEARL EARRINGS,2010-12-17 17:08:00,2011-11-16 15:23:00,16,39.98,2.5
90165B,WHITE ROSEBUD  PEARL EARRINGS,2010-12-17 14:49:00,2011-12-09 10:03:00,19,47.43,2.493888888888889
90166,PINK & WHITE ROSEBUD RING,2010-12-01 17:06:00,2011-12-08 09:28:00,21,88.04,4.176
90167,BEADED LOVE HEART JEWELLERY SET,2010-12-05 11:10:00,2010-12-05 11:10:00,10,8.5,0.85
90168,2 DAISIES HAIR COMB,2010-12-07 15:28:00,2011-12-09 10:03:00,18,52.56,2.9091666666666662
90169,DAISY HAIR COMB,2010-12-07 15:28:00,2011-12-09 10:03:00,19,47.839999999999996,2.502727272727273
90170,DAISY HAIR BAND,2010-12-07 18:36:00,2011-12-09 10:03:00,85,140.32999999999998,1.652162162162162
90173,PAIR BUTTERFLY HAIR CLIPS,2010-12-01 17:06:00,2011-10-12 11:41:00,32,120.34,3.7676470588235293
90174,BUTTERFLY HAIR BAND,2010-12-09 14:09:00,2011-12-09 10:03:00,38,95.41999999999999,2.4961904761904763
90175A,WHITE GLASS CHUNKY CHARM BRACELET,2010-12-05 10:54:00,2011-12-09 10:03:00,27,245.63,9.1012
90175B,PINK GLASS CHUNKY CHARM BRACELET,2010-12-06 16:57:00,2011-11-09 16:14:00,10,91.68,9.17
90175C,BLUE GLASS CHUNKY CHARM BRACELET,2010-12-02 13:32:00,2011-11-17 17:08:00,9,80.55,8.95
90175D,TIGRIS EYE CHUNKY CHARM BRACELET,2010-12-07 16:20:00,2011-12-09 10:03:00,23,210.04,9.1395
90176A,CLASSIC DIAMANTE NECKLACE JET,2011-02-28 16:50:00,2011-11-03 11:29:00,3,22.48,7.49
90176B,DIAMANTE NECKLACE BLACK,2010-12-20 10:14:00,2011-11-16 15:23:00,4,30.12,7.54
90176C,DIAMANTE NECKLACE,2011-02-28 16:50:00,2011-08-22 14:13:00,3,23.32,7.91
90176D,DIAMANTE NECKLACE PURPLE,2011-06-26 13:45:00,2011-11-03 11:29:00,7,52.5,7.5
90176E,DIAMANTE NECKLACE GREEN,2011-08-22 14:13:00,2011-12-02 16:39:00,4,29.98,7.493333333333333
90177A,CLASSIC DIAMANTE EARRINGS JET,2011-02-28 16:50:00,2011-12-09 10:03:00,14,40.900000000000006,2.9055555555555554
90177B,DROP DIAMANTE EARRINGS BLACK DIAMON,2010-12-17 17:08:00,2011-12-08 16:30:00,14,41.010000000000005,2.922857142857143
90177C,DROP DIAMANTE EARRINGS CRYSTAL,2010-12-01 17:06:00,2011-12-09 10:03:00,26,76.23,2.9235714285714285
90177D,DROP DIAMANTE EARRINGS PURPLE,2010-12-06 16:57:00,2011-12-02 16:39:00,25,73.53,2.934285714285714
90177E,DROP DIAMANTE EARRINGS GREEN,2010-12-01 17:06:00,2011-11-21 15:18:00,14,41.080000000000005,2.9255555555555555
90178A,AMBER CHUNKY GLASS+BEAD NECKLACE,2010-12-02 13:32:00,2011-10-20 15:57:00,8,95.25,11.90625
90178B,PURPLE CHUNKY GLASS+BEAD NECKLACE,2010-12-17 17:23:00,2010-12-17 17:23:00,1,11.95,11.95
90179A,AMBER FINE BEAD NECKLACE W TASSEL,2010-12-15 13:24:00,2011-12-08 09:28:00,6,35.31,5.872
90179B,PURPLE FINE BEAD NECKLACE W TASSEL,2011-11-22 15:43:00,2011-12-05 17:24:00,3,17.59,5.863333333333333
90179C,BLACK FINE BEAD NECKLACE W TASSEL,2010-12-06 12:47:00,2011-12-01 08:51:00,6,35.44,5.906666666666666
90180A,BLACK+WHITE NECKLACE W TASSEL,2010-12-02 13:32:00,2011-11-29 16:33:00,17,127.24,9.182222222222222
90180B,PURPLE AMETHYST NECKLACE W TASSEL,2011-02-14 15:23:00,2011-12-06 16:26:00,5,49.81,9.962
90181A,AMBER GLASS/SHELL/PEARL NECKLACE,2011-01-10 14:32:00,2011-11-30 15:13:00,7,64.04,9.14857142857143
90181B,AMETHYST GLASS/SHELL/PEARL NECKLACE,2010-12-01 17:06:00,2011-12-09 10:03:00,15,137.63,9.177142857142858
90181C,BLACK GLASS/SHELL/PEARL NECKLACE,2011-04-18 13:52:00,2011-04-18 13:52:00,1,9.15,9.15
90182A,AMBER 3 BEAD DROP EARRINGS,2011-07-18 15:56:00,2011-12-06 16:26:00,8,23.2,2.9
90182B,AMETHYST 3 BEAD DROP EARRINGS,2011-03-22 09:23:00,2011-12-08 09:20:00,5,14.5,2.9
90182C,BLACK 3 BEAD DROP EARRINGS,2011-01-06 14:27:00,2011-12-09 10:03:00,14,40.96,2.9122222222222223
90183A,AMBER DROP EARRINGS W LONG BEADS,2010-12-06 09:58:00,2011-12-09 10:03:00,40,117.24000000000001,2.9213043478260867
90183B,AMETHYST DROP EARRINGS W LONG BEADS,2010-12-06 09:58:00,2011-12-05 17:24:00,21,61.08,2.9105882352941173
90183C,BLACK DROP EARRINGS W LONG BEADS,2011-01-28 14:25:00,2011-12-09 10:03:00,9,26.15,2.9055555555555554
90183c,BLACK DROP EARRINGS W LONG BEADS,2011-10-31 14:41:00,2011-10-31 14:41:00,1,2.9,2.9
90184A,AMBER CHUNKY BEAD BRACELET W STRAP,2010-12-08 13:14:00,2011-11-10 14:28:00,13,117.73,9.103333333333332
90184B,AMETHYST CHUNKY BEAD BRACELET W STR,2010-12-08 13:14:00,2011-12-05 17:28:00,33,297.94,9.054285714285713
90184C,BLACK CHUNKY BEAD BRACELET W STRAP,2010-12-06 16:57:00,2011-12-09 10:03:00,21,190.51999999999998,9.101176470588236
90184c,BLACK CHUNKY BEAD BRACELET W STRAP,2011-10-31 14:41:00,2011-10-31 14:41:00,1,9.15,9.15
90185A,AMBER DIAMANTE EXPANDABLE RING,2010-12-06 16:57:00,2011-11-16 15:16:00,31,131.03,4.202307692307692
90185B,AMETHYST DIAMANTE EXPANDABLE RING,2010-12-02 13:49:00,2011-12-09 10:03:00,23,97.02,4.19
90185C,BLACK DIAMANTE EXPANDABLE RING,2010-12-01 12:23:00,2011-10-31 14:41:00,26,110.09,4.2090000000000005
90185D,CRYSTAL DIAMANTE EXPANDABLE RING,2010-12-05 10:54:00,2011-06-02 17:26:00,35,148.63,4.239090909090909
90186A,AMETHYST HOOP EARRING FLORAL LEAF,2010-12-02 13:49:00,2011-11-29 16:33:00,11,32.16,2.9233333333333333
90186B,CRYSTAL HOOP EARRING FLORAL LEAF,2010-12-07 18:36:00,2011-11-29 11:05:00,22,64.58,2.9320000000000004
90187A,BLUE DROP EARRINGS W BEAD CLUSTER,2011-02-28 16:50:00,2011-02-28 16:50:00,1,3.32,3.32
90187B,GREEN DROP EARRINGS W BEAD CLUSTER,2010-12-07 15:28:00,2011-12-08 09:28:00,12,40.03,3.3325
90188,DROP EARRINGS W FLOWER & LEAF,2010-12-09 14:09:00,2011-12-09 10:03:00,9,22.58,2.5171428571428573
90189A,SILVER 2 STRAND NECKLACE-LEAF CHARM,2011-10-09 15:24:00,2011-11-18 13:25:00,2,15.0,7.5
90190A,SILVER/CRYSTAL DROP EARRINGS W LEAF,2011-01-12 09:26:00,2011-11-24 09:26:00,16,46.76,2.911
90190B,GOLD/AMBER DROP EARRINGS W LEAF,2010-12-13 09:35:00,2011-11-22 15:41:00,13,38.18,2.924285714285714
90190C,SILVER/AMETHYST DROP EARRINGS LEAF,2010-12-01 14:32:00,2011-11-29 11:05:00,20,58.43,2.92
90191,SILVER LARIAT 40CM,2011-01-17 17:44:00,2011-12-09 10:03:00,26,163.82,9.729000000000001
90192,JADE DROP EARRINGS W FILIGREE,2010-12-01 17:06:00,2011-12-09 10:03:00,42,209.10000000000002,4.9956
90194,SILVER LARIAT BLACK STONE EARRINGS,2010-12-01 14:32:00,2011-10-19 15:08:00,16,67.87,4.237
90195A,PURPLE GEMSTONE BRACELET,2010-12-02 13:49:00,2011-12-06 11:28:00,19,122.84,7.228999999999999
90195B,BLACK GEMSTONE BRACELET,2010-12-02 13:49:00,2011-11-09 15:07:00,4,29.98,7.495
90196A,PURPLE GEMSTONE NECKLACE 45CM,2010-12-02 13:49:00,2011-11-29 10:57:00,8,102.0,12.75
90196B,BLACK GEMSTONE NECKLACE 45CM,2010-12-03 14:54:00,2011-11-09 15:07:00,5,63.480000000000004,12.696000000000002
90197B,BLACK GLASS BRACELET W HEART CHARMS,2010-12-17 14:54:00,2011-12-06 16:26:00,35,174.73000000000002,4.994074074074074
90198A,VINTAGE ROSE BEAD BRACELET RASPBERR,2010-12-07 18:36:00,2011-12-09 10:03:00,75,315.73,4.195227272727273
90198B,VINTAGE ROSE BEAD BRACELET BLACK,2010-12-03 14:54:00,2011-12-04 12:32:00,36,152.4,4.214705882352941
90199A,5 STRAND GLASS NECKLACE BLACK,2010-12-02 13:49:00,2011-11-03 11:29:00,11,69.63,6.3133333333333335
90199B,5 STRAND GLASS NECKLACE AMETHYST,2010-12-03 11:36:00,2011-12-02 16:39:00,9,56.59,6.28
90199C,5 STRAND GLASS NECKLACE CRYSTAL,2010-12-01 11:45:00,2011-11-29 16:47:00,19,120.28999999999999,6.32
90199D,5 STRAND GLASS NECKLACE AMBER,2010-12-17 17:23:00,2011-11-29 16:33:00,6,37.620000000000005,6.2700000000000005
90200A,PURPLE SWEETHEART BRACELET,2010-12-01 12:23:00,2011-12-09 10:03:00,78,328.44,4.1948
90200B,BLACK SWEETHEART BRACELET,2010-12-01 12:23:00,2011-12-08 09:28:00,93,392.83,4.204893617021276
90200C,BLUE SWEETHEART BRACELET,2010-12-01 12:23:00,2011-03-22 09:23:00,50,211.43,4.22
90200D,PINK SWEETHEART BRACELET,2010-12-01 12:23:00,2011-12-08 09:28:00,175,725.32,4.1883333333333335
90200E,GREEN SWEETHEART BRACELET,2010-12-05 15:12:00,2011-12-08 09:28:00,103,423.41,4.187727272727273
90201A,PURPLE ENAMEL FLOWER RING,2010-12-17 14:41:00,2011-12-09 10:03:00,69,202.51000000000002,2.9217857142857144
90201B,BLACK ENAMEL FLOWER RING,2010-12-06 09:58:00,2011-12-09 10:03:00,86,252.9,2.9347826086956523
90201C,RED ENAMEL FLOWER RING,2010-12-10 09:51:00,2011-12-09 10:03:00,63,185.42000000000002,2.9342857142857146
90201D,GREEN ENAMEL FLOWER RING,2010-12-08 14:25:00,2011-12-09 10:03:00,77,225.84,2.9203225806451614
90202A,PURPLE ENAMEL FLOWER HAIR TIE,2010-12-17 14:41:00,2011-12-08 16:30:00,22,64.28,2.9153333333333333
90202B,WHITE ENAMEL FLOWER HAIR TIE,2011-01-20 18:08:00,2011-12-08 16:30:00,17,49.65,2.91
90202C,GREEN ENAMEL FLOWER HAIR TIE,2010-12-07 15:28:00,2011-12-09 10:03:00,20,58.71,2.932857142857143
90202D,PINK ENAMEL FLOWER HAIR TIE,2010-12-17 17:08:00,2011-12-09 10:03:00,22,64.46000000000001,2.9145454545454546
90204,PAIR OF ENAMEL BUTTERFLY HAIRCLIP,2010-12-02 13:49:00,2011-12-01 16:22:00,29,96.86,3.337222222222222
90205A,LARGE MINT DIAMANTE HAIRSLIDE,2010-12-03 11:36:00,2011-11-24 09:26:00,31,51.51,1.6624999999999999
90205C,LARGE CRYSTAL DIAMANTE HAIRSLIDE,2010-12-23 13:26:00,2011-11-28 15:31:00,29,48.209999999999994,1.6553333333333333
90206A,GOLD DIAMANTE STAR BROOCH,2010-12-17 14:41:00,2011-12-08 09:28:00,12,59.800000000000004,4.9944444444444445
90206C,CRYSTAL DIAMANTE STAR BROOCH,2010-12-01 17:06:00,2011-12-09 10:03:00,45,224.73000000000002,4.990967741935484
90208,PAIR OF PINK FLOWER CLUSTER SLIDE,2010-12-06 16:57:00,2011-12-09 10:03:00,53,132.7,2.4975675675675673
90209A,PURPLE ENAMEL+GLASS HAIR COMB,2011-08-05 16:19:00,2011-11-04 11:43:00,84,163.8,2.0125
90209B,GREEN ENAMEL+GLASS HAIR COMB,2010-12-01 14:32:00,2011-10-02 10:58:00,184,355.64,2.074
90209C,PINK ENAMEL+GLASS HAIR COMB,2010-12-01 17:06:00,2011-10-31 14:41:00,263,480.5,2.059354838709677
90210A,GREY ACRYLIC FACETED BANGLE,2010-12-13 15:42:00,2011-12-09 10:03:00,34,57.55,2.415
90210B,CLEAR ACRYLIC FACETED BANGLE,2010-12-01 11:45:00,2011-12-08 16:10:00,41,61.56,2.1514285714285717
90210C,RED   ACRYLIC FACETED BANGLE,2010-12-07 15:28:00,2011-12-08 16:10:00,99,130.51000000000002,2.206
90210D,PURPLE ACRYLIC FACETED BANGLE,2010-12-13 15:44:00,2011-11-10 13:44:00,107,132.05,1.6
90211A,DIAMOND LAS VEGAS NECKLACE 45CM,2010-12-01 17:06:00,2011-12-05 17:28:00,12,70.97,5.91375
90211B,JET BLACK LAS VEGAS NECKLACE 45CM,2010-12-07 18:36:00,2011-11-03 11:29:00,9,53.260000000000005,5.903333333333333
90212B,JET BLACK LAS VEGAS BRACELET ROUND,2010-12-06 09:58:00,2011-05-06 15:54:00,10,37.62,3.765
90212C,PURPLE LAS VEGAS BRACELET ROUND,2010-12-08 10:35:00,2011-09-06 16:02:00,7,26.25,3.75
90214A,"LETTER ""A"" BLING KEY RING",2010-12-01 17:06:00,2011-12-08 13:43:00,130,111.66,0.9039285714285714
90214B,"LETTER ""B"" BLING KEY RING",2010-12-03 11:36:00,2011-12-05 15:48:00,37,24.77,0.8281818181818181
90214C,"LETTER ""C"" BLING KEY RING",2010-12-03 11:36:00,2011-12-08 19:24:00,91,72.77,0.8336363636363636
90214D,"LETTER ""D"" BLING KEY RING",2010-12-01 14:32:00,2011-12-08 13:43:00,68,49.9,0.865625
90214E,"LETTER ""E"" BLING KEY RING",2010-12-01 17:06:00,2011-12-08 13:50:00,72,53.199999999999996,0.8506666666666667
90214F,"LETTER ""F"" BLING KEY RING",2010-12-03 11:36:00,2011-12-07 15:07:00,27,15.429999999999998,0.7606666666666667
90214G,"LETTER ""G"" BLING KEY RING",2010-12-01 14:32:00,2011-12-07 15:07:00,60,40.199999999999996,0.8353333333333333
90214H,"LETTER ""H"" BLING KEY RING",2010-12-01 14:32:00,2011-12-07 16:56:00,48,36.76,0.8546666666666667
90214I,"LETTER ""I"" BLING KEY RING",2010-12-03 11:36:00,2011-12-08 13:50:00,38,29.619999999999997,0.7838461538461539
90214J,"LETTER ""J"" BLING KEY RING",2010-12-01 14:32:00,2011-12-06 16:26:00,71,57.21,0.8602439024390243
90214K,"LETTER ""K"" BLING KEY RING",2010-12-07 18:36:00,2011-12-08 15:31:00,78,60.699999999999996,0.8915789473684211
90214L,"LETTER ""L"" BLING KEY RING",2010-12-03 11:36:00,2011-12-08 13:43:00,94,65.03999999999999,0.8386486486486486
90214M,"LETTER ""M"" BLING KEY RING",2010-12-01 16:57:00,2011-12-05 15:48:00,60,49.82,0.8742857142857143
90214N,"LETTER ""N"" BLING KEY RING",2010-12-03 11:36:00,2011-12-08 15:31:00,41,29.23,0.8416666666666667
90214O,"LETTER ""O"" BLING KEY RING",2010-12-09 14:09:00,2011-12-06 16:26:00,16,6.819999999999999,0.726
90214P,"LETTER ""P"" BLING KEY RING",2010-12-07 18:36:00,2011-12-08 13:50:00,39,20.229999999999997,0.8125
90214R,"LETTER ""R"" BLING KEY RING",2010-12-01 14:32:00,2011-12-08 14:39:00,41,28.009999999999998,0.8251999999999999
90214S,"LETTER ""S"" BLING KEY RING",2010-12-01 16:57:00,2011-12-08 13:43:00,94,71.0,0.8251219512195122
90214T,"LETTER ""T"" BLING KEY RING",2010-12-17 16:59:00,2011-12-05 15:48:00,24,13.459999999999999,0.7827272727272727
90214U,"LETTER ""U"" BLING KEY RING",2011-12-05 15:48:00,2011-12-05 15:48:00,12,3.4799999999999995,0.29
90214V,"LETTER ""V"" BLING KEY RING",2010-12-01 16:57:00,2011-12-05 15:48:00,26,15.979999999999999,0.8542857142857142
90214W,"LETTER ""W"" BLING KEY RING",2011-01-10 14:32:00,2011-12-05 15:48:00,16,6.819999999999999,0.726
90214Y,"LETTER ""Y"" BLING KEY RING",2010-12-03 11:36:00,2011-12-06 17:18:00,66,22.839999999999996,0.7525
90214Z,"LETTER ""Z"" BLING KEY RING",2010-12-07 18:36:00,2011-12-05 15:48:00,22,11.84,0.7819999999999999
B,ADJUST BAD DEBT,2011-08-12 14:50:00,2011-08-12 14:50:00,1,11062.06,11062.06
C2,CARRIAGE,2010-12-01 14:05:00,2011-12-05 10:18:00,142,7051.0,49.87943262411348
DCGS0003,BOXED GLASS ASHTRAY,2010-12-10 14:59:00,2011-05-05 15:42:00,4,9.94,2.485
DCGS0004,HAYNES CAMPER SHOULDER BAG,2011-04-27 17:23:00,2011-04-27 17:23:00,1,16.63,16.63
DCGS0069,OOH LA LA DOGS COLLAR,2011-01-28 14:25:00,2011-01-28 14:25:00,1,15.79,15.79
DCGS0070,CAMOUFLAGE DOG COLLAR,2010-12-21 13:06:00,2010-12-21 13:06:00,1,12.72,12.72
DCGS0076,SUNJAR LED NIGHT NIGHT LIGHT,2010-12-09 14:09:00,2010-12-20 15:03:00,3,48.39,16.13
DCGSSBOY,BOYS PARTY BAG,2011-02-07 14:04:00,2011-12-01 16:22:00,47,150.54999999999998,3.1045454545454545
DCGSSGIRL,GIRLS PARTY BAG,2011-02-07 14:04:00,2011-11-16 15:23:00,47,144.43,3.1330769230769233
PADS,PADS TO MATCH ALL CUSHIONS,2011-04-15 09:27:00,2011-09-25 14:58:00,3,0.003,0.001
S,SAMPLES,2011-04-11 13:24:00,2011-10-26 12:20:00,2,63.05,31.525
gift_0001_10,DOTCOMGIFTSHOP GIFT VOUCHER £10.00,2011-03-07 17:14:00,2011-12-08 09:20:00,9,74.97,8.33
gift_0001_20,DOTCOMGIFTSHOP GIFT VOUCHER £20.00,2011-01-05 14:44:00,2011-10-31 14:41:00,10,167.05,16.708888888888893
gift_0001_30,DOTCOMGIFTSHOP GIFT VOUCHER £30.00,2011-01-05 14:44:00,2011-09-02 09:26:00,7,175.53,25.075714285714287
gift_0001_40,DOTCOMGIFTSHOP GIFT VOUCHER £40.00,2010-12-20 10:14:00,2011-07-27 15:12:00,3,100.69999999999999,33.56666666666666
gift_0001_50,DOTCOMGIFTSHOP GIFT VOUCHER £50.00,2010-12-23 13:26:00,2011-06-30 15:56:00,4,167.56,41.89
m,MANUAL,2010-12-21 15:18:00,2010-12-21 15:18:00,1,2.55,2.55
